t,phase,clearance,horizontal_error_gt,tag_valid,tag_age,tag_weight,yolo_visible,yolo_confidence,coarse_vx,coarse_vy,tag_vx,tag_vy,cmd_vx,cmd_vy,cmd_vz,uav_x,uav_y,uav_z,vehicle_x,vehicle_y,mode,armed
0.0,TAKEOFF,-2.1029644184181815,60.35254592883439,0,8.164,0.0,0,0.0,0.0,0.0,0.0,0.0,0.0,0.0,3.0,0.0027541527524590492,-0.005052742548286915,-0.012086682952940464,10.000000083512225,1.5435317252992384e-11,AUTO.LOITER,0
0.028,TAKEOFF,-2.1063575685422937,60.352887627040964,0,8.192,0.0,0,0.0,0.0,0.0,0.0,0.0,0.0,0.0,3.0,0.0027541527524590492,-0.005052742548286915,-0.012086682952940464,10.000000083512225,1.5435317252992384e-11,AUTO.LOITER,0
0.064,TAKEOFF,-2.110959099590224,60.35348765816539,0,8.228,0.0,0,0.0,0.0,0.0,0.0,0.0,0.0,0.0,3.0,0.0026377702597528696,-0.005254322662949562,-0.01221349649131298,10.000000083512225,1.5435317252992384e-11,AUTO.LOITER,0
0.1,TAKEOFF,-2.1158128297901886,60.354085386947084,0,8.264,0.0,0,0.0,0.0,0.0,0.0,0.0,0.0,0.0,3.0,0.002542078960686922,-0.005466426257044077,-0.012350308708846569,10.000000083512225,1.5435317252992384e-11,AUTO.LOITER,0
0.132,TAKEOFF,-2.120323785287483,60.35461476544854,0,8.296,0.0,0,0.0,0.0,0.0,0.0,0.0,0.0,0.0,3.0,0.0024390590842813253,-0.005749715492129326,-0.012174995616078377,10.000000083512225,1.5435317252992384e-11,AUTO.LOITER,0
0.16,TAKEOFF,-2.124411293195346,60.3550764747237,0,8.324,0.0,0,0.0,0.0,0.0,0.0,0.0,0.0,0.0,3.0,0.0023510348983108997,-0.005980117712169886,-0.01207038201391697,10.000000083512225,1.5435317252992384e-11,AUTO.LOITER,0
0.2,TAKEOFF,-2.1304580958903743,60.35573363208079,0,8.364,0.0,0,0.0,0.0,0.0,0.0,0.0,0.0,0.0,3.0,0.0022700675763189793,-0.006226774305105209,-0.011996764689683914,10.000000083512225,1.5435317252992384e-11,AUTO.LOITER,0
0.228,TAKEOFF,-2.1348223315448682,60.35619194059622,0,8.392,0.0,0,0.0,0.0,0.0,0.0,0.0,0.0,0.0,3.0,0.002185056684538722,-0.006492690648883581,-0.01191266905516386,10.000000083512225,1.5435317252992384e-11,AUTO.LOITER,0
0.264,TAKEOFF,-2.1405739780362785,60.35677913200334,0,8.428,0.0,0,0.0,0.0,0.0,0.0,0.0,0.0,0.0,3.0,0.002080882666632533,-0.006839767098426819,-0.011799870990216732,10.000000083512225,1.5435317252992384e-11,AUTO.LOITER,0
0.304,TAKEOFF,-2.147124817487826,60.35736211909004,0,8.468,0.0,0,0.0,0.0,0.0,0.0,0.0,0.0,0.0,3.0,0.0022029676474630833,-0.007022388745099306,-0.011870124377310276,10.000000083512225,1.5435317252992384e-11,OFFBOARD,0
0.34,TAKEOFF,-2.153139657309215,60.35792595721254,0,8.504,0.0,0,0.0,0.0,0.0,0.0,0.0,0.0,0.0,3.0,0.002288932679221034,-0.0072259982116520405,-0.011833079159259796,10.000000083512225,1.5435317252992384e-11,OFFBOARD,0
0.372,TAKEOFF,-2.158561330358318,60.35846849591715,0,8.536,0.0,0,0.0,0.0,0.0,0.0,0.0,0.0,0.0,3.0,0.0023479177616536617,-0.007413009647279978,-0.011775581166148186,10.000000083512225,1.5435317252992384e-11,OFFBOARD,0
0.408,TAKEOFF,-2.164723745502319,60.35905216470629,0,8.572,0.0,0,0.0,0.0,0.0,0.0,0.0,0.0,0.0,3.0,0.0024012259673327208,-0.007630813866853714,-0.011688096448779106,10.000000083512225,1.5435317252992384e-11,OFFBOARD,0
0.444,TAKEOFF,-2.170929885296906,60.35963239451829,0,8.608,0.0,0,0.0,0.0,0.0,0.0,0.0,0.0,0.0,3.0,0.002449927618727088,-0.007871934212744236,-0.01164650171995163,10.000000083512225,1.5435317252992384e-11,OFFBOARD,0
0.48,TAKEOFF,-2.1771556848784623,60.360207125672204,0,8.644,0.0,0,0.0,0.0,0.0,0.0,0.0,0.0,0.0,3.0,0.0024971801321953535,-0.008136843331158161,-0.011693206615746021,10.000000083512225,1.5435317252992384e-11,OFFBOARD,0
0.52,TAKEOFF,-2.184066935806317,60.36084299687202,0,8.684,0.0,0,0.0,0.0,0.0,0.0,0.0,0.0,0.0,3.0,0.0025427592918276787,-0.008420546539127827,-0.01168870273977518,10.000000083512225,1.5435317252992384e-11,OFFBOARD,0
0.556,TAKEOFF,-2.1902549862201246,60.36139634109722,0,8.72,0.0,0,0.0,0.0,0.0,0.0,0.0,0.0,0.0,3.0,0.002603652188554406,-0.008814699947834015,-0.011624743230640888,10.000000083512225,1.5435317252992384e-11,OFFBOARD,0
0.592,TAKEOFF,-2.1963877623322525,60.36202159336041,0,8.756,0.0,0,0.0,0.0,0.0,0.0,0.0,0.0,0.0,3.0,0.0026657022535800934,-0.009160112589597702,-0.011690226383507252,10.000000083512225,1.5435317252992384e-11,OFFBOARD,0
0.64,TAKEOFF,-2.204437756090761,60.36270333965713,0,8.804,0.0,0,0.0,0.0,0.0,0.0,0.0,0.0,0.0,3.0,0.0028102723881602287,-0.009958423674106598,-0.011846830137073994,10.000000083512225,1.5435317252992384e-11,OFFBOARD,0
0.676,TAKEOFF,-2.2103496239750577,60.3632143699068,0,8.84,0.0,0,0.0,0.0,0.0,0.0,0.0,0.0,0.0,3.0,0.002928879577666521,-0.010003083385527134,-0.011805019341409206,10.000000083512225,1.5435317252992384e-11,OFFBOARD,0
0.712,TAKEOFF,-2.216128299718455,60.36377912103745,0,8.876,0.0,0,0.0,0.0,0.0,0.0,0.0,0.0,0.0,3.0,0.003040874609723687,-0.01008254662156105,-0.011736574582755566,10.000000083512225,1.5435317252992384e-11,OFFBOARD,0
0.744,TAKEOFF,-2.221134957549233,60.36422970466187,0,8.908,0.0,0,0.0,0.0,0.0,0.0,0.0,0.0,0.0,3.0,0.003196568228304386,-0.010232020169496536,-0.01158454641699791,10.000000083512225,1.5435317252992384e-11,OFFBOARD,0
0.784,TAKEOFF,-2.2271970502286242,60.36486883311289,0,8.948,0.0,0,0.0,0.0,0.0,0.0,0.0,0.0,0.0,3.0,0.0033280826173722744,-0.010399287566542625,-0.011367245577275753,10.000000083512225,1.5435317252992384e-11,OFFBOARD,0
0.816,TAKEOFF,-2.2318716312345344,60.36535960496086,0,8.98,0.0,0,0.0,0.0,0.0,0.0,0.0,0.0,0.0,3.0,0.0034587429836392403,-0.010599697008728981,-0.011162513867020607,10.000000083512225,1.5435317252992384e-11,OFFBOARD,0
0.84,TAKEOFF,-2.2352659890124595,60.36585561951986,0,9.004,0.0,0,0.0,0.0,0.0,0.0,0.0,0.0,0.0,3.0,0.0034587429836392403,-0.010599697008728981,-0.011162513867020607,10.000000083512225,1.5435317252992384e-11,OFFBOARD,0
0.884,TAKEOFF,-2.2412195606683722,60.36638943044713,0,9.048,0.0,0,0.0,0.0,0.0,0.0,0.0,0.0,0.0,3.0,0.003726709634065628,-0.011091402731835842,-0.010709906928241253,10.000000083512225,1.5435317252992384e-11,OFFBOARD,0
0.924,TAKEOFF,-2.2463049939846793,60.36712866377389,0,9.088,0.0,0,0.0,0.0,0.0,0.0,0.0,0.0,0.0,3.0,0.003862587967887521,-0.011392978020012379,-0.010464603081345558,10.000000083512225,1.5435317252992384e-11,OFFBOARD,0
0.96,TAKEOFF,-2.250594811285046,60.3676702718819,0,9.124,0.0,0,0.0,0.0,0.0,0.0,0.0,0.0,0.0,3.0,0.00403654295951128,-0.011846008710563183,-0.010034195147454739,10.000000083512225,1.5435317252992384e-11,OFFBOARD,0
1.0,TAKEOFF,-2.255021352595277,60.36826925027177,0,9.164,0.0,0,0.0,0.0,0.0,0.0,0.0,0.0,0.0,3.0,0.0041808998212218285,-0.012245326302945614,-0.009722882881760597,10.000000083512225,1.5435317252992384e-11,OFFBOARD,0
1.032,TAKEOFF,-2.2582911996432076,60.36874630112563,0,9.196,0.0,0,0.0,0.0,0.0,0.0,0.0,0.0,0.0,3.0,0.00432306993752718,-0.012662839144468307,-0.009525638073682785,10.000000083512225,1.5435317252992384e-11,OFFBOARD,0
1.072,TAKEOFF,-2.26202284192079,60.369499886914106,0,9.236,0.0,0,0.0,0.0,0.0,0.0,0.0,0.0,0.0,3.0,0.0043000346049666405,-0.012831916101276875,-0.009017483331263065,10.000000083512225,1.5435317252992384e-11,OFFBOARD,0
1.108,TAKEOFF,-2.2650297272265294,60.37011325838389,0,9.272,0.0,0,0.0,0.0,0.0,0.0,0.0,0.0,0.0,3.0,0.004056877922266722,-0.012400947511196136,-0.008645137771964073,10.000000083512225,1.5435317252992384e-11,OFFBOARD,0
1.144,TAKEOFF,-2.267691395896614,60.37068842686131,0,9.308,0.0,0,0.0,0.0,0.0,0.0,0.0,0.0,0.0,3.0,0.003767920657992363,-0.01197823416441679,-0.00827255379408598,10.000000083512225,1.5435317252992384e-11,OFFBOARD,0
1.18,TAKEOFF,-2.269997527095618,60.37114004480704,0,9.344,0.0,0,0.0,0.0,0.0,0.0,0.0,0.0,0.0,3.0,0.0035548871383070946,-0.011724073439836502,-0.0080341137945652,10.000000083512225,1.5435317252992384e-11,OFFBOARD,0
1.216,TAKEOFF,-2.2719391787232666,60.37163864731107,0,9.38,0.0,0,0.0,0.0,0.0,0.0,0.0,0.0,0.0,3.0,0.00336797209456563,-0.01152834203094244,-0.007825316861271858,10.000000083512225,1.5435317252992384e-11,OFFBOARD,0
1.248,TAKEOFF,-2.2733529898551352,60.37208106853051,0,9.412,0.0,0,0.0,0.0,0.0,0.0,0.0,0.0,0.0,3.0,0.0032030362635850906,-0.011388283222913742,-0.007713086437433958,10.000000083512225,1.5435317252992384e-11,OFFBOARD,0
1.292,TAKEOFF,-2.2748092111928493,60.37255178731246,0,9.456,0.0,0,0.0,0.0,0.0,0.0,0.0,0.0,0.0,3.0,0.003427062416449189,-0.010806991718709469,-0.0066117458045482635,10.000000083512225,1.5435317252992384e-11,OFFBOARD,1
1.312,TAKEOFF,-2.2752823417829444,60.37260666588852,0,9.475999999999999,0.0,0,0.0,0.0,0.0,0.0,0.0,0.0,0.0,3.0,0.0036578914150595665,-0.010309088043868542,-0.005533220712095499,10.000000083512225,1.5435317252992384e-11,OFFBOARD,1
1.332,TAKEOFF,-2.2756366272886352,60.37312604631683,0,9.496,0.0,0,0.0,0.0,0.0,0.0,0.0,0.0,0.0,3.0,0.0036578914150595665,-0.010309088043868542,-0.005533220712095499,10.000000083512225,1.5435317252992384e-11,OFFBOARD,1
1.3599999999999999,TAKEOFF,-2.2759321871787597,60.37352624289219,0,9.524000000000001,0.0,0,0.0,0.0,0.0,0.0,0.0,0.0,0.0,3.0,0.003958008252084255,-0.009795479476451874,-0.004344915971159935,10.000000083512225,1.5435317252992384e-11,OFFBOARD,1
1.392,TAKEOFF,-2.2759828875476207,60.37398180854541,0,9.556000000000001,0.0,0,0.0,0.0,0.0,0.0,0.0,0.0,0.0,3.0,0.004191610496491194,-0.009474614635109901,-0.0035333866253495216,10.000000083512225,1.5435317252992384e-11,OFFBOARD,1
1.428,TAKEOFF,-2.275673779682606,60.37449201964931,0,9.592,0.0,0,0.0,0.0,0.0,0.0,0.0,0.0,0.0,3.0,0.004431640263646841,-0.009238841012120247,-0.002848968608304858,10.000000083512225,1.5435317252992384e-11,OFFBOARD,1
1.46,TAKEOFF,-2.2750744858871474,60.37494349332696,0,9.624,0.0,0,0.0,0.0,0.0,0.0,0.0,0.0,0.0,3.0,0.00467770965769887,-0.009082856588065624,-0.0022573345340788364,10.000000083512225,1.5435317252992384e-11,OFFBOARD,1
1.492,TAKEOFF,-2.2741716331086446,60.37507332541635,0,9.656,0.0,0,0.0,0.0,0.0,0.0,0.0,0.0,0.0,3.0,0.004997056443244219,-0.008979538455605507,-0.00173326360527426,10.000000083512225,1.5435317252992384e-11,OFFBOARD,1
1.528,TAKEOFF,-2.2727965562311914,60.37589646607505,0,9.692,0.0,0,0.0,0.0,0.0,0.0,0.0,0.0,0.0,3.0,0.005192209500819445,-0.00896567665040493,-0.0014762966893613338,10.000000083512225,1.5435317252992384e-11,OFFBOARD,1
1.56,TAKEOFF,-2.2712589730509016,60.376341903136556,0,9.724,0.0,0,0.0,0.0,0.0,0.0,0.0,0.0,0.0,3.0,0.005531094036996365,-0.00900060124695301,-0.001195769407786429,10.000000083512225,1.5435317252992384e-11,OFFBOARD,1
1.592,TAKEOFF,-2.2694295214231883,60.37678540370891,0,9.756,0.0,0,0.0,0.0,0.0,0.0,0.0,0.0,0.0,3.0,0.005810628645122051,-0.009085689671337605,-0.0009775138460099697,10.000000083512225,1.5435317252992384e-11,OFFBOARD,1
1.6280000000000001,TAKEOFF,-2.2670295281687727,60.37728202442583,0,9.792,0.0,0,0.0,0.0,0.0,0.0,0.0,0.0,0.0,3.0,0.006098245736211538,-0.009225529618561268,-0.0006603100337088108,10.000000083512225,1.5435317252992384e-11,OFFBOARD,1
1.6600000000000001,TAKEOFF,-2.2645995591920665,60.37772140251976,0,9.824,0.0,0,0.0,0.0,0.0,0.0,0.0,0.0,0.0,3.0,0.0063645984046161175,-0.009398678317666054,-0.0004655968805309385,10.000000083512225,1.5435317252992384e-11,OFFBOARD,1
1.692,TAKEOFF,-2.2618981259863653,60.37815883711301,0,9.856,0.0,0,0.0,0.0,0.0,0.0,0.0,0.0,0.0,3.0,0.006396956741809845,-0.008997722528874874,0.0008853089530020952,10.000000083512225,1.5435317252992384e-11,OFFBOARD,1
1.728,TAKEOFF,-2.258544866440091,60.37864862508268,0,9.892,0.0,0,0.0,0.0,0.0,0.0,0.0,0.0,0.0,3.0,0.006431932561099529,-0.00868073757737875,0.001976811094209552,10.000000083512225,1.5435317252992384e-11,OFFBOARD,1
1.76,TAKEOFF,-2.255295057126487,60.379081922267915,0,9.924,0.0,0,0.0,0.0,0.0,0.0,0.0,0.0,0.0,3.0,0.0064936610870063305,-0.008375785313546658,0.0031740188132971525,10.000000083512225,1.5435317252992384e-11,OFFBOARD,1
1.792,TAKEOFF,-2.2518022919046774,60.379513268864805,0,9.956,0.0,0,0.0,0.0,0.0,0.0,0.0,0.0,0.0,3.0,0.006547003053128719,-0.008210623636841774,0.004105336032807827,10.000000083512225,1.5435317252992384e-11,OFFBOARD,1
1.8279999999999998,TAKEOFF,-2.247595875967935,60.37999619969555,0,9.992,0.0,0,0.0,0.0,0.0,0.0,0.0,0.0,0.0,3.0,0.0066095092333853245,-0.008123177103698254,0.0049467370845377445,10.000000083512225,1.5435317252992384e-11,OFFBOARD,1
1.8599999999999999,TAKEOFF,-2.2436232474430495,60.380423394203454,0,10.024,0.0,0,0.0,0.0,0.0,0.0,0.0,0.0,0.0,3.0,0.0066848392598330975,-0.008092868141829967,0.0057381028309464455,10.000000083512225,1.5435317252992384e-11,OFFBOARD,1
1.892,TAKEOFF,-2.239443424831027,60.38084863123649,0,10.056,0.0,0,0.0,0.0,0.0,0.0,0.0,0.0,0.0,3.0,0.006772578228265047,-0.008115759119391441,0.006365170236676931,10.000000083512225,1.5435317252992384e-11,OFFBOARD,1
1.928,TAKEOFF,-2.2345094324014667,60.38132468060075,0,10.092,0.0,0,0.0,0.0,0.0,0.0,0.0,0.0,0.0,3.0,0.006871423218399286,-0.008173171430826187,0.0068311928771436214,10.000000083512225,1.5435317252992384e-11,OFFBOARD,1
1.96,TAKEOFF,-2.2299325851564142,60.38174575102446,0,10.124,0.0,0,0.0,0.0,0.0,0.0,0.0,0.0,0.0,3.0,0.006988878827542067,-0.008302178233861923,0.0073426757007837296,10.000000083512225,1.5435317252992384e-11,OFFBOARD,1
1.992,TAKEOFF,-2.2251904915686467,60.38216485734742,0,10.156,0.0,0,0.0,0.0,0.0,0.0,0.0,0.0,0.0,3.0,0.007094208616763353,-0.008448544889688492,0.007701544556766748,10.000000083512225,1.5435317252992384e-11,OFFBOARD,1
2.028,TAKEOFF,-2.2196762241945156,60.38263400140091,0,10.192,0.0,0,0.0,0.0,0.0,0.0,0.0,0.0,0.0,3.0,0.007203350774943829,-0.008634370751678944,0.00814166758209467,10.000000083512225,1.5435317252992384e-11,OFFBOARD,1
2.06,TAKEOFF,-2.2146317974077414,60.383048926642715,0,10.224,0.0,0,0.0,0.0,0.0,0.0,0.0,0.0,0.0,3.0,0.007313585374504328,-0.008854285813868046,0.008597176522016525,10.000000083512225,1.5435317252992384e-11,OFFBOARD,1
2.092,TAKEOFF,-2.2094690050234354,60.38346188108073,0,10.256,0.0,0,0.0,0.0,0.0,0.0,0.0,0.0,0.0,3.0,0.007296411320567131,-0.008880766108632088,0.009040365926921368,10.000000083512225,1.5435317252992384e-11,OFFBOARD,1
2.128,TAKEOFF,-2.203539088188989,60.38392409641829,0,10.292,0.0,0,0.0,0.0,0.0,0.0,0.0,0.0,0.0,3.0,0.007268652785569429,-0.008877743035554886,0.009411045350134373,10.000000083512225,1.5435317252992384e-11,OFFBOARD,1
2.16,TAKEOFF,-2.198177680406518,60.384332855728694,0,10.324,0.0,0,0.0,0.0,0.0,0.0,0.0,0.0,0.0,3.0,0.0072476924397051334,-0.008948243223130703,0.009780915454030037,10.000000083512225,1.5435317252992384e-11,OFFBOARD,1
2.192,TAKEOFF,-2.1927483214485126,60.384739637598514,0,10.356,0.0,0,0.0,0.0,0.0,0.0,0.0,0.0,0.0,3.0,0.007245177403092384,-0.009058642201125622,0.010088028386235237,10.000000083512225,1.5435317252992384e-11,OFFBOARD,1
2.228,TAKEOFF,-2.1865797892386967,60.38519490098421,0,10.392,0.0,0,0.0,0.0,0.0,0.0,0.0,0.0,0.0,3.0,0.007254410535097122,-0.009210086427628994,0.010349616408348083,10.000000083512225,1.5435317252992384e-11,OFFBOARD,1
2.26,TAKEOFF,-2.1810614622666598,60.38559747393466,0,10.424,0.0,0,0.0,0.0,0.0,0.0,0.0,0.0,0.0,3.0,0.007258275523781776,-0.009402958676218987,0.010564865544438362,10.000000083512225,1.5435317252992384e-11,OFFBOARD,1
2.292,TAKEOFF,-2.1755276272241915,60.385998062870314,0,10.456,0.0,0,0.0,0.0,0.0,0.0,0.0,0.0,0.0,3.0,0.007268753368407488,-0.009643024764955044,0.01074190717190504,10.000000083512225,1.5435317252992384e-11,OFFBOARD,1
2.328,TAKEOFF,-2.1693046376673513,60.38644635152629,0,10.492,0.0,0,0.0,0.0,0.0,0.0,0.0,0.0,0.0,3.0,0.007304457016289234,-0.009919995442032814,0.010895593091845512,10.000000083512225,1.5435317252992384e-11,OFFBOARD,1
2.36,TAKEOFF,-2.163794137862112,60.386842717863395,0,10.524000000000001,0.0,0,0.0,0.0,0.0,0.0,0.0,0.0,0.0,3.0,0.007365253288298845,-0.010306631214916706,0.01111226249486208,10.000000083512225,1.5435317252992384e-11,OFFBOARD,1
2.392,TAKEOFF,-2.158321036182078,60.38723709387266,0,10.556000000000001,0.0,0,0.0,0.0,0.0,0.0,0.0,0.0,0.0,3.0,0.007438061758875847,-0.010657885111868382,0.011311299167573452,10.000000083512225,1.5435317252992384e-11,OFFBOARD,1
2.428,TAKEOFF,-2.1522293731108237,60.387678385354974,0,10.592,0.0,0,0.0,0.0,0.0,0.0,0.0,0.0,0.0,3.0,0.007521225139498711,-0.011044606566429138,0.011469567194581032,10.000000083512225,1.5435317252992384e-11,OFFBOARD,1
2.46,TAKEOFF,-2.146891213301315,60.38806852522338,0,10.624,0.0,0,0.0,0.0,0.0,0.0,0.0,0.0,0.0,3.0,0.007631873711943626,-0.011458300054073334,0.011599808000028133,10.000000083512225,1.5435317252992384e-11,OFFBOARD,1
2.492,TAKEOFF,-2.1416422413281238,60.38898229937015,0,10.656,0.0,0,0.0,0.0,0.0,0.0,0.0,0.0,0.0,3.0,0.007106271106749773,-0.011467902921140194,0.011139919981360435,10.000000083512225,1.5435317252992384e-11,OFFBOARD,1
2.528,TAKEOFF,-2.135863767723043,60.388890940650626,0,10.692,0.0,0,0.0,0.0,0.0,0.0,0.0,0.0,0.0,3.0,0.006827079225331545,-0.011511528864502907,0.010869363322854042,10.000000083512225,1.5435317252992384e-11,OFFBOARD,1
2.56,TAKEOFF,-2.1308573156197688,60.389274834544075,0,10.724,0.0,0,0.0,0.0,0.0,0.0,0.0,0.0,0.0,3.0,0.006414878182113171,-0.011619236320257187,0.010429437272250652,10.000000083512225,1.5435317252992384e-11,OFFBOARD,1
2.592,TAKEOFF,-2.1259891785390033,60.38965672568062,0,10.756,0.0,0,0.0,0.0,0.0,0.0,0.0,0.0,0.0,3.0,0.0061240410432219505,-0.011759903281927109,0.010076831094920635,10.000000083512225,1.5435317252992384e-11,OFFBOARD,1
2.628,TAKEOFF,-2.12069640743208,60.3900839567505,0,10.792,0.0,0,0.0,0.0,0.0,0.0,0.0,0.0,0.0,3.0,0.005871871951967478,-0.011942083016037941,0.00972919724881649,10.000000083512225,1.5435317252992384e-11,OFFBOARD,1
2.66,TAKEOFF,-2.116171127853837,60.390747001170055,0,10.824,0.0,0,0.0,0.0,0.0,0.0,0.0,0.0,0.0,3.0,0.005587371066212654,-0.012230427004396915,0.009513549506664276,10.000000083512225,1.5435317252992384e-11,OFFBOARD,1
2.692,TAKEOFF,-2.1118291607505677,60.390837205291476,0,10.856,0.0,0,0.0,0.0,0.0,0.0,0.0,0.0,0.0,3.0,0.005433524958789349,-0.012431570328772068,0.009462022222578526,10.000000083512225,1.5435317252992384e-11,OFFBOARD,1
2.7279999999999998,TAKEOFF,-2.107180104907318,60.391257373915124,0,10.892,0.0,0,0.0,0.0,0.0,0.0,0.0,0.0,0.0,3.0,0.005198533181101084,-0.012791869230568409,0.009345103055238724,10.000000083512225,1.5435317252992384e-11,OFFBOARD,1
2.76,TAKEOFF,-2.10327109750575,60.39162871850436,0,10.924,0.0,0,0.0,0.0,0.0,0.0,0.0,0.0,0.0,3.0,0.005025620572268963,-0.013112416490912437,0.00933846551924944,10.000000083512225,1.5435317252992384e-11,OFFBOARD,1
2.792,TAKEOFF,-2.0995849274116347,60.39199804816159,0,10.956,0.0,0,0.0,0.0,0.0,0.0,0.0,0.0,0.0,3.0,0.004867491777986288,-0.013455068692564964,0.009637042880058289,10.000000083512225,1.5435317252992384e-11,OFFBOARD,1
2.828,TAKEOFF,-2.095718381777761,60.39241113337531,0,10.992,0.0,0,0.0,0.0,0.0,0.0,0.0,0.0,0.0,3.0,0.004724365659058094,-0.01382418628782034,0.009862774051725864,10.000000083512225,1.5435317252992384e-11,OFFBOARD,1
2.86,TAKEOFF,-2.0925423473117095,60.392776175188025,0,11.024,0.0,0,0.0,0.0,0.0,0.0,0.0,0.0,0.0,3.0,0.004582246765494347,-0.014213656075298786,0.010020759887993336,10.000000083512225,1.5435317252992384e-11,OFFBOARD,1
2.892,TAKEOFF,-2.0896220229391247,60.393139196304105,0,11.056,0.0,0,0.0,0.0,0.0,0.0,0.0,0.0,0.0,3.0,0.004379204474389553,-0.013905370607972145,0.010409289039671421,10.000000083512225,1.5435317252992384e-11,OFFBOARD,1
2.928,TAKEOFF,-2.0866534206304563,60.39354517727903,0,11.092,0.0,0,0.0,0.0,0.0,0.0,0.0,0.0,0.0,3.0,0.004290931858122349,-0.013772429898381233,0.01062589231878519,10.000000083512225,1.5435317252992384e-11,OFFBOARD,1
2.96,TAKEOFF,-2.0843051783664253,60.393903898143385,0,11.124,0.0,0,0.0,0.0,0.0,0.0,0.0,0.0,0.0,3.0,0.004170944914221764,-0.01361940335482359,0.01096883974969387,10.000000083512225,1.5435317252992384e-11,OFFBOARD,1
2.992,TAKEOFF,-2.0822378840380695,60.3942605924392,0,11.156,0.0,0,0.0,0.0,0.0,0.0,0.0,0.0,0.0,3.0,0.004069042857736349,-0.01355095487087965,0.011182076297700405,10.000000083512225,1.5435317252992384e-11,OFFBOARD,1
3.028,TAKEOFF,-2.080255851343346,60.394659448944466,0,11.192,0.0,0,0.0,0.0,0.0,0.0,0.0,0.0,0.0,3.0,0.0039725759997963905,-0.0135261295363307,0.011328386142849922,10.000000083512225,1.5435317252992384e-11,OFFBOARD,1
3.06,TAKEOFF,-2.0788055061322948,60.39501183079796,0,11.224,0.0,0,0.0,0.0,0.0,0.0,0.0,0.0,0.0,3.0,0.0038901695515960455,-0.013537164777517319,0.011425342410802841,10.000000083512225,1.5435317252992384e-11,OFFBOARD,1
3.092,TAKEOFF,-2.077652959974749,60.39536218047781,0,11.256,0.0,0,0.0,0.0,0.0,0.0,0.0,0.0,0.0,3.0,0.0038190993946045637,-0.013582982122898102,0.011466101743280888,10.000000083512225,1.5435317252992384e-11,OFFBOARD,1
3.128,TAKEOFF,-2.076716669103286,60.39575389247284,0,11.292,0.0,0,0.0,0.0,0.0,0.0,0.0,0.0,0.0,3.0,0.0037533401045948267,-0.013660203665494919,0.011459806933999062,10.000000083512225,1.5435317252992384e-11,OFFBOARD,1
3.16,TAKEOFF,-2.0762075205385573,60.39609991774806,0,11.324,0.0,0,0.0,0.0,0.0,0.0,0.0,0.0,0.0,3.0,0.003664898918941617,-0.013784615322947502,0.011382874101400375,10.000000083512225,1.5435317252992384e-11,OFFBOARD,1
3.192,TAKEOFF,-2.0760041308184447,60.39644390522964,0,11.356,0.0,0,0.0,0.0,0.0,0.0,0.0,0.0,0.0,3.0,0.003621469484642148,-0.013926108367741108,0.011259132996201515,10.000000083512225,1.5435317252992384e-11,OFFBOARD,1
3.228,TAKEOFF,-2.076141534172549,60.396860311899935,0,11.392,0.0,0,0.0,0.0,0.0,0.0,0.0,0.0,0.0,3.0,0.003590125124901533,-0.014098400250077248,0.011085106059908867,10.000000083512225,1.5435317252992384e-11,OFFBOARD,1
3.26,TAKEOFF,-2.076588782406236,60.397168104523836,0,11.424,0.0,0,0.0,0.0,0.0,0.0,0.0,0.0,0.0,3.0,0.003563015256077051,-0.01428908109664917,0.010867376811802387,10.000000083512225,1.5435317252992384e-11,OFFBOARD,1
3.292,TAKEOFF,-2.077340621223272,60.39750571258216,0,11.456,0.0,0,0.0,0.0,0.0,0.0,0.0,0.0,0.0,3.0,0.003539107507094741,-0.013670473359525204,0.011150726117193699,10.000000083512225,1.5435317252992384e-11,OFFBOARD,1
3.328,TAKEOFF,-2.078547616789992,60.39788307715482,0,11.492,0.0,0,0.0,0.0,0.0,0.0,0.0,0.0,0.0,3.0,0.0035227567423135042,-0.01285628229379654,0.011517608538269997,10.000000083512225,1.5435317252992384e-11,OFFBOARD,1
3.36,TAKEOFF,-2.079937909444448,60.398216337586184,0,11.524000000000001,0.0,0,0.0,0.0,0.0,0.0,0.0,0.0,0.0,3.0,0.0034970210399478674,-0.011946630664169788,0.011849259957671165,10.000000083512225,1.5435317252992384e-11,OFFBOARD,1
3.392,TAKEOFF,-2.081622531116033,60.39854754936723,0,11.556000000000001,0.0,0,0.0,0.0,0.0,0.0,0.0,0.0,0.0,3.0,0.0034689935855567455,-0.011299669742584229,0.012030575424432755,10.000000083512225,1.5435317252992384e-11,OFFBOARD,1
3.428,TAKEOFF,-2.0838630840271923,60.398917711961026,0,11.592,0.0,0,0.0,0.0,0.0,0.0,0.0,0.0,0.0,3.0,0.003431289689615369,-0.010738532058894634,0.012148859910666943,10.000000083512225,1.5435317252992384e-11,OFFBOARD,1
3.46,TAKEOFF,-2.0861549147499483,60.399244365275194,0,11.624,0.0,0,0.0,0.0,0.0,0.0,0.0,0.0,0.0,3.0,0.003400130895897746,-0.010249496437609196,0.012202823534607887,10.000000083512225,1.5435317252992384e-11,OFFBOARD,1
3.496,TAKEOFF,-2.0890618878489775,60.39960785710765,0,11.66,0.0,0,0.0,0.0,0.0,0.0,0.0,0.0,0.0,3.0,0.0033668559044599533,-0.009645084850490093,0.012210521847009659,10.000000083512225,1.5435317252992384e-11,OFFBOARD,1
3.532,TAKEOFF,-2.092298029167264,60.40008261845858,0,11.696,0.0,0,0.0,0.0,0.0,0.0,0.0,0.0,0.0,3.0,0.003349975449964404,-0.008531295694410801,0.012149671092629433,10.000000083512225,1.5435317252992384e-11,OFFBOARD,1
3.56,TAKEOFF,-2.0949004307908257,60.400713029111074,0,11.724,0.0,0,0.0,0.0,0.0,0.0,0.0,0.0,0.0,3.0,0.0031795494724065065,-0.005800548009574413,0.012025335803627968,10.000000083512225,1.5435317252992384e-11,OFFBOARD,1
3.592,TAKEOFF,-2.0977382231799075,60.40162812183136,0,11.756,0.0,0,0.0,0.0,0.0,0.0,0.0,0.0,0.0,3.0,0.0027621304616332054,-0.0022747183684259653,0.012185442261397839,10.000000083512225,1.5435317252992384e-11,OFFBOARD,1
3.628,TAKEOFF,-2.1001706503736557,60.403055548735544,0,11.792,0.0,0,0.0,0.0,0.0,0.0,0.0,0.0,0.0,3.0,0.002122491830959916,0.0025149749126285315,0.01299822423607111,10.000000083512225,1.5435317252992384e-11,OFFBOARD,1
3.66,TAKEOFF,-2.1009711047765127,60.404719468111225,0,11.824,0.0,0,0.0,0.0,0.0,0.0,0.0,0.0,0.0,3.0,0.0013045321684330702,0.008616075851023197,0.014832830056548119,10.000000083512225,1.5435317252992384e-11,OFFBOARD,1
3.692,TAKEOFF,-2.1015201644044628,60.40624021722881,0,11.856,0.0,0,0.0,0.0,0.0,0.0,0.0,0.0,0.0,3.0,0.00020018879149574786,0.014473955146968365,0.018077267333865166,10.000000083512225,1.5435317252992384e-11,OFFBOARD,1
3.7279999999999998,TAKEOFF,-2.0993889777260346,60.408670965015254,0,11.892,0.0,0,0.0,0.0,0.0,0.0,0.0,0.0,0.0,3.0,-0.0009993029525503516,0.02176331914961338,0.022600766271352768,10.000000083512225,1.5435317252992384e-11,OFFBOARD,1
3.76,TAKEOFF,-2.0974820339759273,60.410759044559825,0,11.924,0.0,0,0.0,0.0,0.0,0.0,0.0,0.0,0.0,3.0,-0.0027766579296439886,0.03278406336903572,0.030259817838668823,10.000000083512225,1.5435317252992384e-11,OFFBOARD,1
3.792,TAKEOFF,-2.091863968689307,60.41382929706139,0,11.956,0.0,0,0.0,0.0,0.0,0.0,0.0,0.0,0.0,3.0,-0.004524675663560629,0.042872749269008636,0.03822896629571915,10.000000083512225,1.5435317252992384e-11,OFFBOARD,1
3.832,TAKEOFF,-2.085133953138403,60.417580505077765,0,11.996,0.0,0,0.0,0.0,0.0,0.0,0.0,0.0,0.0,3.0,-0.00660793436691165,0.05385879427194595,0.04802119359374046,10.000000083512225,1.5435317252992384e-11,OFFBOARD,1
3.86,TAKEOFF,-2.077733780430178,60.42091680950015,0,12.024,0.0,0,0.0,0.0,0.0,0.0,0.0,0.0,0.0,3.0,-0.009921680204570293,0.06825102865695953,0.0627560093998909,10.000000083512225,1.5435317252992384e-11,OFFBOARD,1
3.892,TAKEOFF,-2.065369782874955,60.4282310114394,0,12.056,0.0,0,0.0,0.0,0.0,0.0,0.0,0.0,0.0,3.0,-0.012533296830952168,0.07658634334802628,0.07251810282468796,10.000000083512225,1.5435317252992384e-11,OFFBOARD,1
3.928,TAKEOFF,-2.055818241637305,60.42968133463773,0,12.092,0.0,0,0.0,0.0,0.0,0.0,0.0,0.0,0.0,3.0,-0.01622462272644043,0.08827608823776245,0.08739843219518661,10.000000083512225,1.5435317252992384e-11,OFFBOARD,1
3.96,TAKEOFF,-2.036183044848507,60.435681447527436,0,12.124,0.0,0,0.0,0.0,0.0,0.0,0.0,0.0,0.0,3.0,-0.021126998588442802,0.10368572175502777,0.1091700866818428,10.000000083512225,1.5435317252992384e-11,OFFBOARD,1
3.992,TAKEOFF,-2.0219933805254575,60.44020176592176,0,12.156,0.0,0,0.0,0.0,0.0,0.0,0.0,0.0,0.0,3.0,-0.025234932079911232,0.11656183749437332,0.12909376621246338,10.000000083512225,1.5435317252992384e-11,OFFBOARD,1
4.032,TAKEOFF,-1.9970292621062553,60.44682918819435,0,12.196,0.0,0,0.0,0.0,0.0,0.0,0.0,0.0,0.0,3.0,-0.02946731634438038,0.1298651546239853,0.15132445096969604,10.000000083512225,1.5435317252992384e-11,OFFBOARD,1
4.06,TAKEOFF,-1.9785257502726659,60.4516666342738,0,12.224,0.0,0,0.0,0.0,0.0,0.0,0.0,0.0,0.0,3.0,-0.03377532958984375,0.14355242252349854,0.17594006657600403,10.000000083512225,1.5435317252992384e-11,OFFBOARD,1
4.092,TAKEOFF,-1.9543292637396605,60.46268707142588,0,12.256,0.0,0,0.0,0.0,0.0,0.0,0.0,0.0,0.0,3.0,-0.0392032116651535,0.1611572504043579,0.21011516451835632,10.000000083512225,1.5435317252992384e-11,OFFBOARD,1
4.128,TAKEOFF,-1.9241698665832268,60.463598377855575,0,12.292,0.0,0,0.0,0.0,0.0,0.0,0.0,0.0,0.0,3.0,-0.04244600608944893,0.17197778820991516,0.2324783056974411,10.000000083512225,1.5435317252992384e-11,OFFBOARD,1
4.16,TAKEOFF,-1.8901664457278555,60.46994647655829,0,12.324,0.0,0,0.0,0.0,0.0,0.0,0.0,0.0,0.0,3.0,-0.047804705798625946,0.19038532674312592,0.2728521227836609,10.000000083512225,1.5435317252992384e-11,OFFBOARD,1
4.192,TAKEOFF,-1.8627372259277957,60.47494587292335,0,12.356,0.0,0,0.0,0.0,0.0,0.0,0.0,0.0,0.0,3.0,-0.05200833082199097,0.2054089456796646,0.30804359912872314,10.000000083512225,1.5435317252992384e-11,OFFBOARD,1
4.232,TAKEOFF,-1.8191913325078897,60.48200900453694,0,12.396,0.0,0,0.0,0.0,0.0,0.0,0.0,0.0,0.0,3.0,-0.056114982813596725,0.2206605076789856,0.34567204117774963,10.000000083512225,1.5435317252992384e-11,OFFBOARD,1
4.26,TAKEOFF,-1.7863294402569205,60.4869212599896,0,12.424,0.0,0,0.0,0.0,0.0,0.0,0.0,0.0,0.0,3.0,-0.060105521231889725,0.23610584437847137,0.38574352860450745,10.000000083512225,1.5435317252992384e-11,OFFBOARD,1
4.292,TAKEOFF,-1.7463566467626144,60.492494831072904,0,12.456,0.0,0,0.0,0.0,0.0,0.0,0.0,0.0,0.0,3.0,-0.06493797898292542,0.2525377571582794,0.42615845799446106,10.000000083512225,1.5435317252992384e-11,OFFBOARD,1
4.328,TAKEOFF,-1.692099877079821,60.499361394510544,0,12.492,0.0,0,0.0,0.0,0.0,0.0,0.0,0.0,0.0,3.0,-0.06958803534507751,0.26905083656311035,0.46928828954696655,10.000000083512225,1.5435317252992384e-11,OFFBOARD,1
4.36,TAKEOFF,-1.6462699167158343,60.50482704415864,0,12.524000000000001,0.0,0,0.0,0.0,0.0,0.0,0.0,0.0,0.0,3.0,-0.07515930384397507,0.28977563977241516,0.5270417928695679,10.000000083512225,1.5435317252992384e-11,OFFBOARD,1
4.392,TAKEOFF,-1.6045191572613273,60.50960231228741,0,12.556000000000001,0.0,0,0.0,0.0,0.0,0.0,0.0,0.0,0.0,3.0,-0.07942561060190201,0.3063741624355316,0.5762822031974792,10.000000083512225,1.5435317252992384e-11,OFFBOARD,1
4.428,TAKEOFF,-1.5470548435258091,60.51564133298563,0,12.592,0.0,0,0.0,0.0,0.0,0.0,0.0,0.0,0.0,3.0,-0.08350743353366852,0.3229708671569824,0.6283089518547058,10.000000083512225,1.5435317252992384e-11,OFFBOARD,1
4.46,TAKEOFF,-1.4934643457844894,60.520954197658654,0,12.624,0.0,0,0.0,0.0,0.0,0.0,0.0,0.0,0.0,3.0,-0.08742816001176834,0.33956193923950195,0.6828486919403076,10.000000083512225,1.5435317252992384e-11,OFFBOARD,1
4.492,TAKEOFF,-1.4378130106018334,60.53006675622143,0,12.656,0.0,0,0.0,0.0,0.0,0.0,0.0,0.0,0.0,3.0,-0.09121241420507431,0.3561214208602905,0.7398139834403992,10.000000083512225,1.5435317252992384e-11,OFFBOARD,1
4.5280000000000005,TAKEOFF,-1.3730516023285684,60.53206592382053,0,12.692,0.0,0,0.0,0.0,0.0,0.0,0.0,0.0,0.0,3.0,-0.09486976265907288,0.37264421582221985,0.79853755235672,10.000000083512225,1.5435317252992384e-11,OFFBOARD,1
4.5600000000000005,TAKEOFF,-1.3138039403558217,60.537207786825476,0,12.724,0.0,0,0.0,0.0,0.0,0.0,0.0,0.0,0.0,3.0,-0.09927285462617874,0.39326226711273193,0.8740453124046326,10.000000083512225,1.5435317252992384e-11,OFFBOARD,1
4.592,TAKEOFF,-1.2531487814476583,60.542290739679686,0,12.756,0.0,0,0.0,0.0,0.0,0.0,0.0,0.0,0.0,3.0,-0.10265439003705978,0.40973129868507385,0.9361072778701782,10.000000083512225,1.5435317252992384e-11,OFFBOARD,1
4.632,TAKEOFF,-1.183392491159975,60.547934072016496,0,12.796,0.0,0,0.0,0.0,0.0,0.0,0.0,0.0,0.0,3.0,-0.10591914504766464,0.4261663556098938,0.9992271065711975,10.000000083512225,1.5435317252992384e-11,OFFBOARD,1
4.66,TAKEOFF,-1.120149459223255,60.5528790872996,0,12.824,0.0,0,0.0,0.0,0.0,0.0,0.0,0.0,0.0,3.0,-0.1104729026556015,0.4466633200645447,1.0795937776565552,10.000000083512225,1.5435317252992384e-11,OFFBOARD,1
4.692,TAKEOFF,-1.0558248918607978,60.55775258419221,0,12.856,0.0,0,0.0,0.0,0.0,0.0,0.0,0.0,0.0,3.0,-0.11456260830163956,0.45898541808128357,1.1284358501434326,10.000000083512225,1.5435317252992384e-11,OFFBOARD,1
4.728,TAKEOFF,-0.9822462626411095,60.56314480732829,0,12.892,0.0,0,0.0,0.0,0.0,0.0,0.0,0.0,0.0,3.0,-0.11978302150964737,0.4753406345844269,1.1941922903060913,10.000000083512225,1.5435317252992384e-11,OFFBOARD,1
4.76,TAKEOFF,-0.9158193127466918,60.56785339782361,0,12.924,0.0,0,0.0,0.0,0.0,0.0,0.0,0.0,0.0,3.0,-0.12596768140792847,0.49565833806991577,1.2774739265441895,10.000000083512225,1.5435317252992384e-11,OFFBOARD,1
4.792,TAKEOFF,-0.8484718952786993,60.57726866993155,0,12.956,0.0,0,0.0,0.0,0.0,0.0,0.0,0.0,0.0,3.0,-0.13065004348754883,0.511795699596405,1.3449307680130005,10.000000083512225,1.5435317252992384e-11,OFFBOARD,1
4.828,TAKEOFF,-0.7628242276966243,60.578100234281465,0,12.992,0.0,0,0.0,0.0,0.0,0.0,0.0,0.0,0.0,3.0,-0.13509075343608856,0.5278347730636597,1.4130576848983765,10.000000083512225,1.5435317252992384e-11,OFFBOARD,1
4.86,TAKEOFF,-0.7024373892782197,60.581996859574254,0,13.024,0.0,0,0.0,0.0,0.0,0.0,0.0,0.0,0.0,3.0,-0.1392897069454193,0.5437548160552979,1.4818122386932373,10.000000083512225,1.5435317252992384e-11,OFFBOARD,1
4.892,TAKEOFF,-0.6324096636616167,60.586406259394785,0,13.056,0.0,0,0.0,0.0,0.0,0.0,0.0,0.0,0.0,3.0,-0.1432752013206482,0.5595547556877136,1.5512770414352417,10.000000083512225,1.5435317252992384e-11,OFFBOARD,1
4.928,TAKEOFF,-0.5526857280537869,60.591423375351226,0,13.092,0.0,0,0.0,0.0,0.0,0.0,0.0,0.0,0.0,3.0,-0.14717130362987518,0.5752440094947815,1.6211239099502563,10.000000083512225,1.5435317252992384e-11,OFFBOARD,1
4.96,TAKEOFF,-0.4809929958623934,60.59592898032384,0,13.124,0.0,0,0.0,0.0,0.0,0.0,0.0,0.0,0.0,3.0,-0.15195076167583466,0.5946796536445618,1.7089225053787231,10.000000083512225,1.5435317252992384e-11,OFFBOARD,1
4.992,TAKEOFF,-0.3993904310436166,60.60101505107248,0,13.156,0.0,0,0.0,0.0,0.0,0.0,0.0,0.0,0.0,3.0,-0.15571148693561554,0.6100801825523376,1.7797517776489258,10.000000083512225,1.5435317252992384e-11,OFFBOARD,1
5.028,TAKEOFF,-0.3260936194784867,60.60562372576885,0,13.192,0.0,0,0.0,0.0,0.0,0.0,0.0,0.0,0.0,3.0,-0.15942177176475525,0.6253235340118408,1.8509712219238281,10.000000083512225,1.5435317252992384e-11,OFFBOARD,1
5.06,TAKEOFF,-0.2427794611455606,60.6107680261702,0,13.224,0.0,0,0.0,0.0,0.0,0.0,0.0,0.0,0.0,3.0,-0.16307996213436127,0.6404023766517639,1.9224730730056763,10.000000083512225,1.5435317252992384e-11,OFFBOARD,1
5.092,TAKEOFF,-0.17723680805413114,60.61482215666936,0,13.256,0.0,0,0.0,0.0,0.0,0.0,0.0,0.0,0.0,3.0,-0.16894350945949554,0.6558440327644348,1.9954639673233032,10.000000083512225,1.5435317252992384e-11,OFFBOARD,1
5.128,TAKEOFF,-0.08287627540747632,60.62052542996036,0,13.292,0.0,0,0.0,0.0,0.0,0.0,0.0,0.0,0.0,3.0,-0.17457567155361176,0.6711031794548035,2.0687384605407715,10.000000083512225,1.5435317252992384e-11,OFFBOARD,1
5.16,TAKEOFF,-0.025339957707908117,60.63091557835455,0,13.324,0.0,0,0.0,0.0,0.0,0.0,0.0,0.0,0.0,3.0,-0.18131060898303986,0.6899105906486511,2.160827875137329,10.000000083512225,1.5435317252992384e-11,OFFBOARD,1
5.192,TAKEOFF,0.0610501275691612,60.62904886859093,0,13.356,0.0,0,0.0,0.0,0.0,0.0,0.0,0.0,0.0,3.0,-0.18644894659519196,0.7047373652458191,2.234849691390991,10.000000083512225,1.5435317252992384e-11,OFFBOARD,1
5.228,TAKEOFF,0.14845876663201224,60.634054236464905,0,13.392,0.0,0,0.0,0.0,0.0,0.0,0.0,0.0,0.0,3.0,-0.19135738909244537,0.7193442583084106,2.309237480163574,10.000000083512225,1.5435317252992384e-11,OFFBOARD,1
5.26,TAKEOFF,0.22684487859826577,60.638428468079226,0,13.424,0.0,0,0.0,0.0,0.0,0.0,0.0,0.0,0.0,3.0,-0.19719721376895905,0.7373060584068298,2.402618646621704,10.000000083512225,1.5435317252992384e-11,OFFBOARD,1
5.292,TAKEOFF,0.30586371074278734,60.64272251175866,0,13.456,0.0,0,0.0,0.0,0.0,0.0,0.0,0.0,0.0,3.0,-0.2015262097120285,0.7479491233825684,2.4605066776275635,10.000000083512225,1.5435317252992384e-11,OFFBOARD,1
5.328,TAKEOFF,0.3954949926316378,60.647449338691764,0,13.492,0.0,0,0.0,0.0,0.0,0.0,0.0,0.0,0.0,3.0,-0.20704405009746552,0.761961817741394,2.53772234916687,10.000000083512225,1.5435317252992384e-11,OFFBOARD,1
5.36,TAKEOFF,0.47579278493011123,60.65155399746762,0,13.524000000000001,0.0,0,0.0,0.0,0.0,0.0,0.0,0.0,0.0,3.0,-0.21356883645057678,0.7791865468025208,2.634620189666748,10.000000083512225,1.5435317252992384e-11,OFFBOARD,1
5.392,TAKEOFF,0.5665251076955016,60.655906513679476,0,13.556000000000001,0.0,0,0.0,0.0,0.0,0.0,0.0,0.0,0.0,3.0,-0.21846739947795868,0.7927194237709045,2.712353467941284,10.000000083512225,1.5435317252992384e-11,OFFBOARD,1
5.428,TAKEOFF,0.6487673709961823,60.6595314393945,0,13.592,0.0,0,0.0,0.0,0.0,0.0,0.0,0.0,0.0,3.0,-0.22295895218849182,0.806002140045166,2.7904436588287354,10.000000083512225,1.5435317252992384e-11,OFFBOARD,1
5.46,TAKEOFF,0.7411625637482663,60.663222466741715,0,13.624,0.0,0,0.0,0.0,0.0,0.0,0.0,0.0,0.0,3.0,-0.22799859941005707,0.8222388625144958,2.888500452041626,10.000000083512225,1.5435317252992384e-11,OFFBOARD,1
5.492,TAKEOFF,0.8144502549707471,60.66589582853167,0,13.656,0.0,0,0.0,0.0,0.0,0.0,0.0,0.0,0.0,3.0,-0.23071929812431335,0.8317754864692688,2.9475393295288086,10.000000083512225,1.5435317252992384e-11,OFFBOARD,1
5.5280000000000005,TAKEOFF,0.8987425983838405,60.66869162015975,0,13.692,0.0,0,0.0,0.0,0.0,0.0,0.0,0.0,0.0,3.0,-0.23402705788612366,0.8442627787590027,3.0264623165130615,10.000000083512225,1.5435317252992384e-11,OFFBOARD,1
5.5600000000000005,TAKEOFF,0.9930830359119078,60.67147009163372,0,13.724,0.0,0,0.0,0.0,0.0,0.0,0.0,0.0,0.0,3.0,-0.23767070472240448,0.8594965934753418,3.1253340244293213,10.000000083512225,1.5435317252992384e-11,OFFBOARD,1
5.592,TAKEOFF,1.0779578186213805,60.67369827997831,0,13.756,0.0,0,0.0,0.0,0.0,0.0,0.0,0.0,0.0,3.0,-0.24022327363491058,0.8713867664337158,3.2049434185028076,10.000000083512225,1.5435317252992384e-11,OFFBOARD,1
5.628,TAKEOFF,1.184109977182011,60.67613494296302,0,13.792,0.0,0,0.0,0.0,0.0,0.0,0.0,0.0,0.0,3.0,-0.24247020483016968,0.8830277919769287,3.284648895263672,10.000000083512225,1.5435317252992384e-11,OFFBOARD,1
5.66,TAKEOFF,1.2598573075561832,60.677682745757416,0,13.824,0.0,0,0.0,0.0,0.0,0.0,0.0,0.0,0.0,3.0,-0.24441272020339966,0.8944222927093506,3.3644254207611084,10.000000083512225,1.5435317252992384e-11,OFFBOARD,1
5.692,TAKEOFF,1.3461211023694457,60.67923836468968,0,13.856,0.0,0,0.0,0.0,0.0,0.0,0.0,0.0,0.0,3.0,-0.2472691833972931,0.9061065316200256,3.44649338722229,10.000000083512225,1.5435317252992384e-11,OFFBOARD,1
5.728,TAKEOFF,1.4436328713271853,60.68076925283623,0,13.892,0.0,0,0.0,0.0,0.0,0.0,0.0,0.0,0.0,3.0,-0.24984796345233917,0.9175493717193604,3.5285308361053467,10.000000083512225,1.5435317252992384e-11,OFFBOARD,1
5.76,TAKEOFF,1.5409281118088427,60.68206271870231,0,13.924,0.0,0,0.0,0.0,0.0,0.0,0.0,0.0,0.0,3.0,-0.2527305483818054,0.9315095543861389,3.631225109100342,10.000000083512225,1.5435317252992384e-11,OFFBOARD,1
5.792,TAKEOFF,1.6180687432469085,60.682971024341334,0,13.956,0.0,0,0.0,0.0,0.0,0.0,0.0,0.0,0.0,3.0,-0.2547738552093506,0.9424130916595459,3.713350296020508,10.000000083512225,1.5435317252992384e-11,OFFBOARD,1
5.828,TAKEOFF,1.7270257142662386,60.68401185719517,0,13.992,0.0,0,0.0,0.0,0.0,0.0,0.0,0.0,0.0,3.0,-0.25661852955818176,0.9530696868896484,3.7954342365264893,10.000000083512225,1.5435317252992384e-11,OFFBOARD,1
5.86,TAKEOFF,1.8047082248955866,60.68464175139361,0,14.024,0.0,0,0.0,0.0,0.0,0.0,0.0,0.0,0.0,3.0,-0.25825756788253784,0.963487982749939,3.8775010108947754,10.000000083512225,1.5435317252992384e-11,OFFBOARD,1
5.892,TAKEOFF,1.89288483901035,60.685126556521894,0,14.056,0.0,0,0.0,0.0,0.0,0.0,0.0,0.0,0.0,3.0,-0.2596740126609802,0.9736818075180054,3.959601402282715,10.000000083512225,1.5435317252992384e-11,OFFBOARD,1
5.928,TAKEOFF,1.9922129662951495,60.68530005126445,0,14.092,0.0,0,0.0,0.0,0.0,0.0,0.0,0.0,0.0,3.0,-0.2607562839984894,0.9837450385093689,4.041614532470703,10.000000083512225,1.5435317252992384e-11,OFFBOARD,1
5.96,TAKEOFF,2.0806177061008113,60.68512298283943,0,14.124,0.0,0,0.0,0.0,0.0,0.0,0.0,0.0,0.0,3.0,-0.261615514755249,0.9961694478988647,4.143993377685547,10.000000083512225,1.5435317252992384e-11,OFFBOARD,1
5.992,TAKEOFF,2.1691279690351593,60.68463552662632,0,14.156,0.0,0,0.0,0.0,0.0,0.0,0.0,0.0,0.0,3.0,-0.2619073688983917,1.0059735774993896,4.225802421569824,10.000000083512225,1.5435317252992384e-11,OFFBOARD,1
6.028,TAKEOFF,2.268829469871465,60.68372341529983,0,14.192,0.0,0,0.0,0.0,0.0,0.0,0.0,0.0,0.0,3.0,-0.26185598969459534,1.0156629085540771,4.307547092437744,10.000000083512225,1.5435317252992384e-11,OFFBOARD,1
6.06,TAKEOFF,2.3679948931631953,60.682420274214,0,14.224,0.0,0,0.0,0.0,0.0,0.0,0.0,0.0,0.0,3.0,-0.2614690959453583,1.025208830833435,4.389202117919922,10.000000083512225,1.5435317252992384e-11,OFFBOARD,1
6.092,TAKEOFF,2.4464106692562564,60.68120130563789,0,14.256,0.0,0,0.0,0.0,0.0,0.0,0.0,0.0,0.0,3.0,-0.26088911294937134,1.0342847108840942,4.472894191741943,10.000000083512225,1.5435317252992384e-11,OFFBOARD,1
6.128,TAKEOFF,2.5569534580795152,60.678343051896995,0,14.292,0.0,0,0.0,0.0,0.0,0.0,0.0,0.0,0.0,3.0,-0.26002469658851624,1.0432299375534058,4.556374549865723,10.000000083512225,1.5435317252992384e-11,OFFBOARD,1
6.16,TAKEOFF,2.6355026433752218,60.67738841838759,0,14.324,0.0,0,0.0,0.0,0.0,0.0,0.0,0.0,0.0,3.0,-0.2585703134536743,1.054209589958191,4.660695552825928,10.000000083512225,1.5435317252992384e-11,OFFBOARD,1
6.192,TAKEOFF,2.7245824723550944,60.6752420127851,0,14.356,0.0,0,0.0,0.0,0.0,0.0,0.0,0.0,0.0,3.0,-0.2571508586406708,1.0628291368484497,4.744165897369385,10.000000083512225,1.5435317252992384e-11,OFFBOARD,1
6.228,TAKEOFF,2.8248400116318257,60.672590804139894,0,14.392,0.0,0,0.0,0.0,0.0,0.0,0.0,0.0,0.0,3.0,-0.25552427768707275,1.0712651014328003,4.827579975128174,10.000000083512225,1.5435317252992384e-11,OFFBOARD,1
6.26,TAKEOFF,2.913980382501648,60.67004334839733,0,14.424,0.0,0,0.0,0.0,0.0,0.0,0.0,0.0,0.0,3.0,-0.25370150804519653,1.0795173645019531,4.910953521728516,10.000000083512225,1.5435317252992384e-11,OFFBOARD,1
6.292,TAKEOFF,3.013720046576336,60.66696401027756,0,14.456,0.0,0,0.0,0.0,0.0,0.0,0.0,0.0,0.0,3.0,-0.2516939043998718,1.0875858068466187,4.9941911697387695,10.000000083512225,1.5435317252992384e-11,OFFBOARD,1
6.328,TAKEOFF,3.103420646926882,60.664104269230414,0,14.492,0.0,0,0.0,0.0,0.0,0.0,0.0,0.0,0.0,3.0,-0.24951554834842682,1.0954523086547852,5.077488422393799,10.000000083512225,1.5435317252992384e-11,OFFBOARD,1
6.36,TAKEOFF,3.192556862946064,60.66108860865338,0,14.524000000000001,0.0,0,0.0,0.0,0.0,0.0,0.0,0.0,0.0,3.0,-0.24658480286598206,1.104996681213379,5.18186616897583,10.000000083512225,1.5435317252992384e-11,OFFBOARD,1
6.392,TAKEOFF,3.292411041209895,60.657632076272655,0,14.556000000000001,0.0,0,0.0,0.0,0.0,0.0,0.0,0.0,0.0,3.0,-0.24412024021148682,1.1123836040496826,5.265536785125732,10.000000083512225,1.5435317252992384e-11,OFFBOARD,1
6.428,TAKEOFF,3.3928596458087346,60.65423439309632,0,14.592,0.0,0,0.0,0.0,0.0,0.0,0.0,0.0,0.0,3.0,-0.24166522920131683,1.1195073127746582,5.349462509155273,10.000000083512225,1.5435317252992384e-11,OFFBOARD,1
6.46,TAKEOFF,3.471442161730845,60.65164380250886,0,14.624,0.0,0,0.0,0.0,0.0,0.0,0.0,0.0,0.0,3.0,-0.2392393797636032,1.126351237297058,5.433743476867676,10.000000083512225,1.5435317252992384e-11,OFFBOARD,1
6.492,TAKEOFF,3.5607612742425463,60.6457814174735,0,14.656,0.0,0,0.0,0.0,0.0,0.0,0.0,0.0,0.0,3.0,-0.23623667657375336,1.1310299634933472,5.520203590393066,10.000000083512225,1.5435317252992384e-11,OFFBOARD,1
6.5280000000000005,TAKEOFF,3.661223333052451,60.645451346281256,0,14.692,0.0,0,0.0,0.0,0.0,0.0,0.0,0.0,0.0,3.0,-0.23331843316555023,1.1354613304138184,5.606722831726074,10.000000083512225,1.5435317252992384e-11,OFFBOARD,1
6.5600000000000005,TAKEOFF,3.7504667164298215,60.64260455606479,0,14.724,0.0,0,0.0,0.0,0.0,0.0,0.0,0.0,0.0,3.0,-0.2297770082950592,1.140656590461731,5.714851379394531,10.000000083512225,1.5435317252992384e-11,OFFBOARD,1
6.592,TAKEOFF,3.839632110952483,60.63979326585408,0,14.756,0.0,0,0.0,0.0,0.0,0.0,0.0,0.0,0.0,3.0,-0.22702471911907196,1.1445473432540894,5.801458835601807,10.000000083512225,1.5435317252992384e-11,OFFBOARD,1
6.628,TAKEOFF,3.9398246161741004,60.63666296197888,0,14.792,0.0,0,0.0,0.0,0.0,0.0,0.0,0.0,0.0,3.0,-0.22433142364025116,1.1482187509536743,5.888009071350098,10.000000083512225,1.5435317252992384e-11,OFFBOARD,1
6.66,TAKEOFF,4.039669454806494,60.63353974537046,0,14.824,0.0,0,0.0,0.0,0.0,0.0,0.0,0.0,0.0,3.0,-0.22168885171413422,1.1516672372817993,5.974584102630615,10.000000083512225,1.5435317252992384e-11,OFFBOARD,1
6.692,TAKEOFF,4.117561288723182,60.631147868227075,0,14.856,0.0,0,0.0,0.0,0.0,0.0,0.0,0.0,0.0,3.0,-0.21845954656600952,1.1556893587112427,6.0827813148498535,10.000000083512225,1.5435317252992384e-11,OFFBOARD,1
6.728,TAKEOFF,4.21729815295666,60.62805641183042,0,14.892,0.0,0,0.0,0.0,0.0,0.0,0.0,0.0,0.0,3.0,-0.21655702590942383,1.1579662561416626,6.1476731300354,10.000000083512225,1.5435317252992384e-11,OFFBOARD,1
6.76,TAKEOFF,4.316772625041819,60.62494858008659,0,14.924,0.0,0,0.0,0.0,0.0,0.0,0.0,0.0,0.0,3.0,-0.2134375423192978,1.1615160703659058,6.256082057952881,10.000000083512225,1.5435317252992384e-11,OFFBOARD,1
6.792,TAKEOFF,4.394154927033656,60.622553899286636,0,14.956,0.0,0,0.0,0.0,0.0,0.0,0.0,0.0,0.0,3.0,-0.21098852157592773,1.16416597366333,6.3428168296813965,10.000000083512225,1.5435317252992384e-11,OFFBOARD,1
6.828,TAKEOFF,4.4933734593909405,60.61944720372292,0,14.992,0.0,0,0.0,0.0,0.0,0.0,0.0,0.0,0.0,3.0,-0.20857714116573334,1.166669487953186,6.42960262298584,10.000000083512225,1.5435317252992384e-11,OFFBOARD,1
6.86,TAKEOFF,4.581408084505383,60.61667632529999,0,15.024,0.0,0,0.0,0.0,0.0,0.0,0.0,0.0,0.0,3.0,-0.20618832111358643,1.169036626815796,6.516481876373291,10.000000083512225,1.5435317252992384e-11,OFFBOARD,1
6.892,TAKEOFF,4.680196235159003,60.613539607820755,0,15.056,0.0,0,0.0,0.0,0.0,0.0,0.0,0.0,0.0,3.0,-0.2028018981218338,1.1717222929000854,6.604111194610596,10.000000083512225,1.5435317252992384e-11,OFFBOARD,1
6.928,TAKEOFF,4.778496618003125,60.610415919998324,0,15.092,0.0,0,0.0,0.0,0.0,0.0,0.0,0.0,0.0,3.0,-0.1994972825050354,1.1740978956222534,6.691521167755127,10.000000083512225,1.5435317252992384e-11,OFFBOARD,1
6.96,TAKEOFF,4.854506959852954,60.60799978829598,0,15.124,0.0,0,0.0,0.0,0.0,0.0,0.0,0.0,0.0,3.0,-0.19549399614334106,1.1766108274459839,6.800452709197998,10.000000083512225,1.5435317252992384e-11,OFFBOARD,1
6.992,TAKEOFF,4.952250205375595,60.604864551839135,0,15.156,0.0,0,0.0,0.0,0.0,0.0,0.0,0.0,0.0,3.0,-0.1923864632844925,1.1782587766647339,6.887722969055176,10.000000083512225,1.5435317252992384e-11,OFFBOARD,1
7.028,TAKEOFF,5.038488560352882,60.602106450757326,0,15.192,0.0,0,0.0,0.0,0.0,0.0,0.0,0.0,0.0,3.0,-0.18935133516788483,1.1796038150787354,6.974752426147461,10.000000083512225,1.5435317252992384e-11,OFFBOARD,1
7.06,TAKEOFF,5.124693083684794,60.59934108564935,0,15.224,0.0,0,0.0,0.0,0.0,0.0,0.0,0.0,0.0,3.0,-0.1863827109336853,1.1806548833847046,7.061705589294434,10.000000083512225,1.5435317252992384e-11,OFFBOARD,1
7.092,TAKEOFF,5.210700029165261,60.59658390267903,0,15.256,0.0,0,0.0,0.0,0.0,0.0,0.0,0.0,0.0,3.0,-0.18313972651958466,1.1814258098602295,7.150702476501465,10.000000083512225,1.5435317252992384e-11,OFFBOARD,1
7.128,TAKEOFF,5.307247395813694,60.593494715086905,0,15.292,0.0,0,0.0,0.0,0.0,0.0,0.0,0.0,0.0,3.0,-0.17998377978801727,1.1819226741790771,7.2395124435424805,10.000000083512225,1.5435317252992384e-11,OFFBOARD,1
7.16,TAKEOFF,5.40395762326545,60.59041015855761,0,15.324,0.0,0,0.0,0.0,0.0,0.0,0.0,0.0,0.0,3.0,-0.17616647481918335,1.1822009086608887,7.3504509925842285,10.000000083512225,1.5435317252992384e-11,OFFBOARD,1
7.192,TAKEOFF,5.478362823625442,60.588045079023985,0,15.356,0.0,0,0.0,0.0,0.0,0.0,0.0,0.0,0.0,3.0,-0.17319847643375397,1.1821714639663696,7.438960075378418,10.000000083512225,1.5435317252992384e-11,OFFBOARD,1
7.228,TAKEOFF,5.585432642443642,60.58466117294971,0,15.392,0.0,0,0.0,0.0,0.0,0.0,0.0,0.0,0.0,3.0,-0.17031355202198029,1.1819380521774292,7.527474403381348,10.000000083512225,1.5435317252992384e-11,OFFBOARD,1
7.26,TAKEOFF,5.659499222886861,60.58232838566444,0,15.424,0.0,0,0.0,0.0,0.0,0.0,0.0,0.0,0.0,3.0,-0.16749955713748932,1.181524395942688,7.61587381362915,10.000000083512225,1.5435317252992384e-11,OFFBOARD,1
7.292,TAKEOFF,5.744535876234791,60.57622333601196,0,15.456,0.0,0,0.0,0.0,0.0,0.0,0.0,0.0,0.0,3.0,-0.16406846046447754,1.1807717084884644,7.726503849029541,10.000000083512225,1.5435317252992384e-11,OFFBOARD,1
7.328,TAKEOFF,5.8400729960639355,60.576697155978486,0,15.492,0.0,0,0.0,0.0,0.0,0.0,0.0,0.0,0.0,3.0,-0.16207116842269897,1.180216908454895,7.7928147315979,10.000000083512225,1.5435317252992384e-11,OFFBOARD,1
7.36,TAKEOFF,5.924899612785807,60.57407722735219,0,15.524000000000001,0.0,0,0.0,0.0,0.0,0.0,0.0,0.0,0.0,3.0,-0.1588543802499771,1.1791530847549438,7.9033589363098145,10.000000083512225,1.5435317252992384e-11,OFFBOARD,1
7.392,TAKEOFF,6.009892690301928,60.571396475853476,0,15.556000000000001,0.0,0,0.0,0.0,0.0,0.0,0.0,0.0,0.0,3.0,-0.15636414289474487,1.1782089471817017,7.991807460784912,10.000000083512225,1.5435317252992384e-11,OFFBOARD,1
7.428,TAKEOFF,6.105939230324267,60.56823286978821,0,15.592,0.0,0,0.0,0.0,0.0,0.0,0.0,0.0,0.0,3.0,-0.15383395552635193,1.1772581338882446,8.080504417419434,10.000000083512225,1.5435317252992384e-11,OFFBOARD,1
7.46,TAKEOFF,6.191659372047442,60.565287139527086,0,15.624,0.0,0,0.0,0.0,0.0,0.0,0.0,0.0,0.0,3.0,-0.1512366235256195,1.1763079166412354,8.169672012329102,10.000000083512225,1.5435317252992384e-11,OFFBOARD,1
7.492,TAKEOFF,6.28903532548247,60.56181249686688,0,15.656,0.0,0,0.0,0.0,0.0,0.0,0.0,0.0,0.0,3.0,-0.14854025840759277,1.176182746887207,8.26205825805664,10.000000083512225,1.5435317252992384e-11,OFFBOARD,1
7.5280000000000005,TAKEOFF,6.374596912483349,60.55860769330891,0,15.692,0.0,0,0.0,0.0,0.0,0.0,0.0,0.0,0.0,3.0,-0.14576226472854614,1.1760555505752563,8.35442066192627,10.000000083512225,1.5435317252992384e-11,OFFBOARD,1
7.5600000000000005,TAKEOFF,6.460908053054968,60.55527476513628,0,15.724,0.0,0,0.0,0.0,0.0,0.0,0.0,0.0,0.0,3.0,-0.14218541979789734,1.1759088039398193,8.469807624816895,10.000000083512225,1.5435317252992384e-11,OFFBOARD,1
7.592,TAKEOFF,6.558755747163096,60.55138636939311,0,15.756,0.0,0,0.0,0.0,0.0,0.0,0.0,0.0,0.0,3.0,-0.1392223834991455,1.1758109331130981,8.56205940246582,10.000000083512225,1.5435317252992384e-11,OFFBOARD,1
7.628,TAKEOFF,6.644494799870063,60.54784180503332,0,15.792,0.0,0,0.0,0.0,0.0,0.0,0.0,0.0,0.0,3.0,-0.13616949319839478,1.175718069076538,8.65432357788086,10.000000083512225,1.5435317252992384e-11,OFFBOARD,1
7.66,TAKEOFF,6.7309161647523315,60.54420535477072,0,15.824,0.0,0,0.0,0.0,0.0,0.0,0.0,0.0,0.0,3.0,-0.13305650651454926,1.1756428480148315,8.746378898620605,10.000000083512225,1.5435317252992384e-11,OFFBOARD,1
7.692,TAKEOFF,6.817346333134161,60.54049818389959,0,15.856,0.0,0,0.0,0.0,0.0,0.0,0.0,0.0,0.0,3.0,-0.1298958659172058,1.1755633354187012,8.838336944580078,10.000000083512225,1.5435317252992384e-11,OFFBOARD,1
7.728,TAKEOFF,6.9146024369813475,60.53625837133531,0,15.892,0.0,1,0.309282124042511,0.0,0.0,0.0,0.0,0.0,0.0,3.0,-0.1267053633928299,1.1754698753356934,8.930001258850098,10.000000083512225,1.5435317252992384e-11,OFFBOARD,1
7.76,TAKEOFF,7.001091507818352,60.52843878757799,0,15.924,0.0,1,0.309282124042511,0.0,0.0,0.0,0.0,0.0,0.0,3.0,-0.12270621955394745,1.1753164529800415,9.044452667236328,10.000000083512225,1.5435317252992384e-11,OFFBOARD,1
7.792,TAKEOFF,7.099155958633019,60.52809364092415,0,15.956,0.0,1,0.309282124042511,0.0,0.0,0.0,0.0,0.0,0.0,3.0,-0.11949533224105835,1.1751677989959717,9.135872840881348,10.000000083512225,1.5435317252992384e-11,OFFBOARD,1
7.828,TAKEOFF,7.185120939482651,60.524209534424806,0,15.992,0.0,1,0.309282124042511,0.0,0.0,0.0,0.0,0.0,0.0,3.0,-0.1162736788392067,1.1749762296676636,9.227218627929688,10.000000083512225,1.5435317252992384e-11,OFFBOARD,1
7.86,TAKEOFF,7.271889832647878,60.520292640207416,0,16.024,0.0,1,0.309282124042511,0.0,0.0,0.0,0.0,0.0,0.0,3.0,-0.11304675042629242,1.174750566482544,9.318573951721191,10.000000083512225,1.5435317252992384e-11,OFFBOARD,1
7.892,TAKEOFF,7.358578235125752,60.516353580417736,0,16.056,0.0,1,0.309282124042511,0.0,0.0,0.0,0.0,0.0,0.0,3.0,-0.1097545251250267,1.1739362478256226,9.412178993225098,10.000000083512225,1.5435317252992384e-11,OFFBOARD,1
7.928,TAKEOFF,7.467281490107041,60.51139766716185,0,16.092,0.0,1,0.309282124042511,0.0,0.0,0.0,0.0,0.0,0.0,3.0,-0.10648151487112045,1.1730718612670898,9.505127906799316,10.000000083512225,1.5435317252992384e-11,OFFBOARD,1
7.96,TAKEOFF,7.54211101789184,60.50792063614936,0,16.124,0.0,1,0.309282124042511,0.0,0.0,0.0,0.0,0.0,0.0,3.0,-0.10242719948291779,1.171901822090149,9.620481491088867,10.000000083512225,1.5435317252992384e-11,OFFBOARD,1
7.992,TAKEOFF,7.6283015661844615,60.50392514878939,0,16.156,0.0,1,0.309282124042511,0.0,0.0,0.0,0.0,0.0,0.0,3.0,-0.09920579940080643,1.170896291732788,9.712246894836426,10.000000083512225,1.5435317252992384e-11,OFFBOARD,1
8.028,TAKEOFF,7.725258180728339,60.49941053569569,0,16.192,0.0,1,0.309282124042511,0.0,0.0,0.0,0.0,0.0,0.0,3.0,-0.09600786864757538,1.1698246002197266,9.803544998168945,10.000000083512225,1.5435317252992384e-11,OFFBOARD,1
8.06,TAKEOFF,7.811507976525972,60.49538041952242,0,16.224,0.0,1,0.309282124042511,0.0,0.0,0.0,0.0,0.0,0.0,3.0,-0.09281975030899048,1.1686882972717285,9.894457817077637,10.000000083512225,1.5435317252992384e-11,OFFBOARD,1
8.092,TAKEOFF,7.897879384419967,60.49133444749609,0,16.256,0.0,1,0.309282124042511,0.0,0.0,0.0,0.0,0.0,0.0,3.0,-0.08963527530431747,1.1674964427947998,9.985015869140625,10.000000083512225,1.5435317252992384e-11,OFFBOARD,1
8.128,TAKEOFF,8.006625867906005,60.486252031857774,0,16.292,0.0,1,0.309282124042511,0.0,0.0,0.0,0.0,0.0,0.0,3.0,-0.08646263927221298,1.1662529706954956,10.075261116027832,10.000000083512225,1.5435317252992384e-11,OFFBOARD,1
8.16,TAKEOFF,8.082035112619,60.48268657862488,0,16.324,0.0,1,0.309282124042511,0.0,0.0,0.0,0.0,0.0,0.0,3.0,-0.08253778517246246,1.164635419845581,10.188010215759277,10.000000083512225,1.5435317252992384e-11,OFFBOARD,1
8.192,TAKEOFF,8.157686666089493,60.47910989017193,0,16.356,0.0,1,0.309282124042511,0.0,0.0,0.0,0.0,0.0,0.0,3.0,-0.07941821962594986,1.1632914543151855,10.278066635131836,10.000000083512225,1.5435317252992384e-11,OFFBOARD,1
8.228,TAKEOFF,8.267333333788358,60.47397562093693,0,16.392,0.0,1,0.309282124042511,0.0,0.0,0.0,0.0,0.0,0.0,3.0,-0.0763116329908371,1.1619168519973755,10.368141174316406,10.000000083512225,1.5435317252992384e-11,OFFBOARD,1
8.264,TAKEOFF,8.365996105891332,60.46934067448194,0,16.428,0.0,1,0.309282124042511,0.0,0.0,0.0,0.0,0.0,0.0,3.0,-0.07321635633707047,1.1604974269866943,10.45809555053711,10.000000083512225,1.5435317252992384e-11,OFFBOARD,1
8.292,TAKEOFF,8.443031214581167,60.4657255342943,0,16.456,0.0,1,0.309282124042511,0.0,0.0,0.0,0.0,0.0,0.0,3.0,-0.06833682954311371,1.158187985420227,10.549310684204102,10.000000083512225,1.5435317252992384e-11,OFFBOARD,1
8.328,TAKEOFF,8.542474900618991,60.46106518854564,0,16.492,0.0,1,0.309282124042511,0.0,0.0,0.0,0.0,0.0,0.0,3.0,-0.06357606500387192,1.155879259109497,10.640432357788086,10.000000083512225,1.5435317252992384e-11,OFFBOARD,1
8.36,TAKEOFF,8.631251590836392,60.45691238269486,0,16.524,0.0,1,0.309282124042511,0.0,0.0,0.0,0.0,0.0,0.0,3.0,-0.057770803570747375,1.1529998779296875,10.754180908203125,10.000000083512225,1.5435317252992384e-11,OFFBOARD,1
8.392,TAKEOFF,8.731785035384876,60.452246212575005,0,16.556,0.0,1,0.309282124042511,0.0,0.0,0.0,0.0,0.0,0.0,3.0,-0.05322786048054695,1.1508095264434814,10.845111846923828,10.000000083512225,1.5435317252992384e-11,OFFBOARD,1
8.428,TAKEOFF,8.832355890587552,60.44760558051311,0,16.592,0.0,1,0.309282124042511,0.0,0.0,0.0,0.0,0.0,0.0,3.0,-0.04877479001879692,1.1491600275039673,10.935799598693848,10.000000083512225,1.5435317252992384e-11,OFFBOARD,1
8.46,TAKEOFF,8.910655512263034,60.444018111028576,0,16.624,0.0,1,0.309282124042511,0.0,0.0,0.0,0.0,0.0,0.0,3.0,-0.04440108314156532,1.1481062173843384,11.026604652404785,10.000000083512225,1.5435317252992384e-11,OFFBOARD,1
8.492,TAKEOFF,9.00078203770639,60.439944699426064,0,16.656,0.0,1,0.309282124042511,0.0,0.0,0.0,0.0,0.0,0.0,3.0,-0.04011104255914688,1.1476393938064575,11.117168426513672,10.000000083512225,1.5435317252992384e-11,OFFBOARD,1
8.528,TAKEOFF,9.102651131843944,60.43540255613651,0,16.692,0.0,1,0.309282124042511,0.0,0.0,0.0,0.0,0.0,0.0,3.0,-0.035902876406908035,1.1477429866790771,11.207928657531738,10.000000083512225,1.5435317252992384e-11,OFFBOARD,1
8.56,TAKEOFF,9.205141714033154,60.43090764919875,0,16.724,0.0,1,0.309282124042511,0.0,0.0,0.0,0.0,0.0,0.0,3.0,-0.0307471863925457,1.1486302614212036,11.321389198303223,10.000000083512225,1.5435317252992384e-11,OFFBOARD,1
8.592,TAKEOFF,9.28504562304067,60.42344434485032,0,16.756,0.0,1,0.309282124042511,0.0,0.0,0.0,0.0,0.0,0.0,3.0,-0.026722794398665428,1.1499158143997192,11.412267684936523,10.000000083512225,1.5435317252992384e-11,OFFBOARD,1
8.628,TAKEOFF,9.38837771477397,60.42303807496341,0,16.792,0.0,1,0.309282124042511,0.0,0.0,0.0,0.0,0.0,0.0,3.0,-0.02277260832488537,1.151644229888916,11.503270149230957,10.000000083512225,1.5435317252992384e-11,OFFBOARD,1
8.66,TAKEOFF,9.480671887418714,60.41916144622747,0,16.824,0.0,1,0.309282124042511,0.0,0.0,0.0,0.0,0.0,0.0,3.0,-0.018890859559178352,1.1537598371505737,11.594088554382324,10.000000083512225,1.5435317252992384e-11,OFFBOARD,1
8.692,TAKEOFF,9.573378431035072,60.415321185959584,0,16.856,0.0,1,0.309282124042511,0.0,0.0,0.0,0.0,0.0,0.0,3.0,-0.013746912591159344,1.1547259092330933,11.687758445739746,10.000000083512225,1.5435317252992384e-11,OFFBOARD,1
8.728,TAKEOFF,9.678146648554568,60.411041227006315,0,16.892,0.0,0,0.309282124042511,0.0,0.0,0.0,0.0,0.0,0.0,3.0,-0.008757611736655235,1.1560720205307007,11.781084060668945,10.000000083512225,1.5435317252992384e-11,OFFBOARD,1
8.76,TAKEOFF,9.771663928821788,60.40727006292962,0,16.924,0.0,0,0.309282124042511,0.0,0.0,0.0,0.0,0.0,0.0,3.0,-0.002726940903812647,1.1582329273223877,11.897359848022461,10.000000083512225,1.5435317252992384e-11,OFFBOARD,1
8.792,TAKEOFF,9.865522525887565,60.403528464249426,0,16.956,0.0,0,0.309282124042511,0.0,0.0,0.0,0.0,0.0,0.0,3.0,0.0019418876618146896,1.1602940559387207,11.990092277526855,10.000000083512225,1.5435317252992384e-11,OFFBOARD,1
8.828,TAKEOFF,9.9715029178307,60.39935354096222,0,16.992,0.0,0,0.309282124042511,0.0,0.0,0.0,0.0,0.0,0.0,3.0,0.0064935279078781605,1.1626149415969849,12.082566261291504,10.000000083512225,1.5435317252992384e-11,OFFBOARD,1
8.86,TAKEOFF,10.066048705437883,60.39567266498682,0,17.024,0.0,0,0.309282124042511,0.0,0.0,0.0,0.0,0.0,0.0,3.0,0.010943629778921604,1.165160059928894,12.174789428710938,10.000000083512225,1.5435317252992384e-11,OFFBOARD,1
8.892,TAKEOFF,10.16092759200755,60.39229356247656,0,17.056,0.0,0,0.309282124042511,0.0,0.0,0.0,0.0,0.0,0.0,3.0,0.017543558031320572,1.167372465133667,12.29256820678711,10.000000083512225,1.5435317252992384e-11,OFFBOARD,1
8.928,TAKEOFF,10.26807970456644,60.38927183609685,0,17.092,0.0,0,0.309282124042511,0.0,0.0,0.0,0.0,0.0,0.0,3.0,0.02115650288760662,1.1684849262237549,12.363378524780273,10.000000083512225,1.5435317252992384e-11,OFFBOARD,1
8.96,TAKEOFF,10.363667216039675,60.38728131681831,0,17.124,0.0,0,0.309282124042511,0.0,0.0,0.0,0.0,0.0,0.0,3.0,0.026164917275309563,1.1701992750167847,12.481124877929688,10.000000083512225,1.5435317252992384e-11,OFFBOARD,1
8.992,TAKEOFF,10.471133603553417,60.385823232273104,0,17.156,0.0,0,0.309282124042511,0.0,0.0,0.0,0.0,0.0,0.0,3.0,0.029259275645017624,1.1714180707931519,12.574896812438965,10.000000083512225,1.5435317252992384e-11,OFFBOARD,1
9.028,TAKEOFF,10.579248297956823,60.38515976799969,0,17.192,0.0,0,0.309282124042511,0.0,0.0,0.0,0.0,0.0,0.0,3.0,0.03156585618853569,1.172500491142273,12.668572425842285,10.000000083512225,1.5435317252992384e-11,OFFBOARD,1
9.06,TAKEOFF,10.67557655795933,60.383416410148904,0,17.224,0.0,0,0.309282124042511,0.0,0.0,0.0,0.0,0.0,0.0,3.0,0.033373940736055374,1.1736522912979126,12.785187721252441,10.000000083512225,1.5435317252992384e-11,OFFBOARD,1
9.092,TAKEOFF,10.772113017034242,60.385795220904804,0,17.256,0.0,0,0.309282124042511,0.0,0.0,0.0,0.0,0.0,0.0,3.0,0.03403268754482269,1.1744221448898315,12.878188133239746,10.000000083512225,1.5435317252992384e-11,OFFBOARD,1
9.132,TAKEOFF,10.869372153698421,60.38687900420864,0,17.296,0.0,0,0.309282124042511,0.0,0.0,0.0,0.0,0.0,0.0,3.0,0.03403791785240173,1.1750681400299072,12.97100830078125,10.000000083512225,1.5435317252992384e-11,OFFBOARD,1
9.16,TAKEOFF,10.966356141937899,60.38840682404911,0,17.324,0.0,0,0.309282124042511,0.0,0.0,0.0,0.0,0.0,0.0,3.0,0.03345824033021927,1.1756020784378052,13.063475608825684,10.000000083512225,1.5435317252992384e-11,OFFBOARD,1
9.192,TAKEOFF,11.063548956754559,60.39031661283816,0,17.356,0.0,0,0.309282124042511,0.0,0.0,0.0,0.0,0.0,0.0,3.0,0.032380566000938416,1.1760402917861938,13.155908584594727,10.000000083512225,1.5435317252992384e-11,OFFBOARD,1
9.228,TAKEOFF,11.173137574413616,60.39285378234395,0,17.392,0.0,1,0.8899334669113159,0.0,0.0,0.0,0.0,0.0,0.0,3.0,0.030862094834446907,1.1764026880264282,13.248153686523438,10.000000083512225,1.5435317252992384e-11,OFFBOARD,1
9.26,TAKEOFF,11.282377923273707,60.39789733708356,0,17.424,0.0,1,0.8899334669113159,0.0,0.0,0.0,0.0,0.0,0.0,3.0,0.02870667725801468,1.1764291524887085,13.364080429077148,10.000000083512225,1.5435317252992384e-11,OFFBOARD,1
9.292,TAKEOFF,11.368591917385132,60.39817740770649,0,17.456,0.0,1,0.8899334669113159,0.0,0.0,0.0,0.0,0.0,0.0,3.0,0.0278039388358593,1.17561674118042,13.434855461120605,10.000000083512225,1.5435317252992384e-11,OFFBOARD,1
9.328,TAKEOFF,11.478858854737153,60.40153458961946,0,17.492,0.0,1,0.8899334669113159,0.0,0.0,0.0,0.0,0.0,0.0,3.0,0.02583901770412922,1.174334168434143,13.552492141723633,10.000000083512225,1.5435317252992384e-11,OFFBOARD,1
9.36,TAKEOFF,11.577029701464848,60.404696497013774,0,17.524,0.0,1,0.8899334669113159,0.0,0.0,0.0,0.0,0.0,0.0,3.0,0.023911556228995323,1.1733489036560059,13.64635181427002,10.000000083512225,1.5435317252992384e-11,OFFBOARD,1
9.392,TAKEOFF,11.675255510889265,60.40783126160708,0,17.556,0.0,1,0.8899334669113159,0.0,0.0,0.0,0.0,0.0,0.0,3.0,0.021769331768155098,1.1724133491516113,13.739871978759766,10.000000083512225,1.5435317252992384e-11,OFFBOARD,1
9.428,TAKEOFF,11.785707614842037,60.41104224316089,0,17.592,0.0,1,0.8899334669113159,0.0,0.0,0.0,0.0,0.0,0.0,3.0,0.019714562222361565,1.1715199947357178,13.832971572875977,10.000000083512225,1.5435317252992384e-11,OFFBOARD,1
9.46,TAKEOFF,11.883847199573522,60.41360384907911,0,17.624,0.0,1,0.8899334669113159,0.0,0.0,0.0,0.0,0.0,0.0,3.0,0.017830997705459595,1.170640468597412,13.925613403320312,10.000000083512225,1.5435317252992384e-11,OFFBOARD,1
9.492,TAKEOFF,11.981957769698544,60.41588496507408,0,17.656,0.0,1,0.8899334669113159,0.0,0.0,0.0,0.0,0.0,0.0,3.0,0.016117848455905914,1.1697797775268555,14.018170356750488,10.000000083512225,1.5435317252992384e-11,OFFBOARD,1
9.528,TAKEOFF,12.09231001297813,60.4181234928928,0,17.692,0.0,1,0.8899334669113159,0.0,0.0,0.0,0.0,0.0,0.0,3.0,0.014590196311473846,1.1689268350601196,14.1104154586792,10.000000083512225,1.5435317252992384e-11,OFFBOARD,1
9.56,TAKEOFF,12.190393934465483,60.41983973418531,0,17.724,0.0,1,0.8899334669113159,0.0,0.0,0.0,0.0,0.0,0.0,3.0,0.012937627732753754,1.167884111404419,14.225339889526367,10.000000083512225,1.5435317252992384e-11,OFFBOARD,1
9.596,TAKEOFF,12.28847967519926,60.42242993474809,0,17.76,0.0,1,0.8899334669113159,0.0,0.0,0.0,0.0,0.0,0.0,3.0,0.011814876459538937,1.1670609712600708,14.317100524902344,10.000000083512225,1.5435317252992384e-11,OFFBOARD,1
9.628,TAKEOFF,12.398831487902855,60.42274702326846,0,17.792,0.0,1,0.8899334669113159,0.0,0.0,0.0,0.0,0.0,0.0,3.0,0.010853048413991928,1.1662355661392212,14.408649444580078,10.000000083512225,1.5435317252992384e-11,OFFBOARD,1
9.66,TAKEOFF,12.49692362195731,60.42382879308789,0,17.824,0.0,1,0.8899334669113159,0.0,0.0,0.0,0.0,0.0,0.0,3.0,0.010028498247265816,1.165408968925476,14.500104904174805,10.000000083512225,1.5435317252992384e-11,OFFBOARD,1
9.692,TAKEOFF,12.595015438468705,60.4247674859045,0,17.856,0.0,1,0.8899334669113159,0.0,0.0,0.0,0.0,0.0,0.0,3.0,0.008696269243955612,1.164799451828003,14.592352867126465,10.000000083512225,1.5435317252992384e-11,OFFBOARD,1
9.728,TAKEOFF,12.716961086608329,60.42579031710531,0,17.892,0.0,1,0.9217462539672852,0.0,0.0,0.0,0.0,0.0,0.0,3.0,0.007481249049305916,1.1641749143600464,14.684547424316406,10.000000083512225,1.5435317252992384e-11,OFFBOARD,1
9.76,TAKEOFF,12.815035370021807,60.42786849181421,0,17.924,0.0,1,0.9217462539672852,0.0,0.0,0.0,0.0,0.0,0.0,3.0,0.006097240839153528,1.163387656211853,14.799654006958008,10.000000083512225,1.5435317252992384e-11,OFFBOARD,1
9.792,TAKEOFF,12.91307493593946,60.42713710776475,0,17.956,0.0,1,0.9217462539672852,0.0,0.0,0.0,0.0,0.0,0.0,3.0,0.0050804512575268745,1.1627455949783325,14.891712188720703,10.000000083512225,1.5435317252992384e-11,OFFBOARD,1
9.828,TAKEOFF,13.01168109767879,60.42770473342079,0,17.992,0.0,1,0.9217462539672852,0.0,0.0,0.0,0.0,0.0,0.0,3.0,0.004126114305108786,1.1620858907699585,14.983742713928223,10.000000083512225,1.5435317252992384e-11,OFFBOARD,1
9.86,TAKEOFF,13.109588558834147,60.42823203763865,0,18.024,0.0,1,0.9217462539672852,0.0,0.0,0.0,0.0,0.0,0.0,3.0,0.0032413238659501076,1.1614110469818115,15.075718879699707,10.000000083512225,1.5435317252992384e-11,OFFBOARD,1
9.892,TAKEOFF,13.219259026474013,60.428575715810545,0,18.056,0.0,1,0.9217462539672852,0.0,0.0,0.0,0.0,0.0,0.0,3.0,0.0024588715750724077,1.1607307195663452,15.167842864990234,10.000000083512225,1.5435317252992384e-11,OFFBOARD,1
9.928,TAKEOFF,13.31809261141877,60.42842477996294,0,18.092,0.0,1,0.9217462539672852,0.0,0.0,0.0,0.0,0.0,0.0,3.0,0.0020259409211575985,1.1600929498672485,15.260135650634766,10.000000083512225,1.5435317252992384e-11,OFFBOARD,1
9.96,TAKEOFF,13.428342675247812,60.427791415733864,0,18.124,0.0,1,0.9217462539672852,0.0,0.0,0.0,0.0,0.0,0.0,3.0,0.0020816896576434374,1.1593877077102661,15.37586784362793,10.000000083512225,1.5435317252992384e-11,OFFBOARD,1
9.992,TAKEOFF,13.526957596495016,60.42678741832317,0,18.156,0.0,1,0.9217462539672852,0.0,0.0,0.0,0.0,0.0,0.0,3.0,0.0026020370423793793,1.158908486366272,15.468681335449219,10.000000083512225,1.5435317252992384e-11,OFFBOARD,1
10.028,TAKEOFF,13.637940837393721,60.4251892748377,0,18.192,0.0,1,0.9217462539672852,0.0,0.0,0.0,0.0,0.0,0.0,3.0,0.003537180833518505,1.1585133075714111,15.561744689941406,10.000000083512225,1.5435317252992384e-11,OFFBOARD,1
10.06,TAKEOFF,13.736562034652845,60.42337588940247,0,18.224,0.0,1,0.9217462539672852,0.0,0.0,0.0,0.0,0.0,0.0,3.0,0.004876334220170975,1.1581902503967285,15.654901504516602,10.000000083512225,1.5435317252992384e-11,OFFBOARD,1
10.092,TAKEOFF,13.823206332444958,60.42149643911346,0,18.256,0.0,1,0.9217462539672852,0.0,0.0,0.0,0.0,0.0,0.0,3.0,0.006457054056227207,1.1573621034622192,15.75048542022705,10.000000083512225,1.5435317252992384e-11,OFFBOARD,1
10.128,TAKEOFF,13.933899211006453,60.41875180804647,0,18.292,0.0,1,0.9217462539672852,0.0,0.0,0.0,0.0,0.0,0.0,3.0,0.008346245624125004,1.1564373970031738,15.846562385559082,10.000000083512225,1.5435317252992384e-11,OFFBOARD,1
10.164,TAKEOFF,14.032447945002009,60.41601162600435,0,18.328,0.0,1,0.9217462539672852,0.0,0.0,0.0,0.0,0.0,0.0,3.0,0.011132057756185532,1.1554136276245117,15.966262817382812,10.000000083512225,1.5435317252992384e-11,OFFBOARD,1
10.192,TAKEOFF,14.130093079188148,60.41306752619519,0,18.356,0.0,1,0.9217462539672852,0.0,0.0,0.0,0.0,0.0,0.0,3.0,0.013645824044942856,1.1546865701675415,16.06183624267578,10.000000083512225,1.5435317252992384e-11,OFFBOARD,1
10.228,TAKEOFF,14.240029990260615,60.4095062068354,0,18.392,0.0,1,0.9217462539672852,0.0,0.0,0.0,0.0,0.0,0.0,3.0,0.016382964327931404,1.1540405750274658,16.157350540161133,10.000000083512225,1.5435317252992384e-11,OFFBOARD,1
10.26,TAKEOFF,14.337462515340235,60.406166734133016,0,18.424,0.0,1,0.9286688566207886,0.0,0.0,0.0,0.0,0.0,0.0,3.0,0.01930886134505272,1.153461217880249,16.252779006958008,10.000000083512225,1.5435317252992384e-11,OFFBOARD,1
10.292,TAKEOFF,14.446537064999427,60.402261844801004,0,18.456,0.0,1,0.9286688566207886,0.0,0.0,0.0,0.0,0.0,0.0,3.0,0.022399798035621643,1.1529426574707031,16.347932815551758,10.000000083512225,1.5435317252992384e-11,OFFBOARD,1
10.328,TAKEOFF,14.543555799039776,60.398640054608265,0,18.492,0.0,1,0.9286688566207886,0.0,0.0,0.0,0.0,0.0,0.0,3.0,0.02563558705151081,1.1524806022644043,16.442819595336914,10.000000083512225,1.5435317252992384e-11,OFFBOARD,1
10.36,TAKEOFF,14.640084024416327,60.394933900172035,0,18.524,0.0,1,0.9286688566207886,0.0,0.0,0.0,0.0,0.0,0.0,3.0,0.029869502410292625,1.1520004272460938,16.561073303222656,10.000000083512225,1.5435317252992384e-11,OFFBOARD,1
10.392,TAKEOFF,14.736183681299192,60.39123541224912,0,18.556,0.0,1,0.9286688566207886,0.0,0.0,0.0,0.0,0.0,0.0,3.0,0.03334757313132286,1.1516354084014893,16.655353546142578,10.000000083512225,1.5435317252992384e-11,OFFBOARD,1
10.428,TAKEOFF,14.843669814906738,60.38718290426723,0,18.592,0.0,1,0.9286688566207886,0.0,0.0,0.0,0.0,0.0,0.0,3.0,0.0367584228515625,1.1511691808700562,16.74951934814453,10.000000083512225,1.5435317252992384e-11,OFFBOARD,1
10.46,TAKEOFF,14.938694311808836,60.38368480897829,0,18.624,0.0,1,0.9286688566207886,0.0,0.0,0.0,0.0,0.0,0.0,3.0,0.04071022942662239,1.1499449014663696,16.867454528808594,10.000000083512225,1.5435317252992384e-11,OFFBOARD,1
10.492,TAKEOFF,15.033276866640543,60.38028878855982,0,18.656,0.0,1,0.9286688566207886,0.0,0.0,0.0,0.0,0.0,0.0,3.0,0.042559776455163956,1.1480531692504883,16.93991470336914,10.000000083512225,1.5435317252992384e-11,OFFBOARD,1
10.528,TAKEOFF,15.139195515886192,60.37658857854131,0,18.692,0.0,1,0.9286688566207886,0.0,0.0,0.0,0.0,0.0,0.0,3.0,0.04496925696730614,1.1455409526824951,17.036121368408203,10.000000083512225,1.5435317252992384e-11,OFFBOARD,1
10.56,TAKEOFF,15.232930530254245,60.37339969617275,0,18.724,0.0,1,0.9286688566207886,0.0,0.0,0.0,0.0,0.0,0.0,3.0,0.047912292182445526,1.1423726081848145,17.156076431274414,10.000000083512225,1.5435317252992384e-11,OFFBOARD,1
10.592,TAKEOFF,15.338085330744333,60.369929829811916,0,18.756,0.0,1,0.9286688566207886,0.0,0.0,0.0,0.0,0.0,0.0,3.0,0.0502232126891613,1.1398208141326904,17.251632690429688,10.000000083512225,1.5435317252992384e-11,OFFBOARD,1
10.628,TAKEOFF,15.442660631894933,60.36653268187674,0,18.792,0.0,1,0.9286688566207886,0.0,0.0,0.0,0.0,0.0,0.0,3.0,0.05248945578932762,1.1372690200805664,17.346872329711914,10.000000083512225,1.5435317252992384e-11,OFFBOARD,1
10.66,TAKEOFF,15.523460350402765,60.36392346857309,0,18.824,0.0,1,0.9286688566207886,0.0,0.0,0.0,0.0,0.0,0.0,3.0,0.05470367893576622,1.1347038745880127,17.441862106323242,10.000000083512225,1.5435317252992384e-11,OFFBOARD,1
10.692,TAKEOFF,15.62750126755999,60.360661940337565,0,18.856,0.0,1,0.9286688566207886,0.0,0.0,0.0,0.0,0.0,0.0,3.0,0.0568692646920681,1.132138967514038,17.53647232055664,10.000000083512225,1.5435317252992384e-11,OFFBOARD,1
10.728,TAKEOFF,15.730919151836176,60.35742679001848,0,18.892,0.0,1,0.9286688566207886,0.0,0.0,0.0,0.0,0.0,0.0,3.0,0.05953671410679817,1.1289374828338623,17.654573440551758,10.000000083512225,1.5435317252992384e-11,OFFBOARD,1
10.76,TAKEOFF,15.810764411109153,60.35491377517347,0,18.924,0.0,1,0.9286688566207886,0.0,0.0,0.0,0.0,0.0,0.0,3.0,0.06165279448032379,1.126364827156067,17.74874496459961,10.000000083512225,1.5435317252992384e-11,OFFBOARD,1
10.792,TAKEOFF,15.902118923329608,60.35207960111239,0,18.956,0.0,1,0.9212037920951843,0.0,0.0,0.0,0.0,0.0,0.0,3.0,0.06376809626817703,1.1237958669662476,17.84270477294922,10.000000083512225,1.5435317252992384e-11,OFFBOARD,1
10.828,TAKEOFF,15.992812404702908,60.349238394049834,0,18.992,0.0,1,0.9212037920951843,0.0,0.0,0.0,0.0,0.0,0.0,3.0,0.06590065360069275,1.1212329864501953,17.93636703491211,10.000000083512225,1.5435317252992384e-11,OFFBOARD,1
10.86,TAKEOFF,16.095433905667953,60.343893911181254,0,19.024,0.0,1,0.9212037920951843,0.0,0.0,0.0,0.0,0.0,0.0,3.0,0.06805426627397537,1.118668794631958,18.02984619140625,10.000000083512225,1.5435317252992384e-11,OFFBOARD,1
10.892,TAKEOFF,16.18620646367783,60.34334149868248,0,19.056,0.0,1,0.9212037920951843,0.0,0.0,0.0,0.0,0.0,0.0,3.0,0.07018041610717773,1.115334391593933,18.126482009887695,10.000000083512225,1.5435317252992384e-11,OFFBOARD,1
10.928,TAKEOFF,16.288459630874478,60.34039480989182,0,19.092,0.0,1,0.9212037920951843,0.0,0.0,0.0,0.0,0.0,0.0,3.0,0.07222310453653336,1.1119228601455688,18.222949981689453,10.000000083512225,1.5435317252992384e-11,OFFBOARD,1
10.96,TAKEOFF,16.379420409772653,60.33791117392514,0,19.124,0.0,1,0.9212037920951843,0.0,0.0,0.0,0.0,0.0,0.0,3.0,0.07462332397699356,1.1074920892715454,18.34360694885254,10.000000083512225,1.5435317252992384e-11,OFFBOARD,1
10.992,TAKEOFF,16.470371653596995,60.33555693866001,0,19.156,0.0,1,0.9212037920951843,0.0,0.0,0.0,0.0,0.0,0.0,3.0,0.07640543580055237,1.1037929058074951,18.43999671936035,10.000000083512225,1.5435317252992384e-11,OFFBOARD,1
11.028,TAKEOFF,16.572603628039776,60.333062129811985,0,19.192,0.0,1,0.9212037920951843,0.0,0.0,0.0,0.0,0.0,0.0,3.0,0.07805763930082321,1.099968671798706,18.536144256591797,10.000000083512225,1.5435317252992384e-11,OFFBOARD,1
11.06,TAKEOFF,16.663354879327308,60.33097704329063,0,19.224,0.0,1,0.9212037920951843,0.0,0.0,0.0,0.0,0.0,0.0,3.0,0.07959245890378952,1.0960286855697632,18.63213348388672,10.000000083512225,1.5435317252992384e-11,OFFBOARD,1
11.092,TAKEOFF,16.753974299719683,60.329009506088205,0,19.256,0.0,1,0.9212037920951843,0.0,0.0,0.0,0.0,0.0,0.0,3.0,0.08103592693805695,1.0919896364212036,18.727855682373047,10.000000083512225,1.5435317252992384e-11,OFFBOARD,1
11.128,TAKEOFF,16.85576086918846,60.32692495705629,0,19.292,0.0,1,0.9212037920951843,0.0,0.0,0.0,0.0,0.0,0.0,3.0,0.08238711953163147,1.0878740549087524,18.823436737060547,10.000000083512225,1.5435317252992384e-11,OFFBOARD,1
11.16,TAKEOFF,16.958034900245497,60.32498510176324,0,19.324,0.0,1,0.9212037920951843,0.0,0.0,0.0,0.0,0.0,0.0,3.0,0.0839560329914093,1.082637906074524,18.942506790161133,10.000000083512225,1.5435317252992384e-11,OFFBOARD,1
11.196,TAKEOFF,17.036334126211777,60.32351209804854,0,19.36,0.0,1,0.9212037920951843,0.0,0.0,0.0,0.0,0.0,0.0,3.0,0.08512523025274277,1.0783963203430176,19.03754997253418,10.000000083512225,1.5435317252992384e-11,OFFBOARD,1
11.228,TAKEOFF,17.137740465711957,60.32173296907172,0,19.392,0.0,1,0.9212037920951843,0.0,0.0,0.0,0.0,0.0,0.0,3.0,0.086215078830719,1.074092149734497,19.132505416870117,10.000000083512225,1.5435317252992384e-11,OFFBOARD,1
11.26,TAKEOFF,17.23974364089507,60.32006283818356,0,19.424,0.0,1,0.9212037920951843,0.0,0.0,0.0,0.0,0.0,0.0,3.0,0.0872456356883049,1.0697259902954102,19.227365493774414,10.000000083512225,1.5435317252992384e-11,OFFBOARD,1
11.292,TAKEOFF,17.31783347168248,60.31877507157128,0,19.456,0.0,1,0.9212037920951843,0.0,0.0,0.0,0.0,0.0,0.0,3.0,0.08875639736652374,1.0648996829986572,19.32413673400879,10.000000083512225,1.5435317252992384e-11,OFFBOARD,1
11.328,TAKEOFF,17.419080659727957,60.31720872786126,0,19.492,0.0,1,0.9070765972137451,0.0,0.0,0.0,0.0,0.0,0.0,3.0,0.0903543084859848,1.0599455833435059,19.421316146850586,10.000000083512225,1.5435317252992384e-11,OFFBOARD,1
11.36,TAKEOFF,17.509054708968588,60.31586672770936,0,19.524,0.0,1,0.9070765972137451,0.0,0.0,0.0,0.0,0.0,0.0,3.0,0.09223587810993195,1.0537779331207275,19.542383193969727,10.000000083512225,1.5435317252992384e-11,OFFBOARD,1
11.392,TAKEOFF,17.598869281172234,60.31458889930895,0,19.556,0.0,1,0.9070765972137451,0.0,0.0,0.0,0.0,0.0,0.0,3.0,0.09364377707242966,1.048858880996704,19.638765335083008,10.000000083512225,1.5435317252992384e-11,OFFBOARD,1
11.428,TAKEOFF,17.711472860157972,60.313125313546024,0,19.592,0.0,1,0.9070765972137451,0.0,0.0,0.0,0.0,0.0,0.0,3.0,0.09492641687393188,1.0439988374710083,19.734975814819336,10.000000083512225,1.5435317252992384e-11,OFFBOARD,1
11.46,TAKEOFF,17.78894244204171,60.31212945580962,0,19.624,0.0,1,0.9070765972137451,0.0,0.0,0.0,0.0,0.0,0.0,3.0,0.09609130769968033,1.039199709892273,19.830585479736328,10.000000083512225,1.5435317252992384e-11,OFFBOARD,1
11.492,TAKEOFF,17.878150024595282,60.31108882266996,0,19.656,0.0,1,0.9070765972137451,0.0,0.0,0.0,0.0,0.0,0.0,3.0,0.0973229631781578,1.033757209777832,19.92782211303711,10.000000083512225,1.5435317252992384e-11,OFFBOARD,1
11.528,TAKEOFF,17.978428488650028,60.31000331607594,0,19.692,0.0,1,0.9070765972137451,0.0,0.0,0.0,0.0,0.0,0.0,3.0,0.09844476729631424,1.0284212827682495,20.024608612060547,10.000000083512225,1.5435317252992384e-11,OFFBOARD,1
11.56,TAKEOFF,18.07932803410875,60.30902909103591,0,19.724,0.0,1,0.9070765972137451,0.0,0.0,0.0,0.0,0.0,0.0,3.0,0.09969530999660492,1.0218794345855713,20.14483070373535,10.000000083512225,1.5435317252992384e-11,OFFBOARD,1
11.592,TAKEOFF,18.156650409788817,60.30828087126327,0,19.756,0.0,1,0.9070765972137451,0.0,0.0,0.0,0.0,0.0,0.0,3.0,0.1006029024720192,1.0167425870895386,20.240446090698242,10.000000083512225,1.5435317252992384e-11,OFFBOARD,1
11.632,TAKEOFF,18.256947880961565,60.30741764562483,0,19.796,0.0,1,0.9070765972137451,0.0,0.0,0.0,0.0,0.0,0.0,3.0,0.1014256402850151,1.011675477027893,20.335668563842773,10.000000083512225,1.5435317252992384e-11,OFFBOARD,1
11.66,TAKEOFF,18.346172563438326,60.306707638277445,0,19.824,0.0,1,0.9070765972137451,0.0,0.0,0.0,0.0,0.0,0.0,3.0,0.10215425491333008,1.0066771507263184,20.430667877197266,10.000000083512225,1.5435317252992384e-11,OFFBOARD,1
11.692,TAKEOFF,18.447256222891138,60.30599473708238,0,19.856,0.0,1,0.9046949148178101,0.0,0.0,0.0,0.0,0.0,0.0,3.0,0.10280196368694305,1.001737356185913,20.525470733642578,10.000000083512225,1.5435317252992384e-11,OFFBOARD,1
11.728,TAKEOFF,18.536140823762285,60.30535808050424,0,19.892,0.0,1,0.9046949148178101,0.0,0.0,0.0,0.0,0.0,0.0,3.0,0.10338776558637619,0.9968584179878235,20.62005043029785,10.000000083512225,1.5435317252992384e-11,OFFBOARD,1
11.764,TAKEOFF,18.637519851949627,60.3047474032812,0,19.928,0.0,1,0.9046949148178101,0.0,0.0,0.0,0.0,0.0,0.0,3.0,0.10406298190355301,0.990838348865509,20.738088607788086,10.000000083512225,1.5435317252992384e-11,OFFBOARD,1
11.792,TAKEOFF,18.715569285010034,60.30425507829015,0,19.956,0.0,1,0.9046949148178101,0.0,0.0,0.0,0.0,0.0,0.0,3.0,0.10455649346113205,0.9860759377479553,20.832271575927734,10.000000083512225,1.5435317252992384e-11,OFFBOARD,1
11.828,TAKEOFF,18.816841181756917,60.30369384849801,0,19.992,0.0,1,0.9046949148178101,0.0,0.0,0.0,0.0,0.0,0.0,3.0,0.10499925911426544,0.9813599586486816,20.92626190185547,10.000000083512225,1.5435317252992384e-11,OFFBOARD,1
11.86,TAKEOFF,18.907107316220547,60.30322647354685,0,20.024,0.0,1,0.9046949148178101,0.0,0.0,0.0,0.0,0.0,0.0,3.0,0.10539721697568893,0.9766854643821716,21.019954681396484,10.000000083512225,1.5435317252992384e-11,OFFBOARD,1
11.892,TAKEOFF,18.99763786818934,60.30219285004308,0,20.056,0.0,1,0.9046949148178101,0.0,0.0,0.0,0.0,0.0,0.0,3.0,0.10572706162929535,0.9697396755218506,21.13871955871582,10.000000083512225,1.5435317252992384e-11,OFFBOARD,1
11.928,TAKEOFF,19.099833430534932,60.301679970628456,0,20.092,0.0,1,0.9046949148178101,0.0,0.0,0.0,0.0,0.0,0.0,3.0,0.10608614981174469,0.9657906889915466,21.209808349609375,10.000000083512225,1.5435317252992384e-11,OFFBOARD,1
11.96,TAKEOFF,19.191001189009445,60.3005692550613,0,20.124,0.0,1,0.9046949148178101,0.0,0.0,0.0,0.0,0.0,0.0,3.0,0.1070125475525856,0.9595798254013062,21.328107833862305,10.000000083512225,1.5435317252992384e-11,OFFBOARD,1
11.992,TAKEOFF,19.28248382598941,60.29921240202328,0,20.156,0.0,1,0.9046949148178101,0.0,0.0,0.0,0.0,0.0,0.0,3.0,0.1080293133854866,0.9549345970153809,21.422529220581055,10.000000083512225,1.5435317252992384e-11,OFFBOARD,1
12.028,TAKEOFF,19.385784003789713,60.29740038014485,0,20.192,0.0,1,0.9046949148178101,0.0,0.0,0.0,0.0,0.0,0.0,3.0,0.1093035340309143,0.950571596622467,21.516658782958984,10.000000083512225,1.5435317252992384e-11,OFFBOARD,1
12.06,TAKEOFF,19.4779492180096,60.295550851906754,0,20.224,0.0,1,0.9046949148178101,0.0,0.0,0.0,0.0,0.0,0.0,3.0,0.11079718172550201,0.9464940428733826,21.610580444335938,10.000000083512225,1.5435317252992384e-11,OFFBOARD,1
12.092,TAKEOFF,19.570443814623165,60.29349599835876,0,20.256,0.0,1,0.9046949148178101,0.0,0.0,0.0,0.0,0.0,0.0,3.0,0.11250641942024231,0.9426699280738831,21.704315185546875,10.000000083512225,1.5435317252992384e-11,OFFBOARD,1
12.128,TAKEOFF,19.674906060778827,60.290966070633296,0,20.292,0.0,1,0.9046949148178101,0.0,0.0,0.0,0.0,0.0,0.0,3.0,0.11442656069993973,0.9390822052955627,21.79796028137207,10.000000083512225,1.5435317252992384e-11,OFFBOARD,1
12.16,TAKEOFF,19.779945825167367,60.28826724126778,0,20.324,0.0,1,0.9046949148178101,0.0,0.0,0.0,0.0,0.0,0.0,3.0,0.11706266552209854,0.9348841905593872,21.915109634399414,10.000000083512225,1.5435317252992384e-11,OFFBOARD,1
12.192,TAKEOFF,19.86171040303212,60.28599595490888,0,20.356,0.0,1,0.9276807308197021,0.0,0.0,0.0,0.0,0.0,0.0,3.0,0.11934559792280197,0.9317170977592468,22.008899688720703,10.000000083512225,1.5435317252992384e-11,OFFBOARD,1
12.228,TAKEOFF,19.967412920936024,60.28298932281645,0,20.392,0.0,1,0.9276807308197021,0.0,0.0,0.0,0.0,0.0,0.0,3.0,0.1217539831995964,0.928701639175415,22.10259437561035,10.000000083512225,1.5435317252992384e-11,OFFBOARD,1
12.26,TAKEOFF,20.061750938294445,60.280218034469286,0,20.424,0.0,1,0.9276807308197021,0.0,0.0,0.0,0.0,0.0,0.0,3.0,0.12427151948213577,0.9258359670639038,22.196447372436523,10.000000083512225,1.5435317252992384e-11,OFFBOARD,1
12.292,TAKEOFF,20.15644850476726,60.277370793833796,0,20.456,0.0,1,0.9276807308197021,0.0,0.0,0.0,0.0,0.0,0.0,3.0,0.12688030302524567,0.9227297306060791,22.29166603088379,10.000000083512225,1.5435317252992384e-11,OFFBOARD,1
12.328,TAKEOFF,20.26340884328146,60.274093072141774,0,20.492,0.0,1,0.9276807308197021,0.0,0.0,0.0,0.0,0.0,0.0,3.0,0.13023202121257782,0.9190359115600586,22.410621643066406,10.000000083512225,1.5435317252992384e-11,OFFBOARD,1
12.36,TAKEOFF,20.358850334602003,60.26833420877503,0,20.524,0.0,1,0.9276807308197021,0.0,0.0,0.0,0.0,0.0,0.0,3.0,0.13297820091247559,0.916208803653717,22.50557518005371,10.000000083512225,1.5435317252992384e-11,OFFBOARD,1
12.396,TAKEOFF,20.454532670131044,60.26812571512424,0,20.56,0.0,1,0.9276807308197021,0.0,0.0,0.0,0.0,0.0,0.0,3.0,0.13575591146945953,0.9134644865989685,22.600488662719727,10.000000083512225,1.5435317252992384e-11,OFFBOARD,1
12.428,TAKEOFF,20.562316175983163,60.26474665751893,0,20.592,0.0,1,0.9276807308197021,0.0,0.0,0.0,0.0,0.0,0.0,3.0,0.13852189481258392,0.9106188416481018,22.69507598876953,10.000000083512225,1.5435317252992384e-11,OFFBOARD,1
12.46,TAKEOFF,20.658267844734635,60.26174172079537,0,20.624,0.0,1,0.9276807308197021,0.0,0.0,0.0,0.0,0.0,0.0,3.0,0.1412726640701294,0.9076349139213562,22.789342880249023,10.000000083512225,1.5435317252992384e-11,OFFBOARD,1
12.492,TAKEOFF,20.742607899701905,60.25907948266782,0,20.656,0.0,1,0.9276807308197021,0.0,0.0,0.0,0.0,0.0,0.0,3.0,0.144207164645195,0.904913067817688,22.883953094482422,10.000000083512225,1.5435317252992384e-11,OFFBOARD,1
12.528,TAKEOFF,20.86274115810434,60.25535957642665,0,20.692,0.0,1,0.9276807308197021,0.0,0.0,0.0,0.0,0.0,0.0,3.0,0.14716626703739166,0.9021204113960266,22.978382110595703,10.000000083512225,1.5435317252992384e-11,OFFBOARD,1
12.564,TAKEOFF,20.97104254531586,60.25201650075049,0,20.728,0.0,1,0.9276807308197021,0.0,0.0,0.0,0.0,0.0,0.0,3.0,0.15081408619880676,0.898339033126831,23.096092224121094,10.000000083512225,1.5435317252992384e-11,OFFBOARD,1
12.592,TAKEOFF,21.06781270906854,60.249013533019024,0,20.756,0.0,1,0.9276807308197021,0.0,0.0,0.0,0.0,0.0,0.0,3.0,0.15369857847690582,0.8950940370559692,23.189998626708984,10.000000083512225,1.5435317252992384e-11,OFFBOARD,1
12.628,TAKEOFF,21.165219400073358,60.24597277349678,0,20.792,0.0,1,0.9276807308197021,0.0,0.0,0.0,0.0,0.0,0.0,3.0,0.1565549522638321,0.8916673064231873,23.283784866333008,10.000000083512225,1.5435317252992384e-11,OFFBOARD,1
12.66,TAKEOFF,21.262518916757283,60.24296169367049,0,20.824,0.0,1,0.9276807308197021,0.0,0.0,0.0,0.0,0.0,0.0,3.0,0.15940579771995544,0.8880759477615356,23.377378463745117,10.000000083512225,1.5435317252992384e-11,OFFBOARD,1
12.692,TAKEOFF,21.360079884335203,60.23994447145121,0,20.856,0.0,1,0.9276807308197021,0.0,0.0,0.0,0.0,0.0,0.0,3.0,0.16223672032356262,0.8843451738357544,23.470809936523438,10.000000083512225,1.5435317252992384e-11,OFFBOARD,1
12.728,TAKEOFF,21.470150657730283,60.236542168686796,0,20.892,0.0,1,0.9162747263908386,0.0,0.0,0.0,0.0,0.0,0.0,3.0,0.16504694521427155,0.8804879188537598,23.564208984375,10.000000083512225,1.5435317252992384e-11,OFFBOARD,1
12.76,TAKEOFF,21.568265782156647,60.22993987533012,0,20.924,0.0,1,0.9162747263908386,0.0,0.0,0.0,0.0,0.0,0.0,3.0,0.16854417324066162,0.8755092024803162,23.680747985839844,10.000000083512225,1.5435317252992384e-11,OFFBOARD,1
12.792,TAKEOFF,21.66663636335296,60.227628684417894,0,20.956,0.0,1,0.9162747263908386,0.0,0.0,0.0,0.0,0.0,0.0,3.0,0.17132967710494995,0.8714180588722229,23.773834228515625,10.000000083512225,1.5435317252992384e-11,OFFBOARD,1
12.828,TAKEOFF,21.77760162693921,60.22705405965427,0,20.992,0.0,1,0.9162747263908386,0.0,0.0,0.0,0.0,0.0,0.0,3.0,0.17409007251262665,0.8672388792037964,23.866897583007812,10.000000083512225,1.5435317252992384e-11,OFFBOARD,1
12.86,TAKEOFF,21.876489258836212,60.224010769153345,0,21.024,0.0,1,0.9162747263908386,0.0,0.0,0.0,0.0,0.0,0.0,3.0,0.17682604491710663,0.8629962205886841,23.960105895996094,10.000000083512225,1.5435317252992384e-11,OFFBOARD,1
12.892,TAKEOFF,21.975851549025503,60.22101865476936,0,21.056,0.0,1,0.9162747263908386,0.0,0.0,0.0,0.0,0.0,0.0,3.0,0.17950162291526794,0.8588467240333557,24.055662155151367,10.000000083512225,1.5435317252992384e-11,OFFBOARD,1
12.928,TAKEOFF,22.100323729588645,60.217446821581575,0,21.092,0.0,1,0.9162747263908386,0.0,0.0,0.0,0.0,0.0,0.0,3.0,0.18211594223976135,0.854904294013977,24.151336669921875,10.000000083512225,1.5435317252992384e-11,OFFBOARD,1
12.96,TAKEOFF,22.20100840451987,60.214666319952315,0,21.124,0.0,1,0.9162747263908386,0.0,0.0,0.0,0.0,0.0,0.0,3.0,0.18526054918766022,0.8503042459487915,24.271133422851562,10.000000083512225,1.5435317252992384e-11,OFFBOARD,1
13.0,TAKEOFF,22.290781701254225,60.212235744770176,0,21.164,0.0,1,0.9162747263908386,0.0,0.0,0.0,0.0,0.0,0.0,3.0,0.18767845630645752,0.8468897938728333,24.36714744567871,10.000000083512225,1.5435317252992384e-11,OFFBOARD,1
13.028,TAKEOFF,22.404266876712054,60.20934995852032,0,21.192,0.0,1,0.9162747263908386,0.0,0.0,0.0,0.0,0.0,0.0,3.0,0.19001264870166779,0.843716025352478,24.463401794433594,10.000000083512225,1.5435317252992384e-11,OFFBOARD,1
13.06,TAKEOFF,22.505989840225787,60.20684573863807,0,21.224,0.0,1,0.9162747263908386,0.0,0.0,0.0,0.0,0.0,0.0,3.0,0.19226151704788208,0.8407792448997498,24.559640884399414,10.000000083512225,1.5435317252992384e-11,OFFBOARD,1
13.092,TAKEOFF,22.607886908585243,60.20442356829792,0,21.256,0.0,1,0.9162747263908386,0.0,0.0,0.0,0.0,0.0,0.0,3.0,0.1944238543510437,0.8380667567253113,24.655914306640625,10.000000083512225,1.5435317252992384e-11,OFFBOARD,1
13.128,TAKEOFF,22.722659765275356,60.20178682413295,0,21.292,0.0,1,0.9162747263908386,0.0,0.0,0.0,0.0,0.0,0.0,3.0,0.19651322066783905,0.8355537056922913,24.752046585083008,10.000000083512225,1.5435317252992384e-11,OFFBOARD,1
13.16,TAKEOFF,22.824757357848146,60.19951247430239,0,21.324,0.0,1,0.9162747263908386,0.0,0.0,0.0,0.0,0.0,0.0,3.0,0.19903068244457245,0.8326611518859863,24.872045516967773,10.000000083512225,1.5435317252992384e-11,OFFBOARD,1
13.192,TAKEOFF,22.926893830011455,60.19729508409887,0,21.356,0.0,1,0.9097704887390137,0.0,0.0,0.0,0.0,0.0,0.0,3.0,0.20098653435707092,0.830521821975708,24.967992782592773,10.000000083512225,1.5435317252992384e-11,OFFBOARD,1
13.228,TAKEOFF,23.04180839209989,60.19485906660851,0,21.392,0.0,1,0.9097704887390137,0.0,0.0,0.0,0.0,0.0,0.0,3.0,0.20288735628128052,0.8285300731658936,25.063810348510742,10.000000083512225,1.5435317252992384e-11,OFFBOARD,1
13.26,TAKEOFF,23.143944636423146,60.192738770841196,0,21.424,0.0,1,0.9097704887390137,0.0,0.0,0.0,0.0,0.0,0.0,3.0,0.20474015176296234,0.826657235622406,25.159692764282227,10.000000083512225,1.5435317252992384e-11,OFFBOARD,1
13.292,TAKEOFF,23.24605274586664,60.190655627233724,0,21.456,0.0,1,0.9097704887390137,0.0,0.0,0.0,0.0,0.0,0.0,3.0,0.2063303291797638,0.824051022529602,25.256805419921875,10.000000083512225,1.5435317252992384e-11,OFFBOARD,1
13.328,TAKEOFF,23.372944653697775,60.188138375725075,0,21.492,0.0,1,0.9097704887390137,0.0,0.0,0.0,0.0,0.0,0.0,3.0,0.20789647102355957,0.8215985894203186,25.353755950927734,10.000000083512225,1.5435317252992384e-11,OFFBOARD,1
13.36,TAKEOFF,23.462834906467386,60.18633530592716,0,21.524,0.0,1,0.9097704887390137,0.0,0.0,0.0,0.0,0.0,0.0,3.0,0.20982305705547333,0.8187296986579895,25.474794387817383,10.000000083512225,1.5435317252992384e-11,OFFBOARD,1
13.392,TAKEOFF,23.564627554679777,60.18438915404402,0,21.556,0.0,1,0.9097704887390137,0.0,0.0,0.0,0.0,0.0,0.0,3.0,0.21132805943489075,0.8165674805641174,25.571413040161133,10.000000083512225,1.5435317252992384e-11,OFFBOARD,1
13.428,TAKEOFF,23.67883926295181,60.182320286532295,0,21.592,0.0,1,0.9097704887390137,0.0,0.0,0.0,0.0,0.0,0.0,3.0,0.21273142099380493,0.8145136833190918,25.6677188873291,10.000000083512225,1.5435317252992384e-11,OFFBOARD,1
13.46,TAKEOFF,23.78009364418143,60.18058727666793,0,21.624,0.0,1,0.9097704887390137,0.0,0.0,0.0,0.0,0.0,0.0,3.0,0.21403823792934418,0.8125462532043457,25.763626098632812,10.000000083512225,1.5435317252992384e-11,OFFBOARD,1
13.492,TAKEOFF,23.893129886629584,60.17879669873026,0,21.656,0.0,1,0.9097704887390137,0.0,0.0,0.0,0.0,0.0,0.0,3.0,0.21512211859226227,0.8101179003715515,25.8614501953125,10.000000083512225,1.5435317252992384e-11,OFFBOARD,1
13.528,TAKEOFF,23.994485422124896,60.17722626686537,0,21.692,0.0,1,0.9097704887390137,0.0,0.0,0.0,0.0,0.0,0.0,3.0,0.21612094342708588,0.8077898025512695,25.958824157714844,10.000000083512225,1.5435317252992384e-11,OFFBOARD,1
13.56,TAKEOFF,24.095004598882717,60.17463314852947,0,21.724,0.0,1,0.9097704887390137,0.0,0.0,0.0,0.0,0.0,0.0,3.0,0.21723510324954987,0.8050169348716736,26.080053329467773,10.000000083512225,1.5435317252992384e-11,OFFBOARD,1
13.596,TAKEOFF,24.207263958393906,60.17430510030005,0,21.76,0.0,1,0.9097704887390137,0.0,0.0,0.0,0.0,0.0,0.0,3.0,0.21801917254924774,0.8029079437255859,26.176883697509766,10.000000083512225,1.5435317252992384e-11,OFFBOARD,1
13.628,TAKEOFF,24.307772321539076,60.172985321516165,0,21.792,0.0,1,0.9097704887390137,0.0,0.0,0.0,0.0,0.0,0.0,3.0,0.21870696544647217,0.8008869886398315,26.273334503173828,10.000000083512225,1.5435317252992384e-11,OFFBOARD,1
13.66,TAKEOFF,24.407494567931966,60.17177155937411,0,21.824,0.0,1,0.9097704887390137,0.0,0.0,0.0,0.0,0.0,0.0,3.0,0.21933133900165558,0.7989367246627808,26.36963653564453,10.000000083512225,1.5435317252992384e-11,OFFBOARD,1
13.7,TAKEOFF,24.53177588362113,60.16978238669649,0,21.864,0.0,1,0.9097704887390137,0.0,0.0,0.0,0.0,0.0,0.0,3.0,0.22041575610637665,0.7952298521995544,26.561389923095703,10.000000083512225,1.5435317252992384e-11,OFFBOARD,1
13.728,TAKEOFF,24.61852491837784,60.16936031807873,0,21.892,0.0,1,0.9097704887390137,0.0,0.0,0.0,0.0,0.0,0.0,3.0,0.22041575610637665,0.7952298521995544,26.561389923095703,10.000000083512225,1.5435317252992384e-11,OFFBOARD,1
13.764,TAKEOFF,24.717789983304364,60.16824204750984,0,21.928,0.0,1,0.9155253171920776,0.0,0.0,0.0,0.0,0.0,0.0,3.0,0.2209898978471756,0.793026328086853,26.68082046508789,10.000000083512225,1.5435317252992384e-11,OFFBOARD,1
13.792,TAKEOFF,24.82800440635843,60.16715534683466,0,21.956,0.0,1,0.9155253171920776,0.0,0.0,0.0,0.0,0.0,0.0,3.0,0.22141717374324799,0.791329026222229,26.77623176574707,10.000000083512225,1.5435317252992384e-11,OFFBOARD,1
13.828,TAKEOFF,24.93863576287967,60.166008393096554,0,21.992,0.0,1,0.9155253171920776,0.0,0.0,0.0,0.0,0.0,0.0,3.0,0.22182351350784302,0.7896899580955505,26.871562957763672,10.000000083512225,1.5435317252992384e-11,OFFBOARD,1
13.86,TAKEOFF,25.024722401335687,60.16508607079587,0,22.024,0.0,1,0.9155253171920776,0.0,0.0,0.0,0.0,0.0,0.0,3.0,0.2222020924091339,0.7880947589874268,26.966724395751953,10.000000083512225,1.5435317252992384e-11,OFFBOARD,1
13.892,TAKEOFF,25.13444099286024,60.16414003357558,0,22.056,0.0,1,0.9155253171920776,0.0,0.0,0.0,0.0,0.0,0.0,3.0,0.22279907763004303,0.7864975929260254,27.062225341796875,10.000000083512225,1.5435317252992384e-11,OFFBOARD,1
13.928,TAKEOFF,25.23206751179735,60.16341068006307,0,22.092,0.0,1,0.9155253171920776,0.0,0.0,0.0,0.0,0.0,0.0,3.0,0.22322022914886475,0.7849020957946777,27.15751075744629,10.000000083512225,1.5435317252992384e-11,OFFBOARD,1
13.96,TAKEOFF,25.329142955142725,60.162909780792184,0,22.124,0.0,1,0.9155253171920776,0.0,0.0,0.0,0.0,0.0,0.0,3.0,0.22343562543392181,0.7828795909881592,27.27677345275879,10.000000083512225,1.5435317252992384e-11,OFFBOARD,1
13.992,TAKEOFF,25.437858936715898,60.162663244597425,0,22.156,0.0,1,0.9155253171920776,0.0,0.0,0.0,0.0,0.0,0.0,3.0,0.22335803508758545,0.781237781047821,27.371963500976562,10.000000083512225,1.5435317252992384e-11,OFFBOARD,1
14.028,TAKEOFF,25.54634009774111,60.16248154176091,0,22.192,0.0,1,0.9155253171920776,0.0,0.0,0.0,0.0,0.0,0.0,3.0,0.2230750024318695,0.779564619064331,27.46693229675293,10.000000083512225,1.5435317252992384e-11,OFFBOARD,1
14.06,TAKEOFF,25.642442011279886,60.162541949926684,0,22.224,0.0,1,0.9155253171920776,0.0,0.0,0.0,0.0,0.0,0.0,3.0,0.2225751131772995,0.7778611779212952,27.56180191040039,10.000000083512225,1.5435317252992384e-11,OFFBOARD,1
14.092,TAKEOFF,25.726290344049467,60.162670527166874,0,22.256,0.0,1,0.9155253171920776,0.0,0.0,0.0,0.0,0.0,0.0,3.0,0.22188706696033478,0.7761247158050537,27.656513214111328,10.000000083512225,1.5435317252992384e-11,OFFBOARD,1
14.128,TAKEOFF,25.83372261823487,60.16304492370715,0,22.292,0.0,1,0.9155253171920776,0.0,0.0,0.0,0.0,0.0,0.0,3.0,0.22079256176948547,0.7739163041114807,27.774934768676758,10.000000083512225,1.5435317252992384e-11,OFFBOARD,1
14.16,TAKEOFF,25.92892157974306,60.16350033780577,0,22.324,0.0,1,0.9155253171920776,0.0,0.0,0.0,0.0,0.0,0.0,3.0,0.21974314749240875,0.772110641002655,27.869564056396484,10.000000083512225,1.5435317252992384e-11,OFFBOARD,1
14.192,TAKEOFF,26.03581762446554,60.164175401973864,0,22.356,0.0,1,0.9155253171920776,0.0,0.0,0.0,0.0,0.0,0.0,3.0,0.21856826543807983,0.7702668905258179,27.964271545410156,10.000000083512225,1.5435317252992384e-11,OFFBOARD,1
14.228,TAKEOFF,26.14230631169445,60.16490304784359,0,22.392,0.0,1,0.9155253171920776,0.0,0.0,0.0,0.0,0.0,0.0,3.0,0.21728020906448364,0.7684015035629272,28.059022903442383,10.000000083512225,1.5435317252992384e-11,OFFBOARD,1
14.26,TAKEOFF,26.22471291455222,60.165476749691734,0,22.424,0.0,1,0.9145779013633728,0.0,0.0,0.0,0.0,0.0,0.0,3.0,0.215902641415596,0.7665157318115234,28.153812408447266,10.000000083512225,1.5435317252992384e-11,OFFBOARD,1
14.292,TAKEOFF,26.31884074316138,60.16666644362368,0,22.456,0.0,1,0.9145779013633728,0.0,0.0,0.0,0.0,0.0,0.0,3.0,0.21543540060520172,0.7638747096061707,28.250099182128906,10.000000083512225,1.5435317252992384e-11,OFFBOARD,1
14.328,TAKEOFF,26.424431592716427,60.16713655887258,0,22.492,0.0,1,0.9145779013633728,0.0,0.0,0.0,0.0,0.0,0.0,3.0,0.21514837443828583,0.7610427141189575,28.346515655517578,10.000000083512225,1.5435317252992384e-11,OFFBOARD,1
14.36,TAKEOFF,26.518016380146527,60.167972554459844,0,22.524,0.0,1,0.9145779013633728,0.0,0.0,0.0,0.0,0.0,0.0,3.0,0.21460112929344177,0.7575830817222595,28.466922760009766,10.000000083512225,1.5435317252992384e-11,OFFBOARD,1
14.392,TAKEOFF,26.623047787023737,60.16912236414256,0,22.556,0.0,1,0.9145779013633728,0.0,0.0,0.0,0.0,0.0,0.0,3.0,0.21400414407253265,0.7549943923950195,28.563003540039062,10.000000083512225,1.5435317252992384e-11,OFFBOARD,1
14.428,TAKEOFF,26.7150822247987,60.170270774338384,0,22.592,0.0,1,0.9145779013633728,0.0,0.0,0.0,0.0,0.0,0.0,3.0,0.21315187215805054,0.7530081868171692,28.658580780029297,10.000000083512225,1.5435317252992384e-11,OFFBOARD,1
14.46,TAKEOFF,26.818778210396655,60.171912629279156,0,22.624,0.0,1,0.9145779013633728,0.0,0.0,0.0,0.0,0.0,0.0,3.0,0.2117302119731903,0.7514461874961853,28.777385711669922,10.000000083512225,1.5435317252992384e-11,OFFBOARD,1
14.492,TAKEOFF,26.910160188705525,60.17354462493434,0,22.656,0.0,1,0.9145779013633728,0.0,0.0,0.0,0.0,0.0,0.0,3.0,0.21069534122943878,0.7509771585464478,28.848369598388672,10.000000083512225,1.5435317252992384e-11,OFFBOARD,1
14.528,TAKEOFF,27.000722105223172,60.17532426865403,0,22.692,0.0,1,0.9145779013633728,0.0,0.0,0.0,0.0,0.0,0.0,3.0,0.20911234617233276,0.750873327255249,28.942943572998047,10.000000083512225,1.5435317252992384e-11,OFFBOARD,1
14.56,TAKEOFF,27.091436722813743,60.17734106491082,0,22.724,0.0,1,0.9145779013633728,0.0,0.0,0.0,0.0,0.0,0.0,3.0,0.20683971047401428,0.7515472173690796,29.06077003479004,10.000000083512225,1.5435317252992384e-11,OFFBOARD,1
14.592,TAKEOFF,27.18190516485325,60.17953134580417,0,22.756,0.0,1,0.9145779013633728,0.0,0.0,0.0,0.0,0.0,0.0,3.0,0.20479127764701843,0.7526700496673584,29.15493392944336,10.000000083512225,1.5435317252992384e-11,OFFBOARD,1
14.628,TAKEOFF,27.283428469345658,60.1821824906282,0,22.792,0.0,1,0.9145779013633728,0.0,0.0,0.0,0.0,0.0,0.0,3.0,0.20256124436855316,0.7542569637298584,29.248943328857422,10.000000083512225,1.5435317252992384e-11,OFFBOARD,1
14.66,TAKEOFF,27.385296696805906,60.185057964287026,0,22.824,0.0,1,0.9145779013633728,0.0,0.0,0.0,0.0,0.0,0.0,3.0,0.20013482868671417,0.7562562823295593,29.343036651611328,10.000000083512225,1.5435317252992384e-11,OFFBOARD,1
14.692,TAKEOFF,27.475182268240744,60.187692709151186,0,22.856,0.0,1,0.9145779013633728,0.0,0.0,0.0,0.0,0.0,0.0,3.0,0.19839254021644592,0.7567744255065918,29.43832015991211,10.000000083512225,1.5435317252992384e-11,OFFBOARD,1
14.728,TAKEOFF,27.56430051291919,60.19037342304963,0,22.892,0.0,1,0.9201312065124512,0.0,0.0,0.0,0.0,0.0,0.0,3.0,0.19644002616405487,0.7577345967292786,29.53350067138672,10.000000083512225,1.5435317252992384e-11,OFFBOARD,1
14.76,TAKEOFF,27.65387402766081,60.19318595774664,0,22.924,0.0,1,0.9201312065124512,0.0,0.0,0.0,0.0,0.0,0.0,3.0,0.19376279413700104,0.7594616413116455,29.652185440063477,10.000000083512225,1.5435317252992384e-11,OFFBOARD,1
14.792,TAKEOFF,27.74331495428221,60.19836563303629,0,22.956,0.0,1,0.9201312065124512,0.0,0.0,0.0,0.0,0.0,0.0,3.0,0.19148486852645874,0.7612004280090332,29.746885299682617,10.000000083512225,1.5435317252992384e-11,OFFBOARD,1
14.828,TAKEOFF,27.855606677849945,60.19978780593652,0,22.992,0.0,1,0.9201312065124512,0.0,0.0,0.0,0.0,0.0,0.0,3.0,0.18909952044487,0.7632114887237549,29.841552734375,10.000000083512225,1.5435317252992384e-11,OFFBOARD,1
14.86,TAKEOFF,27.932986652861484,60.20234515253726,0,23.024,0.0,1,0.9201312065124512,0.0,0.0,0.0,0.0,0.0,0.0,3.0,0.18661269545555115,0.765451192855835,29.93599510192871,10.000000083512225,1.5435317252992384e-11,OFFBOARD,1
14.892,TAKEOFF,28.010396750495524,60.2047303407822,0,23.056,0.0,1,0.9201312065124512,0.0,0.0,0.0,0.0,0.0,0.0,3.0,0.1840943992137909,0.7678276896476746,30.030452728271484,10.000000083512225,1.5435317252992384e-11,OFFBOARD,1
14.928,TAKEOFF,28.122880165037767,60.20770413940236,0,23.092,0.0,1,0.9201312065124512,0.0,0.0,0.0,0.0,0.0,0.0,3.0,0.18185147643089294,0.7698373198509216,30.124853134155273,10.000000083512225,1.5435317252992384e-11,OFFBOARD,1
14.96,TAKEOFF,28.224401224943133,60.20981653427932,0,23.124,0.0,1,0.9201312065124512,0.0,0.0,0.0,0.0,0.0,0.0,3.0,0.1795157939195633,0.7716832160949707,30.243263244628906,10.000000083512225,1.5435317252992384e-11,OFFBOARD,1
14.992,TAKEOFF,28.31413392657753,60.211197857477906,0,23.156,0.0,1,0.9201312065124512,0.0,0.0,0.0,0.0,0.0,0.0,3.0,0.17804066836833954,0.7726262807846069,30.33807945251465,10.000000083512225,1.5435317252992384e-11,OFFBOARD,1
15.028,TAKEOFF,28.40323646907054,60.21211793000944,0,23.192,0.0,1,0.9201312065124512,0.0,0.0,0.0,0.0,0.0,0.0,3.0,0.17690716683864594,0.7730979919433594,30.432912826538086,10.000000083512225,1.5435317252992384e-11,OFFBOARD,1
15.06,TAKEOFF,28.49308707647843,60.212709405698625,0,23.224,0.0,1,0.9201312065124512,0.0,0.0,0.0,0.0,0.0,0.0,3.0,0.17609725892543793,0.7731297612190247,30.52765464782715,10.000000083512225,1.5435317252992384e-11,OFFBOARD,1
15.092,TAKEOFF,28.594931973148604,60.21301393081921,0,23.256,0.0,1,0.9201312065124512,0.0,0.0,0.0,0.0,0.0,0.0,3.0,0.17475618422031403,0.7726703882217407,30.62269401550293,10.000000083512225,1.5435317252992384e-11,OFFBOARD,1
15.128,TAKEOFF,28.684261948610708,60.212855374850385,0,23.292,0.0,1,0.9201312065124512,0.0,0.0,0.0,0.0,0.0,0.0,3.0,0.17374205589294434,0.7718449234962463,30.717811584472656,10.000000083512225,1.5435317252992384e-11,OFFBOARD,1
15.16,TAKEOFF,28.774379476099366,60.21248514580065,0,23.324,0.0,1,0.9201312065124512,0.0,0.0,0.0,0.0,0.0,0.0,3.0,0.1728886514902115,0.7703700065612793,30.836515426635742,10.000000083512225,1.5435317252992384e-11,OFFBOARD,1
15.192,TAKEOFF,28.876562841625603,60.21185303294489,0,23.356,0.0,1,0.9201312065124512,0.0,0.0,0.0,0.0,0.0,0.0,3.0,0.17248190939426422,0.7688907980918884,30.931337356567383,10.000000083512225,1.5435317252992384e-11,OFFBOARD,1
15.228,TAKEOFF,28.96630752459054,60.21098428516852,0,23.392,0.0,1,0.9232338666915894,0.0,0.0,0.0,0.0,0.0,0.0,3.0,0.1722983419895172,0.7671858072280884,31.026044845581055,10.000000083512225,1.5435317252992384e-11,OFFBOARD,1
15.26,TAKEOFF,29.056866011429662,60.21001030217266,0,23.424,0.0,1,0.9232338666915894,0.0,0.0,0.0,0.0,0.0,0.0,3.0,0.17230160534381866,0.7652820348739624,31.12077522277832,10.000000083512225,1.5435317252992384e-11,OFFBOARD,1
15.292,TAKEOFF,29.14760322026557,60.20890008664944,0,23.456,0.0,1,0.9232338666915894,0.0,0.0,0.0,0.0,0.0,0.0,3.0,0.17245569825172424,0.763203501701355,31.2154483795166,10.000000083512225,1.5435317252992384e-11,OFFBOARD,1
15.328,TAKEOFF,29.261882523256276,60.207404691291565,0,23.492,0.0,1,0.9232338666915894,0.0,0.0,0.0,0.0,0.0,0.0,3.0,0.17274199426174164,0.7609854936599731,31.310266494750977,10.000000083512225,1.5435317252992384e-11,OFFBOARD,1
15.36,TAKEOFF,29.341080599267254,60.20616704094233,0,23.524,0.0,1,0.9232338666915894,0.0,0.0,0.0,0.0,0.0,0.0,3.0,0.1732533723115921,0.7580432891845703,31.428936004638672,10.000000083512225,1.5435317252992384e-11,OFFBOARD,1
15.392,TAKEOFF,29.444738325949963,60.20489955605587,0,23.556,0.0,1,0.9232338666915894,0.0,0.0,0.0,0.0,0.0,0.0,3.0,0.1736990213394165,0.7555025815963745,31.52387237548828,10.000000083512225,1.5435317252992384e-11,OFFBOARD,1
15.428,TAKEOFF,29.536539694030775,60.20402539737519,0,23.592,0.0,1,0.9232338666915894,0.0,0.0,0.0,0.0,0.0,0.0,3.0,0.17385649681091309,0.7526465058326721,31.61916732788086,10.000000083512225,1.5435317252992384e-11,OFFBOARD,1
15.46,TAKEOFF,29.629465918626984,60.20369182368028,0,23.624,0.0,1,0.9232338666915894,0.0,0.0,0.0,0.0,0.0,0.0,3.0,0.1736716479063034,0.7494673728942871,31.71482276916504,10.000000083512225,1.5435317252992384e-11,OFFBOARD,1
15.492,TAKEOFF,29.722904181336254,60.203417075126694,0,23.656,0.0,1,0.9232338666915894,0.0,0.0,0.0,0.0,0.0,0.0,3.0,0.17324602603912354,0.7456850409507751,31.812210083007812,10.000000083512225,1.5435317252992384e-11,OFFBOARD,1
15.528,TAKEOFF,29.840732351846253,60.20376963848055,0,23.692,0.0,1,0.9232338666915894,0.0,0.0,0.0,0.0,0.0,0.0,3.0,0.17251048982143402,0.741640567779541,31.909639358520508,10.000000083512225,1.5435317252992384e-11,OFFBOARD,1
15.56,TAKEOFF,29.93503794757792,60.204347240147975,0,23.724,0.0,1,0.9232338666915894,0.0,0.0,0.0,0.0,0.0,0.0,3.0,0.17113418877124786,0.7362469434738159,32.0313835144043,10.000000083512225,1.5435317252992384e-11,OFFBOARD,1
15.592,TAKEOFF,30.017453755796694,60.20501748346316,0,23.756,0.0,1,0.9232338666915894,0.0,0.0,0.0,0.0,0.0,0.0,3.0,0.16969864070415497,0.7316881418228149,32.12884521484375,10.000000083512225,1.5435317252992384e-11,OFFBOARD,1
15.628,TAKEOFF,30.136461824179563,60.20642962001605,0,23.792,0.0,1,0.9232338666915894,0.0,0.0,0.0,0.0,0.0,0.0,3.0,0.16800054907798767,0.7269411683082581,32.226165771484375,10.000000083512225,1.5435317252992384e-11,OFFBOARD,1
15.66,TAKEOFF,30.21948297147664,60.20750576301722,0,23.824,0.0,1,0.9232338666915894,0.0,0.0,0.0,0.0,0.0,0.0,3.0,0.16608740389347076,0.7220068573951721,32.323482513427734,10.000000083512225,1.5435317252992384e-11,OFFBOARD,1
15.692,TAKEOFF,30.31498866044775,60.20895811936747,0,23.856,0.0,1,0.9232338666915894,0.0,0.0,0.0,0.0,0.0,0.0,3.0,0.1639672815799713,0.7169173955917358,32.420570373535156,10.000000083512225,1.5435317252992384e-11,OFFBOARD,1
15.728,TAKEOFF,30.422760076679346,60.21075467100089,0,23.892,0.0,1,0.9232338666915894,0.0,0.0,0.0,0.0,0.0,0.0,3.0,0.16167239844799042,0.7117058038711548,32.51740646362305,10.000000083512225,1.5435317252992384e-11,OFFBOARD,1
15.76,TAKEOFF,30.518853081471523,60.21246765021467,0,23.924,0.0,1,0.9290317893028259,0.0,0.0,0.0,0.0,0.0,0.0,3.0,0.1586087942123413,0.7050409317016602,32.638328552246094,10.000000083512225,1.5435317252992384e-11,OFFBOARD,1
15.792,TAKEOFF,30.61523270346553,60.21426805683264,0,23.956,0.0,1,0.9290317893028259,0.0,0.0,0.0,0.0,0.0,0.0,3.0,0.15602757036685944,0.6995944976806641,32.73493957519531,10.000000083512225,1.5435317252992384e-11,OFFBOARD,1
15.828,TAKEOFF,30.724008013451932,60.216377826302484,0,23.992,0.0,1,0.9290317893028259,0.0,0.0,0.0,0.0,0.0,0.0,3.0,0.15334166586399078,0.6940598487854004,32.83160400390625,10.000000083512225,1.5435317252992384e-11,OFFBOARD,1
15.86,TAKEOFF,30.82101124169796,60.21831469719902,0,24.024,0.0,1,0.9290317893028259,0.0,0.0,0.0,0.0,0.0,0.0,3.0,0.1505863070487976,0.6884577870368958,32.92808532714844,10.000000083512225,1.5435317252992384e-11,OFFBOARD,1
15.892,TAKEOFF,30.91828783429723,60.22020450697541,0,24.056,0.0,1,0.9290317893028259,0.0,0.0,0.0,0.0,0.0,0.0,3.0,0.14870762825012207,0.681485652923584,33.027565002441406,10.000000083512225,1.5435317252992384e-11,OFFBOARD,1
15.928,TAKEOFF,31.04020722464171,60.22244898544375,0,24.092,0.0,1,0.9290317893028259,0.0,0.0,0.0,0.0,0.0,0.0,3.0,0.1468481868505478,0.6745492219924927,33.1265754699707,10.000000083512225,1.5435317252992384e-11,OFFBOARD,1
15.96,TAKEOFF,31.12581282733143,60.223795996673395,0,24.124,0.0,1,0.9290317893028259,0.0,0.0,0.0,0.0,0.0,0.0,3.0,0.14460690319538116,0.665909469127655,33.24972915649414,10.000000083512225,1.5435317252992384e-11,OFFBOARD,1
15.992,TAKEOFF,31.223827135354885,60.22528261249091,0,24.156,0.0,1,0.9290317893028259,0.0,0.0,0.0,0.0,0.0,0.0,3.0,0.14287368953227997,0.659020185470581,33.347896575927734,10.000000083512225,1.5435317252992384e-11,OFFBOARD,1
16.028,TAKEOFF,31.33435186041564,60.226804583074205,0,24.192,0.0,1,0.9290317893028259,0.0,0.0,0.0,0.0,0.0,0.0,3.0,0.14119862020015717,0.6521376967430115,33.44575881958008,10.000000083512225,1.5435317252992384e-11,OFFBOARD,1
16.06,TAKEOFF,31.43282800341493,60.22803311026297,0,24.224,0.0,1,0.9290317893028259,0.0,0.0,0.0,0.0,0.0,0.0,3.0,0.139589324593544,0.6452829241752625,33.54371643066406,10.000000083512225,1.5435317252992384e-11,OFFBOARD,1
16.092,TAKEOFF,31.531526396098972,60.22915614307194,0,24.256,0.0,1,0.9290317893028259,0.0,0.0,0.0,0.0,0.0,0.0,3.0,0.13877438008785248,0.6379836201667786,33.642425537109375,10.000000083512225,1.5435317252992384e-11,OFFBOARD,1
16.128,TAKEOFF,31.65495030842599,60.2304932117964,0,24.292,0.0,1,0.9290317893028259,0.0,0.0,0.0,0.0,0.0,0.0,3.0,0.137758269906044,0.6289353966712952,33.76539611816406,10.000000083512225,1.5435317252992384e-11,OFFBOARD,1
16.16,TAKEOFF,31.741981722733662,60.231251209333806,0,24.324,0.0,1,0.9290317893028259,0.0,0.0,0.0,0.0,0.0,0.0,3.0,0.13693152368068695,0.6217488050460815,33.86338424682617,10.000000083512225,1.5435317252992384e-11,OFFBOARD,1
16.192,TAKEOFF,31.853449218143595,60.232297250348466,0,24.356,0.0,1,0.9290317893028259,0.0,0.0,0.0,0.0,0.0,0.0,3.0,0.13608334958553314,0.6146218180656433,33.96113967895508,10.000000083512225,1.5435317252992384e-11,OFFBOARD,1
16.228,TAKEOFF,31.95336393216129,60.23305400320548,0,24.392,0.0,1,0.9290317893028259,0.0,0.0,0.0,0.0,0.0,0.0,3.0,0.13519743084907532,0.6075605750083923,34.058570861816406,10.000000083512225,1.5435317252992384e-11,OFFBOARD,1
16.26,TAKEOFF,32.06523902121895,60.23399036971046,0,24.424,0.0,1,0.9290317893028259,0.0,0.0,0.0,0.0,0.0,0.0,3.0,0.13428756594657898,0.6005492806434631,34.15585708618164,10.000000083512225,1.5435317252992384e-11,OFFBOARD,1
16.292,TAKEOFF,32.15313185309841,60.23457724354807,0,24.456,0.0,1,0.9290317893028259,0.0,0.0,0.0,0.0,0.0,0.0,3.0,0.13335607945919037,0.5935803055763245,34.25289535522461,10.000000083512225,1.5435317252992384e-11,OFFBOARD,1
16.328,TAKEOFF,32.26584536971281,60.2353819599257,0,24.492,0.0,1,0.9181938767433167,0.0,0.0,0.0,0.0,0.0,0.0,3.0,0.1321393996477127,0.5849428772926331,34.373817443847656,10.000000083512225,1.5435317252992384e-11,OFFBOARD,1
16.36,TAKEOFF,32.36623894707267,60.23607159475279,0,24.524,0.0,1,0.9181938767433167,0.0,0.0,0.0,0.0,0.0,0.0,3.0,0.13112135231494904,0.5780949592590332,34.47035598754883,10.000000083512225,1.5435317252992384e-11,OFFBOARD,1
16.392,TAKEOFF,32.47883591031478,60.23662246063405,0,24.556,0.0,1,0.9181938767433167,0.0,0.0,0.0,0.0,0.0,0.0,3.0,0.1301288902759552,0.5712659358978271,34.56669616699219,10.000000083512225,1.5435317252992384e-11,OFFBOARD,1
16.428,TAKEOFF,32.59203544985141,60.23649178032968,0,24.592,0.0,1,0.9181938767433167,0.0,0.0,0.0,0.0,0.0,0.0,3.0,0.1295100301504135,0.5643042922019958,34.66297912597656,10.000000083512225,1.5435317252992384e-11,OFFBOARD,1
16.46,TAKEOFF,32.68073356664016,60.23589629179709,0,24.624,0.0,1,0.9181938767433167,0.0,0.0,0.0,0.0,0.0,0.0,3.0,0.1293313056230545,0.557178258895874,34.75906753540039,10.000000083512225,1.5435317252992384e-11,OFFBOARD,1
16.492,TAKEOFF,32.78157814131054,60.23483130460861,0,24.656,0.0,1,0.9181938767433167,0.0,0.0,0.0,0.0,0.0,0.0,3.0,0.12932856380939484,0.5476034879684448,34.8814582824707,10.000000083512225,1.5435317252992384e-11,OFFBOARD,1
16.528,TAKEOFF,32.89513287524797,60.23306508554525,0,24.692,0.0,1,0.9181938767433167,0.0,0.0,0.0,0.0,0.0,0.0,3.0,0.12965552508831024,0.5417666435241699,34.95458221435547,10.000000083512225,1.5435317252992384e-11,OFFBOARD,1
16.56,TAKEOFF,32.99615170514687,60.23101700413745,0,24.724,0.0,1,0.9181938767433167,0.0,0.0,0.0,0.0,0.0,0.0,3.0,0.1307378113269806,0.5318911075592041,35.075927734375,10.000000083512225,1.5435317252992384e-11,OFFBOARD,1
16.596,TAKEOFF,33.109239347321214,60.22687656996043,0,24.76,0.0,1,0.9181938767433167,0.0,0.0,0.0,0.0,0.0,0.0,3.0,0.13206253945827484,0.5238657593727112,35.17289352416992,10.000000083512225,1.5435317252992384e-11,OFFBOARD,1
16.628,TAKEOFF,33.199043900820264,60.22564777137466,0,24.792,0.0,1,0.9181938767433167,0.0,0.0,0.0,0.0,0.0,0.0,3.0,0.13376303017139435,0.5157417058944702,35.269466400146484,10.000000083512225,1.5435317252992384e-11,OFFBOARD,1
16.66,TAKEOFF,33.32423554815168,60.22176410769248,0,24.824,0.0,1,0.9181938767433167,0.0,0.0,0.0,0.0,0.0,0.0,3.0,0.136159747838974,0.5054540634155273,35.390411376953125,10.000000083512225,1.5435317252992384e-11,OFFBOARD,1
16.692,TAKEOFF,33.413506947726006,60.21861942719453,0,24.856,0.0,1,0.9181938767433167,0.0,0.0,0.0,0.0,0.0,0.0,3.0,0.1373562216758728,0.4991985559463501,35.463600158691406,10.000000083512225,1.5435317252992384e-11,OFFBOARD,1
16.728,TAKEOFF,33.52746317718664,60.2143859964152,0,24.892,0.0,1,0.9181938767433167,0.0,0.0,0.0,0.0,0.0,0.0,3.0,0.13921159505844116,0.4908115565776825,35.560951232910156,10.000000083512225,1.5435317252992384e-11,OFFBOARD,1
16.76,TAKEOFF,33.64074469473618,60.209955823374955,0,24.924,0.0,1,0.9181938767433167,0.0,0.0,0.0,0.0,0.0,0.0,3.0,0.14189888536930084,0.48026546835899353,35.682106018066406,10.000000083512225,1.5435317252992384e-11,OFFBOARD,1
16.792,TAKEOFF,33.730071329920634,60.206235800483306,0,24.956,0.0,1,0.9181938767433167,0.0,0.0,0.0,0.0,0.0,0.0,3.0,0.1443089097738266,0.47178223729133606,35.778682708740234,10.000000083512225,1.5435317252992384e-11,OFFBOARD,1
16.828,TAKEOFF,33.84400644561133,60.201367253068696,0,24.992,0.0,1,0.914126992225647,0.0,0.0,0.0,0.0,0.0,0.0,3.0,0.14690753817558289,0.4632708430290222,35.875,10.000000083512225,1.5435317252992384e-11,OFFBOARD,1
16.86,TAKEOFF,33.94524093276034,60.19689758105864,0,25.024,0.0,1,0.914126992225647,0.0,0.0,0.0,0.0,0.0,0.0,3.0,0.1496780514717102,0.4547392725944519,35.97100067138672,10.000000083512225,1.5435317252992384e-11,OFFBOARD,1
16.892,TAKEOFF,34.046258030737775,60.192475003418494,0,25.056,0.0,1,0.914126992225647,0.0,0.0,0.0,0.0,0.0,0.0,3.0,0.1525721698999405,0.44618669152259827,36.066566467285156,10.000000083512225,1.5435317252992384e-11,OFFBOARD,1
16.928,TAKEOFF,34.1593840845845,60.18782287188219,0,25.092,0.0,1,0.914126992225647,0.0,0.0,0.0,0.0,0.0,0.0,3.0,0.15530861914157867,0.43767812848091125,36.161537170410156,10.000000083512225,1.5435317252992384e-11,OFFBOARD,1
16.96,TAKEOFF,34.27136225847627,60.18359463803294,0,25.124,0.0,1,0.914126992225647,0.0,0.0,0.0,0.0,0.0,0.0,3.0,0.1583653837442398,0.4271247982978821,36.27971649169922,10.000000083512225,1.5435317252992384e-11,OFFBOARD,1
16.992,TAKEOFF,34.382983378860445,60.17972751867444,0,25.156,0.0,1,0.914126992225647,0.0,0.0,0.0,0.0,0.0,0.0,3.0,0.16050122678279877,0.41873547434806824,36.37385559082031,10.000000083512225,1.5435317252992384e-11,OFFBOARD,1
17.028,TAKEOFF,34.471404722239754,60.17677155374082,0,25.192,0.0,1,0.914126992225647,0.0,0.0,0.0,0.0,0.0,0.0,3.0,0.16236865520477295,0.41039156913757324,36.467735290527344,10.000000083512225,1.5435317252992384e-11,OFFBOARD,1
17.06,TAKEOFF,34.57075010662565,60.17379476873837,0,25.224,0.0,1,0.914126992225647,0.0,0.0,0.0,0.0,0.0,0.0,3.0,0.16398027539253235,0.4020916819572449,36.56148147583008,10.000000083512225,1.5435317252992384e-11,OFFBOARD,1
17.092,TAKEOFF,34.66990513000254,60.17105623180908,0,25.256,0.0,1,0.914126992225647,0.0,0.0,0.0,0.0,0.0,0.0,3.0,0.1660885214805603,0.3934726119041443,36.65568542480469,10.000000083512225,1.5435317252992384e-11,OFFBOARD,1
17.128,TAKEOFF,34.79301097768472,60.16799573215749,0,25.292,0.0,1,0.914126992225647,0.0,0.0,0.0,0.0,0.0,0.0,3.0,0.16833776235580444,0.38277289271354675,36.77335739135742,10.000000083512225,1.5435317252992384e-11,OFFBOARD,1
17.164,TAKEOFF,34.891797845949284,60.16569120566426,0,25.328,0.0,1,0.914126992225647,0.0,0.0,0.0,0.0,0.0,0.0,3.0,0.16989055275917053,0.37426748871803284,36.867347717285156,10.000000083512225,1.5435317252992384e-11,OFFBOARD,1
17.192,TAKEOFF,34.97864813054717,60.163726257653444,0,25.356,0.0,1,0.914126992225647,0.0,0.0,0.0,0.0,0.0,0.0,3.0,0.17123550176620483,0.36579301953315735,36.961143493652344,10.000000083512225,1.5435317252992384e-11,OFFBOARD,1
17.228,TAKEOFF,35.101141547411565,60.1612512878182,0,25.392,0.0,1,0.914126992225647,0.0,0.0,0.0,0.0,0.0,0.0,3.0,0.17239245772361755,0.3573543429374695,37.0548210144043,10.000000083512225,1.5435317252992384e-11,OFFBOARD,1
17.26,TAKEOFF,35.187603456640446,60.15949233668209,0,25.424,0.0,1,0.914126992225647,0.0,0.0,0.0,0.0,0.0,0.0,3.0,0.17341475188732147,0.34894058108329773,37.148338317871094,10.000000083512225,1.5435317252992384e-11,OFFBOARD,1
17.292,TAKEOFF,35.29741745578538,60.15748321620773,0,25.456,0.0,1,0.914126992225647,0.0,0.0,0.0,0.0,0.0,0.0,3.0,0.17433135211467743,0.3405543267726898,37.24199676513672,10.000000083512225,1.5435317252992384e-11,OFFBOARD,1
17.328,TAKEOFF,35.407490988873526,60.15548806599148,0,25.492,0.0,1,0.9129939079284668,0.0,0.0,0.0,0.0,0.0,0.0,3.0,0.17515963315963745,0.3322092592716217,37.335479736328125,10.000000083512225,1.5435317252992384e-11,OFFBOARD,1
17.36,TAKEOFF,35.505137023008196,60.153774119893384,0,25.524,0.0,1,0.9129939079284668,0.0,0.0,0.0,0.0,0.0,0.0,3.0,0.1760757863521576,0.3218229413032532,37.45248794555664,10.000000083512225,1.5435317252992384e-11,OFFBOARD,1
17.392,TAKEOFF,35.59107740272231,60.15222021084295,0,25.556,0.0,1,0.9129939079284668,0.0,0.0,0.0,0.0,0.0,0.0,3.0,0.17671877145767212,0.31360578536987305,37.54613494873047,10.000000083512225,1.5435317252992384e-11,OFFBOARD,1
17.428,TAKEOFF,35.70140184990128,60.15031652465844,0,25.592,0.0,1,0.9129939079284668,0.0,0.0,0.0,0.0,0.0,0.0,3.0,0.17735305428504944,0.30565783381462097,37.64024353027344,10.000000083512225,1.5435317252992384e-11,OFFBOARD,1
17.46,TAKEOFF,35.79972876119803,60.14862511017061,0,25.624,0.0,1,0.9129939079284668,0.0,0.0,0.0,0.0,0.0,0.0,3.0,0.17799077928066254,0.2979947030544281,37.73489761352539,10.000000083512225,1.5435317252992384e-11,OFFBOARD,1
17.492,TAKEOFF,35.922285715247845,60.14665621013001,0,25.656,0.0,1,0.9129939079284668,0.0,0.0,0.0,0.0,0.0,0.0,3.0,0.18001170456409454,0.2884213924407959,37.85607147216797,10.000000083512225,1.5435317252992384e-11,OFFBOARD,1
17.528,TAKEOFF,36.00900373502213,60.14503448808119,0,25.692,0.0,1,0.9129939079284668,0.0,0.0,0.0,0.0,0.0,0.0,3.0,0.18115608394145966,0.2829284071922302,37.92902374267578,10.000000083512225,1.5435317252992384e-11,OFFBOARD,1
17.56,TAKEOFF,36.10742507828901,60.1433522686616,0,25.724,0.0,1,0.9129939079284668,0.0,0.0,0.0,0.0,0.0,0.0,3.0,0.18300220370292664,0.2741694748401642,38.050601959228516,10.000000083512225,1.5435317252992384e-11,OFFBOARD,1
17.592,TAKEOFF,36.21780075263433,60.141545776163625,0,25.756,0.0,1,0.9129939079284668,0.0,0.0,0.0,0.0,0.0,0.0,3.0,0.1844189465045929,0.2675073742866516,38.147789001464844,10.000000083512225,1.5435317252992384e-11,OFFBOARD,1
17.628,TAKEOFF,36.315967232587724,60.139819087964305,0,25.792,0.0,1,0.9129939079284668,0.0,0.0,0.0,0.0,0.0,0.0,3.0,0.185775026679039,0.2611203193664551,38.244964599609375,10.000000083512225,1.5435317252992384e-11,OFFBOARD,1
17.66,TAKEOFF,36.413714836048655,60.13818616857375,0,25.824,0.0,1,0.9072294235229492,0.0,0.0,0.0,0.0,0.0,0.0,3.0,0.18705534934997559,0.254987895488739,38.342098236083984,10.000000083512225,1.5435317252992384e-11,OFFBOARD,1
17.692,TAKEOFF,36.53542392016222,60.136327298997664,0,25.856,0.0,1,0.9072294235229492,0.0,0.0,0.0,0.0,0.0,0.0,3.0,0.18856877088546753,0.24763506650924683,38.46342849731445,10.000000083512225,1.5435317252992384e-11,OFFBOARD,1
17.728,TAKEOFF,36.62045244121246,60.134800848007295,0,25.892,0.0,1,0.9072294235229492,0.0,0.0,0.0,0.0,0.0,0.0,3.0,0.1894216537475586,0.24335646629333496,38.536067962646484,10.000000083512225,1.5435317252992384e-11,OFFBOARD,1
17.76,TAKEOFF,36.7293758431261,60.13313327774839,0,25.924,0.0,1,0.9072294235229492,0.0,0.0,0.0,0.0,0.0,0.0,3.0,0.19077140092849731,0.23643353581428528,38.657142639160156,10.000000083512225,1.5435317252992384e-11,OFFBOARD,1
17.792,TAKEOFF,36.81373805253337,60.131728087761665,0,25.956,0.0,1,0.9072294235229492,0.0,0.0,0.0,0.0,0.0,0.0,3.0,0.19178633391857147,0.23105323314666748,38.753780364990234,10.000000083512225,1.5435317252992384e-11,OFFBOARD,1
17.828,TAKEOFF,36.92190893005617,60.13004479776249,0,25.992,0.0,1,0.9072294235229492,0.0,0.0,0.0,0.0,0.0,0.0,3.0,0.19272689521312714,0.22580799460411072,38.85026168823242,10.000000083512225,1.5435317252992384e-11,OFFBOARD,1
17.86,TAKEOFF,37.01773606263893,60.12857221560393,0,26.024,0.0,1,0.9072294235229492,0.0,0.0,0.0,0.0,0.0,0.0,3.0,0.19359208643436432,0.2206834852695465,38.94659423828125,10.000000083512225,1.5435317252992384e-11,OFFBOARD,1
17.892,TAKEOFF,37.11325517448187,60.12699208697848,0,26.056,0.0,1,0.9072294235229492,0.0,0.0,0.0,0.0,0.0,0.0,3.0,0.1945057213306427,0.21485871076583862,39.068511962890625,10.000000083512225,1.5435317252992384e-11,OFFBOARD,1
17.928,TAKEOFF,37.22034926049634,60.12496428925607,0,26.092,0.0,1,0.9072294235229492,0.0,0.0,0.0,0.0,0.0,0.0,3.0,0.19516144692897797,0.2114686369895935,39.14164733886719,10.000000083512225,1.5435317252992384e-11,OFFBOARD,1
17.96,TAKEOFF,37.315227648693835,60.12293505333859,0,26.124,0.0,1,0.9072294235229492,0.0,0.0,0.0,0.0,0.0,0.0,3.0,0.19649821519851685,0.2058653086423874,39.263145446777344,10.000000083512225,1.5435317252992384e-11,OFFBOARD,1
17.992,TAKEOFF,37.40980823491498,60.12069128244736,0,26.156,0.0,1,0.9072294235229492,0.0,0.0,0.0,0.0,0.0,0.0,3.0,0.1977837234735489,0.20143307745456696,39.360084533691406,10.000000083512225,1.5435317252992384e-11,OFFBOARD,1
18.028,TAKEOFF,37.5158581035562,60.117916859935825,0,26.192,0.0,1,0.9072294235229492,0.0,0.0,0.0,0.0,0.0,0.0,3.0,0.1992640495300293,0.19704817235469818,39.45674514770508,10.000000083512225,1.5435317252992384e-11,OFFBOARD,1
18.06,TAKEOFF,37.59771442754623,60.115509072701514,0,26.224,0.0,1,0.9072294235229492,0.0,0.0,0.0,0.0,0.0,0.0,3.0,0.20095187425613403,0.19271402060985565,39.55336380004883,10.000000083512225,1.5435317252992384e-11,OFFBOARD,1
18.092,TAKEOFF,37.70351553374875,60.11238227333679,0,26.256,0.0,1,0.9072294235229492,0.0,0.0,0.0,0.0,0.0,0.0,3.0,0.2033320814371109,0.1890915334224701,39.64989471435547,10.000000083512225,1.5435317252992384e-11,OFFBOARD,1
18.128,TAKEOFF,37.82071859552865,60.10865957545774,0,26.292,0.0,1,0.9072294235229492,0.0,0.0,0.0,0.0,0.0,0.0,3.0,0.20582786202430725,0.1854710429906845,39.74643325805664,10.000000083512225,1.5435317252992384e-11,OFFBOARD,1
18.16,TAKEOFF,37.901778909580095,60.105793129777396,0,26.324,0.0,1,0.9072294235229492,0.0,0.0,0.0,0.0,0.0,0.0,3.0,0.20910212397575378,0.1809476763010025,39.86688995361328,10.000000083512225,1.5435317252992384e-11,OFFBOARD,1
18.192,TAKEOFF,38.00682556126775,60.10215054268559,0,26.356,0.0,1,0.9124627113342285,0.0,0.0,0.0,0.0,0.0,0.0,3.0,0.21181720495224,0.17731964588165283,39.96315383911133,10.000000083512225,1.5435317252992384e-11,OFFBOARD,1
18.228,TAKEOFF,38.09903462740931,60.09866205543475,0,26.392,0.0,1,0.9124627113342285,0.0,0.0,0.0,0.0,0.0,0.0,3.0,0.21460257470607758,0.17368656396865845,40.059356689453125,10.000000083512225,1.5435317252992384e-11,OFFBOARD,1
18.26,TAKEOFF,38.19155766012163,60.095169845365675,0,26.424,0.0,1,0.9124627113342285,0.0,0.0,0.0,0.0,0.0,0.0,3.0,0.21742838621139526,0.17005084455013275,40.15550994873047,10.000000083512225,1.5435317252992384e-11,OFFBOARD,1
18.292,TAKEOFF,38.28390993191345,60.09161155418407,0,26.456,0.0,1,0.9124627113342285,0.0,0.0,0.0,0.0,0.0,0.0,3.0,0.22029325366020203,0.16639478504657745,40.25170135498047,10.000000083512225,1.5435317252992384e-11,OFFBOARD,1
18.328,TAKEOFF,38.38761902567624,60.08754388763632,0,26.492,0.0,1,0.9124627113342285,0.0,0.0,0.0,0.0,0.0,0.0,3.0,0.22317881882190704,0.162720188498497,40.347782135009766,10.000000083512225,1.5435317252992384e-11,OFFBOARD,1
18.36,TAKEOFF,38.49176166232652,60.083500341162114,0,26.524,0.0,1,0.9124627113342285,0.0,0.0,0.0,0.0,0.0,0.0,3.0,0.22679811716079712,0.1580989807844162,40.467952728271484,10.000000083512225,1.5435317252992384e-11,OFFBOARD,1
18.392,TAKEOFF,38.57131562131765,60.08026865107542,0,26.556,0.0,1,0.9124627113342285,0.0,0.0,0.0,0.0,0.0,0.0,3.0,0.22969061136245728,0.1543956696987152,40.563968658447266,10.000000083512225,1.5435317252992384e-11,OFFBOARD,1
18.428,TAKEOFF,38.673784240863775,60.07635629752433,0,26.592,0.0,1,0.9124627113342285,0.0,0.0,0.0,0.0,0.0,0.0,3.0,0.23244540393352509,0.15079042315483093,40.6595458984375,10.000000083512225,1.5435317252992384e-11,OFFBOARD,1
18.46,TAKEOFF,38.76438903541265,60.07301684494719,0,26.624,0.0,1,0.9124627113342285,0.0,0.0,0.0,0.0,0.0,0.0,3.0,0.23568445444107056,0.1464281976222992,40.77853775024414,10.000000083512225,1.5435317252992384e-11,OFFBOARD,1
18.492,TAKEOFF,38.866599645467424,60.0694957672975,0,26.656,0.0,1,0.9124627113342285,0.0,0.0,0.0,0.0,0.0,0.0,3.0,0.2376093715429306,0.14396867156028748,40.850528717041016,10.000000083512225,1.5435317252992384e-11,OFFBOARD,1
18.528,TAKEOFF,38.967851900185906,60.066056708426814,0,26.692,0.0,1,0.9124627113342285,0.0,0.0,0.0,0.0,0.0,0.0,3.0,0.24002887308597565,0.1407591849565506,40.946502685546875,10.000000083512225,1.5435317252992384e-11,OFFBOARD,1
18.564,TAKEOFF,39.05699078049014,60.063046086657,0,26.728,0.0,1,0.9124627113342285,0.0,0.0,0.0,0.0,0.0,0.0,3.0,0.2428213506937027,0.13684523105621338,41.06605529785156,10.000000083512225,1.5435317252992384e-11,OFFBOARD,1
18.592,TAKEOFF,39.135486556251536,60.060569184962254,0,26.756,0.0,1,0.9124627113342285,0.0,0.0,0.0,0.0,0.0,0.0,3.0,0.24489030241966248,0.13378089666366577,41.161460876464844,10.000000083512225,1.5435317252992384e-11,OFFBOARD,1
18.628,TAKEOFF,39.23631930794422,60.05749033444693,0,26.792,0.0,1,0.9124627113342285,0.0,0.0,0.0,0.0,0.0,0.0,3.0,0.24682095646858215,0.130768284201622,41.25651168823242,10.000000083512225,1.5435317252992384e-11,OFFBOARD,1
18.66,TAKEOFF,39.32590296215434,60.05483860269743,0,26.824,0.0,1,0.9124627113342285,0.0,0.0,0.0,0.0,0.0,0.0,3.0,0.24863837659358978,0.12779000401496887,41.35133361816406,10.000000083512225,1.5435317252992384e-11,OFFBOARD,1
18.692,TAKEOFF,39.4154815511375,60.05225264325913,0,26.856,0.0,1,0.9259591102600098,0.0,0.0,0.0,0.0,0.0,0.0,3.0,0.2503550946712494,0.12484835088253021,41.44601821899414,10.000000083512225,1.5435317252992384e-11,OFFBOARD,1
18.728,TAKEOFF,39.516290066954724,60.04940633407278,0,26.892,0.0,1,0.9259591102600098,0.0,0.0,0.0,0.0,0.0,0.0,3.0,0.2523826062679291,0.12120945751667023,41.564205169677734,10.000000083512225,1.5435317252992384e-11,OFFBOARD,1
18.76,TAKEOFF,39.60595481244608,60.04536555374478,0,26.924,0.0,1,0.9259591102600098,0.0,0.0,0.0,0.0,0.0,0.0,3.0,0.2539241909980774,0.11829815059900284,41.65861892700195,10.000000083512225,1.5435317252992384e-11,OFFBOARD,1
18.792,TAKEOFF,39.69569710103024,60.04446665906912,0,26.956,0.0,1,0.9259591102600098,0.0,0.0,0.0,0.0,0.0,0.0,3.0,0.2554081082344055,0.11538226902484894,41.75285339355469,10.000000083512225,1.5435317252992384e-11,OFFBOARD,1
18.828,TAKEOFF,39.79677796916168,60.041737273630865,0,26.992,0.0,1,0.9259591102600098,0.0,0.0,0.0,0.0,0.0,0.0,3.0,0.2568522095680237,0.11247093230485916,41.84718322753906,10.000000083512225,1.5435317252992384e-11,OFFBOARD,1
18.86,TAKEOFF,39.898664132266354,60.039116022387596,0,27.024,0.0,1,0.9259591102600098,0.0,0.0,0.0,0.0,0.0,0.0,3.0,0.25825685262680054,0.109556183218956,41.941280364990234,10.000000083512225,1.5435317252992384e-11,OFFBOARD,1
18.892,TAKEOFF,39.97710042685827,60.03694003455219,0,27.056,0.0,1,0.9259591102600098,0.0,0.0,0.0,0.0,0.0,0.0,3.0,0.2594417929649353,0.10769370943307877,42.036590576171875,10.000000083512225,1.5435317252992384e-11,OFFBOARD,1
18.928,TAKEOFF,40.07935337021728,60.0342483234647,0,27.092,0.0,1,0.9259591102600098,0.0,0.0,0.0,0.0,0.0,0.0,3.0,0.2609093487262726,0.10471739619970322,42.155906677246094,10.000000083512225,1.5435317252992384e-11,OFFBOARD,1
18.96,TAKEOFF,40.18277931135045,60.03163914053463,0,27.124,0.0,1,0.9259591102600098,0.0,0.0,0.0,0.0,0.0,0.0,3.0,0.2620716094970703,0.10175737738609314,42.25157165527344,10.000000083512225,1.5435317252992384e-11,OFFBOARD,1
18.992,TAKEOFF,40.27458692897065,60.029247497548866,0,27.156,0.0,1,0.9259591102600098,0.0,0.0,0.0,0.0,0.0,0.0,3.0,0.2632291615009308,0.09829351305961609,42.34746170043945,10.000000083512225,1.5435317252992384e-11,OFFBOARD,1
19.028,TAKEOFF,40.37825476128578,60.026559174100136,0,27.192,0.0,1,0.9259591102600098,0.0,0.0,0.0,0.0,0.0,0.0,3.0,0.26435238122940063,0.09433780610561371,42.443477630615234,10.000000083512225,1.5435317252992384e-11,OFFBOARD,1
19.06,TAKEOFF,40.4586194116508,60.02329105072747,0,27.224,0.0,1,0.9259591102600098,0.0,0.0,0.0,0.0,0.0,0.0,3.0,0.26543253660202026,0.08992075175046921,42.539512634277344,10.000000083512225,1.5435317252992384e-11,OFFBOARD,1
19.092,TAKEOFF,40.56341462760677,60.02179570419146,0,27.256,0.0,1,0.9259591102600098,0.0,0.0,0.0,0.0,0.0,0.0,3.0,0.26648297905921936,0.08508971333503723,42.635414123535156,10.000000083512225,1.5435317252992384e-11,OFFBOARD,1
19.128,TAKEOFF,40.66802303795577,60.01913120154466,0,27.292,0.0,1,0.9259591102600098,0.0,0.0,0.0,0.0,0.0,0.0,3.0,0.2674976885318756,0.07989002764225006,42.7314567565918,10.000000083512225,1.5435317252992384e-11,OFFBOARD,1
19.16,TAKEOFF,40.76128852113604,60.016773954658056,0,27.324,0.0,1,0.9259591102600098,0.0,0.0,0.0,0.0,0.0,0.0,3.0,0.26872488856315613,0.0729147344827652,42.85129165649414,10.000000083512225,1.5435317252992384e-11,OFFBOARD,1
19.192,TAKEOFF,40.84272560076735,60.01363796063045,0,27.356,0.0,1,0.9259591102600098,0.0,0.0,0.0,0.0,0.0,0.0,3.0,0.26970192790031433,0.06700205057859421,42.94702911376953,10.000000083512225,1.5435317252992384e-11,OFFBOARD,1
19.228,TAKEOFF,40.94829510532171,60.012007866375264,0,27.392,0.0,1,0.9199730753898621,0.0,0.0,0.0,0.0,0.0,0.0,3.0,0.27067795395851135,0.06084580719470978,43.04291534423828,10.000000083512225,1.5435317252992384e-11,OFFBOARD,1
19.26,TAKEOFF,41.04245472902136,60.00968061348674,0,27.424,0.0,1,0.9199730753898621,0.0,0.0,0.0,0.0,0.0,0.0,3.0,0.27164119482040405,0.05449153855443001,43.138694763183594,10.000000083512225,1.5435317252992384e-11,OFFBOARD,1
19.292,TAKEOFF,41.136925810625776,60.007360920907644,0,27.456,0.0,1,0.9199730753898621,0.0,0.0,0.0,0.0,0.0,0.0,3.0,0.27317601442337036,0.048929523676633835,43.2354621887207,10.000000083512225,1.5435317252992384e-11,OFFBOARD,1
19.328,TAKEOFF,41.24358612353506,60.00475905291809,0,27.492,0.0,1,0.9199730753898621,0.0,0.0,0.0,0.0,0.0,0.0,3.0,0.2746191918849945,0.04313215985894203,43.331939697265625,10.000000083512225,1.5435317252992384e-11,OFFBOARD,1
19.36,TAKEOFF,41.338734394540325,60.0024519269118,0,27.524,0.0,1,0.9199730753898621,0.0,0.0,0.0,0.0,0.0,0.0,3.0,0.27632638812065125,0.03560144826769829,43.45244216918945,10.000000083512225,1.5435317252992384e-11,OFFBOARD,1
19.392,TAKEOFF,41.434120089701715,60.000061369678164,0,27.556,0.0,1,0.9199730753898621,0.0,0.0,0.0,0.0,0.0,0.0,3.0,0.2776624858379364,0.02935599349439144,43.54878234863281,10.000000083512225,1.5435317252992384e-11,OFFBOARD,1
19.428,TAKEOFF,41.553736654276314,59.996944134187515,0,27.592,0.0,1,0.9199730753898621,0.0,0.0,0.0,0.0,0.0,0.0,3.0,0.2790829539299011,0.022911323234438896,43.644798278808594,10.000000083512225,1.5435317252992384e-11,OFFBOARD,1
19.46,TAKEOFF,41.63743583013701,59.99447470298469,0,27.624,0.0,1,0.9199730753898621,0.0,0.0,0.0,0.0,0.0,0.0,3.0,0.28062036633491516,0.01625620387494564,43.74067687988281,10.000000083512225,1.5435317252992384e-11,OFFBOARD,1
19.492,TAKEOFF,41.73346387861806,59.99160669249752,0,27.656,0.0,1,0.9199730753898621,0.0,0.0,0.0,0.0,0.0,0.0,3.0,0.2826240062713623,0.00986074935644865,43.83844757080078,10.000000083512225,1.5435317252992384e-11,OFFBOARD,1
19.528,TAKEOFF,41.85387147745423,59.98790038051237,0,27.692,0.0,1,0.9199730753898621,0.0,0.0,0.0,0.0,0.0,0.0,3.0,0.2848135530948639,0.003397436812520027,43.936622619628906,10.000000083512225,1.5435317252992384e-11,OFFBOARD,1
19.56,TAKEOFF,41.938373310903415,59.98503197072725,0,27.724,0.0,1,0.9199730753898621,0.0,0.0,0.0,0.0,0.0,0.0,3.0,0.287639319896698,-0.004964804742485285,44.058685302734375,10.000000083512225,1.5435317252992384e-11,OFFBOARD,1
19.592,TAKEOFF,42.035202363799144,59.98173382016837,0,27.756,0.0,1,0.9199730753898621,0.0,0.0,0.0,0.0,0.0,0.0,3.0,0.2899632453918457,-0.011867351830005646,44.15608596801758,10.000000083512225,1.5435317252992384e-11,OFFBOARD,1
19.628,TAKEOFF,42.15648957925744,59.97754024150929,0,27.792,0.0,1,0.9199730753898621,0.0,0.0,0.0,0.0,0.0,0.0,3.0,0.2923341989517212,-0.01894843950867653,44.253238677978516,10.000000083512225,1.5435317252992384e-11,OFFBOARD,1
19.66,TAKEOFF,42.2418048260759,59.97436792880834,0,27.824,0.0,1,0.9199730753898621,0.0,0.0,0.0,0.0,0.0,0.0,3.0,0.29475343227386475,-0.026198910549283028,44.35013961791992,10.000000083512225,1.5435317252992384e-11,OFFBOARD,1
19.692,TAKEOFF,42.33942323789014,59.970764521420776,0,27.856,0.0,1,0.9199730753898621,0.0,0.0,0.0,0.0,0.0,0.0,3.0,0.297207772731781,-0.033602699637413025,44.44682312011719,10.000000083512225,1.5435317252992384e-11,OFFBOARD,1
19.728,TAKEOFF,42.46158067905982,59.96625227293755,0,27.892,0.0,1,0.9182130694389343,0.0,0.0,0.0,0.0,0.0,0.0,3.0,0.2996944487094879,-0.04113566875457764,44.543087005615234,10.000000083512225,1.5435317252992384e-11,OFFBOARD,1
19.76,TAKEOFF,42.559736972091606,59.962511867477126,0,27.924,0.0,1,0.9182130694389343,0.0,0.0,0.0,0.0,0.0,0.0,3.0,0.3028181195259094,-0.0507245697081089,44.66315460205078,10.000000083512225,1.5435317252992384e-11,OFFBOARD,1
19.792,TAKEOFF,42.65815185202878,59.9587284200376,0,27.956,0.0,1,0.9182130694389343,0.0,0.0,0.0,0.0,0.0,0.0,3.0,0.3053269684314728,-0.05851355940103531,44.758914947509766,10.000000083512225,1.5435317252992384e-11,OFFBOARD,1
19.828,TAKEOFF,42.75715575910218,59.954822549747696,0,27.992,0.0,1,0.9182130694389343,0.0,0.0,0.0,0.0,0.0,0.0,3.0,0.30784761905670166,-0.06640060991048813,44.85444259643555,10.000000083512225,1.5435317252992384e-11,OFFBOARD,1
19.86,TAKEOFF,42.8681542797186,59.950580957894104,0,28.024,0.0,1,0.9182130694389343,0.0,0.0,0.0,0.0,0.0,0.0,3.0,0.31037646532058716,-0.07437717914581299,44.94972610473633,10.000000083512225,1.5435317252992384e-11,OFFBOARD,1
19.892,TAKEOFF,42.95538716441646,59.947134120786934,0,28.056,0.0,1,0.9182130694389343,0.0,0.0,0.0,0.0,0.0,0.0,3.0,0.3141563832759857,-0.08194984495639801,45.04690933227539,10.000000083512225,1.5435317252992384e-11,OFFBOARD,1
19.928,TAKEOFF,43.067408833495136,59.942853792446684,0,28.092,0.0,1,0.9182130694389343,0.0,0.0,0.0,0.0,0.0,0.0,3.0,0.31781765818595886,-0.0893867239356041,45.143795013427734,10.000000083512225,1.5435317252992384e-11,OFFBOARD,1
19.96,TAKEOFF,43.167289768344844,59.93908823698304,0,28.124,0.0,1,0.9182130694389343,0.0,0.0,0.0,0.0,0.0,0.0,3.0,0.32219362258911133,-0.09842734783887863,45.2644157409668,10.000000083512225,1.5435317252992384e-11,OFFBOARD,1
19.992,TAKEOFF,43.26744217135431,59.93536174042831,0,28.156,0.0,1,0.9182130694389343,0.0,0.0,0.0,0.0,0.0,0.0,3.0,0.3255572021007538,-0.10543527454137802,45.36080551147461,10.000000083512225,1.5435317252992384e-11,OFFBOARD,1
20.028,TAKEOFF,43.38041160069567,59.93121741165716,0,28.192,0.0,1,0.9182130694389343,0.0,0.0,0.0,0.0,0.0,0.0,3.0,0.32884055376052856,-0.11224212497472763,45.456966400146484,10.000000083512225,1.5435317252992384e-11,OFFBOARD,1
20.06,TAKEOFF,43.481071492708445,59.927576235232486,0,28.224,0.0,1,0.9182130694389343,0.0,0.0,0.0,0.0,0.0,0.0,3.0,0.33200371265411377,-0.1188567578792572,45.55305862426758,10.000000083512225,1.5435317252992384e-11,OFFBOARD,1
20.092,TAKEOFF,43.581941538609,59.92091937779418,0,28.256,0.0,1,0.9182130694389343,0.0,0.0,0.0,0.0,0.0,0.0,3.0,0.33505523204803467,-0.12529346346855164,45.64890670776367,10.000000083512225,1.5435317252992384e-11,OFFBOARD,1
20.128,TAKEOFF,43.70771020197905,59.91961435098163,0,28.292,0.0,1,0.9182130694389343,0.0,0.0,0.0,0.0,0.0,0.0,3.0,0.3379909098148346,-0.13155725598335266,45.744667053222656,10.000000083512225,1.5435317252992384e-11,OFFBOARD,1
20.16,TAKEOFF,43.79691464684639,59.91644229154471,0,28.324,0.0,1,0.9182130694389343,0.0,0.0,0.0,0.0,0.0,0.0,3.0,0.34151482582092285,-0.13918913900852203,45.864131927490234,10.000000083512225,1.5435317252992384e-11,OFFBOARD,1
20.192,TAKEOFF,43.89834210524691,59.91294820695475,0,28.356,0.0,1,0.9182130694389343,0.0,0.0,0.0,0.0,0.0,0.0,3.0,0.3442307412624359,-0.14515380561351776,45.95964813232422,10.000000083512225,1.5435317252992384e-11,OFFBOARD,1
20.228,TAKEOFF,44.01262335924793,59.90904982049532,0,28.392,0.0,1,0.8901463150978088,0.0,0.0,0.0,0.0,0.0,0.0,3.0,0.346855103969574,-0.1510249376296997,46.055328369140625,10.000000083512225,1.5435317252992384e-11,OFFBOARD,1
20.26,TAKEOFF,44.12640952041799,59.90527142553997,0,28.424,0.0,1,0.8901463150978088,0.0,0.0,0.0,0.0,0.0,0.0,3.0,0.34939637780189514,-0.1568203568458557,46.150794982910156,10.000000083512225,1.5435317252992384e-11,OFFBOARD,1
20.3,TAKEOFF,44.22957593600057,59.8991211600191,0,28.464,0.0,1,0.8901463150978088,0.0,0.0,0.0,0.0,0.0,0.0,3.0,0.3563826084136963,-0.1684836745262146,46.34589767456055,10.000000083512225,1.5435317252992384e-11,OFFBOARD,1
20.328,TAKEOFF,44.34290184134307,59.89803087157091,0,28.492,0.0,1,0.8901463150978088,0.0,0.0,0.0,0.0,0.0,0.0,3.0,0.3563826084136963,-0.1684836745262146,46.34589767456055,10.000000083512225,1.5435317252992384e-11,OFFBOARD,1
20.36,TAKEOFF,44.432820067915365,59.894979964295636,0,28.524,0.0,1,0.8901463150978088,0.0,0.0,0.0,0.0,0.0,0.0,3.0,0.36046943068504333,-0.17563550174236298,46.4672737121582,10.000000083512225,1.5435317252992384e-11,OFFBOARD,1
20.392,TAKEOFF,44.53490124708214,59.89174504598927,0,28.556,0.0,1,0.8901463150978088,0.0,0.0,0.0,0.0,0.0,0.0,3.0,0.36357173323631287,-0.18121130764484406,46.56407165527344,10.000000083512225,1.5435317252992384e-11,OFFBOARD,1
20.428,TAKEOFF,44.649885512033286,59.888408551324424,0,28.592,0.0,1,0.8901463150978088,0.0,0.0,0.0,0.0,0.0,0.0,3.0,0.3663580119609833,-0.18635423481464386,46.66059875488281,10.000000083512225,1.5435317252992384e-11,OFFBOARD,1
20.46,TAKEOFF,44.75220738157551,59.88571352005336,0,28.624,0.0,1,0.8901463150978088,0.0,0.0,0.0,0.0,0.0,0.0,3.0,0.36936402320861816,-0.19215472042560577,46.78140640258789,10.000000083512225,1.5435317252992384e-11,OFFBOARD,1
20.492,TAKEOFF,44.8546116077562,59.88327263336635,0,28.656,0.0,1,0.8901463150978088,0.0,0.0,0.0,0.0,0.0,0.0,3.0,0.37092068791389465,-0.19529485702514648,46.853675842285156,10.000000083512225,1.5435317252992384e-11,OFFBOARD,1
20.528,TAKEOFF,44.96987713430661,59.880822204311386,0,28.692,0.0,1,0.8901463150978088,0.0,0.0,0.0,0.0,0.0,0.0,3.0,0.37271401286125183,-0.19908684492111206,46.949954986572266,10.000000083512225,1.5435317252992384e-11,OFFBOARD,1
20.56,TAKEOFF,45.072356838339516,59.87889252656733,0,28.724,0.0,1,0.8901463150978088,0.0,0.0,0.0,0.0,0.0,0.0,3.0,0.3745395839214325,-0.20322348177433014,47.070133209228516,10.000000083512225,1.5435317252992384e-11,OFFBOARD,1
20.592,TAKEOFF,45.18696843766827,59.877070222676195,0,28.756,0.0,1,0.8901463150978088,0.0,0.0,0.0,0.0,0.0,0.0,3.0,0.37568697333335876,-0.20611031353473663,47.16621780395508,10.000000083512225,1.5435317252992384e-11,OFFBOARD,1
20.628,TAKEOFF,45.30221771449648,59.87539895146824,0,28.792,0.0,1,0.8901463150978088,0.0,0.0,0.0,0.0,0.0,0.0,3.0,0.37658214569091797,-0.20862628519535065,47.262447357177734,10.000000083512225,1.5435317252992384e-11,OFFBOARD,1
20.66,TAKEOFF,45.39245448899887,59.874154304047664,0,28.824,0.0,1,0.8901463150978088,0.0,0.0,0.0,0.0,0.0,0.0,3.0,0.3776789605617523,-0.21124579012393951,47.382972717285156,10.000000083512225,1.5435317252992384e-11,OFFBOARD,1
20.696,TAKEOFF,45.49475708495429,59.87297460273592,0,28.86,0.0,1,0.8901463150978088,0.0,0.0,0.0,0.0,0.0,0.0,3.0,0.37880760431289673,-0.21244016289710999,47.45652770996094,10.000000083512225,1.5435317252992384e-11,OFFBOARD,1
20.728,TAKEOFF,45.60972149624647,59.87179751708649,0,28.892,0.0,1,0.8901463150978088,0.0,0.0,0.0,0.0,0.0,0.0,3.0,0.3800940215587616,-0.21384327113628387,47.55428695678711,10.000000083512225,1.5435317252992384e-11,OFFBOARD,1
20.76,TAKEOFF,45.72391588423613,59.87084713765331,0,28.924,0.0,1,0.8901463150978088,0.0,0.0,0.0,0.0,0.0,0.0,3.0,0.3813956081867218,-0.21531718969345093,47.67624282836914,10.000000083512225,1.5435317252992384e-11,OFFBOARD,1
20.792,TAKEOFF,45.81363977880277,59.87002118360275,0,28.956,0.0,1,0.9210004806518555,0.0,0.0,0.0,0.0,0.0,0.0,3.0,0.3822261393070221,-0.21631523966789246,47.77344512939453,10.000000083512225,1.5435317252992384e-11,OFFBOARD,1
20.828,TAKEOFF,45.928017215857146,59.869166113410756,0,28.992,0.0,1,0.9210004806518555,0.0,0.0,0.0,0.0,0.0,0.0,3.0,0.38287755846977234,-0.21718156337738037,47.87034606933594,10.000000083512225,1.5435317252992384e-11,OFFBOARD,1
20.86,TAKEOFF,46.02946257748537,59.86847890072078,0,29.024,0.0,1,0.9210004806518555,0.0,0.0,0.0,0.0,0.0,0.0,3.0,0.3833824396133423,-0.21794115006923676,47.96709442138672,10.000000083512225,1.5435317252992384e-11,OFFBOARD,1
20.892,TAKEOFF,46.13064529251653,59.867882134795806,0,29.056,0.0,1,0.9210004806518555,0.0,0.0,0.0,0.0,0.0,0.0,3.0,0.383733868598938,-0.21871750056743622,48.06364822387695,10.000000083512225,1.5435317252992384e-11,OFFBOARD,1
20.928,TAKEOFF,46.24411409347504,59.86734013557135,0,29.092,0.0,1,0.9210004806518555,0.0,0.0,0.0,0.0,0.0,0.0,3.0,0.3838898539543152,-0.22009499371051788,48.16014862060547,10.000000083512225,1.5435317252992384e-11,OFFBOARD,1
20.96,TAKEOFF,46.35673824361904,59.867025446441396,0,29.124,0.0,1,0.9210004806518555,0.0,0.0,0.0,0.0,0.0,0.0,3.0,0.38377466797828674,-0.22283658385276794,48.280364990234375,10.000000083512225,1.5435317252992384e-11,OFFBOARD,1
20.992,TAKEOFF,46.4568929098599,59.86677102056354,0,29.156,0.0,1,0.9210004806518555,0.0,0.0,0.0,0.0,0.0,0.0,3.0,0.3834598660469055,-0.22584456205368042,48.37627410888672,10.000000083512225,1.5435317252992384e-11,OFFBOARD,1
21.028,TAKEOFF,46.56913697074313,59.866602170128225,0,29.192,0.0,1,0.9210004806518555,0.0,0.0,0.0,0.0,0.0,0.0,3.0,0.38294994831085205,-0.22953753173351288,48.47195816040039,10.000000083512225,1.5435317252992384e-11,OFFBOARD,1
21.06,TAKEOFF,46.66854424248428,59.86655020710551,0,29.224,0.0,1,0.9210004806518555,0.0,0.0,0.0,0.0,0.0,0.0,3.0,0.3822542726993561,-0.23389723896980286,48.56730651855469,10.000000083512225,1.5435317252992384e-11,OFFBOARD,1
21.096,TAKEOFF,46.75556672314616,59.8664799013426,0,29.26,0.0,1,0.9210004806518555,0.0,0.0,0.0,0.0,0.0,0.0,3.0,0.38226717710494995,-0.2372652143239975,48.66570281982422,10.000000083512225,1.5435317252992384e-11,OFFBOARD,1
21.128,TAKEOFF,46.86665765653964,59.86659800691937,0,29.292,0.0,1,0.9210004806518555,0.0,0.0,0.0,0.0,0.0,0.0,3.0,0.38207751512527466,-0.2413150817155838,48.7635612487793,10.000000083512225,1.5435317252992384e-11,OFFBOARD,1
21.16,TAKEOFF,46.96506169710551,59.86729245379245,0,29.324,0.0,1,0.9210004806518555,0.0,0.0,0.0,0.0,0.0,0.0,3.0,0.38156774640083313,-0.24723085761070251,48.88530349731445,10.000000083512225,1.5435317252992384e-11,OFFBOARD,1
21.192,TAKEOFF,47.06314028707731,59.86701471830091,0,29.356,0.0,1,0.9000511169433594,0.0,0.0,0.0,0.0,0.0,0.0,3.0,0.3809467554092407,-0.2525709569454193,48.98215866088867,10.000000083512225,1.5435317252992384e-11,OFFBOARD,1
21.228,TAKEOFF,47.16104721414752,59.86721108958976,0,29.392,0.0,1,0.9000511169433594,0.0,0.0,0.0,0.0,0.0,0.0,3.0,0.38016581535339355,-0.25840234756469727,49.07867431640625,10.000000083512225,1.5435317252992384e-11,OFFBOARD,1
21.264,TAKEOFF,47.28262051413808,59.86773612142454,0,29.428,0.0,1,0.9000511169433594,0.0,0.0,0.0,0.0,0.0,0.0,3.0,0.3790055811405182,-0.26627349853515625,49.19894790649414,10.000000083512225,1.5435317252992384e-11,OFFBOARD,1
21.292,TAKEOFF,47.36752841401291,59.86807350574804,0,29.456,0.0,1,0.9000511169433594,0.0,0.0,0.0,0.0,0.0,0.0,3.0,0.37938210368156433,-0.27280429005622864,49.29634475708008,10.000000083512225,1.5435317252992384e-11,OFFBOARD,1
21.328,TAKEOFF,47.47633188765782,59.86854529336665,0,29.492,0.0,1,0.9000511169433594,0.0,0.0,0.0,0.0,0.0,0.0,3.0,0.37952372431755066,-0.27790144085884094,49.36915969848633,10.000000083512225,1.5435317252992384e-11,OFFBOARD,1
21.364,TAKEOFF,47.58472778662166,59.86915360400632,0,29.528,0.0,1,0.9000511169433594,0.0,0.0,0.0,0.0,0.0,0.0,3.0,0.3794853389263153,-0.2867338955402374,49.490013122558594,10.000000083512225,1.5435317252992384e-11,OFFBOARD,1
21.392,TAKEOFF,47.66878271800299,59.86958017347245,0,29.556,0.0,1,0.9000511169433594,0.0,0.0,0.0,0.0,0.0,0.0,3.0,0.3792080283164978,-0.29394692182540894,49.58656692504883,10.000000083512225,1.5435317252992384e-11,OFFBOARD,1
21.428,TAKEOFF,47.77659560751902,59.870492753277276,0,29.592,0.0,1,0.9000511169433594,0.0,0.0,0.0,0.0,0.0,0.0,3.0,0.378611296415329,-0.30077943205833435,49.682769775390625,10.000000083512225,1.5435317252992384e-11,OFFBOARD,1
21.46,TAKEOFF,47.87220074870671,59.87152945030951,0,29.624,0.0,1,0.9000511169433594,0.0,0.0,0.0,0.0,0.0,0.0,3.0,0.3776838779449463,-0.3071576952934265,49.7787971496582,10.000000083512225,1.5435317252992384e-11,OFFBOARD,1
21.492,TAKEOFF,47.96759205112561,59.87277525208104,0,29.656,0.0,1,0.9000511169433594,0.0,0.0,0.0,0.0,0.0,0.0,3.0,0.3764556050300598,-0.31308403611183167,49.87470626831055,10.000000083512225,1.5435317252992384e-11,OFFBOARD,1
21.528,TAKEOFF,48.06256320635412,59.87412570435152,0,29.692,0.0,1,0.9000511169433594,0.0,0.0,0.0,0.0,0.0,0.0,3.0,0.37451449036598206,-0.31985825300216675,49.99473571777344,10.000000083512225,1.5435317252992384e-11,OFFBOARD,1
21.56,TAKEOFF,48.16956123153203,59.87607777282084,0,29.724,0.0,1,0.9142197370529175,0.0,0.0,0.0,0.0,0.0,0.0,3.0,0.37262091040611267,-0.32481110095977783,50.09061813354492,10.000000083512225,1.5435317252992384e-11,OFFBOARD,1
21.592,TAKEOFF,48.276343870567544,59.878248291031575,0,29.756,0.0,1,0.9142197370529175,0.0,0.0,0.0,0.0,0.0,0.0,3.0,0.3704570233821869,-0.3293759822845459,50.18625259399414,10.000000083512225,1.5435317252992384e-11,OFFBOARD,1
21.628,TAKEOFF,48.37048468626821,59.88015541761319,0,29.792,0.0,1,0.9142197370529175,0.0,0.0,0.0,0.0,0.0,0.0,3.0,0.3680613040924072,-0.3335975408554077,50.28194808959961,10.000000083512225,1.5435317252992384e-11,OFFBOARD,1
21.66,TAKEOFF,48.464655640370715,59.88229165886735,0,29.824,0.0,1,0.9142197370529175,0.0,0.0,0.0,0.0,0.0,0.0,3.0,0.3654606342315674,-0.3375304341316223,50.37747573852539,10.000000083512225,1.5435317252992384e-11,OFFBOARD,1
21.692,TAKEOFF,48.58279522823552,59.88531191803917,0,29.856,0.0,1,0.9142197370529175,0.0,0.0,0.0,0.0,0.0,0.0,3.0,0.3625554144382477,-0.34262198209762573,50.49907302856445,10.000000083512225,1.5435317252992384e-11,OFFBOARD,1
21.728,TAKEOFF,48.663964309844694,59.88717579419301,0,29.892,0.0,1,0.9142197370529175,0.0,0.0,0.0,0.0,0.0,0.0,3.0,0.3606525957584381,-0.34548866748809814,50.57194519042969,10.000000083512225,1.5435317252992384e-11,OFFBOARD,1
21.76,TAKEOFF,48.757369420425206,59.88959713205097,0,29.924,0.0,1,0.9142197370529175,0.0,0.0,0.0,0.0,0.0,0.0,3.0,0.35726815462112427,-0.34999537467956543,50.69288635253906,10.000000083512225,1.5435317252992384e-11,OFFBOARD,1
21.792,TAKEOFF,48.850523072893466,59.892075524535194,0,29.956,0.0,1,0.9142197370529175,0.0,0.0,0.0,0.0,0.0,0.0,3.0,0.35439440608024597,-0.35338759422302246,50.7894401550293,10.000000083512225,1.5435317252992384e-11,OFFBOARD,1
21.828,TAKEOFF,48.95503399172363,59.89491647067657,0,29.992,0.0,1,0.9142197370529175,0.0,0.0,0.0,0.0,0.0,0.0,3.0,0.35139036178588867,-0.35663145780563354,50.885746002197266,10.000000083512225,1.5435317252992384e-11,OFFBOARD,1
21.86,TAKEOFF,49.04769055723058,59.89747804023926,0,30.024,0.0,1,0.9142197370529175,0.0,0.0,0.0,0.0,0.0,0.0,3.0,0.34827977418899536,-0.3597313463687897,50.98183059692383,10.000000083512225,1.5435317252992384e-11,OFFBOARD,1
21.892,TAKEOFF,49.1523902484579,59.90323903795399,0,30.056,0.0,1,0.9142197370529175,0.0,0.0,0.0,0.0,0.0,0.0,3.0,0.345237135887146,-0.3633520007133484,51.07921600341797,10.000000083512225,1.5435317252992384e-11,OFFBOARD,1
21.928,TAKEOFF,49.24443220615087,59.90196759506551,0,30.092,0.0,1,0.9142197370529175,0.0,0.0,0.0,0.0,0.0,0.0,3.0,0.34250134229660034,-0.36754339933395386,51.17686080932617,10.000000083512225,1.5435317252992384e-11,OFFBOARD,1
21.96,TAKEOFF,49.349175792537174,59.90368887780485,0,30.124,0.0,1,0.9142197370529175,0.0,0.0,0.0,0.0,0.0,0.0,3.0,0.33954229950904846,-0.37342357635498047,51.298988342285156,10.000000083512225,1.5435317252992384e-11,OFFBOARD,1
21.992,TAKEOFF,49.429503306323575,59.90449320037981,0,30.156,0.0,1,0.9142197370529175,0.0,0.0,0.0,0.0,0.0,0.0,3.0,0.3375246226787567,-0.3786507546901703,51.39652633666992,10.000000083512225,1.5435317252992384e-11,OFFBOARD,1
22.028,TAKEOFF,49.5455741588431,59.90536289897817,0,30.192,0.0,1,0.9142197370529175,0.0,0.0,0.0,0.0,0.0,0.0,3.0,0.33583560585975647,-0.38432443141937256,51.49396514892578,10.000000083512225,1.5435317252992384e-11,OFFBOARD,1
22.06,TAKEOFF,49.62561008521743,59.90546033510732,0,30.224,0.0,1,0.9119768142700195,0.0,0.0,0.0,0.0,0.0,0.0,3.0,0.3344666361808777,-0.3904252350330353,51.59101867675781,10.000000083512225,1.5435317252992384e-11,OFFBOARD,1
22.092,TAKEOFF,49.729839869264865,59.90543983576208,0,30.256,0.0,1,0.9119768142700195,0.0,0.0,0.0,0.0,0.0,0.0,3.0,0.33340609073638916,-0.3969259262084961,51.68769836425781,10.000000083512225,1.5435317252992384e-11,OFFBOARD,1
22.132,TAKEOFF,49.821114011225795,59.904918406058464,0,30.296,0.0,1,0.9119768142700195,0.0,0.0,0.0,0.0,0.0,0.0,3.0,0.33260560035705566,-0.4037831723690033,51.78419876098633,10.000000083512225,1.5435317252992384e-11,OFFBOARD,1
22.16,TAKEOFF,49.91296397925362,59.90424093090747,0,30.324,0.0,1,0.9119768142700195,0.0,0.0,0.0,0.0,0.0,0.0,3.0,0.33192387223243713,-0.4127713739871979,51.904571533203125,10.000000083512225,1.5435317252992384e-11,OFFBOARD,1
22.196,TAKEOFF,50.016913399849614,59.90331778843052,0,30.36,0.0,1,0.9119768142700195,0.0,0.0,0.0,0.0,0.0,0.0,3.0,0.3315816819667816,-0.420247882604599,52.00078582763672,10.000000083512225,1.5435317252992384e-11,OFFBOARD,1
22.228,TAKEOFF,50.10798510244175,59.90210991706323,0,30.392,0.0,1,0.9119768142700195,0.0,0.0,0.0,0.0,0.0,0.0,3.0,0.3313843607902527,-0.4279313087463379,52.09680938720703,10.000000083512225,1.5435317252992384e-11,OFFBOARD,1
22.26,TAKEOFF,50.19973833914485,59.900845319664555,0,30.424,0.0,1,0.9119768142700195,0.0,0.0,0.0,0.0,0.0,0.0,3.0,0.33132821321487427,-0.43578797578811646,52.19282531738281,10.000000083512225,1.5435317252992384e-11,OFFBOARD,1
22.292,TAKEOFF,50.303675757252165,59.899363239125826,0,30.456,0.0,1,0.9119768142700195,0.0,0.0,0.0,0.0,0.0,0.0,3.0,0.3319687247276306,-0.44591736793518066,52.314117431640625,10.000000083512225,1.5435317252992384e-11,OFFBOARD,1
22.328,TAKEOFF,50.40697340587893,59.897633725863535,0,30.492,0.0,1,0.9119768142700195,0.0,0.0,0.0,0.0,0.0,0.0,3.0,0.3324723243713379,-0.452085018157959,52.3870735168457,10.000000083512225,1.5435317252992384e-11,OFFBOARD,1
22.36,TAKEOFF,50.486679171732355,59.89609738314388,0,30.524,0.0,1,0.9119768142700195,0.0,0.0,0.0,0.0,0.0,0.0,3.0,0.3333576023578644,-0.4624919593334198,52.50840377807617,10.000000083512225,1.5435317252992384e-11,OFFBOARD,1
22.392,TAKEOFF,50.57846059381231,59.894430427428055,0,30.556,0.0,1,0.9119768142700195,0.0,0.0,0.0,0.0,0.0,0.0,3.0,0.33409732580184937,-0.4708712697029114,52.60523986816406,10.000000083512225,1.5435317252992384e-11,OFFBOARD,1
22.428,TAKEOFF,50.68139459623731,59.89261614090238,0,30.592,0.0,1,0.9119768142700195,0.0,0.0,0.0,0.0,0.0,0.0,3.0,0.3347572684288025,-0.47904643416404724,52.701534271240234,10.000000083512225,1.5435317252992384e-11,OFFBOARD,1
22.464,TAKEOFF,50.796146462217656,59.89078491170353,0,30.628,0.0,1,0.9119768142700195,0.0,0.0,0.0,0.0,0.0,0.0,3.0,0.33531883358955383,-0.4869828224182129,52.79729080200195,10.000000083512225,1.5435317252992384e-11,OFFBOARD,1
22.492,TAKEOFF,50.87592829896705,59.88948542786541,0,30.656,0.0,1,0.9119768142700195,0.0,0.0,0.0,0.0,0.0,0.0,3.0,0.33577701449394226,-0.4946732223033905,52.89272689819336,10.000000083512225,1.5435317252992384e-11,OFFBOARD,1
22.528,TAKEOFF,50.966479773289365,59.887949951334505,0,30.692,0.0,1,0.9119768142700195,0.0,0.0,0.0,0.0,0.0,0.0,3.0,0.3362339437007904,-0.5039582252502441,53.01148223876953,10.000000083512225,1.5435317252992384e-11,OFFBOARD,1
22.56,TAKEOFF,51.05772317758853,59.88656635326058,0,30.724,0.0,1,0.9208497405052185,0.0,0.0,0.0,0.0,0.0,0.0,3.0,0.33651283383369446,-0.511152446269989,53.10633087158203,10.000000083512225,1.5435317252992384e-11,OFFBOARD,1
22.592,TAKEOFF,51.149066391671795,59.88522501924016,0,30.756,0.0,1,0.9208497405052185,0.0,0.0,0.0,0.0,0.0,0.0,3.0,0.33672136068344116,-0.5181587338447571,53.20100021362305,10.000000083512225,1.5435317252992384e-11,OFFBOARD,1
22.628,TAKEOFF,51.26400112078782,59.88369850141743,0,30.792,0.0,1,0.9208497405052185,0.0,0.0,0.0,0.0,0.0,0.0,3.0,0.3368702828884125,-0.5249979496002197,53.295780181884766,10.000000083512225,1.5435317252992384e-11,OFFBOARD,1
22.66,TAKEOFF,51.35567688023003,59.882423744068305,0,30.824,0.0,1,0.9208497405052185,0.0,0.0,0.0,0.0,0.0,0.0,3.0,0.33697494864463806,-0.5316830277442932,53.39035415649414,10.000000083512225,1.5435317252992384e-11,OFFBOARD,1
22.692,TAKEOFF,51.43554676607412,59.88121979327868,0,30.856,0.0,1,0.9208497405052185,0.0,0.0,0.0,0.0,0.0,0.0,3.0,0.3371564447879791,-0.5391387939453125,53.4868049621582,10.000000083512225,1.5435317252992384e-11,OFFBOARD,1
22.728,TAKEOFF,51.53917180643875,59.87981651619838,0,30.892,0.0,1,0.9208497405052185,0.0,0.0,0.0,0.0,0.0,0.0,3.0,0.3373251259326935,-0.546690046787262,53.583580017089844,10.000000083512225,1.5435317252992384e-11,OFFBOARD,1
22.76,TAKEOFF,51.64352907294327,59.87852307743005,0,30.924,0.0,1,0.9208497405052185,0.0,0.0,0.0,0.0,0.0,0.0,3.0,0.33747273683547974,-0.5558685064315796,53.70411682128906,10.000000083512225,1.5435317252992384e-11,OFFBOARD,1
22.792,TAKEOFF,51.72408587577976,59.877333945269434,0,30.956,0.0,1,0.9208497405052185,0.0,0.0,0.0,0.0,0.0,0.0,3.0,0.3375473618507385,-0.5630378127098083,53.80036544799805,10.000000083512225,1.5435317252992384e-11,OFFBOARD,1
22.828,TAKEOFF,51.828491641462676,59.87593527393771,0,30.992,0.0,1,0.9208497405052185,0.0,0.0,0.0,0.0,0.0,0.0,3.0,0.33759137988090515,-0.5700534582138062,53.89628219604492,10.000000083512225,1.5435317252992384e-11,OFFBOARD,1
22.86,TAKEOFF,51.933544616075935,59.87463532317467,0,31.024,0.0,1,0.9208497405052185,0.0,0.0,0.0,0.0,0.0,0.0,3.0,0.337627112865448,-0.576942503452301,53.992183685302734,10.000000083512225,1.5435317252992384e-11,OFFBOARD,1
22.892,TAKEOFF,52.02670542390504,59.87338523967428,0,31.056,0.0,1,0.9208497405052185,0.0,0.0,0.0,0.0,0.0,0.0,3.0,0.33763808012008667,-0.5853514075279236,54.11145782470703,10.000000083512225,1.5435317252992384e-11,OFFBOARD,1
22.928,TAKEOFF,52.11965109371067,59.872030546638996,0,31.092,0.0,1,0.9208497405052185,0.0,0.0,0.0,0.0,0.0,0.0,3.0,0.3376252353191376,-0.5902379155158997,54.18265151977539,10.000000083512225,1.5435317252992384e-11,OFFBOARD,1
22.96,TAKEOFF,52.213039495395854,59.87089477662352,0,31.124,0.0,1,0.9208497405052185,0.0,0.0,0.0,0.0,0.0,0.0,3.0,0.3375633955001831,-0.5981079339981079,54.30082321166992,10.000000083512225,1.5435317252992384e-11,OFFBOARD,1
22.992,TAKEOFF,52.306608987429634,59.869532394702205,0,31.156,0.0,1,0.9208497405052185,0.0,0.0,0.0,0.0,0.0,0.0,3.0,0.3374694585800171,-0.6041520237922668,54.39503860473633,10.000000083512225,1.5435317252992384e-11,OFFBOARD,1
23.028,TAKEOFF,52.41214851711781,59.86813112005698,0,31.192,0.0,1,0.9208497405052185,0.0,0.0,0.0,0.0,0.0,0.0,3.0,0.3373449444770813,-0.6099876165390015,54.48906707763672,10.000000083512225,1.5435317252992384e-11,OFFBOARD,1
23.06,TAKEOFF,52.51816028288287,59.86683727991903,0,31.224,0.0,1,0.9208497405052185,0.0,0.0,0.0,0.0,0.0,0.0,3.0,0.33719342947006226,-0.6156322956085205,54.582828521728516,10.000000083512225,1.5435317252992384e-11,OFFBOARD,1
23.096,TAKEOFF,52.60064201987409,59.86564577574936,0,31.26,0.0,1,0.9002685546875,0.0,0.0,0.0,0.0,0.0,0.0,3.0,0.33744117617607117,-0.6226707100868225,54.678504943847656,10.000000083512225,1.5435317252992384e-11,OFFBOARD,1
23.128,TAKEOFF,52.70721163222134,59.86424780164323,0,31.292,0.0,1,0.9002685546875,0.0,0.0,0.0,0.0,0.0,0.0,3.0,0.33763566613197327,-0.6294180750846863,54.77381896972656,10.000000083512225,1.5435317252992384e-11,OFFBOARD,1
23.16,TAKEOFF,52.81418922974004,59.862951738837616,0,31.324,0.0,1,0.9002685546875,0.0,0.0,0.0,0.0,0.0,0.0,3.0,0.33782070875167847,-0.6374925971031189,54.89265441894531,10.000000083512225,1.5435317252992384e-11,OFFBOARD,1
23.192,TAKEOFF,52.8976410158128,59.86175286752979,0,31.356,0.0,1,0.9002685546875,0.0,0.0,0.0,0.0,0.0,0.0,3.0,0.33791589736938477,-0.6437042355537415,54.987388610839844,10.000000083512225,1.5435317252992384e-11,OFFBOARD,1
23.232,TAKEOFF,52.993379714645094,59.86039215933923,0,31.396,0.0,1,0.9002685546875,0.0,0.0,0.0,0.0,0.0,0.0,3.0,0.3379782438278198,-0.649728536605835,55.081851959228516,10.000000083512225,1.5435317252992384e-11,OFFBOARD,1
23.26,TAKEOFF,53.10131925072986,59.859077347641815,0,31.424,0.0,1,0.9002685546875,0.0,0.0,0.0,0.0,0.0,0.0,3.0,0.3380002975463867,-0.6570085287094116,55.19981002807617,10.000000083512225,1.5435317252992384e-11,OFFBOARD,1
23.292,TAKEOFF,53.20957564663841,59.85775255856112,0,31.456,0.0,1,0.9002685546875,0.0,0.0,0.0,0.0,0.0,0.0,3.0,0.33851146697998047,-0.6616166830062866,55.27137756347656,10.000000083512225,1.5435317252992384e-11,OFFBOARD,1
23.328,TAKEOFF,53.31833034375774,59.85631017960952,0,31.492,0.0,1,0.9002685546875,0.0,0.0,0.0,0.0,0.0,0.0,3.0,0.3391278386116028,-0.6675870418548584,55.366668701171875,10.000000083512225,1.5435317252992384e-11,OFFBOARD,1
23.36,TAKEOFF,53.415327239808136,59.85501693449312,0,31.524,0.0,1,0.9002685546875,0.0,0.0,0.0,0.0,0.0,0.0,3.0,0.3398037254810333,-0.6748155355453491,55.485416412353516,10.000000083512225,1.5435317252992384e-11,OFFBOARD,1
23.392,TAKEOFF,53.512812685069775,59.85366755461223,0,31.556,0.0,1,0.9002685546875,0.0,0.0,0.0,0.0,0.0,0.0,3.0,0.34028756618499756,-0.6803812384605408,55.580284118652344,10.000000083512225,1.5435317252992384e-11,OFFBOARD,1
23.428,TAKEOFF,53.611216322953815,59.852121050608844,0,31.592,0.0,1,0.9002685546875,0.0,0.0,0.0,0.0,0.0,0.0,3.0,0.3408043384552002,-0.6854767203330994,55.675357818603516,10.000000083512225,1.5435317252992384e-11,OFFBOARD,1
23.46,TAKEOFF,53.69790761201442,59.85068035679699,0,31.624,0.0,1,0.9002685546875,0.0,0.0,0.0,0.0,0.0,0.0,3.0,0.3413727581501007,-0.6900755167007446,55.77049255371094,10.000000083512225,1.5435317252992384e-11,OFFBOARD,1
23.492,TAKEOFF,53.80922478682555,59.848396648260206,0,31.656,0.0,1,0.9002685546875,0.0,0.0,0.0,0.0,0.0,0.0,3.0,0.34198057651519775,-0.6941792964935303,55.86581039428711,10.000000083512225,1.5435317252992384e-11,OFFBOARD,1
23.528,TAKEOFF,53.92146932489312,59.84705088375379,0,31.692,0.0,1,0.9002685546875,0.0,0.0,0.0,0.0,0.0,0.0,3.0,0.3428003787994385,-0.6986485123634338,55.98506164550781,10.000000083512225,1.5435317252992384e-11,OFFBOARD,1
23.56,TAKEOFF,54.02168057383033,59.84526097152455,0,31.724,0.0,1,0.9002685546875,0.0,0.0,0.0,0.0,0.0,0.0,3.0,0.34352391958236694,-0.7017137408256531,56.08047866821289,10.000000083512225,1.5435317252992384e-11,OFFBOARD,1
23.592,TAKEOFF,54.12225557725517,59.843401416173954,0,31.756,0.0,1,0.9002685546875,0.0,0.0,0.0,0.0,0.0,0.0,3.0,0.3442944884300232,-0.7043525576591492,56.175941467285156,10.000000083512225,1.5435317252992384e-11,OFFBOARD,1
23.628,TAKEOFF,54.235789138082765,59.84123638308036,0,31.792,0.0,1,0.9002685546875,0.0,0.0,0.0,0.0,0.0,0.0,3.0,0.34510356187820435,-0.7066029906272888,56.271305084228516,10.000000083512225,1.5435317252992384e-11,OFFBOARD,1
23.66,TAKEOFF,54.33701614039922,59.83925622551866,0,31.824,0.0,1,0.9002685546875,0.0,0.0,0.0,0.0,0.0,0.0,3.0,0.3459387421607971,-0.7085100412368774,56.366661071777344,10.000000083512225,1.5435317252992384e-11,OFFBOARD,1
23.692,TAKEOFF,54.43850637371042,59.83723208241645,0,31.856,0.0,1,0.9002685546875,0.0,0.0,0.0,0.0,0.0,0.0,3.0,0.3467959761619568,-0.7108158469200134,56.46346664428711,10.000000083512225,1.5435317252992384e-11,OFFBOARD,1
23.728,TAKEOFF,54.55296155136952,59.83491137226439,0,31.892,0.0,1,0.9088888764381409,0.0,0.0,0.0,0.0,0.0,0.0,3.0,0.34767019748687744,-0.713028073310852,56.5608024597168,10.000000083512225,1.5435317252992384e-11,OFFBOARD,1
23.76,TAKEOFF,54.6549097158856,59.83281643033712,0,31.924,0.0,1,0.9088888764381409,0.0,0.0,0.0,0.0,0.0,0.0,3.0,0.34876304864883423,-0.7153712511062622,56.68207931518555,10.000000083512225,1.5435317252992384e-11,OFFBOARD,1
23.792,TAKEOFF,54.76919029977123,59.83053752788526,0,31.956,0.0,1,0.9088888764381409,0.0,0.0,0.0,0.0,0.0,0.0,3.0,0.34962198138237,-0.7169554829597473,56.779109954833984,10.000000083512225,1.5435317252992384e-11,OFFBOARD,1
23.828,TAKEOFF,54.88423424535764,59.82812348275191,0,31.992,0.0,1,0.9088888764381409,0.0,0.0,0.0,0.0,0.0,0.0,3.0,0.35047394037246704,-0.7183107733726501,56.87593460083008,10.000000083512225,1.5435317252992384e-11,OFFBOARD,1
23.86,TAKEOFF,54.97445653272993,59.8261203361982,0,32.024,0.0,1,0.9088888764381409,0.0,0.0,0.0,0.0,0.0,0.0,3.0,0.35131901502609253,-0.7194663882255554,56.97254943847656,10.000000083512225,1.5435317252992384e-11,OFFBOARD,1
23.892,TAKEOFF,55.07679241208822,59.823931808628565,0,32.056,0.0,1,0.9088888764381409,0.0,0.0,0.0,0.0,0.0,0.0,3.0,0.35214963555336,-0.7205372452735901,57.068965911865234,10.000000083512225,1.5435317252992384e-11,OFFBOARD,1
23.928,TAKEOFF,55.19171179272114,59.82143731799795,0,32.092,0.0,1,0.9088888764381409,0.0,0.0,0.0,0.0,0.0,0.0,3.0,0.3529452383518219,-0.7220358848571777,57.16500473022461,10.000000083512225,1.5435317252992384e-11,OFFBOARD,1
23.96,TAKEOFF,55.30574818660688,59.81901615037728,0,32.124,0.0,1,0.9088888764381409,0.0,0.0,0.0,0.0,0.0,0.0,3.0,0.3539010286331177,-0.7246602177619934,57.2847900390625,10.000000083512225,1.5435317252992384e-11,OFFBOARD,1
23.992,TAKEOFF,55.39551388501151,59.81691521994487,0,32.156,0.0,1,0.9088888764381409,0.0,0.0,0.0,0.0,0.0,0.0,3.0,0.3546571135520935,-0.7273709177970886,57.38009262084961,10.000000083512225,1.5435317252992384e-11,OFFBOARD,1
24.028,TAKEOFF,55.52191578653268,59.814138629693616,0,32.192,0.0,1,0.9088888764381409,0.0,0.0,0.0,0.0,0.0,0.0,3.0,0.35541296005249023,-0.7306101322174072,57.47517013549805,10.000000083512225,1.5435317252992384e-11,OFFBOARD,1
24.06,TAKEOFF,55.61146795059511,59.81198291165688,0,32.224,0.0,1,0.9088888764381409,0.0,0.0,0.0,0.0,0.0,0.0,3.0,0.35615822672843933,-0.7343586683273315,57.56986618041992,10.000000083512225,1.5435317252992384e-11,OFFBOARD,1
24.092,TAKEOFF,55.71294918840479,59.809616516256575,0,32.256,0.0,1,0.9088888764381409,0.0,0.0,0.0,0.0,0.0,0.0,3.0,0.3581053912639618,-0.7387674450874329,57.666080474853516,10.000000083512225,1.5435317252992384e-11,OFFBOARD,1
24.128,TAKEOFF,55.827038626518345,59.806921348993676,0,32.292,0.0,1,0.9088888764381409,0.0,0.0,0.0,0.0,0.0,0.0,2.9210729614371584,0.36040565371513367,-0.7448764443397522,57.78588104248047,10.000000083512225,1.5435317252992384e-11,OFFBOARD,1
24.16,TAKEOFF,55.92838525874409,59.80449781053207,0,32.324,0.0,1,0.9088888764381409,0.0,0.0,0.0,0.0,0.0,0.0,2.8501303188791347,0.3621475398540497,-0.7501852512359619,57.88148498535156,10.000000083512225,1.5435317252992384e-11,OFFBOARD,1
24.192,TAKEOFF,56.04160596877118,59.801851958709705,0,32.356,0.0,1,0.9088888764381409,0.0,0.0,0.0,0.0,0.0,0.0,2.7708758218601743,0.36379945278167725,-0.755814790725708,57.976959228515625,10.000000083512225,1.5435317252992384e-11,OFFBOARD,1
24.228,TAKEOFF,56.14311093989223,59.79927161435311,0,32.392,0.0,1,0.9098323583602905,0.0,0.0,0.0,0.0,0.0,0.0,2.6998223420754375,0.3653654158115387,-0.7617048621177673,58.071998596191406,10.000000083512225,1.5435317252992384e-11,OFFBOARD,1
24.26,TAKEOFF,56.24310927711502,59.79678416337172,0,32.424,0.0,1,0.9098323583602905,0.0,0.0,0.0,0.0,0.0,0.0,2.6298235060194877,0.3668520748615265,-0.7677872776985168,58.166385650634766,10.000000083512225,1.5435317252992384e-11,OFFBOARD,1
24.292,TAKEOFF,56.353510376718425,59.79408047878137,0,32.456,0.0,1,0.9098323583602905,0.0,0.0,0.0,0.0,0.0,0.0,2.5525427362971023,0.3696880340576172,-0.7749581933021545,58.26156997680664,10.000000083512225,1.5435317252992384e-11,OFFBOARD,1
24.328,TAKEOFF,56.45125978133391,59.79145997769579,0,32.492,0.0,1,0.9098323583602905,0.0,0.0,0.0,0.0,0.0,0.0,2.484118153066263,0.37279534339904785,-0.7824180126190186,58.35590744018555,10.000000083512225,1.5435317252992384e-11,OFFBOARD,1
24.36,TAKEOFF,56.54659586877804,59.785421310901974,0,32.524,0.0,1,0.9098323583602905,0.0,0.0,0.0,0.0,0.0,0.0,2.417382891855371,0.37640321254730225,-0.7916414737701416,58.471275329589844,10.000000083512225,1.5435317252992384e-11,OFFBOARD,1
24.392,TAKEOFF,56.63998591014382,59.78646842391338,0,32.556,0.0,1,0.9098323583602905,0.0,0.0,0.0,0.0,0.0,0.0,2.352009862899325,0.37904858589172363,-0.7988081574440002,58.56129455566406,10.000000083512225,1.5435317252992384e-11,OFFBOARD,1
24.428,TAKEOFF,56.74268737024717,59.783784338352845,0,32.592,0.0,1,0.9098323583602905,0.0,0.0,0.0,0.0,0.0,0.0,2.280118840826982,0.3814532160758972,-0.805377185344696,58.64934539794922,10.000000083512225,1.5435317252992384e-11,OFFBOARD,1
24.46,TAKEOFF,56.831739313418545,59.781487700528864,0,32.624,0.0,1,0.9098323583602905,0.0,0.0,0.0,0.0,0.0,0.0,2.2177824806070183,0.3836138844490051,-0.8113052248954773,58.73514938354492,10.000000083512225,1.5435317252992384e-11,OFFBOARD,1
24.492,TAKEOFF,56.9186016705413,59.777402720836434,0,32.656,0.0,1,0.9098323583602905,0.0,0.0,0.0,0.0,0.0,0.0,2.15697883062109,0.38553813099861145,-0.8165794610977173,58.81875228881836,10.000000083512225,1.5435317252992384e-11,OFFBOARD,1
24.528,TAKEOFF,57.013647210638254,59.776886369012566,0,32.692,0.0,1,0.9098323583602905,0.0,0.0,0.0,0.0,0.0,0.0,2.090446952553222,0.38723570108413696,-0.8212082982063293,58.900142669677734,10.000000083512225,1.5435317252992384e-11,OFFBOARD,1
24.56,TAKEOFF,57.105422730090396,59.77470931490379,0,32.724,0.0,1,0.9098323583602905,0.0,0.0,0.0,0.0,0.0,0.0,2.0262040889367228,0.38908302783966064,-0.8261392116546631,58.998775482177734,10.000000083512225,1.5435317252992384e-11,OFFBOARD,1
24.592,TAKEOFF,57.17569226571657,59.77164199526748,0,32.756,0.0,1,0.9098323583602905,0.0,0.0,0.0,0.0,0.0,0.0,1.9770154139984006,0.3903580904006958,-0.829430341720581,59.07530975341797,10.000000083512225,1.5435317252992384e-11,OFFBOARD,1
24.628,TAKEOFF,57.26292332364634,59.77075602646561,0,32.792,0.0,1,0.9098323583602905,0.0,0.0,0.0,0.0,0.0,0.0,1.9159536734475615,0.39144977927207947,-0.8321899771690369,59.149574279785156,10.000000083512225,1.5435317252992384e-11,OFFBOARD,1
24.66,TAKEOFF,57.33805650860584,59.76892740593485,0,32.824,0.0,1,0.9098323583602905,0.0,0.0,0.0,0.0,0.0,0.0,1.863360443975913,0.3928537666797638,-0.8354464769363403,59.24039077758789,10.000000083512225,1.5435317252992384e-11,OFFBOARD,1
24.692,TAKEOFF,57.410969969005365,59.76715039625304,0,32.856,0.0,1,0.9098323583602905,0.0,0.0,0.0,0.0,0.0,0.0,1.8123210216962446,0.39417874813079834,-0.8381866216659546,59.29551315307617,10.000000083512225,1.5435317252992384e-11,OFFBOARD,1
24.728,TAKEOFF,57.49044539570708,59.76520360675588,0,32.892,0.0,1,0.9006245732307434,0.0,0.0,0.0,0.0,0.0,0.0,1.7566882230050458,0.39611363410949707,-0.8420748710632324,59.38446807861328,10.000000083512225,1.5435317252992384e-11,OFFBOARD,1
24.76,TAKEOFF,57.566948323103446,59.76212656541522,0,32.924,0.0,1,0.9006245732307434,0.0,0.0,0.0,0.0,0.0,0.0,1.7031361738275876,0.3974260985851288,-0.8446500897407532,59.453147888183594,10.000000083512225,1.5435317252992384e-11,OFFBOARD,1
24.792,TAKEOFF,57.62503810208078,59.76184683869912,0,32.956,0.0,1,0.9006245732307434,0.0,0.0,0.0,0.0,0.0,0.0,1.6624733285434543,0.39855873584747314,-0.8467975854873657,59.519527435302734,10.000000083512225,1.5435317252992384e-11,OFFBOARD,1
24.828,TAKEOFF,57.70458720314028,59.75990864086878,0,32.992,0.0,1,0.9006245732307434,0.0,0.0,0.0,0.0,0.0,0.0,1.6067889578018053,0.39952877163887024,-0.8485488295555115,59.58387756347656,10.000000083512225,1.5435317252992384e-11,OFFBOARD,1
24.86,TAKEOFF,57.75862761502141,59.758377422324536,0,33.024,0.0,1,0.9006245732307434,0.0,0.0,0.0,0.0,0.0,0.0,1.5689606694850127,0.40034574270248413,-0.8499372601509094,59.6458740234375,10.000000083512225,1.5435317252992384e-11,OFFBOARD,1
24.892,TAKEOFF,57.818411523992964,59.75685011625799,0,33.056,0.0,1,0.9006245732307434,0.0,0.0,0.0,0.0,0.0,0.0,1.5271119332049252,0.4009956121444702,-0.8510160446166992,59.70608139038086,10.000000083512225,1.5435317252992384e-11,OFFBOARD,1
24.928,TAKEOFF,57.88356353986921,59.75532005683999,0,33.092,0.0,1,0.9006245732307434,0.0,0.0,0.0,0.0,0.0,0.0,1.4815055220915545,0.4014239013195038,-0.8521113395690918,59.77888107299805,10.000000083512225,1.5435317252992384e-11,OFFBOARD,1
24.964,TAKEOFF,57.946472616409025,59.753986223298355,0,33.128,0.0,1,0.9006245732307434,0.0,0.0,0.0,0.0,0.0,0.0,1.4374691685136822,0.40144458413124084,-0.8528115749359131,59.835269927978516,10.000000083512225,1.5435317252992384e-11,OFFBOARD,1
24.996,TAKEOFF,57.99388738631045,59.7530821043203,0,33.16,0.0,1,0.9006245732307434,0.0,0.0,0.0,0.0,0.0,0.0,1.4042788295826867,0.4012058973312378,-0.8533874154090881,59.89006042480469,10.000000083512225,1.5435317252992384e-11,OFFBOARD,1
25.028,TAKEOFF,58.05291336014305,59.75208438281738,0,33.192,0.0,1,0.9006245732307434,0.0,0.0,0.0,0.0,0.0,0.0,1.3629606478998637,0.40072205662727356,-0.8538548946380615,59.9432487487793,10.000000083512225,1.5435317252992384e-11,OFFBOARD,1
25.06,TAKEOFF,58.10359012719578,59.75134410803953,0,33.224,0.0,1,0.9006245732307434,0.0,0.0,0.0,0.0,0.0,0.0,1.3274869109629541,0.4000110626220703,-0.8542037606239319,59.994937896728516,10.000000083512225,1.5435317252992384e-11,OFFBOARD,1
25.096,TAKEOFF,58.15875114105685,59.75077521737193,0,33.26,0.0,1,0.9006245732307434,0.0,0.0,0.0,0.0,0.0,0.0,1.2888742012602072,0.4001854956150055,-0.8560154438018799,60.04772186279297,10.000000083512225,1.5435317252992384e-11,OFFBOARD,1
25.128,TAKEOFF,58.205759209382485,59.750178607783255,0,33.292,0.0,1,0.9006245732307434,0.0,0.0,0.0,0.0,0.0,0.0,1.2559685534322602,0.4000745117664337,-0.8575853705406189,60.098690032958984,10.000000083512225,1.5435317252992384e-11,OFFBOARD,1
25.16,TAKEOFF,58.257011991855954,59.74986786261586,0,33.324,0.0,1,0.9006245732307434,0.0,0.0,0.0,0.0,0.0,0.0,1.220091605700832,0.3995761573314667,-0.8592271208763123,60.159873962402344,10.000000083512225,1.5435317252992384e-11,OFFBOARD,1
25.192,TAKEOFF,58.29511272309865,59.749504235066354,0,33.356,0.0,1,0.9006245732307434,0.0,0.0,0.0,0.0,0.0,0.0,1.1934210938309469,0.3989211320877075,-0.8603146076202393,60.20707321166992,10.000000083512225,1.5435317252992384e-11,OFFBOARD,1
25.228,TAKEOFF,58.3426119018777,59.74926959046693,0,33.392,0.0,1,0.9006245732307434,0.0,0.0,0.0,0.0,0.0,0.0,1.1601716686856078,0.39806482195854187,-0.861217200756073,60.25262451171875,10.000000083512225,1.5435317252992384e-11,OFFBOARD,1
25.26,TAKEOFF,58.38322008988579,59.749133564451114,0,33.424,0.0,1,0.9192947745323181,0.0,0.0,0.0,0.0,0.0,0.0,1.1317459370799474,0.3970241844654083,-0.8619381189346313,60.29676818847656,10.000000083512225,1.5435317252992384e-11,OFFBOARD,1
25.292,TAKEOFF,58.42239501815099,59.74905653234131,0,33.456,0.0,1,0.9192947745323181,0.0,0.0,0.0,0.0,0.0,0.0,1.1043234872943044,0.3969765305519104,-0.8633497357368469,60.342472076416016,10.000000083512225,1.5435317252992384e-11,OFFBOARD,1
25.328,TAKEOFF,58.464837331366816,59.7490309905708,0,33.492,0.0,1,0.9192947745323181,0.0,0.0,0.0,0.0,0.0,0.0,1.0746138680432287,0.39668288826942444,-0.864561140537262,60.38645553588867,10.000000083512225,1.5435317252992384e-11,OFFBOARD,1
25.36,TAKEOFF,58.501140095075776,59.74905586041966,0,33.524,0.0,1,0.9192947745323181,0.0,0.0,0.0,0.0,0.0,0.0,1.0492019334469567,0.39599111676216125,-0.8658092021942139,60.439231872558594,10.000000083512225,1.5435317252992384e-11,OFFBOARD,1
25.392,TAKEOFF,58.536106357480236,59.74896144430128,0,33.556,0.0,1,0.9192947745323181,0.0,0.0,0.0,0.0,0.0,0.0,1.0247255497638348,0.3952605724334717,-0.8666830062866211,60.47970962524414,10.000000083512225,1.5435317252992384e-11,OFFBOARD,1
25.432,TAKEOFF,58.57385590702685,59.748560969266194,0,33.596,0.0,1,0.9192947745323181,0.0,0.0,0.0,0.0,0.0,0.0,0.9983008650812074,0.39458414912223816,-0.8677393794059753,60.51887512207031,10.000000083512225,1.5435317252992384e-11,OFFBOARD,1
25.46,TAKEOFF,58.606037938903135,59.747939416234026,0,33.624,0.0,1,0.9192947745323181,0.0,0.0,0.0,0.0,0.0,0.0,0.9757734427678052,0.394003301858902,-0.8690260052680969,60.55646514892578,10.000000083512225,1.5435317252992384e-11,OFFBOARD,1
25.492,TAKEOFF,58.63698694299361,59.74706690035099,0,33.656,0.0,1,0.9192947745323181,0.0,0.0,0.0,0.0,0.0,0.0,0.9541091399044738,0.39353546500205994,-0.8705539107322693,60.592716217041016,10.000000083512225,1.5435317252992384e-11,OFFBOARD,1
25.528,TAKEOFF,58.67041592159853,59.74579127025616,0,33.692,0.0,1,0.9192947745323181,0.0,0.0,0.0,0.0,0.0,0.0,0.930708854881027,0.39317917823791504,-0.8723294734954834,60.62763977050781,10.000000083512225,1.5435317252992384e-11,OFFBOARD,1
25.564,TAKEOFF,58.702437813424936,59.7442197523864,0,33.728,0.0,1,0.9192947745323181,0.0,0.0,0.0,0.0,0.0,0.0,0.9082935306025447,0.3928976058959961,-0.874895453453064,60.6696891784668,10.000000083512225,1.5435317252992384e-11,OFFBOARD,1
25.592,TAKEOFF,58.72642711441968,59.74280697466442,0,33.756,0.0,1,0.9192947745323181,0.0,0.0,0.0,0.0,0.0,0.0,0.8915010199062251,0.39280182123184204,-0.8772127032279968,60.70231246948242,10.000000083512225,1.5435317252992384e-11,OFFBOARD,1
25.628,TAKEOFF,58.75618623713684,59.74076670115548,0,33.792,0.0,1,0.9192947745323181,0.0,0.0,0.0,0.0,0.0,0.0,0.8706696340042135,0.39282646775245667,-0.8797623515129089,60.73371887207031,10.000000083512225,1.5435317252992384e-11,OFFBOARD,1
25.66,TAKEOFF,58.78168679325347,59.7387621412577,0,33.824,0.0,1,0.9192947745323181,0.0,0.0,0.0,0.0,0.0,0.0,0.8528192447225705,0.3932022750377655,-0.8834553360939026,60.7724494934082,10.000000083512225,1.5435317252992384e-11,OFFBOARD,1
25.692,TAKEOFF,58.80634396632741,59.73659765162234,0,33.856,0.0,1,0.9192947745323181,0.0,0.0,0.0,0.0,0.0,0.0,0.8355592235708122,0.39396458864212036,-0.886243999004364,60.796295166015625,10.000000083512225,1.5435317252992384e-11,OFFBOARD,1
25.728,TAKEOFF,58.836721456199086,59.73380853408922,0,33.892,0.0,1,0.9192947745323181,0.0,0.0,0.0,0.0,0.0,0.0,0.8142949806606395,0.39498814940452576,-0.8900527358055115,60.827232360839844,10.000000083512225,1.5435317252992384e-11,OFFBOARD,1
25.76,TAKEOFF,58.85965453287292,59.73134693598993,0,33.924,0.0,1,0.9192947745323181,0.0,0.0,0.0,0.0,0.0,0.0,0.7982418269889535,0.3962695002555847,-0.8949474096298218,60.864383697509766,10.000000083512225,1.5435317252992384e-11,OFFBOARD,1
25.792,TAKEOFF,58.878456809230606,59.728988895454194,0,33.956,0.0,1,0.9070956110954285,0.0,0.0,0.0,0.0,0.0,0.0,0.7850802335385758,0.39729705452919006,-0.8989447355270386,60.893009185791016,10.000000083512225,1.5435317252992384e-11,OFFBOARD,1
25.828,TAKEOFF,58.90271774326647,59.725994708835564,0,33.992,0.0,1,0.9070956110954285,0.0,0.0,0.0,0.0,0.0,0.0,0.7680975797134699,0.39832165837287903,-0.9030091166496277,60.92090606689453,10.000000083512225,1.5435317252992384e-11,OFFBOARD,1
25.86,TAKEOFF,58.9235789752423,59.72323981140792,0,34.024,0.0,1,0.9070956110954285,0.0,0.0,0.0,0.0,0.0,0.0,0.7534947173303898,0.39932823181152344,-0.9071347117424011,60.94789505004883,10.000000083512225,1.5435317252992384e-11,OFFBOARD,1
25.892,TAKEOFF,58.9436827499208,59.72039190495262,0,34.056,0.0,1,0.9070956110954285,0.0,0.0,0.0,0.0,0.0,0.0,0.7394220750554424,0.40032845735549927,-0.9112839698791504,60.97392654418945,10.000000083512225,1.5435317252992384e-11,OFFBOARD,1
25.928,TAKEOFF,58.965334870108116,59.717071606287504,0,34.092,0.0,1,0.9070956110954285,0.0,0.0,0.0,0.0,0.0,0.0,0.724265590924319,0.40134191513061523,-0.9152914881706238,60.99884796142578,10.000000083512225,1.5435317252992384e-11,OFFBOARD,1
25.96,TAKEOFF,58.983814719815456,59.714021008952066,0,34.124,0.0,1,0.9070956110954285,0.0,0.0,0.0,0.0,0.0,0.0,0.7113296961291808,0.40262654423713684,-0.9200615286827087,61.02881622314453,10.000000083512225,1.5435317252992384e-11,OFFBOARD,1
25.992,TAKEOFF,59.00168096520052,59.710880210231295,0,34.156,0.0,1,0.9070956110954285,0.0,0.0,0.0,0.0,0.0,0.0,0.6988233243596355,0.4036608934402466,-0.9236893653869629,61.05173873901367,10.000000083512225,1.5435317252992384e-11,OFFBOARD,1
26.028,TAKEOFF,59.02117224079491,59.70724210821828,0,34.192,0.0,1,0.9070956110954285,0.0,0.0,0.0,0.0,0.0,0.0,0.6851794314435622,0.4047165513038635,-0.9271682500839233,61.07398986816406,10.000000083512225,1.5435317252992384e-11,OFFBOARD,1
26.06,TAKEOFF,59.04075905884646,59.70361168969473,0,34.224,0.0,1,0.9070956110954285,0.0,0.0,0.0,0.0,0.0,0.0,0.671468658807477,0.4063991606235504,-0.9315865635871887,61.10148620605469,10.000000083512225,1.5435317252992384e-11,OFFBOARD,1
26.092,TAKEOFF,59.054479471691884,59.700510966374246,0,34.256,0.0,1,0.9070956110954285,0.0,0.0,0.0,0.0,0.0,0.0,0.6618643698156809,0.40818122029304504,-0.9347484707832336,61.1187744140625,10.000000083512225,1.5435317252992384e-11,OFFBOARD,1
26.128,TAKEOFF,59.075236769127265,59.6962570021482,0,34.292,0.0,1,0.9070956110954285,0.0,0.0,0.0,0.0,0.0,0.0,0.6473342616109142,0.4104952812194824,-0.9387856125831604,61.14124298095703,10.000000083512225,1.5435317252992384e-11,OFFBOARD,1
26.16,TAKEOFF,59.0884100687616,59.69024428338196,0,34.324,0.0,1,0.9070956110954285,0.0,0.0,0.0,0.0,0.0,0.0,0.6381129518668821,0.41331860423088074,-0.943572461605072,61.16838073730469,10.000000083512225,1.5435317252992384e-11,OFFBOARD,1
26.192,TAKEOFF,59.10395121399006,59.68937322879735,0,34.356,0.0,1,0.9070956110954285,0.0,0.0,0.0,0.0,0.0,0.0,0.6272341502069594,0.4155234098434448,-0.9472134113311768,61.18940734863281,10.000000083512225,1.5435317252992384e-11,OFFBOARD,1
26.228,TAKEOFF,59.12116019645653,59.6852024489951,0,34.392,0.0,1,0.9070956110954285,0.0,0.0,0.0,0.0,0.0,0.0,0.6151878624804297,0.4176638722419739,-0.9507160186767578,61.209686279296875,10.000000083512225,1.5435317252992384e-11,OFFBOARD,1
26.26,TAKEOFF,59.138695374602,59.68107684400151,0,34.424,0.0,1,0.9070956110954285,0.0,0.0,0.0,0.0,0.0,0.0,0.6029132377785991,0.4197661578655243,-0.9540974497795105,61.22953414916992,10.000000083512225,1.5435317252992384e-11,OFFBOARD,1
26.292,TAKEOFF,59.15121668539298,59.677619141154295,0,34.456,0.0,1,0.9070956110954285,0.0,0.0,0.0,0.0,0.0,0.0,0.594148320224913,0.42182427644729614,-0.9573867917060852,61.248802185058594,10.000000083512225,1.5435317252992384e-11,OFFBOARD,1
26.328,TAKEOFF,59.16791761268992,59.67327406054694,0,34.492,0.0,1,0.9070956110954285,0.0,0.0,0.0,0.0,0.0,0.0,0.5824576711170564,0.4238337278366089,-0.9605842232704163,61.267723083496094,10.000000083512225,1.5435317252992384e-11,OFFBOARD,1
26.36,TAKEOFF,59.182672530731104,59.66937164410334,0,34.524,0.0,1,0.9127197265625,0.0,0.0,0.0,0.0,0.0,0.0,0.5721292284882273,0.4262841045856476,-0.9644610285758972,61.29069137573242,10.000000083512225,1.5435317252992384e-11,OFFBOARD,1
26.392,TAKEOFF,59.1998316379369,59.665293947717444,0,34.556,0.0,1,0.9127197265625,0.0,0.0,0.0,0.0,0.0,0.0,0.5601178534441679,0.4281325340270996,-0.9674587845802307,61.308631896972656,10.000000083512225,1.5435317252992384e-11,OFFBOARD,1
26.428,TAKEOFF,59.21446910315037,59.66177449695058,0,34.592,0.0,1,0.9127197265625,0.0,0.0,0.0,0.0,0.0,0.0,0.5498716277947402,0.42962607741355896,-0.9702627658843994,61.3265266418457,10.000000083512225,1.5435317252992384e-11,OFFBOARD,1
26.46,TAKEOFF,59.229775291962135,59.65868003163304,0,34.624,0.0,1,0.9127197265625,0.0,0.0,0.0,0.0,0.0,0.0,0.5391572956265058,0.43075498938560486,-0.9728848338127136,61.34428024291992,10.000000083512225,1.5435317252992384e-11,OFFBOARD,1
26.492,TAKEOFF,59.24526800151967,59.655892052680706,0,34.656,0.0,1,0.9127197265625,0.0,0.0,0.0,0.0,0.0,0.0,0.5283123989362316,0.43419477343559265,-0.9769376516342163,61.36335754394531,10.000000083512225,1.5435317252992384e-11,OFFBOARD,1
26.528,TAKEOFF,59.262860090603,59.653108862223064,0,34.692,0.0,1,0.9127197265625,0.0,0.0,0.0,0.0,0.0,0.0,0.5159979365779008,0.43770864605903625,-0.9815751314163208,61.38667678833008,10.000000083512225,1.5435317252992384e-11,OFFBOARD,1
26.56,TAKEOFF,59.27858570998087,59.65092930991656,0,34.724,0.0,1,0.9127197265625,0.0,0.0,0.0,0.0,0.0,0.0,0.5049900030133934,0.4399292767047882,-0.9849743247032166,61.40487289428711,10.000000083512225,1.5435317252992384e-11,OFFBOARD,1
26.592,TAKEOFF,59.29435911198615,59.64900352817517,0,34.756,0.0,1,0.9127197265625,0.0,0.0,0.0,0.0,0.0,0.0,0.4939486216096973,0.44168999791145325,-0.9881157875061035,61.422882080078125,10.000000083512225,1.5435317252992384e-11,OFFBOARD,1
26.628,TAKEOFF,59.312134429989186,59.64710959231632,0,34.792,0.0,1,0.9127197265625,0.0,0.0,0.0,0.0,0.0,0.0,0.4815058990075698,0.4430161118507385,-0.9910137057304382,61.440452575683594,10.000000083512225,1.5435317252992384e-11,OFFBOARD,1
26.66,TAKEOFF,59.327946715647016,59.64564100687088,0,34.824,0.0,1,0.9127197265625,0.0,0.0,0.0,0.0,0.0,0.0,0.47043729904708864,0.44394201040267944,-0.9936882257461548,61.45762634277344,10.000000083512225,1.5435317252992384e-11,OFFBOARD,1
26.692,TAKEOFF,59.345880282840014,59.64431765258891,0,34.856,0.0,1,0.9127197265625,0.0,0.0,0.0,0.0,0.0,0.0,0.4578838020119903,0.44451069831848145,-0.996151328086853,61.47426986694336,10.000000083512225,1.5435317252992384e-11,OFFBOARD,1
26.728,TAKEOFF,59.36159570503524,59.643085951746095,0,34.892,0.0,1,0.9127197265625,0.0,0.0,0.0,0.0,0.0,0.0,0.4468830064753305,0.44475460052490234,-0.9984288215637207,61.49073028564453,10.000000083512225,1.5435317252992384e-11,OFFBOARD,1
26.76,TAKEOFF,59.379496570891526,59.64211135044763,0,34.924,0.0,1,0.9127197265625,0.0,0.0,0.0,0.0,0.0,0.0,0.43435240037593204,0.44465306401252747,-1.0010340213775635,61.510650634765625,10.000000083512225,1.5435317252992384e-11,OFFBOARD,1
26.792,TAKEOFF,59.395332653252325,59.64126805561816,0,34.956,0.0,1,0.9127197265625,0.0,0.0,0.0,0.0,0.0,0.0,0.4232671427233725,0.44427838921546936,-1.0029264688491821,61.52628707885742,10.000000083512225,1.5435317252992384e-11,OFFBOARD,1
26.828,TAKEOFF,59.413153255535995,59.64044579767896,0,34.992,0.0,1,0.9127197265625,0.0,0.0,0.0,0.0,0.0,0.0,0.41079272112480325,0.44367435574531555,-1.0046586990356445,61.54146957397461,10.000000083512225,1.5435317252992384e-11,OFFBOARD,1
26.86,TAKEOFF,59.42899628821887,59.63981634628352,0,35.024,0.0,1,0.9127197265625,0.0,0.0,0.0,0.0,0.0,0.0,0.3997025982467917,0.4428532123565674,-1.0062384605407715,61.55619812011719,10.000000083512225,1.5435317252992384e-11,OFFBOARD,1
26.892,TAKEOFF,59.442946176616275,59.63916995289731,0,35.056,0.0,1,0.9190323948860168,0.0,0.0,0.0,0.0,0.0,0.0,0.38993767636860777,0.4433510899543762,-1.009052038192749,61.57170867919922,10.000000083512225,1.5435317252992384e-11,OFFBOARD,1
26.928,TAKEOFF,59.460758311301795,59.63845224984511,0,35.092,0.0,1,0.9190323948860168,0.0,0.0,0.0,0.0,0.0,0.0,0.3774691820887433,0.44411465525627136,-1.012190580368042,61.5869026184082,10.000000083512225,1.5435317252992384e-11,OFFBOARD,1
26.96,TAKEOFF,59.4765436459499,59.63777274010229,0,35.124,0.0,1,0.9190323948860168,0.0,0.0,0.0,0.0,0.0,0.0,0.36641944783506797,0.44476228952407837,-1.0159951448440552,61.6054573059082,10.000000083512225,1.5435317252992384e-11,OFFBOARD,1
26.992,TAKEOFF,59.49400897775378,59.63707429495918,0,35.156,0.0,1,0.9190323948860168,0.0,0.0,0.0,0.0,0.0,0.0,0.35419371557235446,0.44507235288619995,-1.0189824104309082,61.61968231201172,10.000000083512225,1.5435317252992384e-11,OFFBOARD,1
27.028,TAKEOFF,59.50988824243633,59.63618460542384,0,35.192,0.0,1,0.9190323948860168,0.0,0.0,0.0,0.0,0.0,0.0,0.34307823029456724,0.4452168345451355,-1.0219379663467407,61.63334274291992,10.000000083512225,1.5435317252992384e-11,OFFBOARD,1
27.06,TAKEOFF,59.525474853885534,59.635370461506945,0,35.224,0.0,1,0.9190323948860168,0.0,0.0,0.0,0.0,0.0,0.0,0.3321676022801263,0.4452088475227356,-1.0248628854751587,61.646568298339844,10.000000083512225,1.5435317252992384e-11,OFFBOARD,1
27.092,TAKEOFF,59.540996573998896,59.63451820292636,0,35.256,0.0,1,0.9190323948860168,0.0,0.0,0.0,0.0,0.0,0.0,0.3213023982007726,0.4450688362121582,-1.0277520418167114,61.65935134887695,10.000000083512225,1.5435317252992384e-11,OFFBOARD,1
27.128,TAKEOFF,59.558401111873174,59.63351992532569,0,35.292,0.0,1,0.9190323948860168,0.0,0.0,0.0,0.0,0.0,0.0,0.30911922168877837,0.44480225443840027,-1.0306096076965332,61.671607971191406,10.000000083512225,1.5435317252992384e-11,OFFBOARD,1
27.16,TAKEOFF,59.57534643353748,59.632604354554104,0,35.324,0.0,1,0.9190323948860168,0.0,0.0,0.0,0.0,0.0,0.0,0.29725749652376193,0.4443037807941437,-1.034155249595642,61.6864128112793,10.000000083512225,1.5435317252992384e-11,OFFBOARD,1
27.192,TAKEOFF,59.589191992643386,59.63166267633492,0,35.356,0.0,1,0.9190323948860168,0.0,0.0,0.0,0.0,0.0,0.0,0.28756560514963,0.4437941908836365,-1.0369701385498047,61.69791030883789,10.000000083512225,1.5435317252992384e-11,OFFBOARD,1
27.232,TAKEOFF,59.606396371192346,59.63058294169864,0,35.396,0.0,1,0.9190323948860168,0.0,0.0,0.0,0.0,0.0,0.0,0.27552254016535754,0.4431970715522766,-1.039757251739502,61.70896911621094,10.000000083512225,1.5435317252992384e-11,OFFBOARD,1
27.26,TAKEOFF,59.621596901189704,59.629606918883425,0,35.424,0.0,1,0.9190323948860168,0.0,0.0,0.0,0.0,0.0,0.0,0.26488216916720686,0.4425075948238373,-1.0425081253051758,61.71958541870117,10.000000083512225,1.5435317252992384e-11,OFFBOARD,1
27.292,TAKEOFF,59.63807719746006,59.62861220630293,0,35.456,0.0,1,0.9190323948860168,0.0,0.0,0.0,0.0,0.0,0.0,0.2533459617779556,0.4440208673477173,-1.04787278175354,61.734554290771484,10.000000083512225,1.5435317252992384e-11,OFFBOARD,1
27.328,TAKEOFF,59.653610285635914,59.627493709887446,0,35.492,0.0,1,0.9190323948860168,0.0,0.0,0.0,0.0,0.0,0.0,0.24247280005486047,0.44497013092041016,-1.0519671440124512,61.74586486816406,10.000000083512225,1.5435317252992384e-11,OFFBOARD,1
27.36,TAKEOFF,59.66851415209269,59.62648433970227,0,35.524,0.0,1,0.9169643521308899,0.0,0.0,0.0,0.0,0.0,0.0,0.23204009353511665,0.4457029104232788,-1.0558985471725464,61.75675964355469,10.000000083512225,1.5435317252992384e-11,OFFBOARD,1
27.392,TAKEOFF,59.6832194712091,59.6254362569311,0,35.556,0.0,1,0.9169643521308899,0.0,0.0,0.0,0.0,0.0,0.0,0.2217463701536303,0.44624871015548706,-1.0596823692321777,61.767086029052734,10.000000083512225,1.5435317252992384e-11,OFFBOARD,1
27.428,TAKEOFF,59.70058718887447,59.62413652932696,0,35.592,0.0,1,0.9169643521308899,0.0,0.0,0.0,0.0,0.0,0.0,0.2095889677878695,0.4466746151447296,-1.0633430480957031,61.776878356933594,10.000000083512225,1.5435317252992384e-11,OFFBOARD,1
27.46,TAKEOFF,59.713522511962246,59.62295466477433,0,35.624,0.0,1,0.9169643521308899,0.0,0.0,0.0,0.0,0.0,0.0,0.2005342416264277,0.446991890668869,-1.0668926239013672,61.786041259765625,10.000000083512225,1.5435317252992384e-11,OFFBOARD,1
27.492,TAKEOFF,59.72736621042469,59.62166884174873,0,35.656,0.0,1,0.9169643521308899,0.0,0.0,0.0,0.0,0.0,0.0,0.1908436527027163,0.4472130537033081,-1.070337176322937,61.794769287109375,10.000000083512225,1.5435317252992384e-11,OFFBOARD,1
27.528,TAKEOFF,59.74367024644231,59.62007722508265,0,35.692,0.0,1,0.9169643521308899,0.0,0.0,0.0,0.0,0.0,0.0,0.17943082749038053,0.4473572373390198,-1.0736867189407349,61.80301284790039,10.000000083512225,1.5435317252992384e-11,OFFBOARD,1
27.56,GLIDE_APPROACH,59.75597856628574,59.618696412056906,0,35.724,0.0,1,0.9169643521308899,0.0,0.0,0.0,0.0,0.0,0.0,0.17081500359998145,0.44746702909469604,-1.0777463912963867,61.81266403198242,10.000000083512225,1.5435317252992384e-11,OFFBOARD,1
27.596,GLIDE_APPROACH,59.769071869474494,59.61719266202548,0,35.76,0.0,1,0.9169643521308899,0.5898761347302697,0.9151297435252232,0.5898761347302697,0.9151297435252232,0.5898761347302697,0.9151297435252232,-0.8,0.44750094413757324,-1.0809043645858765,61.81980514526367,10.000000083512225,1.5435317252992384e-11,OFFBOARD,1
27.628,GLIDE_APPROACH,59.783504167036206,59.61542921304894,0,35.792,0.0,1,0.9169643521308899,0.5703899507648886,0.9190024765247656,0.5703899507648886,0.9190024765247656,0.5703899507648886,0.9190024765247656,-0.8,0.4475051462650299,-1.083992838859558,61.8264274597168,10.000000083512225,1.5435317252992384e-11,OFFBOARD,1
27.66,GLIDE_APPROACH,59.79622759767693,59.61372027804623,0,35.824,0.0,1,0.9169643521308899,0.5530194611047223,0.9228869426113739,0.5530194611047223,0.9228869426113739,0.5530194611047223,0.9228869426113739,-0.8,0.44748005270957947,-1.0870105028152466,61.83295440673828,10.000000083512225,1.5435317252992384e-11,OFFBOARD,1
27.692,GLIDE_APPROACH,59.80398898143099,59.61215016522328,0,35.856,0.0,1,0.9169643521308899,0.5417868615301873,0.9254919890544709,0.5417868615301873,0.9254919890544709,0.5417868615301873,0.9254919890544709,-0.8,0.4486294090747833,-1.0912880897521973,61.839046478271484,10.000000083512225,1.5435317252992384e-11,OFFBOARD,1
27.728,GLIDE_APPROACH,59.806326273812,59.610127558952406,0,35.892,0.0,1,0.9169643521308899,0.536511809685783,0.9287128497020114,0.536511809685783,0.9287128497020114,0.536511809685783,0.9287128497020114,-0.8,0.4495374262332916,-1.0950677394866943,61.840492248535156,10.000000083512225,1.5435317252992384e-11,OFFBOARD,1
27.76,GLIDE_APPROACH,59.80432464199743,59.60840936600775,0,35.924,0.0,1,0.9169643521308899,0.5368310705246304,0.9302595861226379,0.5368310705246304,0.9302595861226379,0.5368310705246304,0.9302595861226379,-0.8,0.45041927695274353,-1.0989652872085571,61.83442687988281,10.000000083512225,1.5435317252992384e-11,OFFBOARD,1
27.792,GLIDE_APPROACH,59.797068523753325,59.6063888238819,0,35.956,0.0,1,0.9169643521308899,0.5430988313291041,0.9313584073249618,0.5430988313291041,0.9313584073249618,0.5430988313291041,0.9313584073249618,-0.8,0.45104047656059265,-1.1012951135635376,61.82389831542969,10.000000083512225,1.5435317252992384e-11,OFFBOARD,1
27.828,GLIDE_APPROACH,59.782222672940044,59.60350696102812,0,35.992,0.0,1,0.9169643521308899,0.5574550007895314,0.9313812235486968,0.5574550007895314,0.9313812235486968,0.5574550007895314,0.9313812235486968,-0.8,0.45174941420555115,-1.1027851104736328,61.809112548828125,10.000000083512225,1.5435317252992384e-11,OFFBOARD,1
27.86,GLIDE_APPROACH,59.77030880572165,59.600839500785746,0,36.024,0.0,1,0.8996192812919617,0.5741227780395762,0.9323125758673717,0.5741227780395762,0.9323125758673717,0.5741227780395762,0.9323125758673717,-0.8,0.4527163505554199,-1.1032546758651733,61.7908935546875,10.000000083512225,1.5435317252992384e-11,OFFBOARD,1
27.892,GLIDE_APPROACH,59.750840154000215,59.59698056722311,0,36.056,0.0,1,0.8996192812919617,0.5928948468024445,0.9292573831167289,0.5928948468024445,0.9292573831167289,0.5928948468024445,0.9292573831167289,-0.8,0.45410266518592834,-1.1025421619415283,61.77012634277344,10.000000083512225,1.5435317252992384e-11,OFFBOARD,1
27.928,GLIDE_APPROACH,59.732725623902674,59.592550379665525,0,36.092,0.0,1,0.8996192812919617,0.6093755169243068,0.9247544312860068,0.6093755169243068,0.9247544312860068,0.6093755169243068,0.9247544312860068,-0.8,0.456043541431427,-1.1005489826202393,61.7470817565918,10.000000083512225,1.5435317252992384e-11,OFFBOARD,1
27.96,GLIDE_APPROACH,59.712387465727055,59.58743307829869,0,36.124,0.0,1,0.8996192812919617,0.6277206851981831,0.9186590694038655,0.6277206851981831,0.9186590694038655,0.6277206851981831,0.9186590694038655,-0.8,0.4593941271305084,-1.0961250066757202,61.71588134765625,10.000000083512225,1.5435317252992384e-11,OFFBOARD,1
27.992,GLIDE_APPROACH,59.68739962530604,59.58077574436066,0,36.156,0.0,1,0.8996192812919617,0.6498323713853993,0.9098440593718632,0.6498323713853993,0.9098440593718632,0.6498323713853993,0.9098440593718632,-0.8,0.4629143178462982,-1.0909820795059204,61.689327239990234,10.000000083512225,1.5435317252992384e-11,OFFBOARD,1
28.028,GLIDE_APPROACH,59.66532261218402,59.5737036104237,0,36.192,0.0,1,0.8996192812919617,0.6679641413119372,0.9001066214225684,0.6679641413119372,0.9001066214225684,0.6679641413119372,0.9001066214225684,-0.8,0.46724486351013184,-1.0844159126281738,61.66181945800781,10.000000083512225,1.5435317252992384e-11,OFFBOARD,1
28.06,GLIDE_APPROACH,59.641919337421854,59.56587974586064,0,36.224,0.0,1,0.8996192812919617,0.6868033291761223,0.8888564214423348,0.6868033291761223,0.8888564214423348,0.6868033291761223,0.8888564214423348,-0.8,0.472394198179245,-1.0764940977096558,61.63340377807617,10.000000083512225,1.5435317252992384e-11,OFFBOARD,1
28.092,GLIDE_APPROACH,59.61799875834757,59.55720581787298,0,36.256,0.0,1,0.8996192812919617,0.7052598235431575,0.8761451752205796,0.7052598235431575,0.8761451752205796,0.7052598235431575,0.8761451752205796,-0.8,0.47892555594444275,-1.069456934928894,61.607322692871094,10.000000083512225,1.5435317252992384e-11,OFFBOARD,1
28.136,GLIDE_APPROACH,59.59064175957335,59.53619863134801,0,36.3,0.0,1,0.8996192812919617,0.7254082981070256,0.8602791290084316,0.7254082981070256,0.8602791290084316,0.7254082981070256,0.8602791290084316,-0.8,0.4963349401950836,-1.0488836765289307,61.54656982421875,10.000000083512225,1.5435317252992384e-11,OFFBOARD,1
28.164,GLIDE_APPROACH,59.562930697012625,59.534771832784585,0,36.328,0.0,1,0.8996192812919617,0.7448292878686815,0.8429645023999082,0.7448292878686815,0.8429645023999082,0.7448292878686815,0.8429645023999082,-0.8,0.4963349401950836,-1.0488836765289307,61.54656982421875,10.000000083512225,1.5435317252992384e-11,OFFBOARD,1
28.192,GLIDE_APPROACH,59.54117921297641,59.525036618683636,0,36.356,0.0,1,0.8996192812919617,0.7594206339286687,0.8286308145374836,0.7594206339286687,0.8286308145374836,0.7594206339286687,0.8286308145374836,-0.8,0.505214273929596,-1.0379685163497925,61.51895523071289,10.000000083512225,1.5435317252992384e-11,OFFBOARD,1
28.228,GLIDE_APPROACH,59.51299449710292,59.511750926248304,0,36.392,0.0,1,0.8996192812919617,0.777527360293324,0.8092439095059896,0.777527360293324,0.8092439095059896,0.777527360293324,0.8092439095059896,-0.8,0.5147505402565002,-1.0261502265930176,61.49103927612305,10.000000083512225,1.5435317252992384e-11,OFFBOARD,1
28.26,GLIDE_APPROACH,59.4841914082481,59.4848076370609,0,36.424,0.0,1,0.8996192812919617,0.7955360325669418,0.7889976574741865,0.7955360325669418,0.7889976574741865,0.7955360325669418,0.7889976574741865,-0.8,0.5275263786315918,-1.010289192199707,61.45616149902344,10.000000083512225,1.5435317252992384e-11,OFFBOARD,1
28.292,GLIDE_APPROACH,59.46236684463702,59.48612023576916,0,36.456,0.0,1,0.8996192812919617,0.8079406045972165,0.7725752945137756,0.8079406045972165,0.7725752945137756,0.8079406045972165,0.7725752945137756,-0.8,0.5356303453445435,-1.0002691745758057,61.43519973754883,10.000000083512225,1.5435317252992384e-11,OFFBOARD,1
28.328,GLIDE_APPROACH,59.43361419002775,59.47062093031712,0,36.492,0.0,1,0.8996192812919617,0.8240820344444146,0.7509276560404362,0.8240820344444146,0.7509276560404362,0.8240820344444146,0.7509276560404362,-0.8,0.546947181224823,-0.9863789677619934,61.40742492675781,10.000000083512225,1.5435317252992384e-11,OFFBOARD,1
28.36,GLIDE_APPROACH,59.40788611017727,59.456205095868505,0,36.524,0.0,1,0.886310875415802,0.839534464529075,0.7314796932928053,0.839534464529075,0.7314796932928053,0.839534464529075,0.7314796932928053,-0.8,0.5619017481803894,-0.9682636857032776,61.37265396118164,10.000000083512225,1.5435317252992384e-11,OFFBOARD,1
28.396,GLIDE_APPROACH,59.37868508307121,59.43936187681302,0,36.56,0.0,1,0.886310875415802,0.8546010901739579,0.708639790536819,0.8546010901739579,0.708639790536819,0.8546010901739579,0.708639790536819,-0.8,0.5744920372962952,-0.9532185792922974,61.34474182128906,10.000000083512225,1.5435317252992384e-11,OFFBOARD,1
28.432,GLIDE_APPROACH,59.3456406783005,59.420067244678776,0,36.596,0.0,1,0.886310875415802,0.8713628781091787,0.6825664138601956,0.8713628781091787,0.6825664138601956,0.8713628781091787,0.6825664138601956,-0.8,0.5875378847122192,-0.9376441836357117,61.316864013671875,10.000000083512225,1.5435317252992384e-11,OFFBOARD,1
28.464,GLIDE_APPROACH,59.322655004487515,59.40591740259774,0,36.628,0.0,1,0.886310875415802,0.8821490070674259,0.6637664536459137,0.8821490070674259,0.6637664536459137,0.8821490070674259,0.6637664536459137,-0.8,0.6010312438011169,-0.9215903878211975,61.28874588012695,10.000000083512225,1.5435317252992384e-11,OFFBOARD,1
28.492,GLIDE_APPROACH,59.29927453706639,59.391522726337804,0,36.656,0.0,1,0.886310875415802,0.8931126023116578,0.6447108572535825,0.8931126023116578,0.6447108572535825,0.8931126023116578,0.6447108572535825,-0.8,0.6158964037895203,-0.9057949185371399,61.262081146240234,10.000000083512225,1.5435317252992384e-11,OFFBOARD,1
28.528,GLIDE_APPROACH,59.268966917137575,59.372474549843496,0,36.692,0.0,1,0.886310875415802,0.9068526183813078,0.6197892719724881,0.9068526183813078,0.6197892719724881,0.9068526183813078,0.6197892719724881,-0.8,0.6311345100402832,-0.889553964138031,61.235198974609375,10.000000083512225,1.5435317252992384e-11,OFFBOARD,1
28.56,GLIDE_APPROACH,59.24179646645039,59.35502654307207,0,36.724,0.0,1,0.886310875415802,0.9187185850690271,0.5972953159749311,0.9187185850690271,0.5972953159749311,0.9187185850690271,0.5972953159749311,-0.8,0.6507337689399719,-0.8687004446983337,61.20145797729492,10.000000083512225,1.5435317252992384e-11,OFFBOARD,1
28.592,GLIDE_APPROACH,59.21441150514622,59.33708720230572,0,36.756,0.0,1,0.886310875415802,0.930247557184356,0.5745393904151818,0.930247557184356,0.5745393904151818,0.930247557184356,0.5745393904151818,-0.8,0.6668617725372314,-0.8516363501548767,61.1743278503418,10.000000083512225,1.5435317252992384e-11,OFFBOARD,1
28.628,GLIDE_APPROACH,59.183352164070826,59.31631299328612,0,36.792,0.0,1,0.886310875415802,0.942801571286438,0.5486994251005255,0.942801571286438,0.5486994251005255,0.942801571286438,0.5486994251005255,-0.8,0.6833985447883606,-0.8342986702919006,61.14710998535156,10.000000083512225,1.5435317252992384e-11,OFFBOARD,1
28.668,GLIDE_APPROACH,59.14863986802356,59.29273083634577,0,36.832,0.0,1,0.886310875415802,0.9563827820366698,0.5199230849315073,0.9563827820366698,0.5199230849315073,0.9563827820366698,0.5199230849315073,-0.8,0.7003591656684875,-0.8167511820793152,61.119903564453125,10.000000083512225,1.5435317252992384e-11,OFFBOARD,1
28.692,GLIDE_APPROACH,59.12749513999687,59.277823862273394,0,36.856,0.0,1,0.886310875415802,0.9639995553482551,0.5023914010557131,0.9639995553482551,0.5023914010557131,0.9639995553482551,0.5023914010557131,-0.8,0.7177602052688599,-0.7990558743476868,61.09264373779297,10.000000083512225,1.5435317252992384e-11,OFFBOARD,1
28.728,GLIDE_APPROACH,59.092314939466746,59.25287839220727,0,36.892,0.0,1,0.886310875415802,0.9764889565718592,0.4734472103167909,0.9764889565718592,0.4734472103167909,0.9764889565718592,0.4734472103167909,-0.8,0.740139365196228,-0.7767874002456665,61.058597564697266,10.000000083512225,1.5435317252992384e-11,OFFBOARD,1
28.76,GLIDE_APPROACH,59.06729301264797,59.23475552093905,0,36.924,0.0,1,0.886310875415802,0.984906795381582,0.45311307599145195,0.984906795381582,0.45311307599145195,0.984906795381582,0.45311307599145195,-0.8,0.758536159992218,-0.7589277029037476,61.03140640258789,10.000000083512225,1.5435317252992384e-11,OFFBOARD,1
28.792,GLIDE_APPROACH,59.03867430450389,59.213726147932064,0,36.956,0.0,1,0.886310875415802,0.9941647461763952,0.4300378618102812,0.9941647461763952,0.4300378618102812,0.9941647461763952,0.4300378618102812,-0.8,0.7773535847663879,-0.7410752177238464,61.004276275634766,10.000000083512225,1.5435317252992384e-11,OFFBOARD,1
28.828,GLIDE_APPROACH,59.00289702036527,59.18688846019056,0,36.992,0.0,1,0.886310875415802,1.0050687018421458,0.4014593566645324,1.0050687018421458,0.4014593566645324,1.0050687018421458,0.4014593566645324,-0.8,0.7966009974479675,-0.7232740521430969,60.9771614074707,10.000000083512225,1.5435317252992384e-11,OFFBOARD,1
28.86,GLIDE_APPROACH,58.97727418759285,59.16746204750194,0,37.024,0.0,1,0.886310875415802,1.012620800505792,0.38151588957547333,1.012620800505792,0.38151588957547333,1.012620800505792,0.38151588957547333,-0.8,0.8163020014762878,-0.7055731415748596,60.9500732421875,10.000000083512225,1.5435317252992384e-11,OFFBOARD,1
28.892,GLIDE_APPROACH,58.94801881845337,59.14485583772147,0,37.056,0.0,1,0.9106907248497009,1.0196124590696751,0.35980531612808025,1.0196124590696751,0.35980531612808025,1.0196124590696751,0.35980531612808025,-0.8,0.8380179405212402,-0.6875325441360474,60.92423629760742,10.000000083512225,1.5435317252992384e-11,OFFBOARD,1
28.928,GLIDE_APPROACH,58.914700546829955,59.11865107262664,0,37.092,0.0,1,0.9106907248497009,1.0282762301398105,0.33534673908912194,1.0282762301398105,0.33534673908912194,1.0282762301398105,0.33534673908912194,-0.8,0.8657951951026917,-0.6655881404876709,60.89148712158203,10.000000083512225,1.5435317252992384e-11,OFFBOARD,1
28.96,GLIDE_APPROACH,58.88472318025459,59.094680772436554,0,37.124,0.0,1,0.9106907248497009,1.0355881228706418,0.31423161362468116,1.0355881228706418,0.31423161362468116,1.0355881228706418,0.31423161362468116,-0.8,0.8885538578033447,-0.6485847234725952,60.86491012573242,10.000000083512225,1.5435317252992384e-11,OFFBOARD,1
28.996,GLIDE_APPROACH,58.85102136855152,59.06708619895419,0,37.16,0.0,1,0.9106907248497009,1.0430221774880617,0.29127572590935213,1.0430221774880617,0.29127572590935213,1.0430221774880617,0.29127572590935213,-0.8,0.9118003249168396,-0.6320986151695251,60.83812713623047,10.000000083512225,1.5435317252992384e-11,OFFBOARD,1
29.028,GLIDE_APPROACH,58.819953105604725,59.041682040756044,0,37.192,0.0,1,0.9106907248497009,1.0499043157564767,0.27141777070141454,1.0499043157564767,0.27141777070141454,1.0499043157564767,0.27141777070141454,-0.8,0.9355151057243347,-0.6161470413208008,60.81107711791992,10.000000083512225,1.5435317252992384e-11,OFFBOARD,1
29.06,GLIDE_APPROACH,58.78902270287597,59.015806981283085,0,37.224,0.0,1,0.9106907248497009,1.0560477018121996,0.2522635135268445,1.0560477018121996,0.2522635135268445,1.0560477018121996,0.2522635135268445,-0.8,0.965812087059021,-0.5969759821891785,60.777130126953125,10.000000083512225,1.5435317252992384e-11,OFFBOARD,1
29.092,GLIDE_APPROACH,58.75443378502925,58.986138135161866,0,37.256,0.0,1,0.9106907248497009,1.0620292686349142,0.2315469653740953,1.0620292686349142,0.2315469653740953,1.0620292686349142,0.2315469653740953,-0.8,0.9843458533287048,-0.5858850479125977,60.756614685058594,10.000000083512225,1.5435317252992384e-11,OFFBOARD,1
29.128,GLIDE_APPROACH,58.72250453833434,58.95896009003837,0,37.292,0.0,1,0.9106907248497009,1.067792666539118,0.21369408506347745,1.067792666539118,0.21369408506347745,1.067792666539118,0.21369408506347745,-0.8,1.0094552040100098,-0.5715705156326294,60.72933578491211,10.000000083512225,1.5435317252992384e-11,OFFBOARD,1
29.16,GLIDE_APPROACH,58.69089348564525,58.93138157299911,0,37.324,0.0,1,0.9106907248497009,1.0726870147294914,0.19654803498718007,1.0726870147294914,0.19654803498718007,1.0726870147294914,0.19654803498718007,-0.8,1.0414828062057495,-0.5544557571411133,60.695091247558594,10.000000083512225,1.5435317252992384e-11,OFFBOARD,1
29.192,GLIDE_APPROACH,58.6591136703384,58.903305577007664,0,37.356,0.0,1,0.9106907248497009,1.077180949613385,0.18004250679379988,1.077180949613385,0.18004250679379988,1.077180949613385,0.18004250679379988,-0.8,1.0675684213638306,-0.5413891077041626,60.66754150390625,10.000000083512225,1.5435317252992384e-11,OFFBOARD,1
29.228,GLIDE_APPROACH,58.62318653777522,58.87115304528711,0,37.392,0.0,1,0.9106907248497009,1.0817594307040461,0.16223692137663173,1.0817594307040461,0.16223692137663173,1.0817594307040461,0.16223692137663173,-0.8,1.0940483808517456,-0.5288676619529724,60.64006423950195,10.000000083512225,1.5435317252992384e-11,OFFBOARD,1
29.26,GLIDE_APPROACH,58.59112274433325,58.84209146410539,0,37.424,0.0,1,0.9106907248497009,1.0854002465552421,0.14708594868872185,1.0854002465552421,0.14708594868872185,1.0854002465552421,0.14708594868872185,-0.8,1.1209112405776978,-0.5168924927711487,60.612525939941406,10.000000083512225,1.5435317252992384e-11,OFFBOARD,1
29.292,GLIDE_APPROACH,58.55556864682652,58.80899970499711,0,37.456,0.0,1,0.9106907248497009,1.088392346731221,0.1308616866982325,1.088392346731221,0.1308616866982325,1.088392346731221,0.1308616866982325,-0.8,1.1489381790161133,-0.5048023462295532,60.58604431152344,10.000000083512225,1.5435317252992384e-11,OFFBOARD,1
29.328,GLIDE_APPROACH,58.51929139557294,58.77526372563046,0,37.492,0.0,1,0.9106907248497009,1.091474033469829,0.11537042838369652,1.091474033469829,0.11537042838369652,1.091474033469829,0.11537042838369652,-0.8,1.1772476434707642,-0.4932740032672882,60.559444427490234,10.000000083512225,1.5435317252992384e-11,OFFBOARD,1
29.36,GLIDE_APPROACH,58.49035016698867,58.74855736824835,0,37.524,0.0,1,0.9123815894126892,1.0941776905301435,0.10411775157013842,1.0941776905301435,0.10411775157013842,1.0941776905301435,0.10411775157013842,-0.8,1.2130217552185059,-0.4796609878540039,60.526031494140625,10.000000083512225,1.5435317252992384e-11,OFFBOARD,1
29.392,GLIDE_APPROACH,58.45795747156622,58.71779250868755,0,37.556,0.0,1,0.9123815894126892,1.0961529661218161,0.09136444486901064,1.0961529661218161,0.09136444486901064,1.0961529661218161,0.09136444486901064,-0.8,1.2419469356536865,-0.46935972571372986,60.49910354614258,10.000000083512225,1.5435317252992384e-11,OFFBOARD,1
29.428,GLIDE_APPROACH,58.424828852189286,58.68648700466895,0,37.592,0.0,1,0.9123815894126892,1.0983601148641509,0.0787318095894592,1.0983601148641509,0.0787318095894592,1.0983601148641509,0.0787318095894592,-0.8,1.271198034286499,-0.4592971205711365,60.47197723388672,10.000000083512225,1.5435317252992384e-11,OFFBOARD,1
29.46,GLIDE_APPROACH,58.38898289864878,58.65103825352323,0,37.624,0.0,1,0.9123815894126892,1.0988554716578487,0.0648690511105086,1.0988554716578487,0.0648690511105086,1.0988554716578487,0.0648690511105086,-0.8,1.300789475440979,-0.44941186904907227,60.44485092163086,10.000000083512225,1.5435317252992384e-11,OFFBOARD,1
29.492,GLIDE_APPROACH,58.353161198380974,58.615094229471026,0,37.656,0.0,1,0.9123815894126892,1.0987244437948658,0.051235900366473755,1.0987244437948658,0.051235900366473755,1.0987244437948658,0.051235900366473755,-0.8,1.3307145833969116,-0.4397110641002655,60.417564392089844,10.000000083512225,1.5435317252992384e-11,OFFBOARD,1
29.528,GLIDE_APPROACH,58.32005138834835,58.58251826220884,0,37.692,0.0,1,0.9123815894126892,1.0993767834067152,0.03920469243587581,1.0993767834067152,0.03920469243587581,1.0993767834067152,0.03920469243587581,-0.8,1.3609484434127808,-0.4301958978176117,60.39021301269531,10.000000083512225,1.5435317252992384e-11,OFFBOARD,1
29.56,GLIDE_APPROACH,58.28433676603501,58.54569880950755,0,37.724,0.0,1,0.9123815894126892,1.0980614619560167,0.026057323029500985,1.0980614619560167,0.026057323029500985,1.0980614619560167,0.026057323029500985,-0.8,1.399156928062439,-0.41856297850608826,60.35597229003906,10.000000083512225,1.5435317252992384e-11,OFFBOARD,1
29.592,GLIDE_APPROACH,58.25205237990589,58.51250351554666,0,37.756,0.0,1,0.9123815894126892,1.0969755213393124,0.014568358425500326,1.0969755213393124,0.014568358425500326,1.0969755213393124,0.014568358425500326,-0.8,1.4300651550292969,-0.4094774127006531,60.3286247253418,10.000000083512225,1.5435317252992384e-11,OFFBOARD,1
29.628,GLIDE_APPROACH,58.21917277706877,58.47886827007707,0,37.792,0.0,1,0.9123815894126892,1.0960739492360925,0.0032819925257808087,1.0960739492360925,0.0032819925257808087,1.0960739492360925,0.0032819925257808087,-0.8,1.4612656831741333,-0.4006219506263733,60.30139923095703,10.000000083512225,1.5435317252992384e-11,OFFBOARD,1
29.66,GLIDE_APPROACH,58.18708250836884,58.44505219316964,0,37.824,0.0,1,0.9123815894126892,1.0940062900197358,-0.007653260065563994,1.0940062900197358,-0.007653260065563994,1.0940062900197358,-0.007653260065563994,-0.8,1.4927421808242798,-0.3920166790485382,60.27424621582031,10.000000083512225,1.5435317252992384e-11,OFFBOARD,1
29.7,GLIDE_APPROACH,58.15178268135294,58.37321647268871,0,37.864,0.0,1,0.9123815894126892,1.090456150702759,-0.01952023712958322,1.090456150702759,-0.01952023712958322,1.090456150702759,-0.01952023712958322,-0.8,1.5598160028457642,-0.37356552481651306,60.222129821777344,10.000000083512225,1.5435317252992384e-11,OFFBOARD,1
29.728,GLIDE_APPROACH,58.11928476521194,58.37227810822779,0,37.892,0.0,1,0.9123815894126892,1.088036164175848,-0.029832150075781126,1.088036164175848,-0.029832150075781126,1.088036164175848,-0.029832150075781126,-0.8,1.5598160028457642,-0.37356552481651306,60.222129821777344,10.000000083512225,1.5435317252992384e-11,OFFBOARD,1
29.764,GLIDE_APPROACH,58.087580568197424,58.33764172187817,0,37.928,0.0,1,0.9123815894126892,1.0845159316851731,-0.039735483848452754,1.0845159316851731,-0.039735483848452754,1.0845159316851731,-0.039735483848452754,-0.8,1.601890206336975,-0.3627828061580658,60.189090728759766,10.000000083512225,1.5435317252992384e-11,OFFBOARD,1
29.792,GLIDE_APPROACH,58.05601252027759,58.26059047553371,0,37.956,0.0,1,0.9123815894126892,1.0805630064319824,-0.04928004094175535,1.0805630064319824,-0.04928004094175535,1.0805630064319824,-0.04928004094175535,-0.8,1.6440863609313965,-0.3525862395763397,60.155818939208984,10.000000083512225,1.5435317252992384e-11,OFFBOARD,1
29.828,GLIDE_APPROACH,58.0206780462246,58.26332036804098,0,37.992,0.0,1,0.9123815894126892,1.075605890463707,-0.05957685429651087,1.075605890463707,-0.05957685429651087,1.075605890463707,-0.05957685429651087,-0.8,1.6694673299789429,-0.34673765301704407,60.13578414916992,10.000000083512225,1.5435317252992384e-11,OFFBOARD,1
29.86,GLIDE_APPROACH,57.98613881121528,58.22374453444953,0,38.024,0.0,1,0.9123815894126892,1.0695562365483862,-0.06933568567583018,1.0695562365483862,-0.06933568567583018,1.0695562365483862,-0.06933568567583018,-0.8,1.703368067741394,-0.3392621576786041,60.10902404785156,10.000000083512225,1.5435317252992384e-11,OFFBOARD,1
29.892,GLIDE_APPROACH,57.95851095777746,58.15862949356403,0,38.056,0.0,1,0.9123815894126892,1.0653203354698018,-0.07669109618084877,1.0653203354698018,-0.07669109618084877,1.0653203354698018,-0.07669109618084877,-0.8,1.7373355627059937,-0.3321555554866791,60.082515716552734,10.000000083512225,1.5435317252992384e-11,OFFBOARD,1
29.928,GLIDE_APPROACH,57.924219724517634,58.15249304001107,0,38.092,0.0,1,0.9123815894126892,1.05834472156054,-0.08561613759934039,1.05834472156054,-0.08561613759934039,1.05834472156054,-0.08561613759934039,-0.8,1.7713773250579834,-0.3254159688949585,60.05608367919922,10.000000083512225,1.5435317252992384e-11,OFFBOARD,1
29.96,GLIDE_APPROACH,57.894180903894544,58.116681261276625,0,38.124,0.0,1,0.9123815894126892,1.0514100577530665,-0.0931230286571297,1.0514100577530665,-0.0931230286571297,1.0514100577530665,-0.0931230286571297,-0.8,1.8140321969985962,-0.3175260126590729,60.023216247558594,10.000000083512225,1.5435317252992384e-11,OFFBOARD,1
29.992,GLIDE_APPROACH,57.86452404068148,58.08072852470314,0,38.156,0.0,1,0.9123815894126892,1.0438475151240265,-0.10023442776608633,1.0438475151240265,-0.10023442776608633,1.0438475151240265,-0.10023442776608633,-0.8,1.8482331037521362,-0.3116178810596466,59.997066497802734,10.000000083512225,1.5435317252992384e-11,OFFBOARD,1
30.028,GLIDE_APPROACH,57.831577313350245,58.040135287922375,0,38.192,0.0,1,0.9123815894126892,1.0346629568109886,-0.10777056920126284,1.0346629568109886,-0.10777056920126284,1.0346629568109886,-0.10777056920126284,-0.8,1.8824849128723145,-0.30606162548065186,59.97089767456055,10.000000083512225,1.5435317252992384e-11,OFFBOARD,1
30.06,GLIDE_APPROACH,57.79945676445391,57.99953152386224,0,38.224,0.0,1,0.9123815894126892,1.0244742369029107,-0.11476455178805556,1.0244742369029107,-0.11476455178805556,1.0244742369029107,-0.11476455178805556,-0.8,1.9167921543121338,-0.3008541166782379,59.94491958618164,10.000000083512225,1.5435317252992384e-11,OFFBOARD,1
30.092,GLIDE_APPROACH,57.77083025863573,57.963242611279014,0,38.256,0.0,1,0.9123815894126892,1.0152713545563312,-0.12063576238902018,1.0152713545563312,-0.12063576238902018,1.0152713545563312,-0.12063576238902018,-0.8,1.952498197555542,-0.2957574129104614,59.920204162597656,10.000000083512225,1.5435317252992384e-11,OFFBOARD,1
30.128,GLIDE_APPROACH,57.7421467024903,57.926767616680294,0,38.292,0.0,1,0.9123815894126892,1.0059135876421077,-0.12619652850786695,1.0059135876421077,-0.12619652850786695,1.0059135876421077,-0.12619652850786695,-0.8,1.9881188869476318,-0.2910003066062927,59.895626068115234,10.000000083512225,1.5435317252992384e-11,OFFBOARD,1
30.16,GLIDE_APPROACH,57.71413900903971,57.845989913241844,0,38.324,0.0,1,0.9123815894126892,0.9958324775806613,-0.13133386376714082,0.9958324775806613,-0.13133386376714082,0.9958324775806613,-0.13133386376714082,-0.8,2.032503366470337,-0.2855004668235779,59.86469268798828,10.000000083512225,1.5435317252992384e-11,OFFBOARD,1
30.192,GLIDE_APPROACH,57.68641188808755,57.853934483340396,0,38.356,0.0,1,0.9123815894126892,0.9853801222255338,-0.13611359246832483,0.9853801222255338,-0.13611359246832483,0.9853801222255338,-0.13611359246832483,-0.8,2.0678770542144775,-0.2814544439315796,59.839813232421875,10.000000083512225,1.5435317252992384e-11,OFFBOARD,1
30.236,GLIDE_APPROACH,57.65238450476426,57.80850369061026,0,38.4,0.0,1,0.9123815894126892,0.9716869438268457,-0.14153356178766036,0.9716869438268457,-0.14153356178766036,0.9716869438268457,-0.14153356178766036,-0.8,2.1031322479248047,-0.27771762013435364,59.81480026245117,10.000000083512225,1.5435317252992384e-11,OFFBOARD,1
30.26,GLIDE_APPROACH,57.62841448170464,57.77650708496247,0,38.424,0.0,1,0.9123815894126892,0.9620488164158626,-0.14510342968156614,0.9620488164158626,-0.14510342968156614,0.9620488164158626,-0.14510342968156614,-0.8,2.1382694244384766,-0.27427414059638977,59.7896728515625,10.000000083512225,1.5435317252992384e-11,OFFBOARD,1
30.292,GLIDE_APPROACH,57.601564531031315,57.74010427975936,0,38.456,0.0,1,0.9123815894126892,0.9505787495862688,-0.14879143840349832,0.9505787495862688,-0.14879143840349832,0.9505787495862688,-0.14879143840349832,-0.8,2.1732897758483887,-0.27111491560935974,59.76442337036133,10.000000083512225,1.5435317252992384e-11,OFFBOARD,1
30.328,GLIDE_APPROACH,57.57170648243188,57.69920624315671,0,38.492,0.0,1,0.9123815894126892,0.9373238139912313,-0.1525301010001503,0.9373238139912313,-0.1525301010001503,0.9373238139912313,-0.1525301010001503,-0.8,2.2081830501556396,-0.26824212074279785,59.73894119262695,10.000000083512225,1.5435317252992384e-11,OFFBOARD,1
30.36,GLIDE_APPROACH,57.545481581665,57.662919968035446,0,38.524,0.0,1,0.9084384441375732,0.8985778331347826,-0.1389295267671832,0.8985778331347826,-0.1389295267671832,0.8985778331347826,-0.1389295267671832,-0.8,2.251569986343384,-0.26501861214637756,59.70698928833008,10.000000083512225,1.5435317252992384e-11,OFFBOARD,1
30.392,GLIDE_APPROACH,57.51646964606493,57.622599159294765,0,38.556,0.0,1,0.9084384441375732,0.8850016156388216,-0.14176926961606648,0.8850016156388216,-0.14176926961606648,0.8850016156388216,-0.14176926961606648,-0.8,2.286017417907715,-0.26274287700653076,59.68122482299805,10.000000083512225,1.5435317252992384e-11,OFFBOARD,1
30.428,GLIDE_APPROACH,57.48788720937585,57.58279115769377,0,38.592,0.0,1,0.9084384441375732,0.8715260781295763,-0.14419027328021566,0.8715260781295763,-0.14419027328021566,0.8715260781295763,-0.14419027328021566,-0.8,2.319932460784912,-0.2607490122318268,59.6553840637207,10.000000083512225,1.5435317252992384e-11,OFFBOARD,1
30.46,GLIDE_APPROACH,57.462899779416844,57.54795519393771,0,38.624,0.0,1,0.9084384441375732,0.8597042314954303,-0.14595098636551462,0.8597042314954303,-0.14595098636551462,0.8597042314954303,-0.14595098636551462,-0.8,2.3532726764678955,-0.2590228021144867,59.6295280456543,10.000000083512225,1.5435317252992384e-11,OFFBOARD,1
30.492,GLIDE_APPROACH,57.44140947753546,57.517788443145264,0,38.656,0.0,1,0.9084384441375732,0.8492897762055288,-0.14725660967347715,0.8492897762055288,-0.14725660967347715,0.8492897762055288,-0.14725660967347715,-0.8,2.387490749359131,-0.25805774331092834,59.6047248840332,10.000000083512225,1.5435317252992384e-11,OFFBOARD,1
30.528,GLIDE_APPROACH,57.414135895861264,57.4797621949421,0,38.692,0.0,1,0.9084384441375732,0.8363839851854261,-0.14847805284587362,0.8363839851854261,-0.14847805284587362,0.8363839851854261,-0.14847805284587362,-0.8,2.421464204788208,-0.25745952129364014,59.58008575439453,10.000000083512225,1.5435317252992384e-11,OFFBOARD,1
30.56,GLIDE_APPROACH,57.38712803651021,57.442535707637376,0,38.724,0.0,1,0.9084384441375732,0.8241199760378033,-0.1492360999636531,0.8241199760378033,-0.1492360999636531,0.8241199760378033,-0.1492360999636531,-0.8,2.4629111289978027,-0.2569694221019745,59.54899215698242,10.000000083512225,1.5435317252992384e-11,OFFBOARD,1
30.592,GLIDE_APPROACH,57.36665912686139,57.41383119450653,0,38.756,0.0,1,0.9084384441375732,0.8142362934770001,-0.14966370273298144,0.8142362934770001,-0.14966370273298144,0.8142362934770001,-0.14966370273298144,-0.8,2.495272397994995,-0.25677603483200073,59.52412414550781,10.000000083512225,1.5435317252992384e-11,OFFBOARD,1
30.628,GLIDE_APPROACH,57.340489359022214,57.37766242280589,0,38.792,0.0,1,0.9084384441375732,0.8022370725134431,-0.14981939698293545,0.8022370725134431,-0.14981939698293545,0.8022370725134431,-0.14981939698293545,-0.8,2.5269510746002197,-0.2567410171031952,59.499088287353516,10.000000083512225,1.5435317252992384e-11,OFFBOARD,1
30.66,GLIDE_APPROACH,57.31754083696686,57.34604631512932,0,38.824,0.0,1,0.9084384441375732,0.791836195386639,-0.1496713223366613,0.791836195386639,-0.1496713223366613,0.791836195386639,-0.1496713223366613,-0.8,2.5579710006713867,-0.25684887170791626,59.47412109375,10.000000083512225,1.5435317252992384e-11,OFFBOARD,1
30.692,GLIDE_APPROACH,57.29487894538242,57.314915118164876,0,38.856,0.0,1,0.9084384441375732,0.7816737838135703,-0.14926840539898661,0.7816737838135703,-0.14926840539898661,0.7816737838135703,-0.14926840539898661,-0.8,2.595877170562744,-0.25718241930007935,59.44263458251953,10.000000083512225,1.5435317252992384e-11,OFFBOARD,1
30.728,GLIDE_APPROACH,57.26971999906415,57.28045044908937,0,38.892,0.0,1,0.9084384441375732,0.7705083630749607,-0.14852536374955752,0.7705083630749607,-0.14852536374955752,0.7705083630749607,-0.14852536374955752,-0.8,2.618175745010376,-0.25748148560523987,59.42377471923828,10.000000083512225,1.5435317252992384e-11,OFFBOARD,1
30.768,GLIDE_APPROACH,57.247647299010964,57.25029201505047,0,38.932,0.0,1,0.9084384441375732,0.760807267832197,-0.14761919125213457,0.760807267832197,-0.14761919125213457,0.760807267832197,-0.14761919125213457,-0.8,2.654639720916748,-0.2581372559070587,59.392086029052734,10.000000083512225,1.5435317252992384e-11,OFFBOARD,1
30.792,GLIDE_APPROACH,57.225841567989534,57.220565707387934,0,38.956,0.0,1,0.9084384441375732,0.7513048016544156,-0.14649224822067314,0.7513048016544156,-0.14649224822067314,0.7513048016544156,-0.14649224822067314,-0.8,2.6832125186920166,-0.258786141872406,59.36656188964844,10.000000083512225,1.5435317252992384e-11,OFFBOARD,1
30.828,GLIDE_APPROACH,57.201622549163226,57.18762242963291,0,38.992,0.0,1,0.9084384441375732,0.7408386856087555,-0.14497183224686336,0.7408386856087555,-0.14497183224686336,0.7408386856087555,-0.14497183224686336,-0.8,2.711276054382324,-0.2595385015010834,59.34082794189453,10.000000083512225,1.5435317252992384e-11,OFFBOARD,1
30.86,GLIDE_APPROACH,57.17726177559745,57.15530832887726,0,39.024,0.0,1,0.8990961909294128,0.7307427333459429,-0.16125967038575714,0.7307427333459429,-0.16125967038575714,0.7307427333459429,-0.16125967038575714,-0.8,2.738837480545044,-0.26039305329322815,59.31488037109375,10.000000083512225,1.5435317252992384e-11,OFFBOARD,1
30.896,GLIDE_APPROACH,57.159345096290735,57.130220837428716,0,39.06,0.0,1,0.8990961909294128,0.7221409790056157,-0.15959946203608333,0.7221409790056157,-0.15959946203608333,0.7221409790056157,-0.15959946203608333,-0.8,2.7687671184539795,-0.2618107199668884,59.29046630859375,10.000000083512225,1.5435317252992384e-11,OFFBOARD,1
30.928,GLIDE_APPROACH,57.13595271253196,57.09837480653347,0,39.092,0.0,1,0.8990961909294128,0.7120018818627756,-0.15684629816960804,0.7120018818627756,-0.15684629816960804,0.7120018818627756,-0.15684629816960804,-0.8,2.7981410026550293,-0.2635115683078766,59.265777587890625,10.000000083512225,1.5435317252992384e-11,OFFBOARD,1
30.96,GLIDE_APPROACH,57.115365733698674,57.070299343806866,0,39.124,0.0,1,0.8990961909294128,0.7030212618121197,-0.1538924708307589,0.7030212618121197,-0.1538924708307589,0.7030212618121197,-0.1538924708307589,-0.8,2.8341493606567383,-0.26606374979019165,59.23487091064453,10.000000083512225,1.5435317252992384e-11,OFFBOARD,1
30.992,GLIDE_APPROACH,57.09494452229154,57.042437768912286,0,39.156,0.0,1,0.8990961909294128,0.6940991179677751,-0.1504740088145251,0.6940991179677751,-0.1504740088145251,0.6940991179677751,-0.1504740088145251,-0.8,2.862431287765503,-0.26845523715019226,59.20993423461914,10.000000083512225,1.5435317252992384e-11,OFFBOARD,1
31.028,GLIDE_APPROACH,57.07525168953863,57.01467025995595,0,39.192,0.0,1,0.8990961909294128,0.6844163358495791,-0.14666171267384112,0.6844163358495791,-0.14666171267384112,0.6844163358495791,-0.14666171267384112,-0.8,2.8902950286865234,-0.27115491032600403,59.18486022949219,10.000000083512225,1.5435317252992384e-11,OFFBOARD,1
31.06,GLIDE_APPROACH,57.04886398792825,56.98066088029684,0,39.224,0.0,1,0.8990961909294128,0.6752798985714037,-0.14111692721110566,0.6752798985714037,-0.14111692721110566,0.6752798985714037,-0.14111692721110566,-0.8,2.9177563190460205,-0.2741672396659851,59.15951919555664,10.000000083512225,1.5435317252992384e-11,OFFBOARD,1
31.092,GLIDE_APPROACH,57.031939844866834,56.95677770274119,0,39.256,0.0,1,0.8990961909294128,0.6669358939698383,-0.13699520888024305,0.6669358939698383,-0.13699520888024305,0.6669358939698383,-0.13699520888024305,-0.8,2.9448118209838867,-0.27744776010513306,59.134033203125,10.000000083512225,1.5435317252992384e-11,OFFBOARD,1
31.128,GLIDE_APPROACH,57.00949563520844,56.92649487346664,0,39.292,0.0,1,0.8990961909294128,0.65753874056698,-0.13121049924677813,0.65753874056698,-0.13121049924677813,0.65753874056698,-0.13121049924677813,-0.8,2.9714529514312744,-0.28098011016845703,59.10835647583008,10.000000083512225,1.5435317252992384e-11,OFFBOARD,1
31.16,GLIDE_APPROACH,56.9896226407442,56.89984230848433,0,39.324,0.0,1,0.8990961909294128,0.6494115498439839,-0.1257113611082452,0.6494115498439839,-0.1257113611082452,0.6494115498439839,-0.1257113611082452,-0.8,3.0041844844818115,-0.2857019901275635,59.076019287109375,10.000000083512225,1.5435317252992384e-11,OFFBOARD,1
31.192,GLIDE_APPROACH,56.96980765774278,56.87344906295369,0,39.356,0.0,1,0.8990961909294128,0.6415259145882686,-0.11991003941816342,0.6415259145882686,-0.11991003941816342,0.6415259145882686,-0.11991003941816342,-0.8,3.029923439025879,-0.28971049189567566,59.050209045410156,10.000000083512225,1.5435317252992384e-11,OFFBOARD,1
31.228,GLIDE_APPROACH,56.94757160486644,56.844075462994084,0,39.392,0.0,1,0.8990961909294128,0.6329700091461063,-0.11306147940517114,0.6329700091461063,-0.11306147940517114,0.6329700091461063,-0.11306147940517114,-0.8,3.0552752017974854,-0.2938978672027588,59.02423095703125,10.000000083512225,1.5435317252992384e-11,OFFBOARD,1
31.26,GLIDE_APPROACH,56.92469659408217,56.81516597525352,0,39.424,0.0,1,0.8990961909294128,0.6257375315811315,-0.10585802778673364,0.6257375315811315,-0.10585802778673364,0.6257375315811315,-0.10585802778673364,-0.8,3.080240488052368,-0.29823389649391174,58.99826431274414,10.000000083512225,1.5435317252992384e-11,OFFBOARD,1
31.304,GLIDE_APPROACH,56.90814370028131,56.766982325690606,0,39.468,0.0,1,0.8990961909294128,0.6186564678232344,-0.10016799616209451,0.6186564678232344,-0.10016799616209451,0.6186564678232344,-0.10016799616209451,-0.8,3.131753444671631,-0.3093261122703552,58.94790267944336,10.000000083512225,1.5435317252992384e-11,OFFBOARD,1
31.332,GLIDE_APPROACH,56.883528570198365,56.7611579130273,0,39.496,0.0,1,0.8990961909294128,0.6103447557311141,-0.09172032720585704,0.6103447557311141,-0.09172032720585704,0.6103447557311141,-0.09172032720585704,-0.8,3.131753444671631,-0.3093261122703552,58.94790267944336,10.000000083512225,1.5435317252992384e-11,OFFBOARD,1
31.36,GLIDE_APPROACH,56.866284076084746,56.73932674027608,0,39.524,0.0,1,0.8990961909294128,0.6048463970454463,-0.0856607911377662,0.6048463970454463,-0.0856607911377662,0.6048463970454463,-0.0856607911377662,-0.8,3.163259983062744,-0.31649839878082275,58.916297912597656,10.000000083512225,1.5435317252992384e-11,OFFBOARD,1
31.392,GLIDE_APPROACH,56.846448262329254,56.714638466959805,0,39.556,0.0,1,0.910006582736969,0.6062515520684342,-0.08145196360358095,0.6062515520684342,-0.08145196360358095,0.6062515520684342,-0.08145196360358095,-0.8,3.18796443939209,-0.3222220242023468,58.89070510864258,10.000000083512225,1.5435317252992384e-11,OFFBOARD,1
31.428,GLIDE_APPROACH,56.82382745776413,56.68720795767165,0,39.592,0.0,1,0.910006582736969,0.6004857049043208,-0.07349530145262217,0.6004857049043208,-0.07349530145262217,0.6004857049043208,-0.07349530145262217,-0.8,3.2122483253479004,-0.3278908133506775,58.86503219604492,10.000000083512225,1.5435317252992384e-11,OFFBOARD,1
31.46,GLIDE_APPROACH,56.803475721062476,56.66312887381168,0,39.624,0.0,1,0.910006582736969,0.5960172850541567,-0.06638856405209961,0.5960172850541567,-0.06638856405209961,0.5960172850541567,-0.06638856405209961,-0.8,3.236116886138916,-0.33348938822746277,58.838863372802734,10.000000083512225,1.5435317252992384e-11,OFFBOARD,1
31.492,GLIDE_APPROACH,56.782931391015545,56.63933327907271,0,39.656,0.0,1,0.910006582736969,0.5921194336518709,-0.05926279936420643,0.5921194336518709,-0.05926279936420643,0.5921194336518709,-0.05926279936420643,-0.8,3.2595767974853516,-0.3390181064605713,58.81258773803711,10.000000083512225,1.5435317252992384e-11,OFFBOARD,1
31.528,GLIDE_APPROACH,56.75636213852867,56.61010179726347,0,39.692,0.0,1,0.910006582736969,0.5889283152852669,-0.05029285120007794,0.5889283152852669,-0.05029285120007794,0.5889283152852669,-0.05029285120007794,-0.8,3.282639503479004,-0.3444656431674957,58.785980224609375,10.000000083512225,1.5435317252992384e-11,OFFBOARD,1
31.56,GLIDE_APPROACH,56.738743754484425,56.5896900240098,0,39.724,0.0,1,0.910006582736969,0.5855780131585248,-0.04410606620422414,0.5855780131585248,-0.04410606620422414,0.5855780131585248,-0.04410606620422414,-0.8,3.310943365097046,-0.3511490821838379,58.752464294433594,10.000000083512225,1.5435317252992384e-11,OFFBOARD,1
31.592,GLIDE_APPROACH,56.71446749095966,56.564020225134556,0,39.756,0.0,1,0.910006582736969,0.5839072260771018,-0.03604610667380737,0.5839072260771018,-0.03604610667380737,0.5839072260771018,-0.03604610667380737,-0.8,3.333192825317383,-0.3563888669013977,58.72537612915039,10.000000083512225,1.5435317252992384e-11,OFFBOARD,1
31.628,GLIDE_APPROACH,56.6939397154757,56.541249708939965,0,39.792,0.0,1,0.910006582736969,0.5812164261346793,-0.0290042825743536,0.5812164261346793,-0.0290042825743536,0.5812164261346793,-0.0290042825743536,-0.8,3.355104923248291,-0.3615288734436035,58.69810104370117,10.000000083512225,1.5435317252992384e-11,OFFBOARD,1
31.66,GLIDE_APPROACH,56.66939436858296,56.51618461907894,0,39.824,0.0,1,0.910006582736969,0.5805924039423643,-0.021010585712569915,0.5805924039423643,-0.021010585712569915,0.5805924039423643,-0.021010585712569915,-0.8,3.3766980171203613,-0.36656615138053894,58.67087936401367,10.000000083512225,1.5435317252992384e-11,OFFBOARD,1
31.692,GLIDE_APPROACH,56.65123662258032,56.49668523695776,0,39.856,0.0,1,0.910006582736969,0.5789815563722839,-0.01492280128507145,0.5789815563722839,-0.01492280128507145,0.5789815563722839,-0.01492280128507145,-0.8,3.3998355865478516,-0.37333714962005615,58.645137786865234,10.000000083512225,1.5435317252992384e-11,OFFBOARD,1
31.728,GLIDE_APPROACH,56.62697211643403,56.47202725416765,0,39.892,0.0,1,0.910006582736969,0.5785074408489094,-0.007088436293418852,0.5785074408489094,-0.007088436293418852,0.5785074408489094,-0.007088436293418852,-0.8,3.422543525695801,-0.37986814975738525,58.619293212890625,10.000000083512225,1.5435317252992384e-11,OFFBOARD,1
31.76,GLIDE_APPROACH,56.60523411926717,56.450343496311426,0,39.924,0.0,1,0.910006582736969,0.5785700663354872,-0.0001930655726307788,0.5785700663354872,-0.0001930655726307788,0.5785700663354872,-0.0001930655726307788,-0.8,3.4503469467163086,-0.3877089321613312,58.586673736572266,10.000000083512225,1.5435317252992384e-11,OFFBOARD,1
31.792,GLIDE_APPROACH,56.58007207561565,56.426322435496125,0,39.956,0.0,1,0.910006582736969,0.5799356566728732,0.007522344258917901,0.5799356566728732,0.007522344258917901,0.5799356566728732,0.007522344258917901,-0.8,3.4721624851226807,-0.3937222361564636,58.5604362487793,10.000000083512225,1.5435317252992384e-11,OFFBOARD,1
31.832,GLIDE_APPROACH,56.55842753982412,56.38384242766838,0,39.996,0.0,1,0.910006582736969,0.5802709028149222,0.014186026016977597,0.5802709028149222,0.014186026016977597,0.5802709028149222,0.014186026016977597,-0.8,3.514739513397217,-0.40505450963974,58.50745391845703,10.000000083512225,1.5435317252992384e-11,OFFBOARD,1
31.86,GLIDE_APPROACH,56.53607776924543,56.38391475168763,0,40.024,0.0,1,0.9178018569946289,0.5823869184832455,0.02017085113627075,0.5823869184832455,0.02017085113627075,0.5823869184832455,0.02017085113627075,-0.8,3.514739513397217,-0.40505450963974,58.50745391845703,10.000000083512225,1.5435317252992384e-11,OFFBOARD,1
31.892,GLIDE_APPROACH,56.51363773554845,56.36319958257993,0,40.056,0.0,1,0.9178018569946289,0.5844520169313904,0.02636180663834167,0.5844520169313904,0.02636180663834167,0.5844520169313904,0.02636180663834167,-0.8,3.535531520843506,-0.4102979600429535,58.48070526123047,10.000000083512225,1.5435317252992384e-11,OFFBOARD,1
31.928,GLIDE_APPROACH,56.488394541274545,56.34041077761916,0,40.092,0.0,1,0.9178018569946289,0.5873919915440945,0.03253293553489915,0.5873919915440945,0.03253293553489915,0.5873919915440945,0.03253293553489915,-0.8,3.560840368270874,-0.4159669876098633,58.447471618652344,10.000000083512225,1.5435317252992384e-11,OFFBOARD,1
31.96,GLIDE_APPROACH,56.465936750692514,56.32060251668363,0,40.124,0.0,1,0.9178018569946289,0.5905669484211523,0.037300388633514495,0.5905669484211523,0.037300388633514495,0.5905669484211523,0.037300388633514495,-0.8,3.580535888671875,-0.41973236203193665,58.42116928100586,10.000000083512225,1.5435317252992384e-11,OFFBOARD,1
31.992,GLIDE_APPROACH,56.44029825597539,56.298926169281074,0,40.156,0.0,1,0.9178018569946289,0.601700734055744,0.04190104065324997,0.601700734055744,0.04190104065324997,0.601700734055744,0.04190104065324997,-0.8,3.599743366241455,-0.42280301451683044,58.39519119262695,10.000064207763048,-9.061422461517415e-09,OFFBOARD,1
32.028,GLIDE_APPROACH,56.41796455289461,56.27996536458322,0,40.192,0.0,1,0.9178018569946289,0.5993607760166345,0.045186304873440136,0.5993607760166345,0.045186304873440136,0.5993607760166345,0.045186304873440136,-0.8,3.618502616882324,-0.42520684003829956,58.36919403076172,10.000225924211607,-2.005946608728352e-08,OFFBOARD,1
32.064,GLIDE_APPROACH,56.39520140189444,56.261499585394205,0,40.228,0.0,1,0.9178018569946289,0.6045146296592905,0.04788321688159858,0.6045146296592905,0.04788321688159858,0.6045146296592905,0.04788321688159858,-0.8,3.6368367671966553,-0.42695528268814087,58.34327697753906,10.000374312440734,-3.39989563198905e-08,OFFBOARD,1
32.092,GLIDE_APPROACH,56.37228873129799,56.243387906957906,0,40.256,0.0,1,0.9178018569946289,0.6102734031413677,0.04997968722769289,0.6102734031413677,0.04997968722769289,0.6102734031413677,0.04997968722769289,-0.8,3.655604600906372,-0.43045490980148315,58.319427490234375,10.000489834709802,-5.991402755802071e-08,OFFBOARD,1
32.128,GLIDE_APPROACH,56.34326274414871,56.221311119228034,0,40.292,0.0,1,0.9178018569946289,0.6186102372095333,0.051871723683414195,0.6186102372095333,0.051871723683414195,0.6186102372095333,0.051871723683414195,-0.8,3.6739614009857178,-0.433189332485199,58.29542922973633,10.000725836162099,-8.196620168107128e-08,OFFBOARD,1
32.16,GLIDE_APPROACH,56.323003733930925,56.205881680828725,0,40.324,0.0,1,0.9178018569946289,0.6406039539891456,0.052641396436052465,0.6406039539891456,0.052641396436052465,0.6406039539891456,0.052641396436052465,-0.8,3.6963841915130615,-0.43562549352645874,58.26515579223633,10.000930161690139,-1.1863863631836572e-07,OFFBOARD,1
32.192,GLIDE_APPROACH,56.29946850991925,56.188649303908605,0,40.356,0.0,1,0.9178018569946289,0.6485788404155437,0.05313881503530822,0.6485788404155437,0.05313881503530822,0.6485788404155437,0.05313881503530822,-0.8,3.7139580249786377,-0.43685030937194824,58.24068069458008,10.00116015314705,-1.674834837210973e-07,OFFBOARD,1
32.228,GLIDE_APPROACH,56.27269567269783,56.16955598009493,0,40.392,0.0,1,0.9178018569946289,0.6411830327367939,0.05318389696651257,0.6411830327367939,0.05318389696651257,0.6411830327367939,0.05318389696651257,-0.8,3.7312545776367188,-0.4374845623970032,58.21602249145508,10.001408566414156,-2.2827559590767237e-07,OFFBOARD,1
32.26,GLIDE_APPROACH,56.248630000316,56.1527653427614,0,40.424,0.0,1,0.9178018569946289,0.6499145682122299,0.05280704565570575,0.6499145682122299,0.05280704565570575,0.6499145682122299,0.05280704565570575,-0.8,3.748300790786743,-0.4375987648963928,58.19127655029297,10.001682860235588,-3.0250797299697803e-07,OFFBOARD,1
32.292,GLIDE_APPROACH,56.221297845510904,56.13416755936813,0,40.456,0.0,1,0.9178018569946289,0.6765050562724177,0.05198019320995592,0.6765050562724177,0.05198019320995592,0.6765050562724177,0.05198019320995592,-0.8,3.765117883682251,-0.43721243739128113,58.16632843017578,10.00199855291261,-4.998221359405464e-07,OFFBOARD,1
32.328,GLIDE_APPROACH,56.19363376778458,56.1156231868019,0,40.492,0.0,1,0.9178018569946289,0.6713511582486417,0.05069123826106685,0.6713511582486417,0.05069123826106685,0.6713511582486417,0.05069123826106685,-0.8,3.7817471027374268,-0.43636223673820496,58.14119338989258,10.002376980613828,-5.086771219644819e-07,OFFBOARD,1
32.368,GLIDE_APPROACH,56.17176808551008,56.0847302545055,0,40.532,0.0,1,0.9178018569946289,0.700847264869199,0.049333572450797336,0.700847264869199,0.049333572450797336,0.700847264869199,0.049333572450797336,-0.8,3.8187358379364014,-0.4329199492931366,58.0840950012207,10.002864818977976,-7.682057575692819e-07,OFFBOARD,1
32.396,GLIDE_APPROACH,56.143464205185914,56.08273810121959,0,40.56,0.0,1,0.9178018569946289,0.7243938892402906,0.047467182640545336,0.7243938892402906,0.047467182640545336,0.7243938892402906,0.047467182640545336,-0.8,3.8187358379364014,-0.4329199492931366,58.0840950012207,10.003401754000658,-1.1010236725530145e-06,OFFBOARD,1
32.428,GLIDE_APPROACH,56.1173647659161,56.06601489591739,0,40.592,0.0,1,0.9151394367218018,0.7835998388858092,0.04344186867918694,0.7835998388858092,0.04344186867918694,0.7835998388858092,0.04344186867918694,-0.8,3.835507869720459,-0.43091002106666565,58.058231353759766,10.004883149194477,-1.2639938292375517e-06,OFFBOARD,1
32.46,GLIDE_APPROACH,56.09089790451586,56.04957750748044,0,40.624,0.0,1,0.9151394367218018,0.8168277526679544,0.04156666515762024,0.8168277526679544,0.04156666515762024,0.8168277526679544,0.04156666515762024,-0.8,3.8574793338775635,-0.4286743104457855,58.02610397338867,10.006784817220565,-9.120216574102477e-07,OFFBOARD,1
32.492,GLIDE_APPROACH,56.06396247530763,56.01445752220001,0,40.656,0.0,1,0.9151394367218018,0.8685821483562641,0.039363384115564407,0.8685821483562641,0.039363384115564407,0.8685821483562641,0.039363384115564407,-0.8,3.8765852451324463,-0.42829298973083496,58.00212097167969,10.010017987131366,-3.328014948243089e-07,OFFBOARD,1
32.528,GLIDE_APPROACH,56.03318325114218,56.016263314221874,0,40.692,0.0,1,0.9151394367218018,0.9303697123340864,0.037146513594787434,0.9303697123340864,0.037146513594787434,0.9303697123340864,0.037146513594787434,-0.8,3.8911712169647217,-0.4278082847595215,57.98381042480469,10.015164042041668,5.010452615955248e-07,OFFBOARD,1
32.56,GLIDE_APPROACH,56.00544109025932,56.00175607483594,0,40.724,0.0,1,0.9151394367218018,0.9707923682039488,0.0348403752046644,0.9707923682039488,0.0348403752046644,0.9707923682039488,0.0348403752046644,-0.8,3.9160068035125732,-0.42666590213775635,57.95271682739258,10.021982034566461,1.2171535986212212e-06,OFFBOARD,1
32.592,GLIDE_APPROACH,55.97737293804452,55.987967335732286,0,40.756,0.0,1,0.9151394367218018,1.044847790826245,0.03258258921203824,1.044847790826245,0.03258258921203824,1.044847790826245,0.03258258921203824,-0.8,3.936370849609375,-0.4254709780216217,57.92741012573242,10.0296819924096,3.3217990078025997e-06,OFFBOARD,1
32.628,GLIDE_APPROACH,55.94544963932587,55.973600145321946,0,40.792,0.0,1,0.9151394367218018,1.1379308581459695,0.029685331929366326,1.1379308581459695,0.029685331929366326,1.1379308581459695,0.029685331929366326,-0.8,3.957190752029419,-0.4240715801715851,57.90182876586914,10.040140541991349,3.7022911888431518e-06,OFFBOARD,1
32.66,GLIDE_APPROACH,55.916798481907975,55.96193245327088,0,40.824,0.0,1,0.9151394367218018,1.1936919741284735,0.027609779019281622,1.1936919741284735,0.027609779019281622,1.1936919741284735,0.027609779019281622,-0.8,3.978494882583618,-0.42248815298080444,57.87611389160156,10.051218490579958,5.333632678932834e-06,OFFBOARD,1
32.692,GLIDE_APPROACH,55.8879263889023,55.951281478063,0,40.856,0.0,1,0.9151394367218018,1.264219593344628,0.025193246809330685,1.264219593344628,0.025193246809330685,1.264219593344628,0.025193246809330685,-0.8,4.00029993057251,-0.4207296669483185,57.85028076171875,10.064133405235443,9.248207003400312e-06,OFFBOARD,1
32.728,GLIDE_APPROACH,55.85209210263828,55.939707667354725,0,40.892,0.0,1,0.9151394367218018,1.360524677198659,0.02215919458169707,1.360524677198659,0.02215919458169707,1.360524677198659,0.02215919458169707,-0.8,4.028360843658447,-0.4182978570461273,57.81791305541992,10.080678256285813,1.787809841300164e-05,OFFBOARD,1
32.76,GLIDE_APPROACH,55.82599834987985,55.932267032019304,0,40.924,0.0,1,0.9151394367218018,1.448213076564237,0.02062362306527975,1.448213076564237,0.02062362306527975,1.448213076564237,0.02062362306527975,-0.8,4.051516532897949,-0.4161866307258606,57.79188537597656,10.095093348822322,2.840579618276039e-05,OFFBOARD,1
32.792,GLIDE_APPROACH,55.79351291847057,55.92407029057402,0,40.956,0.0,1,0.9151394367218018,1.531511274519873,0.017941182053982384,1.531511274519873,0.017941182053982384,1.531511274519873,0.017941182053982384,-0.8,4.075378894805908,-0.41393741965293884,57.76582336425781,10.115482685521968,4.1086979290309833e-05,OFFBOARD,1
32.828,GLIDE_APPROACH,55.76347155182922,55.917440940285815,0,40.992,0.0,1,0.9151394367218018,1.6011933116585577,0.014457916000883742,1.6011933116585577,0.014457916000883742,1.6011933116585577,0.014457916000883742,-0.8,4.100021839141846,-0.4115646481513977,57.73958206176758,10.138127528733232,6.025462079783335e-05,OFFBOARD,1
32.86,GLIDE_APPROACH,55.73391111497602,55.88620071930147,0,41.024,0.0,1,0.9151394367218018,1.682704189712947,0.011826512516449634,1.682704189712947,0.011826512516449634,1.682704189712947,0.011826512516449634,-0.8,4.125518321990967,-0.409094899892807,57.71327590942383,10.15717103599091,7.369446964709648e-05,OFFBOARD,1
32.9,GLIDE_APPROACH,55.70139979945026,55.906225511317956,0,41.064,0.0,1,0.9151394367218018,1.7664489436532094,0.009024315420315846,1.7664489436532094,0.009024315420315846,1.7664489436532094,0.009024315420315846,-0.8,4.155564308166504,-0.4084940552711487,57.68291091918945,10.186622977813764,9.959613105257503e-05,OFFBOARD,1
32.928,GLIDE_APPROACH,55.671555377067016,55.901900420229445,0,41.092,0.0,1,0.9151394367218018,1.869808590518321,0.008222975318274189,1.869808590518321,0.008222975318274189,1.869808590518321,0.008222975318274189,-0.8,4.174386501312256,-0.40808650851249695,57.6646842956543,10.211952609331234,0.00012363678505115353,OFFBOARD,1
32.964,GLIDE_APPROACH,55.64249917362996,55.898179013387576,0,41.128,0.0,1,0.9126681089401245,1.958399526664606,0.007891269418419007,1.958399526664606,0.007891269418419007,1.958399526664606,0.007891269418419007,-0.8,4.207146167755127,-0.4073733687400818,57.634490966796875,10.242220487671352,0.0001581493669999875,OFFBOARD,1
32.992,GLIDE_APPROACH,55.613555793333624,55.89478951233099,0,41.156,0.0,1,0.9126681089401245,2.02149937633241,0.006069414085576208,2.02149937633241,0.006069414085576208,2.02149937633241,0.006069414085576208,-0.8,4.234661102294922,-0.4068000614643097,57.6102294921875,10.26335306592463,0.00018136248625133386,OFFBOARD,1
33.028,GLIDE_APPROACH,55.581089443923865,55.891247072893584,0,41.192,0.0,1,0.9126681089401245,2.110221581931362,0.004306381381547174,2.110221581931362,0.004306381381547174,2.110221581931362,0.004306381381547174,-0.8,4.263413906097412,-0.40623170137405396,57.58610916137695,10.300297863902685,0.00022448032111002281,OFFBOARD,1
33.06,GLIDE_APPROACH,55.55228904263848,55.85053166885286,0,41.224,0.0,1,0.9126681089401245,2.1583429362352606,0.00035066415108010035,2.1583429362352606,0.00035066415108010035,2.1583429362352606,0.00035066415108010035,-0.8,4.3010640144348145,-0.40590906143188477,57.55631637573242,10.331394148588197,0.00026306699150613236,OFFBOARD,1
33.092,GLIDE_APPROACH,55.520621634762385,55.8848122606889,0,41.256,0.0,1,0.9126681089401245,2.2472626887009226,0.0012819232193086588,2.2472626887009226,0.0012819232193086588,2.2472626887009226,0.0012819232193086588,-0.8,4.324369430541992,-0.406566321849823,57.53970718383789,10.363786067555077,0.0003053537534679618,OFFBOARD,1
33.128,GLIDE_APPROACH,55.49119826280439,55.88147628140615,0,41.292,0.0,1,0.9126681089401245,2.308101268538472,-0.0029379086517568355,2.308101268538472,-0.0029379086517568355,2.308101268538472,-0.0029379086517568355,-0.8,4.36506986618042,-0.4075171947479248,57.51173782348633,10.401628161368583,0.0003512954708891559,OFFBOARD,1
33.16,GLIDE_APPROACH,55.459558479504544,55.87760179449604,0,41.324,0.0,1,0.9126681089401245,2.375104918058473,-0.004523698680834094,2.375104918058473,-0.004523698680834094,2.375104918058473,-0.004523698680834094,-0.8,4.399384498596191,-0.40815287828445435,57.48912811279297,10.436449228934437,0.00040097791677026805,OFFBOARD,1
33.192,GLIDE_APPROACH,55.433714525818715,55.87389908342975,0,41.356,0.0,1,0.9126681089401245,2.4495764152653563,-0.0023986476458007257,2.4495764152653563,-0.0023986476458007257,2.4495764152653563,-0.0023986476458007257,-0.8,4.435306072235107,-0.4086850583553314,57.466331481933594,10.472303914571892,0.0004544368382700907,OFFBOARD,1
33.228,GLIDE_APPROACH,55.40137042398083,55.8687484465241,0,41.392,0.0,1,0.9126681089401245,2.5,-0.0036901103169771805,2.5,-0.0036901103169771805,2.5,-0.0036901103169771805,-0.8,4.472873210906982,-0.4091309607028961,57.44315719604492,10.513872327951326,0.0005267144354871525,OFFBOARD,1
33.26,GLIDE_APPROACH,55.372627339541204,55.8634703459919,0,41.424,0.0,1,0.9126681089401245,2.5,-0.008855712681500042,2.5,-0.008855712681500042,2.5,-0.008855712681500042,-0.8,4.512106895446777,-0.4094875752925873,57.41969299316406,10.551823522687991,0.0005887438064015445,OFFBOARD,1
33.296,GLIDE_APPROACH,55.343906968378924,55.857513606615505,0,41.46,0.0,1,0.9126681089401245,2.5,-0.006122116960187923,2.5,-0.006122116960187923,2.5,-0.006122116960187923,-0.8,4.553034782409668,-0.40974298119544983,57.39585876464844,10.590684927548713,0.000654399677761856,OFFBOARD,1
33.328,GLIDE_APPROACH,55.31163018244305,55.84985116698833,0,41.492,0.0,1,0.9126681089401245,2.5,-0.00759924735124046,2.5,-0.00759924735124046,2.5,-0.00759924735124046,-0.8,4.595677852630615,-0.4099102020263672,57.37192916870117,10.630378539071346,0.0007234105798221707,OFFBOARD,1
33.36,GLIDE_APPROACH,55.28297039387812,55.84212339195329,0,41.524,0.0,1,0.9126681089401245,2.5,-0.008916534031803012,2.5,-0.008916534031803012,2.5,-0.008916534031803012,-0.8,4.65139102935791,-0.4100319445133209,57.341575622558594,10.675821053400004,0.0007957552811745321,OFFBOARD,1
33.392,GLIDE_APPROACH,55.25430071603865,55.83339597956621,0,41.556,0.0,1,0.9126681089401245,2.5,-0.010300178232368746,2.5,-0.010300178232368746,2.5,-0.010300178232368746,-0.8,4.697888374328613,-0.41005662083625793,57.31714630126953,10.722169526308045,0.0008907198905794503,OFFBOARD,1
33.44,GLIDE_APPROACH,55.219033281723256,55.77122787484478,0,41.604,0.0,1,0.9126681089401245,2.5,-0.017358845895274155,2.5,-0.017358845895274155,2.5,-0.017358845895274155,-0.8,4.796039581298828,-0.40968382358551025,57.26726150512695,10.774568148700395,0.0009907657226398301,OFFBOARD,1
33.46,GLIDE_APPROACH,55.193285485478896,55.811516878036514,0,41.624,0.0,1,0.907372236251831,2.5,-0.0076810055316616985,2.5,-0.0076810055316616985,2.5,-0.0076810055316616985,-0.8,4.796039581298828,-0.40968382358551025,57.26726150512695,10.801099531806548,0.0010320449580450432,OFFBOARD,1
33.5,GLIDE_APPROACH,55.1610096140217,55.746537704950576,0,41.664,0.0,1,0.907372236251831,2.5,-0.015255261708407623,2.5,-0.015255261708407623,2.5,-0.015255261708407623,-0.8,4.897533416748047,-0.41003742814064026,57.22175979614258,10.860446300256847,0.0011598984653728795,OFFBOARD,1
33.532,GLIDE_APPROACH,55.125800139499525,55.78212445044036,0,41.696,0.0,1,0.907372236251831,2.5,-0.018061813839319832,2.5,-0.018061813839319832,2.5,-0.018061813839319832,-0.8,4.897533416748047,-0.41003742814064026,57.22175979614258,10.904168426110767,0.0012479424135969338,OFFBOARD,1
33.56,GLIDE_APPROACH,55.10082793994558,55.77002612412822,0,41.724,0.0,1,0.907372236251831,2.5,-0.014497331160490772,2.5,-0.014497331160490772,2.5,-0.014497331160490772,-0.8,4.964275360107422,-0.4099341928958893,57.192413330078125,10.937227062513667,0.001315461054024051,OFFBOARD,1
33.592,GLIDE_APPROACH,55.072387823312035,55.75525773322793,0,41.756,0.0,1,0.907372236251831,2.5,-0.022723083872378588,2.5,-0.022723083872378588,2.5,-0.022723083872378588,-0.8,5.01932954788208,-0.40968838334083557,57.16836929321289,10.987147535546347,0.0013154625887490789,OFFBOARD,1
33.628,GLIDE_APPROACH,55.043595463381344,55.73959319460499,0,41.792,0.0,1,0.907372236251831,2.5,-0.025482064130684278,2.5,-0.025482064130684278,2.5,-0.025482064130684278,-0.8,5.07574987411499,-0.40932342410087585,57.14419174194336,11.037575146117293,0.0013154625886270838,OFFBOARD,1
33.66,GLIDE_APPROACH,55.01545732329994,55.72330498181103,0,41.824,0.0,1,0.907372236251831,2.5,-0.028281975661901923,2.5,-0.028281975661901923,2.5,-0.028281975661901923,-0.8,5.133442401885986,-0.40884914994239807,57.119659423828125,11.077113061439151,0.0013154625885947843,OFFBOARD,1
33.692,GLIDE_APPROACH,54.98442511304386,55.704302301781304,0,41.856,0.0,1,0.907372236251831,2.5,-0.031473027934185514,2.5,-0.031473027934185514,2.5,-0.031473027934185514,-0.8,5.1923136711120605,-0.40827473998069763,57.095035552978516,11.122611971971146,0.001315462588589582,OFFBOARD,1
33.728,GLIDE_APPROACH,54.953191410150595,55.68440241641387,0,41.892,0.0,1,0.907372236251831,2.5,-0.03477582624795659,2.5,-0.03477582624795659,2.5,-0.03477582624795659,-0.8,5.252286911010742,-0.407630980014801,57.07001876831055,11.179924460659278,0.0013154625885904503,OFFBOARD,1
33.76,GLIDE_APPROACH,54.92565940661355,55.66609618517338,0,41.924,0.0,1,0.907372236251831,2.5,-0.03775658103959184,2.5,-0.03775658103959184,2.5,-0.03775658103959184,-0.8,5.328676223754883,-0.4067486524581909,57.03839111328125,11.22608734895064,0.0013154625885716212,OFFBOARD,1
33.792,GLIDE_APPROACH,54.901440365907334,55.64950915114101,0,41.956,0.0,1,0.907372236251831,2.5,-0.04043140258577267,2.5,-0.04043140258577267,2.5,-0.04043140258577267,-0.8,5.3908538818359375,-0.40597546100616455,57.01298141479492,11.26668012452445,0.0013154625885265854,OFFBOARD,1
33.828,GLIDE_APPROACH,54.87103600157083,55.62773417244494,0,41.992,0.0,1,0.907372236251831,2.5,-0.0438408417362058,2.5,-0.0438408417362058,2.5,-0.0438408417362058,-0.8,5.453920364379883,-0.40516549348831177,56.9872932434082,11.313289023930945,0.0013154625884293344,OFFBOARD,1
33.86,GLIDE_APPROACH,54.844294955994286,55.607839332787115,0,42.024,0.0,1,0.907372236251831,2.5,-0.04688281314512706,2.5,-0.04688281314512706,2.5,-0.04688281314512706,-0.8,5.517818450927734,-0.4043344557285309,56.96150207519531,11.371842102443415,0.0013154625882185465,OFFBOARD,1
33.892,GLIDE_APPROACH,54.81770526625264,55.58752916155663,0,42.056,0.0,1,0.907372236251831,2.5,-0.04979462214862601,2.5,-0.04979462214862601,2.5,-0.04979462214862601,-0.8,5.58200740814209,-0.40228918194770813,56.93708801269531,11.418894854831484,0.0013154625879608318,OFFBOARD,1
33.928,GLIDE_APPROACH,54.78473077046024,55.561768643507264,0,42.092,0.0,1,0.907372236251831,2.5,-0.05305472290553706,2.5,-0.05305472290553706,2.5,-0.05305472290553706,-0.8,5.663139343261719,-0.400094211101532,56.906150817871094,11.472026217787578,0.0013154625875548317,OFFBOARD,1
33.964,GLIDE_APPROACH,54.76146818485573,55.47765941127675,0,42.128,0.0,1,0.907372236251831,2.5,-0.055170906616935196,2.5,-0.055170906616935196,2.5,-0.055170906616935196,-0.8,5.728700637817383,-0.39865708351135254,56.880760192871094,11.52533182592468,0.0013154625870011693,OFFBOARD,1
33.992,GLIDE_APPROACH,54.73520666314494,55.52184091433687,0,42.156,0.0,1,0.9126025438308716,2.5,-0.058550133027337185,2.5,-0.058550133027337185,2.5,-0.058550133027337185,-0.8,5.794811248779297,-0.39748847484588623,56.85501480102539,11.566898062219703,0.0013154625864497916,OFFBOARD,1
34.032,GLIDE_APPROACH,54.7026868411717,55.494772115760455,0,42.196,0.0,1,0.9126025438308716,2.5,-0.060805691774104,2.5,-0.060805691774104,2.5,-0.060805691774104,-0.8,5.861459732055664,-0.39657607674598694,56.828765869140625,11.626426540971138,0.0012808841249497473,OFFBOARD,1
34.06,GLIDE_APPROACH,54.680050267700565,55.47541755066594,0,42.224,0.0,1,0.9126025438308716,2.5,-0.0709087590575134,2.5,-0.0709087590575134,2.5,-0.0709087590575134,-0.8,5.928599834442139,-0.39593932032585144,56.80209732055664,11.668285128013995,0.0011774014040932148,OFFBOARD,1
34.092,GLIDE_APPROACH,54.654465658789135,55.45295247047433,0,42.256,0.0,1,0.9126025438308716,2.5,-0.07229645424689411,2.5,-0.07229645424689411,2.5,-0.07229645424689411,-0.8,5.996223449707031,-0.39556971192359924,56.775142669677734,11.710056352517952,0.0011086589777898608,OFFBOARD,1
34.128,GLIDE_APPROACH,54.62600670247513,55.427457719278365,0,42.292,0.0,1,0.9126025438308716,2.5,-0.06504897832763835,2.5,-0.06504897832763835,2.5,-0.06504897832763835,-0.8,6.06429386138916,-0.39544397592544556,56.74793243408203,11.770021104269464,0.0010060129986661907,OFFBOARD,1
34.16,GLIDE_APPROACH,54.60101976319864,55.40451197010099,0,42.324,0.0,1,0.9126025438308716,2.5,-0.07445646706094636,2.5,-0.07445646706094636,2.5,-0.07445646706094636,-0.8,6.149985313415527,-0.39562031626701355,56.7139892578125,11.818098382178109,0.0009041542010566372,OFFBOARD,1
34.192,GLIDE_APPROACH,54.57312749664635,55.37844654370392,0,42.356,0.0,1,0.9126025438308716,2.5,-0.06678089626655742,2.5,-0.06678089626655742,2.5,-0.06678089626655742,-0.8,6.2190070152282715,-0.39602139592170715,56.68669128417969,11.872133063169777,0.0008368405689116279,OFFBOARD,1
34.228,GLIDE_APPROACH,54.548950694406706,55.35461859379209,0,42.392,0.0,1,0.9126025438308716,2.5,-0.06725424163035712,2.5,-0.06725424163035712,2.5,-0.06725424163035712,-0.8,6.288426876068115,-0.3966304063796997,56.65934371948242,11.92013837796309,0.0008368405663624287,OFFBOARD,1
34.26,GLIDE_APPROACH,54.52814789895528,55.333480091716964,0,42.424,0.0,1,0.9126025438308716,2.5,-0.06747891738893444,2.5,-0.06747891738893444,2.5,-0.06747891738893444,-0.8,6.35821008682251,-0.3974476158618927,56.63204574584961,11.962176773395159,0.0008368405637835935,OFFBOARD,1
34.292,GLIDE_APPROACH,54.501243078150395,55.30625073370887,0,42.456,0.0,1,0.9126025438308716,2.5,-0.0674738954849462,2.5,-0.0674738954849462,2.5,-0.0674738954849462,-0.8,6.4287285804748535,-0.39732450246810913,56.6070556640625,12.016268141978973,0.000836840559934836,OFFBOARD,1
34.328,GLIDE_APPROACH,54.47494403729135,55.278565352742945,0,42.492,0.0,1,0.9126025438308716,2.5,-0.06729106406619233,2.5,-0.06729106406619233,2.5,-0.06729106406619233,-0.8,6.4995436668396,-0.3974771201610565,56.58191680908203,12.064384861017842,0.0008368405559545845,OFFBOARD,1
34.36,GLIDE_APPROACH,54.45186718270325,55.253682668796465,0,42.524,0.0,1,0.9126025438308716,2.5,-0.066962318906722,2.5,-0.066962318906722,2.5,-0.066962318906722,-0.8,6.588470458984375,-0.398032009601593,56.550079345703125,12.118547512775537,0.0008368405507761835,OFFBOARD,1
34.392,GLIDE_APPROACH,54.429239089344115,55.228499702885756,0,42.556,0.0,1,0.9126025438308716,2.5,-0.06664768049398949,2.5,-0.06664768049398949,2.5,-0.06664768049398949,-0.8,6.659944534301758,-0.39868682622909546,56.52442932128906,12.160692484113103,0.0008368405461848277,OFFBOARD,1
34.428,GLIDE_APPROACH,54.40446143414313,55.1997730796899,0,42.592,0.0,1,0.9126025438308716,2.5,-0.0664704974504449,2.5,-0.0664704974504449,2.5,-0.0664704974504449,-0.8,6.731792449951172,-0.39933472871780396,56.49885940551758,12.220923060449287,0.0008368405387627029,OFFBOARD,1
34.46,GLIDE_APPROACH,54.37989982220149,55.17076052039086,0,42.624,0.0,1,0.9126025438308716,2.5,-0.06646156174034781,2.5,-0.06646156174034781,2.5,-0.06646156174034781,-0.8,6.822108745574951,-0.40006697177886963,56.466983795166016,12.26912287269201,0.0008368405309626028,OFFBOARD,1
34.496,GLIDE_APPROACH,54.36195678120769,55.14772646031963,0,42.66,0.0,1,0.9126025438308716,2.5,-0.066673788001233,2.5,-0.066673788001233,2.5,-0.066673788001233,-0.8,6.87655782699585,-0.4004598557949066,56.44806671142578,12.323359382779454,0.0008368405136021717,OFFBOARD,1
34.528,GLIDE_APPROACH,54.335692584234415,55.114726046678605,0,42.692,0.0,1,0.8957245945930481,2.5,-0.06712202318152684,2.5,-0.06712202318152684,2.5,-0.06712202318152684,-0.8,6.949436664581299,-0.40091967582702637,56.42266082763672,12.371576811890197,0.000836840498877081,OFFBOARD,1
34.568,GLIDE_APPROACH,54.31539725992721,55.087936113582415,0,42.732,0.0,1,0.8957245945930481,2.5,-0.06770262632497623,2.5,-0.06770262632497623,2.5,-0.06770262632497623,-0.8,7.040957450866699,-0.40138354897499084,56.390926361083984,12.425825940097965,0.0008368404831060576,OFFBOARD,1
34.592,GLIDE_APPROACH,54.298397830117565,55.06417851168415,0,42.756,0.0,1,0.8957245945930481,2.5,-0.06837668202853478,2.5,-0.06837668202853478,2.5,-0.06837668202853478,-0.8,7.114480018615723,-0.40168604254722595,56.365394592285156,12.461993144983811,0.0008368404720622395,OFFBOARD,1
34.628,GLIDE_APPROACH,54.27309497327713,55.03021674959688,0,42.792,0.0,1,0.8957245945930481,2.5,-0.0694377614060305,2.5,-0.0694377614060305,2.5,-0.0694377614060305,-0.8,7.1882524490356445,-0.40193238854408264,56.33978271484375,12.52227171807421,0.000836840453655876,OFFBOARD,1
34.66,GLIDE_APPROACH,54.256537888738,55.006050387774614,0,42.824,0.0,1,0.8957245945930481,2.5,-0.07035853022280156,2.5,-0.07035853022280156,2.5,-0.07035853022280156,-0.8,7.262243747711182,-0.4021178185939789,56.31400680541992,12.570492384331628,0.0008368404389307854,OFFBOARD,1
34.692,GLIDE_APPROACH,54.2371312027584,54.97837802190205,0,42.856,0.0,1,0.8957245945930481,2.5,-0.07146972066579674,2.5,-0.07146972066579674,2.5,-0.07146972066579674,-0.8,7.337275505065918,-0.401056706905365,56.290531158447266,12.618709502300842,0.0008368404242056948,OFFBOARD,1
34.728,GLIDE_APPROACH,54.21246719939351,54.94364174629356,0,42.892,0.0,1,0.8957245945930481,2.5,-0.07295194615031915,2.5,-0.07295194615031915,2.5,-0.07295194615031915,-0.8,7.412698745727539,-0.39966467022895813,56.267452239990234,12.666922236179966,0.0008368404094806041,OFFBOARD,1
34.76,GLIDE_APPROACH,54.193362277276684,54.91556618806172,0,42.924,0.0,1,0.8957245945930481,2.5,-0.07425592100480057,2.5,-0.07425592100480057,2.5,-0.07425592100480057,-0.8,7.507146835327148,-0.39802029728889465,56.238121032714844,12.721154975494528,0.0008368403921201732,OFFBOARD,1
34.792,GLIDE_APPROACH,54.17737239068794,54.89075300029105,0,42.956,0.0,1,0.8957245945930481,2.5,-0.0754886832502607,2.5,-0.0754886832502607,2.5,-0.0754886832502607,-0.8,7.582827091217041,-0.3967916667461395,56.21426773071289,12.7693551860664,0.0008368403773950825,OFFBOARD,1
34.832,GLIDE_APPROACH,54.15604903640004,54.858827927874046,0,42.996,0.0,1,0.8957245945930481,2.5,-0.07709248542143202,2.5,-0.07709248542143202,2.5,-0.07709248542143202,-0.8,7.658592700958252,-0.3956306278705597,56.18998718261719,12.829595840557387,0.0008368403589887191,OFFBOARD,1
34.86,GLIDE_APPROACH,54.13713613830075,54.83029892288872,0,43.024,0.0,1,0.8957245945930481,2.5,-0.07856820930100618,2.5,-0.07856820930100618,2.5,-0.07856820930100618,-0.8,7.73444938659668,-0.3945140540599823,56.16541290283203,12.871757395412198,0.0008368403468989685,OFFBOARD,1
34.892,GLIDE_APPROACH,54.11515748618289,54.79820079628594,0,43.056,0.0,1,0.8957245945930481,2.5,-0.07998584137280866,2.5,-0.07998584137280866,2.5,-0.07998584137280866,-0.8,7.810389041900635,-0.3934786319732666,56.14051818847656,12.919934732450725,0.0008368403321738776,OFFBOARD,1
34.928,GLIDE_APPROACH,54.093776620079844,54.76592270311312,0,43.092,0.0,1,0.8957245945930481,2.5,-0.08090796735273353,2.5,-0.08090796735273353,2.5,-0.08090796735273353,-0.8,7.886343955993652,-0.39278969168663025,56.115272521972656,12.97412476616432,0.0008368403148134466,OFFBOARD,1
34.96,GLIDE_APPROACH,54.07777896571157,54.7406635094259,0,43.124,0.0,1,0.8957245945930481,2.5,-0.08128443850500444,2.5,-0.08128443850500444,2.5,-0.08128443850500444,-0.8,7.981284141540527,-0.3925221860408783,56.08345413208008,13.022285110261883,0.0008368403000883558,OFFBOARD,1
34.992,GLIDE_APPROACH,54.058635943794904,54.71188882683635,0,43.156,0.0,1,0.8957245945930481,2.5,-0.08126895420998545,2.5,-0.08126895420998545,2.5,-0.08126895420998545,-0.8,8.05722427368164,-0.39277568459510803,56.05769729614258,13.07043744624005,0.000836840285363265,OFFBOARD,1
35.028,GLIDE_APPROACH,54.03700636633073,54.67947293002071,0,43.192,0.0,1,0.8957245945930481,2.5,-0.08074217954335569,2.5,-0.08074217954335569,2.5,-0.08074217954335569,-0.8,8.133152961730957,-0.39344322681427,56.03187942504883,13.124599236458929,0.0008368402695922418,OFFBOARD,1
35.06,GLIDE_APPROACH,54.01770022968038,54.6506203819953,0,43.224,0.0,1,0.9049612283706665,2.5,-0.07952682800602809,2.5,-0.07952682800602809,2.5,-0.07952682800602809,-0.8,8.209076881408691,-0.3945389986038208,56.00569152832031,13.172734526664636,0.0008368402548671511,OFFBOARD,1
35.092,GLIDE_APPROACH,53.998316286266636,54.546031447872295,0,43.256,0.0,1,0.9049612283706665,2.5,-0.07824009478565347,2.5,-0.07824009478565347,2.5,-0.07824009478565347,-0.8,8.28477668762207,-0.39446181058883667,55.98214340209961,13.214846453152857,0.0008368402411879927,OFFBOARD,1
35.132,GLIDE_APPROACH,53.976405271030856,54.58918543019198,0,43.296,0.0,1,0.9049612283706665,2.5,-0.07637025897615597,2.5,-0.07637025897615597,2.5,-0.07637025897615597,-0.8,8.360486030578613,-0.3948459029197693,55.95814514160156,13.274996075617418,0.0008368402227816293,OFFBOARD,1
35.16,GLIDE_APPROACH,53.956815019358466,54.560214021655256,0,43.324,0.0,1,0.9049612283706665,2.5,-0.07436921338636923,2.5,-0.07436921338636923,2.5,-0.07436921338636923,-0.8,8.45516586303711,-0.39592236280441284,55.92777633666992,13.3170938423995,0.0008368402106918789,OFFBOARD,1
35.192,GLIDE_APPROACH,53.93709192421416,54.53120182747343,0,43.356,0.0,1,0.9049612283706665,2.5,-0.0720831501838606,2.5,-0.0720831501838606,2.5,-0.0720831501838606,-0.8,8.530937194824219,-0.3972082734107971,55.903419494628906,13.371211459973894,0.0008368401933314479,OFFBOARD,1
35.228,GLIDE_APPROACH,53.914720032933545,54.498513308797996,0,43.392,0.0,1,0.9049612283706665,2.5,-0.06920710992253742,2.5,-0.06920710992253742,2.5,-0.06920710992253742,-0.8,8.606756210327148,-0.39884117245674133,55.8785514831543,13.42532021462046,0.0008368401775604247,OFFBOARD,1
35.26,GLIDE_APPROACH,53.89465555091478,54.46941257160246,0,43.424,0.0,1,0.9049612283706665,2.5,-0.06640849373791166,2.5,-0.06640849373791166,2.5,-0.06640849373791166,-0.8,8.682605743408203,-0.4007914364337921,55.85361099243164,13.46739895424344,0.0008368401638812667,OFFBOARD,1
35.292,GLIDE_APPROACH,53.87754502984605,54.44380215864688,0,43.456,0.0,1,0.9049612283706665,2.5,-0.06382401876733579,2.5,-0.06382401876733579,2.5,-0.06382401876733579,-0.8,8.758495330810547,-0.40303462743759155,55.828285217285156,13.521493013116158,0.0008368401481102435,OFFBOARD,1
35.328,GLIDE_APPROACH,53.85141071378584,54.407438098636476,0,43.492,0.0,1,0.9049612283706665,2.5,-0.05980586109905504,2.5,-0.05980586109905504,2.5,-0.05980586109905504,-0.8,8.834424018859863,-0.40553513169288635,55.802738189697266,13.569570110649776,0.0008368401333851528,OFFBOARD,1
35.36,GLIDE_APPROACH,53.83075473686919,54.37821244360007,0,43.524,0.0,1,0.9049612283706665,2.5,-0.056429657494536,2.5,-0.056429657494536,2.5,-0.056429657494536,-0.8,8.929380416870117,-0.4089900851249695,55.77064514160156,13.617641433497354,0.000836840118660062,OFFBOARD,1
35.392,GLIDE_APPROACH,53.809848707369085,54.3488839304961,0,43.556,0.0,1,0.9049612283706665,2.5,-0.05308941311459392,2.5,-0.05308941311459392,2.5,-0.05308941311459392,-0.8,9.005393981933594,-0.41193777322769165,55.744606018066406,13.67171517229685,0.000836840101299631,OFFBOARD,1
35.428,GLIDE_APPROACH,53.785964092741075,54.31566729975713,0,43.592,0.0,1,0.9049612283706665,2.5,-0.04967681107072079,2.5,-0.04967681107072079,2.5,-0.04967681107072079,-0.8,9.081589698791504,-0.4147678315639496,55.71856689453125,13.71977515225575,0.0008368400865745401,OFFBOARD,1
35.46,GLIDE_APPROACH,53.761260188989546,54.282328245395036,0,43.624,0.0,1,0.9049612283706665,2.5,-0.04661368409897981,2.5,-0.04661368409897981,2.5,-0.04661368409897981,-0.8,9.157989501953125,-0.4174116551876068,55.69218444824219,13.773836859542428,0.000836840070803517,OFFBOARD,1
35.492,GLIDE_APPROACH,53.742634989144214,54.25603527718748,0,43.656,0.0,1,0.9049612283706665,2.5,-0.044557849011881506,2.5,-0.044557849011881506,2.5,-0.044557849011881506,-0.8,9.235774040222168,-0.4186066687107086,55.66843795776367,13.821886900824698,0.0008368400560784262,OFFBOARD,1
35.528,GLIDE_APPROACH,53.72097749495628,54.22583436724035,0,43.692,0.0,1,0.9049612283706665,2.5,-0.042489940840989296,2.5,-0.042489940840989296,2.5,-0.042489940840989296,-0.8,9.313653945922852,-0.41971519589424133,55.6442985534668,13.869932632261412,0.0008368400413533354,OFFBOARD,1
35.568,GLIDE_APPROACH,53.69224282049302,54.1882120922449,0,43.732,0.0,1,0.9049612283706665,2.5,-0.040217006458309806,2.5,-0.040217006458309806,2.5,-0.040217006458309806,-0.8,9.41114330291748,-0.42095667123794556,55.61343765258789,13.929984199787322,0.0008368400229469716,OFFBOARD,1
35.592,GLIDE_APPROACH,53.67275884985205,54.161460594237084,0,43.756,0.0,1,0.922003984451294,2.5,-0.035834602090982076,2.5,-0.035834602090982076,2.5,-0.035834602090982076,-0.8,9.489248275756836,-0.4218422770500183,55.58818054199219,13.972016856907837,0.0008368400092678133,OFFBOARD,1
35.628,GLIDE_APPROACH,53.64370050893117,54.12333054410834,0,43.792,0.0,1,0.922003984451294,2.5,-0.034299629646909024,2.5,-0.034299629646909024,2.5,-0.034299629646909024,-0.8,9.56745719909668,-0.42262667417526245,55.56254959106445,14.026054931340601,0.0008368399934967903,OFFBOARD,1
35.66,GLIDE_APPROACH,53.623570085380045,54.096330728385446,0,43.824,0.0,1,0.922003984451294,2.5,-0.03349386999044737,2.5,-0.03349386999044737,2.5,-0.03349386999044737,-0.8,9.645764350891113,-0.42331215739250183,55.53668975830078,14.074085380073031,0.0008368399787716998,OFFBOARD,1
35.692,GLIDE_APPROACH,53.59993448250234,54.06549768968663,0,43.856,0.0,1,0.922003984451294,2.5,-0.0327336893828239,2.5,-0.0327336893828239,2.5,-0.0327336893828239,-0.8,9.724153518676758,-0.42392075061798096,55.51066589355469,14.122112888810815,0.0008368399640466088,OFFBOARD,1
35.728,GLIDE_APPROACH,53.56977473336488,54.026931221089114,0,43.892,0.0,1,0.922003984451294,2.5,-0.03201774935603334,2.5,-0.03201774935603334,2.5,-0.03201774935603334,-0.8,9.802605628967285,-0.42446014285087585,55.484493255615234,14.176140566814011,0.0008368399466861777,OFFBOARD,1
35.76,GLIDE_APPROACH,53.548691983579666,53.99966483661867,0,43.924,0.0,1,0.922003984451294,2.5,-0.03172674119875887,2.5,-0.03172674119875887,2.5,-0.03172674119875887,-0.8,9.900753021240234,-0.42505478858947754,55.45145034790039,14.224162535277308,0.000836839931961087,OFFBOARD,1
35.792,GLIDE_APPROACH,53.520911743202035,53.964780661027,0,43.956,0.0,1,0.922003984451294,2.5,-0.031456987034627466,2.5,-0.031456987034627466,2.5,-0.031456987034627466,-0.8,9.979327201843262,-0.4254568815231323,55.424774169921875,14.27218222530269,0.0008368399172359962,OFFBOARD,1
35.828,GLIDE_APPROACH,53.49611725326285,53.93349068675328,0,43.992,0.0,1,0.922003984451294,2.5,-0.03142622166424227,2.5,-0.03142622166424227,2.5,-0.03142622166424227,-0.8,10.057955741882324,-0.425802618265152,55.39809036254883,14.320199783346693,0.0008368399025109053,OFFBOARD,1
35.86,GLIDE_APPROACH,53.47093598695687,53.902253225389885,0,44.024,0.0,1,0.922003984451294,2.5,-0.0314979253997055,2.5,-0.0314979253997055,2.5,-0.0314979253997055,-0.8,10.136624336242676,-0.42608559131622314,55.371337890625,14.368215434817529,0.0008368398877858145,OFFBOARD,1
35.892,GLIDE_APPROACH,53.44234771508819,53.86720272622027,0,44.056,0.0,1,0.922003984451294,2.5,-0.031546805027150834,2.5,-0.031546805027150834,2.5,-0.031546805027150834,-0.8,10.2166166305542,-0.4253055155277252,55.34590148925781,14.416229349842656,0.0008368398730607237,OFFBOARD,1
35.932,GLIDE_APPROACH,53.41670758683353,53.835850165124995,0,44.096,0.0,1,0.922003984451294,2.5,-0.031543434923756886,2.5,-0.031543434923756886,2.5,-0.031543434923756886,-0.8,10.296470642089844,-0.424696683883667,55.3204460144043,14.476244463679764,0.0008368398546543604,OFFBOARD,1
35.96,GLIDE_APPROACH,53.39086252303967,53.80462681776416,0,44.124,0.0,1,0.922003984451294,2.5,-0.03140895794332435,2.5,-0.03140895794332435,2.5,-0.03140895794332435,-0.8,10.396092414855957,-0.4242117702960968,55.28846740722656,14.51825365112766,0.0008368398425646099,OFFBOARD,1
35.992,GLIDE_APPROACH,53.36477268432817,53.773424070058596,0,44.156,0.0,1,0.922003984451294,2.5,-0.031171784427491397,2.5,-0.031171784427491397,2.5,-0.031171784427491397,-0.8,10.475647926330566,-0.4240218997001648,55.262977600097656,14.572263962898074,0.0008368398252041789,OFFBOARD,1
36.028,GLIDE_APPROACH,53.335098692953885,53.738347307962556,0,44.192,0.0,1,0.922003984451294,2.5,-0.03078582857113281,2.5,-0.03078582857113281,2.5,-0.03078582857113281,-0.8,10.555100440979004,-0.4239989221096039,55.23726272583008,14.620271802488327,0.0008368398104790881,OFFBOARD,1
36.072,GLIDE_APPROACH,53.3084222901704,53.62793475686943,0,44.236,0.0,1,0.922003984451294,2.5,-0.030343717675420795,2.5,-0.030343717675420795,2.5,-0.030343717675420795,-0.8,10.713698387145996,-0.42439597845077515,55.18567657470703,14.692281522990346,0.000836839788391452,OFFBOARD,1
36.092,GLIDE_APPROACH,53.27831763474349,53.67227432284767,0,44.256,0.0,1,0.9155166149139404,2.5,-0.03128014430710577,2.5,-0.03128014430710577,2.5,-0.03128014430710577,-0.8,10.713698387145996,-0.42439597845077515,55.18567657470703,14.7222849164,0.0008368397799829743,OFFBOARD,1
36.128,GLIDE_APPROACH,53.24765325375319,53.63726854294373,0,44.292,0.0,1,0.9155166149139404,2.5,-0.030589967933961185,2.5,-0.030589967933961185,2.5,-0.030589967933961185,-0.8,10.792863845825195,-0.42477792501449585,55.1595573425293,14.770289638990318,0.0008368397652578837,OFFBOARD,1
36.16,GLIDE_APPROACH,53.22325037242016,53.60994421957533,0,44.324,0.0,1,0.9155166149139404,2.5,-0.03002516008988669,2.5,-0.03002516008988669,2.5,-0.03002516008988669,-0.8,10.89172077178955,-0.4254029095172882,55.12685012817383,14.824294032100106,0.0008368397478974528,OFFBOARD,1
36.192,GLIDE_APPROACH,53.19544571685452,53.49982518157946,0,44.356,0.0,1,0.9155166149139404,2.5,-0.02929420721667573,2.5,-0.02929420721667573,2.5,-0.02929420721667573,-0.8,10.97075080871582,-0.42600640654563904,55.10040283203125,14.87229720268486,0.000836839733172362,OFFBOARD,1
36.228,GLIDE_APPROACH,53.16074132086492,53.54011957141537,0,44.392,0.0,1,0.9155166149139404,2.5,-0.02828173001580498,2.5,-0.02828173001580498,2.5,-0.02828173001580498,-0.8,11.049721717834473,-0.4266977906227112,55.07392120361328,14.926300015050339,0.0008368397174013391,OFFBOARD,1
36.26,GLIDE_APPROACH,53.13557793628493,53.51282459733261,0,44.424,0.0,1,0.9155166149139404,2.5,-0.02757796222781252,2.5,-0.02757796222781252,2.5,-0.02757796222781252,-0.8,11.128654479980469,-0.4274681806564331,55.047428131103516,14.974301928455661,0.0008368397026762484,OFFBOARD,1
36.296,GLIDE_APPROACH,53.10706707314662,53.48176354366879,0,44.46,0.0,1,0.9155166149139404,2.5,-0.026703471732140806,2.5,-0.026703471732140806,2.5,-0.026703471732140806,-0.8,11.2075777053833,-0.42831316590309143,55.02366638183594,15.022303372887134,0.0008368396879511575,OFFBOARD,1
36.328,GLIDE_APPROACH,53.077867529877686,53.45059955383141,0,44.492,0.0,1,0.9155166149139404,2.5,-0.025820343059914277,2.5,-0.025820343059914277,2.5,-0.025820343059914277,-0.8,11.306147575378418,-0.4294588267803192,54.993431091308594,15.0763045137051,0.0008368396705907267,OFFBOARD,1
36.36,GLIDE_APPROACH,53.045773391460244,53.4157842547671,0,44.524,0.0,1,0.9155166149139404,2.5,-0.024733400062768758,2.5,-0.024733400062768758,2.5,-0.024733400062768758,-0.8,11.384941101074219,-0.43043339252471924,54.96879577636719,15.124305142285495,0.000836839655865636,OFFBOARD,1
36.392,GLIDE_APPROACH,53.01656251350821,53.384655251583354,0,44.556,0.0,1,0.9155166149139404,2.5,-0.02388219993314757,2.5,-0.02388219993314757,2.5,-0.02388219993314757,-0.8,11.463735580444336,-0.4314236342906952,54.94406509399414,15.172305467231737,0.0008368396411405453,OFFBOARD,1
36.428,GLIDE_APPROACH,52.9833969811747,53.349447721521294,0,44.592,0.0,1,0.9155166149139404,2.5,-0.023147885509882563,2.5,-0.023147885509882563,2.5,-0.023147885509882563,-0.8,11.542655944824219,-0.43229204416275024,54.91884231567383,15.22630549540548,0.000836839625369522,OFFBOARD,1
36.46,GLIDE_APPROACH,52.95366979147068,53.31798511623118,0,44.624,0.0,1,0.9155166149139404,2.5,-0.02269625462220421,2.5,-0.02269625462220421,2.5,-0.02269625462220421,-0.8,11.621711730957031,-0.43303248286247253,54.89337158203125,15.274305269810533,0.0008368396106444313,OFFBOARD,1
36.492,GLIDE_APPROACH,52.920579503122646,53.28251320086142,0,44.656,0.0,1,0.9155166149139404,2.5,-0.0223869620903171,2.5,-0.0223869620903171,2.5,-0.0223869620903171,-0.8,11.700918197631836,-0.43365269899368286,54.86784744262695,15.322304841875827,0.0008368395959193407,OFFBOARD,1
36.528,GLIDE_APPROACH,52.889834033587526,53.250615460786904,0,44.692,0.0,1,0.9155166149139404,2.5,-0.022355237111586084,2.5,-0.022355237111586084,2.5,-0.022355237111586084,-0.8,11.780278205871582,-0.4341443181037903,54.842247009277344,15.37630415314349,0.0008368395785589099,OFFBOARD,1
36.56,GLIDE_APPROACH,52.8595327824406,53.21868533573282,0,44.724,0.0,1,0.9139421582221985,2.5,-0.02246869588376457,2.5,-0.02246869588376457,2.5,-0.02246869588376457,-0.8,11.879683494567871,-0.43455588817596436,54.80997085571289,15.424303386123647,0.0008368395638338191,OFFBOARD,1
36.596,GLIDE_APPROACH,52.82909754699509,53.18662409286982,0,44.76,0.0,1,0.9139421582221985,2.5,-0.022740884907375983,2.5,-0.022740884907375983,2.5,-0.022740884907375983,-0.8,11.959342956542969,-0.43474072217941284,54.783775329589844,15.478302399285004,0.000836839548062796,OFFBOARD,1
36.628,GLIDE_APPROACH,52.79472945302226,53.15041363698242,0,44.792,0.0,1,0.9139421582221985,2.5,-0.023218588360720552,2.5,-0.023218588360720552,2.5,-0.023218588360720552,-0.8,12.039135932922363,-0.43480974435806274,54.75807571411133,15.526301448344825,0.0008368395333377055,OFFBOARD,1
36.66,GLIDE_APPROACH,52.764091147456625,53.03820533955021,0,44.824,0.0,1,0.9139421582221985,2.5,-0.02377867150194443,2.5,-0.02377867150194443,2.5,-0.02377867150194443,-0.8,12.11904525756836,-0.4347735047340393,54.73210144042969,15.574300443413431,0.0008368395186126148,OFFBOARD,1
36.692,GLIDE_APPROACH,52.73338905361004,53.085723121711446,0,44.856,0.0,1,0.9139421582221985,2.5,-0.02445068319811157,2.5,-0.02445068319811157,2.5,-0.02445068319811157,-0.8,12.198690414428711,-0.43418097496032715,54.70708465576172,15.62229940150645,0.0008368395038875241,OFFBOARD,1
36.732,GLIDE_APPROACH,52.69563294707591,53.04522983030265,0,44.896,0.0,1,0.9139421582221985,2.5,-0.025403103361210926,2.5,-0.025403103361210926,2.5,-0.025403103361210926,-0.8,12.278449058532715,-0.4335513114929199,54.68165969848633,15.67629820344124,0.0008368394865270932,OFFBOARD,1
36.76,GLIDE_APPROACH,52.668002925228755,53.016635394871756,0,44.924,0.0,1,0.9139421582221985,2.5,-0.026192133322691897,2.5,-0.026192133322691897,2.5,-0.026192133322691897,-0.8,12.378284454345703,-0.4327140152454376,54.649410247802734,15.724297116770764,0.0008368394718020026,OFFBOARD,1
36.792,GLIDE_APPROACH,52.637198616090565,52.984024399019965,0,44.956,0.0,1,0.9139421582221985,2.5,-0.027135729421714487,2.5,-0.027135729421714487,2.5,-0.027135729421714487,-0.8,12.458245277404785,-0.4320135712623596,54.62355422973633,15.772296028006275,0.0008368394570769117,OFFBOARD,1
36.828,GLIDE_APPROACH,52.602550338255256,52.947273699184315,0,44.992,0.0,1,0.9139421582221985,2.5,-0.02827602100304451,2.5,-0.02827602100304451,2.5,-0.02827602100304451,-0.8,12.538289070129395,-0.43128129839897156,54.59746551513672,15.82029493933613,0.0008368394423518211,OFFBOARD,1
36.86,GLIDE_APPROACH,52.571779858064154,52.914555720898484,0,45.024,0.0,1,0.9139421582221985,2.5,-0.029350450131598444,2.5,-0.029350450131598444,2.5,-0.029350450131598444,-0.8,12.618430137634277,-0.4305052161216736,54.571083068847656,15.874293704611762,0.0008368394265807978,OFFBOARD,1
36.892,GLIDE_APPROACH,52.53789792224992,52.87782566282124,0,45.056,0.0,1,0.9139421582221985,2.5,-0.030423261108192184,2.5,-0.030423261108192184,2.5,-0.030423261108192184,-0.8,12.698637962341309,-0.42969903349876404,54.54453659057617,15.922292620218236,0.000836839411855707,OFFBOARD,1
36.932,GLIDE_APPROACH,52.50340356204409,52.8409852246974,0,45.096,0.0,1,0.9139421582221985,2.5,-0.031189781984363132,2.5,-0.031189781984363132,2.5,-0.031189781984363132,-0.8,12.77886962890625,-0.429067999124527,54.51808547973633,15.97629142191043,0.0008368393944952759,OFFBOARD,1
36.96,GLIDE_APPROACH,52.4759817591298,52.812224844275995,0,45.124,0.0,1,0.9139421582221985,2.5,-0.031574387641111604,2.5,-0.031574387641111604,2.5,-0.031574387641111604,-0.8,12.87918472290039,-0.42860040068626404,54.484920501708984,16.01829049298269,0.0008368393824055255,OFFBOARD,1
36.996,GLIDE_APPROACH,52.442349075289904,52.77549802243715,0,45.16,0.0,1,0.9139421582221985,2.5,-0.03170929754403952,2.5,-0.03170929754403952,2.5,-0.03170929754403952,-0.8,12.959464073181152,-0.4284985661506653,54.45821762084961,16.07228935898584,0.0008368393650450944,OFFBOARD,1
37.028,GLIDE_APPROACH,52.41134434862034,52.74265361539442,0,45.192,0.0,1,0.9139421582221985,2.5,-0.03159076553891999,2.5,-0.03159076553891999,2.5,-0.03159076553891999,-0.8,13.039761543273926,-0.4286241829395294,54.431522369384766,16.126288264278262,0.0008368393492740714,OFFBOARD,1
37.06,GLIDE_APPROACH,52.381125362714826,52.70992220032892,0,45.224,0.0,1,0.910449743270874,2.5,-0.033380979857392024,2.5,-0.033380979857392024,2.5,-0.033380979857392024,-0.8,13.140066146850586,-0.42890796065330505,54.39869689941406,16.17428734428599,0.0008368393345489807,OFFBOARD,1
37.104,GLIDE_APPROACH,52.347321418325485,52.59722152843507,0,45.268,0.0,1,0.910449743270874,2.5,-0.0327441159939156,2.5,-0.0327441159939156,2.5,-0.0327441159939156,-0.8,13.280003547668457,-0.42891669273376465,54.355506896972656,16.246286024149406,0.0008368393124613448,OFFBOARD,1
37.132,GLIDE_APPROACH,52.31374358029962,52.636294325718055,0,45.296,0.0,1,0.910449743270874,2.5,-0.03163979001262603,2.5,-0.03163979001262603,2.5,-0.03163979001262603,-0.8,13.280003547668457,-0.42891669273376465,54.355506896972656,16.282285398670346,0.0008368393014175267,OFFBOARD,1
37.16,GLIDE_APPROACH,52.28778687453355,52.607667931380924,0,45.324,0.0,1,0.910449743270874,2.5,-0.030682896248320136,2.5,-0.030682896248320136,2.5,-0.030682896248320136,-0.8,13.38000774383545,-0.4293772280216217,54.324180603027344,16.324284711558924,0.0008368392877383683,OFFBOARD,1
37.192,GLIDE_APPROACH,52.25829465859591,52.57495619693023,0,45.356,0.0,1,0.910449743270874,2.5,-0.02942340568398053,2.5,-0.02942340568398053,2.5,-0.02942340568398053,-0.8,13.46002197265625,-0.4299691617488861,54.29903030395508,16.372283963433865,0.0008368392730132777,OFFBOARD,1
37.228,GLIDE_APPROACH,52.22534119669354,52.538159806667885,0,45.392,0.0,1,0.910449743270874,2.5,-0.027817002011078295,2.5,-0.027817002011078295,2.5,-0.027817002011078295,-0.8,13.540054321289062,-0.43073490262031555,54.27357864379883,16.426283164095327,0.0008368392572422545,OFFBOARD,1
37.26,GLIDE_APPROACH,52.19625643536155,52.50545469710466,0,45.424,0.0,1,0.910449743270874,2.5,-0.026239019535066143,2.5,-0.026239019535066143,2.5,-0.026239019535066143,-0.8,13.620116233825684,-0.43166038393974304,54.248165130615234,16.468282582261743,0.0008368392435630964,OFFBOARD,1
37.292,GLIDE_APPROACH,52.16737676256193,52.47275083761859,0,45.456,0.0,1,0.910449743270874,2.5,-0.02453463839661697,2.5,-0.02453463839661697,2.5,-0.02453463839661697,-0.8,13.699585914611816,-0.43265172839164734,54.22538757324219,16.516281947390134,0.0008368392288380058,OFFBOARD,1
37.328,GLIDE_APPROACH,52.131985993531394,52.431977936756155,0,45.492,0.0,1,0.910449743270874,2.5,-0.02222411495197689,2.5,-0.02222411495197689,2.5,-0.02222411495197689,-0.8,13.779102325439453,-0.4337799549102783,54.202476501464844,16.576281218225493,0.0008368392104316424,OFFBOARD,1
37.36,GLIDE_APPROACH,52.10669583639219,52.40325652674812,0,45.524,0.0,1,0.910449743270874,2.5,-0.020550557778430754,2.5,-0.020550557778430754,2.5,-0.020550557778430754,-0.8,13.878559112548828,-0.43535730242729187,54.173126220703125,16.61828074100067,0.000836839198341892,OFFBOARD,1
37.392,GLIDE_APPROACH,52.07847396574091,52.370675550369064,0,45.556,0.0,1,0.910449743270874,2.5,-0.01873908122816883,2.5,-0.01873908122816883,2.5,-0.01873908122816883,-0.8,13.95813274383545,-0.4366666376590729,54.14915466308594,16.672280175935228,0.0008368391809814611,OFFBOARD,1
37.432,GLIDE_APPROACH,52.04354114358359,52.3302518351785,0,45.596,0.0,1,0.910449743270874,2.5,-0.016883889588768117,2.5,-0.016883889588768117,2.5,-0.016883889588768117,-0.8,14.037564277648926,-0.43776965141296387,54.12493896484375,16.726279625559552,0.0008368391652104378,OFFBOARD,1
37.46,GLIDE_APPROACH,52.019331751045264,52.302154813547716,0,45.624,0.0,1,0.910449743270874,2.5,-0.015861400152366846,2.5,-0.015861400152366846,2.5,-0.015861400152366846,-0.8,14.116852760314941,-0.43864190578460693,54.100318908691406,16.77427916808296,0.0008368391504853471,OFFBOARD,1
37.492,GLIDE_APPROACH,51.98875127426303,52.26637425462354,0,45.656,0.0,1,0.910449743270874,2.5,-0.014862198760959575,2.5,-0.014862198760959575,2.5,-0.014862198760959575,-0.8,14.196000099182129,-0.4392757713794708,54.0755729675293,16.822278733623616,0.0008368391357602564,OFFBOARD,1
37.528,GLIDE_APPROACH,51.96140339446145,52.234586962827315,0,45.692,0.0,1,0.910449743270874,2.5,-0.01432432850608842,2.5,-0.01432432850608842,2.5,-0.01432432850608842,-0.8,14.27499008178711,-0.43965819478034973,54.050506591796875,16.870278321640303,0.0008368391210351656,OFFBOARD,1
37.56,GLIDE_APPROACH,51.93140568549377,52.199281220840206,0,45.724,0.0,1,0.910449743270874,2.5,-0.014008469476009255,2.5,-0.014008469476009255,2.5,-0.014008469476009255,-0.8,14.373506546020508,-0.4397880434989929,54.0190315246582,16.924277893193302,0.0008368391036747345,OFFBOARD,1
37.592,GLIDE_APPROACH,51.90803305983482,52.07347562901787,0,45.756,0.0,1,0.9246830344200134,2.5,-0.010276308025887599,2.5,-0.010276308025887599,2.5,-0.010276308025887599,-0.8,14.471820831298828,-0.43954893946647644,53.98717498779297,16.972277542903612,0.0008368390889496439,OFFBOARD,1
37.632,GLIDE_APPROACH,51.87535071812894,52.132986714315535,0,45.796,0.0,1,0.9246830344200134,2.5,-0.010566497617072223,2.5,-0.010566497617072223,2.5,-0.010566497617072223,-0.8,14.530736923217773,-0.4392372965812683,53.96786117553711,17.03227714945221,0.0008368390705432804,OFFBOARD,1
37.66,GLIDE_APPROACH,51.85260938534704,52.10577937433067,0,45.824,0.0,1,0.9246830344200134,2.5,-0.011001931662134862,2.5,-0.011001931662134862,2.5,-0.011001931662134862,-0.8,14.609207153320312,-0.4386426508426666,53.941978454589844,17.07427688220392,0.0008368390584535301,OFFBOARD,1
37.692,GLIDE_APPROACH,51.826999909905716,52.07492472323891,0,45.856,0.0,1,0.9246830344200134,2.5,-0.011654849702192778,2.5,-0.011654849702192778,2.5,-0.011654849702192778,-0.8,14.687568664550781,-0.4380648136138916,53.9193229675293,17.122276600130284,0.0008368390437284393,OFFBOARD,1
37.728,GLIDE_APPROACH,51.79854073801868,52.040348641162744,0,45.892,0.0,1,0.9246830344200134,2.5,-0.012593641342644119,2.5,-0.012593641342644119,2.5,-0.012593641342644119,-0.8,14.765840530395508,-0.43731340765953064,53.896297454833984,17.17627631622272,0.0008368390263680085,OFFBOARD,1
37.76,GLIDE_APPROACH,51.77353138188148,52.00972238177705,0,45.924,0.0,1,0.9246830344200134,2.5,-0.013592893704976669,2.5,-0.013592893704976669,2.5,-0.013592893704976669,-0.8,14.863579750061035,-0.43613627552986145,53.86693572998047,17.224276089936883,0.0008368390116429178,OFFBOARD,1
37.792,GLIDE_APPROACH,51.74877079132208,51.97918832656846,0,45.956,0.0,1,0.9246830344200134,2.5,-0.014733816145808796,2.5,-0.014733816145808796,2.5,-0.014733816145808796,-0.8,14.941693305969238,-0.43501541018486023,53.842987060546875,17.27227587970719,0.0008368389969178273,OFFBOARD,1
37.828,GLIDE_APPROACH,51.717995796634874,51.94124311618023,0,45.992,0.0,1,0.9246830344200134,2.5,-0.016322277352335875,2.5,-0.016322277352335875,2.5,-0.016322277352335875,-0.8,15.019756317138672,-0.43375182151794434,53.81855392456055,17.326275648295493,0.0008368389811468043,OFFBOARD,1
37.86,GLIDE_APPROACH,51.696926855227204,51.91457559735167,0,46.024,0.0,1,0.9246830344200134,2.5,-0.017574984729978513,2.5,-0.017574984729978513,2.5,-0.017574984729978513,-0.8,15.097764015197754,-0.43236491084098816,53.79362487792969,17.36827549049863,0.000836838967467646,OFFBOARD,1
37.892,GLIDE_APPROACH,51.669775650497876,51.80278284240554,0,46.056,0.0,1,0.9246830344200134,2.4984844965028605,-0.019292963272448123,2.4984844965028605,-0.019292963272448123,2.4984844965028605,-0.019292963272448123,-0.8,15.175537109375,-0.4319268763065338,53.770538330078125,17.422275280555073,0.0008368389516966227,OFFBOARD,1
37.928,GLIDE_APPROACH,51.64646669087988,51.85011317836951,0,46.092,0.0,1,0.9246830344200134,2.489924623533547,-0.021004639339776126,2.489924623533547,-0.021004639339776126,2.489924623533547,-0.021004639339776126,-0.8,15.253323554992676,-0.4312625825405121,53.74700927734375,17.4702751159975,0.0008368389369715321,OFFBOARD,1
37.96,GLIDE_APPROACH,51.62008677201794,51.81607531206438,0,46.124,0.0,1,0.9246830344200134,2.4807358333539895,-0.023051618597850702,2.4807358333539895,-0.023051618597850702,2.4807358333539895,-0.023051618597850702,-0.8,15.350616455078125,-0.43015429377555847,53.717376708984375,17.52427496908446,0.000836838919611101,OFFBOARD,1
37.992,GLIDE_APPROACH,51.59718615600085,51.785715906977266,0,46.156,0.0,1,0.9246830344200134,2.471789810228931,-0.025024068235710482,2.471789810228931,-0.025024068235710482,2.471789810228931,-0.025024068235710482,-0.8,15.428491592407227,-0.4290533661842346,53.69325256347656,17.572274857137955,0.0008368389048860103,OFFBOARD,1
38.028,GLIDE_APPROACH,51.57491873671545,51.75524267254567,0,46.192,0.0,1,0.9246830344200134,2.461942888001556,-0.027135695676511837,2.461942888001556,-0.027135695676511837,2.461942888001556,-0.027135695676511837,-0.8,15.506406784057617,-0.42775726318359375,53.668792724609375,17.62027476175972,0.0008368388901609196,OFFBOARD,1
38.06,GLIDE_APPROACH,51.55255288882972,51.646905685840345,0,46.224,0.0,1,0.9246830344200134,2.4523290658362535,-0.029342052325685028,2.4523290658362535,-0.029342052325685028,2.4523290658362535,-0.029342052325685028,-0.8,15.584366798400879,-0.4262762665748596,53.64406204223633,17.66827466918505,0.0008368388754358289,OFFBOARD,1
38.092,GLIDE_APPROACH,51.530409505948,51.694486482778146,0,46.256,0.0,1,0.9155486226081848,2.44744602385926,-0.03415038775842548,2.44744602385926,-0.03415038775842548,2.44744602385926,-0.03415038775842548,-0.8,15.66236686706543,-0.4246270954608917,53.619049072265625,17.71627457851866,0.0008368388607107383,OFFBOARD,1
38.128,GLIDE_APPROACH,51.50575389162343,51.660319425127035,0,46.292,0.0,1,0.9155486226081848,2.436028411528678,-0.03685370480883003,2.436028411528678,-0.03685370480883003,2.436028411528678,-0.03685370480883003,-0.8,15.740403175354004,-0.42283105850219727,53.593814849853516,17.770274476559674,0.0008368388449397151,OFFBOARD,1
38.164,GLIDE_APPROACH,51.48406206501651,51.62997020375026,0,46.328,0.0,1,0.9155486226081848,2.425639520449911,-0.03933611517823849,2.425639520449911,-0.03933611517823849,2.425639520449911,-0.03933611517823849,-0.8,15.837963104248047,-0.4203885495662689,53.561954498291016,17.83027439898913,0.0008368388265333518,OFFBOARD,1
38.192,GLIDE_APPROACH,51.46257800740366,51.59965589919989,0,46.356,0.0,1,0.9155486226081848,2.4150430427913574,-0.04187842568222801,2.4150430427913574,-0.04187842568222801,2.4150430427913574,-0.04187842568222801,-0.8,15.916006088256836,-0.41829654574394226,53.536441802978516,17.866274365625536,0.0008368388154895338,OFFBOARD,1
38.228,GLIDE_APPROACH,51.438650129970306,51.56561270815781,0,46.392,0.0,1,0.9155486226081848,2.4029076499768816,-0.04479216346665976,2.4029076499768816,-0.04479216346665976,2.4029076499768816,-0.04479216346665976,-0.8,15.994036674499512,-0.4160822033882141,53.51053237915039,17.92627432264647,0.0008368387970831705,OFFBOARD,1
38.26,GLIDE_APPROACH,51.41439813304474,51.53175633044679,0,46.424,0.0,1,0.9155486226081848,2.39138119361912,-0.04772680764118559,2.39138119361912,-0.04772680764118559,2.39138119361912,-0.04772680764118559,-0.8,16.072023391723633,-0.4137592315673828,53.48479461669922,17.974274285515996,0.0008368387823580799,OFFBOARD,1
38.292,GLIDE_APPROACH,51.39671407079643,51.50531305253052,0,46.456,0.0,1,0.9155486226081848,2.3808690569763953,-0.05005185891593947,2.3808690569763953,-0.05005185891593947,2.3808690569763953,-0.05005185891593947,-0.8,16.1500244140625,-0.41151827573776245,53.46155548095703,18.022274245036986,0.0008368387676329891,OFFBOARD,1
38.332,GLIDE_APPROACH,51.37023670746672,51.46791557321795,0,46.496,0.0,1,0.9155486226081848,2.3677594804525803,-0.053336614055177436,2.3677594804525803,-0.053336614055177436,2.3677594804525803,-0.053336614055177436,-0.8,16.227943420410156,-0.40919435024261475,53.43801498413086,18.076274203346745,0.0008368387502725582,OFFBOARD,1
38.36,GLIDE_APPROACH,51.34966905295298,51.43804176994052,0,46.524,0.0,1,0.9155486226081848,2.3565907393406653,-0.055960863321747226,2.3565907393406653,-0.055960863321747226,2.3565907393406653,-0.055960863321747226,-0.8,16.325210571289062,-0.40619534254074097,53.40821838378906,18.124274157327214,0.0008368387355474676,OFFBOARD,1
38.392,GLIDE_APPROACH,51.332348592628506,51.411887728895145,0,46.556,0.0,1,0.9155486226081848,2.34598979415018,-0.05799223359993126,2.34598979415018,-0.05799223359993126,2.34598979415018,-0.05799223359993126,-0.8,16.402891159057617,-0.40380555391311646,53.38396453857422,18.172274122181182,0.0008368387208223766,OFFBOARD,1
38.428,GLIDE_APPROACH,51.309255574866384,51.37851387967011,0,46.592,0.0,1,0.9155486226081848,2.3336521760518383,-0.05999280873625906,2.3336521760518383,-0.05999280873625906,2.3336521760518383,-0.05999280873625906,-0.8,16.48044776916504,-0.4017351567745209,53.35945129394531,18.22627409245531,0.0008368387050513534,OFFBOARD,1
38.46,GLIDE_APPROACH,51.28870003975016,51.34897486861083,0,46.624,0.0,1,0.9155486226081848,2.322875429966979,-0.061202225495378584,2.322875429966979,-0.061202225495378584,2.322875429966979,-0.061202225495378584,-0.8,16.55786895751953,-0.4000440835952759,53.334476470947266,18.274274087066168,0.0008368386903262627,OFFBOARD,1
38.496,GLIDE_APPROACH,51.26810127535896,51.31956635856814,0,46.66,0.0,1,0.9155486226081848,2.3123036658025446,-0.061872475092526386,2.3123036658025446,-0.061872475092526386,2.3123036658025446,-0.061872475092526386,-0.8,16.635162353515625,-0.3987361490726471,53.309295654296875,18.32827410279072,0.0008368386729658319,OFFBOARD,1
38.528,GLIDE_APPROACH,51.24158907351564,51.28310619840473,0,46.692,0.0,1,0.9155486226081848,2.3003621895921915,-0.06195229091205527,2.3003621895921915,-0.06195229091205527,2.3003621895921915,-0.06195229091205527,-0.8,16.71233367919922,-0.39780592918395996,53.28385543823242,18.37027410493922,0.0008368386608760815,OFFBOARD,1
38.56,GLIDE_APPROACH,51.22085443465352,51.25402846512723,0,46.724,0.0,1,0.9121108651161194,2.2942431932686076,-0.06208593729436961,2.2942431932686076,-0.06208593729436961,2.2942431932686076,-0.06208593729436961,-0.8,16.8085994720459,-0.39715898036956787,53.251468658447266,18.42427411601035,0.0008368386435156507,OFFBOARD,1
38.592,GLIDE_APPROACH,51.20334799185775,51.22861825739775,0,46.756,0.0,1,0.9121108651161194,2.2847551501383316,-0.06128364129837061,2.2847551501383316,-0.06128364129837061,2.2847551501383316,-0.06128364129837061,-0.8,16.88543128967285,-0.39703503251075745,53.2254638671875,18.472274110887493,0.00083683862879056,OFFBOARD,1
38.628,GLIDE_APPROACH,51.17986865937264,51.196273450893266,0,46.792,0.0,1,0.9121108651161194,2.274117625068767,-0.05974271268596294,2.274117625068767,-0.05974271268596294,2.274117625068767,-0.05974271268596294,-0.8,16.962078094482422,-0.3972371816635132,53.19914245605469,18.526274096619083,0.0008368386130195367,OFFBOARD,1
38.66,GLIDE_APPROACH,51.1589115043711,51.167717954384216,0,46.824,0.0,1,0.9121108651161194,2.265001058870094,-0.057949132537551545,2.265001058870094,-0.057949132537551545,2.265001058870094,-0.057949132537551545,-0.8,17.057756423950195,-0.39813947677612305,53.16641616821289,18.574274102241716,0.0008368385982944459,OFFBOARD,1
38.692,GLIDE_APPROACH,51.13454064962327,51.13592475590962,0,46.856,0.0,1,0.9121108651161194,2.256095792357846,-0.055487894505887696,2.256095792357846,-0.055487894505887696,2.256095792357846,-0.055487894505887696,-0.8,17.115318298339844,-0.39940735697746277,53.147274017333984,18.622274117970974,0.0008368385835693551,OFFBOARD,1
38.728,GLIDE_APPROACH,51.11405744015325,51.10768743811745,0,46.892,0.0,1,0.9121108651161194,2.2467962250698696,-0.05298293159795765,2.2467962250698696,-0.05298293159795765,2.2467962250698696,-0.05298293159795765,-0.8,17.191844940185547,-0.4012453854084015,53.12150192260742,18.664274147058784,0.0008368385698901968,OFFBOARD,1
38.76,GLIDE_APPROACH,51.09276773214398,51.079756681896754,0,46.924,0.0,1,0.9121108651161194,2.2388285448391403,-0.050173084284558064,2.2388285448391403,-0.050173084284558064,2.2388285448391403,-0.050173084284558064,-0.8,17.287151336669922,-0.4037642478942871,53.08878707885742,18.7242741885399,0.0008368385514838334,OFFBOARD,1
38.792,GLIDE_APPROACH,51.07134405140878,51.05203563360509,0,46.956,0.0,1,0.9121108651161194,2.231269328393064,-0.04709959005761604,2.231269328393064,-0.04709959005761604,2.231269328393064,-0.04709959005761604,-0.8,17.363115310668945,-0.40593287348747253,53.06222152709961,18.77227422979205,0.0008368385367587429,OFFBOARD,1
38.828,GLIDE_APPROACH,51.04706932321254,51.02110361115508,0,46.992,0.0,1,0.9121108651161194,2.2232816351479907,-0.04335649638510102,2.2232816351479907,-0.04335649638510102,2.2232816351479907,-0.04335649638510102,-0.8,17.438831329345703,-0.40822187066078186,53.035430908203125,18.826274268441782,0.0008368385209877198,OFFBOARD,1
38.86,GLIDE_APPROACH,51.025335247382564,50.99383728638315,0,47.024,0.0,1,0.9121108651161194,2.2166475937495855,-0.03979772124906251,2.2166475937495855,-0.03979772124906251,2.2166475937495855,-0.03979772124906251,-0.8,17.51429557800293,-0.4106243848800659,53.00835037231445,18.868274302625032,0.0008368385073085616,OFFBOARD,1
38.896,GLIDE_APPROACH,51.00001837713304,50.8694699672385,0,47.06,0.0,1,0.9121108651161194,2.2105840472272233,-0.03579062425365366,2.2105840472272233,-0.03579062425365366,2.2105840472272233,-0.03579062425365366,-0.8,17.608291625976562,-0.4136950969696045,52.97441101074219,18.928274344975588,0.0008368384889021984,OFFBOARD,1
38.928,GLIDE_APPROACH,50.978359448855144,50.936409888677915,0,47.092,0.0,1,0.9121108651161194,2.2041037543079547,-0.03252462312759397,2.2041037543079547,-0.03252462312759397,2.2041037543079547,-0.03252462312759397,-0.8,17.66457748413086,-0.4153655171394348,52.95392990112305,18.976274385824954,0.0008368384741771076,OFFBOARD,1
38.96,GLIDE_APPROACH,50.95582414550552,50.90957378775199,0,47.124,0.0,1,0.9121108651161194,2.198943327165128,-0.029514687199796847,2.198943327165128,-0.029514687199796847,2.198943327165128,-0.029514687199796847,-0.8,17.758251190185547,-0.4177943766117096,52.91942596435547,19.024274432340054,0.0008368384594520167,OFFBOARD,1
39.004,GLIDE_APPROACH,50.9273170702306,50.80147986940922,0,47.168,0.0,1,0.9121108651161194,2.1931040269007602,-0.02613928494406939,2.1931040269007602,-0.02613928494406939,2.1931040269007602,-0.02613928494406939,-0.8,17.907798767089844,-0.4207325279712677,52.86372756958008,19.07827448287021,0.0008368384436809934,OFFBOARD,1
39.028,GLIDE_APPROACH,50.90715888702463,50.85295499536962,0,47.192,0.0,1,0.9121108651161194,2.189403460350384,-0.024027715565430947,2.189403460350384,-0.024027715565430947,2.189403460350384,-0.024027715565430947,-0.8,17.907798767089844,-0.4207325279712677,52.86372756958008,19.120274539682512,0.0008368384300018352,OFFBOARD,1
39.06,GLIDE_APPROACH,50.88393390186714,50.82651048430419,0,47.224,0.0,1,0.9090707898139954,2.185539973605272,-0.022478934197388632,2.185539973605272,-0.022478934197388632,2.185539973605272,-0.022478934197388632,-0.8,17.982410430908203,-0.4217824935913086,52.83573913574219,19.16827459848908,0.0008368384152767445,OFFBOARD,1
39.092,GLIDE_APPROACH,50.85712233661116,50.79702042600732,0,47.256,0.0,1,0.9090707898139954,2.1823252223181666,-0.020302058077060148,2.1823252223181666,-0.020302058077060148,2.1823252223181666,-0.020302058077060148,-0.8,18.055919647216797,-0.4233408570289612,52.809059143066406,19.22227464446,0.0008368383995057214,OFFBOARD,1
39.128,GLIDE_APPROACH,50.83396637605987,50.77077046942267,0,47.292,0.0,1,0.9090707898139954,2.1786122443501506,-0.01861315450470867,2.1786122443501506,-0.01861315450470867,2.1786122443501506,-0.01861315450470867,-0.8,18.129377365112305,-0.42460277676582336,52.78230667114258,19.27627469570767,0.0008368383821452905,OFFBOARD,1
39.16,GLIDE_APPROACH,50.810156453021534,50.744765458864535,0,47.324,0.0,1,0.9090707898139954,2.175974292784675,-0.017099513760629455,2.175974292784675,-0.017099513760629455,2.175974292784675,-0.017099513760629455,-0.8,18.221097946166992,-0.4257999658584595,52.748573303222656,19.324274738719495,0.0008368383674201995,OFFBOARD,1
39.192,GLIDE_APPROACH,50.786146653901326,50.71891077632071,0,47.356,0.0,1,0.9090707898139954,2.1737636025276874,-0.015750947456821072,2.1737636025276874,-0.015750947456821072,2.1737636025276874,-0.015750947456821072,-0.8,18.294384002685547,-0.4264872670173645,52.721343994140625,19.372274774390398,0.0008368383526951088,OFFBOARD,1
39.232,GLIDE_APPROACH,50.75551119721401,50.613809783151744,0,47.396,0.0,1,0.9090707898139954,2.1721186623873767,-0.014257895785038497,2.1721186623873767,-0.014257895785038497,2.1721186623873767,-0.014257895785038497,-0.8,18.4406681060791,-0.4272468090057373,52.66670227050781,19.438274794863837,0.0008368383332428132,OFFBOARD,1
39.26,GLIDE_APPROACH,50.731054830948494,50.661394220764535,0,47.424,0.0,1,0.9090707898139954,2.170848894611312,-0.013216687030404193,2.170848894611312,-0.013216687030404193,2.170848894611312,-0.013216687030404193,-0.8,18.4406681060791,-0.4272468090057373,52.66670227050781,19.474274800491365,0.0008368383221989951,OFFBOARD,1
39.292,GLIDE_APPROACH,50.70973561837215,50.63909917895941,0,47.456,0.0,1,0.9090707898139954,2.1696774140143766,-0.012411483265908439,2.1696774140143766,-0.012411483265908439,2.1696774140143766,-0.012411483265908439,-0.8,18.513654708862305,-0.4273483157157898,52.63930892944336,19.52227479859142,0.0008368383074739045,OFFBOARD,1
39.328,GLIDE_APPROACH,50.68168615003137,50.61072778057149,0,47.492,0.0,1,0.9090707898139954,2.169294871463511,-0.011483909927501977,2.169294871463511,-0.011483909927501977,2.169294871463511,-0.011483909927501977,-0.8,18.586524963378906,-0.4272877871990204,52.61178970336914,19.576274799883,0.0008368382901134736,OFFBOARD,1
39.36,GLIDE_APPROACH,50.65315785892442,50.58263771104073,0,47.524,0.0,1,0.9090707898139954,2.169820828187845,-0.010681031486749582,2.169820828187845,-0.010681031486749582,2.169820828187845,-0.010681031486749582,-0.8,18.677480697631836,-0.4269901216030121,52.57743835449219,19.62427480320147,0.000836838275388383,OFFBOARD,1
39.396,GLIDE_APPROACH,50.62471766407489,50.554661195251086,0,47.56,0.0,1,0.9090707898139954,2.1703774178023183,-0.010321485019045605,2.1703774178023183,-0.010321485019045605,2.1703774178023183,-0.010321485019045605,-0.8,18.750123977661133,-0.4265146851539612,52.5498046875,19.672274814847015,0.0008368382606632924,OFFBOARD,1
39.428,GLIDE_APPROACH,50.60266964899628,50.53295787460363,0,47.592,0.0,1,0.9090707898139954,2.170787048135257,-0.010460705364603149,2.170787048135257,-0.010460705364603149,2.170787048135257,-0.010460705364603149,-0.8,18.82265281677246,-0.425594300031662,52.522216796875,19.726274821892787,0.000836838244892269,OFFBOARD,1
39.46,GLIDE_APPROACH,50.577262082947655,50.508423399642446,0,47.624,0.0,1,0.9090707898139954,2.1718345651717716,-0.011044320966429353,2.1718345651717716,-0.011044320966429353,2.1718345651717716,-0.011044320966429353,-0.8,18.895055770874023,-0.424224853515625,52.49501037597656,19.77427482399435,0.0008368382301671782,OFFBOARD,1
39.496,GLIDE_APPROACH,50.55177079534732,50.484051701577,0,47.66,0.0,1,0.9090707898139954,2.1731818322864247,-0.012086981424936704,2.1731818322864247,-0.012086981424936704,2.1731818322864247,-0.012086981424936704,-0.8,18.96661949157715,-0.4239122271537781,52.46933364868164,19.828274822148664,0.0008368382128067473,OFFBOARD,1
39.528,GLIDE_APPROACH,50.52294258016168,50.456818662469324,0,47.692,0.0,1,0.9141854047775269,2.176207618435181,-0.011291079468890765,2.176207618435181,-0.011291079468890765,2.176207618435181,-0.011291079468890765,-0.8,19.037891387939453,-0.42354172468185425,52.44403839111328,19.876274811698586,0.0008368381980816565,OFFBOARD,1
39.56,GLIDE_APPROACH,50.497136279883,50.43276672549752,0,47.724,0.0,1,0.9141854047775269,2.1783095436105824,-0.013253852883895368,2.1783095436105824,-0.013253852883895368,2.1783095436105824,-0.013253852883895368,-0.8,19.12693977355957,-0.4222991466522217,52.41222381591797,19.91827480233927,0.0008368381859919059,OFFBOARD,1
39.592,GLIDE_APPROACH,50.46794340312858,50.40596753118469,0,47.756,0.0,1,0.9141854047775269,2.1811857810028856,-0.015922069997001454,2.1811857810028856,-0.015922069997001454,2.1811857810028856,-0.015922069997001454,-0.8,19.198139190673828,-0.420727401971817,52.3867301940918,19.9722748033584,0.0008368381686314749,OFFBOARD,1
39.628,GLIDE_APPROACH,50.44156132674337,50.38209899459818,0,47.792,0.0,1,0.9141854047775269,2.1841981360246896,-0.018694174394196614,2.1841981360246896,-0.018694174394196614,2.1841981360246896,-0.018694174394196614,-0.8,19.269309997558594,-0.41867077350616455,52.361087799072266,20.026274778155276,0.0008368381528604516,OFFBOARD,1
39.66,GLIDE_APPROACH,50.411846880749344,50.28445620681275,0,47.824,0.0,1,0.9141854047775269,2.1880469036227073,-0.022185463825365237,2.1880469036227073,-0.022185463825365237,2.1880469036227073,-0.022185463825365237,-0.8,19.340442657470703,-0.41617271304130554,52.335514068603516,20.07427475392133,0.0008368381381353609,OFFBOARD,1
39.692,GLIDE_APPROACH,50.388195566330786,50.33489150684606,0,47.856,0.0,1,0.9141854047775269,2.1915875973679526,-0.025175161099000698,2.1915875973679526,-0.025175161099000698,2.1915875973679526,-0.025175161099000698,-0.8,19.411531448364258,-0.41325873136520386,52.309791564941406,20.12227472253772,0.00083683812341027,OFFBOARD,1
39.728,GLIDE_APPROACH,50.3577138618644,50.30850970252943,0,47.892,0.0,1,0.9141854047775269,2.1965069257257444,-0.029305568309058914,2.1965069257257444,-0.029305568309058914,2.1965069257257444,-0.029305568309058914,-0.8,19.48257064819336,-0.40997764468193054,52.28392028808594,20.170274684659447,0.000836838108685179,OFFBOARD,1
39.76,GLIDE_APPROACH,50.327198805632555,50.28232822092089,0,47.924,0.0,1,0.9141854047775269,2.2017064787545415,-0.03372386982965457,2.2017064787545415,-0.03372386982965457,2.2017064787545415,-0.03372386982965457,-0.8,19.571317672729492,-0.40540552139282227,52.2514533996582,20.224274644745993,0.0008368380913247481,OFFBOARD,1
39.792,GLIDE_APPROACH,50.302743782541135,50.26185822206151,0,47.956,0.0,1,0.9141854047775269,2.206488084962502,-0.03735373150677016,2.206488084962502,-0.03735373150677016,2.206488084962502,-0.03735373150677016,-0.8,19.642290115356445,-0.40141674876213074,52.225345611572266,20.27227461223713,0.0008368380765996573,OFFBOARD,1
39.828,GLIDE_APPROACH,50.271400869395784,50.23572971070023,0,47.992,0.0,1,0.9141854047775269,2.2127477405340774,-0.04221203594669731,2.2127477405340774,-0.04221203594669731,2.2127477405340774,-0.04221203594669731,-0.8,19.713245391845703,-0.39715850353240967,52.19939422607422,20.32027458636394,0.0008368380618745667,OFFBOARD,1
39.86,GLIDE_APPROACH,50.24329567062947,50.212556827524104,0,48.024,0.0,1,0.9141854047775269,2.218664652306746,-0.04669672375585088,2.218664652306746,-0.04669672375585088,2.218664652306746,-0.04669672375585088,-0.8,19.784202575683594,-0.3926624357700348,52.17320251464844,20.374274542809502,0.0008368380461035435,OFFBOARD,1
39.892,GLIDE_APPROACH,50.21470115757712,50.18931599910678,0,48.056,0.0,1,0.9141854047775269,2.2250830391674947,-0.051198670836324865,2.2250830391674947,-0.051198670836324865,2.2250830391674947,-0.051198670836324865,-0.8,19.872373580932617,-0.3888179063796997,52.14371109008789,20.422274504773217,0.0008368380313784528,OFFBOARD,1
39.928,GLIDE_APPROACH,50.18172285252165,50.16297747618067,0,48.092,0.0,1,0.9141854047775269,2.233052274906403,-0.056149794137714856,2.233052274906403,-0.056149794137714856,2.233052274906403,-0.056149794137714856,-0.8,19.925416946411133,-0.38638797402381897,52.12541580200195,20.476274470958035,0.0008368380140180217,OFFBOARD,1
39.96,GLIDE_APPROACH,50.14844918659097,50.13651233193371,0,48.124,0.0,1,0.9141854047775269,2.241216112643714,-0.060940573919705615,2.241216112643714,-0.060940573919705615,2.241216112643714,-0.060940573919705615,-0.8,20.014087677001953,-0.3822397291660309,52.09403610229492,20.51827444207636,0.0008368380019282712,OFFBOARD,1
39.992,GLIDE_APPROACH,50.11791085835622,50.11270557358658,0,48.156,0.0,1,0.9141854047775269,2.2492915508510083,-0.06504974885929157,2.2492915508510083,-0.06504974885929157,2.2492915508510083,-0.06504974885929157,-0.8,20.085268020629883,-0.3788749575614929,52.06839370727539,20.5722744359766,0.0008368379845678403,OFFBOARD,1
40.028,GLIDE_APPROACH,50.08303476762963,50.085690275180355,0,48.192,0.0,1,0.9141854047775269,2.2587210824760726,-0.06947493383136624,2.2587210824760726,-0.06947493383136624,2.2587210824760726,-0.06947493383136624,-0.8,20.156675338745117,-0.3754793703556061,52.04215621948242,20.626274421055317,0.0008368379687968171,OFFBOARD,1
40.06,GLIDE_APPROACH,50.05503368524884,49.99277821323997,0,48.224,0.0,1,0.8905149698257446,2.261233206401288,-0.07526925142070037,2.261233206401288,-0.07526925142070037,2.261233206401288,-0.07526925142070037,-0.8,20.22831153869629,-0.37209177017211914,52.01569366455078,20.674274408475434,0.0008368379540717264,OFFBOARD,1
40.092,GLIDE_APPROACH,50.02336888757431,49.950150675219376,0,48.256,0.0,1,0.8905149698257446,2.2699504086540157,-0.07885703696506471,2.2699504086540157,-0.07885703696506471,2.2699504086540157,-0.07885703696506471,-0.8,20.318178176879883,-0.3679068982601166,51.981956481933594,20.71627441120013,0.0008368379403925679,OFFBOARD,1
40.128,GLIDE_APPROACH,49.98745618620774,50.01232909948366,0,48.292,0.0,1,0.8905149698257446,2.2798213931454367,-0.08267482536003298,2.2798213931454367,-0.08267482536003298,2.2798213931454367,-0.08267482536003298,-0.8,20.372276306152344,-0.36541885137557983,51.96146011352539,20.776274417631285,0.0008368379219862043,OFFBOARD,1
40.164,GLIDE_APPROACH,49.95532776070559,49.98751355403318,0,48.328,0.0,1,0.8905149698257446,2.288593914100174,-0.08587482329470997,2.288593914100174,-0.08587482329470997,2.288593914100174,-0.08587482329470997,-0.8,20.46270179748535,-0.36133745312690735,51.926937103271484,20.830274428083467,0.0008368379062151813,OFFBOARD,1
40.192,GLIDE_APPROACH,49.919636741406556,49.95946002390611,0,48.356,0.0,1,0.8905149698257446,2.2977555677007286,-0.08925441389669764,2.2977555677007286,-0.08925441389669764,2.2977555677007286,-0.08925441389669764,-0.8,20.535276412963867,-0.35813435912132263,51.8990592956543,20.872274456892125,0.0008368378925360231,OFFBOARD,1
40.228,GLIDE_APPROACH,49.88658715591989,49.93414828883811,0,48.392,0.0,1,0.8905149698257446,2.3070376464417737,-0.09207970597388321,2.3070376464417737,-0.09207970597388321,2.3070376464417737,-0.09207970597388321,-0.8,20.60803985595703,-0.3549869954586029,51.87102127075195,20.920274482237478,0.0008368378778109326,OFFBOARD,1
40.26,GLIDE_APPROACH,49.8541009143114,49.90874398591108,0,48.424,0.0,1,0.8905149698257446,2.3155325629471495,-0.09472350023823276,2.3155325629471495,-0.09472350023823276,2.3155325629471495,-0.09472350023823276,-0.8,20.68099594116211,-0.35188695788383484,51.84282684326172,20.968274496803627,0.0008368378630858417,OFFBOARD,1
40.296,GLIDE_APPROACH,49.81817909660516,49.88003591750278,0,48.46,0.0,1,0.8905149698257446,2.324185408319491,-0.09748463145195102,2.324185408319491,-0.09748463145195102,2.324185408319491,-0.09748463145195102,-0.8,20.753929138183594,-0.35069727897644043,51.81654739379883,21.0282745002259,0.0008368378446794782,OFFBOARD,1
40.328,GLIDE_APPROACH,49.78156468491912,49.851001157077455,0,48.492,0.0,1,0.8905149698257446,2.33327407519484,-0.10003381636325795,2.33327407519484,-0.10003381636325795,2.33327407519484,-0.10003381636325795,-0.8,20.82706642150879,-0.34943637251853943,51.78996658325195,21.076274499808342,0.0008368378299543875,OFFBOARD,1
40.36,GLIDE_APPROACH,49.749002883276866,49.82499394580316,0,48.524,0.0,1,0.8905149698257446,2.341137154473284,-0.10212203321868646,2.341137154473284,-0.10212203321868646,2.341137154473284,-0.10212203321868646,-0.8,20.918764114379883,-0.3477933704853058,51.75654220581055,21.118274499094827,0.000836837817864637,OFFBOARD,1
40.392,GLIDE_APPROACH,49.72001963947799,49.728560632354906,0,48.556,0.0,1,0.8905149698257446,2.348467043029766,-0.10392368263940091,2.348467043029766,-0.10392368263940091,2.348467043029766,-0.10392368263940091,-0.8,20.99232292175293,-0.34641632437705994,51.72982406616211,21.172274525181823,0.000836837800504206,OFFBOARD,1
40.428,GLIDE_APPROACH,49.684160683123054,49.77293269288097,0,48.592,0.0,1,0.9225780963897705,2.3692464679038934,-0.10569825850073736,2.3692464679038934,-0.10569825850073736,2.3692464679038934,-0.10569825850073736,-0.8,21.065860748291016,-0.34483036398887634,51.7032585144043,21.226274538230793,0.000836837784733183,OFFBOARD,1
40.46,GLIDE_APPROACH,49.652745229282544,49.74709192877128,0,48.624,0.0,1,0.9225780963897705,2.3759364875358995,-0.1079257263112681,2.3759364875358995,-0.1079257263112681,2.3759364875358995,-0.1079257263112681,-0.8,21.139331817626953,-0.34301042556762695,51.677146911621094,21.27427454564491,0.0008368377700080921,OFFBOARD,1
40.492,GLIDE_APPROACH,49.61852928733448,49.71822208586117,0,48.656,0.0,1,0.9225780963897705,2.3823477055499693,-0.1105489310161758,2.3823477055499693,-0.1105489310161758,2.3823477055499693,-0.1105489310161758,-0.8,21.212730407714844,-0.3409636914730072,51.65117645263672,21.3222745430312,0.0008368377552830015,OFFBOARD,1
40.528,GLIDE_APPROACH,49.58399937968061,49.68936445573671,0,48.692,0.0,1,0.9225780963897705,2.389146544767755,-0.11331172825824481,2.389146544767755,-0.11331172825824481,2.389146544767755,-0.11331172825824481,-0.8,21.28605842590332,-0.3386954963207245,51.625648498535156,21.376274542404296,0.0008368377379225704,OFFBOARD,1
40.564,GLIDE_APPROACH,49.55600905964007,49.66679485168231,0,48.728,0.0,1,0.9225780963897705,2.3956518938077918,-0.11555938082597184,2.3956518938077918,-0.11555938082597184,2.3956518938077918,-0.11555938082597184,-0.8,21.377639770507812,-0.3355695903301239,51.59369659423828,21.430274535087772,0.0008368377221515471,OFFBOARD,1
40.592,GLIDE_APPROACH,49.52332686786452,49.638239201123675,0,48.756,0.0,1,0.9225780963897705,2.400594997472098,-0.11854285193943381,2.400594997472098,-0.11854285193943381,2.400594997472098,-0.11854285193943381,-0.8,21.45087242126465,-0.3328481614589691,51.568294525146484,21.46627453142001,0.0008368377111077289,OFFBOARD,1
40.628,GLIDE_APPROACH,49.49261978635723,49.61262157078519,0,48.792,0.0,1,0.9225780963897705,2.4066975458797732,-0.12129417814389823,2.4066975458797732,-0.12129417814389823,2.4066975458797732,-0.12129417814389823,-0.8,21.524084091186523,-0.32994669675827026,51.54288101196289,21.526274515209614,0.0008368376927013654,OFFBOARD,1
40.66,GLIDE_APPROACH,49.46274318027927,49.58708378347939,0,48.824,0.0,1,0.9225780963897705,2.4119030041405987,-0.12411328346255793,2.4119030041405987,-0.12411328346255793,2.4119030041405987,-0.12411328346255793,-0.8,21.597309112548828,-0.32690727710723877,51.51744079589844,21.568274504331647,0.0008368376790222073,OFFBOARD,1
40.692,GLIDE_APPROACH,49.43302807561311,49.56151095207585,0,48.856,0.0,1,0.9225780963897705,2.41686472583509,-0.12698929426289324,2.41686472583509,-0.12698929426289324,2.41686472583509,-0.12698929426289324,-0.8,21.669872283935547,-0.3258110284805298,51.49367904663086,21.62227446520389,0.0008368376632511843,OFFBOARD,1
40.732,GLIDE_APPROACH,49.39978725647766,49.532673168768504,0,48.896,0.0,1,0.9225780963897705,2.422146128433187,-0.13027566520292133,2.422146128433187,-0.13027566520292133,2.422146128433187,-0.13027566520292133,-0.8,21.742536544799805,-0.32446059584617615,51.46965026855469,21.676274433590887,0.0008368376458907533,OFFBOARD,1
40.76,GLIDE_APPROACH,49.36731498550757,49.50382945224789,0,48.924,0.0,1,0.9225780963897705,2.426490341734929,-0.13359749451498096,2.426490341734929,-0.13359749451498096,2.426490341734929,-0.13359749451498096,-0.8,21.833528518676758,-0.32244229316711426,51.43941116333008,21.724274393090784,0.0008368376311656627,OFFBOARD,1
40.792,GLIDE_APPROACH,49.33807910733316,49.47801547691392,0,48.956,0.0,1,0.9225780963897705,2.4305908548899335,-0.13657230669854759,2.4305908548899335,-0.13657230669854759,2.4305908548899335,-0.13657230669854759,-0.8,21.906469345092773,-0.3205864131450653,51.414833068847656,21.766274346230908,0.0008368376190759122,OFFBOARD,1
40.836,GLIDE_APPROACH,49.30847358929395,49.378786520216444,0,49.0,0.0,1,0.9225780963897705,2.434912083349241,-0.1395587141590468,2.434912083349241,-0.1395587141590468,2.434912083349241,-0.1395587141590468,-0.8,22.05278968811035,-0.31634166836738586,51.36527633666992,21.838274271626645,0.0008368375969882762,OFFBOARD,1
40.86,GLIDE_APPROACH,49.27959960568931,49.425993678141296,0,49.024,0.0,1,0.9225780963897705,2.4383320194817615,-0.14254519329651746,2.4383320194817615,-0.14254519329651746,2.4383320194817615,-0.14254519329651746,-0.8,22.05278968811035,-0.31634166836738586,51.36527633666992,21.86827424658299,0.0008368375869903906,OFFBOARD,1
40.892,GLIDE_APPROACH,49.25102590912711,49.399898501868144,0,49.056,0.0,1,0.9225780963897705,2.4412978951642583,-0.1450094778551731,2.4412978951642583,-0.1450094778551731,2.4412978951642583,-0.1450094778551731,-0.8,22.126155853271484,-0.3141061067581177,51.34022521972656,21.922274192864215,0.0008368375712193676,OFFBOARD,1
40.928,GLIDE_APPROACH,49.21631705595331,49.36729439026476,0,49.092,0.0,1,0.9213863611221313,2.445486522357691,-0.14771593555658713,2.445486522357691,-0.14771593555658713,2.445486522357691,-0.14771593555658713,-0.8,22.217947006225586,-0.312085896730423,51.30882263183594,21.970274161010927,0.0008368375564942768,OFFBOARD,1
40.964,GLIDE_APPROACH,49.188177665615605,49.34099316070123,0,49.128,0.0,1,0.9213863611221313,2.4476953320928754,-0.14808161248355883,2.4476953320928754,-0.14808161248355883,2.4476953320928754,-0.14808161248355883,-0.8,22.291427612304688,-0.3111957609653473,51.28369140625,22.030274117524574,0.0008368375380879133,OFFBOARD,1
40.992,GLIDE_APPROACH,49.164212434847904,49.31801727586657,0,49.156,0.0,1,0.9213863611221313,2.4488799406232373,-0.14764583804057946,2.4488799406232373,-0.14764583804057946,2.4488799406232373,-0.14764583804057946,-0.8,22.36493492126465,-0.3109719455242157,51.25860595703125,22.072274103858415,0.000836837524408755,OFFBOARD,1
41.028,GLIDE_APPROACH,49.13372361616831,49.288423765822046,0,49.192,0.0,1,0.9213863611221313,2.449961266387427,-0.14609094511454296,2.449961266387427,-0.14609094511454296,2.449961266387427,-0.14609094511454296,-0.8,22.43848991394043,-0.311375230550766,51.23337173461914,22.120274085433145,0.0008368375096836642,OFFBOARD,1
41.064,GLIDE_APPROACH,49.10690341809841,49.26206782427008,0,49.228,0.0,1,0.9213863611221313,2.450522686949108,-0.14382544254058616,2.450522686949108,-0.14382544254058616,2.450522686949108,-0.14382544254058616,-0.8,22.51206398010254,-0.31239911913871765,51.20812225341797,22.1802740544205,0.000836837491277301,OFFBOARD,1
41.092,GLIDE_APPROACH,49.077318378416436,49.23244541944716,0,49.256,0.0,1,0.9213863611221313,2.450484519561337,-0.14036430567475827,2.450484519561337,-0.14036430567475827,2.450484519561337,-0.14036430567475827,-0.8,22.603410720825195,-0.31524598598480225,51.17876434326172,22.216274031457075,0.0008368374802334831,OFFBOARD,1
41.128,GLIDE_APPROACH,49.050775734798414,49.20589175740692,0,49.292,0.0,1,0.9213863611221313,2.450478859535656,-0.13655416967668355,2.450478859535656,-0.13655416967668355,2.450478859535656,-0.13655416967668355,-0.8,22.658170700073242,-0.31742212176322937,51.16132736206055,22.276273994085745,0.0008368374618271196,OFFBOARD,1
41.16,GLIDE_APPROACH,49.021719244831196,49.17613766634542,0,49.324,0.0,1,0.9213863611221313,2.449651357489697,-0.13153733153567101,2.449651357489697,-0.13153733153567101,2.449651357489697,-0.13153733153567101,-0.8,22.749528884887695,-0.321583092212677,51.13184356689453,22.324273977766453,0.0008368374471020289,OFFBOARD,1
41.192,GLIDE_APPROACH,48.99896074538176,49.152788395830264,0,49.356,0.0,1,0.9213863611221313,2.44895051220596,-0.12716331246368073,2.44895051220596,-0.12716331246368073,2.44895051220596,-0.12716331246368073,-0.8,22.822704315185547,-0.32533472776412964,51.107810974121094,22.37227397328484,0.0008368374323769383,OFFBOARD,1
41.228,GLIDE_APPROACH,48.97019991099545,49.12281057370164,0,49.392,0.0,1,0.9213863611221313,2.447500773497746,-0.12100908191152464,2.447500773497746,-0.12100908191152464,2.447500773497746,-0.12100908191152464,-0.8,22.895963668823242,-0.3294208347797394,51.08359909057617,22.420273979974137,0.0008368374176518476,OFFBOARD,1
41.26,GLIDE_APPROACH,48.94486126334986,49.0960956099667,0,49.424,0.0,1,0.9213863611221313,2.4458586713941437,-0.11509745206272623,2.4458586713941437,-0.11509745206272623,2.4458586713941437,-0.11509745206272623,-0.8,22.96930694580078,-0.33379465341567993,51.05900192260742,22.47427398962145,0.0008368374018808245,OFFBOARD,1
41.292,GLIDE_APPROACH,48.91666405773269,49.06604982573772,0,49.456,0.0,1,0.9213863611221313,2.443650495434982,-0.10801371894583973,2.443650495434982,-0.10801371894583973,2.443650495434982,-0.10801371894583973,-0.8,23.042726516723633,-0.3383955657482147,51.034427642822266,22.522273999059205,0.0008368373871557337,OFFBOARD,1
41.328,GLIDE_APPROACH,48.89175510922156,49.03910960055489,0,49.492,0.0,1,0.9213863611221313,2.441222093701734,-0.10137464029918954,2.441222093701734,-0.10137464029918954,2.441222093701734,-0.10137464029918954,-0.8,23.11622428894043,-0.34321328997612,51.0094108581543,22.576274014214608,0.0008368373697953027,OFFBOARD,1
41.368,GLIDE_APPROACH,48.86712411485353,49.01219258230597,0,49.532,0.0,1,0.9213863611221313,2.438483889120314,-0.09445127983908755,2.438483889120314,-0.09445127983908755,2.438483889120314,-0.09445127983908755,-0.8,23.20819664001465,-0.34953445196151733,50.97806930541992,22.636274035379113,0.0008368373513889391,OFFBOARD,1
41.392,GLIDE_APPROACH,48.83961522153708,48.9082172523567,0,49.556,0.0,1,0.9213863611221313,2.4351534559107564,-0.08657317821310391,2.4351534559107564,-0.08657317821310391,2.4351534559107564,-0.08657317821310391,-0.8,23.281871795654297,-0.3547428548336029,50.95267868041992,22.672274054342306,0.000836837340345121,OFFBOARD,1
41.428,GLIDE_APPROACH,48.81243566235563,48.95138348917836,0,49.592,0.0,1,0.9262827038764954,2.4306038479742376,-0.07888559181507437,2.4306038479742376,-0.07888559181507437,2.4306038479742376,-0.07888559181507437,-0.8,23.35565185546875,-0.35982683300971985,50.927040100097656,22.726274075521204,0.000836837324574098,OFFBOARD,1
41.46,GLIDE_APPROACH,48.79167916423367,48.92747576848296,0,49.624,0.0,1,0.9262827038764954,2.4268271292880934,-0.073056349212077,2.4268271292880934,-0.073056349212077,2.4268271292880934,-0.073056349212077,-0.8,23.429569244384766,-0.3647031784057617,50.901187896728516,22.77427409003384,0.0008368373098490071,OFFBOARD,1
41.492,GLIDE_APPROACH,48.76809329263157,48.80704852796138,0,49.656,0.0,1,0.9262827038764954,2.4223559075738113,-0.0665743011598591,2.4223559075738113,-0.0665743011598591,2.4223559075738113,-0.0665743011598591,-0.8,23.522676467895508,-0.37129244208335876,50.870540618896484,22.81627410204745,0.0008368372961698488,OFFBOARD,1
41.532,GLIDE_APPROACH,48.73879327406029,48.86597500546675,0,49.696,0.0,1,0.9262827038764954,2.416495355241655,-0.05875284237424475,2.416495355241655,-0.05875284237424475,2.416495355241655,-0.05875284237424475,-0.8,23.578584671020508,-0.3750745356082916,50.852012634277344,22.88227409647445,0.0008368372767175532,OFFBOARD,1
41.568,GLIDE_APPROACH,48.712975181993514,48.83502670853635,0,49.732,0.0,1,0.9262827038764954,2.4103426473585285,-0.05197897623506917,2.4103426473585285,-0.05197897623506917,2.4103426473585285,-0.05197897623506917,-0.8,23.67184066772461,-0.38110873103141785,50.820648193359375,22.936274113586077,0.000836837259357122,OFFBOARD,1
41.596,GLIDE_APPROACH,48.69313452194709,48.73621739263547,0,49.76,0.0,1,0.9262827038764954,2.4052018946177873,-0.046883286377236134,2.4052018946177873,-0.046883286377236134,2.4052018946177873,-0.046883286377236134,-0.8,23.746519088745117,-0.38569560647010803,50.795589447021484,22.97827410656497,0.0008368372472673716,OFFBOARD,1
41.628,GLIDE_APPROACH,48.67104217691606,48.783184168356584,0,49.792,0.0,1,0.9262827038764954,2.3984588530129005,-0.041238132843783776,2.3984588530129005,-0.041238132843783776,2.3984588530129005,-0.041238132843783776,-0.8,23.82125473022461,-0.3900741934776306,50.77024459838867,23.026274104771172,0.0008368372325422812,OFFBOARD,1
41.66,GLIDE_APPROACH,48.64577346763879,48.752133926695706,0,49.824,0.0,1,0.9262827038764954,2.3915189396396817,-0.035117826864622205,2.3915189396396817,-0.035117826864622205,2.3915189396396817,-0.035117826864622205,-0.8,23.914756774902344,-0.3952575623989105,50.73833465576172,23.074274112058898,0.0008368372178171904,OFFBOARD,1
41.696,GLIDE_APPROACH,48.62699782181362,48.65296069795179,0,49.86,0.0,1,0.9262827038764954,2.3848562649382945,-0.030512315542816786,2.3848562649382945,-0.030512315542816786,2.3848562649382945,-0.030512315542816786,-0.8,23.989601135253906,-0.39919614791870117,50.712703704833984,23.122274128190078,0.0008368372030920995,OFFBOARD,1
41.728,GLIDE_APPROACH,48.60264751567141,48.696611848670834,0,49.892,0.0,1,0.9262827038764954,2.376648870435089,-0.024795826627557332,2.376648870435089,-0.024795826627557332,2.376648870435089,-0.024795826627557332,-0.8,24.045745849609375,-0.40203410387039185,50.69344711303711,23.17627416386145,0.0008368371857316684,OFFBOARD,1
41.76,GLIDE_APPROACH,48.57812335763794,48.66549331348284,0,49.924,0.0,1,0.9262827038764954,2.3687353814122845,-0.019305731699765308,2.3687353814122845,-0.019305731699765308,2.3687353814122845,-0.019305731699765308,-0.8,24.139341354370117,-0.40654730796813965,50.66130447387695,23.22427419491764,0.0008368371710065778,OFFBOARD,1
41.792,GLIDE_APPROACH,48.56007934703288,48.64114562335212,0,49.956,0.0,1,0.9262827038764954,2.3611701724782423,-0.01518237776284997,2.3611701724782423,-0.01518237776284997,2.3611701724782423,-0.01518237776284997,-0.8,24.214223861694336,-0.409960001707077,50.63539123535156,23.27227421750358,0.0008368371562814871,OFFBOARD,1
41.828,GLIDE_APPROACH,48.53340399022494,48.60658920233659,0,49.992,0.0,1,0.9262827038764954,2.3517116239250355,-0.0095324935511989,2.3517116239250355,-0.0095324935511989,2.3517116239250355,-0.0095324935511989,-0.8,24.289106369018555,-0.4131911098957062,50.609535217285156,23.326274227819127,0.000836837140510464,OFFBOARD,1
41.86,GLIDE_APPROACH,48.51582410925797,48.58228440817913,0,50.024,0.0,1,0.9262827038764954,2.3436408464873875,-0.005734234333623727,2.3436408464873875,-0.005734234333623727,2.3436408464873875,-0.005734234333623727,-0.8,24.363977432250977,-0.4162534475326538,50.58348846435547,23.368274255292288,0.0008368371268313058,OFFBOARD,1
41.896,GLIDE_APPROACH,48.49514440316121,48.554472865278235,0,50.06,0.0,1,0.9262827038764954,2.335077592806697,-0.001612118086286779,2.335077592806697,-0.001612118086286779,2.335077592806697,-0.001612118086286779,-0.8,24.438812255859375,-0.4203137159347534,50.55918502807617,23.428274293038484,0.0008368371084249424,OFFBOARD,1
41.928,GLIDE_APPROACH,48.471740399631045,48.522890497573336,0,50.092,0.0,1,0.9262827038764954,2.32526187278888,0.002710957640748076,2.32526187278888,0.002710957640748076,2.32526187278888,0.002710957640748076,-0.8,24.513853073120117,-0.4240577518939972,50.53452682495117,23.476274330654256,0.0008368370936998519,OFFBOARD,1
41.96,GLIDE_APPROACH,48.45083644454683,48.49456478329474,0,50.124,0.0,1,0.9053710699081421,2.3085762318563536,0.0015889323698653965,2.3085762318563536,0.0015889323698653965,2.3085762318563536,0.0015889323698653965,-0.8,24.607994079589844,-0.4283068776130676,50.503108978271484,23.524274372446335,0.000836837078974761,OFFBOARD,1
41.996,GLIDE_APPROACH,48.42987275696798,48.46601189455474,0,50.16,0.0,1,0.9053710699081421,2.2994669324278063,0.004898467504792465,2.2994669324278063,0.004898467504792465,2.2994669324278063,0.004898467504792465,-0.8,24.683555603027344,-0.4313739240169525,50.477359771728516,23.56627439348651,0.0008368370668850105,OFFBOARD,1
42.028,GLIDE_APPROACH,48.40625535344281,48.43363853862934,0,50.192,0.0,1,0.9053710699081421,2.2889610523002055,0.008324747492669437,2.2889610523002055,0.008324747492669437,2.2889610523002055,0.008324747492669437,-0.8,24.75933837890625,-0.43416720628738403,50.45106506347656,23.620274424153195,0.0008368370495245796,OFFBOARD,1
42.06,GLIDE_APPROACH,48.385264931388306,48.40466326725303,0,50.224,0.0,1,0.9053710699081421,2.2793770017995785,0.011116766991883919,2.2793770017995785,0.011116766991883919,2.2793770017995785,0.011116766991883919,-0.8,24.835329055786133,-0.43669214844703674,50.4246826171875,23.674274425131316,0.0008368370337535565,OFFBOARD,1
42.092,GLIDE_APPROACH,48.364298666397914,48.37553010236985,0,50.256,0.0,1,0.9053710699081421,2.269574561152735,0.013681293019742472,2.269574561152735,0.013681293019742472,2.269574561152735,0.013681293019742472,-0.8,24.911405563354492,-0.4402298033237457,50.3997802734375,23.722274422034342,0.0008368370190284656,OFFBOARD,1
42.128,GLIDE_APPROACH,48.34074408314192,48.3426074205658,0,50.292,0.0,1,0.9053710699081421,2.2583309637755176,0.016308625032234462,2.2583309637755176,0.016308625032234462,2.2583309637755176,0.016308625032234462,-0.8,24.98760223388672,-0.44384828209877014,50.37535858154297,23.776274422864198,0.0008368370016680347,OFFBOARD,1
42.16,GLIDE_APPROACH,48.319820803183575,48.3132499884323,0,50.324,0.0,1,0.9053710699081421,2.2482047060190826,0.018426780722892017,2.2482047060190826,0.018426780722892017,2.2482047060190826,0.018426780722892017,-0.8,25.0830078125,-0.4478941559791565,50.34442138671875,23.81827441784477,0.0008368369895782843,OFFBOARD,1
42.192,GLIDE_APPROACH,48.29889188425296,48.28384155855291,0,50.356,0.0,1,0.9053710699081421,2.238031777883118,0.02034989162258868,2.238031777883118,0.02034989162258868,2.238031777883118,0.02034989162258868,-0.8,25.15940284729004,-0.4507790505886078,50.3192253112793,23.87227443885194,0.0008368369722178532,OFFBOARD,1
42.228,GLIDE_APPROACH,48.27531793871437,48.25073691969503,0,50.392,0.0,1,0.9053710699081421,2.2265930610886997,0.02228921844048554,2.2265930610886997,0.02228921844048554,2.2265930610886997,0.02228921844048554,-0.8,25.235843658447266,-0.45338234305381775,50.293758392333984,23.920274453779978,0.0008368369574927625,OFFBOARD,1
42.26,GLIDE_APPROACH,48.25432429586807,48.22132545342937,0,50.424,0.0,1,0.9053710699081421,2.2164861082145206,0.023820843832026966,2.2164861082145206,0.023820843832026966,2.2164861082145206,0.023820843832026966,-0.8,25.331392288208008,-0.45624059438705444,50.2613525390625,23.974274451021373,0.0008368369417217394,OFFBOARD,1
42.304,GLIDE_APPROACH,48.2332852083393,48.096492852032625,0,50.468,0.0,1,0.9053710699081421,2.2064911066039996,0.025177723791792544,2.2064911066039996,0.025177723791792544,2.2064911066039996,0.025177723791792544,-0.8,25.484167098999023,-0.4599691331386566,50.20905303955078,24.03427444205574,0.0008368369233153762,OFFBOARD,1
42.328,GLIDE_APPROACH,48.20955741496507,48.15899142481797,0,50.492,0.0,1,0.9053710699081421,2.195406175819079,0.026503158394810534,2.195406175819079,0.026503158394810534,2.195406175819079,0.026503158394810534,-0.8,25.484167098999023,-0.4599691331386566,50.20905303955078,24.07627443503091,0.0008368369096362178,OFFBOARD,1
42.36,GLIDE_APPROACH,48.1884016120038,48.12978021961219,0,50.524,0.0,1,0.9053710699081421,2.1857348119186013,0.027509336844667723,2.1857348119186013,0.027509336844667723,2.1857348119186013,0.027509336844667723,-0.8,25.560461044311523,-0.4614928960800171,50.182350158691406,24.12427441239414,0.0008368368949111272,OFFBOARD,1
42.392,GLIDE_APPROACH,48.1641074969069,48.09726437425955,0,50.556,0.0,1,0.9053710699081421,2.175871856921882,0.02856290407331864,2.175871856921882,0.02856290407331864,2.175871856921882,0.02856290407331864,-0.8,25.636629104614258,-0.46282345056533813,50.15552520751953,24.178274388871785,0.000836836879140104,OFFBOARD,1
42.432,GLIDE_APPROACH,48.140848445916205,48.06507608657378,0,50.596,0.0,1,0.9053710699081421,2.1651555649650502,0.029640501805545016,2.1651555649650502,0.029640501805545016,2.1651555649650502,0.029640501805545016,-0.8,25.712507247924805,-0.4640563428401947,50.128868103027344,24.232274383930708,0.0008368368617796729,OFFBOARD,1
42.46,GLIDE_APPROACH,48.12040213921831,48.03682015275006,0,50.624,0.0,1,0.9053710699081421,2.155778916883682,0.030613915216725855,2.155778916883682,0.030613915216725855,2.155778916883682,0.030613915216725855,-0.8,25.788047790527344,-0.4651864469051361,50.10243606567383,24.27427435979091,0.0008368368496899225,OFFBOARD,1
42.496,GLIDE_APPROACH,48.10324518965018,48.012298783032605,0,50.66,0.0,1,0.9137828350067139,2.14638490435526,0.03179525488532799,2.14638490435526,0.03179525488532799,2.14638490435526,0.03179525488532799,-0.8,25.863712310791016,-0.46621912717819214,50.07896041870117,24.32827433806476,0.0008368368323294914,OFFBOARD,1
42.532,GLIDE_APPROACH,48.074718881699816,47.974503572197314,0,50.696,0.0,1,0.9137828350067139,2.135260892241673,0.03314755864967486,2.135260892241673,0.03314755864967486,2.135260892241673,0.03314755864967486,-0.8,25.938987731933594,-0.4671810567378998,50.05537796020508,24.37027430565643,0.0008368368202397409,OFFBOARD,1
42.56,GLIDE_APPROACH,48.06005074584788,47.95403856230397,0,50.724,0.0,1,0.9137828350067139,2.128304175840129,0.033893797004031084,2.128304175840129,0.033893797004031084,2.128304175840129,0.033893797004031084,-0.8,26.03252601623535,-0.4682718813419342,50.02549743652344,24.424274294108884,0.0008368368028793098,OFFBOARD,1
42.592,GLIDE_APPROACH,48.03957613456993,47.85274869952986,0,50.756,0.0,1,0.9137828350067139,2.1206062410114432,0.03486559807423875,2.1206062410114432,0.03486559807423875,2.1206062410114432,0.03486559807423875,-0.8,26.1069278717041,-0.46905821561813354,50.00136184692383,24.472274288895953,0.0008368367881542191,OFFBOARD,1
42.628,GLIDE_APPROACH,48.01319674042341,47.89407341481393,0,50.792,0.0,1,0.9137828350067139,2.1125724600649862,0.03603972125019392,2.1125724600649862,0.03603972125019392,2.1125724600649862,0.03603972125019392,-0.8,26.18096923828125,-0.46976107358932495,49.976844787597656,24.52027428838863,0.0008368367734291283,OFFBOARD,1
42.66,GLIDE_APPROACH,47.995456370676656,47.87107930481579,0,50.824,0.0,1,0.9137828350067139,2.10626677601898,0.03684755463702781,2.10626677601898,0.03684755463702781,2.10626677601898,0.03684755463702781,-0.8,26.254667282104492,-0.47037792205810547,49.952144622802734,24.57427427063193,0.0008368367576581053,OFFBOARD,1
42.696,GLIDE_APPROACH,47.974352738925724,47.84517574748683,0,50.86,0.0,1,0.9137828350067139,2.1005055233070062,0.03772734671890027,2.1005055233070062,0.03772734671890027,2.1005055233070062,0.03772734671890027,-0.8,26.346324920654297,-0.47102630138397217,49.920841217041016,24.628274258148572,0.0008368367402976742,OFFBOARD,1
42.728,GLIDE_APPROACH,47.95033240437177,47.81638923249357,0,50.892,0.0,1,0.9137828350067139,2.0947809897715217,0.038670455526122985,2.0947809897715217,0.038670455526122985,2.0947809897715217,0.038670455526122985,-0.8,26.40106964111328,-0.47134286165237427,49.901824951171875,24.67627423257826,0.0008368367255725834,OFFBOARD,1
42.76,GLIDE_APPROACH,47.92872730489203,47.79110934912258,0,50.924,0.0,1,0.9137828350067139,2.0903740825953254,0.03946523704634955,2.0903740825953254,0.03946523704634955,2.0903740825953254,0.03946523704634955,-0.8,26.491914749145508,-0.47178611159324646,49.869964599609375,24.724274202344617,0.0008368367108474927,OFFBOARD,1
42.796,GLIDE_APPROACH,47.9037362480061,47.763085928540924,0,50.96,0.0,1,0.9137828350067139,2.086734592938221,0.04030002751987359,2.086734592938221,0.04030002751987359,2.086734592938221,0.04030002751987359,-0.8,26.564252853393555,-0.47206705808639526,49.84421157836914,24.778274171789715,0.0008368366950764695,OFFBOARD,1
42.828,GLIDE_APPROACH,47.87886994311928,47.73533703096641,0,50.992,0.0,1,0.9137828350067139,2.083270596146908,0.041090806771113875,2.083270596146908,0.041090806771113875,2.083270596146908,0.041090806771113875,-0.8,26.63629150390625,-0.472281277179718,49.81839370727539,24.826274155987765,0.0008368366803513787,OFFBOARD,1
42.86,GLIDE_APPROACH,47.859646635523525,47.624267635526174,0,51.024,0.0,1,0.9323397874832153,2.070633042923827,0.04574136688258699,2.070633042923827,0.04574136688258699,2.070633042923827,0.04574136688258699,-0.8,26.725940704345703,-0.47245386242866516,49.78575897216797,24.874274133486995,0.0008368366656262881,OFFBOARD,1
42.892,GLIDE_APPROACH,47.837005564052525,47.68989637517355,0,51.056,0.0,1,0.9323397874832153,2.068977079016011,0.046396402458218404,2.068977079016011,0.046396402458218404,2.068977079016011,0.046396402458218404,-0.8,26.780433654785156,-0.47287091612815857,49.767669677734375,24.92227410452814,0.0008368366509011974,OFFBOARD,1
42.932,GLIDE_APPROACH,47.81116876398564,47.663517445801176,0,51.096,0.0,1,0.9323397874832153,2.0683257608116716,0.047174019609543004,2.0683257608116716,0.047174019609543004,2.0683257608116716,0.047174019609543004,-0.8,26.8525390625,-0.4733680784702301,49.743160247802734,24.982274069826147,0.000836836632494834,OFFBOARD,1
42.968,GLIDE_APPROACH,47.78787087129315,47.64063533689896,0,51.132,0.0,1,0.9323397874832153,2.0688277756837676,0.04790196470784556,2.0688277756837676,0.04790196470784556,2.0688277756837676,0.04790196470784556,-0.8,26.941768646240234,-0.4739067554473877,49.712039947509766,25.03627405798917,0.0008368366151344031,OFFBOARD,1
42.992,GLIDE_APPROACH,47.76425266125642,47.61827805654622,0,51.156,0.0,1,0.9323397874832153,2.07033590781449,0.0486638518767803,2.07033590781449,0.0486638518767803,2.07033590781449,0.0486638518767803,-0.8,27.01246452331543,-0.47427284717559814,49.68675231933594,25.072274041624325,0.000836836604090585,OFFBOARD,1
43.028,GLIDE_APPROACH,47.73729446341165,47.59373780214849,0,51.192,0.0,1,0.9323397874832153,2.0732398486776424,0.04955858839059086,2.0732398486776424,0.04955858839059086,2.0732398486776424,0.04955858839059086,-0.8,27.08254623413086,-0.47457897663116455,49.661155700683594,25.12027401434013,0.0008368365893654943,OFFBOARD,1
43.06,GLIDE_APPROACH,47.70982633193975,47.569894731614056,0,51.224,0.0,1,0.9323397874832153,2.077588513432797,0.05047717561663554,2.077588513432797,0.05047717561663554,2.077588513432797,0.05047717561663554,-0.8,27.152042388916016,-0.47483187913894653,49.63542938232422,25.168273981203814,0.0008368365746404035,OFFBOARD,1
43.092,GLIDE_APPROACH,47.68837030030159,47.55162347823864,0,51.256,0.0,1,0.9323397874832153,2.081409070493983,0.051231168451696514,2.081409070493983,0.051231168451696514,2.081409070493983,0.051231168451696514,-0.8,27.220985412597656,-0.47504642605781555,49.60942077636719,25.222273930088626,0.0008368365588693804,OFFBOARD,1
43.128,GLIDE_APPROACH,47.6603098863004,47.52871865658806,0,51.292,0.0,1,0.9323397874832153,2.087594755783573,0.05220686055868302,2.087594755783573,0.05220686055868302,2.087594755783573,0.05220686055868302,-0.8,27.289398193359375,-0.47521814703941345,49.58346939086914,25.27627389607691,0.0008368365415089492,OFFBOARD,1
43.16,GLIDE_APPROACH,47.63821368485636,47.42634049943528,0,51.324,0.0,1,0.9323397874832153,2.093062706857334,0.05298851577127541,2.093062706857334,0.05298851577127541,2.093062706857334,0.05298851577127541,-0.8,27.37424087524414,-0.4753968119621277,49.55074691772461,25.318273867568355,0.0008368365294191988,OFFBOARD,1
43.192,GLIDE_APPROACH,47.609509142090396,47.48922242416061,0,51.356,0.0,1,0.9323397874832153,2.101154641140458,0.05397495220394962,2.101154641140458,0.05397495220394962,2.101154641140458,0.05397495220394962,-0.8,27.44162940979004,-0.47549232840538025,49.524417877197266,25.366273855500097,0.0008368365146941082,OFFBOARD,1
43.228,GLIDE_APPROACH,47.580441819199656,47.4676073825476,0,51.392,0.0,1,0.9323397874832153,2.1100997431796578,0.05497339140433479,2.1100997431796578,0.05497339140433479,2.1100997431796578,0.05497339140433479,-0.8,27.508623123168945,-0.47553834319114685,49.49786376953125,25.426273849182564,0.0008368364962877449,OFFBOARD,1
43.26,GLIDE_APPROACH,47.55431898834674,47.44870760071206,0,51.424,0.0,1,0.9323397874832153,2.1187659103421694,0.05585501809492419,2.1187659103421694,0.05585501809492419,2.1187659103421694,0.05585501809492419,-0.8,27.57526969909668,-0.47555842995643616,49.471229553222656,25.468273846331776,0.0008368364826085865,OFFBOARD,1
43.292,GLIDE_APPROACH,47.52479153664279,47.427830002284644,0,51.456,0.0,1,0.9323397874832153,2.129144109596093,0.056822078220140744,2.129144109596093,0.056822078220140744,2.129144109596093,0.056822078220140744,-0.8,27.642335891723633,-0.4771743416786194,49.44765090942383,25.52227381729225,0.0008368364668375633,OFFBOARD,1
43.328,GLIDE_APPROACH,47.494798247398535,47.40716525839256,0,51.492,0.0,1,0.9323397874832153,2.1403371914242713,0.05778045809796662,2.1403371914242713,0.05778045809796662,2.1403371914242713,0.05778045809796662,-0.8,27.70905876159668,-0.4786339998245239,49.42374801635742,25.576273802935884,0.0008368364494771324,OFFBOARD,1
43.36,GLIDE_APPROACH,47.47097934817914,47.39119161167832,0,51.524,0.0,1,0.9188038110733032,2.1564135688159194,0.060704779442804335,2.1564135688159194,0.060704779442804335,2.1564135688159194,0.060704779442804335,-0.8,27.792011260986328,-0.4802274703979492,49.39369583129883,25.624273795493593,0.0008368364347520416,OFFBOARD,1
43.392,GLIDE_APPROACH,47.443779444937455,47.37303541448151,0,51.556,0.0,1,0.9188038110733032,2.167265328016643,0.061382877759275284,2.167265328016643,0.061382877759275284,2.167265328016643,0.061382877759275284,-0.8,27.858131408691406,-0.4812931716442108,49.36937713623047,25.672273798950208,0.0008368364200269507,OFFBOARD,1
43.428,GLIDE_APPROACH,47.409811239385675,47.35025497073215,0,51.592,0.0,1,0.9188038110733032,2.180693704389372,0.061864097962285314,2.180693704389372,0.061864097962285314,2.180693704389372,0.061864097962285314,-0.8,27.92425537109375,-0.48207852244377136,49.34495544433594,25.72027380861037,0.00083683640530186,OFFBOARD,1
43.46,GLIDE_APPROACH,47.38528130808231,47.3340555459995,0,51.624,0.0,1,0.9188038110733032,2.190689843662203,0.061983220118323176,2.190689843662203,0.061983220118323176,2.190689843662203,0.061983220118323176,-0.8,27.99043846130371,-0.4825752377510071,49.32014846801758,25.768273810554,0.0008368363905767692,OFFBOARD,1
43.496,GLIDE_APPROACH,47.357406047668334,47.31547306816264,0,51.66,0.0,1,0.9188038110733032,2.2018410757802718,0.0618588702406843,2.2018410757802718,0.0618588702406843,2.2018410757802718,0.0618588702406843,-0.8,28.07329559326172,-0.482805460691452,49.28850555419922,25.828273800913163,0.0008368363721704059,OFFBOARD,1
43.528,GLIDE_APPROACH,47.32576982302109,47.29435350503165,0,51.692,0.0,1,0.9188038110733032,2.2144576379356984,0.06140847815375698,2.2144576379356984,0.06140847815375698,2.2144576379356984,0.06140847815375698,-0.8,28.12309455871582,-0.48273152112960815,49.269386291503906,25.87627378422501,0.0008368363574453152,OFFBOARD,1
43.56,GLIDE_APPROACH,47.29429952741203,47.27306432599302,0,51.724,0.0,1,0.9188038110733032,2.2266798816618856,0.06062610248777238,2.2266798816618856,0.06062610248777238,2.2266798816618856,0.06062610248777238,-0.8,28.20626449584961,-0.4822828769683838,49.23743438720703,25.924273762209765,0.0008368363427202245,OFFBOARD,1
43.592,GLIDE_APPROACH,47.26882364038602,47.256205348067596,0,51.756,0.0,1,0.9188038110733032,2.2370178157006726,0.05983258628491296,2.2370178157006726,0.05983258628491296,2.2370178157006726,0.05983258628491296,-0.8,28.272987365722656,-0.4816359281539917,49.21175003051758,25.972273748685904,0.0008368363279951339,OFFBOARD,1
43.628,GLIDE_APPROACH,47.236425313305176,47.23439627918007,0,51.792,0.0,1,0.9188038110733032,2.2497309419641986,0.05854236854336467,2.2497309419641986,0.05854236854336467,2.2497309419641986,0.05854236854336467,-0.8,28.33987045288086,-0.48074501752853394,49.18598175048828,26.026273738850687,0.0008368363122241109,OFFBOARD,1
43.66,GLIDE_APPROACH,47.204330761106,47.21240167346,0,51.824,0.0,1,0.9188038110733032,2.261853248302009,0.05697479175128603,2.261853248302009,0.05697479175128603,2.261853248302009,0.05697479175128603,-0.8,28.423717498779297,-0.47934919595718384,49.1538200378418,26.06827375277065,0.0008368362985449528,OFFBOARD,1
43.692,GLIDE_APPROACH,47.17826710588604,47.194988403950795,0,51.856,0.0,1,0.9188038110733032,2.272235318971901,0.05561390262868157,2.272235318971901,0.05561390262868157,2.272235318971901,0.05561390262868157,-0.8,28.474899291992188,-0.47910329699516296,49.13597869873047,26.122273747149205,0.0008368362827739299,OFFBOARD,1
43.728,GLIDE_APPROACH,47.142186567745995,47.170010434331466,0,51.892,0.0,1,0.9188038110733032,2.2855615503051725,0.05340296227319774,2.2855615503051725,0.05340296227319774,2.2855615503051725,0.05340296227319774,-0.8,28.543212890625,-0.478555828332901,49.11203384399414,26.17627375377349,0.000836836265413499,OFFBOARD,1
43.76,GLIDE_APPROACH,47.11579985531023,47.066692651393,0,51.924,0.0,1,0.9188038110733032,2.295865888023977,0.05173012104608962,2.295865888023977,0.05173012104608962,2.295865888023977,0.05173012104608962,-0.8,28.62873077392578,-0.47753965854644775,49.08162307739258,26.2242737626344,0.0008368362506884083,OFFBOARD,1
43.792,GLIDE_APPROACH,47.086175258906295,47.131753901935255,0,51.956,0.0,1,0.9188038110733032,2.3068727224653913,0.04966017543960678,2.3068727224653913,0.04966017543960678,2.3068727224653913,0.04966017543960678,-0.8,28.6972599029541,-0.4764871299266815,49.057003021240234,26.272273780376654,0.0008368362359633174,OFFBOARD,1
43.828,GLIDE_APPROACH,47.05268470829448,47.10848177797285,0,51.992,0.0,1,0.9188038110733032,2.3191377849879644,0.04716262656934117,2.3191377849879644,0.04716262656934117,2.3191377849879644,0.04716262656934117,-0.8,28.76592445373535,-0.4752281904220581,49.032135009765625,26.326273794814632,0.0008368362201922945,OFFBOARD,1
43.86,GLIDE_APPROACH,47.01968393266698,47.085002834567966,0,52.024,0.0,1,0.9188038110733032,2.3305631915546217,0.04448183544698814,2.3305631915546217,0.04448183544698814,2.3305631915546217,0.04448183544698814,-0.8,28.8347225189209,-0.4737932085990906,49.00733184814453,26.37427380461857,0.0008368362054672037,OFFBOARD,1
43.892,GLIDE_APPROACH,46.98937153321096,47.06394336706469,0,52.056,0.0,1,0.9188038110733032,2.3416736742118167,0.04195538703299781,2.3416736742118167,0.04195538703299781,2.3416736742118167,0.04195538703299781,-0.8,28.903642654418945,-0.47219908237457275,48.982181549072266,26.416273823695224,0.0008368361917880454,OFFBOARD,1
43.928,GLIDE_APPROACH,46.95787591115288,47.04274960549237,0,52.092,0.0,1,0.9220938086509705,2.3551464592388656,0.03929246262985522,2.3551464592388656,0.03929246262985522,2.3551464592388656,0.03929246262985522,-0.8,28.972579956054688,-0.47041425108909607,48.956390380859375,26.47027383968223,0.0008368361760170222,OFFBOARD,1
43.96,GLIDE_APPROACH,46.926638116494146,47.02155083781415,0,52.124,0.0,1,0.9220938086509705,2.3672003148413068,0.03647679170082566,2.3672003148413068,0.03647679170082566,2.3672003148413068,0.03647679170082566,-0.8,29.05876350402832,-0.46794378757476807,48.923274993896484,26.524273880472027,0.0008368361586565912,OFFBOARD,1
44.0,GLIDE_APPROACH,46.88788055778817,46.92598598484184,0,52.164,0.0,1,0.9220938086509705,2.3818475927541973,0.03277486400709243,2.3818475927541973,0.03277486400709243,2.3818475927541973,0.03277486400709243,-0.8,29.19674301147461,-0.46352890133857727,48.86872482299805,26.578273914281027,0.000836836142885568,OFFBOARD,1
44.032,GLIDE_APPROACH,46.859413871099406,46.97619183920386,0,52.196,0.0,1,0.9220938086509705,2.3934411335678165,0.03011853105386706,2.3934411335678165,0.03011853105386706,2.3934411335678165,0.03011853105386706,-0.8,29.19674301147461,-0.46352890133857727,48.86872482299805,26.62627395172981,0.0008368361281604772,OFFBOARD,1
44.06,GLIDE_APPROACH,46.82757953290813,46.86830586260325,0,52.224,0.0,1,0.9220938086509705,2.405810934762137,0.026987062020087715,2.405810934762137,0.026987062020087715,2.405810934762137,0.026987062020087715,-0.8,29.283098220825195,-0.46050727367401123,48.834022521972656,26.674273977118222,0.0008368361134353865,OFFBOARD,1
44.092,GLIDE_APPROACH,46.79571054431542,46.88115179778083,0,52.256,0.0,1,0.9220938086509705,2.418054665456198,0.02378698198337984,2.418054665456198,0.02378698198337984,2.418054665456198,0.02378698198337984,-0.8,29.334938049316406,-0.4593438506126404,48.815269470214844,26.716273997241963,0.0008368360997562283,OFFBOARD,1
44.128,GLIDE_APPROACH,46.75986909163928,46.90841735630321,0,52.292,0.0,1,0.9220938086509705,2.4315766506206087,0.020120074315582555,2.4315766506206087,0.020120074315582555,2.4315766506206087,0.020120074315582555,-0.8,29.404163360595703,-0.45766013860702515,48.78990936279297,26.776273999948046,0.0008368360813498653,OFFBOARD,1
44.16,GLIDE_APPROACH,46.72803820945498,46.886378288431644,0,52.324,0.0,1,0.9220938086509705,2.4433253112958857,0.016812276235368184,2.4433253112958857,0.016812276235368184,2.4433253112958857,0.016812276235368184,-0.8,29.490909576416016,-0.45537641644477844,48.757911682128906,26.8242739923529,0.0008368360666247745,OFFBOARD,1
44.192,GLIDE_APPROACH,46.6929490842851,46.86140990148509,0,52.356,0.0,1,0.9220938086509705,2.455473011325354,0.013030661252329434,2.455473011325354,0.013030661252329434,2.455473011325354,0.013030661252329434,-0.8,29.560466766357422,-0.45343098044395447,48.732017517089844,26.872273990837442,0.0008368360518996839,OFFBOARD,1
44.228,GLIDE_APPROACH,46.663850924397615,46.841610943542875,0,52.392,0.0,1,0.9220938086509705,2.4666375327936834,0.010113073181984865,2.4666375327936834,0.010113073181984865,2.4666375327936834,0.010113073181984865,-0.8,29.630186080932617,-0.451396107673645,48.705909729003906,26.920273992416345,0.0008368360371745931,OFFBOARD,1
44.26,GLIDE_APPROACH,46.62890578096513,46.816133211407085,0,52.424,0.0,1,0.9220938086509705,2.4780002575476243,0.006275443870818725,2.4780002575476243,0.006275443870818725,2.4780002575476243,0.006275443870818725,-0.8,29.700096130371094,-0.4492729902267456,48.679603576660156,26.968273985130665,0.0008368360224495024,OFFBOARD,1
44.292,GLIDE_APPROACH,46.59736093116079,46.79316330789898,0,52.456,0.0,1,0.9049060940742493,2.5,0.0016138694361826668,2.5,0.0016138694361826668,2.5,0.0016138694361826668,-0.8,29.787803649902344,-0.4464978575706482,48.646209716796875,27.02227395893803,0.0008368360066784794,OFFBOARD,1
44.328,GLIDE_APPROACH,46.55872246727409,46.76414943252428,0,52.492,0.0,1,0.9049060940742493,2.5,-0.0026795764234398348,2.5,-0.0026795764234398348,2.5,-0.0026795764234398348,-0.8,29.840595245361328,-0.4447823166847229,48.62610626220703,27.076273945611288,0.0008368359893180485,OFFBOARD,1
44.364,GLIDE_APPROACH,46.52687463534323,46.740505514676975,0,52.528,0.0,1,0.9049060940742493,2.5,-0.006081667697982265,2.5,-0.006081667697982265,2.5,-0.006081667697982265,-0.8,29.92888832092285,-0.4418749511241913,48.592220306396484,27.130273928269176,0.0008368359735470252,OFFBOARD,1
44.392,GLIDE_APPROACH,46.49976088060249,46.71945805216725,0,52.556,0.0,1,0.9049060940742493,2.5,-0.009057606140082832,2.5,-0.009057606140082832,2.5,-0.009057606140082832,-0.8,29.999868392944336,-0.43951669335365295,48.56499481201172,27.172273924828012,0.000836835959867867,OFFBOARD,1
44.428,GLIDE_APPROACH,46.46526671103588,46.691679949343914,0,52.592,0.0,1,0.9049060940742493,2.5,-0.012844761038491461,2.5,-0.012844761038491461,2.5,-0.012844761038491461,-0.8,30.07143783569336,-0.43717077374458313,48.53774642944336,27.22027390489313,0.0008368359451427764,OFFBOARD,1
44.46,GLIDE_APPROACH,46.434947141049825,46.66630655628693,0,52.624,0.0,1,0.9049060940742493,2.5,-0.016168296970460017,2.5,-0.016168296970460017,2.5,-0.016168296970460017,-0.8,30.143600463867188,-0.43484586477279663,48.51046371459961,27.27427386602804,0.0008368359293717531,OFFBOARD,1
44.492,GLIDE_APPROACH,46.40492461473452,46.64029607296091,0,52.656,0.0,1,0.9049060940742493,2.5,-0.019448283028895022,2.5,-0.019448283028895022,2.5,-0.019448283028895022,-0.8,30.216249465942383,-0.4328687787055969,48.486148834228516,27.322273831375636,0.0008368359146466624,OFFBOARD,1
44.532,GLIDE_APPROACH,46.371474665424294,46.61029314249158,0,52.696,0.0,1,0.9049060940742493,2.5,-0.02308397020443026,2.5,-0.02308397020443026,2.5,-0.02308397020443026,-0.8,30.307937622070312,-0.43042686581611633,48.4551887512207,27.38227378977918,0.0008368358962402991,OFFBOARD,1
44.56,GLIDE_APPROACH,46.34200945801607,46.58299578505003,0,52.724,0.0,1,0.9049060940742493,2.5,-0.026266085146265074,2.5,-0.026266085146265074,2.5,-0.026266085146265074,-0.8,30.381935119628906,-0.4285063147544861,48.430084228515625,27.424273778822975,0.0008368358825611408,OFFBOARD,1
44.592,GLIDE_APPROACH,46.30955929712981,46.551692332133925,0,52.756,0.0,1,0.9049060940742493,2.5,-0.029808022702577576,2.5,-0.029808022702577576,2.5,-0.029808022702577576,-0.8,30.456501007080078,-0.42662081122398376,48.40456008911133,27.47227375503793,0.0008368358678360501,OFFBOARD,1
44.628,GLIDE_APPROACH,46.28018983834485,46.523205444588896,0,52.792,0.0,1,0.9049060940742493,2.5,-0.03286526895679317,2.5,-0.03286526895679317,2.5,-0.03286526895679317,-0.8,30.531585693359375,-0.42478787899017334,48.378753662109375,27.526273717365076,0.0008368358520650269,OFFBOARD,1
44.66,GLIDE_APPROACH,46.251479084627356,46.49432188018058,0,52.824,0.0,1,0.9049060940742493,2.5,-0.03588829160427202,2.5,-0.03588829160427202,2.5,-0.03588829160427202,-0.8,30.607158660888672,-0.4229777455329895,48.352630615234375,27.574273699985376,0.0008368358373399362,OFFBOARD,1
44.692,GLIDE_APPROACH,46.223024421821414,46.465019630604694,0,52.856,0.0,1,0.9049060940742493,2.5,-0.03885345947343046,2.5,-0.03885345947343046,2.5,-0.03885345947343046,-0.8,30.68317222595215,-0.42119383811950684,48.32621383666992,27.62227367954261,0.0008368358226148458,OFFBOARD,1
44.736,GLIDE_APPROACH,46.1913389280143,46.335628622575896,0,52.9,0.0,1,0.9049060940742493,2.5,-0.04211382591068198,2.5,-0.04211382591068198,2.5,-0.04211382591068198,-0.8,30.855546951293945,-0.4173986315727234,48.26649856567383,27.682273655659024,0.0008368358042084823,OFFBOARD,1
44.76,GLIDE_APPROACH,46.16025785686432,46.39782336995453,0,52.924,0.0,1,0.9049060940742493,2.5,-0.04530784779633401,2.5,-0.04530784779633401,2.5,-0.04530784779633401,-0.8,30.855546951293945,-0.4173986315727234,48.26649856567383,27.718273649867715,0.0008368357931646643,OFFBOARD,1
44.796,GLIDE_APPROACH,46.13592977324955,46.37116899283585,0,52.96,0.0,1,0.9049060940742493,2.5,-0.04769130229998389,2.5,-0.04769130229998389,2.5,-0.04769130229998389,-0.8,30.932693481445312,-0.4158006012439728,48.23981475830078,27.76627365158908,0.0008368357784395737,OFFBOARD,1
44.828,GLIDE_APPROACH,46.10531288594715,46.336667049350055,0,52.992,0.0,1,0.9061535596847534,2.5,-0.050695285335082996,2.5,-0.050695285335082996,2.5,-0.050695285335082996,-0.8,31.010128021240234,-0.41426897048950195,48.21295166015625,27.826273668076688,0.0008368357600332104,OFFBOARD,1
44.86,GLIDE_APPROACH,46.07844623608515,46.30572503046124,0,53.024,0.0,1,0.9061535596847534,2.5,-0.05327984405733037,2.5,-0.05327984405733037,2.5,-0.05327984405733037,-0.8,31.087825775146484,-0.4128116965293884,48.18590545654297,27.87427368945292,0.0008368357453081197,OFFBOARD,1
44.892,GLIDE_APPROACH,46.05509116969913,46.27846792083941,0,53.056,0.0,1,0.9061535596847534,2.5,-0.05542749050075401,2.5,-0.05542749050075401,2.5,-0.05542749050075401,-0.8,31.18596649169922,-0.4104233682155609,48.156005859375,27.922273703721142,0.0008368357305830288,OFFBOARD,1
44.928,GLIDE_APPROACH,46.01902079666574,46.23587223387341,0,53.092,0.0,1,0.9061535596847534,2.5,-0.058633854961887666,2.5,-0.058633854961887666,2.5,-0.058633854961887666,-0.8,31.24481964111328,-0.4091120660305023,48.137664794921875,27.97627372346458,0.000836835713222598,OFFBOARD,1
44.96,GLIDE_APPROACH,45.99617767595533,46.20864523056747,0,53.124,0.0,1,0.9061535596847534,2.5,-0.060468823648058036,2.5,-0.060468823648058036,2.5,-0.060468823648058036,-0.8,31.34280776977539,-0.40711694955825806,48.1066780090332,28.024273742752634,0.0008368356984975073,OFFBOARD,1
44.992,GLIDE_APPROACH,45.967094986058,46.17381635901885,0,53.156,0.0,1,0.9061535596847534,2.5,-0.06269846210066117,2.5,-0.06269846210066117,2.5,-0.06269846210066117,-0.8,31.421112060546875,-0.4056920111179352,48.08140563964844,28.07227376986078,0.0008368356837724165,OFFBOARD,1
45.028,GLIDE_APPROACH,45.94157271787669,46.142775801612196,0,53.192,0.0,1,0.9061535596847534,2.5,-0.06447061038919596,2.5,-0.06447061038919596,2.5,-0.06447061038919596,-0.8,31.499340057373047,-0.4044194221496582,48.055763244628906,28.1202737984765,0.0008368356690473258,OFFBOARD,1
45.064,GLIDE_APPROACH,45.91627022667024,46.11182683745462,0,53.228,0.0,1,0.9061535596847534,2.5,-0.0661077758846537,2.5,-0.0661077758846537,2.5,-0.0661077758846537,-0.8,31.597015380859375,-0.40304669737815857,48.02324295043945,28.18027381895862,0.0008368356506409624,OFFBOARD,1
45.092,GLIDE_APPROACH,45.891233992855405,46.080900008362626,0,53.256,0.0,1,0.9061535596847534,2.4953579827070023,-0.06759081025465008,2.4953579827070023,-0.06759081025465008,2.4953579827070023,-0.06759081025465008,-0.8,31.655580520629883,-0.402336061000824,48.00345993041992,28.222273815826085,0.000836835638551212,OFFBOARD,1
45.128,GLIDE_APPROACH,45.86013034420297,46.04231829445309,0,53.292,0.0,1,0.9061535596847534,2.486386919304333,-0.06925649528535499,2.486386919304333,-0.06925649528535499,2.486386919304333,-0.06925649528535499,-0.8,31.73361587524414,-0.40152767300605774,47.97698974609375,28.27627382597051,0.000836835621190781,OFFBOARD,1
45.16,GLIDE_APPROACH,45.838952509150324,46.01520760570373,0,53.324,0.0,1,0.9061535596847534,2.4792629540688624,-0.07025001351743872,2.4792629540688624,-0.07025001351743872,2.4792629540688624,-0.07025001351743872,-0.8,31.831092834472656,-0.40069490671157837,47.94343566894531,28.318273826866157,0.0008368356091010305,OFFBOARD,1
45.192,GLIDE_APPROACH,45.81479302675698,45.984283960070066,0,53.356,0.0,1,0.9061535596847534,2.4711447856719935,-0.0712824849529721,2.4711447856719935,-0.0712824849529721,2.4711447856719935,-0.0712824849529721,-0.8,31.909027099609375,-0.4001827538013458,47.916324615478516,28.372273838826406,0.0008368355917405994,OFFBOARD,1
45.228,GLIDE_APPROACH,45.787956306947436,45.94947326872811,0,53.392,0.0,1,0.9061535596847534,2.461574793419918,-0.0722874153544035,2.461574793419918,-0.0722874153544035,2.461574793419918,-0.0722874153544035,-0.8,31.986934661865234,-0.39979293942451477,47.88894271850586,28.42627382416341,0.0008368355759695764,OFFBOARD,1
45.26,GLIDE_APPROACH,45.76440701061448,45.91850578791079,0,53.424,0.0,1,0.9061535596847534,2.4526758655175507,-0.0730479782729293,2.4526758655175507,-0.0730479782729293,2.4526758655175507,-0.0730479782729293,-0.8,32.06483840942383,-0.3995134234428406,47.86148452758789,28.474273808881474,0.0008368355612444859,OFFBOARD,1
45.292,GLIDE_APPROACH,45.74114602581372,45.88751418632781,0,53.456,0.0,1,0.9061535596847534,2.4433983081775157,-0.07368903937053342,2.4433983081775157,-0.07368903937053342,2.4433983081775157,-0.07368903937053342,-0.8,32.14413070678711,-0.39854803681373596,47.836463928222656,28.51627379690763,0.0008368355475653276,OFFBOARD,1
45.328,GLIDE_APPROACH,45.71530938836195,45.852625407249484,0,53.492,0.0,1,0.9113295674324036,2.413087123428853,-0.07333632286311025,2.413087123428853,-0.07333632286311025,2.413087123428853,-0.07333632286311025,-0.8,32.22328567504883,-0.39776602387428284,47.81145095825195,28.57027376198555,0.0008368355317943044,OFFBOARD,1
45.36,GLIDE_APPROACH,45.69261146275943,45.82160297863467,0,53.524,0.0,1,0.9113295674324036,2.403097686581467,-0.07374166110515334,2.403097686581467,-0.07374166110515334,2.403097686581467,-0.07374166110515334,-0.8,32.322059631347656,-0.3970242738723755,47.7797737121582,28.624273756021804,0.0008368355144338735,OFFBOARD,1
45.392,GLIDE_APPROACH,45.66710389300561,45.78682150722248,0,53.556,0.0,1,0.9113295674324036,2.391969331789457,-0.07372818129173812,2.391969331789457,-0.07372818129173812,2.391969331789457,-0.07372818129173812,-0.8,32.40092849731445,-0.3966796100139618,47.754085540771484,28.672273755413062,0.0008368354997087829,OFFBOARD,1
45.428,GLIDE_APPROACH,45.64268680565646,45.75210665159887,0,53.592,0.0,1,0.9113295674324036,2.379616895768027,-0.07290014926626359,2.379616895768027,-0.07290014926626359,2.379616895768027,-0.07290014926626359,-0.8,32.499202728271484,-0.397032767534256,47.72188186645508,28.72627375913367,0.0008368354839377597,OFFBOARD,1
45.46,GLIDE_APPROACH,45.62145580190945,45.72137983953754,0,53.624,0.0,1,0.9113295674324036,2.3682195183591177,-0.0715096901622822,2.3682195183591177,-0.0715096901622822,2.3682195183591177,-0.0715096901622822,-0.8,32.55800247192383,-0.39766788482666016,47.70246505737305,28.77427377807224,0.0008368354692126691,OFFBOARD,1
45.492,GLIDE_APPROACH,45.60057959312379,45.69080214859316,0,53.656,0.0,1,0.9113295674324036,2.3565829792917685,-0.06952137622767156,2.3565829792917685,-0.06952137622767156,2.3565829792917685,-0.06952137622767156,-0.8,32.63619613647461,-0.3989936113357544,47.676822662353516,28.82227379151622,0.0008368354544875783,OFFBOARD,1
45.528,GLIDE_APPROACH,45.577422035170066,45.656610198088416,0,53.692,0.0,1,0.9113295674324036,2.3433403482051767,-0.06660696094382139,2.3433403482051767,-0.06660696094382139,2.3433403482051767,-0.06660696094382139,-0.8,32.71413803100586,-0.400839239358902,47.6508903503418,28.87627381026311,0.0008368354371271474,OFFBOARD,1
45.56,GLIDE_APPROACH,45.56019487107627,45.63012901928303,0,53.724,0.0,1,0.9113295674324036,2.332237885046511,-0.06385402600978582,2.332237885046511,-0.06385402600978582,2.332237885046511,-0.06385402600978582,-0.8,32.81117630004883,-0.4038351774215698,47.6184196472168,28.918273818047737,0.0008368354250373968,OFFBOARD,1
45.6,GLIDE_APPROACH,45.536891192360606,45.59645236353496,0,53.764,0.0,1,0.9113295674324036,2.3197933812290246,-0.05983336765332485,2.3197933812290246,-0.05983336765332485,2.3197933812290246,-0.05983336765332485,-0.8,32.88848876953125,-0.40675538778305054,47.59233856201172,28.9782738501973,0.0008368354066310334,OFFBOARD,1
45.628,GLIDE_APPROACH,45.51748615410993,45.566647928617456,0,53.792,0.0,1,0.9113295674324036,2.307320727456725,-0.05575586346736969,2.307320727456725,-0.05575586346736969,2.307320727456725,-0.05575586346736969,-0.8,32.96550750732422,-0.41008883714675903,47.566165924072266,29.026273883861577,0.0008368353919059427,OFFBOARD,1
45.66,GLIDE_APPROACH,45.497580707226106,45.537135200928766,0,53.824,0.0,1,0.9113295674324036,2.295794575840167,-0.051325521832838256,2.295794575840167,-0.051325521832838256,2.295794575840167,-0.051325521832838256,-0.8,33.04222869873047,-0.4137946367263794,47.53997802734375,29.06827392589504,0.0008368353782267845,OFFBOARD,1
45.692,GLIDE_APPROACH,45.477768637828866,45.50786304739227,0,53.856,0.0,1,0.9113295674324036,2.2844404800520004,-0.04656333474430353,2.2844404800520004,-0.04656333474430353,2.2844404800520004,-0.04656333474430353,-0.8,33.120628356933594,-0.41729703545570374,47.51536178588867,29.12227395419914,0.0008368353624557614,OFFBOARD,1
45.728,GLIDE_APPROACH,45.45243229310367,45.47167410760053,0,53.892,0.0,1,0.9113295674324036,2.271419351553892,-0.04023402204675552,2.271419351553892,-0.04023402204675552,2.271419351553892,-0.04023402204675552,-0.8,33.19855499267578,-0.42111626267433167,47.49043655395508,29.170273973380386,0.0008368353477306708,OFFBOARD,1
45.76,GLIDE_APPROACH,45.435878226027235,45.44647704358788,0,53.924,0.0,1,0.9113295674324036,2.2610487461849336,-0.035530085290111965,2.2610487461849336,-0.035530085290111965,2.2610487461849336,-0.035530085290111965,-0.8,33.29533767700195,-0.4262743592262268,47.45869827270508,29.224273989932158,0.0008368353303702398,OFFBOARD,1
45.792,GLIDE_APPROACH,45.41620991738153,45.417980346074714,0,53.956,0.0,1,0.9113295674324036,2.2504558947110778,-0.029984324752432838,2.2504558947110778,-0.029984324752432838,2.2504558947110778,-0.029984324752432838,-0.8,33.372283935546875,-0.4306671917438507,47.433231353759766,29.27227400035646,0.0008368353156451493,OFFBOARD,1
45.828,GLIDE_APPROACH,45.394083844236995,45.3862243852196,0,53.992,0.0,1,0.9111528396606445,2.232793005603013,-0.02446092186456351,2.232793005603013,-0.02446092186456351,2.232793005603013,-0.02446092186456351,-0.8,33.448822021484375,-0.4352678954601288,47.40742492675781,29.326274005685207,0.0008368352998741263,OFFBOARD,1
45.864,GLIDE_APPROACH,45.371245815584025,45.29806912414063,0,54.028,0.0,1,0.9111528396606445,2.2225406776674865,-0.017832708090204943,2.2225406776674865,-0.017832708090204943,2.2225406776674865,-0.017832708090204943,-0.8,33.600685119628906,-0.44492653012275696,47.3552131652832,29.386274005448694,0.0008368352814677631,OFFBOARD,1
45.892,GLIDE_APPROACH,45.35164213141092,45.327104074085085,0,54.056,0.0,1,0.9111528396606445,2.2127767804030127,-0.0121619771368363,2.2127767804030127,-0.0121619771368363,2.2127767804030127,-0.0121619771368363,-0.8,33.600685119628906,-0.44492653012275696,47.3552131652832,29.416274007407804,0.0008368352714698776,OFFBOARD,1
45.928,GLIDE_APPROACH,45.3297485292199,45.29607087136742,0,54.092,0.0,1,0.9111528396606445,2.2018073490081522,-0.006332228343951918,2.2018073490081522,-0.006332228343951918,2.2018073490081522,-0.006332228343951918,-0.8,33.67619705200195,-0.44954913854599,47.328853607177734,29.476273985741255,0.0008368352530635143,OFFBOARD,1
45.96,GLIDE_APPROACH,45.313511431911294,45.272011745401095,0,54.124,0.0,1,0.9111528396606445,2.1924155282946733,-0.002186219609062092,2.1924155282946733,-0.002186219609062092,2.1924155282946733,-0.002186219609062092,-0.8,33.7702751159668,-0.45482853055000305,47.296024322509766,29.52427396141916,0.0008368352383384236,OFFBOARD,1
45.992,GLIDE_APPROACH,45.294251519650444,45.244726386861956,0,54.156,0.0,1,0.9111528396606445,2.182783448531632,0.002068713210532966,2.182783448531632,0.002068713210532966,2.182783448531632,0.002068713210532966,-0.8,33.84529495239258,-0.45864376425743103,47.2697639465332,29.57227394506197,0.0008368352236133328,OFFBOARD,1
46.028,GLIDE_APPROACH,45.27264482136521,45.21423124462685,0,54.192,0.0,1,0.9111528396606445,2.172119286812113,0.0062841224964675785,2.172119286812113,0.0062841224964675785,2.172119286812113,0.0062841224964675785,-0.8,33.92009353637695,-0.4620905816555023,47.243709564208984,29.62027393932275,0.0008368352088882421,OFFBOARD,1
46.06,GLIDE_APPROACH,45.250397245445036,45.18401946688261,0,54.224,0.0,1,0.9111528396606445,2.1625602623580082,0.009888480451691876,2.1625602623580082,0.009888480451691876,2.1625602623580082,0.009888480451691876,-0.8,33.994651794433594,-0.4651666581630707,47.217552185058594,29.674273935239942,0.000836835193117219,OFFBOARD,1
46.092,GLIDE_APPROACH,45.23424057913228,45.16059592273943,0,54.256,0.0,1,0.9111528396606445,2.153838121215276,0.012360309020676433,2.153838121215276,0.012360309020676433,2.153838121215276,0.012360309020676433,-0.8,34.0699577331543,-0.4670552611351013,47.19313049316406,29.72227393287689,0.0008368351783921283,OFFBOARD,1
46.14,GLIDE_APPROACH,45.212566228103434,45.130782756443196,0,54.304,0.0,1,0.9111528396606445,2.144069330261061,0.015045776674884194,2.144069330261061,0.015045776674884194,2.144069330261061,0.015045776674884194,-0.8,34.14525604248047,-0.4684098958969116,47.16876983642578,29.7882739231709,0.0008368351573504248,OFFBOARD,1
46.164,GLIDE_APPROACH,45.193204126065616,45.010910807502356,0,54.328,0.0,1,0.9111528396606445,2.1357768701671915,0.017031209860496554,2.1357768701671915,0.017031209860496554,2.1357768701671915,0.017031209860496554,-0.8,34.238861083984375,-0.46979889273643494,47.138206481933594,29.824273908828633,0.0008368351463066068,OFFBOARD,1
46.192,GLIDE_APPROACH,45.17371561585065,45.0784756371756,0,54.356,0.0,1,0.9111528396606445,2.1279152082995587,0.018667074566922334,2.1279152082995587,0.018667074566922334,2.1279152082995587,0.018667074566922334,-0.8,34.31336212158203,-0.47067561745643616,47.113487243652344,29.866273890922912,0.0008368351342168563,OFFBOARD,1
46.228,GLIDE_APPROACH,45.148570118473856,45.04631256520064,0,54.392,0.0,1,0.9111528396606445,2.11949659371699,0.020230860043876232,2.11949659371699,0.020230860043876232,2.11949659371699,0.020230860043876232,-0.8,34.38751220703125,-0.47137194871902466,47.08853530883789,29.92627388221579,0.000836835115810493,OFFBOARD,1
46.26,GLIDE_APPROACH,45.13175683660269,45.02393463405355,0,54.424,0.0,1,0.9111528396606445,2.1128180437948454,0.02109768790838079,2.1128180437948454,0.02109768790838079,2.1128180437948454,0.02109768790838079,-0.8,34.46133804321289,-0.4718741476535797,47.063499450683594,29.96827387702493,0.0008368351021313346,OFFBOARD,1
46.292,GLIDE_APPROACH,45.11171322302074,44.99865132762285,0,54.456,0.0,1,0.9111528396606445,2.1065295805982975,0.021796007161441755,2.1065295805982975,0.021796007161441755,2.1065295805982975,0.021796007161441755,-0.8,34.53482437133789,-0.47221648693084717,47.03814697265625,30.02227384438509,0.0008368350863603116,OFFBOARD,1
46.328,GLIDE_APPROACH,45.085884559158856,44.96744985255323,0,54.492,0.0,1,0.9111528396606445,2.1000777412751215,0.022274554471289898,2.1000777412751215,0.022274554471289898,2.1000777412751215,0.022274554471289898,-0.8,34.60798263549805,-0.4724121391773224,47.01291275024414,30.070273814629857,0.0008368350716352207,OFFBOARD,1
46.36,GLIDE_APPROACH,45.06539954195468,44.94272935889974,0,54.524,0.0,1,0.9111528396606445,2.094994993439462,0.022406060401195325,2.094994993439462,0.022406060401195325,2.094994993439462,0.022406060401195325,-0.8,34.698970794677734,-0.4724455177783966,46.981056213378906,30.124273782970494,0.0008368350542747898,OFFBOARD,1
46.392,GLIDE_APPROACH,45.047680254230045,44.92125763732056,0,54.556,0.0,1,0.9310300946235657,2.092162985622704,0.02082727568217876,2.092162985622704,0.02082727568217876,2.092162985622704,0.02082727568217876,-0.8,34.77143096923828,-0.4723142981529236,46.95541763305664,30.172273757246106,0.000836835039549699,OFFBOARD,1
46.432,GLIDE_APPROACH,45.023927948000114,44.89400916437317,0,54.596,0.0,1,0.9310300946235657,2.0879639603179534,0.020594358097646048,2.0879639603179534,0.020594358097646048,2.0879639603179534,0.020594358097646048,-0.8,34.84358596801758,-0.47207146883010864,46.92953109741211,30.226273729251457,0.0008368350237786758,OFFBOARD,1
46.46,GLIDE_APPROACH,44.99939476568556,44.867136813368184,0,54.624,0.0,1,0.9310300946235657,2.085160956287692,0.020152526569341047,2.085160956287692,0.020152526569341047,2.085160956287692,0.020152526569341047,-0.8,34.91543197631836,-0.4717422127723694,46.90339279174805,30.2742737051455,0.000836835009053585,OFFBOARD,1
46.492,GLIDE_APPROACH,44.98068478019331,44.846367832867436,0,54.656,0.0,1,0.9310300946235657,2.0826902923098047,0.019750554129077575,2.0826902923098047,0.019750554129077575,2.0826902923098047,0.019750554129077575,-0.8,34.98798751831055,-0.4708162248134613,46.87973403930664,30.322273674608336,0.0008368349943284944,OFFBOARD,1
46.528,GLIDE_APPROACH,44.9558251648213,44.820010687999705,0,54.692,0.0,1,0.9310300946235657,2.080890224251946,0.01906386423117663,2.080890224251946,0.01906386423117663,2.080890224251946,0.01906386423117663,-0.8,35.060157775878906,-0.46984684467315674,46.85558319091797,30.376273648381787,0.0008368349769680634,OFFBOARD,1
46.56,GLIDE_APPROACH,44.93031997362752,44.794011427322225,0,54.724,0.0,1,0.9310300946235657,2.0802984086204726,0.018209454958059503,2.0802984086204726,0.018209454958059503,2.0802984086204726,0.018209454958059503,-0.8,35.149845123291016,-0.468593567609787,46.825096130371094,30.41827362482186,0.0008368349648783127,OFFBOARD,1
46.592,GLIDE_APPROACH,44.90757126377182,44.77110634447485,0,54.756,0.0,1,0.9310300946235657,2.0801117819505945,0.017369909360613712,2.0801117819505945,0.017369909360613712,2.0801117819505945,0.017369909360613712,-0.8,35.22121047973633,-0.46756020188331604,46.80032730102539,30.47227362488159,0.0008368349475178818,OFFBOARD,1
46.628,GLIDE_APPROACH,44.88159298118395,44.74560876913941,0,54.792,0.0,1,0.9310300946235657,2.0806894413009696,0.016314120414282995,2.0806894413009696,0.016314120414282995,2.0806894413009696,0.016314120414282995,-0.8,35.29225158691406,-0.46650341153144836,46.77542495727539,30.526273617519525,0.0008368349317468585,OFFBOARD,1
46.664,GLIDE_APPROACH,44.861251738140275,44.65517775465,0,54.828,0.0,1,0.9310300946235657,2.0814707728423416,0.015448789840069654,2.0814707728423416,0.015448789840069654,2.0814707728423416,0.015448789840069654,-0.8,35.36299133300781,-0.465423583984375,46.75028610229492,30.580273616105718,0.0008368349143864275,OFFBOARD,1
46.692,GLIDE_APPROACH,44.83749877046412,44.70366679479309,0,54.856,0.0,1,0.9310300946235657,2.0832769451991466,0.01434972715201507,2.0832769451991466,0.01434972715201507,2.0832769451991466,0.01434972715201507,-0.8,35.433433532714844,-0.4643286168575287,46.72477340698242,30.622273594368206,0.0008368349022966772,OFFBOARD,1
46.728,GLIDE_APPROACH,44.810392379886,44.67887184349868,0,54.892,0.0,1,0.9310300946235657,2.0860517644203034,0.013025177350758536,2.0860517644203034,0.013025177350758536,2.0860517644203034,0.013025177350758536,-0.8,35.52110290527344,-0.4629504680633545,46.692630767822266,30.676273581081038,0.0008368348849362463,OFFBOARD,1
46.76,GLIDE_APPROACH,44.78596470725004,44.65703235835242,0,54.924,0.0,1,0.9310300946235657,2.089154954058668,0.011776088814227138,2.089154954058668,0.011776088814227138,2.089154954058668,0.011776088814227138,-0.8,35.5909538269043,-0.46183428168296814,46.66661071777344,30.724273573171978,0.0008368348702111557,OFFBOARD,1
46.792,GLIDE_APPROACH,44.76123352366585,44.63537043580716,0,54.956,0.0,1,0.9310300946235657,2.0928392838090613,0.010465630913950984,2.0928392838090613,0.010465630913950984,2.0928392838090613,0.010465630913950984,-0.8,35.660560607910156,-0.46069976687431335,46.64046096801758,30.77227357570259,0.000836834855486065,OFFBOARD,1
46.828,GLIDE_APPROACH,44.733064037757,44.61119919046907,0,54.992,0.0,1,0.9310300946235657,2.0976419030528133,0.008925310187147744,2.0976419030528133,0.008925310187147744,2.0976419030528133,0.008925310187147744,-0.8,35.72996139526367,-0.459549218416214,46.61408996582031,30.820273582276553,0.0008368348407609745,OFFBOARD,1
46.86,GLIDE_APPROACH,44.704640297190515,44.58726981367696,0,55.024,0.0,1,0.9345698952674866,2.1080358904740315,0.006978031389772772,2.1080358904740315,0.006978031389772772,2.1080358904740315,0.006978031389772772,-0.8,35.79915237426758,-0.458377480506897,46.58772659301758,30.874273571775785,0.0008368348249899515,OFFBOARD,1
46.896,GLIDE_APPROACH,44.68203018676461,44.56861478679524,0,55.06,0.0,1,0.9345698952674866,2.1127824471480943,0.005783304568059595,2.1127824471480943,0.005783304568059595,2.1127824471480943,0.005783304568059595,-0.8,35.86976623535156,-0.45650917291641235,46.56400680541992,30.916273569800072,0.0008368348113107931,OFFBOARD,1
46.928,GLIDE_APPROACH,44.65013876035783,44.54226120009553,0,55.092,0.0,1,0.9345698952674866,2.1194290265560705,0.003943228013000101,2.1194290265560705,0.003943228013000101,2.1194290265560705,0.003943228013000101,-0.8,35.94010925292969,-0.45474135875701904,46.54002380371094,30.976273551150758,0.0008368347929044299,OFFBOARD,1
46.96,GLIDE_APPROACH,44.63027494320689,44.4387023547173,0,55.124,0.0,1,0.9345698952674866,2.124141592738493,0.002957507927892466,2.124141592738493,0.002957507927892466,2.124141592738493,0.002957507927892466,-0.8,36.027732849121094,-0.45267900824546814,46.50972366333008,31.018273539002042,0.0008368347808146796,OFFBOARD,1
46.992,GLIDE_APPROACH,44.60101747572101,44.502641296483176,0,55.156,0.0,1,0.9345698952674866,2.1308326954606955,0.0013676295266695226,2.1308326954606955,0.0013676295266695226,2.1308326954606955,0.0013676295266695226,-0.8,36.09764099121094,-0.45113521814346313,46.48514938354492,31.072273552324916,0.0008368347634542487,OFFBOARD,1
47.028,GLIDE_APPROACH,44.57122007259858,44.47892739083735,0,55.192,0.0,1,0.9345698952674866,2.138133516295423,-0.0001667275217558939,2.138133516295423,-0.0001667275217558939,2.138133516295423,-0.0001667275217558939,-0.8,36.167381286621094,-0.4496590495109558,46.460567474365234,31.120273561779683,0.0008368347487291578,OFFBOARD,1
47.06,GLIDE_APPROACH,44.544441437844974,44.457852307842224,0,55.224,0.0,1,0.9345698952674866,2.1449742834000856,-0.0015117231682123533,2.1449742834000856,-0.0015117231682123533,2.1449742834000856,-0.0015117231682123533,-0.8,36.23699951171875,-0.4482613801956177,46.43552780151367,31.174273554205506,0.0008368347329581348,OFFBOARD,1
47.092,GLIDE_APPROACH,44.51738608039753,44.4367713792826,0,55.256,0.0,1,0.9345698952674866,2.1521477600017334,-0.0028386990280973787,2.1521477600017334,-0.0028386990280973787,2.1521477600017334,-0.0028386990280973787,-0.8,36.32390594482422,-0.4465992748737335,46.403968811035156,31.222273544995303,0.0008368347182330442,OFFBOARD,1
47.128,GLIDE_APPROACH,44.48358761661948,44.41044501015746,0,55.292,0.0,1,0.9345698952674866,2.161111227242381,-0.0045043512523617255,2.161111227242381,-0.0045043512523617255,2.161111227242381,-0.0045043512523617255,-0.8,36.39332962036133,-0.44533538818359375,46.37862777709961,31.276273538250173,0.000836834700872613,OFFBOARD,1
47.16,GLIDE_APPROACH,44.45902620018234,44.39191848940548,0,55.324,0.0,1,0.9345698952674866,2.168353848548166,-0.005594567933682293,2.168353848548166,-0.005594567933682293,2.168353848548166,-0.005594567933682293,-0.8,36.46268844604492,-0.4441450834274292,46.353233337402344,31.31827352776772,0.0008368346887828625,OFFBOARD,1
47.196,GLIDE_APPROACH,44.43118492922345,44.37077015221855,0,55.36,0.0,1,0.9345698952674866,2.176386145826288,-0.006859911093761207,2.176386145826288,-0.006859911093761207,2.176386145826288,-0.006859911093761207,-0.8,36.53199005126953,-0.44301584362983704,46.32760238647461,31.372273543040208,0.0008368346714224316,OFFBOARD,1
47.228,GLIDE_APPROACH,44.399600331091605,44.34693507539931,0,55.392,0.0,1,0.9345698952674866,2.1856897593490996,-0.008259096599835845,2.1856897593490996,-0.008259096599835845,2.1856897593490996,-0.008259096599835845,-0.8,36.60124206542969,-0.44193384051322937,46.30176544189453,31.420273554055758,0.0008368346566973411,OFFBOARD,1
47.26,GLIDE_APPROACH,44.37130999688837,44.32570161139594,0,55.424,0.0,1,0.9345698952674866,2.194158108554213,-0.0094811187406178,2.194158108554213,-0.0094811187406178,2.194158108554213,-0.0094811187406178,-0.8,36.67047119140625,-0.44088077545166016,46.27585983276367,31.474273548086416,0.000836834640926318,OFFBOARD,1
47.292,GLIDE_APPROACH,44.34283513298615,44.30441575635163,0,55.456,0.0,1,0.9345698952674866,2.2027850038824597,-0.010682382674886312,2.2027850038824597,-0.010682382674886312,2.2027850038824597,-0.010682382674886312,-0.8,36.74003982543945,-0.4390901029109955,46.25240707397461,31.516273549318818,0.0008368346272471599,OFFBOARD,1
47.328,GLIDE_APPROACH,44.31059539284128,44.28039606545984,0,55.492,0.0,1,0.9345698952674866,2.2126491271893545,-0.01200833110850524,2.2126491271893545,-0.01200833110850524,2.2126491271893545,-0.01200833110850524,-0.8,36.8095817565918,-0.4374125897884369,46.22865676879883,31.576273529239515,0.0008368346088407963,OFFBOARD,1
47.36,GLIDE_APPROACH,44.28175321977436,44.25897099331112,0,55.524,0.0,1,0.934903621673584,2.2215499296762387,-0.013164771574060381,2.2215499296762387,-0.013164771574060381,2.2215499296762387,-0.013164771574060381,-0.8,36.896484375,-0.43548548221588135,46.19847869873047,31.624273506759884,0.0008368345941157057,OFFBOARD,1
47.392,GLIDE_APPROACH,44.249682733985026,44.23473508342033,0,55.556,0.0,1,0.934903621673584,2.230948209510937,-0.01443068014494071,2.230948209510937,-0.01443068014494071,2.230948209510937,-0.01443068014494071,-0.8,36.96601867675781,-0.43405887484550476,46.17416763305664,31.66627348615437,0.0008368345820259552,OFFBOARD,1
47.428,GLIDE_APPROACH,44.219821817947285,44.21286235840323,0,55.592,0.0,1,0.934903621673584,2.240538002882919,-0.015381722134347728,2.240538002882919,-0.015381722134347728,2.240538002882919,-0.015381722134347728,-0.8,37.03569793701172,-0.4327855408191681,46.1494140625,31.72627347445511,0.0008368345636195919,OFFBOARD,1
47.46,GLIDE_APPROACH,44.19038247261094,44.12092774122714,0,55.624,0.0,1,0.934903621673584,2.2493786798105435,-0.016265983354743503,2.2493786798105435,-0.016265983354743503,2.2493786798105435,-0.016265983354743503,-0.8,37.105560302734375,-0.4316757619380951,46.124393463134766,31.76827346767822,0.0008368345499404336,OFFBOARD,1
47.492,GLIDE_APPROACH,44.16077898821554,44.168467541511234,0,55.656,0.0,1,0.934903621673584,2.258115475854614,-0.017048649225197273,2.258115475854614,-0.017048649225197273,2.258115475854614,-0.017048649225197273,-0.8,37.17560577392578,-0.43073537945747375,46.09912872314453,31.822273433499795,0.0008368345341694104,OFFBOARD,1
47.528,GLIDE_APPROACH,44.12730872379792,44.14304873009979,0,55.692,0.0,1,0.934903621673584,2.2677775815945367,-0.017809840391624417,2.2677775815945367,-0.017809840391624417,2.2677775815945367,-0.017809840391624417,-0.8,37.245849609375,-0.4299447536468506,46.07362365722656,31.876273413999147,0.0008368345168089795,OFFBOARD,1
47.56,GLIDE_APPROACH,44.09744332124366,44.12018033083281,0,55.724,0.0,1,0.934903621673584,2.2761744271605284,-0.01838399690121067,2.2761744271605284,-0.01838399690121067,2.2761744271605284,-0.01838399690121067,-0.8,37.333946228027344,-0.429147332906723,46.04145812988281,31.924273402028952,0.0008368345020838887,OFFBOARD,1
47.592,GLIDE_APPROACH,44.06750302354478,44.097054900656744,0,55.756,0.0,1,0.934903621673584,2.284348822609494,-0.01886646450559728,2.284348822609494,-0.01886646450559728,2.284348822609494,-0.01886646450559728,-0.8,37.40467834472656,-0.4286610782146454,46.0153923034668,31.972273401031526,0.0008368344873587983,OFFBOARD,1
47.628,GLIDE_APPROACH,44.03376779537976,44.070734715871225,0,55.792,0.0,1,0.934903621673584,2.2932510744368013,-0.019305774700398768,2.2932510744368013,-0.019305774700398768,2.2932510744368013,-0.019305774700398768,-0.8,37.475624084472656,-0.4283037483692169,45.989341735839844,32.02627340434863,0.0008368344715877754,OFFBOARD,1
47.66,GLIDE_APPROACH,44.00376762719271,44.04707259816347,0,55.824,0.0,1,0.934903621673584,2.3008530575227493,-0.01960996328423148,2.3008530575227493,-0.01960996328423148,2.3008530575227493,-0.01960996328423148,-0.8,37.546783447265625,-0.4280719459056854,45.96314239501953,32.074273421819676,0.0008368344568626847,OFFBOARD,1
47.692,GLIDE_APPROACH,43.97378117268151,44.023164148835086,0,55.856,0.0,1,0.934903621673584,2.3081502300028975,-0.019839225900748877,2.3081502300028975,-0.019839225900748877,2.3081502300028975,-0.019839225900748877,-0.8,37.61903762817383,-0.4267905056476593,45.93869400024414,32.11627343926498,0.0008368344431835265,OFFBOARD,1
47.732,GLIDE_APPROACH,43.9370326755678,43.992980203982896,0,55.896,0.0,1,0.934903621673584,2.3160239957892133,-0.02006821424979361,2.3160239957892133,-0.02006821424979361,2.3160239957892133,-0.02006821424979361,-0.8,37.6914176940918,-0.4256890118122101,45.914039611816406,32.182273442145046,0.0008368344237312306,OFFBOARD,1
47.764,GLIDE_APPROACH,43.91017451659072,43.97156256081317,0,55.928,0.0,1,0.934903621673584,2.3225528815111884,-0.020110193716907896,2.3225528815111884,-0.020110193716907896,2.3225528815111884,-0.020110193716907896,-0.8,37.78207778930664,-0.4245847165584564,45.88283920288086,32.22427346430783,0.0008368344100520723,OFFBOARD,1
47.792,GLIDE_APPROACH,43.8772684278611,43.943857613249726,0,55.956,0.0,1,0.934903621673584,2.32879450716692,-0.020188963728697405,2.32879450716692,-0.020188963728697405,2.32879450716692,-0.020188963728697405,-0.8,37.854759216308594,-0.4238985776901245,45.85787582397461,32.27227348839116,0.0008368343953269818,OFFBOARD,1
47.828,GLIDE_APPROACH,43.84679749557723,43.91891223230885,0,55.992,0.0,1,0.934903621673584,2.3354288052704875,-0.02013759598117027,2.3354288052704875,-0.02013759598117027,2.3354288052704875,-0.02013759598117027,-0.8,37.927574157714844,-0.42336323857307434,45.832767486572266,32.320273514182816,0.0008368343806018912,OFFBOARD,1
47.86,GLIDE_APPROACH,43.814028637801634,43.89066421596458,0,56.024,0.0,1,0.9145613312721252,2.349738513977298,-0.017295449446946894,2.349738513977298,-0.017295449446946894,2.349738513977298,-0.017295449446946894,-0.8,38.000526428222656,-0.42296430468559265,45.80747985839844,32.37427352276762,0.0008368343648308682,OFFBOARD,1
47.896,GLIDE_APPROACH,43.78750485952032,43.868582879483256,0,56.06,0.0,1,0.9145613312721252,2.3550691102758172,-0.017172106980671082,2.3550691102758172,-0.017172106980671082,2.3550691102758172,-0.017172106980671082,-0.8,38.073604583740234,-0.4226977229118347,45.78191375732422,32.428273533515934,0.000836834347470437,OFFBOARD,1
47.928,GLIDE_APPROACH,43.75453212053734,43.84039295915762,0,56.092,0.0,1,0.9145613312721252,2.360808190134441,-0.017023579027425257,2.360808190134441,-0.017023579027425257,2.360808190134441,-0.017023579027425257,-0.8,38.146568298339844,-0.42252716422080994,45.756202697753906,32.47627352597233,0.0008368343327453463,OFFBOARD,1
47.964,GLIDE_APPROACH,43.722510975806685,43.812412588777896,0,56.128,0.0,1,0.9145613312721252,2.365656791069931,-0.016873907435223164,2.365656791069931,-0.016873907435223164,2.365656791069931,-0.016873907435223164,-0.8,38.23749542236328,-0.42243492603302,45.724342346191406,32.53027349988524,0.0008368343169743233,OFFBOARD,1
47.996,GLIDE_APPROACH,43.693160281860315,43.78761006011419,0,56.16,0.0,1,0.9145613312721252,2.3711181729333433,-0.01664240045497543,2.3711181729333433,-0.01664240045497543,2.3711181729333433,-0.01664240045497543,-0.8,38.31002426147461,-0.4224381446838379,45.69873809814453,32.57827347569868,0.0008368343022492328,OFFBOARD,1
48.028,GLIDE_APPROACH,43.66170218979501,43.75993809824658,0,56.192,0.0,1,0.9145613312721252,2.375661305034315,-0.016442679176308997,2.375661305034315,-0.016442679176308997,2.375661305034315,-0.016442679176308997,-0.8,38.382381439208984,-0.42250463366508484,45.67299270629883,32.626273444811666,0.000836834287524142,OFFBOARD,1
48.06,GLIDE_APPROACH,43.63642622093923,43.738441417665236,0,56.224,0.0,1,0.9145613312721252,2.380196375418953,-0.01620884553973823,2.380196375418953,-0.01620884553973823,2.380196375418953,-0.01620884553973823,-0.8,38.454566955566406,-0.4226323664188385,45.647239685058594,32.67427340957583,0.0008368342727990515,OFFBOARD,1
48.092,GLIDE_APPROACH,43.60842547748128,43.641224649875014,0,56.256,0.0,1,0.9145613312721252,2.384465160127737,-0.015979572096397294,2.384465160127737,-0.015979572096397294,2.384465160127737,-0.015979572096397294,-0.8,38.527339935302734,-0.4221288859844208,45.6248664855957,32.71627339411881,0.0008368342591198932,OFFBOARD,1
48.136,GLIDE_APPROACH,43.57375715197411,43.59301944478052,0,56.3,0.0,1,0.9145613312721252,2.3895027408506304,-0.01569263953461722,2.3895027408506304,-0.01569263953461722,2.3895027408506304,-0.01569263953461722,-0.8,38.690425872802734,-0.42128825187683105,45.573490142822266,32.78827337588789,0.0008368342370322572,OFFBOARD,1
48.16,GLIDE_APPROACH,43.54969315369416,43.66222903586655,0,56.324,0.0,1,0.9145613312721252,2.392818429532837,-0.01549777309854396,2.392818429532837,-0.01549777309854396,2.392818429532837,-0.01549777309854396,-0.8,38.690425872802734,-0.42128825187683105,45.573490142822266,32.824273376122726,0.0008368342259884392,OFFBOARD,1
48.192,GLIDE_APPROACH,43.51942221182787,43.63489300610061,0,56.356,0.0,1,0.9145613312721252,2.3963405945789096,-0.015300632029372258,2.3963405945789096,-0.015300632029372258,2.3963405945789096,-0.015300632029372258,-0.8,38.7626953125,-0.42104363441467285,45.55023193359375,32.86627337565708,0.0008368342138986889,OFFBOARD,1
48.236,GLIDE_APPROACH,43.4889168849455,43.53535714609871,0,56.4,0.0,1,0.9145613312721252,2.4000844805695656,-0.015084619172233986,2.4000844805695656,-0.015084619172233986,2.4000844805695656,-0.015084619172233986,-0.8,38.907039642333984,-0.42074820399284363,45.502403259277344,32.944273399658826,0.0008368341891757126,OFFBOARD,1
48.26,GLIDE_APPROACH,43.46200513362289,43.583126813326665,0,56.424,0.0,1,0.9145613312721252,2.40312513534306,-0.014912155958778999,2.40312513534306,-0.014912155958778999,2.40312513534306,-0.014912155958778999,-0.8,38.907039642333984,-0.42074820399284363,45.502403259277344,32.974273393607604,0.0008368341807672348,OFFBOARD,1
48.292,GLIDE_APPROACH,43.43827244295348,43.48797038818323,0,56.456,0.0,1,0.9145613312721252,2.4059209994054287,-0.014737504287315666,2.4059209994054287,-0.014737504287315666,2.4059209994054287,-0.014737504287315666,-0.8,38.98079299926758,-0.42035046219825745,45.480525970458984,33.02227340277878,0.0008368341660421439,OFFBOARD,1
48.328,GLIDE_APPROACH,43.4084779472926,43.53419150123784,0,56.492,0.0,1,0.9145613312721252,2.408632080297754,-0.014587809648556277,2.408632080297754,-0.014587809648556277,2.408632080297754,-0.014587809648556277,-0.8,39.054386138916016,-0.42002564668655396,45.458160400390625,33.07027342035245,0.0008368341513170531,OFFBOARD,1
48.36,GLIDE_APPROACH,43.382212555607204,43.50965379455527,0,56.524,0.0,1,0.9357544183731079,2.4168166294160134,-0.013854257276696917,2.4168166294160134,-0.013854257276696917,2.4168166294160134,-0.013854257276696917,-0.8,39.14619445800781,-0.4196971356868744,45.429481506347656,33.11827344568332,0.0008368341365919624,OFFBOARD,1
48.392,GLIDE_APPROACH,43.3560240526348,43.41153966365926,0,56.556,0.0,1,0.9357544183731079,2.4185523629514063,-0.013743250562926317,2.4185523629514063,-0.013743250562926317,2.4185523629514063,-0.013743250562926317,-0.8,39.219566345214844,-0.41951245069503784,45.40595626831055,33.172273490024594,0.0008368341192315315,OFFBOARD,1
48.428,GLIDE_APPROACH,43.32647124912023,43.45661552604588,0,56.592,0.0,1,0.9357544183731079,2.420064031853063,-0.013573936345075168,2.420064031853063,-0.013573936345075168,2.420064031853063,-0.013573936345075168,-0.8,39.29312515258789,-0.4194388687610626,45.3817253112793,33.220273523469864,0.0008368341045064408,OFFBOARD,1
48.46,GLIDE_APPROACH,43.303298245891575,43.434231582129634,0,56.624,0.0,1,0.9357544183731079,2.421010558296511,-0.01336463486033296,2.421010558296511,-0.01336463486033296,2.421010558296511,-0.01336463486033296,-0.8,39.36692428588867,-0.4194902777671814,45.356719970703125,33.26827354530329,0.0008368340897813501,OFFBOARD,1
48.492,GLIDE_APPROACH,43.27076785855031,43.401853184162086,0,56.656,0.0,1,0.9357544183731079,2.4211931088431005,-0.013140609052868192,2.4211931088431005,-0.013140609052868192,2.4211931088431005,-0.013140609052868192,-0.8,39.44098663330078,-0.41967135667800903,45.3311882019043,33.32227356309502,0.000836834074010327,OFFBOARD,1
48.528,GLIDE_APPROACH,43.24451482313374,43.375424854396705,0,56.692,0.0,1,0.9357544183731079,2.4209791056026133,-0.012794750593501507,2.4209791056026133,-0.012794750593501507,2.4209791056026133,-0.012794750593501507,-0.8,39.51531219482422,-0.4199802577495575,45.305179595947266,33.376273604303094,0.0008368340566498962,OFFBOARD,1
48.564,GLIDE_APPROACH,43.21854783603933,43.34865708925056,0,56.728,0.0,1,0.9357544183731079,2.4200219111697128,-0.012435127672372436,2.4200219111697128,-0.012435127672372436,2.4200219111697128,-0.012435127672372436,-0.8,39.60859680175781,-0.42051559686660767,45.272064208984375,33.430273635155885,0.000836834040878873,OFFBOARD,1
48.592,GLIDE_APPROACH,43.19279068945906,43.321533242607074,0,56.756,0.0,1,0.9357544183731079,2.41837764218717,-0.012021679118800548,2.41837764218717,-0.012021679118800548,2.41837764218717,-0.012021679118800548,-0.8,39.68352508544922,-0.4210711121559143,45.24531555175781,33.466273654053346,0.0008368340298350551,OFFBOARD,1
48.632,GLIDE_APPROACH,43.16094791077615,43.287161425747186,0,56.796,0.0,1,0.9357544183731079,2.415345988847596,-0.01143191110728067,2.415345988847596,-0.01143191110728067,2.415345988847596,-0.01143191110728067,-0.8,39.75870895385742,-0.4217427968978882,45.218196868896484,33.53227367897464,0.0008368340087933514,OFFBOARD,1
48.66,GLIDE_APPROACH,43.13571321627226,43.25935323726332,0,56.824,0.0,1,0.9357544183731079,2.4122574419433804,-0.010946988975027673,2.4122574419433804,-0.010946988975027673,2.4122574419433804,-0.010946988975027673,-0.8,39.834129333496094,-0.4225232005119324,45.19116973876953,33.57427367148977,0.0008368339967036011,OFFBOARD,1
48.692,GLIDE_APPROACH,43.11402957547638,43.23472985709592,0,56.856,0.0,1,0.9357544183731079,2.408729334448412,-0.010407557380106071,2.408729334448412,-0.010407557380106071,2.408729334448412,-0.010407557380106071,-0.8,39.91071701049805,-0.42228901386260986,45.16583251953125,33.61627367189229,0.0008368339830244429,OFFBOARD,1
48.728,GLIDE_APPROACH,43.0831919241857,43.1992989740284,0,56.892,0.0,1,0.9292718768119812,2.3965469235079486,-0.011874759957365415,2.3965469235079486,-0.011874759957365415,2.3965469235079486,-0.011874759957365415,-0.8,39.9874267578125,-0.4222322702407837,45.14034652709961,33.67027365053519,0.0008368339672534198,OFFBOARD,1
48.764,GLIDE_APPROACH,43.062158958242975,43.174231586340575,0,56.928,0.0,1,0.9292718768119812,2.391705760884444,-0.011268250066958812,2.391705760884444,-0.011268250066958812,2.391705760884444,-0.011268250066958812,-0.8,40.08348083496094,-0.4223637580871582,45.10793685913086,33.73027364859748,0.0008368339488470565,OFFBOARD,1
48.792,GLIDE_APPROACH,43.04142194186304,43.149010127706184,0,56.956,0.0,1,0.9292718768119812,2.386324545814611,-0.01064094135236328,2.386324545814611,-0.01064094135236328,2.386324545814611,-0.01064094135236328,-0.8,40.16042709350586,-0.4226295053958893,45.08163833618164,33.76627365431697,0.0008368339378032388,OFFBOARD,1
48.828,GLIDE_APPROACH,43.00842475908903,43.109214931094236,0,56.992,0.0,1,0.9292718768119812,2.378166518082027,-0.009773437695570656,2.378166518082027,-0.009773437695570656,2.378166518082027,-0.009773437695570656,-0.8,40.237457275390625,-0.42301881313323975,45.055076599121094,33.82627366684535,0.0008368339193968754,OFFBOARD,1
48.86,GLIDE_APPROACH,42.98829984192276,43.083664804498916,0,57.024,0.0,1,0.9292718768119812,2.3716557653177697,-0.009105248965929362,2.3716557653177697,-0.009105248965929362,2.3716557653177697,-0.009105248965929362,-0.8,40.31455612182617,-0.42352113127708435,45.02827453613281,33.87427366643119,0.0008368339046717848,OFFBOARD,1
48.892,GLIDE_APPROACH,42.965365825617425,43.054591821739415,0,57.056,0.0,1,0.9292718768119812,2.364292365310091,-0.008475371350452711,2.364292365310091,-0.008475371350452711,2.364292365310091,-0.008475371350452711,-0.8,40.39167404174805,-0.42409107089042664,45.001487731933594,33.92227365665876,0.0008368338899466941,OFFBOARD,1
48.928,GLIDE_APPROACH,42.94013470427156,43.022206584757264,0,57.092,0.0,1,0.9292718768119812,2.3557031673557427,-0.007962275895163778,2.3557031673557427,-0.007962275895163778,2.3557031673557427,-0.007962275895163778,-0.8,40.487674713134766,-0.42472201585769653,44.96815872192383,33.97027363819219,0.0008368338752216034,OFFBOARD,1
48.96,GLIDE_APPROACH,42.91819421751592,42.99372781766188,0,57.124,0.0,1,0.9292718768119812,2.347856910261096,-0.007681588081756112,2.347856910261096,-0.007681588081756112,2.347856910261096,-0.007681588081756112,-0.8,40.56410598754883,-0.42513537406921387,44.94164276123047,34.01827361218841,0.0008368338604965128,OFFBOARD,1
48.992,GLIDE_APPROACH,42.89356565714452,42.886017687344136,0,57.156,0.0,1,0.9292718768119812,2.339445103963973,-0.007607752763902711,2.339445103963973,-0.007607752763902711,2.339445103963973,-0.007607752763902711,-0.8,40.640174865722656,-0.42545461654663086,44.915225982666016,34.07227358265501,0.000836833843136082,OFFBOARD,1
49.028,GLIDE_APPROACH,42.87289581997791,42.93423622409507,0,57.192,0.0,1,0.9292718768119812,2.3308246348022146,-0.007632102420955283,2.3308246348022146,-0.007632102420955283,2.3308246348022146,-0.007632102420955283,-0.8,40.715919494628906,-0.4256894588470459,44.888893127441406,34.12627353020025,0.0008368338273650589,OFFBOARD,1
49.06,GLIDE_APPROACH,42.85211452938694,42.90672654539335,0,57.224,0.0,1,0.9292718768119812,2.322750484449692,-0.007854594034783984,2.322750484449692,-0.007854594034783984,2.322750484449692,-0.007854594034783984,-0.8,40.79132080078125,-0.4258280098438263,44.862789154052734,34.17427348477034,0.0008368338126399681,OFFBOARD,1
49.092,GLIDE_APPROACH,42.83163101746256,42.87951676062685,0,57.256,0.0,1,0.9292718768119812,2.3146827612869028,-0.008220893734330059,2.3146827612869028,-0.008220893734330059,2.3146827612869028,-0.008220893734330059,-0.8,40.88627624511719,-0.4247536361217499,44.83310317993164,34.216273448929904,0.0008368337989608098,OFFBOARD,1
49.128,GLIDE_APPROACH,42.80890543350602,42.84924654858634,0,57.292,0.0,1,0.9292718768119812,2.305625855455345,-0.008790089495360146,2.305625855455345,-0.008790089495360146,2.305625855455345,-0.008790089495360146,-0.8,40.94294738769531,-0.4240973889827728,44.8149528503418,34.27027338646904,0.0008368337831897869,OFFBOARD,1
49.16,GLIDE_APPROACH,42.78894458941745,42.822625580291074,0,57.324,0.0,1,0.9292718768119812,2.297634263088464,-0.00942359355216979,2.297634263088464,-0.00942359355216979,2.297634263088464,-0.00942359355216979,-0.8,41.03694152832031,-0.4229852855205536,44.78431701660156,34.3242733553856,0.0008368337658293558,OFFBOARD,1
49.192,GLIDE_APPROACH,42.76917430066761,42.796257866765025,0,57.356,0.0,1,0.9292718768119812,2.289717414918217,-0.010165567578959405,2.289717414918217,-0.010165567578959405,2.289717414918217,-0.010165567578959405,-0.8,41.11174392700195,-0.42206981778144836,44.75950622558594,34.36627331818059,0.0008368337537396054,OFFBOARD,1
49.232,GLIDE_APPROACH,42.74406574534404,42.76366269264575,0,57.396,0.0,1,0.9368070960044861,2.2768446955825854,-0.01127480292127138,2.2768446955825854,-0.01127480292127138,2.2768446955825854,-0.01127480292127138,-0.8,41.18620681762695,-0.4211283028125763,44.73470687866211,34.42627326952649,0.000836833735333242,OFFBOARD,1
49.26,GLIDE_APPROACH,42.72765960663009,42.741009645520585,0,57.424,0.0,1,0.9368070960044861,2.2693522857528174,-0.012055750630979835,2.2693522857528174,-0.012055750630979835,2.2693522857528174,-0.012055750630979835,-0.8,41.26035690307617,-0.4201751947402954,44.709564208984375,34.474273225278054,0.0008368337206081516,OFFBOARD,1
49.3,GLIDE_APPROACH,42.71137354325385,42.643807160210706,0,57.464,0.0,1,0.9368070960044861,2.261915129100873,-0.012894876944266434,2.261915129100873,-0.012894876944266434,2.261915129100873,-0.012894876944266434,-0.8,41.33507537841797,-0.41899070143699646,44.68696975708008,34.53427316417653,0.0008368337022017884,OFFBOARD,1
49.328,GLIDE_APPROACH,42.68361045043434,42.683627920355576,0,57.492,0.0,1,0.9368070960044861,2.2533539619242706,-0.014479061702416997,2.2533539619242706,-0.014479061702416997,2.2533539619242706,-0.014479061702416997,-0.8,41.40943908691406,-0.41782718896865845,44.6638298034668,34.57627313337275,0.0008368336885226301,OFFBOARD,1
49.36,GLIDE_APPROACH,42.667493923657155,42.66156821441589,0,57.524,0.0,1,0.9368070960044861,2.2462189046960828,-0.015444085053539263,2.2462189046960828,-0.015444085053539263,2.2462189046960828,-0.015444085053539263,-0.8,41.50192642211914,-0.41639408469200134,44.63437271118164,34.61827309820594,0.0008368336764328798,OFFBOARD,1
49.392,GLIDE_APPROACH,42.64833250942235,42.562879887455416,0,57.556,0.0,1,0.9368070960044861,2.2391586816034046,-0.01658993917979043,2.2391586816034046,-0.01658993917979043,2.2391586816034046,-0.01658993917979043,-0.8,41.57556915283203,-0.4152827262878418,44.61027908325195,34.666273079253564,0.0008368336617077893,OFFBOARD,1
49.428,GLIDE_APPROACH,42.623660332158565,42.60533194040765,0,57.592,0.0,1,0.9368070960044861,2.2313402910689004,-0.01794476214637728,2.2313402910689004,-0.01794476214637728,2.2313402910689004,-0.01794476214637728,-0.8,41.649024963378906,-0.4142938256263733,44.58600616455078,34.72627306535175,0.000836833643301426,OFFBOARD,1
49.46,GLIDE_APPROACH,42.60751733422622,42.58351458236697,0,57.624,0.0,1,0.9368070960044861,2.2245310896592727,-0.01872934605810559,2.2245310896592727,-0.01872934605810559,2.2245310896592727,-0.01872934605810559,-0.8,41.72230529785156,-0.4134350121021271,44.56134796142578,34.76827305863091,0.0008368336296222679,OFFBOARD,1
49.492,GLIDE_APPROACH,42.588232250205465,42.558677084759964,0,57.656,0.0,1,0.9368070960044861,2.217868637429706,-0.01958877117835536,2.217868637429706,-0.01958877117835536,2.217868637429706,-0.01958877117835536,-0.8,41.7954216003418,-0.4127197265625,44.53632354736328,34.81627304955799,0.0008368336148971773,OFFBOARD,1
49.528,GLIDE_APPROACH,42.56646310272078,42.530826341553706,0,57.692,0.0,1,0.9368070960044861,2.2105712055431574,-0.020440180850623713,2.2105712055431574,-0.020440180850623713,2.2105712055431574,-0.020440180850623713,-0.8,41.868385314941406,-0.41212549805641174,44.51093292236328,34.87627305348095,0.0008368335964908139,OFFBOARD,1
49.56,GLIDE_APPROACH,42.54392705893002,42.50310929086475,0,57.724,0.0,1,0.9368070960044861,2.20435435044799,-0.02121756439167806,2.20435435044799,-0.02121756439167806,2.20435435044799,-0.02121756439167806,-0.8,41.95938491821289,-0.4115550220012665,44.478824615478516,34.9242730677728,0.0008368335817657231,OFFBOARD,1
49.592,GLIDE_APPROACH,42.52756815243426,42.481588826028336,0,57.756,0.0,1,0.9368070960044861,2.198156931946597,-0.021659015008893792,2.198156931946597,-0.021659015008893792,2.198156931946597,-0.021659015008893792,-0.8,42.032005310058594,-0.4112341105937958,44.45301055908203,34.96627307977637,0.0008368335696759726,OFFBOARD,1
49.628,GLIDE_APPROACH,42.50557394278372,42.45407072719277,0,57.792,0.0,1,0.9368070960044861,2.1915319513632667,-0.02218881471428813,2.1915319513632667,-0.02218881471428813,2.1915319513632667,-0.02218881471428813,-0.8,42.104461669921875,-0.4110206961631775,44.427032470703125,35.020273115953344,0.0008368335523155418,OFFBOARD,1
49.66,GLIDE_APPROACH,42.4828216091564,42.42672273681723,0,57.824,0.0,1,0.9368070960044861,2.1860168574596406,-0.022663014191507513,2.1860168574596406,-0.022663014191507513,2.1860168574596406,-0.022663014191507513,-0.8,42.17675018310547,-0.4108976721763611,44.4008903503418,35.07427312432445,0.0008368335365445186,OFFBOARD,1
49.692,GLIDE_APPROACH,42.46311699837304,42.402523021457405,0,57.856,0.0,1,0.9368070960044861,2.180622432882448,-0.02296275663478933,2.180622432882448,-0.02296275663478933,2.180622432882448,-0.02296275663478933,-0.8,42.24943923950195,-0.41033411026000977,44.37773895263672,35.11627313562718,0.0008368335228653603,OFFBOARD,1
49.728,GLIDE_APPROACH,42.443958220084724,42.37843125313051,0,57.892,0.0,1,0.9368070960044861,2.174702985651174,-0.023145856312153292,2.174702985651174,-0.023145856312153292,2.174702985651174,-0.023145856312153292,-0.8,42.321903228759766,-0.40991345047950745,44.354068756103516,35.176273136023276,0.0008368335044589972,OFFBOARD,1
49.76,GLIDE_APPROACH,42.420883218202995,42.35154588399662,0,57.924,0.0,1,0.9368812441825867,2.1701269896851882,-0.023379251133067352,2.1701269896851882,-0.023379251133067352,2.1701269896851882,-0.023379251133067352,-0.8,42.41218948364258,-0.40956249833106995,44.324012756347656,35.2242731458988,0.0008368334897339066,OFFBOARD,1
49.792,GLIDE_APPROACH,42.40076511508082,42.32777909443321,0,57.956,0.0,1,0.9368812441825867,2.165748835272102,-0.023487403627943854,2.165748835272102,-0.023487403627943854,2.165748835272102,-0.023487403627943854,-0.8,42.48419189453125,-0.4094240069389343,44.299564361572266,35.266273153976414,0.0008368334776441563,OFFBOARD,1
49.828,GLIDE_APPROACH,42.38104149614541,42.304136359691206,0,57.992,0.0,1,0.9368812441825867,2.161049558371034,-0.0234998001501882,2.161049558371034,-0.0234998001501882,2.161049558371034,-0.0234998001501882,-0.8,42.555999755859375,-0.4093942940235138,44.27479553222656,35.3262731794537,0.000836833459237793,OFFBOARD,1
49.86,GLIDE_APPROACH,42.36049995271458,42.28066733360308,0,58.024,0.0,1,0.9368812441825867,2.1575362542523573,-0.023516420250907943,2.1575362542523573,-0.023516420250907943,2.1575362542523573,-0.023516420250907943,-0.8,42.627601623535156,-0.4094439446926117,44.24966812133789,35.36827319581354,0.0008368334455586348,OFFBOARD,1
49.892,GLIDE_APPROACH,42.3395776106977,42.25768060958395,0,58.056,0.0,1,0.9368812441825867,2.155058692122079,-0.023586296292111175,2.155058692122079,-0.023586296292111175,2.155058692122079,-0.023586296292111175,-0.8,42.69932174682617,-0.4084445834159851,44.22677230834961,35.42227318814465,0.0008368334297876117,OFFBOARD,1
49.928,GLIDE_APPROACH,42.31544625020353,42.232703595114394,0,58.092,0.0,1,0.9368812441825867,2.1540402089699318,-0.023816076188635276,2.1540402089699318,-0.023816076188635276,2.1540402089699318,-0.023816076188635276,-0.8,42.770267486572266,-0.4074496030807495,44.203224182128906,35.476273191789474,0.0008368334124271809,OFFBOARD,1
49.96,GLIDE_APPROACH,42.29026997673334,42.20868427480142,0,58.124,0.0,1,0.9368812441825867,2.1554288459979594,-0.02424872209939392,2.1554288459979594,-0.02424872209939392,2.1554288459979594,-0.02424872209939392,-0.8,42.85780715942383,-0.4061686098575592,44.172908782958984,35.51827318895288,0.0008368334003374305,OFFBOARD,1
49.992,GLIDE_APPROACH,42.27120196883304,42.19060286215745,0,58.156,0.0,1,0.9368812441825867,2.156613034523283,-0.024600127894347196,2.156613034523283,-0.024600127894347196,2.156613034523283,-0.024600127894347196,-0.8,42.92692947387695,-0.40509963035583496,44.14805603027344,35.572273212734736,0.0008368333829769995,OFFBOARD,1
50.028,GLIDE_APPROACH,42.24564482858126,42.168181779408286,0,58.192,0.0,1,0.9368812441825867,2.1603799688785124,-0.0252343308666261,2.1603799688785124,-0.0252343308666261,2.1603799688785124,-0.0252343308666261,-0.8,42.99527359008789,-0.4039931893348694,44.122798919677734,35.62627322391532,0.0008368333672059763,OFFBOARD,1
50.06,GLIDE_APPROACH,42.222559094463136,42.148968631831075,0,58.224,0.0,1,0.9368812441825867,2.1650231062479737,-0.025898924281376093,2.1650231062479737,-0.025898924281376093,2.1650231062479737,-0.025898924281376093,-0.8,43.06287384033203,-0.40285828709602356,44.09718704223633,35.67427323168333,0.0008368333524808857,OFFBOARD,1
50.092,GLIDE_APPROACH,42.19914130179723,42.13038354000416,0,58.256,0.0,1,0.9368812441825867,2.1708225766944844,-0.02664546097685964,2.1708225766944844,-0.02664546097685964,2.1708225766944844,-0.02664546097685964,-0.8,43.129783630371094,-0.4017074704170227,44.07114791870117,35.722273244666,0.000836833337755795,OFFBOARD,1
50.128,GLIDE_APPROACH,42.16909413409795,42.107976869996904,0,58.292,0.0,1,0.9368812441825867,2.1799909384649796,-0.027724612432744548,2.1799909384649796,-0.027724612432744548,2.1799909384649796,-0.027724612432744548,-0.8,43.2125244140625,-0.40022796392440796,44.037879943847656,35.776273268476636,0.000836833320395364,OFFBOARD,1
50.16,GLIDE_APPROACH,42.14500033506481,42.09060959680026,0,58.324,0.0,1,0.9368812441825867,2.188062525156199,-0.028612310099611377,2.188062525156199,-0.028612310099611377,2.188062525156199,-0.028612310099611377,-0.8,43.27806091308594,-0.3990257680416107,44.01123046875,35.81827326532223,0.0008368333083056135,OFFBOARD,1
50.192,GLIDE_APPROACH,42.12392926771021,42.0757640216357,0,58.356,0.0,1,0.9368812441825867,2.1955332993152945,-0.02937747452364285,2.1955332993152945,-0.02937747452364285,2.1955332993152945,-0.02937747452364285,-0.8,43.34309005737305,-0.39782482385635376,43.984214782714844,35.87227328401511,0.0008368332909451825,OFFBOARD,1
50.228,GLIDE_APPROACH,42.096131436121965,42.05715093059402,0,58.392,0.0,1,0.9368812441825867,2.2065585364984646,-0.03046814728674485,2.2065585364984646,-0.03046814728674485,2.2065585364984646,-0.03046814728674485,-0.8,43.40766525268555,-0.39662081003189087,43.95710754394531,35.92027329632417,0.000836833276220092,OFFBOARD,1
50.26,GLIDE_APPROACH,42.07111531990467,42.040973088801294,0,58.424,0.0,1,0.9255138635635376,2.209386249854191,-0.030221229121074875,2.209386249854191,-0.030221229121074875,2.209386249854191,-0.030221229121074875,-0.8,43.47185134887695,-0.39541754126548767,43.929725646972656,35.968273298736705,0.0008368332614950014,OFFBOARD,1
50.292,GLIDE_APPROACH,42.045817374565495,42.02508976862082,0,58.456,0.0,1,0.9255138635635376,2.220683356240185,-0.03125055752494618,2.220683356240185,-0.03125055752494618,2.220683356240185,-0.03125055752494618,-0.8,43.55238723754883,-0.3930326998233795,43.89826965332031,36.02227328231928,0.0008368332457239785,OFFBOARD,1
50.336,GLIDE_APPROACH,42.020434653951796,41.929691210415875,0,58.5,0.0,1,0.9255138635635376,2.2323364265427603,-0.03220216356299943,2.2323364265427603,-0.03220216356299943,2.2323364265427603,-0.03220216356299943,-0.8,43.680179595947266,-0.3894609808921814,43.84695053100586,36.088273273817684,0.0008368332246822749,OFFBOARD,1
50.36,GLIDE_APPROACH,41.991094357493985,41.99211949356576,0,58.524,0.0,1,0.9255138635635376,2.2467827798531554,-0.03351354320957384,2.2467827798531554,-0.03351354320957384,2.2467827798531554,-0.03351354320957384,-0.8,43.680179595947266,-0.3894609808921814,43.84695053100586,36.118273264467426,0.0008368332162737972,OFFBOARD,1
50.392,GLIDE_APPROACH,41.96495563293752,41.97669704288094,0,58.556,0.0,1,0.9255138635635376,2.2596424103904664,-0.034429926787720555,2.2596424103904664,-0.034429926787720555,2.2596424103904664,-0.034429926787720555,-0.8,43.74375534057617,-0.3878348469734192,43.820796966552734,36.16627326941563,0.0008368332015487066,OFFBOARD,1
50.428,GLIDE_APPROACH,41.93208391300063,41.95714560101616,0,58.592,0.0,1,0.9255138635635376,2.275630668881156,-0.035202228616893434,2.275630668881156,-0.035202228616893434,2.275630668881156,-0.035202228616893434,-0.8,43.807411193847656,-0.38654065132141113,43.794376373291016,36.22027329333577,0.0008368331841882756,OFFBOARD,1
50.46,GLIDE_APPROACH,41.90885856248814,41.94321106723278,0,58.624,0.0,1,0.9255138635635376,2.2867758543824466,-0.03537870904357546,2.2867758543824466,-0.03537870904357546,2.2867758543824466,-0.03537870904357546,-0.8,43.87122344970703,-0.3855851888656616,43.76799011230469,36.27427331010498,0.0008368331684172524,OFFBOARD,1
50.492,GLIDE_APPROACH,41.882115624859864,41.92706922257852,0,58.656,0.0,1,0.9255138635635376,2.299496831000556,-0.035367328343876424,2.299496831000556,-0.035367328343876424,2.299496831000556,-0.035367328343876424,-0.8,43.93519973754883,-0.3849550187587738,43.74127960205078,36.322273324214954,0.0008368331536921619,OFFBOARD,1
50.528,GLIDE_APPROACH,41.85171076050673,41.90859118470681,0,58.692,0.0,1,0.9255138635635376,2.313809199739211,-0.03502489888434058,2.313809199739211,-0.03502489888434058,2.313809199739211,-0.03502489888434058,-0.8,43.99937438964844,-0.38465219736099243,43.71470260620117,36.37027333362229,0.0008368331389670711,OFFBOARD,1
50.56,GLIDE_APPROACH,41.82438731542224,41.89187528102979,0,58.724,0.0,1,0.9255138635635376,2.3265423968737204,-0.03444733890173028,2.3265423968737204,-0.03444733890173028,2.3265423968737204,-0.03444733890173028,-0.8,44.07987594604492,-0.3846937417984009,43.6811637878418,36.424273360759706,0.0008368331216066404,OFFBOARD,1
50.592,GLIDE_APPROACH,41.79678465462184,41.8748832552373,0,58.756,0.0,1,0.9255138635635376,2.33927177815049,-0.033634324426167234,2.33927177815049,-0.033634324426167234,2.33927177815049,-0.033634324426167234,-0.8,44.14451217651367,-0.38504019379615784,43.65412902832031,36.46627337472206,0.00083683310951689,OFFBOARD,1
50.632,GLIDE_APPROACH,41.758655512306284,41.85108642382122,0,58.796,0.0,1,0.9255138635635376,2.3564705869040936,-0.03222454237129241,2.3564705869040936,-0.03222454237129241,2.3564705869040936,-0.03222454237129241,-0.8,44.209373474121094,-0.3856538236141205,43.626983642578125,36.526273407040065,0.0008368330911105266,OFFBOARD,1
50.66,GLIDE_APPROACH,41.73401043018097,41.83566255346463,0,58.824,0.0,1,0.9255138635635376,2.367539722701961,-0.031110926011216296,2.367539722701961,-0.031110926011216296,2.367539722701961,-0.031110926011216296,-0.8,44.290775299072266,-0.38674870133399963,43.592899322509766,36.57427342070183,0.000836833076385436,OFFBOARD,1
50.692,GLIDE_APPROACH,41.70886202093795,41.820013285216426,0,58.856,0.0,1,0.9255138635635376,2.3789346904899022,-0.029820118819043374,2.3789346904899022,-0.029820118819043374,2.3789346904899022,-0.029820118819043374,-0.8,44.33993148803711,-0.3870343863964081,43.57481384277344,36.62227342358335,0.0008368330616603454,OFFBOARD,1
50.728,GLIDE_APPROACH,41.673406664505286,41.797333728066945,0,58.892,0.0,1,0.9255138635635376,2.3942659751604145,-0.027914823648690787,2.3942659751604145,-0.027914823648690787,2.3942659751604145,-0.027914823648690787,-0.8,44.405677795410156,-0.3876371681690216,43.550323486328125,36.67027342215295,0.0008368330469352547,OFFBOARD,1
50.764,GLIDE_APPROACH,41.647751373094806,41.78117699906101,0,58.928,0.0,1,0.9045782089233398,2.407331229380779,-0.026379640759966093,2.407331229380779,-0.026379640759966093,2.407331229380779,-0.026379640759966093,-0.8,44.488182067871094,-0.3886980712413788,43.51932144165039,36.72427343733856,0.0008368330295748236,OFFBOARD,1
50.792,GLIDE_APPROACH,41.6186092951619,41.762472468575695,0,58.956,0.0,1,0.9045782089233398,2.419856061625739,-0.024591368393995727,2.419856061625739,-0.024591368393995727,2.419856061625739,-0.024591368393995727,-0.8,44.554420471191406,-0.38976913690567017,43.49416732788086,36.77227343921164,0.000836833014849733,OFFBOARD,1
50.828,GLIDE_APPROACH,41.58228196181107,41.73871388719215,0,58.992,0.0,1,0.9045782089233398,2.4349420499722902,-0.022293621545096905,2.4349420499722902,-0.022293621545096905,2.4349420499722902,-0.022293621545096905,-0.8,44.620887756347656,-0.3910117745399475,43.46873092651367,36.82627342249284,0.0008368329990787101,OFFBOARD,1
50.868,GLIDE_APPROACH,41.55260501285717,41.65171057328908,0,59.032,0.0,1,0.9045782089233398,2.447339025312787,-0.02034182047604402,2.447339025312787,-0.02034182047604402,2.447339025312787,-0.02034182047604402,-0.8,44.75526428222656,-0.39242058992385864,43.41987991333008,36.88627339953246,0.0008368329806723468,OFFBOARD,1
50.892,GLIDE_APPROACH,41.52600490555147,41.701971912746814,0,59.056,0.0,1,0.9045782089233398,2.4583834324998435,-0.01867119637251175,2.4583834324998435,-0.01867119637251175,2.4583834324998435,-0.01867119637251175,-0.8,44.75526428222656,-0.39242058992385864,43.41987991333008,36.92227337998886,0.0008368329696285286,OFFBOARD,1
50.932,GLIDE_APPROACH,41.49232951517677,41.678815893935514,0,59.096,0.0,1,0.9045782089233398,2.4710028562694646,-0.01683866675591873,2.4710028562694646,-0.01683866675591873,2.4710028562694646,-0.01683866675591873,-0.8,44.8234977722168,-0.39252257347106934,43.39664840698242,36.98227334629191,0.0008368329512221655,OFFBOARD,1
50.96,GLIDE_APPROACH,41.462282838576456,41.657463134002384,0,59.124,0.0,1,0.9045782089233398,2.481435617335875,-0.015454902386381263,2.481435617335875,-0.015454902386381263,2.481435617335875,-0.015454902386381263,-0.8,44.90971374511719,-0.39266619086265564,43.36703872680664,37.01827333406581,0.0008368329401783474,OFFBOARD,1
50.992,GLIDE_APPROACH,41.432092677235886,41.635387953460445,0,59.156,0.0,1,0.9045782089233398,2.4911737380694863,-0.014310491015741477,2.4911737380694863,-0.014310491015741477,2.4911737380694863,-0.014310491015741477,-0.8,44.97944259643555,-0.39274248480796814,43.34297561645508,37.072273334929115,0.0008368329228179163,OFFBOARD,1
51.028,GLIDE_APPROACH,41.397926890439585,41.60970414976883,0,59.192,0.0,1,0.9045782089233398,2.5,-0.01330909877310071,2.5,-0.01330909877310071,2.5,-0.01330909877310071,-0.8,45.04983901977539,-0.3927742838859558,43.31867980957031,37.12027333412824,0.0008368329080928256,OFFBOARD,1
51.06,GLIDE_APPROACH,41.36416617045784,41.58316185969403,0,59.224,0.0,1,0.9045782089233398,2.5,-0.012652735425777979,2.5,-0.012652735425777979,2.5,-0.012652735425777979,-0.8,45.12089538574219,-0.39276206493377686,43.29393768310547,37.174273315916324,0.0008368328923218025,OFFBOARD,1
51.092,GLIDE_APPROACH,41.33665466400693,41.561915799040484,0,59.256,0.0,1,0.9045782089233398,2.5,-0.01223332772089411,2.5,-0.01223332772089411,2.5,-0.01223332772089411,-0.8,45.192588806152344,-0.39270293712615967,43.268863677978516,37.222273298033485,0.0008368328775967119,OFFBOARD,1
51.128,GLIDE_APPROACH,41.30192189685544,41.53390703261731,0,59.292,0.0,1,0.9045782089233398,2.5,-0.01198270965042064,2.5,-0.01198270965042064,2.5,-0.01198270965042064,-0.8,45.2649040222168,-0.3926110565662384,43.24334716796875,37.27627328439351,0.000836832860236281,OFFBOARD,1
51.16,GLIDE_APPROACH,41.26769595015767,41.50515518060643,0,59.324,0.0,1,0.9045782089233398,2.5,-0.012007800484293592,2.5,-0.012007800484293592,2.5,-0.012007800484293592,-0.8,45.35612487792969,-0.3924621343612671,43.211307525634766,37.32427327680827,0.0008368328455111903,OFFBOARD,1
51.192,GLIDE_APPROACH,41.23980372171834,41.482279106015206,0,59.356,0.0,1,0.9045782089233398,2.5,-0.01206596029346637,2.5,-0.01206596029346637,2.5,-0.01206596029346637,-0.8,45.42974090576172,-0.3923284709453583,43.185638427734375,37.36627327096285,0.00083683283342144,OFFBOARD,1
51.228,GLIDE_APPROACH,41.204714873235616,41.45229088454598,0,59.392,0.0,1,0.9045782089233398,2.5,-0.012366716633106683,2.5,-0.012366716633106683,2.5,-0.012366716633106683,-0.8,45.50389862060547,-0.39218565821647644,43.15968704223633,37.420273286054424,0.0008368328160610089,OFFBOARD,1
51.26,GLIDE_APPROACH,41.170245695715835,41.34704845521857,0,59.424,0.0,1,0.9045782089233398,2.5,-0.012880599364835198,2.5,-0.012880599364835198,2.5,-0.012880599364835198,-0.8,45.57854461669922,-0.39203327894210815,43.1336669921875,37.474273275315475,0.000836832800289986,OFFBOARD,1
51.292,GLIDE_APPROACH,41.14218407766194,41.39747988655704,0,59.456,0.0,1,0.9352918267250061,2.5,-0.01484441018059612,2.5,-0.01484441018059612,2.5,-0.01484441018059612,-0.8,45.65303039550781,-0.39119333028793335,43.109046936035156,37.52227326342336,0.0008368327855648954,OFFBOARD,1
51.328,GLIDE_APPROACH,41.10375546147433,41.3623589595472,0,59.492,0.0,1,0.9352918267250061,2.5,-0.01569196463545367,2.5,-0.01569196463545367,2.5,-0.01569196463545367,-0.8,45.727779388427734,-0.3901784420013428,43.08485412597656,37.57027324925481,0.0008368327708398047,OFFBOARD,1
51.36,GLIDE_APPROACH,41.07567704170411,41.3373958842265,0,59.524,0.0,1,0.9352918267250061,2.5,-0.016283651076231434,2.5,-0.016283651076231434,2.5,-0.016283651076231434,-0.8,45.821834564208984,-0.38897064328193665,43.05415344238281,37.624273253130205,0.0008368327534793738,OFFBOARD,1
51.404,GLIDE_APPROACH,41.04101166862767,41.22856838661467,0,59.568,0.0,1,0.9352918267250061,2.5,-0.01714820090079984,2.5,-0.01714820090079984,2.5,-0.01714820090079984,-0.8,45.97382736206055,-0.38733214139938354,43.003868103027344,37.69027325761801,0.0008368327340270779,OFFBOARD,1
51.428,GLIDE_APPROACH,41.0087058885858,41.27532375322888,0,59.592,0.0,1,0.9352918267250061,2.5,-0.017710175643202708,2.5,-0.017710175643202708,2.5,-0.017710175643202708,-0.8,45.97382736206055,-0.38733214139938354,43.003868103027344,37.72627326402042,0.0008368327229832601,OFFBOARD,1
51.46,GLIDE_APPROACH,40.97694777553928,41.24537659903439,0,59.624,0.0,1,0.9352918267250061,2.5,-0.018223306709186204,2.5,-0.018223306709186204,2.5,-0.018223306709186204,-0.8,46.05057907104492,-0.3867838382720947,42.9780387878418,37.77427326429123,0.0008368327082581694,OFFBOARD,1
51.492,GLIDE_APPROACH,40.941781501715234,41.21116184618733,0,59.656,0.0,1,0.9352918267250061,2.5,-0.018721370510827975,2.5,-0.018721370510827975,2.5,-0.018721370510827975,-0.8,46.1278076171875,-0.3864361345767975,42.95210647583008,37.822273255575226,0.0008368326935330785,OFFBOARD,1
51.532,GLIDE_APPROACH,40.909245224093404,41.18027795727298,0,59.696,0.0,1,0.9352918267250061,2.5,-0.018932896676598844,2.5,-0.018932896676598844,2.5,-0.018932896676598844,-0.8,46.20547866821289,-0.3862883150577545,42.925655364990234,37.870273244209415,0.000836832678807988,OFFBOARD,1
51.56,GLIDE_APPROACH,40.87739207952169,41.14899928853247,0,59.724,0.0,1,0.9352918267250061,2.5,-0.01908340959464569,2.5,-0.01908340959464569,2.5,-0.01908340959464569,-0.8,46.30318832397461,-0.3863799571990967,42.89192199707031,37.92427325077619,0.000836832661447557,OFFBOARD,1
51.592,GLIDE_APPROACH,40.845606797940036,41.1173391213161,0,59.756,0.0,1,0.9352918267250061,2.5,-0.01911960918741977,2.5,-0.01911960918741977,2.5,-0.01911960918741977,-0.8,46.38181686401367,-0.38665875792503357,42.86481857299805,37.97227325993823,0.0008368326467224662,OFFBOARD,1
51.628,GLIDE_APPROACH,40.806634421576355,41.07727182625583,0,59.792,0.0,1,0.9352918267250061,2.5,-0.019069113571559288,2.5,-0.019069113571559288,2.5,-0.019069113571559288,-0.8,46.4608268737793,-0.3871081471443176,42.837425231933594,38.026273265446534,0.000836832630951443,OFFBOARD,1
51.66,GLIDE_APPROACH,40.77848611909863,41.0489035685264,0,59.824,0.0,1,0.9352918267250061,2.5,-0.018843664415443884,2.5,-0.018843664415443884,2.5,-0.018843664415443884,-0.8,46.54020309448242,-0.3877106308937073,42.81014633178711,38.07427326792538,0.0008368326162263524,OFFBOARD,1
51.692,GLIDE_APPROACH,40.747171737011776,41.01620616266229,0,59.856,0.0,1,0.9352918267250061,2.5,-0.01856512901531879,2.5,-0.01856512901531879,2.5,-0.01856512901531879,-0.8,46.62046813964844,-0.38729867339134216,42.78419876098633,38.1222732746989,0.0008368326015012619,OFFBOARD,1
51.728,GLIDE_APPROACH,40.71219468818527,40.979085651063755,0,59.892,0.0,1,0.9352918267250061,2.5,-0.018152878699449856,2.5,-0.018152878699449856,2.5,-0.018152878699449856,-0.8,46.70099639892578,-0.38708800077438354,42.7579460144043,38.17627330000221,0.000836832584140831,OFFBOARD,1
51.76,GLIDE_APPROACH,40.67800175397711,40.94164836186723,0,59.924,0.0,1,0.9352918267250061,2.5,-0.017706319407077155,2.5,-0.017706319407077155,2.5,-0.017706319407077155,-0.8,46.80198669433594,-0.3870905339717865,42.72474670410156,38.22427332336529,0.0008368325694157404,OFFBOARD,1
51.792,GLIDE_APPROACH,40.650723956731866,40.9123137293222,0,59.956,0.0,1,0.9352918267250061,2.5,-0.017199901421435872,2.5,-0.017199901421435872,2.5,-0.017199901421435872,-0.8,46.883033752441406,-0.3872753977775574,42.69784927368164,38.26627333114721,0.0008368325573259899,OFFBOARD,1
51.828,GLIDE_APPROACH,40.61322888928475,40.87014246925377,0,59.992,0.0,1,0.9352918267250061,2.5,-0.016537773951003615,2.5,-0.016537773951003615,2.5,-0.016537773951003615,-0.8,46.964290618896484,-0.3876079320907593,42.67104721069336,38.326273344901296,0.0008368325389196267,OFFBOARD,1
51.86,GLIDE_APPROACH,40.586468192954186,40.84043167398815,0,60.024,0.0,1,0.9239830374717712,2.5,-0.015611509901712495,2.5,-0.015611509901712495,2.5,-0.015611509901712495,-0.8,47.04573440551758,-0.3880811929702759,42.64387130737305,38.37427336150782,0.0008368325241945359,OFFBOARD,1
51.912,GLIDE_APPROACH,40.545954318054704,40.712426779209686,0,60.076,0.0,1,0.9239830374717712,2.5,-0.0150534435058067,2.5,-0.0150534435058067,2.5,-0.0150534435058067,-0.8,47.208736419677734,-0.38906946778297424,42.589630126953125,38.45227338079922,0.0008368324994715596,OFFBOARD,1
51.932,GLIDE_APPROACH,40.51660975954209,40.76021922994699,0,60.096,0.0,1,0.9239830374717712,2.5,-0.014933150433253784,2.5,-0.014933150433253784,2.5,-0.014933150433253784,-0.8,47.208736419677734,-0.38906946778297424,42.589630126953125,38.47627338481659,0.0008368324921090143,OFFBOARD,1
51.96,GLIDE_APPROACH,40.49124577152685,40.73095867758319,0,60.124,0.0,1,0.9239830374717712,2.5,-0.015054626764868661,2.5,-0.015054626764868661,2.5,-0.015054626764868661,-0.8,47.310245513916016,-0.3893568813800812,42.55564498901367,38.52427339908433,0.0008368324773839235,OFFBOARD,1
51.992,GLIDE_APPROACH,40.465899053593965,40.701860806749906,0,60.156,0.0,1,0.9239830374717712,2.5,-0.015327632077015573,2.5,-0.015327632077015573,2.5,-0.015327632077015573,-0.8,47.391212463378906,-0.38938167691230774,42.52843475341797,38.57227342127316,0.0008368324626588329,OFFBOARD,1
52.028,GLIDE_APPROACH,40.43413592046301,40.664701278233544,0,60.192,0.0,1,0.9239830374717712,2.5,-0.016053689726566667,2.5,-0.016053689726566667,2.5,-0.016053689726566667,-0.8,47.47197341918945,-0.38923031091690063,42.5012321472168,38.62627343961969,0.0008368324468878099,OFFBOARD,1
52.064,GLIDE_APPROACH,40.40630398012783,40.631891786104276,0,60.228,0.0,1,0.9239830374717712,2.5,-0.016967171185676366,2.5,-0.016967171185676366,2.5,-0.016967171185676366,-0.8,47.55253219604492,-0.38888517022132874,42.47395706176758,38.68027346238207,0.000836832429527379,OFFBOARD,1
52.092,GLIDE_APPROACH,40.37884470040349,40.599273694572894,0,60.256,0.0,1,0.9239830374717712,2.5,-0.018114015696628155,2.5,-0.018114015696628155,2.5,-0.018114015696628155,-0.8,47.6334114074707,-0.3874262273311615,42.44859313964844,38.72227347070908,0.0008368324174376284,OFFBOARD,1
52.128,GLIDE_APPROACH,40.34838608320612,40.56278241195722,0,60.292,0.0,1,0.9239830374717712,2.5,-0.019657980632592803,2.5,-0.019657980632592803,2.5,-0.019657980632592803,-0.8,47.71408462524414,-0.3858822286128998,42.42300796508789,38.77027349567692,0.0008368324027125378,OFFBOARD,1
52.16,GLIDE_APPROACH,40.321677467957734,40.53050378567774,0,60.324,0.0,1,0.9239830374717712,2.5,-0.02123347038345286,2.5,-0.02123347038345286,2.5,-0.02123347038345286,-0.8,47.81466293334961,-0.38383612036705017,42.390804290771484,38.81827352728862,0.0008368323879874471,OFFBOARD,1
52.192,GLIDE_APPROACH,40.29529651218326,40.49835242791068,0,60.356,0.0,1,0.9239830374717712,2.4986702263549785,-0.022978861822853025,2.4986702263549785,-0.022978861822853025,2.4986702263549785,-0.022978861822853025,-0.8,47.89493942260742,-0.38211163878440857,42.36476135253906,38.87227357751226,0.000836832370627016,OFFBOARD,1
52.228,GLIDE_APPROACH,40.26599794606475,40.46231118066429,0,60.392,0.0,1,0.9239830374717712,2.490575396365476,-0.025120804645528898,2.490575396365476,-0.025120804645528898,2.490575396365476,-0.025120804645528898,-0.8,47.975067138671875,-0.3803180158138275,42.33854293823242,38.926273619064354,0.0008368323548559928,OFFBOARD,1
52.26,GLIDE_APPROACH,40.24029133503544,40.43037190870495,0,60.424,0.0,1,0.9239830374717712,2.4830962736448527,-0.027162442143970848,2.4830962736448527,-0.027162442143970848,2.4830962736448527,-0.027162442143970848,-0.8,48.05508804321289,-0.3784548342227936,42.31203079223633,38.974273667530674,0.0008368323401309021,OFFBOARD,1
52.292,GLIDE_APPROACH,40.214905963567574,40.39851119127409,0,60.456,0.0,1,0.9239830374717712,2.4753258169948933,-0.029315288439522063,2.4753258169948933,-0.029315288439522063,2.4753258169948933,-0.029315288439522063,-0.8,48.13502502441406,-0.37652847170829773,42.28557586669922,39.02227371984009,0.0008368323254058113,OFFBOARD,1
52.328,GLIDE_APPROACH,40.18673359416305,40.36275070475102,0,60.492,0.0,1,0.9239830374717712,2.4662194541491442,-0.03185023235263395,2.4662194541491442,-0.03185023235263395,2.4662194541491442,-0.03185023235263395,-0.8,48.23482131958008,-0.37406018376350403,42.25236892700195,39.07627378276453,0.0008368323080453805,OFFBOARD,1
52.36,GLIDE_APPROACH,40.162031485941384,40.33103199195691,0,60.524,0.0,1,0.9291374683380127,2.4555765941570575,-0.0341882124958809,2.4555765941570575,-0.0341882124958809,2.4555765941570575,-0.0341882124958809,-0.8,48.31455993652344,-0.372039258480072,42.22591018676758,39.12427381838646,0.0008368322933202899,OFFBOARD,1
52.392,GLIDE_APPROACH,40.13753994631848,40.299447381043244,0,60.556,0.0,1,0.9291374683380127,2.4470644862097686,-0.036683911526096305,2.4470644862097686,-0.036683911526096305,2.4470644862097686,-0.036683911526096305,-0.8,48.39418411254883,-0.36996573209762573,42.199256896972656,39.166273842814384,0.0008368322812305395,OFFBOARD,1
52.436,GLIDE_APPROACH,40.10352291250073,40.17721573202772,0,60.6,0.0,1,0.9291374683380127,2.4362178466932525,-0.04066080290394944,2.4362178466932525,-0.04066080290394944,2.4362178466932525,-0.04066080290394944,-0.8,48.55278015136719,-0.3652874529361725,42.14479064941406,39.23827389298952,0.0008368322591429036,OFFBOARD,1
52.464,GLIDE_APPROACH,40.07949340621957,40.225353794116494,0,60.628,0.0,1,0.9291374683380127,2.427805266076424,-0.043688908217317184,2.427805266076424,-0.043688908217317184,2.427805266076424,-0.043688908217317184,-0.8,48.55278015136719,-0.3652874529361725,42.14479064941406,39.280273919451254,0.0008368322454637454,OFFBOARD,1
52.492,GLIDE_APPROACH,40.058418892629724,40.198393104358466,0,60.656,0.0,1,0.9291374683380127,2.4207408056745945,-0.04657023033234639,2.4207408056745945,-0.04657023033234639,2.4207408056745945,-0.04657023033234639,-0.8,48.63181686401367,-0.3619284927845001,42.118797302246094,39.32227393399452,0.0008368322333739952,OFFBOARD,1
52.532,GLIDE_APPROACH,40.03488547693011,40.16781017559345,0,60.696,0.0,1,0.9291374683380127,2.412283704970345,-0.04998557177724024,2.412283704970345,-0.04998557177724024,2.412283704970345,-0.04998557177724024,-0.8,48.7105827331543,-0.35846883058547974,42.09267807006836,39.38227397285966,0.0008368322149676322,OFFBOARD,1
52.56,GLIDE_APPROACH,40.01127895040625,40.13747684350678,0,60.724,0.0,1,0.9291374683380127,2.404205802285003,-0.0536345731550033,2.404205802285003,-0.0536345731550033,2.404205802285003,-0.0536345731550033,-0.8,48.80866241455078,-0.3540078401565552,42.059478759765625,39.42427401231897,0.0008368322012884738,OFFBOARD,1
52.592,GLIDE_APPROACH,39.98791414310546,40.107393702860705,0,60.756,0.0,1,0.9291374683380127,2.3961415005719204,-0.05743008538347329,2.3961415005719204,-0.05743008538347329,2.3961415005719204,-0.05743008538347329,-0.8,48.8868408203125,-0.3503584563732147,42.032806396484375,39.472274052851816,0.0008368321865633829,OFFBOARD,1
52.628,GLIDE_APPROACH,39.96192137675286,39.995913073650385,0,60.792,0.0,1,0.9291374683380127,2.3870784051811587,-0.061842415297044304,2.3870784051811587,-0.061842415297044304,2.3870784051811587,-0.061842415297044304,-0.8,48.964778900146484,-0.3466572165489197,42.005977630615234,39.526274088017644,0.0008368321707923601,OFFBOARD,1
52.66,GLIDE_APPROACH,39.93907098419847,40.04429146147371,0,60.824,0.0,1,0.9291374683380127,2.3790273378822975,-0.06586373619855324,2.3790273378822975,-0.06586373619855324,2.3790273378822975,-0.06586373619855324,-0.8,49.04248046875,-0.3429175615310669,41.979000091552734,39.568274117845476,0.0008368321571132017,OFFBOARD,1
52.692,GLIDE_APPROACH,39.916453423182034,40.014976628486245,0,60.856,0.0,1,0.9291374683380127,2.370987059555265,-0.06995430146031305,2.370987059555265,-0.06995430146031305,2.370987059555265,-0.06995430146031305,-0.8,49.11992645263672,-0.33914104104042053,41.95186996459961,39.622274140124375,0.0008368321413421787,OFFBOARD,1
52.728,GLIDE_APPROACH,39.89127770848992,39.982280544914076,0,60.892,0.0,1,0.9291374683380127,2.361954336170462,-0.07461279979094979,2.361954336170462,-0.07461279979094979,2.361954336170462,-0.07461279979094979,-0.8,49.19712829589844,-0.3353390097618103,41.92459487915039,39.67027417166243,0.000836832126617088,OFFBOARD,1
52.76,GLIDE_APPROACH,39.8691325774843,39.95346372135665,0,60.924,0.0,1,0.9291374683380127,2.3539439076200233,-0.07878238627513214,2.3539439076200233,-0.07878238627513214,2.3539439076200233,-0.07878238627513214,-0.8,49.293331146240234,-0.33056846261024475,41.890621185302734,39.724274220458184,0.000836832109256657,OFFBOARD,1
52.792,GLIDE_APPROACH,39.84389667821149,39.92131464024409,0,60.956,0.0,1,0.9291374683380127,2.3456464024644754,-0.08354490211105342,2.3456464024644754,-0.08354490211105342,2.3456464024644754,-0.08354490211105342,-0.8,49.37001037597656,-0.3267403841018677,41.863433837890625,39.772274261533966,0.0008368320945315664,OFFBOARD,1
52.828,GLIDE_APPROACH,39.822765954225716,39.89297788381663,0,60.992,0.0,1,0.9291374683380127,2.3369936145524464,-0.08764950713403712,2.3369936145524464,-0.08764950713403712,2.3369936145524464,-0.08764950713403712,-0.8,49.44646072387695,-0.3229207694530487,41.83617401123047,39.826274296988416,0.0008368320787605435,OFFBOARD,1
52.86,GLIDE_APPROACH,39.801254652874874,39.864858987776515,0,61.024,0.0,1,0.9291374683380127,2.329054551832532,-0.09178982055808615,2.329054551832532,-0.09178982055808615,2.329054551832532,-0.09178982055808615,-0.8,49.522674560546875,-0.3191140592098236,41.808937072753906,39.87427432059764,0.0008368320640354529,OFFBOARD,1
52.892,GLIDE_APPROACH,39.780075899453365,39.83678764651439,0,61.056,0.0,1,0.9245489239692688,2.3013366518868597,-0.09422137693924625,2.3013366518868597,-0.09422137693924625,2.3013366518868597,-0.09422137693924625,-0.8,49.60072708129883,-0.3141043782234192,41.78322219848633,39.91627433817797,0.0008368320503562946,OFFBOARD,1
52.928,GLIDE_APPROACH,39.753648192867686,39.801455333429274,0,61.092,0.0,1,0.9245489239692688,2.2906400746363924,-0.09886465479348781,2.2906400746363924,-0.09886465479348781,2.2906400746363924,-0.09886465479348781,-0.8,49.678680419921875,-0.309404581785202,41.75764465332031,39.976274341919236,0.0008368320319499312,OFFBOARD,1
52.972,GLIDE_APPROACH,39.73346967274935,39.69501486894457,0,61.136,0.0,1,0.9245489239692688,2.28070592250656,-0.1021937810630753,2.28070592250656,-0.1021937810630753,2.28070592250656,-0.1021937810630753,-0.8,49.8541259765625,-0.3000686466693878,41.700439453125,40.036274355177945,0.0008368320135435681,OFFBOARD,1
52.992,GLIDE_APPROACH,39.7167220998124,39.74796974756911,0,61.156,0.0,1,0.9245489239692688,2.2707592504612557,-0.10480161622092085,2.2707592504612557,-0.10480161622092085,2.2707592504612557,-0.10480161622092085,-0.8,49.8541259765625,-0.3000686466693878,41.700439453125,40.06627435826989,0.0008368320051350905,OFFBOARD,1
53.028,GLIDE_APPROACH,39.69455256196921,39.71562058242698,0,61.192,0.0,1,0.9245489239692688,2.2585422326110334,-0.10791272280604973,2.2585422326110334,-0.10791272280604973,2.2585422326110334,-0.10791272280604973,-0.8,49.93214797973633,-0.2964382767677307,41.67507553100586,40.12027439173594,0.0008368319877746597,OFFBOARD,1
53.06,GLIDE_APPROACH,39.67497428567355,39.6867412519583,0,61.224,0.0,1,0.9245489239692688,2.2473765616123225,-0.11038221903479661,2.2473765616123225,-0.11038221903479661,2.2473765616123225,-0.11038221903479661,-0.8,50.010162353515625,-0.2931109368801117,41.649715423583984,40.168274420591175,0.000836831973049569,OFFBOARD,1
53.092,GLIDE_APPROACH,39.65546899435369,39.6577825988396,0,61.256,0.0,1,0.9245489239692688,2.2360279950548243,-0.11258227860070938,2.2360279950548243,-0.11258227860070938,2.2360279950548243,-0.11258227860070938,-0.8,50.08816146850586,-0.2900729179382324,41.62442398071289,40.222274437244714,0.0008368319572785459,OFFBOARD,1
53.128,GLIDE_APPROACH,39.63356868332667,39.62515892906897,0,61.292,0.0,1,0.9245489239692688,2.223151890337229,-0.11474677248471983,2.223151890337229,-0.11474677248471983,2.223151890337229,-0.11474677248471983,-0.8,50.1661262512207,-0.28729668259620667,41.59891128540039,40.270274449962116,0.0008368319425534552,OFFBOARD,1
53.16,GLIDE_APPROACH,39.61411221104656,39.59616370660569,0,61.324,0.0,1,0.9245489239692688,2.2117022915960267,-0.11640448160107413,2.2117022915960267,-0.11640448160107413,2.2117022915960267,-0.11640448160107413,-0.8,50.26346969604492,-0.28416261076927185,41.56695556640625,40.32427447823718,0.0008368319251930241,OFFBOARD,1
53.196,GLIDE_APPROACH,39.58840752982283,39.5599731534764,0,61.36,0.0,1,0.9245489239692688,2.199119497579753,-0.11826463759905562,2.199119497579753,-0.11826463759905562,2.199119497579753,-0.11826463759905562,-0.8,50.34123229980469,-0.2819119989871979,41.5413932800293,40.37827449907722,0.000836831909422001,OFFBOARD,1
53.232,GLIDE_APPROACH,39.572737297487805,39.53473141271787,0,61.396,0.0,1,0.9245489239692688,2.1876282724534124,-0.11912858622085916,2.1876282724534124,-0.11912858622085916,2.1876282724534124,-0.11912858622085916,-0.8,50.41886520385742,-0.2798738181591034,41.51580047607422,40.43227454265531,0.0008368318920615702,OFFBOARD,1
53.26,GLIDE_APPROACH,39.55322263878353,39.50597554674436,0,61.424,0.0,1,0.9245489239692688,2.1765406902270508,-0.1200473849915779,2.1765406902270508,-0.1200473849915779,2.1765406902270508,-0.1200473849915779,-0.8,50.4963264465332,-0.27804362773895264,41.49018478393555,40.46827456939243,0.0008368318810177525,OFFBOARD,1
53.292,GLIDE_APPROACH,39.53365688819704,39.47735295183265,0,61.456,0.0,1,0.9245489239692688,2.1656667131559373,-0.12074151243386248,2.1656667131559373,-0.12074151243386248,2.1656667131559373,-0.12074151243386248,-0.8,50.57307815551758,-0.27668899297714233,41.466697692871094,40.52227459064001,0.0008368318652467294,OFFBOARD,1
53.332,GLIDE_APPROACH,39.51155234338439,39.445335869337256,0,61.496,0.0,1,0.9245489239692688,2.153774377218195,-0.1212618423398346,2.153774377218195,-0.1212618423398346,2.153774377218195,-0.1212618423398346,-0.8,50.649658203125,-0.2755063772201538,41.4429817199707,40.5822746140283,0.0008368318468403662,OFFBOARD,1
53.36,GLIDE_APPROACH,39.49490478936055,39.42058741235187,0,61.524,0.0,1,0.9245489239692688,2.1440492593836113,-0.12141702613691041,2.1440492593836113,-0.12141702613691041,2.1440492593836113,-0.12141702613691041,-0.8,50.745113372802734,-0.27426061034202576,41.41280746459961,40.618274632289825,0.0008368318357965482,OFFBOARD,1
53.392,GLIDE_APPROACH,39.46882928566859,39.38552503118375,0,61.556,0.0,1,0.9298779964447021,2.134931718984203,-0.12081234001061023,2.134931718984203,-0.12081234001061023,2.134931718984203,-0.12081234001061023,-0.8,50.82123947143555,-0.2734718322753906,41.38836669921875,40.67227467340007,0.0008368318184361173,OFFBOARD,1
53.428,GLIDE_APPROACH,39.44643992386095,39.35437571135366,0,61.592,0.0,1,0.9298779964447021,2.1244250280637664,-0.12015956881970785,2.1244250280637664,-0.12015956881970785,2.1244250280637664,-0.12015956881970785,-0.8,50.89704895019531,-0.2729882597923279,41.36373519897461,40.726274706006365,0.000836831802665094,OFFBOARD,1
53.46,GLIDE_APPROACH,39.42952995092348,39.330420338913754,0,61.624,0.0,1,0.9298779964447021,2.1159725376694185,-0.1192323871726671,2.1159725376694185,-0.1192323871726671,2.1159725376694185,-0.1192323871726671,-0.8,50.99163818359375,-0.27290594577789307,41.33341598510742,40.77427474673084,0.0008368317879400032,OFFBOARD,1
53.5,GLIDE_APPROACH,39.40938603895381,39.22715310852652,0,61.664,0.0,1,0.9298779964447021,2.1076264423878355,-0.11788056512103098,2.1076264423878355,-0.11788056512103098,2.1076264423878355,-0.11788056512103098,-0.8,51.067806243896484,-0.2734778821468353,41.311519622802734,40.83427480334696,0.00083683176953364,OFFBOARD,1
53.532,GLIDE_APPROACH,39.383416278231245,39.26987480409407,0,61.696,0.0,1,0.9298779964447021,2.0986614618957122,-0.11573430314530743,2.0986614618957122,-0.11573430314530743,2.0986614618957122,-0.11573430314530743,-0.8,51.14356231689453,-0.2743058204650879,41.289100646972656,40.87627485403123,0.0008368317558544818,OFFBOARD,1
53.56,GLIDE_APPROACH,39.365933492684405,39.24676031237008,0,61.724,0.0,1,0.9298779964447021,2.0919070428134834,-0.11379900060253564,2.0919070428134834,-0.11379900060253564,2.0919070428134834,-0.11379900060253564,-0.8,51.218910217285156,-0.2753679156303406,41.26641845703125,40.92427490462159,0.000836831741129391,OFFBOARD,1
53.592,GLIDE_APPROACH,39.34196244305601,39.21736455359343,0,61.756,0.0,1,0.9298779964447021,2.0853982574032943,-0.11110727038002764,2.0853982574032943,-0.11110727038002764,2.0853982574032943,-0.11110727038002764,-0.8,51.293853759765625,-0.27662190794944763,41.24325180053711,40.97227494322646,0.0008368317264043002,OFFBOARD,1
53.628,GLIDE_APPROACH,39.31811256662104,39.18835629904996,0,61.792,0.0,1,0.9298779964447021,2.0792172398693167,-0.10798868075737272,2.0792172398693167,-0.10798868075737272,2.0792172398693167,-0.10798868075737272,-0.8,51.368404388427734,-0.2780655324459076,41.219905853271484,41.02027496754819,0.0008368317116792093,OFFBOARD,1
53.66,GLIDE_APPROACH,39.29970013130575,39.091886443438526,0,61.824,0.0,1,0.9298779964447021,2.0745596831573696,-0.10527190199928821,2.0745596831573696,-0.10527190199928821,2.0745596831573696,-0.10527190199928821,-0.8,51.44257736206055,-0.2796722948551178,41.19620895385742,41.074274971499705,0.0008368316959081862,OFFBOARD,1
53.692,GLIDE_APPROACH,39.27781443960696,39.14084655668823,0,61.856,0.0,1,0.9298779964447021,2.070572920219304,-0.10202488731093434,2.070572920219304,-0.10202488731093434,2.070572920219304,-0.10202488731093434,-0.8,51.51637649536133,-0.28143659234046936,41.17216110229492,41.122274969120376,0.0008368316811830957,OFFBOARD,1
53.732,GLIDE_APPROACH,39.2496052389257,39.109721732552146,0,61.896,0.0,1,0.9298779964447021,2.0670774326201866,-0.09773723306437242,2.0670774326201866,-0.09773723306437242,2.0670774326201866,-0.09773723306437242,-0.8,51.589813232421875,-0.283324658870697,41.147701263427734,41.18227495891268,0.0008368316627767323,OFFBOARD,1
53.76,GLIDE_APPROACH,39.230139099261564,39.088213620426046,0,61.924,0.0,1,0.9298779964447021,2.0646362334204467,-0.09444487826522853,2.0646362334204467,-0.09444487826522853,2.0646362334204467,-0.09444487826522853,-0.8,51.68113327026367,-0.28585702180862427,41.11663055419922,41.22427496652816,0.000836831649097574,OFFBOARD,1
53.792,GLIDE_APPROACH,39.20715639797549,39.063882086049645,0,61.956,0.0,1,0.9298779964447021,2.0630197679474107,-0.09059574919243728,2.0630197679474107,-0.09059574919243728,2.0630197679474107,-0.09059574919243728,-0.8,51.75382614135742,-0.28798210620880127,41.09141159057617,41.27227497427294,0.0008368316343724834,OFFBOARD,1
53.828,GLIDE_APPROACH,39.17770023098173,39.033839033828,0,61.992,0.0,1,0.9298779964447021,2.0623260831647494,-0.0856288618685208,2.0623260831647494,-0.0856288618685208,2.0623260831647494,-0.0856288618685208,-0.8,51.826210021972656,-0.2901856005191803,41.06587600708008,41.32027498413697,0.0008368316196473929,OFFBOARD,1
53.864,GLIDE_APPROACH,39.153998391016486,39.0101083495229,0,62.028,0.0,1,0.9298779964447021,2.0622929399661794,-0.08144351537753129,2.0622929399661794,-0.08144351537753129,2.0622929399661794,-0.08144351537753129,-0.8,51.898284912109375,-0.2924562990665436,41.0400390625,41.374274977051016,0.0008368316038763697,OFFBOARD,1
53.892,GLIDE_APPROACH,39.130008586605044,38.98655801052906,0,62.056,0.0,1,0.9370734095573425,2.08004777198368,-0.07949887429932861,2.08004777198368,-0.07949887429932861,2.08004777198368,-0.07949887429932861,-0.8,51.988773345947266,-0.2950657308101654,41.01020050048828,41.42227498219376,0.0008368315891512791,OFFBOARD,1
53.928,GLIDE_APPROACH,39.105891395564576,38.963154448966876,0,62.092,0.0,1,0.9370734095573425,2.0809085658353457,-0.07545287687529706,2.0809085658353457,-0.07545287687529706,2.0809085658353457,-0.07545287687529706,-0.8,52.04288864135742,-0.29653966426849365,40.991939544677734,41.47027499101454,0.0008368315744261884,OFFBOARD,1
53.96,GLIDE_APPROACH,39.078134335954836,38.93695281643403,0,62.124,0.0,1,0.9370734095573425,2.082779260045568,-0.07124261229123413,2.082779260045568,-0.07124261229123413,2.082779260045568,-0.07124261229123413,-0.8,52.13283920288086,-0.2987738847732544,40.96139144897461,41.52427499878064,0.0008368315570657576,OFFBOARD,1
53.992,GLIDE_APPROACH,39.05328493797204,38.91379800353772,0,62.156,0.0,1,0.9370734095573425,2.0848164569999614,-0.06762442972692528,2.0848164569999614,-0.06762442972692528,2.0848164569999614,-0.06762442972692528,-0.8,52.20460891723633,-0.30037179589271545,40.936676025390625,41.566274994667154,0.0008368315449760072,OFFBOARD,1
54.036,GLIDE_APPROACH,39.028160455313774,38.81928740819535,0,62.2,0.0,1,0.9370734095573425,2.0873322739030264,-0.06411394150022176,2.0873322739030264,-0.06411394150022176,2.0873322739030264,-0.06411394150022176,-0.8,52.34770965576172,-0.3030678629875183,40.886512756347656,41.638275001797496,0.0008368315228883711,OFFBOARD,1
54.06,GLIDE_APPROACH,38.99948521444054,38.86494454886739,0,62.224,0.0,1,0.9370734095573425,2.0907612985970934,-0.060514181445942915,2.0907612985970934,-0.060514181445942915,2.0907612985970934,-0.060514181445942915,-0.8,52.34770965576172,-0.3030678629875183,40.886512756347656,41.674274997142085,0.000836831511844553,OFFBOARD,1
54.092,GLIDE_APPROACH,38.97687448740684,38.84496369091965,0,62.256,0.0,1,0.9370734095573425,2.0939188913012825,-0.05773580876114628,2.0939188913012825,-0.05773580876114628,2.0939188913012825,-0.05773580876114628,-0.8,52.4190559387207,-0.30417317152023315,40.861019134521484,41.72227498259947,0.0008368314971194624,OFFBOARD,1
54.132,GLIDE_APPROACH,38.94101351153444,38.81365752453998,0,62.296,0.0,1,0.9370734095573425,2.0993874475241743,-0.053780566747209185,2.0993874475241743,-0.053780566747209185,2.0993874475241743,-0.053780566747209185,-0.8,52.508087158203125,-0.30531296133995056,40.82875061035156,41.776274970987124,0.0008368314797590315,OFFBOARD,1
54.16,GLIDE_APPROACH,38.92104972405524,38.79666012419878,0,62.324,0.0,1,0.9370734095573425,2.1029484933448646,-0.05162962114988592,2.1029484933448646,-0.05162962114988592,2.1029484933448646,-0.05162962114988592,-0.8,52.57921600341797,-0.3060431182384491,40.802555084228516,41.82427496224599,0.0008368314650339407,OFFBOARD,1
54.192,GLIDE_APPROACH,38.89432015473402,38.774037412012426,0,62.356,0.0,1,0.9370734095573425,2.1078741423388365,-0.04896713629338083,2.1078741423388365,-0.04896713629338083,2.1078741423388365,-0.04896713629338083,-0.8,52.6502571105957,-0.30663278698921204,40.77634811401367,41.872274947850784,0.00083683145030885,OFFBOARD,1
54.228,GLIDE_APPROACH,38.86391337586364,38.74865924773006,0,62.392,0.0,1,0.9370734095573425,2.113913404026526,-0.046115942678609814,2.113913404026526,-0.046115942678609814,2.113913404026526,-0.046115942678609814,-0.8,52.72121047973633,-0.3070898950099945,40.74993896484375,41.92027492516599,0.0008368314355837592,OFFBOARD,1
54.26,GLIDE_APPROACH,38.83659537748397,38.726159203864945,0,62.424,0.0,1,0.9370734095573425,2.119695834587437,-0.043700278554984345,2.119695834587437,-0.043700278554984345,2.119695834587437,-0.043700278554984345,-0.8,52.792083740234375,-0.30741944909095764,40.7235221862793,41.97427488376971,0.0008368314198127362,OFFBOARD,1
54.292,GLIDE_APPROACH,38.80901840625242,38.70370762004341,0,62.456,0.0,1,0.9370734095573425,2.1258437751487653,-0.0413893380255643,2.1258437751487653,-0.0413893380255643,2.1258437751487653,-0.0413893380255643,-0.8,52.86334228515625,-0.3087441027164459,40.69876480102539,42.02227486027639,0.0008368314050876455,OFFBOARD,1
54.328,GLIDE_APPROACH,38.774518816072316,38.67568593145772,0,62.492,0.0,1,0.931205689907074,2.1330667708810718,-0.042460741980961225,2.1330667708810718,-0.042460741980961225,2.1330667708810718,-0.042460741980961225,-0.8,52.95225143432617,-0.31012770533561707,40.66753005981445,42.076274854682595,0.0008368313877272145,OFFBOARD,1
54.36,GLIDE_APPROACH,38.74957649788729,38.65612646912545,0,62.524,0.0,1,0.931205689907074,2.1395232022689696,-0.04055786411142286,2.1395232022689696,-0.04055786411142286,2.1395232022689696,-0.04055786411142286,-0.8,53.02328109741211,-0.3110333979129791,40.642391204833984,42.11827484590488,0.0008368313756374641,OFFBOARD,1
54.392,GLIDE_APPROACH,38.71471045142322,38.62842206357692,0,62.556,0.0,1,0.931205689907074,2.148118121879403,-0.03765568359662433,2.148118121879403,-0.03765568359662433,2.148118121879403,-0.03765568359662433,-0.8,53.09417724609375,-0.3118734359741211,40.61690902709961,42.17227486262043,0.000836831358277033,OFFBOARD,1
54.432,GLIDE_APPROACH,38.68856102758329,38.609373817294006,0,62.596,0.0,1,0.931205689907074,2.1566436797721167,-0.03488184511931745,2.1566436797721167,-0.03488184511931745,2.1566436797721167,-0.03488184511931745,-0.8,53.16469955444336,-0.3130154311656952,40.591068267822266,42.2322748778195,0.0008368313398706698,OFFBOARD,1
54.46,GLIDE_APPROACH,38.65921870149134,38.58785578785386,0,62.624,0.0,1,0.931205689907074,2.166029115119021,-0.031356703170254414,2.166029115119021,-0.031356703170254414,2.166029115119021,-0.031356703170254414,-0.8,53.2348518371582,-0.3144969642162323,40.56475830078125,42.27427487217447,0.0008368313277809193,OFFBOARD,1
54.492,GLIDE_APPROACH,38.62627904970389,38.563982094948734,0,62.656,0.0,1,0.931205689907074,2.176911874084352,-0.026809024116713966,2.176911874084352,-0.026809024116713966,2.176911874084352,-0.026809024116713966,-0.8,53.30464172363281,-0.31632816791534424,40.53834533691406,42.316274874436296,0.0008368313141017609,OFFBOARD,1
54.528,GLIDE_APPROACH,38.592498282113226,38.540468229703734,0,62.692,0.0,1,0.931205689907074,2.189227971825533,-0.021525804399100998,2.189227971825533,-0.021525804399100998,2.189227971825533,-0.021525804399100998,-0.8,53.37408447265625,-0.3185001313686371,40.51145935058594,42.376274862338875,0.0008368312956953978,OFFBOARD,1
54.564,GLIDE_APPROACH,38.56545862333374,38.52241019847963,0,62.728,0.0,1,0.931205689907074,2.200005297936335,-0.01691375633421515,2.200005297936335,-0.01691375633421515,2.200005297936335,-0.01691375633421515,-0.8,53.460453033447266,-0.32166072726249695,40.47767639160156,42.430274855624496,0.0008368312799243746,OFFBOARD,1
54.592,GLIDE_APPROACH,38.534946243490865,38.50195285610913,0,62.756,0.0,1,0.931205689907074,2.2120698777500234,-0.011295973479076678,2.2120698777500234,-0.011295973479076678,2.2120698777500234,-0.011295973479076678,-0.8,53.529232025146484,-0.32453981041908264,40.45039749145508,42.46627486257739,0.0008368312688805566,OFFBOARD,1
54.628,GLIDE_APPROACH,38.5004118543283,38.47915072171573,0,62.792,0.0,1,0.931205689907074,2.226149226045966,-0.004484638463662309,2.226149226045966,-0.004484638463662309,2.226149226045966,-0.004484638463662309,-0.8,53.597782135009766,-0.3277056813240051,40.422943115234375,42.526274876980224,0.0008368312504741933,OFFBOARD,1
54.66,GLIDE_APPROACH,38.46957070220847,38.390673666870484,0,62.824,0.0,1,0.931205689907074,2.239010521757043,0.001954465188314245,2.239010521757043,0.001954465188314245,2.239010521757043,0.001954465188314245,-0.8,53.666141510009766,-0.33112186193466187,40.395774841308594,42.574274879571675,0.0008368312357491027,OFFBOARD,1
54.692,GLIDE_APPROACH,38.43537609448355,38.436497501840535,0,62.856,0.0,1,0.931205689907074,2.252998973667762,0.00949837726743746,2.252998973667762,0.00949837726743746,2.252998973667762,0.00949837726743746,-0.8,53.7352409362793,-0.33617639541625977,40.36967086791992,42.61627489379096,0.0008368312220699445,OFFBOARD,1
54.728,GLIDE_APPROACH,38.40371200632589,38.41657060414379,0,62.892,0.0,1,0.931205689907074,2.2670774898190946,0.016616389249964034,2.2670774898190946,0.016616389249964034,2.2670774898190946,0.016616389249964034,-0.8,53.82133865356445,-0.34260985255241394,40.33706283569336,42.67627491385761,0.000836831203663581,OFFBOARD,1
54.76,GLIDE_APPROACH,38.372596893456944,38.39665736133779,0,62.924,0.0,1,0.931205689907074,2.2805122694115583,0.023879429758025292,2.2805122694115583,0.023879429758025292,2.2805122694115583,0.023879429758025292,-0.8,53.89006042480469,-0.347823828458786,40.310874938964844,42.72427493828072,0.0008368311889384904,OFFBOARD,1
54.792,GLIDE_APPROACH,38.33817732220345,38.37423806588096,0,62.956,0.0,1,0.931205689907074,2.2949025948313357,0.032186695944331684,2.2949025948313357,0.032186695944331684,2.2949025948313357,0.032186695944331684,-0.8,53.95869445800781,-0.35305458307266235,40.28460693359375,42.77227496925334,0.0008368311742134,OFFBOARD,1
54.832,GLIDE_APPROACH,38.30626766974573,38.354317875920216,0,62.996,0.0,1,0.937820553779602,2.30872340193183,0.03922510894662469,2.30872340193183,0.03922510894662469,2.30872340193183,0.03922510894662469,-0.8,54.02726745605469,-0.3582923412322998,40.258235931396484,42.82027500045883,0.0008368311594883093,OFFBOARD,1
54.86,GLIDE_APPROACH,38.27498663063861,38.33432854025146,0,63.024,0.0,1,0.937820553779602,2.3222573334442806,0.04691857295991887,2.3222573334442806,0.04691857295991887,2.3222573334442806,0.04691857295991887,-0.8,54.09579849243164,-0.3635053336620331,40.23173141479492,42.87427501525018,0.0008368311437172863,OFFBOARD,1
54.892,GLIDE_APPROACH,38.24049156978648,38.31176722306688,0,63.056,0.0,1,0.937820553779602,2.3365674009791095,0.055166316146032096,2.3365674009791095,0.055166316146032096,2.3365674009791095,0.055166316146032096,-0.8,54.164306640625,-0.3686453402042389,40.205108642578125,42.91627504254365,0.0008368311300381278,OFFBOARD,1
54.928,GLIDE_APPROACH,38.208592868482484,38.291712947585594,0,63.092,0.0,1,0.937820553779602,2.350763847082135,0.061888082326552754,2.350763847082135,0.061888082326552754,2.350763847082135,0.061888082326552754,-0.8,54.232818603515625,-0.3732457458972931,40.17829132080078,42.97627507110212,0.0008368311116317645,OFFBOARD,1
54.96,GLIDE_APPROACH,38.177487553522894,38.27158412109599,0,63.124,0.0,1,0.937820553779602,2.3639232427969983,0.06781367545369334,2.3639232427969983,0.06781367545369334,2.3639232427969983,0.06781367545369334,-0.8,54.31851577758789,-0.3780418336391449,40.14500427246094,43.01827507386411,0.0008368310995420141,OFFBOARD,1
54.992,GLIDE_APPROACH,38.146508002525785,38.251383111259514,0,63.156,0.0,1,0.937820553779602,2.3768464051667486,0.07300216556917015,2.3768464051667486,0.07300216556917015,2.3768464051667486,0.07300216556917015,-0.8,54.387168884277344,-0.38109496235847473,40.11836242675781,43.06627508875882,0.0008368310848169234,OFFBOARD,1
55.028,GLIDE_APPROACH,38.10865695270455,38.225983475391445,0,63.192,0.0,1,0.937820553779602,2.391779351774875,0.07838744543094359,2.391779351774875,0.07838744543094359,2.391779351774875,0.07838744543094359,-0.8,54.455909729003906,-0.38347315788269043,40.09183120727539,43.12027511532907,0.0008368310674564926,OFFBOARD,1
55.064,GLIDE_APPROACH,38.0779803428468,38.20555709392151,0,63.228,0.0,1,0.937820553779602,2.4040670657159544,0.08195869162143175,2.4040670657159544,0.08195869162143175,2.4040670657159544,0.08195869162143175,-0.8,54.524757385253906,-0.38519927859306335,40.065181732177734,43.18027512353812,0.0008368310490501292,OFFBOARD,1
55.092,GLIDE_APPROACH,38.04744930293859,38.185003125594925,0,63.256,0.0,1,0.937820553779602,2.4160325881584903,0.08486081972151545,2.4160325881584903,0.08486081972151545,2.4160325881584903,0.08486081972151545,-0.8,54.59405517578125,-0.38849112391471863,40.04191207885742,43.2222751254823,0.0008368310369603789,OFFBOARD,1
55.128,GLIDE_APPROACH,38.01327161546056,38.16170767097346,0,63.292,0.0,1,0.937820553779602,2.429088419751579,0.08737675309365196,2.429088419751579,0.08737675309365196,2.429088419751579,0.08737675309365196,-0.8,54.663455963134766,-0.39101290702819824,40.01842498779297,43.27627514579683,0.0008368310195999481,OFFBOARD,1
55.16,GLIDE_APPROACH,37.98302019116567,38.14083164397364,0,63.324,0.0,1,0.937820553779602,2.440330578636181,0.08899265015262621,2.440330578636181,0.08899265015262621,2.440330578636181,0.08899265015262621,-0.8,54.750370025634766,-0.3931719958782196,39.98861312866211,43.318275138697516,0.0008368310075101977,OFFBOARD,1
55.192,GLIDE_APPROACH,37.95287066309216,38.119782677119645,0,63.356,0.0,1,0.937820553779602,2.4512480859100156,0.09006473944188716,2.4512480859100156,0.09006473944188716,2.4512480859100156,0.09006473944188716,-0.8,54.82005310058594,-0.3941630721092224,39.964599609375,43.37227513591167,0.0008368309901497669,OFFBOARD,1
55.228,GLIDE_APPROACH,37.922203124440806,38.098570495390355,0,63.392,0.0,1,0.937820553779602,2.462596264014223,0.0907020506796325,2.462596264014223,0.0907020506796325,2.462596264014223,0.0907020506796325,-0.8,54.88988494873047,-0.3945576250553131,39.94013214111328,43.42627510619301,0.0008368309743787438,OFFBOARD,1
55.26,GLIDE_APPROACH,37.89227143875556,38.077138333583655,0,63.424,0.0,1,0.937820553779602,2.4727951241295862,0.09079101381020883,2.4727951241295862,0.09079101381020883,2.4727951241295862,0.09079101381020883,-0.8,54.959903717041016,-0.39439308643341064,39.91534423828125,43.468275089518,0.0008368309606995856,OFFBOARD,1
55.292,GLIDE_APPROACH,37.86245900416273,38.05549682991502,0,63.456,0.0,1,0.937820553779602,2.4826008707534064,0.0904345473688299,2.4826008707534064,0.0904345473688299,2.4826008707534064,0.0904345473688299,-0.8,55.03009796142578,-0.39371439814567566,39.890220642089844,43.51627505501533,0.0008368309459744952,OFFBOARD,1
55.328,GLIDE_APPROACH,37.82594166350256,38.02811107327112,0,63.492,0.0,1,0.9374660849571228,2.5,0.08807992939141437,2.5,0.08807992939141437,2.5,0.08807992939141437,-0.8,55.10050964355469,-0.3925715982913971,39.86478042602539,43.576275010465515,0.0008368309275681318,OFFBOARD,1
55.36,GLIDE_APPROACH,37.79959471879303,38.00876692160834,0,63.524,0.0,1,0.9374660849571228,2.5,0.0870685171607852,2.5,0.0870685171607852,2.5,0.0870685171607852,-0.8,55.18882369995117,-0.39052334427833557,39.832672119140625,43.62427498753865,0.0008368309128430413,OFFBOARD,1
55.392,GLIDE_APPROACH,37.77023006204395,37.98645331558384,0,63.556,0.0,1,0.9374660849571228,2.5,0.08568562766706853,2.5,0.08568562766706853,2.5,0.08568562766706853,-0.8,55.259708404541016,-0.388445645570755,39.806671142578125,43.672274975869264,0.0008368308981179508,OFFBOARD,1
55.428,GLIDE_APPROACH,37.737309613505055,37.961177604858946,0,63.592,0.0,1,0.9374660849571228,2.5,0.08426681883487175,2.5,0.08426681883487175,2.5,0.08426681883487175,-0.8,55.33070373535156,-0.38628557324409485,39.780670166015625,43.72627495994439,0.0008368308823469278,OFFBOARD,1
55.46,GLIDE_APPROACH,37.7081844713765,37.93854916731315,0,63.624,0.0,1,0.9374660849571228,2.5,0.08315136154551583,2.5,0.08315136154551583,2.5,0.08315136154551583,-0.8,55.41939163208008,-0.38399258255958557,39.748226165771484,43.77427494423673,0.0008368308676218369,OFFBOARD,1
55.492,GLIDE_APPROACH,37.67601378798323,37.912878060842765,0,63.656,0.0,1,0.9374660849571228,2.5,0.08200724762340791,2.5,0.08200724762340791,2.5,0.08200724762340791,-0.8,55.47222900390625,-0.3834930956363678,39.729984283447266,43.82227492080427,0.0008368308528967462,OFFBOARD,1
55.528,GLIDE_APPROACH,37.64682924923982,37.88993193381409,0,63.692,0.0,1,0.9374660849571228,2.5,0.0813012872102124,2.5,0.0813012872102124,2.5,0.0813012872102124,-0.8,55.542850494384766,-0.382772833108902,39.70523452758789,43.87027489019982,0.0008368308381716556,OFFBOARD,1
55.564,GLIDE_APPROACH,37.615023756121175,37.863863386480055,0,63.728,0.0,1,0.9374660849571228,2.5,0.08053463187308965,2.5,0.08053463187308965,2.5,0.08053463187308965,-0.8,55.63138961791992,-0.3818230628967285,39.67387008666992,43.93027484606659,0.0008368308197652922,OFFBOARD,1
55.596,GLIDE_APPROACH,37.589855141914384,37.77246070670921,0,63.76,0.0,1,0.9374660849571228,2.5,0.08019711798909304,2.5,0.08019711798909304,2.5,0.08019711798909304,-0.8,55.70241165161133,-0.3810449540615082,39.64851379394531,43.972274831153186,0.0008368308060861339,OFFBOARD,1
55.628,GLIDE_APPROACH,37.554942656791916,37.8140843920096,0,63.792,0.0,1,0.9374660849571228,2.5,0.07970178901141164,2.5,0.07970178901141164,2.5,0.07970178901141164,-0.8,55.77361297607422,-0.3802385926246643,39.6229362487793,44.026274800031736,0.0008368307903151107,OFFBOARD,1
55.66,GLIDE_APPROACH,37.53026745844154,37.79339240389197,0,63.824,0.0,1,0.9374660849571228,2.5,0.07958428118136063,2.5,0.07958428118136063,2.5,0.07958428118136063,-0.8,55.84499740600586,-0.3793969750404358,39.59724044799805,44.08027477632461,0.0008368307729546796,OFFBOARD,1
55.692,GLIDE_APPROACH,37.50261345858532,37.769560451727756,0,63.856,0.0,1,0.9374660849571228,2.5,0.07945047463796939,2.5,0.07945047463796939,2.5,0.07945047463796939,-0.8,55.93448257446289,-0.37830084562301636,39.56465148925781,44.12227473883504,0.0008368307608649293,OFFBOARD,1
55.728,GLIDE_APPROACH,37.46857816980684,37.73951978508192,0,63.892,0.0,1,0.9374660849571228,2.5,0.07931411005942676,2.5,0.07931411005942676,2.5,0.07931411005942676,-0.8,55.988304138183594,-0.37761929631233215,39.5450325012207,44.17027469933602,0.0008368307461398387,OFFBOARD,1
55.76,GLIDE_APPROACH,37.44475618004825,37.71839419560742,0,63.924,0.0,1,0.9374660849571228,2.5,0.07940501319903076,2.5,0.07940501319903076,2.5,0.07940501319903076,-0.8,56.07820510864258,-0.3764384686946869,39.511962890625,44.224274658287335,0.0008368307287794077,OFFBOARD,1
55.792,GLIDE_APPROACH,37.41473986854256,37.61889476488239,0,63.956,0.0,1,0.9374660849571228,2.5,0.07940790489178048,2.5,0.07940790489178048,2.5,0.07940790489178048,-0.8,56.15031433105469,-0.3754420280456543,39.48546600341797,44.27227462530201,0.0008368307140543171,OFFBOARD,1
55.828,GLIDE_APPROACH,37.38823593009533,37.66656440428122,0,63.992,0.0,1,0.9281933903694153,2.5,0.08210089144792702,2.5,0.08210089144792702,2.5,0.08210089144792702,-0.8,56.222572326660156,-0.37439873814582825,39.458961486816406,44.32627458815226,0.0008368306982832941,OFFBOARD,1
55.86,GLIDE_APPROACH,37.35888342613503,37.63884319623201,0,64.024,0.0,1,0.9281933903694153,2.5,0.08220687930484766,2.5,0.08220687930484766,2.5,0.08220687930484766,-0.8,56.294986724853516,-0.37330228090286255,39.43244171142578,44.37427455625746,0.0008368306835582036,OFFBOARD,1
55.892,GLIDE_APPROACH,37.33631488360852,37.61698249724474,0,64.056,0.0,1,0.9281933903694153,2.5,0.08253119394340513,2.5,0.08253119394340513,2.5,0.08253119394340513,-0.8,56.36775207519531,-0.3733139932155609,39.40732955932617,44.42227451903865,0.000836830668833113,OFFBOARD,1
55.928,GLIDE_APPROACH,37.30760134828297,37.58820408719758,0,64.092,0.0,1,0.9281933903694153,2.5,0.08304545815204527,2.5,0.08304545815204527,2.5,0.08304545815204527,-0.8,56.44105529785156,-0.37370529770851135,39.382259368896484,44.476274478929454,0.0008368306514726822,OFFBOARD,1
55.96,GLIDE_APPROACH,37.28235309912616,37.562028506519624,0,64.124,0.0,1,0.9281933903694153,2.5,0.08368274215647914,2.5,0.08368274215647914,2.5,0.08368274215647914,-0.8,56.5334587097168,-0.374224990606308,39.3504638671875,44.51827443112739,0.0008368306393829317,OFFBOARD,1
55.992,GLIDE_APPROACH,37.25406940922314,37.53189617685307,0,64.156,0.0,1,0.9281933903694153,2.5,0.08451775068760689,2.5,0.08451775068760689,2.5,0.08451775068760689,-0.8,56.60797882080078,-0.3746703267097473,39.32455825805664,44.566274394915176,0.0008368306246578409,OFFBOARD,1
56.028,GLIDE_APPROACH,37.226180030560414,37.50112462031896,0,64.192,0.0,1,0.9281933903694153,2.5,0.08562145217013178,2.5,0.08562145217013178,2.5,0.08562145217013178,-0.8,56.68301773071289,-0.37514227628707886,39.298484802246094,44.62627436831246,0.0008368306062514775,OFFBOARD,1
56.06,GLIDE_APPROACH,37.204913274706634,37.47678359281565,0,64.224,0.0,1,0.9281933903694153,2.5,0.08667851191105053,2.5,0.08667851191105053,2.5,0.08667851191105053,-0.8,56.758548736572266,-0.37563204765319824,39.27212142944336,44.674274358974564,0.0008368305915263869,OFFBOARD,1
56.092,GLIDE_APPROACH,37.18058756850238,37.44849477404334,0,64.256,0.0,1,0.9281933903694153,2.5,0.087916642451512,2.5,0.087916642451512,2.5,0.087916642451512,-0.8,56.83457565307617,-0.3761311173439026,39.24546813964844,44.72227434573709,0.0008368305768012963,OFFBOARD,1
56.132,GLIDE_APPROACH,37.15349195144327,37.41615652314366,0,64.296,0.0,1,0.9281933903694153,2.5,0.0894422336138128,2.5,0.0894422336138128,2.5,0.0894422336138128,-0.8,56.93021774291992,-0.37677785754203796,39.2119026184082,44.78227432738673,0.000836830558394933,OFFBOARD,1
56.16,GLIDE_APPROACH,37.12965329107643,37.29075776894943,0,64.324,0.0,1,0.9281933903694153,2.5,0.09090074240821108,2.5,0.09090074240821108,2.5,0.09090074240821108,-0.8,57.026458740234375,-0.3774361312389374,39.178009033203125,44.82427433185886,0.0008368305447157747,OFFBOARD,1
56.192,GLIDE_APPROACH,37.10604889485109,37.35748420739099,0,64.356,0.0,1,0.9281933903694153,2.5,0.0924419226699472,2.5,0.0924419226699472,2.5,0.0924419226699472,-0.8,57.0844841003418,-0.377836674451828,39.15758514404297,44.87227433810348,0.0008368305299906839,OFFBOARD,1
56.228,GLIDE_APPROACH,37.0764625272784,37.32011677274902,0,64.392,0.0,1,0.9281933903694153,2.5,0.09439040212110326,2.5,0.09439040212110326,2.5,0.09439040212110326,-0.8,57.16215515136719,-0.3783731162548065,39.13020706176758,44.92027434847359,0.0008368305152655934,OFFBOARD,1
56.26,GLIDE_APPROACH,37.056675372583605,37.29374539620266,0,64.424,0.0,1,0.9281933903694153,2.5,0.09594218339540218,2.5,0.09594218339540218,2.5,0.09594218339540218,-0.8,57.24013137817383,-0.3788982927799225,39.102638244628906,44.97427434227293,0.0008368304994945705,OFFBOARD,1
56.292,GLIDE_APPROACH,37.030496861581994,37.259475616571905,0,64.456,0.0,1,0.9046605825424194,2.5,0.1009427245706061,2.5,0.1009427245706061,2.5,0.1009427245706061,-0.8,57.31942367553711,-0.3801974952220917,39.07633972167969,45.02227433473019,0.0008368304847694798,OFFBOARD,1
56.328,GLIDE_APPROACH,37.00505211865944,37.22493562687761,0,64.492,0.0,1,0.9046605825424194,2.5,0.10295029190441177,2.5,0.10295029190441177,2.5,0.10295029190441177,-0.8,57.398860931396484,-0.3814280927181244,39.04981994628906,45.076274332295206,0.0008368304674090489,OFFBOARD,1
56.36,GLIDE_APPROACH,36.98597866784446,37.19791138073492,0,64.524,0.0,1,0.9046605825424194,2.5,0.10462057740242381,2.5,0.10462057740242381,2.5,0.10462057740242381,-0.8,57.49837875366211,-0.38287118077278137,39.01640319824219,45.118274325366215,0.0008368304553192985,OFFBOARD,1
56.392,GLIDE_APPROACH,36.96402721094599,37.16679383594044,0,64.556,0.0,1,0.9046605825424194,2.4975704697658725,0.10612430370563522,2.4975704697658725,0.10612430370563522,2.4975704697658725,0.10612430370563522,-0.8,57.57815170288086,-0.38384437561035156,38.98960876464844,45.16627432353068,0.0008368304405942079,OFFBOARD,1
56.428,GLIDE_APPROACH,36.94004646989175,37.13154744138061,0,64.592,0.0,1,0.9046605825424194,2.4840521158210342,0.10711496471725715,2.4840521158210342,0.10711496471725715,2.4840521158210342,0.10711496471725715,-0.8,57.658119201660156,-0.3842746913433075,38.96303939819336,45.22627430998439,0.0008368304221878448,OFFBOARD,1
56.46,GLIDE_APPROACH,36.91931477488844,37.10001917562133,0,64.624,0.0,1,0.9046605825424194,2.471095102448964,0.10736143696484318,2.471095102448964,0.10736143696484318,2.471095102448964,0.10736143696484318,-0.8,57.738250732421875,-0.38414672017097473,38.9367561340332,45.27427429055362,0.0008368304074627544,OFFBOARD,1
56.492,GLIDE_APPROACH,36.8990505615337,37.068319037983876,0,64.656,0.0,1,0.9046605825424194,2.457372672094153,0.1070064711359045,2.457372672094153,0.1070064711359045,2.457372672094153,0.1070064711359045,-0.8,57.818546295166016,-0.38344183564186096,38.91069412231445,45.322274264352615,0.0008368303927376637,OFFBOARD,1
56.528,GLIDE_APPROACH,36.87671177552026,37.0324684032353,0,64.692,0.0,1,0.9046605825424194,2.441157918587665,0.10590356988458993,2.441157918587665,0.10590356988458993,2.441157918587665,0.10590356988458993,-0.8,57.89902114868164,-0.38217049837112427,38.88503646850586,45.37027423769889,0.0008368303780125731,OFFBOARD,1
56.56,GLIDE_APPROACH,36.85411030566181,36.996405995266244,0,64.724,0.0,1,0.9046605825424194,2.425014340109036,0.10401607230283613,2.425014340109036,0.10401607230283613,2.425014340109036,0.10401607230283613,-0.8,57.99983596801758,-0.37983426451683044,38.852996826171875,45.42427422943357,0.0008368303606521422,OFFBOARD,1
56.592,GLIDE_APPROACH,36.83788816514631,36.96831096305832,0,64.756,0.0,1,0.9046605825424194,2.4107683554325043,0.10223511402407795,2.4107683554325043,0.10223511402407795,2.4107683554325043,0.10223511402407795,-0.8,58.080650329589844,-0.37740203738212585,38.82765579223633,45.466274219307195,0.0008368303485623917,OFFBOARD,1
56.628,GLIDE_APPROACH,36.81333872075022,36.92796352583906,0,64.792,0.0,1,0.9046605825424194,2.391823809248627,0.09887400222313004,2.391823809248627,0.09887400222313004,2.391823809248627,0.09887400222313004,-0.8,58.16156768798828,-0.37449610233306885,38.802207946777344,45.526274222048634,0.0008368303301560284,OFFBOARD,1
56.664,GLIDE_APPROACH,36.794364346086205,36.89563384697163,0,64.828,0.0,1,0.9046605825424194,2.3758055913043834,0.09577021307979336,2.3758055913043834,0.09577021307979336,2.3758055913043834,0.09577021307979336,-0.8,58.24257278442383,-0.37118446826934814,38.77685546875,45.58027422199809,0.0008368303127955974,OFFBOARD,1
56.692,GLIDE_APPROACH,36.778518035462085,36.86734745086432,0,64.856,0.0,1,0.9046605825424194,2.3608850462139506,0.09282237784933445,2.3608850462139506,0.09282237784933445,2.3608850462139506,0.09282237784933445,-0.8,58.32323455810547,-0.36880722641944885,38.753299713134766,45.622274201443396,0.000836830300705847,OFFBOARD,1
56.728,GLIDE_APPROACH,36.75428422222044,36.82684434874694,0,64.892,0.0,1,0.9046605825424194,2.3413703060059023,0.08797073804656635,2.3413703060059023,0.08797073804656635,2.3413703060059023,0.08797073804656635,-0.8,58.40381622314453,-0.3663962185382843,38.730316162109375,45.670274179675104,0.0008368302859807565,OFFBOARD,1
56.76,GLIDE_APPROACH,36.73850449140198,36.67766890894327,0,64.924,0.0,1,0.9046605825424194,2.326390991607226,0.08442908618187618,2.326390991607226,0.08442908618187618,2.326390991607226,0.08442908618187618,-0.8,58.52471160888672,-0.36196401715278625,38.695411682128906,45.72427415591071,0.0008368302686203256,OFFBOARD,1
56.796,GLIDE_APPROACH,36.71965352299492,36.766279529502285,0,64.96,0.0,1,0.9368950724601746,2.306939430726804,0.0812888228367273,2.306939430726804,0.0812888228367273,2.306939430726804,0.0812888228367273,-0.8,58.58514404296875,-0.35941118001937866,38.677635192871094,45.77227413530164,0.000836830253895235,OFFBOARD,1
56.828,GLIDE_APPROACH,36.69532083663566,36.72599637485594,0,64.992,0.0,1,0.9368950724601746,2.2878127253064764,0.0753849758380859,2.2878127253064764,0.0753849758380859,2.2878127253064764,0.0753849758380859,-0.8,58.665672302246094,-0.3556848466396332,38.65383529663086,45.82027412643179,0.0008368302391701445,OFFBOARD,1
56.86,GLIDE_APPROACH,36.67938587279177,36.61749759125734,0,65.024,0.0,1,0.9368950724601746,2.2733069426382384,0.07119108229145812,2.2733069426382384,0.07119108229145812,2.2733069426382384,0.07119108229145812,-0.8,58.746131896972656,-0.35164162516593933,38.629634857177734,45.868274128000515,0.0008368302244450539,OFFBOARD,1
56.892,GLIDE_APPROACH,36.66027042274749,36.66609416471232,0,65.056,0.0,1,0.9368950724601746,2.258009637346856,0.06638348674027024,2.258009637346856,0.06638348674027024,2.258009637346856,0.06638348674027024,-0.8,58.827152252197266,-0.34806180000305176,38.60653305053711,45.916274126076395,0.0008368302097199633,OFFBOARD,1
56.928,GLIDE_APPROACH,36.63857142420522,36.63058930601389,0,65.092,0.0,1,0.9368950724601746,2.2414489216463633,0.061311461848654256,2.2414489216463633,0.061311461848654256,2.2414489216463633,0.061311461848654256,-0.8,58.9080696105957,-0.3446751534938812,38.583229064941406,45.97027411259491,0.0008368301939489402,OFFBOARD,1
56.96,GLIDE_APPROACH,36.61908662042391,36.49875284786075,0,65.124,0.0,1,0.9368950724601746,2.2273697821454697,0.05712457995332969,2.2273697821454697,0.05712457995332969,2.2273697821454697,0.05712457995332969,-0.8,59.00867462158203,-0.3405052423477173,38.55360412597656,46.02427412622908,0.0008368301765885094,OFFBOARD,1
56.992,GLIDE_APPROACH,36.59627341534476,36.56460307661853,0,65.156,0.0,1,0.9368950724601746,2.213039272460126,0.05271257594896113,2.213039272460126,0.05271257594896113,2.213039272460126,0.05271257594896113,-0.8,59.088714599609375,-0.3372513949871063,38.52946853637695,46.07227414153508,0.0008368301618634188,OFFBOARD,1
57.028,GLIDE_APPROACH,36.576963667065876,36.534146930914744,0,65.192,0.0,1,0.9368950724601746,2.1996730480029267,0.04928242634779244,2.1996730480029267,0.04928242634779244,2.1996730480029267,0.04928242634779244,-0.8,59.168357849121094,-0.334074467420578,38.50498962402344,46.12627415376374,0.0008368301460923959,OFFBOARD,1
57.06,GLIDE_APPROACH,36.55678484059192,36.5040152377215,0,65.224,0.0,1,0.9368950724601746,2.1877344424206995,0.04608624818195427,2.1877344424206995,0.04608624818195427,2.1877344424206995,0.04608624818195427,-0.8,59.24760055541992,-0.3309982717037201,38.480255126953125,46.17427416122077,0.0008368301313673053,OFFBOARD,1
57.092,GLIDE_APPROACH,36.536376897171316,36.47425139792918,0,65.256,0.0,1,0.9368950724601746,2.1765115307574643,0.04319353110718814,2.1765115307574643,0.04319353110718814,2.1765115307574643,0.04319353110718814,-0.8,59.3264274597168,-0.32802364230155945,38.455284118652344,46.22227415929059,0.0008368301166422148,OFFBOARD,1
57.128,GLIDE_APPROACH,36.51314362756182,36.44121088572858,0,65.292,0.0,1,0.9368950724601746,2.1647468045367475,0.04028416786553311,2.1647468045367475,0.04028416786553311,2.1647468045367475,0.04028416786553311,-0.8,59.42438888549805,-0.3244703412055969,38.42371368408203,46.27627415419365,0.000836830099281784,OFFBOARD,1
57.16,GLIDE_APPROACH,36.48908589348779,36.40860268811025,0,65.324,0.0,1,0.9368950724601746,2.1544861129345274,0.037637685910317784,2.1544861129345274,0.037637685910317784,2.1544861129345274,0.037637685910317784,-0.8,59.50229263305664,-0.32173606753349304,38.39801788330078,46.32427413635957,0.0008368300845566933,OFFBOARD,1
57.196,GLIDE_APPROACH,36.47113472505044,36.383633732066336,0,65.36,0.0,1,0.9368950724601746,2.146071259828531,0.03594687221120379,2.146071259828531,0.03594687221120379,2.146071259828531,0.03594687221120379,-0.8,59.57978439331055,-0.31910476088523865,38.372135162353516,46.378274118338084,0.0008368300687856703,OFFBOARD,1
57.228,GLIDE_APPROACH,36.44711394031617,36.35189544270398,0,65.392,0.0,1,0.9368950724601746,2.136813216929631,0.03393902715575368,2.136813216929631,0.03393902715575368,2.136813216929631,0.03393902715575368,-0.8,59.65686798095703,-0.31657078862190247,38.346004486083984,46.420274127017436,0.0008368300551065123,OFFBOARD,1
57.26,GLIDE_APPROACH,36.42235642462963,36.320578649306405,0,65.424,0.0,1,0.9379563331604004,2.116718678038197,0.03338731534725116,2.116718678038197,0.03338731534725116,2.116718678038197,0.03338731534725116,-0.8,59.733558654785156,-0.31412023305892944,38.31987762451172,46.47427413140472,0.0008368300393354894,OFFBOARD,1
57.292,GLIDE_APPROACH,36.40054253387026,36.29315775601196,0,65.456,0.0,1,0.9379563331604004,2.109992144766367,0.03208710366261096,2.109992144766367,0.03208710366261096,2.109992144766367,0.03208710366261096,-0.8,59.8101921081543,-0.3126307725906372,38.2963752746582,46.52227415113613,0.0008368300246103988,OFFBOARD,1
57.328,GLIDE_APPROACH,36.378883593987666,36.26613084928147,0,65.492,0.0,1,0.9379563331604004,2.1035558204411346,0.03107310246612823,2.1035558204411346,0.03107310246612823,2.1035558204411346,0.03107310246612823,-0.8,59.88641357421875,-0.3111667335033417,38.27239990234375,46.576274190264826,0.0008368300072499678,OFFBOARD,1
57.36,GLIDE_APPROACH,36.35653459115334,36.239414266514736,0,65.524,0.0,1,0.9379563331604004,2.0983122286743257,0.030171025052815388,2.0983122286743257,0.030171025052815388,2.0983122286743257,0.030171025052815388,-0.8,59.981109619140625,-0.30935198068618774,38.24208068847656,46.624274225615615,0.000836829992524877,OFFBOARD,1
57.392,GLIDE_APPROACH,36.33052053499676,36.13431590208757,0,65.556,0.0,1,0.9379563331604004,2.0938177977167953,0.029398627599552488,2.0938177977167953,0.029398627599552488,2.0938177977167953,0.029398627599552488,-0.8,60.05644607543945,-0.307945191860199,38.2174186706543,46.67227426705472,0.0008368299777997864,OFFBOARD,1
57.428,GLIDE_APPROACH,36.30404339665762,36.1801940485064,0,65.592,0.0,1,0.9379563331604004,2.090238924188176,0.029166420441479407,2.090238924188176,0.029166420441479407,2.090238924188176,0.029166420441479407,-0.8,60.13151550292969,-0.3066982328891754,38.19232940673828,46.72627431243676,0.0008368299620287633,OFFBOARD,1
57.46,GLIDE_APPROACH,36.286472437254396,36.160778617245796,0,65.624,0.0,1,0.9379563331604004,2.088025161086448,0.029429375426181507,2.088025161086448,0.029429375426181507,2.088025161086448,0.029429375426181507,-0.8,60.20631408691406,-0.30562353134155273,38.1664924621582,46.77427436277515,0.0008368299473036726,OFFBOARD,1
57.492,GLIDE_APPROACH,36.25846949655067,36.13170320700049,0,65.656,0.0,1,0.9379563331604004,2.0867410775194486,0.029876195037949124,2.0867410775194486,0.029876195037949124,2.0867410775194486,0.029876195037949124,-0.8,60.28083419799805,-0.30545732378959656,38.141536712646484,46.816274405873926,0.0008368299336245142,OFFBOARD,1
57.528,GLIDE_APPROACH,36.23009436399183,36.10291907705495,0,65.692,0.0,1,0.9379563331604004,2.0862452240932887,0.030855551062304303,2.0862452240932887,0.030855551062304303,2.0862452240932887,0.030855551062304303,-0.8,60.3551025390625,-0.30566516518592834,38.11652374267578,46.87627444677511,0.000836829915218151,OFFBOARD,1
57.56,GLIDE_APPROACH,36.20100705210154,36.07434262746543,0,65.724,0.0,1,0.9379563331604004,2.086860572588667,0.032186122956275307,2.086860572588667,0.032186122956275307,2.086860572588667,0.032186122956275307,-0.8,60.447593688964844,-0.30612486600875854,38.08456039428711,46.92427448466412,0.0008368299004930605,OFFBOARD,1
57.592,GLIDE_APPROACH,36.174854773636255,36.04918724383254,0,65.756,0.0,1,0.9379563331604004,2.0880511107631943,0.03378723395488774,2.0880511107631943,0.03378723395488774,2.0880511107631943,0.03378723395488774,-0.8,60.52128601074219,-0.30663809180259705,38.05850601196289,46.97227452764835,0.00083682988576797,OFFBOARD,1
57.628,GLIDE_APPROACH,36.14495306909826,36.02112109065461,0,65.792,0.0,1,0.9379563331604004,2.090250579303592,0.03595082061083694,2.090250579303592,0.03595082061083694,2.090250579303592,0.03595082061083694,-0.8,60.594722747802734,-0.30727890133857727,38.03194808959961,47.02627456629232,0.0008368298699969468,OFFBOARD,1
57.66,GLIDE_APPROACH,36.12138911448406,35.9995028846029,0,65.824,0.0,1,0.9379563331604004,2.0925861478309375,0.037963063269334324,2.0925861478309375,0.037963063269334324,2.0925861478309375,0.037963063269334324,-0.8,60.66791915893555,-0.3080517649650574,38.0051155090332,47.06827459844953,0.0008368298563177887,OFFBOARD,1
57.692,GLIDE_APPROACH,36.09406987888675,35.97492393994465,0,65.856,0.0,1,0.9379563331604004,2.0958706019552436,0.04041196509838102,2.0958706019552436,0.04041196509838102,2.0958706019552436,0.04041196509838102,-0.8,60.74088668823242,-0.3089390993118286,37.97780227661133,47.11627461470557,0.0008368298415926982,OFFBOARD,1
57.728,GLIDE_APPROACH,36.062947746081825,35.94748789124868,0,65.892,0.0,1,0.9379563331604004,2.100285567668167,0.04345122299884788,2.100285567668167,0.04345122299884788,2.100285567668167,0.04345122299884788,-0.8,60.813629150390625,-0.3099282383918762,37.95035171508789,47.176274626256344,0.0008368298231863347,OFFBOARD,1
57.76,GLIDE_APPROACH,36.03154639733972,35.92022365717288,0,65.924,0.0,1,0.9379563331604004,2.1052452558730703,0.04667806638012671,2.1052452558730703,0.04667806638012671,2.1052452558730703,0.04667806638012671,-0.8,60.904258728027344,-0.31128743290901184,37.91568374633789,47.22427464285617,0.000836829808461244,OFFBOARD,1
57.792,GLIDE_APPROACH,36.00328047089624,35.89619550897587,0,65.956,0.0,1,0.9239422082901001,2.1064405708750606,0.04888608128636934,2.1064405708750606,0.04888608128636934,2.1064405708750606,0.04888608128636934,-0.8,60.9765510559082,-0.3124619722366333,37.88779067993164,47.27227466640541,0.0008368297937361536,OFFBOARD,1
57.828,GLIDE_APPROACH,35.97456818157127,35.87235741066901,0,65.992,0.0,1,0.9239422082901001,2.11228351600065,0.052285529370200604,2.11228351600065,0.052285529370200604,2.11228351600065,0.052285529370200604,-0.8,61.048675537109375,-0.31369999051094055,37.860145568847656,47.32627468530373,0.0008368297779651306,OFFBOARD,1
57.86,GLIDE_APPROACH,35.94234095082381,35.845604604539794,0,66.024,0.0,1,0.9239422082901001,2.1188455454907564,0.05610690131907796,2.1188455454907564,0.05610690131907796,2.1188455454907564,0.05610690131907796,-0.8,61.120643615722656,-0.314995676279068,37.83232116699219,47.37427469670039,0.00083682976324004,OFFBOARD,1
57.896,GLIDE_APPROACH,35.91652366124543,35.8250143740026,0,66.06,0.0,1,0.9239422082901001,2.1251079188101625,0.059228613366232113,2.1251079188101625,0.059228613366232113,2.1251079188101625,0.059228613366232113,-0.8,61.1934700012207,-0.3183504343032837,37.80708694458008,47.42227469710857,0.0008368297485149493,OFFBOARD,1
57.928,GLIDE_APPROACH,35.88414342440089,35.798481656679215,0,66.092,0.0,1,0.9239422082901001,2.132118292981604,0.06265531215334005,2.132118292981604,0.06265531215334005,2.132118292981604,0.06265531215334005,-0.8,61.28425598144531,-0.3220013976097107,37.77553176879883,47.47027469303346,0.0008368297337898587,OFFBOARD,1
57.96,GLIDE_APPROACH,35.851743037287854,35.77204366436768,0,66.124,0.0,1,0.9239422082901001,2.139267105674249,0.06573296989244808,2.139267105674249,0.06573296989244808,2.139267105674249,0.06573296989244808,-0.8,61.356727600097656,-0.32444947957992554,37.75018310546875,47.524274705904695,0.0008368297164294279,OFFBOARD,1
57.992,GLIDE_APPROACH,35.825857149547076,35.75161667907026,0,66.156,0.0,1,0.9239422082901001,2.145817028981243,0.06802016959028051,2.145817028981243,0.06802016959028051,2.145817028981243,0.06802016959028051,-0.8,61.429073333740234,-0.3264959752559662,37.72483444213867,47.572274719199726,0.0008368297017043375,OFFBOARD,1
58.028,GLIDE_APPROACH,35.78953478246477,35.72239707188155,0,66.192,0.0,1,0.9239422082901001,2.154334319992035,0.07068607995806601,2.154334319992035,0.07068607995806601,2.154334319992035,0.07068607995806601,-0.8,61.50131607055664,-0.32814332842826843,37.69926452636719,47.6262747278797,0.0008368296859333144,OFFBOARD,1
58.06,GLIDE_APPROACH,35.76326027510017,35.702062780251055,0,66.224,0.0,1,0.9239422082901001,2.1614583560681555,0.0724206573256327,2.1614583560681555,0.0724206573256327,2.1614583560681555,0.0724206573256327,-0.8,61.57347106933594,-0.3293965458869934,37.673702239990234,47.66827473904753,0.0008368296722541561,OFFBOARD,1
58.092,GLIDE_APPROACH,35.733498728852524,35.6788053640604,0,66.256,0.0,1,0.9239422082901001,2.1692592870974,0.07404013597854651,2.1692592870974,0.07404013597854651,2.1692592870974,0.07404013597854651,-0.8,61.64556121826172,-0.33027884364128113,37.648040771484375,47.716274733584235,0.0008368296575290655,OFFBOARD,1
58.128,GLIDE_APPROACH,35.699770128090385,35.65267263524655,0,66.292,0.0,1,0.9239422082901001,2.178367112638757,0.07554021778583925,2.178367112638757,0.07554021778583925,2.178367112638757,0.07554021778583925,-0.8,61.717594146728516,-0.3308100700378418,37.62226104736328,47.77627472118045,0.0008368296391227021,OFFBOARD,1
58.16,GLIDE_APPROACH,35.669572851380856,35.53946947067404,0,66.324,0.0,1,0.9239422082901001,2.1867479522894384,0.0766062516659346,2.1867479522894384,0.0766062516659346,2.1867479522894384,0.0766062516659346,-0.8,61.807586669921875,-0.33101171255111694,37.58985900878906,47.824274720931,0.0008368296243976115,OFFBOARD,1
58.192,GLIDE_APPROACH,35.639179417727746,35.60625649539927,0,66.356,0.0,1,0.9239422082901001,2.195376424367561,0.07743816702847277,2.195376424367561,0.07743816702847277,2.195376424367561,0.07743816702847277,-0.8,61.879547119140625,-0.3308429718017578,37.56358337402344,47.872274729490364,0.0008368296096725209,OFFBOARD,1
58.228,GLIDE_APPROACH,35.60149723647694,35.57719727000511,0,66.392,0.0,1,0.9171909093856812,2.2157188015126734,0.07933824733619045,2.2157188015126734,0.07933824733619045,2.2157188015126734,0.07933824733619045,-0.8,61.951499938964844,-0.33040332794189453,37.5372428894043,47.926274741391175,0.000836829593901498,OFFBOARD,1
58.264,GLIDE_APPROACH,35.570735391456196,35.55396933294278,0,66.428,0.0,1,0.9171909093856812,2.2247587693325093,0.07969995960980769,2.2247587693325093,0.07969995960980769,2.2247587693325093,0.07969995960980769,-0.8,62.023441314697266,-0.32969531416893005,37.51069641113281,47.98027477767584,0.0008368295765410671,OFFBOARD,1
58.292,GLIDE_APPROACH,35.54309382687511,35.53367013105817,0,66.456,0.0,1,0.9171909093856812,2.233569134448416,0.07994784778900399,2.233569134448416,0.07994784778900399,2.233569134448416,0.07994784778900399,-0.8,62.095298767089844,-0.329771488904953,37.48610305786133,48.022274797820295,0.0008368295644513166,OFFBOARD,1
58.328,GLIDE_APPROACH,35.508168130111855,35.50746699774511,0,66.492,0.0,1,0.9171909093856812,2.244036259616501,0.07996005166449292,2.244036259616501,0.07996005166449292,2.244036259616501,0.07996005166449292,-0.8,62.167152404785156,-0.3298705518245697,37.46168518066406,48.076274847643084,0.0008368295470908856,OFFBOARD,1
58.36,GLIDE_APPROACH,35.476991222305436,35.48412204431748,0,66.524,0.0,1,0.9171909093856812,2.2534349374583513,0.07979422067911107,2.2534349374583513,0.07979422067911107,2.2534349374583513,0.07979422067911107,-0.8,62.257015228271484,-0.32955846190452576,37.430667877197266,48.12427488886798,0.0008368295323657952,OFFBOARD,1
58.396,GLIDE_APPROACH,35.4417841173933,35.45789062642963,0,66.56,0.0,1,0.9171909093856812,2.2642089482352366,0.07982092423467,2.2642089482352366,0.07982092423467,2.2642089482352366,0.07982092423467,-0.8,62.32891082763672,-0.32910096645355225,37.40546417236328,48.17827491492521,0.000836829516594772,OFFBOARD,1
58.428,GLIDE_APPROACH,35.41039323098851,35.43465322431286,0,66.592,0.0,1,0.9171909093856812,2.2739915395577133,0.08029112920556043,2.2739915395577133,0.08029112920556043,2.2739915395577133,0.08029112920556043,-0.8,62.40070343017578,-0.32882770895957947,37.3798828125,48.226274931362866,0.0008368295018696814,OFFBOARD,1
58.46,GLIDE_APPROACH,35.38218601575145,35.41441905010423,0,66.624,0.0,1,0.9171909093856812,2.283556854163718,0.08113804176565022,2.283556854163718,0.08113804176565022,2.283556854163718,0.08113804176565022,-0.8,62.47239685058594,-0.32878032326698303,37.35424041748047,48.26827494454608,0.0008368294881905233,OFFBOARD,1
58.492,GLIDE_APPROACH,35.347378414431105,35.388343364572606,0,66.656,0.0,1,0.9171909093856812,2.2940319525938313,0.08250759119078122,2.2940319525938313,0.08250759119078122,2.2940319525938313,0.08250759119078122,-0.8,62.544002532958984,-0.32898756861686707,37.32831573486328,48.3162749544675,0.0008368294734654326,OFFBOARD,1
58.528,GLIDE_APPROACH,35.30527007434044,35.356480107137436,0,66.692,0.0,1,0.9408548474311829,2.3290944356635266,0.07855729237012347,2.3290944356635266,0.07855729237012347,2.3290944356635266,0.07855729237012347,-0.8,62.61557388305664,-0.32943958044052124,37.30241012573242,48.37627497719121,0.0008368294550590695,OFFBOARD,1
58.564,GLIDE_APPROACH,35.280128520236325,35.339258644605046,0,66.728,0.0,1,0.9408548474311829,2.338597914383961,0.08037190250151012,2.338597914383961,0.08037190250151012,2.338597914383961,0.08037190250151012,-0.8,62.70496368408203,-0.33032873272895813,37.26980972290039,48.430274999056174,0.0008368294392880465,OFFBOARD,1
58.592,GLIDE_APPROACH,35.24841331530195,35.31615323569297,0,66.756,0.0,1,0.9408548474311829,2.3489233464906722,0.0828495425693948,2.3489233464906722,0.0828495425693948,2.3489233464906722,0.0828495425693948,-0.8,62.776458740234375,-0.3312758207321167,37.24348831176758,48.4722750349216,0.0008368294256088881,OFFBOARD,1
58.628,GLIDE_APPROACH,35.20945172283582,35.28717425884771,0,66.792,0.0,1,0.9408548474311829,2.3608934374632926,0.08626382142998555,2.3608934374632926,0.08626382142998555,2.3608934374632926,0.08626382142998555,-0.8,62.84794616699219,-0.3323958218097687,37.217193603515625,48.52027507229696,0.0008368294108837973,OFFBOARD,1
58.66,GLIDE_APPROACH,35.18102481185073,35.26692164550371,0,66.824,0.0,1,0.9408548474311829,2.3706949527759953,0.08902724451325619,2.3706949527759953,0.08902724451325619,2.3706949527759953,0.08902724451325619,-0.8,62.91946029663086,-0.3336751461029053,37.19075393676758,48.56827511358998,0.000836829396158707,OFFBOARD,1
58.692,GLIDE_APPROACH,35.146090999938906,35.24067352650245,0,66.856,0.0,1,0.9408548474311829,2.3811071638330485,0.09261100174910934,2.3811071638330485,0.09261100174910934,2.3811071638330485,0.09261100174910934,-0.8,62.99163818359375,-0.3363250494003296,37.1664924621582,48.62227514113205,0.0008368293803876838,OFFBOARD,1
58.728,GLIDE_APPROACH,35.113815655556486,35.21732410456356,0,66.892,0.0,1,0.9408548474311829,2.3918040926554776,0.0961395380474299,2.3918040926554776,0.0961395380474299,2.3918040926554776,0.0961395380474299,-0.8,63.0638427734375,-0.3390014171600342,37.141849517822266,48.670275164367155,0.0008368293656625932,OFFBOARD,1
58.76,GLIDE_APPROACH,35.0790026677001,35.19079198408747,0,66.924,0.0,1,0.9408548474311829,2.401729296043547,0.10008791032762736,2.401729296043547,0.10008791032762736,2.401729296043547,0.10008791032762736,-0.8,63.1541862487793,-0.34235888719558716,37.110511779785156,48.72427520360441,0.000836829348302162,OFFBOARD,1
58.792,GLIDE_APPROACH,35.05081077180936,35.170117266053076,0,66.956,0.0,1,0.9408548474311829,2.4107430484567827,0.10340934037157852,2.4107430484567827,0.10340934037157852,2.4107430484567827,0.10340934037157852,-0.8,63.22654724121094,-0.3450397551059723,37.08530044555664,48.77827521791555,0.0008368293325311389,OFFBOARD,1
58.828,GLIDE_APPROACH,35.01549647325671,35.14328487912141,0,66.992,0.0,1,0.9408548474311829,2.420903391526276,0.10766557769767594,2.420903391526276,0.10766557769767594,2.420903391526276,0.10766557769767594,-0.8,63.29901885986328,-0.34770122170448303,37.05976104736328,48.8262752249226,0.0008368293178060483,OFFBOARD,1
58.86,GLIDE_APPROACH,34.98420139214307,35.11924699056313,0,67.024,0.0,1,0.9408548474311829,2.429602928339141,0.11152067730778041,2.429602928339141,0.11152067730778041,2.429602928339141,0.11152067730778041,-0.8,63.37161636352539,-0.35036054253578186,37.034202575683594,48.8682752304398,0.0008368293041268901,OFFBOARD,1
58.892,GLIDE_APPROACH,34.95301318421115,35.09517873281528,0,67.056,0.0,1,0.9408548474311829,2.4381349321498003,0.11510374545800721,2.4381349321498003,0.11510374545800721,2.4381349321498003,0.11510374545800721,-0.8,63.444332122802734,-0.352949857711792,37.00821304321289,48.92227522535813,0.0008368292883558669,OFFBOARD,1
58.932,GLIDE_APPROACH,34.918090747976976,35.06829394120326,0,67.096,0.0,1,0.9408548474311829,2.447765441688468,0.1182997072787086,2.447765441688468,0.1182997072787086,2.447765441688468,0.1182997072787086,-0.8,63.51694107055664,-0.3549939692020416,36.98210144042969,48.982275239968835,0.0008368292699495036,OFFBOARD,1
58.96,GLIDE_APPROACH,34.88397461628938,35.04155137605056,0,67.124,0.0,1,0.9408548474311829,2.4566059372319238,0.12051059757205941,2.4566059372319238,0.12051059757205941,2.4566059372319238,0.12051059757205941,-0.8,63.607521057128906,-0.3566029667854309,36.9491081237793,49.02427526471202,0.0008368292562703453,OFFBOARD,1
58.992,GLIDE_APPROACH,34.856678291826974,35.02097390065629,0,67.156,0.0,1,0.9408548474311829,2.464664152769014,0.12176329991729458,2.464664152769014,0.12176329991729458,2.464664152769014,0.12176329991729458,-0.8,63.67985534667969,-0.35714730620384216,36.92256546020508,49.07227529036768,0.0008368292415452549,OFFBOARD,1
59.028,GLIDE_APPROACH,34.822587788767436,34.99459920259812,0,67.192,0.0,1,0.9389254450798035,2.474475653486465,0.12279119772739185,2.474475653486465,0.12279119772739185,2.474475653486465,0.12279119772739185,-0.8,63.75205993652344,-0.3570408225059509,36.89604187011719,49.12627531107634,0.0008368292257742319,OFFBOARD,1
59.06,GLIDE_APPROACH,34.78932115503552,34.968315388303736,0,67.224,0.0,1,0.9389254450798035,2.482859071848499,0.12257789615457894,2.482859071848499,0.12257789615457894,2.482859071848499,0.12257789615457894,-0.8,63.824161529541016,-0.35631147027015686,36.86952590942383,49.16827533029799,0.0008368292120950735,OFFBOARD,1
59.092,GLIDE_APPROACH,34.76286600451559,34.94804685149492,0,67.256,0.0,1,0.9389254450798035,2.49028504319837,0.12202270396663935,2.49028504319837,0.12202270396663935,2.49028504319837,0.12202270396663935,-0.8,63.89612579345703,-0.35669708251953125,36.844139099121094,49.21627534259712,0.000836829197369983,OFFBOARD,1
59.128,GLIDE_APPROACH,34.72652814460536,34.91904295554227,0,67.292,0.0,1,0.9389254450798035,2.499088294461052,0.12025261105796449,2.499088294461052,0.12025261105796449,2.499088294461052,0.12025261105796449,-0.8,63.985965728759766,-0.35690781474113464,36.81247329711914,49.27027535662595,0.0008368291815989598,OFFBOARD,1
59.16,GLIDE_APPROACH,34.70066191576988,34.89886416384036,0,67.324,0.0,1,0.9389254450798035,2.5,0.11867059028407241,2.5,0.11867059028407241,2.5,0.11867059028407241,-0.8,64.05780792236328,-0.35634106397628784,36.78707504272461,49.32427539429701,0.0008368291642385287,OFFBOARD,1
59.192,GLIDE_APPROACH,34.668570838110654,34.87280087750446,0,67.356,0.0,1,0.9389254450798035,2.5,0.11589171314813622,2.5,0.11589171314813622,2.5,0.11589171314813622,-0.8,64.12964630126953,-0.3551798462867737,36.761417388916016,49.37227542723641,0.000836829149513438,OFFBOARD,1
59.228,GLIDE_APPROACH,34.636433373892075,34.84676432829872,0,67.392,0.0,1,0.9389254450798035,2.5,0.11264107462703861,2.5,0.11264107462703861,2.5,0.11264107462703861,-0.8,64.2015380859375,-0.35348817706108093,36.735633850097656,49.42027545977959,0.0008368291347883473,OFFBOARD,1
59.26,GLIDE_APPROACH,34.61139177718276,34.82652876144491,0,67.424,0.0,1,0.9389254450798035,2.5,0.1098462207842142,2.5,0.1098462207842142,2.5,0.1098462207842142,-0.8,64.27347564697266,-0.3513113260269165,36.7097053527832,49.47427547543894,0.0008368291190173243,OFFBOARD,1
59.292,GLIDE_APPROACH,34.5801084436632,34.72828232463325,0,67.456,0.0,1,0.9389254450798035,2.5,0.10563056908228736,2.5,0.10563056908228736,2.5,0.10563056908228736,-0.8,64.34549713134766,-0.348678857088089,36.683937072753906,49.5222754985805,0.0008368291042922337,OFFBOARD,1
59.328,GLIDE_APPROACH,34.555401901240515,34.78000534170011,0,67.492,0.0,1,0.9389254450798035,2.5,0.10229419909239813,2.5,0.10229419909239813,2.5,0.10229419909239813,-0.8,64.41761016845703,-0.3456135094165802,36.65801239013672,49.57627553919605,0.0008368290869318029,OFFBOARD,1
59.36,GLIDE_APPROACH,34.524695796572104,34.75359800796784,0,67.524,0.0,1,0.9389254450798035,2.5,0.09732777751016052,2.5,0.09732777751016052,2.5,0.09732777751016052,-0.8,64.50789642333984,-0.3412471413612366,36.62544631958008,49.62427557425726,0.0008368290722067125,OFFBOARD,1
59.392,GLIDE_APPROACH,34.49752245740436,34.72982284792773,0,67.556,0.0,1,0.9389254450798035,2.5,0.09265713684019593,2.5,0.09265713684019593,2.5,0.09265713684019593,-0.8,64.58033752441406,-0.3373783826828003,36.599159240722656,49.672275614104244,0.000836829057481622,OFFBOARD,1
59.428,GLIDE_APPROACH,34.467281521282125,34.702277062168776,0,67.592,0.0,1,0.9389254450798035,2.5,0.08702456875110054,2.5,0.08702456875110054,2.5,0.08702456875110054,-0.8,64.65338897705078,-0.3331972062587738,36.572593688964844,49.72027565831032,0.0008368290427565314,OFFBOARD,1
59.464,GLIDE_APPROACH,34.44070945806556,34.58488355864801,0,67.628,0.0,1,0.9389254450798035,2.5,0.08170780817024115,2.5,0.08170780817024115,2.5,0.08170780817024115,-0.8,64.74557495117188,-0.32770946621894836,36.53992462158203,49.780275717169246,0.0008368290243501679,OFFBOARD,1
59.492,GLIDE_APPROACH,34.41442213118644,34.651232729793904,0,67.656,0.0,1,0.9389254450798035,2.5,0.07612238602384042,2.5,0.07612238602384042,2.5,0.07612238602384042,-0.8,64.80117797851562,-0.32455724477767944,36.52117919921875,49.81627574531085,0.0008368290133063499,OFFBOARD,1
59.528,GLIDE_APPROACH,34.381908871402665,34.61797574528197,0,67.692,0.0,1,0.9415405988693237,2.5,0.07152112917693762,2.5,0.07152112917693762,2.5,0.07152112917693762,-0.8,64.87590789794922,-0.3201005160808563,36.49628448486328,49.87627578254795,0.0008368289948999866,OFFBOARD,1
59.564,GLIDE_APPROACH,34.36275967687972,34.50339736852704,0,67.728,0.0,1,0.9415405988693237,2.5,0.067140427809047,2.5,0.067140427809047,2.5,0.067140427809047,-0.8,64.97022247314453,-0.31415578722953796,36.4647216796875,49.918275804505065,0.0008368289828102364,OFFBOARD,1
59.592,GLIDE_APPROACH,34.330774879442714,34.562983055580126,0,67.756,0.0,1,0.9415405988693237,2.5,0.059122477570753666,2.5,0.059122477570753666,2.5,0.059122477570753666,-0.8,65.0463638305664,-0.3091346323490143,36.4391975402832,49.972275855278966,0.0008368289654498055,OFFBOARD,1
59.628,GLIDE_APPROACH,34.309061248479836,34.53839447056386,0,67.792,0.0,1,0.9415405988693237,2.5,0.05365931948732653,2.5,0.05365931948732653,2.5,0.05365931948732653,-0.8,65.12305450439453,-0.30391600728034973,36.413490295410156,50.020275892365476,0.0008368289507247147,OFFBOARD,1
59.66,GLIDE_APPROACH,34.280933403584015,34.506070119564676,0,67.824,0.0,1,0.9415405988693237,2.5,0.04616061152273499,2.5,0.04616061152273499,2.5,0.04616061152273499,-0.8,65.20025634765625,-0.2985183596611023,36.387603759765625,50.0742759103275,0.0008368289349536916,OFFBOARD,1
59.696,GLIDE_APPROACH,34.25637051327646,34.47696190076376,0,67.86,0.0,1,0.9415405988693237,2.5,0.03945575881618079,2.5,0.03945575881618079,2.5,0.03945575881618079,-0.8,65.2779312133789,-0.2929743826389313,36.361671447753906,50.12827592740078,0.0008368289175932608,OFFBOARD,1
59.728,GLIDE_APPROACH,34.229073868237215,34.44378955453008,0,67.892,0.0,1,0.9415405988693237,2.5,0.031809862214001935,2.5,0.031809862214001935,2.5,0.031809862214001935,-0.8,65.35601043701172,-0.2873186469078064,36.33549880981445,50.17027591683608,0.0008368289055035105,OFFBOARD,1
59.76,GLIDE_APPROACH,34.205108116229965,34.41396498885704,0,67.924,0.0,1,0.9415405988693237,2.5,0.024946647470009152,2.5,0.024946647470009152,2.5,0.024946647470009152,-0.8,65.45413970947266,-0.2801226079463959,36.3026237487793,50.21827590476072,0.00083682889077842,OFFBOARD,1
59.792,GLIDE_APPROACH,34.178133703524225,34.380012271454895,0,67.956,0.0,1,0.9415405988693237,2.5,0.017086519006046824,2.5,0.017086519006046824,2.5,0.017086519006046824,-0.8,65.53299713134766,-0.2742948532104492,36.2761344909668,50.27227590417576,0.0008368288734179889,OFFBOARD,1
59.828,GLIDE_APPROACH,34.15510423877362,34.349667517027626,0,67.992,0.0,1,0.9415405988693237,2.5,0.01024754512620741,2.5,0.01024754512620741,2.5,0.01024754512620741,-0.8,65.6121597290039,-0.2684141993522644,36.249603271484375,50.326275891299936,0.0008368288576469661,OFFBOARD,1
59.864,GLIDE_APPROACH,34.13200628827651,34.319024252839185,0,68.028,0.0,1,0.9415405988693237,2.493853908979952,0.0033162898532472646,2.493853908979952,0.0033162898532472646,2.493853908979952,0.0033162898532472646,-0.8,65.7113037109375,-0.2611018419265747,36.216835021972656,50.38027588374782,0.0008368288402865352,OFFBOARD,1
59.892,GLIDE_APPROACH,34.10598636507395,34.2842867283533,0,68.056,0.0,1,0.9415405988693237,2.4834015848901956,-0.0047348676280869195,2.4834015848901956,-0.0047348676280869195,2.4834015848901956,-0.0047348676280869195,-0.8,65.77056884765625,-0.25687190890312195,36.19813537597656,50.42227586876818,0.0008368288281967848,OFFBOARD,1
59.928,GLIDE_APPROACH,34.084093566138,34.253393461821666,0,68.092,0.0,1,0.9415405988693237,2.472603800187665,-0.011961436099452542,2.472603800187665,-0.011961436099452542,2.472603800187665,-0.011961436099452542,-0.8,65.84980773925781,-0.25102218985557556,36.17319869995117,50.47627586914861,0.0008368288108363538,OFFBOARD,1
59.96,GLIDE_APPROACH,34.062101828869025,34.222332189647695,0,68.124,0.0,1,0.9415405988693237,2.4617180011259974,-0.019491562104286687,2.4617180011259974,-0.019491562104286687,2.4617180011259974,-0.019491562104286687,-0.8,65.94914245605469,-0.24338649213314056,36.141841888427734,50.51827584801315,0.0008368287987466033,OFFBOARD,1
59.992,GLIDE_APPROACH,34.03719237906045,34.187212760153734,0,68.156,0.0,1,0.9415405988693237,2.4494697848231684,-0.02829045107011964,2.4494697848231684,-0.02829045107011964,2.4494697848231684,-0.02829045107011964,-0.8,66.02882385253906,-0.23703503608703613,36.116737365722656,50.57227582885147,0.0008368287813861725,OFFBOARD,1
60.028,GLIDE_APPROACH,34.013109047605234,34.15204672401543,0,68.192,0.0,1,0.9253308176994324,2.430057508118795,-0.03597234492614373,2.430057508118795,-0.03597234492614373,2.430057508118795,-0.03597234492614373,-0.8,66.128662109375,-0.22881709039211273,36.08514404296875,50.62627578450424,0.0008368287656151497,OFFBOARD,1
60.064,GLIDE_APPROACH,33.99514422437256,34.12469287510322,0,68.228,0.0,1,0.9253308176994324,2.4187877889662484,-0.04296056079419521,2.4187877889662484,-0.04296056079419521,2.4187877889662484,-0.04296056079419521,-0.8,66.2087173461914,-0.22204461693763733,36.059757232666016,50.66827575762411,0.0008368287519359914,OFFBOARD,1
60.1,GLIDE_APPROACH,33.97094693137756,34.08931820786771,0,68.264,0.0,1,0.9253308176994324,2.405369314388341,-0.05228972954681445,2.405369314388341,-0.05228972954681445,2.405369314388341,-0.05228972954681445,-0.8,66.26884460449219,-0.2168773114681244,36.04084777832031,50.72827570053978,0.0008368287335296282,OFFBOARD,1
60.128,GLIDE_APPROACH,33.950739818889126,34.05794303790554,0,68.292,0.0,1,0.9253308176994324,2.3919570955254397,-0.06050625412613101,2.3919570955254397,-0.06050625412613101,2.3919570955254397,-0.06050625412613101,-0.8,66.3490982055664,-0.20988205075263977,36.01557540893555,50.77627564907583,0.0008368287188045378,OFFBOARD,1
60.16,GLIDE_APPROACH,33.93007373913559,34.026481963106406,0,68.324,0.0,1,0.9253308176994324,2.378998362267512,-0.06887135276692329,2.378998362267512,-0.06887135276692329,2.378998362267512,-0.06887135276692329,-0.8,66.44955444335938,-0.20100992918014526,35.98395538330078,50.82427559328881,0.0008368287040794473,OFFBOARD,1
60.192,GLIDE_APPROACH,33.906313514439034,33.99102317686824,0,68.356,0.0,1,0.9253308176994324,2.3649444986576342,-0.0784037999040734,2.3649444986576342,-0.0784037999040734,2.3649444986576342,-0.0784037999040734,-0.8,66.5300064086914,-0.1938367635011673,35.958499908447266,50.8722755338177,0.0008368286893543567,OFFBOARD,1
60.228,GLIDE_APPROACH,33.88331128779539,33.95565342370611,0,68.392,0.0,1,0.9253308176994324,2.350093384891068,-0.08783655253015102,2.350093384891068,-0.08783655253015102,2.350093384891068,-0.08783655253015102,-0.8,66.6104965209961,-0.18663610517978668,35.93315124511719,50.926275455335436,0.0008368286735833334,OFFBOARD,1
60.26,GLIDE_APPROACH,33.86295158959499,33.92426397120245,0,68.424,0.0,1,0.9253308176994324,2.3368435563617656,-0.09618218082425081,2.3368435563617656,-0.09618218082425081,2.3368435563617656,-0.09618218082425081,-0.8,66.69097137451172,-0.17941805720329285,35.907493591308594,50.97427538943003,0.0008368286588582427,OFFBOARD,1
60.292,GLIDE_APPROACH,33.845869881544736,33.8969193302989,0,68.456,0.0,1,0.9253308176994324,2.3245145376635405,-0.10334177343068965,2.3245145376635405,-0.10334177343068965,2.3245145376635405,-0.10334177343068965,-0.8,66.77088928222656,-0.17229725420475006,35.883399963378906,51.022275321245154,0.0008368286441331523,OFFBOARD,1
60.328,GLIDE_APPROACH,33.82309058046578,33.861788688595546,0,68.492,0.0,1,0.9253308176994324,2.3096741387721473,-0.11256906317807838,2.3096741387721473,-0.11256906317807838,2.3096741387721473,-0.11256906317807838,-0.8,66.85081481933594,-0.1651928871870041,35.858985900878906,51.07627525754269,0.0008368286267727215,OFFBOARD,1
60.36,GLIDE_APPROACH,33.80285872619618,33.83068560805332,0,68.524,0.0,1,0.9253308176994324,2.2966066886653285,-0.1206599496403371,2.2966066886653285,-0.1206599496403371,2.2966066886653285,-0.1206599496403371,-0.8,66.9506607055664,-0.15636175870895386,35.82823181152344,51.12427521073723,0.0008368286120476307,OFFBOARD,1
60.396,GLIDE_APPROACH,33.78265330843566,33.79987271172658,0,68.56,0.0,1,0.9253308176994324,2.283859449519737,-0.1281602988040639,2.283859449519737,-0.1281602988040639,2.283859449519737,-0.1281602988040639,-0.8,67.0303955078125,-0.1494958996772766,35.80338668823242,51.17827516807925,0.0008368285962766077,OFFBOARD,1
60.428,GLIDE_APPROACH,33.75995968017778,33.76571800193054,0,68.592,0.0,1,0.9253308176994324,2.270086627944678,-0.13544048377214157,2.270086627944678,-0.13544048377214157,2.270086627944678,-0.13544048377214157,-0.8,67.10978698730469,-0.1433272808790207,35.778438568115234,51.22627514374812,0.0008368285815515173,OFFBOARD,1
60.46,GLIDE_APPROACH,33.7397731349681,33.735829476512684,0,68.624,0.0,1,0.9253308176994324,2.2584286045763147,-0.14087089654313434,2.2584286045763147,-0.14087089654313434,2.2584286045763147,-0.14087089654313434,-0.8,67.1886978149414,-0.13791877031326294,35.75349807739258,51.274275114142036,0.0008368285668264269,OFFBOARD,1
60.492,GLIDE_APPROACH,33.71628718220589,33.702685965125504,0,68.656,0.0,1,0.9253308176994324,2.246824308760514,-0.1459063878464897,2.246824308760514,-0.1459063878464897,2.246824308760514,-0.1459063878464897,-0.8,67.26715087890625,-0.13326774537563324,35.72834396362305,51.322275079313435,0.0008368285521013361,OFFBOARD,1
60.528,GLIDE_APPROACH,33.69656889726589,33.67383383579061,0,68.692,0.0,1,0.9351444840431213,2.23252039724602,-0.1501329766150378,2.23252039724602,-0.1501329766150378,2.23252039724602,-0.1501329766150378,-0.8,67.34515380859375,-0.1293761283159256,35.703067779541016,51.37627504963613,0.0008368285347409053,OFFBOARD,1
60.56,GLIDE_APPROACH,33.67602141484699,33.64537289048604,0,68.724,0.0,1,0.9351444840431213,2.2230167447228557,-0.15259902639265802,2.2230167447228557,-0.15259902639265802,2.2230167447228557,-0.15259902639265802,-0.8,67.44197845458984,-0.12552814185619354,35.6711540222168,51.418275024271914,0.0008368285226511551,OFFBOARD,1
60.592,GLIDE_APPROACH,33.65206933428741,33.613821187745046,0,68.756,0.0,1,0.9351444840431213,2.213891537693785,-0.15442995001221563,2.213891537693785,-0.15442995001221563,2.213891537693785,-0.15442995001221563,-0.8,67.51890563964844,-0.12324126809835434,35.64555358886719,51.46627501556398,0.0008368285079260646,OFFBOARD,1
60.628,GLIDE_APPROACH,33.63184280247207,33.58635437269673,0,68.792,0.0,1,0.9351444840431213,2.205201058038643,-0.15502077457229604,2.205201058038643,-0.15502077457229604,2.205201058038643,-0.15502077457229604,-0.8,67.59541320800781,-0.12160953134298325,35.61971664428711,51.52627501310874,0.0008368284895197013,OFFBOARD,1
60.66,GLIDE_APPROACH,33.60753548441766,33.55581092856312,0,68.824,0.0,1,0.9351444840431213,2.197721376437283,-0.15498436272657176,2.197721376437283,-0.15498436272657176,2.197721376437283,-0.15498436272657176,-0.8,67.6714859008789,-0.12059272080659866,35.59383010864258,51.56827501357612,0.0008368284758405431,OFFBOARD,1
60.692,GLIDE_APPROACH,33.58958707236783,33.53251931120538,0,68.856,0.0,1,0.9351444840431213,2.1913123037385698,-0.15418107094275593,2.1913123037385698,-0.15418107094275593,2.1913123037385698,-0.15418107094275593,-0.8,67.74754333496094,-0.11934671550989151,35.56962203979492,51.62227500485289,0.0008368284600695201,OFFBOARD,1
60.728,GLIDE_APPROACH,33.56550609911096,33.5029209733404,0,68.892,0.0,1,0.9351444840431213,2.184693055907108,-0.1525435655845614,2.184693055907108,-0.1525435655845614,2.184693055907108,-0.1525435655845614,-0.8,67.8231430053711,-0.1186765655875206,35.54508590698242,51.6702750146385,0.0008368284453444294,OFFBOARD,1
60.76,GLIDE_APPROACH,33.540610698080556,33.47372487737434,0,68.924,0.0,1,0.9351444840431213,2.1795431964015393,-0.15024813129823741,2.1795431964015393,-0.15024813129823741,2.1795431964015393,-0.15024813129823741,-0.8,67.9170913696289,-0.11860605329275131,35.514041900634766,51.7242750426493,0.0008368284279839985,OFFBOARD,1
60.792,GLIDE_APPROACH,33.5220523035908,33.45144628630973,0,68.956,0.0,1,0.9351444840431213,2.175082281863034,-0.14781778994612504,2.175082281863034,-0.14781778994612504,2.175082281863034,-0.14781778994612504,-0.8,67.99178314208984,-0.11909311264753342,35.48887634277344,51.772275054298056,0.0008368284132589077,OFFBOARD,1
60.828,GLIDE_APPROACH,33.49391615373138,33.419918500487086,0,68.992,0.0,1,0.9351444840431213,2.1710274654295016,-0.14389873600479214,2.1710274654295016,-0.14389873600479214,2.1710274654295016,-0.14389873600479214,-0.8,68.06610870361328,-0.12002529203891754,35.46369552612305,51.820275056422574,0.000836828398533817,OFFBOARD,1
60.86,GLIDE_APPROACH,33.474852213660974,33.39827421358204,0,69.024,0.0,1,0.9351444840431213,2.1679404666383113,-0.14055679390087047,2.1679404666383113,-0.14055679390087047,2.1679404666383113,-0.14055679390087047,-0.8,68.1400375366211,-0.12137631326913834,35.438167572021484,51.86827504966817,0.0008368283838087265,OFFBOARD,1
60.892,GLIDE_APPROACH,33.45221000459594,33.37376199583576,0,69.056,0.0,1,0.9351444840431213,2.1657073128919864,-0.13661191010341145,2.1657073128919864,-0.13661191010341145,2.1657073128919864,-0.13661191010341145,-0.8,68.21363830566406,-0.12309262156486511,35.412559509277344,51.91627503495466,0.000836828369083636,OFFBOARD,1
60.932,GLIDE_APPROACH,33.426357648985146,33.34655312486117,0,69.096,0.0,1,0.9351444840431213,2.164092038379678,-0.1320663993101787,2.164092038379678,-0.1320663993101787,2.164092038379678,-0.1320663993101787,-0.8,68.28692626953125,-0.12494000792503357,35.38667678833008,51.98227500515631,0.0008368283496313403,OFFBOARD,1
60.96,GLIDE_APPROACH,33.403042938028555,33.32268481480118,0,69.124,0.0,1,0.9351444840431213,2.1634347818023727,-0.12796120384854326,2.1634347818023727,-0.12796120384854326,2.1634347818023727,-0.12796120384854326,-0.8,68.37809753417969,-0.1273324191570282,35.353965759277344,52.01827500063125,0.0008368283385875225,OFFBOARD,1
60.992,GLIDE_APPROACH,33.37941539248696,33.29910593754206,0,69.156,0.0,1,0.9351444840431213,2.1635033466846747,-0.12381959975039862,2.1635033466846747,-0.12381959975039862,2.1635033466846747,-0.12381959975039862,-0.8,68.45069885253906,-0.12931431829929352,35.32792282104492,52.07227499628281,0.0008368283212270919,OFFBOARD,1
61.028,GLIDE_APPROACH,33.35246244859195,33.272913977351244,0,69.192,0.0,1,0.9351444840431213,2.1644313470592693,-0.11913581444789824,2.1644313470592693,-0.11913581444789824,2.1644313470592693,-0.11913581444789824,-0.8,68.52301788330078,-0.1313304901123047,35.30158233642578,52.120274977945485,0.0008368283065020015,OFFBOARD,1
61.06,GLIDE_APPROACH,33.32817612343917,33.249918336451955,0,69.224,0.0,1,0.9351444840431213,2.1659895536325195,-0.11496006073702696,2.1659895536325195,-0.11496006073702696,2.1659895536325195,-0.11496006073702696,-0.8,68.5950698852539,-0.13336730003356934,35.27532958984375,52.16827495288578,0.0008368282917769108,OFFBOARD,1
61.092,GLIDE_APPROACH,33.30358456493058,33.227180545337056,0,69.256,0.0,1,0.9241824150085449,2.1443341887331924,-0.10983877557734642,2.1443341887331924,-0.10983877557734642,2.1443341887331924,-0.10983877557734642,-0.8,68.66719055175781,-0.13650378584861755,35.25087356567383,52.22227490990092,0.0008368282760058875,OFFBOARD,1
61.128,GLIDE_APPROACH,33.275550426594755,33.20189379220565,0,69.292,0.0,1,0.9241824150085449,2.1476406937096613,-0.10512410596925362,2.1476406937096613,-0.10512410596925362,2.1476406937096613,-0.10512410596925362,-0.8,68.7390365600586,-0.13956715166568756,35.22616958618164,52.27627487542175,0.0008368282586454567,OFFBOARD,1
61.16,GLIDE_APPROACH,33.250286848500785,33.09020202669613,0,69.324,0.0,1,0.9241824150085449,2.1512890872789043,-0.10092848695108025,2.1512890872789043,-0.10092848695108025,2.1512890872789043,-0.10092848695108025,-0.8,68.8284912109375,-0.14330923557281494,35.194969177246094,52.32427483471175,0.0008368282439203661,OFFBOARD,1
61.192,GLIDE_APPROACH,33.22468079784449,33.157653193388114,0,69.356,0.0,1,0.9241824150085449,2.155608327015509,-0.09673137596693984,2.155608327015509,-0.09673137596693984,2.155608327015509,-0.09673137596693984,-0.8,68.8997802734375,-0.14623798429965973,35.16983413696289,52.37227480467905,0.0008368282291952755,OFFBOARD,1
61.228,GLIDE_APPROACH,33.19544813118983,33.13314192013324,0,69.392,0.0,1,0.9241824150085449,2.161286169026784,-0.09201294719183734,2.161286169026784,-0.09201294719183734,2.161286169026784,-0.09201294719183734,-0.8,68.97085571289062,-0.14912983775138855,35.14438247680664,52.42627477109613,0.0008368282134242524,OFFBOARD,1
61.26,GLIDE_APPROACH,33.16907761118464,33.111568425603814,0,69.424,0.0,1,0.9241824150085449,2.167049361349812,-0.08782795119483217,2.167049361349812,-0.08782795119483217,2.167049361349812,-0.08782795119483217,-0.8,69.04173278808594,-0.15196523070335388,35.11860656738281,52.47427474252582,0.0008368281986991619,OFFBOARD,1
61.296,GLIDE_APPROACH,33.142343599042995,33.09018979365972,0,69.46,0.0,1,0.9241824150085449,2.1734782974754348,-0.0836590083555045,2.1734782974754348,-0.0836590083555045,2.1734782974754348,-0.0836590083555045,-0.8,69.1124038696289,-0.15475505590438843,35.0929069519043,52.52227470860359,0.0008368281839740714,OFFBOARD,1
61.328,GLIDE_APPROACH,33.11184101452094,33.06636297046585,0,69.492,0.0,1,0.9241824150085449,2.181495798284028,-0.07899818208910092,2.181495798284028,-0.07899818208910092,2.181495798284028,-0.07899818208910092,-0.8,69.18287658691406,-0.15749160945415497,35.066925048828125,52.57027466967279,0.0008368281692489809,OFFBOARD,1
61.36,GLIDE_APPROACH,33.08435820912239,33.04537321339008,0,69.524,0.0,1,0.9241824150085449,2.189292876938607,-0.07489065089881036,2.189292876938607,-0.07489065089881036,2.189292876938607,-0.07489065089881036,-0.8,69.27071380615234,-0.16081811487674713,35.03419494628906,52.62427462916766,0.00083682815188855,OFFBOARD,1
61.392,GLIDE_APPROACH,33.05656073829916,33.02459346020334,0,69.556,0.0,1,0.9241824150085449,2.197719932671789,-0.0705324136493368,2.197719932671789,-0.0705324136493368,2.197719932671789,-0.0705324136493368,-0.8,69.34075927734375,-0.16349218785762787,35.00794219970703,52.666274591494016,0.0008368281397987998,OFFBOARD,1
61.428,GLIDE_APPROACH,33.024945306251546,33.001489286250084,0,69.592,0.0,1,0.9241824150085449,2.207939527990616,-0.06506861479978407,2.207939527990616,-0.06506861479978407,2.207939527990616,-0.06506861479978407,-0.8,69.41055297851562,-0.16649751365184784,34.98155975341797,52.72627455873751,0.0008368281213924365,OFFBOARD,1
61.46,GLIDE_APPROACH,32.99653736939918,32.98117671859687,0,69.624,0.0,1,0.9241824150085449,2.2176592316926635,-0.059722008886856616,2.2176592316926635,-0.059722008886856616,2.2176592316926635,-0.059722008886856616,-0.8,69.48007202148438,-0.1698615401983261,34.95534133911133,52.774274529364995,0.0008368281066673459,OFFBOARD,1
61.492,GLIDE_APPROACH,32.96443683914456,32.958481464255044,0,69.656,0.0,1,0.9241824150085449,2.2289512901136597,-0.0532713970135634,2.2289512901136597,-0.0532713970135634,2.2289512901136597,-0.0532713970135634,-0.8,69.54855346679688,-0.173575296998024,34.928672790527344,52.82227450996117,0.0008368280919422554,OFFBOARD,1
61.528,GLIDE_APPROACH,32.93516276226857,32.93861921289282,0,69.692,0.0,1,0.9241824150085449,2.2402539315180148,-0.04691667593455409,2.2402539315180148,-0.04691667593455409,2.2402539315180148,-0.04691667593455409,-0.8,69.61685943603516,-0.17762751877307892,34.9019660949707,52.87627451052882,0.0008368280745818247,OFFBOARD,1
61.56,GLIDE_APPROACH,32.90580595765221,32.91882588963093,0,69.724,0.0,1,0.9274328351020813,2.251729926616414,-0.04028186878781875,2.251729926616414,-0.04028186878781875,2.251729926616414,-0.04028186878781875,-0.8,69.70205688476562,-0.18314342200756073,34.868499755859375,52.924274516141644,0.0008368280598567341,OFFBOARD,1
61.592,GLIDE_APPROACH,32.8761572905425,32.899145245656605,0,69.756,0.0,1,0.9274328351020813,2.2636941533135193,-0.03331767986857785,2.2636941533135193,-0.03331767986857785,2.2636941533135193,-0.03331767986857785,-0.8,69.77010345458984,-0.18788257241249084,34.841678619384766,52.97227453159412,0.0008368280451316433,OFFBOARD,1
61.628,GLIDE_APPROACH,32.839069167989955,32.87458811002224,0,69.792,0.0,1,0.9274328351020813,2.2787362608417103,-0.02432047223964697,2.2787362608417103,-0.02432047223964697,2.2787362608417103,-0.02432047223964697,-0.8,69.83807373046875,-0.19286425411701202,34.814849853515625,53.026274546440206,0.0008368280293606203,OFFBOARD,1
61.66,GLIDE_APPROACH,32.81223405641499,32.857570208344,0,69.824,0.0,1,0.9274328351020813,2.290516144193333,-0.01765300793720387,2.290516144193333,-0.01765300793720387,2.290516144193333,-0.01765300793720387,-0.8,69.90599060058594,-0.1980578601360321,34.78792190551758,53.06827456381949,0.0008368280156814622,OFFBOARD,1
61.692,GLIDE_APPROACH,32.781742330005855,32.838062300274935,0,69.856,0.0,1,0.9274328351020813,2.3036944958685437,-0.009980003225136256,2.3036944958685437,-0.009980003225136256,2.3036944958685437,-0.009980003225136256,-0.8,69.99085998535156,-0.20480743050575256,34.75422668457031,53.12227455797617,0.0008368279999104392,OFFBOARD,1
61.728,GLIDE_APPROACH,32.74714636903039,32.81611574953875,0,69.892,0.0,1,0.9274328351020813,2.3188698836596284,-0.0011924766369615786,2.3188698836596284,-0.0011924766369615786,2.3188698836596284,-0.0011924766369615786,-0.8,70.0417709350586,-0.20895648002624512,34.73405456542969,53.17627456377998,0.0008368279825500084,OFFBOARD,1
61.76,GLIDE_APPROACH,32.71615557708523,32.7116953818477,0,69.924,0.0,1,0.9274328351020813,2.3326086501289574,0.006715360208337077,2.3326086501289574,0.006715360208337077,2.3326086501289574,0.006715360208337077,-0.8,70.12666320800781,-0.2160172462463379,34.70038604736328,53.22427457116413,0.0008368279678249178,OFFBOARD,1
61.792,GLIDE_APPROACH,32.68495819660746,32.77699954974228,0,69.956,0.0,1,0.9274328351020813,2.3465438165836527,0.01468013130813648,2.3465438165836527,0.01468013130813648,2.3465438165836527,0.01468013130813648,-0.8,70.19461822509766,-0.22175708413124084,34.67351150512695,53.27227457403211,0.0008368279530998271,OFFBOARD,1
61.828,GLIDE_APPROACH,32.64963383919085,32.754887974779,0,69.992,0.0,1,0.9274328351020813,2.362389057791445,0.023672677743541128,2.362389057791445,0.023672677743541128,2.362389057791445,0.023672677743541128,-0.8,70.26266479492188,-0.2275388091802597,34.646583557128906,53.326274559274204,0.000836827937328804,OFFBOARD,1
61.86,GLIDE_APPROACH,32.61465382714393,32.73258744072204,0,70.024,0.0,1,0.9274328351020813,2.377592426181967,0.032559612528833465,2.377592426181967,0.032559612528833465,2.377592426181967,0.032559612528833465,-0.8,70.33084106445312,-0.23334257304668427,34.61994552612305,53.3742745442131,0.0008368279226037135,OFFBOARD,1
61.896,GLIDE_APPROACH,32.57894804118671,32.71010656567972,0,70.06,0.0,1,0.9274328351020813,2.3934451124158063,0.041063563236492275,2.3934451124158063,0.041063563236492275,2.3934451124158063,0.041063563236492275,-0.8,70.3985595703125,-0.23812666535377502,34.59307098388672,53.42827452619143,0.000836827905243283,OFFBOARD,1
61.928,GLIDE_APPROACH,32.550468160365895,32.69246235315718,0,70.092,0.0,1,0.9274328351020813,2.4064373691657703,0.04726420919959121,2.4064373691657703,0.04726420919959121,2.4064373691657703,0.04726420919959121,-0.8,70.46662139892578,-0.24259121716022491,34.56624984741211,53.47627450402048,0.0008368278905181922,OFFBOARD,1
61.96,GLIDE_APPROACH,32.51514012363858,32.583719434592034,0,70.124,0.0,1,0.9274328351020813,2.421012141365952,0.0543434318083132,2.421012141365952,0.0543434318083132,2.421012141365952,0.0543434318083132,-0.8,70.55220031738281,-0.24763856828212738,34.53281021118164,53.52427449342971,0.0008368278757931017,OFFBOARD,1
61.996,GLIDE_APPROACH,32.48648765045939,32.651136059887264,0,70.16,0.0,1,0.9274328351020813,2.4335989710083634,0.05949140389098919,2.4335989710083634,0.05949140389098919,2.4335989710083634,0.05949140389098919,-0.8,70.62107849121094,-0.2512219250202179,34.50623321533203,53.578274486844094,0.0008368278600220788,OFFBOARD,1
62.028,GLIDE_APPROACH,32.45038792325215,32.62735739237126,0,70.192,0.0,1,0.9274328351020813,2.448375102524783,0.06531195080176574,2.448375102524783,0.06531195080176574,2.448375102524783,0.06531195080176574,-0.8,70.69035339355469,-0.2543957531452179,34.479644775390625,53.6262744907285,0.0008368278452969883,OFFBOARD,1
62.06,GLIDE_APPROACH,32.418247458086356,32.60588777874345,0,70.224,0.0,1,0.9296684861183167,2.477835828764266,0.06455324712866216,2.477835828764266,0.06455324712866216,2.477835828764266,0.06455324712866216,-0.8,70.76001739501953,-0.25717443227767944,34.45305633544922,53.67427448605344,0.0008368278305718976,OFFBOARD,1
62.096,GLIDE_APPROACH,32.378689493110265,32.57852868271987,0,70.26,0.0,1,0.9296684861183167,2.4924584671347594,0.0693644639853859,2.4924584671347594,0.0693644639853859,2.4924584671347594,0.0693644639853859,-0.8,70.83009338378906,-0.2595680058002472,34.42662811279297,53.72827447866049,0.0008368278132114666,OFFBOARD,1
62.128,GLIDE_APPROACH,32.34981328144073,32.559208937114036,0,70.292,0.0,1,0.9296684861183167,2.5,0.07240446077574415,2.5,0.07240446077574415,2.5,0.07240446077574415,-0.8,70.90056610107422,-0.26158562302589417,34.40021514892578,53.770274452540754,0.0008368278011217163,OFFBOARD,1
62.16,GLIDE_APPROACH,32.31756907289385,32.448148793969295,0,70.324,0.0,1,0.9296684861183167,2.5,0.07530047720988442,2.5,0.07530047720988442,2.5,0.07530047720988442,-0.8,70.98916625976562,-0.2636304199695587,34.36720275878906,53.82427443063194,0.0008368277837612855,OFFBOARD,1
62.192,GLIDE_APPROACH,32.2819796011742,32.5110088371158,0,70.356,0.0,1,0.9296684861183167,2.5,0.07789972661109931,2.5,0.07789972661109931,2.5,0.07789972661109931,-0.8,71.06047821044922,-0.2648865282535553,34.34074401855469,53.87227441299416,0.0008368277690361948,OFFBOARD,1
62.228,GLIDE_APPROACH,32.24904962344161,32.487931811462566,0,70.392,0.0,1,0.9296684861183167,2.5,0.07992410852045004,2.5,0.07992410852045004,2.5,0.07992410852045004,-0.8,71.13216400146484,-0.2658364772796631,34.31425857543945,53.92027440096143,0.0008368277543111043,OFFBOARD,1
62.26,GLIDE_APPROACH,32.21683180573166,32.464448034698684,0,70.424,0.0,1,0.9296684861183167,2.5,0.0814351298540473,2.5,0.0814351298540473,2.5,0.0814351298540473,-0.8,71.20423126220703,-0.2664988338947296,34.287818908691406,53.97427437345919,0.0008368277385400814,OFFBOARD,1
62.292,GLIDE_APPROACH,32.18464277616244,32.440630596058305,0,70.456,0.0,1,0.9296684861183167,2.5,0.08255120669545095,2.5,0.08255120669545095,2.5,0.08255120669545095,-0.8,71.27676391601562,-0.2672162652015686,34.261783599853516,54.016274372018906,0.0008368277248609232,OFFBOARD,1
62.328,GLIDE_APPROACH,32.145144105536424,32.41031389917684,0,70.492,0.0,1,0.9296684861183167,2.5,0.08332294663776708,2.5,0.08332294663776708,2.5,0.08332294663776708,-0.8,71.34965515136719,-0.26765769720077515,34.23564529418945,54.07027436466077,0.0008368277090899,OFFBOARD,1
62.36,GLIDE_APPROACH,32.116394638128426,32.38891978620052,0,70.524,0.0,1,0.9296684861183167,2.5,0.08369717095814001,2.5,0.08369717095814001,2.5,0.08369717095814001,-0.8,71.44129180908203,-0.26782235503196716,34.202842712402344,54.12427438420615,0.0008368276917294692,OFFBOARD,1
62.392,GLIDE_APPROACH,32.0810476263045,32.36080401333716,0,70.556,0.0,1,0.9296684861183167,2.5,0.08340482096761588,2.5,0.08340482096761588,2.5,0.08340482096761588,-0.8,71.5150146484375,-0.26765206456184387,34.17652893066406,54.17227439045996,0.0008368276770043785,OFFBOARD,1
62.428,GLIDE_APPROACH,32.0484853738801,32.33549159138853,0,70.592,0.0,1,0.9296684861183167,2.5,0.08266611868851777,2.5,0.08266611868851777,2.5,0.08266611868851777,-0.8,71.5892105102539,-0.267037570476532,34.15016174316406,54.22627438670766,0.0008368276612333557,OFFBOARD,1
62.46,GLIDE_APPROACH,32.01670648460479,32.309679576522115,0,70.624,0.0,1,0.9296684861183167,2.5,0.08122210117336337,2.5,0.08122210117336337,2.5,0.08122210117336337,-0.8,71.6639175415039,-0.26596599817276,34.123775482177734,54.27427439774268,0.0008368276465082648,OFFBOARD,1
62.492,GLIDE_APPROACH,31.985071311919807,32.28346560528303,0,70.656,0.0,1,0.9296684861183167,2.5,0.07918794214655235,2.5,0.07918794214655235,2.5,0.07918794214655235,-0.8,71.73855590820312,-0.26466092467308044,34.098426818847656,54.31627440989288,0.0008368276328291068,OFFBOARD,1
62.528,GLIDE_APPROACH,31.949672443215118,32.25352434609421,0,70.692,0.0,1,0.9435852766036987,2.5,0.0696620439664682,2.5,0.0696620439664682,2.5,0.0696620439664682,-0.8,71.81366729736328,-0.26288747787475586,34.07316207885742,54.37627441193368,0.0008368276144227434,OFFBOARD,1
62.56,GLIDE_APPROACH,31.915059021999316,32.223063784254286,0,70.724,0.0,1,0.9435852766036987,2.5,0.06592818384124312,2.5,0.06592818384124312,2.5,0.06592818384124312,-0.8,71.908203125,-0.2600487172603607,34.0416259765625,54.42427442293746,0.0008368275996976528,OFFBOARD,1
62.592,GLIDE_APPROACH,31.887274356504555,32.19923216262396,0,70.756,0.0,1,0.9435852766036987,2.5,0.06276490915911205,2.5,0.06276490915911205,2.5,0.06276490915911205,-0.8,71.98430633544922,-0.2573150396347046,34.01638412475586,54.4722744423847,0.0008368275849725621,OFFBOARD,1
62.628,GLIDE_APPROACH,31.852492191596077,32.168162812726955,0,70.792,0.0,1,0.9435852766036987,2.5,0.05806010579227189,2.5,0.05806010579227189,2.5,0.05806010579227189,-0.8,72.06079864501953,-0.25419101119041443,33.991004943847656,54.52027446966322,0.0008368275702474714,OFFBOARD,1
62.66,GLIDE_APPROACH,31.82177968815624,32.14026367060124,0,70.824,0.0,1,0.9435852766036987,2.5,0.05343737881340738,2.5,0.05343737881340738,2.5,0.05343737881340738,-0.8,72.13763427734375,-0.2507183253765106,33.96558380126953,54.5742744991064,0.0008368275544764484,OFFBOARD,1
62.692,GLIDE_APPROACH,31.791269581690308,32.01562513636209,0,70.856,0.0,1,0.9435852766036987,2.5,0.048442556173951545,2.5,0.048442556173951545,2.5,0.048442556173951545,-0.8,72.23412322998047,-0.2459493726491928,33.933616638183594,54.62227452350665,0.0008368275397513578,OFFBOARD,1
62.728,GLIDE_APPROACH,31.753866427591248,32.076562956146596,0,70.892,0.0,1,0.9435852766036987,2.5,0.04163742822415796,2.5,0.04163742822415796,2.5,0.04163742822415796,-0.8,72.31163024902344,-0.24181875586509705,33.907936096191406,54.67027454232751,0.0008368275250262673,OFFBOARD,1
62.76,GLIDE_APPROACH,31.727153064812157,32.05162016727918,0,70.924,0.0,1,0.9435852766036987,2.5,0.03677000794410769,2.5,0.03677000794410769,2.5,0.03677000794410769,-0.8,72.38939666748047,-0.23743903636932373,33.882102966308594,54.718274567778174,0.0008368275103011766,OFFBOARD,1
62.792,GLIDE_APPROACH,31.697346962851984,32.02285102990086,0,70.956,0.0,1,0.9435852766036987,2.5,0.030854880271990945,2.5,0.030854880271990945,2.5,0.030854880271990945,-0.8,72.4674072265625,-0.23284588754177094,33.85618209838867,54.772274611990866,0.0008368274929407456,OFFBOARD,1
62.828,GLIDE_APPROACH,31.664119634906562,31.990281494039817,0,70.992,0.0,1,0.9435852766036987,2.5,0.023931610653319106,2.5,0.023931610653319106,2.5,0.023931610653319106,-0.8,72.54563903808594,-0.22805900871753693,33.830291748046875,54.82027464529261,0.0008368274782156551,OFFBOARD,1
62.86,GLIDE_APPROACH,31.63486783758819,31.96116143557969,0,71.024,0.0,1,0.9435852766036987,2.5,0.017571093547957328,2.5,0.017571093547957328,2.5,0.017571093547957328,-0.8,72.62408447265625,-0.2231128066778183,33.804325103759766,54.874274661727455,0.0008368274624446321,OFFBOARD,1
62.892,GLIDE_APPROACH,31.605794746121624,31.932002308818472,0,71.056,0.0,1,0.9435852766036987,2.5,0.011009548270038375,2.5,0.011009548270038375,2.5,0.011009548270038375,-0.8,72.72103118896484,-0.21637287735939026,33.7724494934082,54.9222746845787,0.0008368274477195415,OFFBOARD,1
62.928,GLIDE_APPROACH,31.573230115852212,31.89926374680032,0,71.092,0.0,1,0.9435852766036987,2.5,0.0033866405833568383,2.5,0.0033866405833568383,2.5,0.0033866405833568383,-0.8,72.77925872802734,-0.21221144497394562,33.75309371948242,54.97027470801018,0.0008368274329944509,OFFBOARD,1
62.96,GLIDE_APPROACH,31.544458304190304,31.870227420676443,0,71.124,0.0,1,0.9435852766036987,2.5,-0.003574717192485685,2.5,-0.003574717192485685,2.5,-0.003574717192485685,-0.8,72.87635040283203,-0.20510432124137878,33.720462799072266,55.02427473032242,0.0008368274156340201,OFFBOARD,1
62.992,GLIDE_APPROACH,31.51249500029549,31.837555868477434,0,71.156,0.0,1,0.9435852766036987,2.5,-0.011679858342871295,2.5,-0.011679858342871295,2.5,-0.011679858342871295,-0.8,72.95405578613281,-0.19928224384784698,33.69415283203125,55.06627473685391,0.0008368274035442699,OFFBOARD,1
63.028,GLIDE_APPROACH,31.480650047110117,31.805041216222836,0,71.192,0.0,1,0.929633378982544,2.5,-0.011085798592717074,2.5,-0.011085798592717074,2.5,-0.011085798592717074,-0.8,73.03178405761719,-0.19335025548934937,33.66766357421875,55.126274758580145,0.0008368273851379065,OFFBOARD,1
63.064,GLIDE_APPROACH,31.452636094484802,31.698435698375874,0,71.228,0.0,1,0.929633378982544,2.5,-0.018432333717246768,2.5,-0.018432333717246768,2.5,-0.018432333717246768,-0.8,73.1872787475586,-0.18127307295799255,33.61499786376953,55.18627476410776,0.0008368273667315433,OFFBOARD,1
63.092,GLIDE_APPROACH,31.42832294006729,31.75107232586658,0,71.256,0.0,1,0.929633378982544,2.5,-0.024816476987188692,2.5,-0.024816476987188692,2.5,-0.024816476987188692,-0.8,73.1872787475586,-0.18127307295799255,33.61499786376953,55.22227475972426,0.0008368273556877254,OFFBOARD,1
63.128,GLIDE_APPROACH,31.39408119451752,31.715027573286807,0,71.292,0.0,1,0.929633378982544,2.5,-0.03423551096150045,2.5,-0.03423551096150045,2.5,-0.03423551096150045,-0.8,73.26506042480469,-0.17518439888954163,33.588645935058594,55.27027475136419,0.0008368273409626349,OFFBOARD,1
63.16,GLIDE_APPROACH,31.37040311643797,31.68995641496943,0,71.324,0.0,1,0.929633378982544,2.5,-0.0406824678453169,2.5,-0.0406824678453169,2.5,-0.0406824678453169,-0.8,73.3623046875,-0.16756626963615417,33.55543899536133,55.32427475937289,0.0008368273236022041,OFFBOARD,1
63.192,GLIDE_APPROACH,31.340205129614837,31.65754753226544,0,71.356,0.0,1,0.929633378982544,2.5,-0.04920437053610238,2.5,-0.04920437053610238,2.5,-0.04920437053610238,-0.8,73.44011688232422,-0.16146698594093323,33.52867126464844,55.37227475538135,0.0008368273088771135,OFFBOARD,1
63.228,GLIDE_APPROACH,31.31384609127212,31.62889819729373,0,71.392,0.0,1,0.929633378982544,2.5,-0.05658134594555142,2.5,-0.05658134594555142,2.5,-0.05658134594555142,-0.8,73.51795959472656,-0.155378520488739,33.50191116333008,55.42627473268551,0.0008368272931060902,OFFBOARD,1
63.26,GLIDE_APPROACH,31.287714262103147,31.600161629085036,0,71.424,0.0,1,0.929633378982544,2.5,-0.0640319762467048,2.5,-0.0640319762467048,2.5,-0.0640319762467048,-0.8,73.59585571289062,-0.14931443333625793,33.47516632080078,55.46827472154703,0.0008368272794269321,OFFBOARD,1
63.292,GLIDE_APPROACH,31.261893022202493,31.571414441349944,0,71.456,0.0,1,0.929633378982544,2.5,-0.0714421027143688,2.5,-0.0714421027143688,2.5,-0.0714421027143688,-0.8,73.67294311523438,-0.1432894915342331,33.44859313964844,55.522274695852786,0.0008368272636559091,OFFBOARD,1
63.328,GLIDE_APPROACH,31.229806418303355,31.53537678606884,0,71.492,0.0,1,0.929633378982544,2.5,-0.08072497027344447,2.5,-0.08072497027344447,2.5,-0.08072497027344447,-0.8,73.74984741210938,-0.1373147815465927,33.4220085144043,55.570274690767455,0.0008368272489308186,OFFBOARD,1
63.36,GLIDE_APPROACH,31.20464021150619,31.506595164352465,0,71.524,0.0,1,0.929633378982544,2.5,-0.08799001852808988,2.5,-0.08799001852808988,2.5,-0.08799001852808988,-0.8,73.8461685180664,-0.12991997599601746,33.388797760009766,55.61827469464282,0.000836827234205728,OFFBOARD,1
63.392,GLIDE_APPROACH,31.180003160132486,31.47784224384753,0,71.556,0.0,1,0.929633378982544,2.5,-0.09513593103784455,2.5,-0.09513593103784455,2.5,-0.09513593103784455,-0.8,73.92333984375,-0.12409087270498276,33.36225509643555,55.666274693757664,0.0008368272194806374,OFFBOARD,1
63.428,GLIDE_APPROACH,31.15633565613902,31.44922388290979,0,71.592,0.0,1,0.929633378982544,2.5,-0.10203528958281449,2.5,-0.10203528958281449,2.5,-0.10203528958281449,-0.8,74.00054931640625,-0.11838746070861816,33.33603286743164,55.72627468007459,0.0008368272010742743,OFFBOARD,1
63.464,GLIDE_APPROACH,31.132922873933392,31.42057447382681,0,71.628,0.0,1,0.929633378982544,2.5,-0.10888102819300566,2.5,-0.10888102819300566,2.5,-0.10888102819300566,-0.8,74.0777816772461,-0.11281797289848328,33.31003952026367,55.774274661522476,0.0008368271863491836,OFFBOARD,1
63.492,GLIDE_APPROACH,31.10675193327005,31.388324616471927,0,71.656,0.0,1,0.929633378982544,2.5,-0.11649554027360798,2.5,-0.11649554027360798,2.5,-0.11649554027360798,-0.8,74.15502166748047,-0.107381172478199,33.28421401977539,55.82227465061995,0.000836827171624093,OFFBOARD,1
63.528,GLIDE_APPROACH,31.08470595106194,31.35987421247605,0,71.692,0.0,1,0.942932665348053,2.5,-0.1166573660743092,2.5,-0.1166573660743092,2.5,-0.1166573660743092,-0.8,74.23225402832031,-0.10207438468933105,33.25859069824219,55.87627465822147,0.0008368271542636623,OFFBOARD,1
63.56,GLIDE_APPROACH,31.05937667498031,31.32774929822381,0,71.724,0.0,1,0.942932665348053,2.5,-0.1238926901482867,2.5,-0.1238926901482867,2.5,-0.1238926901482867,-0.8,74.32881164550781,-0.09562098979949951,33.226783752441406,55.9242746665498,0.0008368271395385718,OFFBOARD,1
63.604,GLIDE_APPROACH,31.040785001376186,31.22571281434351,0,71.768,0.0,1,0.942932665348053,2.5,-0.12920126197823376,2.5,-0.12920126197823376,2.5,-0.12920126197823376,-0.8,74.48331451416016,-0.08572680503129959,33.17613220214844,55.98427466730059,0.0008368271211322088,OFFBOARD,1
63.628,GLIDE_APPROACH,31.013356575670315,31.267376450365564,0,71.792,0.0,1,0.942932665348053,2.5,-0.13681189724760945,2.5,-0.13681189724760945,2.5,-0.13681189724760945,-0.8,74.48331451416016,-0.08572680503129959,33.17613220214844,56.02027466092224,0.0008368271100883909,OFFBOARD,1
63.66,GLIDE_APPROACH,30.99527060406531,31.16540017683662,0,71.824,0.0,1,0.942932665348053,2.5,-0.14181574600796312,2.5,-0.14181574600796312,2.5,-0.14181574600796312,-0.8,74.56057739257812,-0.08097507804632187,33.15084457397461,56.068274644974814,0.0008368270953633003,OFFBOARD,1
63.692,GLIDE_APPROACH,30.974182192938873,31.214311788556095,0,71.856,0.0,1,0.942932665348053,2.5,-0.14749233914133297,2.5,-0.14749233914133297,2.5,-0.14749233914133297,-0.8,74.63722229003906,-0.07433386147022247,33.12562561035156,56.116274621437235,0.0008368270806382096,OFFBOARD,1
63.728,GLIDE_APPROACH,30.95067765529858,31.18245890091669,0,71.892,0.0,1,0.942932665348053,2.5,-0.15367514657200637,2.5,-0.15367514657200637,2.5,-0.15367514657200637,-0.8,74.73307037353516,-0.0664597675204277,33.09423065185547,56.1702745789624,0.0008368270648671868,OFFBOARD,1
63.76,GLIDE_APPROACH,30.92996230099409,31.15416072671578,0,71.924,0.0,1,0.942932665348053,2.5,-0.1589865883661102,2.5,-0.1589865883661102,2.5,-0.1589865883661102,-0.8,74.80977630615234,-0.0604797899723053,33.06918716430664,56.22427454569052,0.0008368270475067559,OFFBOARD,1
63.792,GLIDE_APPROACH,30.909394671438832,31.12587160644876,0,71.956,0.0,1,0.942932665348053,2.5,-0.16412133346350577,2.5,-0.16412133346350577,2.5,-0.16412133346350577,-0.8,74.88652038574219,-0.05475452169775963,33.04404067993164,56.272274518695426,0.0008368270327816654,OFFBOARD,1
63.828,GLIDE_APPROACH,30.883213425573604,31.090429297335064,0,71.992,0.0,1,0.942932665348053,2.493355866447372,-0.1703870813885076,2.493355866447372,-0.1703870813885076,2.493355866447372,-0.1703870813885076,-0.8,74.96328735351562,-0.04928544908761978,33.01883316040039,56.32627448944277,0.0008368270170106423,OFFBOARD,1
63.864,GLIDE_APPROACH,30.86035873641327,31.058598397465904,0,72.028,0.0,1,0.942932665348053,2.482566195383727,-0.17571060013425052,2.482566195383727,-0.17571060013425052,2.482566195383727,-0.17571060013425052,-0.8,75.04006958007812,-0.04408121109008789,32.99358367919922,56.380274471175646,0.0008368269996502114,OFFBOARD,1
63.892,GLIDE_APPROACH,30.842596458352435,31.033732420637563,0,72.056,0.0,1,0.942932665348053,2.4740237814443233,-0.17996986267836412,2.4740237814443233,-0.17996986267836412,2.4740237814443233,-0.17996986267836412,-0.8,75.11692810058594,-0.03908848017454147,32.96826934814453,56.41627445999586,0.0008368269886063935,OFFBOARD,1
63.932,GLIDE_APPROACH,30.822956099711234,31.005235330263087,0,72.096,0.0,1,0.942932665348053,2.4633702193121008,-0.18498364373167037,2.4633702193121008,-0.18498364373167037,2.4633702193121008,-0.18498364373167037,-0.8,75.19397735595703,-0.034032322466373444,32.942996978759766,56.48227444766198,0.0008368269691540978,OFFBOARD,1
63.96,GLIDE_APPROACH,30.799404900010533,30.97277670718655,0,72.124,0.0,1,0.942932665348053,2.4526534017561397,-0.19114435088154522,2.4526534017561397,-0.19114435088154522,2.4526534017561397,-0.19114435088154522,-0.8,75.29058837890625,-0.027552081272006035,32.91123580932617,56.51827445312189,0.00083682695811028,OFFBOARD,1
63.992,GLIDE_APPROACH,30.78230781988667,30.947527471422557,0,72.156,0.0,1,0.942932665348053,2.4428482950771255,-0.19596973862115627,2.4428482950771255,-0.19596973862115627,2.4428482950771255,-0.19596973862115627,-0.8,75.36812591552734,-0.022214453667402267,32.88584518432617,56.566274468129194,0.0008368269433851892,OFFBOARD,1
64.028,GLIDE_APPROACH,30.75944022139124,30.91475966138138,0,72.192,0.0,1,0.9343202114105225,2.4237173393970646,-0.2038039118649635,2.4237173393970646,-0.2038039118649635,2.4237173393970646,-0.2038039118649635,-0.8,75.44586944580078,-0.01674952730536461,32.86041259765625,56.62627449067249,0.000836826924978826,OFFBOARD,1
64.06,GLIDE_APPROACH,30.739105032613963,30.88546697526524,0,72.224,0.0,1,0.9343202114105225,2.4129335114335944,-0.20986323388889935,2.4129335114335944,-0.20986323388889935,2.4129335114335944,-0.20986323388889935,-0.8,75.52383422851562,-0.01116957701742649,32.8349609375,56.674274497716745,0.0008368269102537354,OFFBOARD,1
64.092,GLIDE_APPROACH,30.71874704418843,30.856040979619532,0,72.256,0.0,1,0.9343202114105225,2.4020228911059647,-0.2160828344819647,2.4020228911059647,-0.2160828344819647,2.4020228911059647,-0.2160828344819647,-0.8,75.60164642333984,-0.004712007008492947,32.80986785888672,56.716274503429396,0.0008368268965745771,OFFBOARD,1
64.128,GLIDE_APPROACH,30.692559773718383,30.819023848216034,0,72.292,0.0,1,0.9343202114105225,2.3889792059317534,-0.2241283598807309,2.3889792059317534,-0.2241283598807309,2.3889792059317534,-0.2241283598807309,-0.8,75.67962646484375,0.0017401146469637752,32.78474044799805,56.77627448834827,0.0008368268781682138,OFFBOARD,1
64.16,GLIDE_APPROACH,30.675332268498448,30.793192253629037,0,72.324,0.0,1,0.9343202114105225,2.378623015821654,-0.22966417803108652,2.378623015821654,-0.22966417803108652,2.378623015821654,-0.22966417803108652,-0.8,75.77729034423828,0.009785225614905357,32.75344467163086,56.818274463485416,0.0008368268660784634,OFFBOARD,1
64.196,GLIDE_APPROACH,30.65479088373817,30.68535440510234,0,72.36,0.0,1,0.9343202114105225,2.3676466179716398,-0.23614770875025762,2.3676466179716398,-0.23614770875025762,2.3676466179716398,-0.23614770875025762,-0.8,75.85550689697266,0.01618281751871109,32.728355407714844,56.878274448858875,0.0008368268476721002,OFFBOARD,1
64.228,GLIDE_APPROACH,30.631563283512975,30.7301509971089,0,72.392,0.0,1,0.9343202114105225,2.355418891301365,-0.24345352986595975,2.355418891301365,-0.24345352986595975,2.355418891301365,-0.24345352986595975,-0.8,75.93380737304688,0.022521695122122765,32.70334243774414,56.926274441007145,0.0008368268329470096,OFFBOARD,1
64.26,GLIDE_APPROACH,30.607543305846768,30.61844851740259,0,72.424,0.0,1,0.9343202114105225,2.3440650744377343,-0.25083107410352706,2.3440650744377343,-0.25083107410352706,2.3440650744377343,-0.25083107410352706,-0.8,76.0121078491211,0.028786830604076385,32.67823028564453,56.96827443616175,0.0008368268192678515,OFFBOARD,1
64.292,GLIDE_APPROACH,30.586624790250042,30.667109790541197,0,72.456,0.0,1,0.9343202114105225,2.333608875807116,-0.25724191344099967,2.333608875807116,-0.25724191344099967,2.333608875807116,-0.25724191344099967,-0.8,76.0904312133789,0.03495335578918457,32.65309143066406,57.02227442030705,0.0008368268034968282,OFFBOARD,1
64.328,GLIDE_APPROACH,30.56615599981816,30.637671714472898,0,72.492,0.0,1,0.9343202114105225,2.3228011205516803,-0.2634725489545545,2.3228011205516803,-0.2634725489545545,2.3228011205516803,-0.2634725489545545,-0.8,76.16871643066406,0.04100574553012848,32.62791061401367,57.070274423545094,0.0008368267887717376,OFFBOARD,1
64.36,GLIDE_APPROACH,30.541641169079675,30.60447540334792,0,72.524,0.0,1,0.9343202114105225,2.3123353234702626,-0.27057867372349836,2.3123353234702626,-0.27057867372349836,2.3123353234702626,-0.27057867372349836,-0.8,76.2665023803711,0.04840441420674324,32.59657287597656,57.118274435927354,0.0008368267740466469,OFFBOARD,1
64.392,GLIDE_APPROACH,30.523380509632915,30.57893497452555,0,72.556,0.0,1,0.9343202114105225,2.3035669881163816,-0.27583340987762606,2.3035669881163816,-0.27583340987762606,2.3035669881163816,-0.27583340987762606,-0.8,76.3446273803711,0.05418884754180908,32.571556091308594,57.17227446722567,0.0008368267566862161,OFFBOARD,1
64.428,GLIDE_APPROACH,30.49879196468896,30.54617651107804,0,72.592,0.0,1,0.9343202114105225,2.2937144747442075,-0.2825948025731227,2.2937144747442075,-0.2825948025731227,2.2937144747442075,-0.2825948025731227,-0.8,76.42259979248047,0.05985133349895477,32.54640197753906,57.22027449034701,0.0008368267419611258,OFFBOARD,1
64.46,GLIDE_APPROACH,30.47659784825067,30.517251707174577,0,72.624,0.0,1,0.9343202114105225,2.285594195384377,-0.28847002203735156,2.285594195384377,-0.28847002203735156,2.285594195384377,-0.28847002203735156,-0.8,76.51982879638672,0.06689034402370453,32.514617919921875,57.274274496629815,0.0008368267261901029,OFFBOARD,1
64.492,GLIDE_APPROACH,30.45409900855442,30.4885176456013,0,72.656,0.0,1,0.9413261413574219,2.2791801401643967,-0.29451447555110066,2.2791801401643967,-0.29451447555110066,2.2791801401643967,-0.29451447555110066,-0.8,76.57799530029297,0.07132351398468018,32.49510955810547,57.32227451150074,0.0008368267114650124,OFFBOARD,1
64.528,GLIDE_APPROACH,30.425121329626062,30.452786441036892,0,72.692,0.0,1,0.9413261413574219,2.271021839624793,-0.30155671791161975,2.271021839624793,-0.30155671791161975,2.271021839624793,-0.30155671791161975,-0.8,76.65541076660156,0.07706921547651291,32.46902847290039,57.376274544589656,0.0008368266941045817,OFFBOARD,1
64.56,GLIDE_APPROACH,30.4053471302978,30.428112162265055,0,72.724,0.0,1,0.9413261413574219,2.2651018136594105,-0.30615092913898234,2.2651018136594105,-0.30615092913898234,2.2651018136594105,-0.30615092913898234,-0.8,76.75186920166016,0.0839894488453865,32.43646240234375,57.42427457458188,0.0008368266793794912,OFFBOARD,1
64.592,GLIDE_APPROACH,30.381982572663492,30.39999770834556,0,72.756,0.0,1,0.9413261413574219,2.2593641484267195,-0.3113429261762394,2.2593641484267195,-0.3113429261762394,2.2593641484267195,-0.3113429261762394,-0.8,76.82881927490234,0.0893024131655693,32.41039276123047,57.47227461069673,0.0008368266646544006,OFFBOARD,1
64.628,GLIDE_APPROACH,30.355380065327623,30.368606581445068,0,72.792,0.0,1,0.9413261413574219,2.253571463733337,-0.316947809177877,2.253571463733337,-0.316947809177877,2.253571463733337,-0.316947809177877,-0.8,76.90556335449219,0.0944281592965126,32.38433074951172,57.52627464261961,0.0008368266488833776,OFFBOARD,1
64.66,GLIDE_APPROACH,30.328118627784008,30.33737425642565,0,72.824,0.0,1,0.9413261413574219,2.248760293009818,-0.32239205931167536,2.248760293009818,-0.32239205931167536,2.248760293009818,-0.32239205931167536,-0.8,76.98212432861328,0.09935150295495987,32.35823059082031,57.57427466464163,0.0008368266341582869,OFFBOARD,1
64.692,GLIDE_APPROACH,30.30724468285535,30.313412715918346,0,72.856,0.0,1,0.9413261413574219,2.2450217494275897,-0.326254951065326,2.2450217494275897,-0.326254951065326,2.2450217494275897,-0.326254951065326,-0.8,77.0584945678711,0.10408104956150055,32.33241271972656,57.622274674833626,0.0008368266194331962,OFFBOARD,1
64.728,GLIDE_APPROACH,30.279679198410555,30.28270337427213,0,72.892,0.0,1,0.9413261413574219,2.241207028289308,-0.3311016698869248,2.241207028289308,-0.3311016698869248,2.241207028289308,-0.3311016698869248,-0.8,77.13467407226562,0.10861143469810486,32.306636810302734,57.676274688511604,0.0008368266020727653,OFFBOARD,1
64.76,GLIDE_APPROACH,30.254872162519245,30.160738969486065,0,72.924,0.0,1,0.9413261413574219,2.238418614473014,-0.33516636498342267,2.238418614473014,-0.33516636498342267,2.238418614473014,-0.33516636498342267,-0.8,77.2295913696289,0.11399998515844345,32.27447509765625,57.72427470181556,0.0008368265873476746,OFFBOARD,1
64.792,GLIDE_APPROACH,30.229773602201575,30.228692443877218,0,72.956,0.0,1,0.9413261413574219,2.23620681931956,-0.3389964212565302,2.23620681931956,-0.3389964212565302,2.23620681931956,-0.3389964212565302,-0.8,77.3053207397461,0.11807721108198166,32.2486686706543,57.766274711905155,0.000836826575257924,OFFBOARD,1
64.828,GLIDE_APPROACH,30.197848790962468,30.195213351743885,0,72.992,0.0,1,0.9413261413574219,2.234303663588843,-0.34355113139475124,2.234303663588843,-0.34355113139475124,2.234303663588843,-0.34355113139475124,-0.8,77.38084411621094,0.12196529656648636,32.22281265258789,57.82627473881958,0.0008368265568515609,OFFBOARD,1
64.86,GLIDE_APPROACH,30.175439922484337,30.17209650919629,0,73.024,0.0,1,0.9413261413574219,2.2334277872959065,-0.346340421807086,2.2334277872959065,-0.346340421807086,2.2334277872959065,-0.346340421807086,-0.8,77.4752426147461,0.12655703723430634,32.19045639038086,57.868274755353646,0.0008368265431724027,OFFBOARD,1
64.892,GLIDE_APPROACH,30.149396424981628,30.145768476671027,0,73.056,0.0,1,0.9413261413574219,2.2330585495490665,-0.34925113609256886,2.2330585495490665,-0.34925113609256886,2.2330585495490665,-0.34925113609256886,-0.8,77.5513687133789,0.12996706366539001,32.164066314697266,57.92227474712182,0.0008368265274013798,OFFBOARD,1
64.928,GLIDE_APPROACH,30.119735722613754,30.116421813304523,0,73.092,0.0,1,0.9413261413574219,2.23341016762756,-0.35188193714407134,2.23341016762756,-0.35188193714407134,2.23341016762756,-0.35188193714407134,-0.8,77.60823059082031,0.13223876059055328,32.14435577392578,57.97627474934935,0.0008368265100409489,OFFBOARD,1
64.96,GLIDE_APPROACH,30.093040684576426,30.090571187931165,0,73.124,0.0,1,0.9413261413574219,2.234402354781775,-0.3536489137179658,2.234402354781775,-0.3536489137179658,2.234402354781775,-0.3536489137179658,-0.8,77.70255279541016,0.13548390567302704,32.11154556274414,58.02427475275318,0.0008368264953158582,OFFBOARD,1
64.992,GLIDE_APPROACH,30.066022290503742,30.06493458956981,0,73.156,0.0,1,0.9413261413574219,2.2360475529455606,-0.3548835742223838,2.2360475529455606,-0.3548835742223838,2.2360475529455606,-0.3548835742223838,-0.8,77.77765655517578,0.1375882476568222,32.0853271484375,58.072274751004926,0.0008368264805907679,OFFBOARD,1
65.028,GLIDE_APPROACH,30.031895459089917,30.033083518924535,0,73.192,0.0,1,0.9378608465194702,2.2487684461100166,-0.3620484336356703,2.2487684461100166,-0.3620484336356703,2.2487684461100166,-0.3620484336356703,-0.8,77.8524398803711,0.13926802575588226,32.059051513671875,58.120274745865906,0.0008368264658656771,OFFBOARD,1
65.06,GLIDE_APPROACH,30.00752305954185,30.011123780405615,0,73.224,0.0,1,0.9378608465194702,2.2516665835071175,-0.3620460199182496,2.2516665835071175,-0.3620460199182496,2.2516665835071175,-0.3620460199182496,-0.8,77.92691802978516,0.14053581655025482,32.03274917602539,58.16827474911504,0.0008368264511405866,OFFBOARD,1
65.092,GLIDE_APPROACH,29.9795015740899,29.98608998975759,0,73.256,0.0,1,0.9378608465194702,2.2552533591840067,-0.3617091509389823,2.2552533591840067,-0.3617091509389823,2.2552533591840067,-0.3617091509389823,-0.8,78.0010986328125,0.14140957593917847,32.00639724731445,58.21627474907467,0.0008368264364154958,OFFBOARD,1
65.128,GLIDE_APPROACH,29.944284978659777,29.95493706796496,0,73.292,0.0,1,0.9378608465194702,2.2601371968178654,-0.36074764102399715,2.2601371968178654,-0.36074764102399715,2.2601371968178654,-0.36074764102399715,-0.8,78.07500457763672,0.1419026255607605,31.979997634887695,58.27627474389752,0.0008368264180091327,OFFBOARD,1
65.16,GLIDE_APPROACH,29.918989004567695,29.933425661283437,0,73.324,0.0,1,0.9378608465194702,2.2646855444805705,-0.35949773551322145,2.2646855444805705,-0.35949773551322145,2.2646855444805705,-0.35949773551322145,-0.8,78.16705322265625,0.1419934332370758,31.94695281982422,58.318274740193864,0.0008368264059193825,OFFBOARD,1
65.196,GLIDE_APPROACH,29.890074939326148,29.908856484075315,0,73.36,0.0,1,0.9378608465194702,2.2699139750324684,-0.35780655343598633,2.2699139750324684,-0.35780655343598633,2.2699139750324684,-0.35780655343598633,-0.8,78.24044799804688,0.14167611300945282,31.920547485351562,58.378274756914905,0.0008368263875130192,OFFBOARD,1
65.228,GLIDE_APPROACH,29.853884640658862,29.878206302322223,0,73.392,0.0,1,0.9378608465194702,2.276587515180075,-0.355260943979848,2.276587515180075,-0.355260943979848,2.276587515180075,-0.355260943979848,-0.8,78.31365966796875,0.14103923738002777,31.894161224365234,58.42627477129616,0.0008368263727879285,OFFBOARD,1
65.264,GLIDE_APPROACH,29.82070274925151,29.77776789368129,0,73.428,0.0,1,0.9378608465194702,2.283568517130943,-0.3524038733903949,2.283568517130943,-0.3524038733903949,2.283568517130943,-0.3524038733903949,-0.8,78.38671112060547,0.14011377096176147,31.867727279663086,58.480274785273515,0.0008368263554274977,OFFBOARD,1
65.292,GLIDE_APPROACH,29.79801115104037,29.832714657746767,0,73.456,0.0,1,0.9378608465194702,2.2890859175081246,-0.3501629179102642,2.2890859175081246,-0.3501629179102642,2.2890859175081246,-0.3501629179102642,-0.8,78.45997619628906,0.13863787055015564,31.841196060180664,58.52227478715703,0.0008368263433377474,OFFBOARD,1
65.328,GLIDE_APPROACH,29.760945533473567,29.80235070909598,0,73.492,0.0,1,0.9378608465194702,2.2971610698758824,-0.34631679753986255,2.2971610698758824,-0.34631679753986255,2.2971610698758824,-0.34631679753986255,-0.8,78.53319549560547,0.1368509829044342,31.81458854675293,58.57627481557899,0.0008368263259773164,OFFBOARD,1
65.36,GLIDE_APPROACH,29.734055340175715,29.781294005136978,0,73.524,0.0,1,0.9378608465194702,2.304188255155772,-0.3431779186701952,2.304188255155772,-0.3431779186701952,2.304188255155772,-0.3431779186701952,-0.8,78.62449645996094,0.1343156099319458,31.78143882751465,58.6182748302645,0.000836826313887566,OFFBOARD,1
65.392,GLIDE_APPROACH,29.70026222643694,29.7539128279382,0,73.556,0.0,1,0.9378608465194702,2.311918287139389,-0.3389759683153361,2.311918287139389,-0.3389759683153361,2.311918287139389,-0.3389759683153361,-0.8,78.6974105834961,0.13203616440296173,31.755008697509766,58.66627486165165,0.0008368262991624756,OFFBOARD,1
65.428,GLIDE_APPROACH,29.669035939789538,29.729535052904758,0,73.592,0.0,1,0.9378608465194702,2.3201768726200633,-0.3345916383941733,2.3201768726200633,-0.3345916383941733,2.3201768726200633,-0.3345916383941733,-0.8,78.7704086303711,0.12940339744091034,31.728626251220703,58.72627490122673,0.0008368262807561124,OFFBOARD,1
65.46,GLIDE_APPROACH,29.63471940820966,29.701648893877305,0,73.624,0.0,1,0.9378608465194702,2.327935982976986,-0.32939241091151766,2.327935982976986,-0.32939241091151766,2.327935982976986,-0.32939241091151766,-0.8,78.84355926513672,0.12642699480056763,31.70229148864746,58.76827492552641,0.0008368262670769542,OFFBOARD,1
65.496,GLIDE_APPROACH,29.603513094110376,29.676702651050622,0,73.66,0.0,1,0.9378608465194702,2.3354894766360603,-0.32426945332580653,2.3354894766360603,-0.32426945332580653,2.3354894766360603,-0.32426945332580653,-0.8,78.9168472290039,0.1231268048286438,31.676090240478516,58.82827493375093,0.000836826248670591,OFFBOARD,1
65.528,GLIDE_APPROACH,29.571499427001196,29.651618268397733,0,73.692,0.0,1,0.9378608465194702,2.3438459173476978,-0.318683362864922,2.3438459173476978,-0.318683362864922,2.3438459173476978,-0.318683362864922,-0.8,78.99029541015625,0.11950819194316864,31.6498966217041,58.876274935863314,0.0008368262339455004,OFFBOARD,1
65.56,GLIDE_APPROACH,29.536491354134345,29.62291836060562,0,73.724,0.0,1,0.9378608465194702,2.3514669702359363,-0.3122237604692978,2.3514669702359363,-0.3122237604692978,2.3514669702359363,-0.3122237604692978,-0.8,79.08236694335938,0.11458232253789902,31.617279052734375,58.924274945852034,0.0008368262192204097,OFFBOARD,1
65.592,GLIDE_APPROACH,29.504658519437182,29.52336627778226,0,73.756,0.0,1,0.9377664923667908,2.354467123639615,-0.31044418160229714,2.354467123639615,-0.31044418160229714,2.354467123639615,-0.31044418160229714,-0.8,79.15621948242188,0.11034674197435379,31.59109878540039,58.96627495316238,0.0008368262071306593,OFFBOARD,1
65.632,GLIDE_APPROACH,29.46866402670466,29.568108020604644,0,73.796,0.0,1,0.9377664923667908,2.3627459757619516,-0.3031961430760624,2.3627459757619516,-0.3031961430760624,2.3627459757619516,-0.3031961430760624,-0.8,79.23023986816406,0.10586763918399811,31.564855575561523,59.032274995381236,0.0008368261860889558,OFFBOARD,1
65.66,GLIDE_APPROACH,29.43990108655826,29.545352198422925,0,73.824,0.0,1,0.9377664923667908,2.3700025348895606,-0.2972424631665741,2.3700025348895606,-0.2972424631665741,2.3700025348895606,-0.2972424631665741,-0.8,79.30441284179688,0.10117901116609573,31.5385799407959,59.06827501895143,0.000836826175045138,OFFBOARD,1
65.692,GLIDE_APPROACH,29.40766580053783,29.519044484563654,0,73.856,0.0,1,0.9377664923667908,2.377165098796002,-0.29035637883946186,2.377165098796002,-0.29035637883946186,2.377165098796002,-0.29035637883946186,-0.8,79.3792495727539,0.0963519886136055,31.512380599975586,59.116275043557835,0.0008368261603200474,OFFBOARD,1
65.728,GLIDE_APPROACH,29.371301311610623,29.489212207921458,0,73.892,0.0,1,0.9377664923667908,2.3850561200551237,-0.28238524628218364,2.3850561200551237,-0.28238524628218364,2.3850561200551237,-0.28238524628218364,-0.8,79.45419311523438,0.09134801477193832,31.486202239990234,59.17627506527917,0.0008368261419136843,OFFBOARD,1
65.76,GLIDE_APPROACH,29.335547697505454,29.459042172165102,0,73.924,0.0,1,0.9377664923667908,2.391815605977434,-0.27431322436906314,2.391815605977434,-0.27431322436906314,2.391815605977434,-0.27431322436906314,-0.8,79.54800415039062,0.0848909318447113,31.453462600708008,59.22427508901095,0.0008368261271885936,OFFBOARD,1
65.792,GLIDE_APPROACH,29.303121755411524,29.432112760799196,0,73.956,0.0,1,0.9377664923667908,2.3984569621928817,-0.26689944396233484,2.3984569621928817,-0.26689944396233484,2.3984569621928817,-0.26689944396233484,-0.8,79.6231918334961,0.07959400862455368,31.42728042602539,59.27227511882118,0.000836826112463503,OFFBOARD,1
65.828,GLIDE_APPROACH,29.269979235521454,29.40509768468774,0,73.992,0.0,1,0.9377664923667908,2.405862582446176,-0.25926591392583426,2.405862582446176,-0.25926591392583426,2.405862582446176,-0.25926591392583426,-0.8,79.69849395751953,0.07418470829725266,31.401159286499023,59.32627514379029,0.00083682609669248,OFFBOARD,1
65.86,GLIDE_APPROACH,29.237518388162446,29.37780520068457,0,74.024,0.0,1,0.9377664923667908,2.412107862676725,-0.25164098720168365,2.412107862676725,-0.25164098720168365,2.412107862676725,-0.25164098720168365,-0.8,79.77392578125,0.0686630979180336,31.3751163482666,59.374275159809486,0.0008368260819673896,OFFBOARD,1
65.892,GLIDE_APPROACH,29.205169184378875,29.35035388423645,0,74.056,0.0,1,0.9377664923667908,2.418035592280218,-0.2438733227783569,2.418035592280218,-0.2438733227783569,2.418035592280218,-0.2438733227783569,-0.8,79.85065460205078,0.0632985532283783,31.349132537841797,59.42227516419109,0.0008368260672422991,OFFBOARD,1
65.928,GLIDE_APPROACH,29.169085542397326,29.319314328060713,0,74.092,0.0,1,0.9377664923667908,2.4241406756985544,-0.23488622394452408,2.4241406756985544,-0.23488622394452408,2.4241406756985544,-0.23488622394452408,-0.8,79.92774200439453,0.05782303214073181,31.32339859008789,59.47627517157774,0.0008368260498818682,OFFBOARD,1
65.96,GLIDE_APPROACH,29.133978529818222,29.28801394415195,0,74.124,0.0,1,0.9377664923667908,2.428755634273791,-0.2257729920268829,2.428755634273791,-0.2257729920268829,2.428755634273791,-0.2257729920268829,-0.8,80.02406311035156,0.05072136968374252,31.291515350341797,59.52427517952305,0.0008368260351567777,OFFBOARD,1
65.992,GLIDE_APPROACH,29.105635561722885,29.186661260207234,0,74.156,0.0,1,0.9377664923667908,2.4336728091900883,-0.21836454029423819,2.4336728091900883,-0.21836454029423819,2.4336728091900883,-0.21836454029423819,-0.8,80.10110473632812,0.044850751757621765,31.26614761352539,59.57227519513149,0.0008368260204316873,OFFBOARD,1
66.028,GLIDE_APPROACH,29.06697602039918,29.22864334815953,0,74.192,0.0,1,0.9377664923667908,2.4380106447684797,-0.20787140176332405,2.4380106447684797,-0.20787140176332405,2.4380106447684797,-0.20787140176332405,-0.8,80.1781005859375,0.03883352875709534,31.240768432617188,59.626275205906545,0.0008368260046606645,OFFBOARD,1
66.06,GLIDE_APPROACH,29.038919322701968,29.204133614432138,0,74.224,0.0,1,0.9377664923667908,2.4422996352375845,-0.2002608784601149,2.4422996352375845,-0.2002608784601149,2.4422996352375845,-0.2002608784601149,-0.8,80.25509643554688,0.03269975632429123,31.21548843383789,59.67427521075083,0.0008368259899355739,OFFBOARD,1
66.092,GLIDE_APPROACH,29.004458244818753,29.17225947383506,0,74.256,0.0,1,0.9377664923667908,2.445447882753779,-0.1906439088134776,2.445447882753779,-0.1906439088134776,2.445447882753779,-0.1906439088134776,-0.8,80.33211517333984,0.02649790234863758,31.190364837646484,59.72227520518876,0.0008368259752104832,OFFBOARD,1
66.128,GLIDE_APPROACH,28.972764432260746,29.14398194287678,0,74.292,0.0,1,0.9377664923667908,2.449585671097221,-0.18185985170197216,2.449585671097221,-0.18185985170197216,2.449585671097221,-0.18185985170197216,-0.8,80.40914916992188,0.020237550139427185,31.16521644592285,59.77627520064867,0.0008368259578500527,OFFBOARD,1
66.16,GLIDE_APPROACH,28.941826783483524,29.115482947215224,0,74.324,0.0,1,0.9377664923667908,2.452551851044419,-0.17317121383169543,2.452551851044419,-0.17317121383169543,2.452551851044419,-0.17317121383169543,-0.8,80.5054931640625,0.012373292818665504,31.13373565673828,59.82427519858029,0.0008368259431249619,OFFBOARD,1
66.192,GLIDE_APPROACH,28.90775765022368,29.08317502010858,0,74.356,0.0,1,0.9377664923667908,2.454702737296077,-0.1635187499530488,2.454702737296077,-0.1635187499530488,2.454702737296077,-0.1635187499530488,-0.8,80.58261108398438,0.006072407588362694,31.108434677124023,59.87227520516292,0.0008368259283998712,OFFBOARD,1
66.228,GLIDE_APPROACH,28.87655577837121,29.054512164254984,0,74.392,0.0,1,0.9395534992218018,2.4644441129224517,-0.16102850418897474,2.4644441129224517,-0.16102850418897474,2.4644441129224517,-0.16102850418897474,-0.8,80.65978240966797,-0.00021449259656947106,31.083084106445312,59.932275224740216,0.000836825909993508,OFFBOARD,1
66.264,GLIDE_APPROACH,28.84609069660015,29.025628052203416,0,74.428,0.0,1,0.9395534992218018,2.466370279999386,-0.15244664879546377,2.466370279999386,-0.15244664879546377,2.466370279999386,-0.15244664879546377,-0.8,80.73698425292969,-0.006465553771704435,31.057722091674805,59.98027524861032,0.0008368258952684176,OFFBOARD,1
66.292,GLIDE_APPROACH,28.815805470767536,28.99662295071269,0,74.456,0.0,1,0.9395534992218018,2.4679369211432083,-0.14393424761179807,2.4679369211432083,-0.14393424761179807,2.4679369211432083,-0.14393424761179807,-0.8,80.8153305053711,-0.012488623149693012,31.031888961791992,60.02227526714414,0.0008368258831786672,OFFBOARD,1
66.328,GLIDE_APPROACH,28.77869314660193,28.9600995079522,0,74.492,0.0,1,0.9395534992218018,2.468669229136116,-0.13351713700895526,2.468669229136116,-0.13351713700895526,2.468669229136116,-0.13351713700895526,-0.8,80.89366149902344,-0.018481332808732986,31.006141662597656,60.07027529682821,0.0008368258684535768,OFFBOARD,1
66.36,GLIDE_APPROACH,28.748845883675298,28.930827952165867,0,74.524,0.0,1,0.9395534992218018,2.4693813183845457,-0.1252080035139135,2.4693813183845457,-0.1252080035139135,2.4693813183845457,-0.1252080035139135,-0.8,80.99152374267578,-0.025898830965161324,30.973968505859375,60.12427532512802,0.000836825851093146,OFFBOARD,1
66.392,GLIDE_APPROACH,28.71913334700196,28.901526504638976,0,74.556,0.0,1,0.9395534992218018,2.469893963799267,-0.11707336849012484,2.469893963799267,-0.11707336849012484,2.469893963799267,-0.11707336849012484,-0.8,81.06977081298828,-0.03175712376832962,30.948219299316406,60.17227534623478,0.0008368258363680555,OFFBOARD,1
66.428,GLIDE_APPROACH,28.689124711469397,28.87236323400858,0,74.592,0.0,1,0.9395534992218018,2.4709251660205127,-0.10906869563366865,2.4709251660205127,-0.10906869563366865,2.4709251660205127,-0.10906869563366865,-0.8,81.14788818359375,-0.037445053458213806,30.922380447387695,60.22627536195929,0.0008368258205970325,OFFBOARD,1
66.46,GLIDE_APPROACH,28.656301604095646,28.839388534650766,0,74.624,0.0,1,0.9395534992218018,2.470762813654294,-0.10057350894148073,2.470762813654294,-0.10057350894148073,2.470762813654294,-0.10057350894148073,-0.8,81.22587585449219,-0.04293731600046158,30.89645004272461,60.27427537068846,0.0008368258058719422,OFFBOARD,1
66.492,GLIDE_APPROACH,28.630319812270162,28.813953695093005,0,74.656,0.0,1,0.9395534992218018,2.471429857199693,-0.09399187657159574,2.471429857199693,-0.09399187657159574,2.471429857199693,-0.09399187657159574,-0.8,81.30375671386719,-0.048227835446596146,30.870529174804688,60.31627537709865,0.000836825792192784,OFFBOARD,1
66.528,GLIDE_APPROACH,28.597577306126894,28.781164614441842,0,74.692,0.0,1,0.9395534992218018,2.4713854143625134,-0.08594018409331028,2.4713854143625134,-0.08594018409331028,2.4713854143625134,-0.08594018409331028,-0.8,81.3814926147461,-0.053290460258722305,30.844526290893555,60.37627536180492,0.0008368257737864208,OFFBOARD,1
66.56,GLIDE_APPROACH,28.56536170081984,28.748316594423986,0,74.724,0.0,1,0.9395534992218018,2.4706321134191014,-0.07830263623897965,2.4706321134191014,-0.07830263623897965,2.4706321134191014,-0.07830263623897965,-0.8,81.4784927368164,-0.05931591987609863,30.81196403503418,60.41827533609324,0.0008368257616966704,OFFBOARD,1
66.592,GLIDE_APPROACH,28.540130607856298,28.72297117924184,0,74.756,0.0,1,0.9395534992218018,2.470501447995304,-0.07238666461631027,2.470501447995304,-0.07238666461631027,2.470501447995304,-0.07238666461631027,-0.8,81.5560073852539,-0.06391286849975586,30.7858829498291,60.472275328046756,0.0008368257443362396,OFFBOARD,1
66.628,GLIDE_APPROACH,28.504927891010784,28.686545333877124,0,74.792,0.0,1,0.9395534992218018,2.46904412850218,-0.06450844874925175,2.46904412850218,-0.06450844874925175,2.46904412850218,-0.06450844874925175,-0.8,81.6334457397461,-0.06829355657100677,30.759798049926758,60.52627530935632,0.0008368257285652164,OFFBOARD,1
66.66,GLIDE_APPROACH,28.48029866042343,28.66123164269392,0,74.824,0.0,1,0.9395534992218018,2.468222285301483,-0.05903501935270068,2.468222285301483,-0.05903501935270068,2.468222285301483,-0.05903501935270068,-0.8,81.71077728271484,-0.07245803624391556,30.733705520629883,60.57427529097347,0.000836825713840126,OFFBOARD,1
66.696,GLIDE_APPROACH,28.449152441866293,28.628563815853706,0,74.86,0.0,1,0.9395534992218018,2.4663993248730662,-0.05239772996177224,2.4663993248730662,-0.05239772996177224,2.4663993248730662,-0.05239772996177224,-0.8,81.78858184814453,-0.07703159004449844,30.70726776123047,60.62227526472243,0.0008368256991150354,OFFBOARD,1
66.728,GLIDE_APPROACH,28.42177812316828,28.599528803592122,0,74.892,0.0,1,0.9395534992218018,2.4644083496733846,-0.04674559795593504,2.4644083496733846,-0.04674559795593504,2.4644083496733846,-0.04674559795593504,-0.8,81.86649322509766,-0.08156836777925491,30.680633544921875,60.67027523519013,0.0008368256843899448,OFFBOARD,1
66.76,GLIDE_APPROACH,28.39132994819491,28.566761549697144,0,74.924,0.0,1,0.9379323124885559,2.464408247814275,-0.043580476970173386,2.464408247814275,-0.043580476970173386,2.464408247814275,-0.043580476970173386,-0.8,81.9637451171875,-0.08689402788877487,30.647470474243164,60.724275222006554,0.0008368256670295138,OFFBOARD,1
66.804,GLIDE_APPROACH,28.36792635587804,28.46382579600444,0,74.968,0.0,1,0.9379323124885559,2.462124130473276,-0.038943953445135786,2.462124130473276,-0.038943953445135786,2.462124130473276,-0.038943953445135786,-0.8,82.11907196044922,-0.09464246779680252,30.594587326049805,60.790275207503605,0.0008368256475772182,OFFBOARD,1
66.828,GLIDE_APPROACH,28.33817303833577,28.50878164280447,0,74.992,0.0,1,0.9379323124885559,2.4586164947859874,-0.03337442835077842,2.4586164947859874,-0.03337442835077842,2.4586164947859874,-0.03337442835077842,-0.8,82.11907196044922,-0.09464246779680252,30.594587326049805,60.826275211590676,0.0008368256365334002,OFFBOARD,1
66.86,GLIDE_APPROACH,28.308692362243118,28.476000592191653,0,75.024,0.0,1,0.9379323124885559,2.454654423807463,-0.028195124415019472,2.454654423807463,-0.028195124415019472,2.454654423807463,-0.028195124415019472,-0.8,82.19667053222656,-0.09817519783973694,30.568161010742188,60.874275223108576,0.0008368256218083096,OFFBOARD,1
66.892,GLIDE_APPROACH,28.286297881370153,28.37305321992137,0,75.056,0.0,1,0.9379323124885559,2.451044480398055,-0.02409487646847305,2.451044480398055,-0.02409487646847305,2.451044480398055,-0.02409487646847305,-0.8,82.27421569824219,-0.10149165987968445,30.54167366027832,60.91627523541726,0.0008368256081291514,OFFBOARD,1
66.928,GLIDE_APPROACH,28.254408441480127,28.41383921528975,0,75.092,0.0,1,0.9379323124885559,2.445196087608301,-0.018589572789545816,2.445196087608301,-0.018589572789545816,2.445196087608301,-0.018589572789545816,-0.8,82.35181427001953,-0.10470300912857056,30.51531982421875,60.97027522885719,0.0008368255923581285,OFFBOARD,1
66.96,GLIDE_APPROACH,28.23275894353315,28.388135223825135,0,75.124,0.0,1,0.9379323124885559,2.440328012359165,-0.01462233794479546,2.440328012359165,-0.01462233794479546,2.440328012359165,-0.01462233794479546,-0.8,82.44893646240234,-0.10859344154596329,30.482553482055664,61.01827523826619,0.0008368255776330381,OFFBOARD,1
66.992,GLIDE_APPROACH,28.204738805813108,28.35468036252469,0,75.156,0.0,1,0.9379323124885559,2.433806262119489,-0.009844885732402477,2.433806262119489,-0.009844885732402477,2.433806262119489,-0.009844885732402477,-0.8,82.52674865722656,-0.11161038279533386,30.45650863647461,61.072275266344484,0.0008368255602726074,OFFBOARD,1
67.028,GLIDE_APPROACH,28.17732612740851,28.321148047993415,0,75.192,0.0,1,0.9379323124885559,2.426458056892373,-0.005058348560618292,2.426458056892373,-0.005058348560618292,2.426458056892373,-0.005058348560618292,-0.8,82.60466766357422,-0.11454369872808456,30.430538177490234,61.12027529276194,0.0008368255455475167,OFFBOARD,1
67.06,GLIDE_APPROACH,28.156589570149915,28.295058455973557,0,75.224,0.0,1,0.9379323124885559,2.4200263233834303,-0.0013012066106969228,2.4200263233834303,-0.0013012066106969228,2.4200263233834303,-0.0013012066106969228,-0.8,82.68266296386719,-0.11738912016153336,30.404775619506836,61.17427532108599,0.0008368255297764936,OFFBOARD,1
67.092,GLIDE_APPROACH,28.132775206583432,28.26501935879295,0,75.256,0.0,1,0.9379323124885559,2.412551199448236,0.0027895662012718953,2.412551199448236,0.0027895662012718953,2.412551199448236,0.0027895662012718953,-0.8,82.76245880126953,-0.1202850267291069,30.377899169921875,61.21027533962641,0.0008368255187326757,OFFBOARD,1
67.128,GLIDE_APPROACH,28.10294961989893,28.227236973247713,0,75.292,0.0,1,0.9379323124885559,2.4030000315316977,0.007664991813123766,2.4030000315316977,0.007664991813123766,2.4030000315316977,0.007664991813123766,-0.8,82.84217834472656,-0.12307164072990417,30.351259231567383,61.276275372136666,0.000836825497690972,OFFBOARD,1
67.16,GLIDE_APPROACH,28.083017085368073,28.20089794277302,0,75.324,0.0,1,0.9379323124885559,2.3953031359318713,0.011165319071478316,2.3953031359318713,0.011165319071478316,2.3953031359318713,0.011165319071478316,-0.8,82.94169616699219,-0.12639321386814117,30.317840576171875,61.3242753953717,0.0008368254829658815,OFFBOARD,1
67.192,GLIDE_APPROACH,28.059997128546712,28.17062905160343,0,75.356,0.0,1,0.9379323124885559,2.3865978769919094,0.014946920376844655,2.3865978769919094,0.014946920376844655,2.3865978769919094,0.014946920376844655,-0.8,83.02120971679688,-0.12894070148468018,30.29115867614746,61.37227541027508,0.0008368254682407909,OFFBOARD,1
67.228,GLIDE_APPROACH,28.03439730700763,28.136538342517127,0,75.392,0.0,1,0.9379323124885559,2.3764011553913136,0.0190723904172084,2.3764011553913136,0.0190723904172084,2.3764011553913136,0.0190723904172084,-0.8,83.10066223144531,-0.13139007985591888,30.264677047729492,61.426275406574625,0.0008368254524697677,OFFBOARD,1
67.26,GLIDE_APPROACH,28.011894460884726,28.10622355827597,0,75.424,0.0,1,0.9379323124885559,2.3670237051706398,0.022621310601037718,2.3670237051706398,0.022621310601037718,2.3670237051706398,0.022621310601037718,-0.8,83.17998504638672,-0.13373517990112305,30.23829460144043,61.468275408543754,0.0008368254387906096,OFFBOARD,1
67.292,GLIDE_APPROACH,27.989617935884826,27.99670596560966,0,75.456,0.0,1,0.9379323124885559,2.357380814405465,0.02605581815601809,2.357380814405465,0.02605581815601809,2.357380814405465,0.02605581815601809,-0.8,83.25920104980469,-0.1359768956899643,30.212038040161133,61.52227538359728,0.0008368254230195866,OFFBOARD,1
67.328,GLIDE_APPROACH,27.964806846776476,28.041854795045097,0,75.492,0.0,1,0.9487206339836121,2.3368233448648983,0.032591096705763836,2.3368233448648983,0.032591096705763836,2.3368233448648983,0.032591096705763836,-0.8,83.33831024169922,-0.13810840249061584,30.185863494873047,61.57627537172458,0.0008368254056591557,OFFBOARD,1
67.36,GLIDE_APPROACH,27.942955977676988,28.011623779328236,0,75.524,0.0,1,0.9487206339836121,2.3267641874681866,0.03577141711696895,2.3267641874681866,0.03577141711696895,2.3267641874681866,0.03577141711696895,-0.8,83.43704986572266,-0.14061520993709564,30.153223037719727,61.62427536433107,0.0008368253909340651,OFFBOARD,1
67.392,GLIDE_APPROACH,27.921120769147564,27.98153922394119,0,75.556,0.0,1,0.9487206339836121,2.3168542331829207,0.03868588656745933,2.3168542331829207,0.03868588656745933,2.3168542331829207,0.03868588656745933,-0.8,83.51586151123047,-0.14244429767131805,30.127239227294922,61.67227535325948,0.0008368253762089744,OFFBOARD,1
67.428,GLIDE_APPROACH,27.893030581077937,27.944150654932713,0,75.592,0.0,1,0.9487206339836121,2.3056924844472424,0.04169385206419064,2.3056924844472424,0.04169385206419064,2.3056924844472424,0.04169385206419064,-0.8,83.59440612792969,-0.14395664632320404,30.101192474365234,61.72027533434654,0.0008368253614838839,OFFBOARD,1
67.46,GLIDE_APPROACH,27.874375926018494,27.918383031990455,0,75.624,0.0,1,0.9487206339836121,2.297151874292091,0.043634057565362136,2.297151874292091,0.043634057565362136,2.297151874292091,0.043634057565362136,-0.8,83.69253540039062,-0.14546442031860352,30.068389892578125,61.774275296527996,0.0008368253457128609,OFFBOARD,1
67.492,GLIDE_APPROACH,27.85229954539018,27.829546907257715,0,75.656,0.0,1,0.9487206339836121,2.2884438049660347,0.04538973749395883,2.2884438049660347,0.04538973749395883,2.2884438049660347,0.04538973749395883,-0.8,83.75204467773438,-0.1463131606578827,30.048328399658203,61.82227526272042,0.0008368253309877704,OFFBOARD,1
67.528,GLIDE_APPROACH,27.827466332897345,27.856373600281067,0,75.692,0.0,1,0.9487206339836121,2.27901968797329,0.046947930342068275,2.27901968797329,0.046947930342068275,2.27901968797329,0.046947930342068275,-0.8,83.83102416992188,-0.14714279770851135,30.021495819091797,61.8702752287121,0.0008368253162626799,OFFBOARD,1
67.564,GLIDE_APPROACH,27.801984320887243,27.823927983521866,0,75.728,0.0,1,0.9487206339836121,2.2706607424096132,0.047983122973399586,2.2706607424096132,0.047983122973399586,2.2706607424096132,0.047983122973399586,-0.8,83.92915344238281,-0.14769116044044495,29.987943649291992,61.93027520034548,0.0008368252978563167,OFFBOARD,1
67.592,GLIDE_APPROACH,27.783406713665237,27.79911729595795,0,75.756,0.0,1,0.9487206339836121,2.2631788966502913,0.04870829252128135,2.2631788966502913,0.04870829252128135,2.2631788966502913,0.04870829252128135,-0.8,84.0072250366211,-0.14777137339115143,29.96111297607422,61.96627518122187,0.0008368252868124989,OFFBOARD,1
67.628,GLIDE_APPROACH,27.758682048701267,27.76738707067529,0,75.792,0.0,1,0.9487206339836121,2.2547710904328238,0.049183777259410935,2.2547710904328238,0.049183777259410935,2.2547710904328238,0.049183777259410935,-0.8,84.08491516113281,-0.14756330847740173,29.9343318939209,62.02627514946736,0.0008368252684061359,OFFBOARD,1
67.66,GLIDE_APPROACH,27.733293782005358,27.735891560123687,0,75.824,0.0,1,0.9487206339836121,2.247442523845719,0.049221683849074965,2.247442523845719,0.049221683849074965,2.247442523845719,0.049221683849074965,-0.8,84.1622085571289,-0.14708712697029114,29.90757179260254,62.0742751367463,0.0008368252536810454,OFFBOARD,1
67.692,GLIDE_APPROACH,27.71135101252717,27.70827208380943,0,75.856,0.0,1,0.9487206339836121,2.2406310259025632,0.04909593732892871,2.2406310259025632,0.04909593732892871,2.2406310259025632,0.04909593732892871,-0.8,84.23915100097656,-0.14636263251304626,29.880876541137695,62.12227513489929,0.0008368252389559548,OFFBOARD,1
67.728,GLIDE_APPROACH,27.686654388711997,27.677512324253424,0,75.892,0.0,1,0.9487206339836121,2.233356498263242,0.048693005876380605,2.233356498263242,0.048693005876380605,2.233356498263242,0.048693005876380605,-0.8,84.31573486328125,-0.1454022377729416,29.854293823242188,62.17627515256573,0.0008368252215955239,OFFBOARD,1
67.76,GLIDE_APPROACH,27.668105435704376,27.653918175623534,0,75.924,0.0,1,0.9487206339836121,2.227303449577869,0.048310311723601604,2.227303449577869,0.048310311723601604,2.227303449577869,0.048310311723601604,-0.8,84.41099548339844,-0.14391417801380157,29.821178436279297,62.224275171088344,0.0008368252068704331,OFFBOARD,1
67.792,GLIDE_APPROACH,27.646078554431533,27.627066727825508,0,75.956,0.0,1,0.9487206339836121,2.221519857807554,0.047578732897990375,2.221519857807554,0.047578732897990375,2.221519857807554,0.047578732897990375,-0.8,84.48683166503906,-0.1425115168094635,29.794818878173828,62.27227519756911,0.0008368251921453426,OFFBOARD,1
67.828,GLIDE_APPROACH,27.621223424366736,27.597151770221945,0,75.992,0.0,1,0.9487206339836121,2.2154508135806887,0.046553939464263436,2.2154508135806887,0.046553939464263436,2.2154508135806887,0.046553939464263436,-0.8,84.56234741210938,-0.14093329012393951,29.76849365234375,62.3262752282915,0.0008368251763743198,OFFBOARD,1
67.868,GLIDE_APPROACH,27.599042937659334,27.494205949830132,0,76.032,0.0,1,0.9487206339836121,2.210462860520612,0.045478199495077545,2.210462860520612,0.045478199495077545,2.210462860520612,0.045478199495077545,-0.8,84.71414947509766,-0.13797394931316376,29.715063095092773,62.38627527731288,0.0008368251579679566,OFFBOARD,1
67.896,GLIDE_APPROACH,27.570943898727617,27.53794636279004,0,76.06,0.0,1,0.9487206339836121,2.204746290679742,0.043757111701087134,2.204746290679742,0.043757111701087134,2.204746290679742,0.043757111701087134,-0.8,84.71414947509766,-0.13797394931316376,29.715063095092773,62.42827531095014,0.0008368251442887985,OFFBOARD,1
67.928,GLIDE_APPROACH,27.549370604480416,27.511770839529046,0,76.092,0.0,1,0.9459010362625122,2.1992236107531156,0.042851086591699374,2.1992236107531156,0.042851086591699374,2.1992236107531156,0.042851086591699374,-0.8,84.79106903076172,-0.13672636449337006,29.688081741333008,62.470275325954184,0.0008368251321990481,OFFBOARD,1
67.96,GLIDE_APPROACH,27.528054127840537,27.485623731850378,0,76.124,0.0,1,0.9459010362625122,2.1934350226734862,0.04111092929503745,2.1934350226734862,0.04111092929503745,2.1934350226734862,0.04111092929503745,-0.8,84.88693237304688,-0.13481321930885315,29.65511703491211,62.5242753696346,0.0008368251148386173,OFFBOARD,1
67.996,GLIDE_APPROACH,27.506891753705922,27.38306411493385,0,76.16,0.0,1,0.9459010362625122,2.187490704274622,0.03916212687990105,2.187490704274622,0.03916212687990105,2.187490704274622,0.03916212687990105,-0.8,84.96337127685547,-0.13301102817058563,29.629268646240234,62.578275405496996,0.0008368250990675942,OFFBOARD,1
68.028,GLIDE_APPROACH,27.486346108789686,27.433535383156304,0,76.192,0.0,1,0.9459010362625122,2.180987787726151,0.03711419646688741,2.180987787726151,0.03711419646688741,2.180987787726151,0.03711419646688741,-0.8,85.03961944580078,-0.13099387288093567,29.603736877441406,62.62627544221875,0.0008368250843425038,OFFBOARD,1
68.06,GLIDE_APPROACH,27.462011127195293,27.404149326181635,0,76.224,0.0,1,0.9459010362625122,2.1749322546311993,0.034346349407924796,2.1749322546311993,0.034346349407924796,2.1749322546311993,0.034346349407924796,-0.8,85.11569213867188,-0.12877383828163147,29.57845115661621,62.66827547154097,0.0008368250706633455,OFFBOARD,1
68.092,GLIDE_APPROACH,27.440781668783874,27.378193711243988,0,76.256,0.0,1,0.9459010362625122,2.169266004238888,0.031781829396311766,2.169266004238888,0.031781829396311766,2.169266004238888,0.031781829396311766,-0.8,85.19159698486328,-0.12635357677936554,29.553356170654297,62.722275478306685,0.0008368250548923223,OFFBOARD,1
68.128,GLIDE_APPROACH,27.41673197194661,27.349092703364423,0,76.292,0.0,1,0.9459010362625122,2.16320705750432,0.028688744238333473,2.16320705750432,0.028688744238333473,2.16320705750432,0.028688744238333473,-0.8,85.26729583740234,-0.12373795360326767,29.52836799621582,62.776275493996366,0.0008368250375318917,OFFBOARD,1
68.16,GLIDE_APPROACH,27.395171515568734,27.32332997927269,0,76.324,0.0,1,0.9459010362625122,2.15817419162366,0.025769266542014523,2.15817419162366,0.025769266542014523,2.15817419162366,0.025769266542014523,-0.8,85.36165618896484,-0.12022172659635544,29.4974308013916,62.82427550898753,0.0008368250228068013,OFFBOARD,1
68.192,GLIDE_APPROACH,27.373413031393376,27.29768012436829,0,76.356,0.0,1,0.9459010362625122,2.1535105223607083,0.022704350581404277,2.1535105223607083,0.022704350581404277,2.1535105223607083,0.022704350581404277,-0.8,85.43692016601562,-0.11723243445158005,29.47273826599121,62.86027552505353,0.0008368250117629832,OFFBOARD,1
68.228,GLIDE_APPROACH,27.348666630418244,27.268973308026467,0,76.392,0.0,1,0.9459010362625122,2.1487647634923475,0.0191000645919431,2.1487647634923475,0.0191000645919431,2.1487647634923475,0.0191000645919431,-0.8,85.5119857788086,-0.11407925933599472,29.44805335998535,62.92627555713987,0.0008368249923106875,OFFBOARD,1
68.26,GLIDE_APPROACH,27.329564444259905,27.246871440360263,0,76.424,0.0,1,0.9459010362625122,2.1451699574201335,0.016302053921178436,2.1451699574201335,0.016302053921178436,2.1451699574201335,0.016302053921178436,-0.8,85.60572052001953,-0.1100042536854744,29.417146682739258,62.96827559543346,0.0008368249786315294,OFFBOARD,1
68.292,GLIDE_APPROACH,27.30389908828198,27.218367195135894,0,76.456,0.0,1,0.9459010362625122,2.1417692431207493,0.012346918597927484,2.1417692431207493,0.012346918597927484,2.1417692431207493,0.012346918597927484,-0.8,85.6811294555664,-0.10677163302898407,29.39230728149414,63.0222756169421,0.0008368249628605065,OFFBOARD,1
68.332,GLIDE_APPROACH,27.275380050169034,27.18703427952611,0,76.496,0.0,1,0.9459010362625122,2.13839912762849,0.007945264025201723,2.13839912762849,0.007945264025201723,2.13839912762849,0.007945264025201723,-0.8,85.75625610351562,-0.10341539233922958,29.367496490478516,63.07627564624619,0.0008368249455000757,OFFBOARD,1
68.36,GLIDE_APPROACH,27.25831016091103,27.168455131319536,0,76.524,0.0,1,0.9459010362625122,2.1365879369516843,0.005358316068117194,2.1365879369516843,0.005358316068117194,2.1365879369516843,0.005358316068117194,-0.8,85.83110046386719,-0.0999554768204689,29.342708587646484,63.11827566076163,0.0008368249334103254,OFFBOARD,1
68.396,GLIDE_APPROACH,27.234887492641533,27.143672580480004,0,76.56,0.0,1,0.9459010362625122,2.134960864017857,0.0017735115030651644,2.134960864017857,0.0017735115030651644,2.134960864017857,0.0017735115030651644,-0.8,85.90568542480469,-0.09641359001398087,29.31790542602539,63.17827570060571,0.0008368249150039624,OFFBOARD,1
68.428,GLIDE_APPROACH,27.208071455662644,27.115978535703757,0,76.592,0.0,1,0.9459010362625122,2.1339158444279485,-0.0021571233027060724,2.1339158444279485,-0.0021571233027060724,2.1339158444279485,-0.0021571233027060724,-0.8,85.97999572753906,-0.09288439899682999,29.29302978515625,63.22627573882985,0.000836824900278872,OFFBOARD,1
68.46,GLIDE_APPROACH,27.18382744117959,27.091524670036968,0,76.624,0.0,1,0.9459010362625122,2.133667622710268,-0.005546511519438392,2.133667622710268,-0.005546511519438392,2.133667622710268,-0.005546511519438392,-0.8,86.05403900146484,-0.08940509706735611,29.26811981201172,63.2682757831306,0.0008368248865997139,OFFBOARD,1
68.492,GLIDE_APPROACH,27.156014790915684,27.06408449874724,0,76.656,0.0,1,0.9459010362625122,2.134117781256021,-0.00933476270309978,2.134117781256021,-0.00933476270309978,2.134117781256021,-0.00933476270309978,-0.8,86.1278305053711,-0.08597799390554428,29.243144989013672,63.3222758113188,0.0008368248708286911,OFFBOARD,1
68.528,GLIDE_APPROACH,27.13108460435499,27.040053717676837,0,76.692,0.0,1,0.9459010362625122,2.1351957346993755,-0.012374152103402529,2.1351957346993755,-0.012374152103402529,2.1351957346993755,-0.012374152103402529,-0.8,86.20137786865234,-0.08262448757886887,29.218101501464844,63.37027583350263,0.0008368248561036006,OFFBOARD,1
68.56,GLIDE_APPROACH,27.105720247838562,27.016053651760213,0,76.724,0.0,1,0.9358830451965332,2.139616950267463,-0.00946068951955717,2.139616950267463,-0.00946068951955717,2.139616950267463,-0.00946068951955717,-0.8,86.2929916381836,-0.07855233550071716,29.18671989440918,63.4242758718724,0.0008368248387431697,OFFBOARD,1
68.592,GLIDE_APPROACH,27.07681985015278,26.98910371365509,0,76.756,0.0,1,0.9358830451965332,2.1419598926711143,-0.012823036069191749,2.1419598926711143,-0.012823036069191749,2.1419598926711143,-0.012823036069191749,-0.8,86.36605834960938,-0.07539913803339005,29.161561965942383,63.47227590531845,0.000836824824018079,OFFBOARD,1
68.628,GLIDE_APPROACH,27.04753081362165,26.962422719617845,0,76.792,0.0,1,0.9358830451965332,2.1450914365977716,-0.01592569892027347,2.1450914365977716,-0.01592569892027347,2.1450914365977716,-0.01592569892027347,-0.8,86.43891906738281,-0.0723080039024353,29.13643455505371,63.52027594432728,0.0008368248092929883,OFFBOARD,1
68.66,GLIDE_APPROACH,27.024373188951877,26.941884297817605,0,76.824,0.0,1,0.9358830451965332,2.148235677087474,-0.018129504199096005,2.148235677087474,-0.018129504199096005,2.148235677087474,-0.018129504199096005,-0.8,86.51160430908203,-0.0692826509475708,29.1113338470459,63.568275988115296,0.0008368247945678978,OFFBOARD,1
68.696,GLIDE_APPROACH,26.99770054675655,26.826150354496036,0,76.86,0.0,1,0.9358830451965332,2.1520516652764123,-0.020665286966444298,2.1520516652764123,-0.020665286966444298,2.1520516652764123,-0.020665286966444298,-0.8,86.60384368896484,-0.06620096415281296,29.079172134399414,63.6222760348631,0.000836824778796875,OFFBOARD,1
68.728,GLIDE_APPROACH,26.964129803008916,26.889057165771977,0,76.892,0.0,1,0.9358830451965332,2.157136981402861,-0.023790618255698073,2.157136981402861,-0.023790618255698073,2.157136981402861,-0.023790618255698073,-0.8,86.65898132324219,-0.06439485400915146,29.05992317199707,63.67627609399372,0.0008368247614364442,OFFBOARD,1
68.76,GLIDE_APPROACH,26.940047078863977,26.868796375724994,0,76.924,0.0,1,0.9358830451965332,2.1617195704948466,-0.025699900149677997,2.1617195704948466,-0.025699900149677997,2.1617195704948466,-0.025699900149677997,-0.8,86.75054168701172,-0.06146302819252014,29.027912139892578,63.71827611404048,0.0008368247493466939,OFFBOARD,1
68.792,GLIDE_APPROACH,26.91248328754655,26.84559331647053,0,76.956,0.0,1,0.9358830451965332,2.1669524391219483,-0.027912250034361482,2.1669524391219483,-0.027912250034361482,2.1669524391219483,-0.027912250034361482,-0.8,86.82354736328125,-0.059185322374105453,29.002347946166992,63.76627613339666,0.0008368247346216033,OFFBOARD,1
68.828,GLIDE_APPROACH,26.881159943258375,26.819577175637548,0,76.992,0.0,1,0.9358830451965332,2.1733247334820174,-0.03028966120311396,2.1733247334820174,-0.03028966120311396,2.1733247334820174,-0.03028966120311396,-0.8,86.89635467529297,-0.05696527287364006,28.97678565979004,63.82027614810065,0.0008368247172611726,OFFBOARD,1
68.86,GLIDE_APPROACH,26.849848474349557,26.79352964490774,0,77.024,0.0,1,0.9358830451965332,2.179637566510872,-0.03266356526314173,2.179637566510872,-0.03266356526314173,2.179637566510872,-0.03266356526314173,-0.8,86.9689712524414,-0.05479838699102402,28.951292037963867,63.87427613528088,0.0008368247014901495,OFFBOARD,1
68.892,GLIDE_APPROACH,26.82461913102746,26.77359271336059,0,77.056,0.0,1,0.9358830451965332,2.185992446414539,-0.03431493366086491,2.185992446414539,-0.03431493366086491,2.185992446414539,-0.03431493366086491,-0.8,87.042724609375,-0.053292397409677505,28.925785064697266,63.92227613553566,0.0008368246867650587,OFFBOARD,1
68.932,GLIDE_APPROACH,26.788945193770157,26.65401719275148,0,77.096,0.0,1,0.9358830451965332,2.19466027352412,-0.0370351927976335,2.19466027352412,-0.0370351927976335,2.19466027352412,-0.0370351927976335,-0.8,87.20719909667969,-0.04949147626757622,28.86819839477539,63.98227613953948,0.0008368246683586954,OFFBOARD,1
68.96,GLIDE_APPROACH,26.76296861942542,26.725613967444083,0,77.124,0.0,1,0.9358830451965332,2.2023939445709946,-0.03882553925510143,2.2023939445709946,-0.03882553925510143,2.2023939445709946,-0.03882553925510143,-0.8,87.20719909667969,-0.04949147626757622,28.86819839477539,64.0242761429158,0.0008368246546795373,OFFBOARD,1
68.992,GLIDE_APPROACH,26.730216754391027,26.700479682037,0,77.156,0.0,1,0.9358830451965332,2.2115385048844534,-0.041451046877061894,2.2115385048844534,-0.041451046877061894,2.2115385048844534,-0.041451046877061894,-0.8,87.2796859741211,-0.047599971294403076,28.842336654663086,64.07227614363885,0.0008368246399544468,OFFBOARD,1
69.028,GLIDE_APPROACH,26.699957124254556,26.678544009703398,0,77.192,0.0,1,0.9358830451965332,2.2215263907288008,-0.043649061877749085,2.2215263907288008,-0.043649061877749085,2.2215263907288008,-0.043649061877749085,-0.8,87.35185241699219,-0.04561782628297806,28.81642723083496,64.12027614648062,0.0008368246252293563,OFFBOARD,1
69.064,GLIDE_APPROACH,26.67317929955849,26.569711623948304,0,77.228,0.0,1,0.9358830451965332,2.2308029795242517,-0.04560447801643322,2.2308029795242517,-0.04560447801643322,2.2308029795242517,-0.04560447801643322,-0.8,87.44164276123047,-0.04300308600068092,28.784067153930664,64.17427613038147,0.0008368246094583333,OFFBOARD,1
69.092,GLIDE_APPROACH,26.639697729945983,26.634926146151898,0,77.256,0.0,1,0.9358830451965332,2.2414935969027776,-0.048417179673984664,2.2414935969027776,-0.048417179673984664,2.2414935969027776,-0.048417179673984664,-0.8,87.49531555175781,-0.041380930691957474,28.764741897583008,64.22227611261958,0.0008368245947332427,OFFBOARD,1
69.128,GLIDE_APPROACH,26.602215003063993,26.60781025845888,0,77.292,0.0,1,0.9358830451965332,2.253932225036342,-0.05158676791854229,2.253932225036342,-0.05158676791854229,2.253932225036342,-0.05158676791854229,-0.8,87.566650390625,-0.039159178733825684,28.7391414642334,64.2762760974419,0.0008368245773728119,OFFBOARD,1
69.16,GLIDE_APPROACH,26.574854570720515,26.589103675748778,0,77.324,0.0,1,0.9358830451965332,2.2643120044772305,-0.05364910037193367,2.2643120044772305,-0.05364910037193367,2.2643120044772305,-0.05364910037193367,-0.8,87.655517578125,-0.036302272230386734,28.70720672607422,64.3182760805689,0.0008368245652830616,OFFBOARD,1
69.192,GLIDE_APPROACH,26.544097390640268,26.567659138913896,0,77.356,0.0,1,0.940879225730896,2.2760412659783404,-0.05302231015092549,2.2760412659783404,-0.05302231015092549,2.2760412659783404,-0.05302231015092549,-0.8,87.7264175415039,-0.03398356959223747,28.681699752807617,64.37227608716321,0.0008368245479226307,OFFBOARD,1
69.228,GLIDE_APPROACH,26.50933308939735,26.54358189393949,0,77.392,0.0,1,0.940879225730896,2.2888672703285495,-0.05584791600362811,2.2888672703285495,-0.05584791600362811,2.2888672703285495,-0.05584791600362811,-0.8,87.79719543457031,-0.03164778649806976,28.656288146972656,64.42027609178578,0.0008368245331975401,OFFBOARD,1
69.264,GLIDE_APPROACH,26.478302966900912,26.522195007419825,0,77.428,0.0,1,0.940879225730896,2.3004365814707644,-0.05836612662422498,2.3004365814707644,-0.05836612662422498,2.3004365814707644,-0.05836612662422498,-0.8,87.88548278808594,-0.02876473031938076,28.62436866760254,64.48027608524137,0.0008368245147911766,OFFBOARD,1
69.292,GLIDE_APPROACH,26.44716671086369,26.500797382637337,0,77.456,0.0,1,0.940879225730896,2.3121203155858976,-0.06088572910557921,2.3121203155858976,-0.06088572910557921,2.3121203155858976,-0.06088572910557921,-0.8,87.93827819824219,-0.027155552059412003,28.60485076904297,64.51627607435061,0.0008368245037473586,OFFBOARD,1
69.328,GLIDE_APPROACH,26.412031342430428,26.476684147192728,0,77.492,0.0,1,0.940879225730896,2.325339821021887,-0.06371783613743368,2.325339821021887,-0.06371783613743368,2.325339821021887,-0.06371783613743368,-0.8,88.00863647460938,-0.02498742565512657,28.578739166259766,64.57027604096777,0.0008368244879763357,OFFBOARD,1
69.36,GLIDE_APPROACH,26.380729126605857,26.45519024785257,0,77.524,0.0,1,0.940879225730896,2.3371067372348553,-0.06622942433560948,2.3371067372348553,-0.06622942433560948,2.3371067372348553,-0.06622942433560948,-0.8,88.0965805053711,-0.02227891981601715,28.546037673950195,64.6242760129981,0.0008368244706159051,OFFBOARD,1
69.392,GLIDE_APPROACH,26.352662450149328,26.43631264260797,0,77.556,0.0,1,0.940879225730896,2.348130834118829,-0.06838652077325949,2.348130834118829,-0.06838652077325949,2.348130834118829,-0.06838652077325949,-0.8,88.16702270507812,-0.02010216750204563,28.51979637145996,64.67227597439943,0.0008368244558908145,OFFBOARD,1
69.428,GLIDE_APPROACH,26.3143257842441,26.408583837834243,0,77.592,0.0,1,0.940879225730896,2.360855455272537,-0.07193984973047099,2.360855455272537,-0.07193984973047099,2.360855455272537,-0.07193984973047099,-0.8,88.23775482177734,-0.017843659967184067,28.493722915649414,64.72627591636598,0.0008368244401197916,OFFBOARD,1
69.464,GLIDE_APPROACH,26.283205687972373,26.386056130112447,0,77.628,0.0,1,0.940879225730896,2.371165890832524,-0.07487434300708161,2.371165890832524,-0.07487434300708161,2.371165890832524,-0.07487434300708161,-0.8,88.30884552001953,-0.015503582544624805,28.467939376831055,64.78027586725194,0.0008368244227593611,OFFBOARD,1
69.492,GLIDE_APPROACH,26.252168784028264,26.363129489346207,0,77.656,0.0,1,0.940879225730896,2.380893448612274,-0.07796654031684354,2.380893448612274,-0.07796654031684354,2.380893448612274,-0.07796654031684354,-0.8,88.38029479980469,-0.013064473867416382,28.44226837158203,64.81627582635623,0.000836824411715543,OFFBOARD,1
69.528,GLIDE_APPROACH,26.220523616529633,26.268085461211257,0,77.692,0.0,1,0.940879225730896,2.3909979122149325,-0.08110450575148594,2.3909979122149325,-0.08110450575148594,2.3909979122149325,-0.08110450575148594,-0.8,88.4521255493164,-0.010522951371967793,28.41663932800293,64.87627576104052,0.0008368243933091797,OFFBOARD,1
69.564,GLIDE_APPROACH,26.179469322180623,26.306955983800776,0,77.728,0.0,1,0.940879225730896,2.400707836609954,-0.08601806440506936,2.400707836609954,-0.08601806440506936,2.400707836609954,-0.08601806440506936,-0.8,88.54242706298828,-0.007222488988190889,28.384746551513672,64.930275709961,0.000836824377538157,OFFBOARD,1
69.592,GLIDE_APPROACH,26.15570975038636,26.288903181545535,0,77.756,0.0,1,0.940879225730896,2.407551114605526,-0.08857850651554044,2.407551114605526,-0.08857850651554044,2.407551114605526,-0.08857850651554044,-0.8,88.61510467529297,-0.004494783468544483,28.359323501586914,64.97227568206159,0.0008368243638589988,OFFBOARD,1
69.628,GLIDE_APPROACH,26.121192746519785,26.261255593952267,0,77.792,0.0,1,0.940879225730896,2.4157899876221003,-0.09270463924531452,2.4157899876221003,-0.09270463924531452,2.4157899876221003,-0.09270463924531452,-0.8,88.68814086914062,-0.0017105669248849154,28.333986282348633,65.02627562363558,0.0008368243480879758,OFFBOARD,1
69.66,GLIDE_APPROACH,26.087467798398862,26.233031902952973,0,77.824,0.0,1,0.940879225730896,2.4223822188187505,-0.09706736404083231,2.4223822188187505,-0.09706736404083231,2.4223822188187505,-0.09706736404083231,-0.8,88.77996063232422,0.0018456426914781332,28.302392959594727,65.07427557402158,0.0008368243333628852,OFFBOARD,1
69.692,GLIDE_APPROACH,26.060171527769715,26.210972400026524,0,77.856,0.0,1,0.940879225730896,2.4286589461819075,-0.1003442988009078,2.4286589461819075,-0.1003442988009078,2.4286589461819075,-0.1003442988009078,-0.8,88.83533477783203,0.004889873322099447,28.283931732177734,65.122275520732,0.0008368243186377945,OFFBOARD,1
69.728,GLIDE_APPROACH,26.02606892585268,26.18208518611981,0,77.892,0.0,1,0.940879225730896,2.4349035003084727,-0.1047754804373357,2.4349035003084727,-0.1047754804373357,2.4349035003084727,-0.1047754804373357,-0.8,88.9094467163086,0.008889993652701378,28.259302139282227,65.17627547226988,0.0008368243012773637,OFFBOARD,1
69.76,GLIDE_APPROACH,25.995902003749347,26.15606254639626,0,77.924,0.0,1,0.939324140548706,2.44764491758343,-0.10814983638027147,2.44764491758343,-0.10814983638027147,2.44764491758343,-0.10814983638027147,-0.8,89.00254821777344,0.013791875913739204,28.228578567504883,65.2242754377682,0.0008368242865522731,OFFBOARD,1
69.796,GLIDE_APPROACH,25.962139927135805,26.126414540148655,0,77.96,0.0,1,0.939324140548706,2.4525703620899693,-0.11269963658389319,2.4525703620899693,-0.11269963658389319,2.4525703620899693,-0.11269963658389319,-0.8,89.0773696899414,0.017627684399485588,28.203960418701172,65.27827540765821,0.0008368242707812501,OFFBOARD,1
69.828,GLIDE_APPROACH,25.932298599683993,26.099741285609188,0,77.992,0.0,1,0.939324140548706,2.456364462400339,-0.11677429473705266,2.456364462400339,-0.11677429473705266,2.456364462400339,-0.11677429473705266,-0.8,89.15245819091797,0.02139323577284813,28.1793212890625,65.32027540317486,0.000836824257102092,OFFBOARD,1
69.86,GLIDE_APPROACH,25.899482865446238,26.069272974660723,0,78.024,0.0,1,0.939324140548706,2.4591674251206923,-0.12148394624492624,2.4591674251206923,-0.12148394624492624,2.4591674251206923,-0.12148394624492624,-0.8,89.22782135009766,0.02508658543229103,28.15461540222168,65.36827538346517,0.0008368242423770015,OFFBOARD,1
69.892,GLIDE_APPROACH,25.873155646296325,26.045633876021995,0,78.056,0.0,1,0.939324140548706,2.4623793061902175,-0.12470327915787736,2.4623793061902175,-0.12470327915787736,2.4623793061902175,-0.12470327915787736,-0.8,89.30343627929688,0.02864861860871315,28.12983512878418,65.4222753463292,0.0008368242266059786,OFFBOARD,1
69.928,GLIDE_APPROACH,25.837090090221885,26.011538955778725,0,78.092,0.0,1,0.939324140548706,2.464735174047016,-0.12878198987614725,2.464735174047016,-0.12878198987614725,2.464735174047016,-0.12878198987614725,-0.8,89.37908935546875,0.03174208477139473,28.104995727539062,65.47627532495162,0.000836824209245548,OFFBOARD,1
69.96,GLIDE_APPROACH,25.81119642562522,25.98783488335005,0,78.124,0.0,1,0.939324140548706,2.467352197909837,-0.13090010964747145,2.467352197909837,-0.13090010964747145,2.467352197909837,-0.13090010964747145,-0.8,89.47361755371094,0.03482664376497269,28.073850631713867,65.51827530539059,0.0008368241971557977,OFFBOARD,1
69.996,GLIDE_APPROACH,25.782347254467435,25.960588017343305,0,78.16,0.0,1,0.939324140548706,2.4692685670100585,-0.13288691486534993,2.4692685670100585,-0.13288691486534993,2.4692685670100585,-0.13288691486534993,-0.8,89.5492172241211,0.03666931018233299,28.048908233642578,65.57827530378218,0.0008368241787494345,OFFBOARD,1
70.028,GLIDE_APPROACH,25.750123930395304,25.929899478373617,0,78.192,0.0,1,0.939324140548706,2.4711086631312735,-0.13442714022268593,2.4711086631312735,-0.13442714022268593,2.4711086631312735,-0.13442714022268593,-0.8,89.6247787475586,0.03796962648630142,28.023822784423828,65.62627530681816,0.000836824164024344,OFFBOARD,1
70.064,GLIDE_APPROACH,25.71853226786306,25.89905122186888,0,78.228,0.0,1,0.939324140548706,2.471997197443458,-0.13537231107515701,2.471997197443458,-0.13537231107515701,2.471997197443458,-0.13537231107515701,-0.8,89.7003402709961,0.03874629735946655,27.998502731323242,65.6802753110743,0.0008368241466639133,OFFBOARD,1
70.092,GLIDE_APPROACH,25.693500932114315,25.79824901426835,0,78.256,0.0,1,0.939324140548706,2.473437416613103,-0.13545968486098858,2.473437416613103,-0.13545968486098858,2.473437416613103,-0.13545968486098858,-0.8,89.7773208618164,0.0413057915866375,27.9733829498291,65.7282753161398,0.0008368241319388227,OFFBOARD,1
70.128,GLIDE_APPROACH,25.662062238693505,25.8443715465298,0,78.292,0.0,1,0.939324140548706,2.4741424189374506,-0.13516885322649175,2.4741424189374506,-0.13516885322649175,2.4741424189374506,-0.13516885322649175,-0.8,89.85419464111328,0.043229326605796814,27.948158264160156,65.77627532497478,0.000836824117213732,OFFBOARD,1
70.16,GLIDE_APPROACH,25.63438700906534,25.8168814768992,0,78.324,0.0,1,0.939324140548706,2.4743706159801895,-0.1344398323710455,2.4743706159801895,-0.1344398323710455,2.4743706159801895,-0.1344398323710455,-0.8,89.9501724243164,0.04479822888970375,27.91657257080078,65.82427532686373,0.0008368241024886415,OFFBOARD,1
70.192,GLIDE_APPROACH,25.606978034429588,25.789318569934146,0,78.356,0.0,1,0.939324140548706,2.474185989847803,-0.13330684616165306,2.474185989847803,-0.13330684616165306,2.474185989847803,-0.13330684616165306,-0.8,90.02691650390625,0.04543879255652428,27.891263961791992,65.86627532576085,0.000836824090398891,OFFBOARD,1
70.228,GLIDE_APPROACH,25.576476812500342,25.75821614053642,0,78.392,0.0,1,0.939324140548706,2.4734704104200933,-0.13159123405650242,2.4734704104200933,-0.13159123405650242,2.4734704104200933,-0.13159123405650242,-0.8,90.1036148071289,0.04558221995830536,27.86590003967285,65.9262753466868,0.0008368240719925277,OFFBOARD,1
70.26,GLIDE_APPROACH,25.54649200863391,25.631061243758065,0,78.424,0.0,1,0.9399663805961609,2.4807661935917698,-0.1354959158996123,2.4807661935917698,-0.1354959158996123,2.4807661935917698,-0.1354959158996123,-0.8,90.19944763183594,0.04510951042175293,27.834125518798828,65.97427537074475,0.0008368240572674372,OFFBOARD,1
70.292,GLIDE_APPROACH,25.51998317973408,25.69906765280132,0,78.456,0.0,1,0.9399663805961609,2.4791905431741483,-0.13326798999577422,2.4791905431741483,-0.13326798999577422,2.4791905431741483,-0.13326798999577422,-0.8,90.276123046875,0.04425113648176193,27.808624267578125,66.01627539328118,0.0008368240435882792,OFFBOARD,1
70.332,GLIDE_APPROACH,25.49052120878848,25.667665280964766,0,78.496,0.0,1,0.9399663805961609,2.476867017670445,-0.13042745783199725,2.476867017670445,-0.13042745783199725,2.476867017670445,-0.13042745783199725,-0.8,90.33362579345703,0.04335557296872139,27.78953742980957,66.08227540086173,0.0008368240241359834,OFFBOARD,1
70.36,GLIDE_APPROACH,25.467842438058135,25.54742647357559,0,78.524,0.0,1,0.9399663805961609,2.474836237901266,-0.12788414422844338,2.474836237901266,-0.12788414422844338,2.474836237901266,-0.12788414422844338,-0.8,90.42948150634766,0.04140735790133476,27.757890701293945,66.12427542517818,0.0008368240104568252,OFFBOARD,1
70.392,GLIDE_APPROACH,25.43912772691794,25.611766116112175,0,78.556,0.0,1,0.9399663805961609,2.471477388131974,-0.12479756023961486,2.471477388131974,-0.12479756023961486,2.471477388131974,-0.12479756023961486,-0.8,90.50611114501953,0.03952920436859131,27.732440948486328,66.17227545145347,0.0008368239957317346,OFFBOARD,1
70.428,GLIDE_APPROACH,25.41080146739982,25.580568879775925,0,78.592,0.0,1,0.9399663805961609,2.4680447240783328,-0.12169093295261563,2.4680447240783328,-0.12169093295261563,2.4680447240783328,-0.12169093295261563,-0.8,90.58257293701172,0.03757338225841522,27.706953048706055,66.2202754809328,0.0008368239810066443,OFFBOARD,1
70.46,GLIDE_APPROACH,25.38915999850421,25.556567674371248,0,78.624,0.0,1,0.9399663805961609,2.4652195692356957,-0.1192399995092778,2.4652195692356957,-0.1192399995092778,2.4652195692356957,-0.1192399995092778,-0.8,90.6588363647461,0.03558989241719246,27.68153190612793,66.27427549566009,0.0008368239652356212,OFFBOARD,1
70.492,GLIDE_APPROACH,25.361542489756737,25.525640716507088,0,78.656,0.0,1,0.9399663805961609,2.4612521189558856,-0.11644225474741979,2.4612521189558856,-0.11644225474741979,2.4612521189558856,-0.11644225474741979,-0.8,90.7367935180664,0.03481166809797287,27.65642547607422,66.32227551909963,0.0008368239505105307,OFFBOARD,1
70.532,GLIDE_APPROACH,25.34075939074379,25.502055499108838,0,78.696,0.0,1,0.9399663805961609,2.4578997938337603,-0.11405438753828376,2.4578997938337603,-0.11405438753828376,2.4578997938337603,-0.11405438753828376,-0.8,90.81438446044922,0.03394104540348053,27.631328582763672,66.38227555771961,0.0008368239321041676,OFFBOARD,1
70.56,GLIDE_APPROACH,25.31072666040043,25.46802406384649,0,78.724,0.0,1,0.9399663805961609,2.4531045877983066,-0.11130226049902334,2.4531045877983066,-0.11130226049902334,2.4531045877983066,-0.11130226049902334,-0.8,90.91088104248047,0.03273507580161095,27.600027084350586,66.42427559809715,0.0008368239184250095,OFFBOARD,1
70.592,GLIDE_APPROACH,25.290460001421177,25.44462503878166,0,78.756,0.0,1,0.9399663805961609,2.4493510045340767,-0.10920864207591457,2.4493510045340767,-0.10920864207591457,2.4493510045340767,-0.10920864207591457,-0.8,90.98771667480469,0.03170710802078247,27.5750732421875,66.46627562725214,0.0008368239063352592,OFFBOARD,1
70.628,GLIDE_APPROACH,25.261317356141973,25.411114261174543,0,78.792,0.0,1,0.9399663805961609,2.444115554451993,-0.10660389219646624,2.444115554451993,-0.10660389219646624,2.444115554451993,-0.10660389219646624,-0.8,91.06427001953125,0.03064648248255253,27.55009651184082,66.5262756862858,0.0008368238879288959,OFFBOARD,1
70.66,GLIDE_APPROACH,25.2416543787214,25.38798065509834,0,78.824,0.0,1,0.9399663805961609,2.4399589879793635,-0.10467772227577876,2.4399589879793635,-0.10467772227577876,2.4399589879793635,-0.10467772227577876,-0.8,91.14056396484375,0.0295390747487545,27.525094985961914,66.57427573650709,0.0008368238732038053,OFFBOARD,1
70.692,GLIDE_APPROACH,25.21910822681734,25.361530950296743,0,78.856,0.0,1,0.9399663805961609,2.4352748811812335,-0.10267425236604238,2.4352748811812335,-0.10267425236604238,2.4352748811812335,-0.10267425236604238,-0.8,91.2169189453125,0.02874285727739334,27.499677658081055,66.62227577554064,0.0008368238584787147,OFFBOARD,1
70.728,GLIDE_APPROACH,25.190891983971248,25.328523018554062,0,78.892,0.0,1,0.9399663805961609,2.429533557842571,-0.10038140670593473,2.429533557842571,-0.10038140670593473,2.429533557842571,-0.10038140670593473,-0.8,91.2931137084961,0.027980154380202293,27.474157333374023,66.67627581657405,0.0008368238411182837,OFFBOARD,1
70.76,GLIDE_APPROACH,25.17202393822054,25.210838792922175,0,78.924,0.0,1,0.9421520233154297,2.41870038284683,-0.09803162478085528,2.41870038284683,-0.09803162478085528,2.41870038284683,-0.09803162478085528,-0.8,91.38799285888672,0.026914553716778755,27.442472457885742,66.71827583855283,0.0008368238290285334,OFFBOARD,1
70.792,GLIDE_APPROACH,25.150239084747678,25.27963005806254,0,78.956,0.0,1,0.9421520233154297,2.413538131796305,-0.09624404478243748,2.413538131796305,-0.09624404478243748,2.413538131796305,-0.09624404478243748,-0.8,91.46366119384766,0.025996046140789986,27.417055130004883,66.77227589012223,0.0008368238116681026,OFFBOARD,1
70.828,GLIDE_APPROACH,25.122848066796927,25.247052096828334,0,78.992,0.0,1,0.9421520233154297,2.4073213950499537,-0.09420331229843804,2.4073213950499537,-0.09420331229843804,2.4073213950499537,-0.09420331229843804,-0.8,91.53913879394531,0.025024063885211945,27.3915958404541,66.82027592863076,0.000836823796943012,OFFBOARD,1
70.864,GLIDE_APPROACH,25.105198040853054,25.22465848198725,0,79.028,0.0,1,0.9421520233154297,2.4016282441196086,-0.09253826940798979,2.4016282441196086,-0.09253826940798979,2.4016282441196086,-0.09253826940798979,-0.8,91.61441802978516,0.023986125364899635,27.366043090820312,66.88027596139685,0.000836823778536649,OFFBOARD,1
70.892,GLIDE_APPROACH,25.08051960581154,25.195340568630435,0,79.056,0.0,1,0.9421520233154297,2.396063932879539,-0.09099074202881324,2.396063932879539,-0.09099074202881324,2.396063932879539,-0.09099074202881324,-0.8,91.68953704833984,0.022911790758371353,27.340431213378906,66.92227597878882,0.0008368237664468986,OFFBOARD,1
70.928,GLIDE_APPROACH,25.060377864010363,25.169542459631888,0,79.092,0.0,1,0.9421520233154297,2.3892788901090656,-0.08942885556273018,2.3892788901090656,-0.08942885556273018,2.3892788901090656,-0.08942885556273018,-0.8,91.7646255493164,0.02182796038687229,27.314998626708984,66.9762760169958,0.0008368237490864678,OFFBOARD,1
70.964,GLIDE_APPROACH,25.039994318342718,25.14357680313243,0,79.128,0.0,1,0.9421520233154297,2.382586327888529,-0.08808407769435955,2.382586327888529,-0.08808407769435955,2.382586327888529,-0.08808407769435955,-0.8,91.85847473144531,0.020460819825530052,27.283416748046875,67.03027602720354,0.0008368237333154448,OFFBOARD,1
70.992,GLIDE_APPROACH,25.019858896881722,25.117566105910978,0,79.156,0.0,1,0.9421520233154297,2.3755383227597426,-0.08685156719103304,2.3755383227597426,-0.08685156719103304,2.3755383227597426,-0.08685156719103304,-0.8,91.93354797363281,0.019374201074242592,27.258193969726562,67.07227605185135,0.0008368237196362866,OFFBOARD,1
71.028,GLIDE_APPROACH,24.997453214001414,25.088262168663405,0,79.192,0.0,1,0.9421520233154297,2.3672623736651963,-0.08560087732018101,2.3672623736651963,-0.08560087732018101,2.3672623736651963,-0.08560087732018101,-0.8,92.00862121582031,0.01830444671213627,27.23308563232422,67.12027607284826,0.0008368237049111962,OFFBOARD,1
71.068,GLIDE_APPROACH,24.977717067305207,25.005474262424524,0,79.232,0.0,1,0.9421520233154297,2.3596575972803935,-0.08460972333020261,2.3596575972803935,-0.08460972333020261,2.3596575972803935,-0.08460972333020261,-0.8,92.15917205810547,0.017149310559034348,27.183055877685547,67.18627607624951,0.0008368236854589007,OFFBOARD,1
71.092,GLIDE_APPROACH,24.955030895007965,25.03273696435257,0,79.256,0.0,1,0.9421520233154297,2.351541251181505,-0.08373575130916631,2.351541251181505,-0.08373575130916631,2.351541251181505,-0.08373575130916631,-0.8,92.15917205810547,0.017149310559034348,27.183055877685547,67.21627608197555,0.000836823675461015,OFFBOARD,1
71.128,GLIDE_APPROACH,24.933125836134433,25.003413392436947,0,79.292,0.0,1,0.9421520233154297,2.3426404005233943,-0.08289031958427315,2.3426404005233943,-0.08289031958427315,2.3426404005233943,-0.08289031958427315,-0.8,92.25357055664062,0.01730513758957386,27.15167808532715,67.27627607160349,0.0008368236570546519,OFFBOARD,1
71.16,GLIDE_APPROACH,24.916843904238934,24.98074726618998,0,79.324,0.0,1,0.9421520233154297,2.3349768456913127,-0.08221480532718106,2.3349768456913127,-0.08221480532718106,2.3349768456913127,-0.08221480532718106,-0.8,92.32898712158203,0.017373159527778625,27.126686096191406,67.32427607131281,0.0008368236423295613,OFFBOARD,1
71.192,GLIDE_APPROACH,24.8975453868689,24.95475120552258,0,79.356,0.0,1,0.9373413324356079,2.3141631278392847,-0.08321988363129773,2.3141631278392847,-0.08321988363129773,2.3141631278392847,-0.08321988363129773,-0.8,92.40432739257812,0.017389938235282898,27.101749420166016,67.3722760793851,0.0008368236276044707,OFFBOARD,1
71.228,GLIDE_APPROACH,24.87589110076959,24.925576214016317,0,79.392,0.0,1,0.9373413324356079,2.3051427150528556,-0.08270275222080617,2.3051427150528556,-0.08270275222080617,2.3051427150528556,-0.08270275222080617,-0.8,92.47957611083984,0.017367323860526085,27.076955795288086,67.42027608962222,0.00083682361287938,OFFBOARD,1
71.264,GLIDE_APPROACH,24.856667379030345,24.899720746386496,0,79.428,0.0,1,0.9373413324356079,2.2971847624651947,-0.0823343951112511,2.2971847624651947,-0.0823343951112511,2.2971847624651947,-0.0823343951112511,-0.8,92.55472564697266,0.017303161323070526,27.052200317382812,67.48027608814526,0.000836823594473017,OFFBOARD,1
71.292,GLIDE_APPROACH,24.834349631196,24.87062030305082,0,79.456,0.0,1,0.9373413324356079,2.2890417440650808,-0.08212246069310652,2.2890417440650808,-0.08212246069310652,2.2890417440650808,-0.08212246069310652,-0.8,92.6297607421875,0.017196016386151314,27.027307510375977,67.52227607034,0.0008368235823832668,OFFBOARD,1
71.332,GLIDE_APPROACH,24.810290678182323,24.83856662885454,0,79.496,0.0,1,0.9373413324356079,2.2794522709902933,-0.08187356204150352,2.2794522709902933,-0.08187356204150352,2.2794522709902933,-0.08187356204150352,-0.8,92.72338104248047,0.017029061913490295,26.996179580688477,67.58227604945112,0.0008368235639769036,OFFBOARD,1
71.36,GLIDE_APPROACH,24.796514554390804,24.819537823972997,0,79.524,0.0,1,0.9373413324356079,2.273149656870034,-0.08166516158811261,2.273149656870034,-0.08166516158811261,2.273149656870034,-0.08166516158811261,-0.8,92.7981185913086,0.016869213432073593,26.971281051635742,67.62427605043644,0.0008368235502977454,OFFBOARD,1
71.396,GLIDE_APPROACH,24.78092880155423,24.797521244094945,0,79.56,0.0,1,0.9373413324356079,2.2654334682062833,-0.0813186286311042,2.2654334682062833,-0.0813186286311042,2.2654334682062833,-0.0813186286311042,-0.8,92.8727035522461,0.016667935997247696,26.94634437561035,67.67227605188978,0.000836823535572655,OFFBOARD,1
71.428,GLIDE_APPROACH,24.755126175734983,24.76566587174033,0,79.592,0.0,1,0.9373413324356079,2.2581668169441653,-0.08119420406758748,2.2581668169441653,-0.08119420406758748,2.2581668169441653,-0.08119420406758748,-0.8,92.9471435546875,0.016316082328557968,26.921306610107422,67.72627605700664,0.0008368235198016321,OFFBOARD,1
71.46,GLIDE_APPROACH,24.735377745315702,24.74051968718267,0,79.624,0.0,1,0.9373413324356079,2.2516941169958535,-0.08078580831431384,2.2516941169958535,-0.08078580831431384,2.2516941169958535,-0.08078580831431384,-0.8,93.02140808105469,0.01580757647752762,26.89642333984375,67.77427607686205,0.0008368235050765413,OFFBOARD,1
71.492,GLIDE_APPROACH,24.71545205064805,24.715515621446798,0,79.656,0.0,1,0.9373413324356079,2.2456010558985637,-0.08025170776442693,2.2456010558985637,-0.08025170776442693,2.2456010558985637,-0.08025170776442693,-0.8,93.0956802368164,0.0167371928691864,26.87169075012207,67.81627610758407,0.0008368234913973831,OFFBOARD,1
71.528,GLIDE_APPROACH,24.69281975234167,24.687562949401553,0,79.692,0.0,1,0.9373413324356079,2.239214096341247,-0.07950063488679016,2.239214096341247,-0.07950063488679016,2.239214096341247,-0.07950063488679016,-0.8,93.1697769165039,0.017903709784150124,26.846933364868164,67.87027613683561,0.00083682347562636,OFFBOARD,1
71.56,GLIDE_APPROACH,24.672508085195677,24.662878212782015,0,79.724,0.0,1,0.9373413324356079,2.2339677233543287,-0.07870314909260717,2.2339677233543287,-0.07870314909260717,2.2339677233543287,-0.07870314909260717,-0.8,93.26216888427734,0.01893586479127407,26.815753936767578,67.9242761885904,0.0008368234582659292,OFFBOARD,1
71.592,GLIDE_APPROACH,24.65200697018354,24.63834906280657,0,79.756,0.0,1,0.9373413324356079,2.2291355162224806,-0.077789712998503,2.2291355162224806,-0.077789712998503,2.2291355162224806,-0.077789712998503,-0.8,93.33585357666016,0.01944645307958126,26.790639877319336,67.97227623306333,0.0008368234435408386,OFFBOARD,1
71.628,GLIDE_APPROACH,24.628704849921274,24.610942150043112,0,79.792,0.0,1,0.9373413324356079,2.2242149027596185,-0.07663301194333993,2.2242149027596185,-0.07663301194333993,2.2242149027596185,-0.07663301194333993,-0.8,93.40934753417969,0.019712816923856735,26.765392303466797,68.02627627305799,0.0008368234277698157,OFFBOARD,1
71.66,GLIDE_APPROACH,24.60458603437911,24.510323262642785,0,79.824,0.0,1,0.9373413324356079,2.2203705491579924,-0.0754581407788126,2.2203705491579924,-0.0754581407788126,2.2203705491579924,-0.0754581407788126,-0.8,93.4826431274414,0.01974816992878914,26.740020751953125,68.07427630119902,0.0008368234130447249,OFFBOARD,1
71.692,GLIDE_APPROACH,24.586638407791224,24.562715444282063,0,79.856,0.0,1,0.9373413324356079,2.2168210523097502,-0.07427245460378744,2.2168210523097502,-0.07427245460378744,2.2168210523097502,-0.07427245460378744,-0.8,93.55574798583984,0.0195753313601017,26.714649200439453,68.12227631662587,0.0008368233983196342,OFFBOARD,1
71.728,GLIDE_APPROACH,24.56261025754616,24.5358672030363,0,79.892,0.0,1,0.9342436194419861,2.214549998953692,-0.07373017661439366,2.214549998953692,-0.07373017661439366,2.214549998953692,-0.07373017661439366,-0.8,93.62866973876953,0.01922457478940487,26.689239501953125,68.17627633522294,0.0008368233809592036,OFFBOARD,1
71.76,GLIDE_APPROACH,24.541019101573156,24.51216960628427,0,79.924,0.0,1,0.9342436194419861,2.2120241961595895,-0.07233435772742343,2.2120241961595895,-0.07233435772742343,2.2120241961595895,-0.07233435772742343,-0.8,93.71955108642578,0.018547257408499718,26.657384872436523,68.21827634200154,0.0008368233688694532,OFFBOARD,1
71.792,GLIDE_APPROACH,24.51920139478426,24.488628045078475,0,79.956,0.0,1,0.9342436194419861,2.209957500897212,-0.0708696516577381,2.209957500897212,-0.0708696516577381,2.209957500897212,-0.0708696516577381,-0.8,93.79206848144531,0.017831984907388687,26.631885528564453,68.27227637572125,0.0008368233515090223,OFFBOARD,1
71.828,GLIDE_APPROACH,24.49437802502384,24.46232729097931,0,79.992,0.0,1,0.9342436194419861,2.2081864070725294,-0.06914651804652158,2.2081864070725294,-0.06914651804652158,2.2081864070725294,-0.06914651804652158,-0.8,93.86443328857422,0.016977306455373764,26.606393814086914,68.32627639639736,0.0008368233357379994,OFFBOARD,1
71.86,GLIDE_APPROACH,24.468857903010225,24.363900955230513,0,80.024,0.0,1,0.9342436194419861,2.2073417587802733,-0.06746010568835692,2.2073417587802733,-0.06746010568835692,2.2073417587802733,-0.06746010568835692,-0.8,93.93663024902344,0.016006916761398315,26.58094596862793,68.37427640986655,0.000836823321012909,OFFBOARD,1
71.892,GLIDE_APPROACH,24.44614959282831,24.413021030582257,0,80.056,0.0,1,0.9342436194419861,2.206899508302001,-0.06594177453081072,2.206899508302001,-0.06594177453081072,2.206899508302001,-0.06594177453081072,-0.8,94.00888061523438,0.015933429822325706,26.555891036987305,68.42227641209556,0.0008368233062878185,OFFBOARD,1
71.932,GLIDE_APPROACH,24.423214775854532,24.390148462127048,0,80.096,0.0,1,0.9342436194419861,2.206971388995909,-0.06456570691394237,2.206971388995909,-0.06456570691394237,2.206971388995909,-0.06456570691394237,-0.8,94.08106994628906,0.016159571707248688,26.530681610107422,68.470276403843,0.0008368232915627282,OFFBOARD,1
71.96,GLIDE_APPROACH,24.39612957691256,24.2741755079162,0,80.124,0.0,1,0.9342436194419861,2.2084117912816237,-0.06354494799601139,2.2084117912816237,-0.06354494799601139,2.2084117912816237,-0.06354494799601139,-0.8,94.17115783691406,0.016503356397151947,26.49869155883789,68.51827638648531,0.0008368232768376376,OFFBOARD,1
71.992,GLIDE_APPROACH,24.37517164126026,24.34440523631547,0,80.156,0.0,1,0.9342436194419861,2.209736180277098,-0.06277274289776338,2.209736180277098,-0.06277274289776338,2.209736180277098,-0.06277274289776338,-0.8,94.24313354492188,0.01683896966278553,26.472810745239258,68.57227636501436,0.0008368232594772066,OFFBOARD,1
72.028,GLIDE_APPROACH,24.347414914479486,24.31879980296042,0,80.192,0.0,1,0.9342436194419861,2.2123180336556785,-0.06218046235866827,2.2123180336556785,-0.06218046235866827,2.2123180336556785,-0.06218046235866827,-0.8,94.31501007080078,0.017240416258573532,26.44662857055664,68.63227632189499,0.0008368232410708435,OFFBOARD,1
72.06,GLIDE_APPROACH,24.32235236028659,24.296108398099495,0,80.224,0.0,1,0.9342436194419861,2.2151634654191255,-0.061886315755921364,2.2151634654191255,-0.061886315755921364,2.2151634654191255,-0.061886315755921364,-0.8,94.38683319091797,0.017725512385368347,26.420278549194336,68.67427627812019,0.0008368232289810931,OFFBOARD,1
72.092,GLIDE_APPROACH,24.29362016871117,24.270535115383037,0,80.256,0.0,1,0.9342436194419861,2.2189501764355692,-0.061901906702547436,2.2189501764355692,-0.061901906702547436,2.2189501764355692,-0.061901906702547436,-0.8,94.47650909423828,0.01844029128551483,26.3870906829834,68.72227623169245,0.0008368232142560026,OFFBOARD,1
72.128,GLIDE_APPROACH,24.267980362183934,24.24808760729466,0,80.292,0.0,1,0.9342436194419861,2.2227807405477003,-0.06190397040472062,2.2227807405477003,-0.06190397040472062,2.2227807405477003,-0.06190397040472062,-0.8,94.5302505493164,0.0189215075224638,26.36712074279785,68.77627618121808,0.0008368231968955719,OFFBOARD,1
72.16,GLIDE_APPROACH,24.238566617239794,24.222645850963,0,80.324,0.0,1,0.9342436194419861,2.2275505477870796,-0.06232537913960008,2.2275505477870796,-0.06232537913960008,2.2275505477870796,-0.06232537913960008,-0.8,94.61978912353516,0.019805647432804108,26.33356475830078,68.82427612593304,0.0008368231821704813,OFFBOARD,1
72.192,GLIDE_APPROACH,24.212182263793814,24.200187544984267,0,80.356,0.0,1,0.9342436194419861,2.232261850897854,-0.0627523934563918,2.232261850897854,-0.0627523934563918,2.232261850897854,-0.0627523934563918,-0.8,94.69135284423828,0.02057737298309803,26.30670166015625,68.87227608041367,0.0008368231674453907,OFFBOARD,1
72.228,GLIDE_APPROACH,24.185476904731754,24.17789100466981,0,80.392,0.0,1,0.9342436194419861,2.2375520242000353,-0.06319274032024941,2.2375520242000353,-0.06319274032024941,2.2375520242000353,-0.06319274032024941,-0.8,94.76288604736328,0.02138879895210266,26.279830932617188,68.9262760301902,0.0008368231516743675,OFFBOARD,1
72.26,GLIDE_APPROACH,24.158474399133656,24.1555135729684,0,80.424,0.0,1,0.9342436194419861,2.2430975269883984,-0.0638453550675864,2.2430975269883984,-0.0638453550675864,2.2430975269883984,-0.0638453550675864,-0.8,94.83435821533203,0.02223105914890766,26.252901077270508,68.97427598775464,0.0008368231369492768,OFFBOARD,1
72.292,GLIDE_APPROACH,24.12787005752578,24.130256963378912,0,80.456,0.0,1,0.9404851198196411,2.2495175715098124,-0.061357381795140345,2.2495175715098124,-0.061357381795140345,2.2495175715098124,-0.061357381795140345,-0.8,94.9059066772461,0.024227209389209747,26.226293563842773,69.02227594091576,0.0008368231222241863,OFFBOARD,1
72.328,GLIDE_APPROACH,24.10017031010393,24.108054450992036,0,80.492,0.0,1,0.9404851198196411,2.256113853087041,-0.06208176922508998,2.256113853087041,-0.06208176922508998,2.256113853087041,-0.06208176922508998,-0.8,94.9774398803711,0.026510369032621384,26.19990348815918,69.07627589866172,0.0008368231048637555,OFFBOARD,1
72.36,GLIDE_APPROACH,24.068995635475606,24.082840133923693,0,80.524,0.0,1,0.9404851198196411,2.2632655457206776,-0.06319812629016895,2.2632655457206776,-0.06319812629016895,2.2632655457206776,-0.06319812629016895,-0.8,95.06681823730469,0.02923976629972458,26.166929244995117,69.12427586865576,0.0008368230901386649,OFFBOARD,1
72.392,GLIDE_APPROACH,24.044315614489033,24.063439807407907,0,80.556,0.0,1,0.9404851198196411,2.2696011405178638,-0.06359999785480425,2.2696011405178638,-0.06359999785480425,2.2696011405178638,-0.06359999785480425,-0.8,95.13829040527344,0.031225193291902542,26.14065933227539,69.17227585148973,0.0008368230754135745,OFFBOARD,1
72.428,GLIDE_APPROACH,24.012798890887865,24.038329582481868,0,80.592,0.0,1,0.9404851198196411,2.2772849944268994,-0.06362789523006827,2.2772849944268994,-0.06362789523006827,2.2772849944268994,-0.06362789523006827,-0.8,95.20974731445312,0.03266484662890434,26.114513397216797,69.2262758310867,0.0008368230596425515,OFFBOARD,1
72.46,GLIDE_APPROACH,23.984704654577644,24.015988098150576,0,80.624,0.0,1,0.9404851198196411,2.2841924952415544,-0.06306294102014942,2.2841924952415544,-0.06306294102014942,2.2841924952415544,-0.06306294102014942,-0.8,95.28118896484375,0.033527977764606476,26.088550567626953,69.27427581270227,0.000836823044917461,OFFBOARD,1
72.492,GLIDE_APPROACH,23.953254526815876,23.990702397157488,0,80.656,0.0,1,0.9404851198196411,2.291586947811841,-0.06188805149717273,2.291586947811841,-0.06188805149717273,2.291586947811841,-0.06188805149717273,-0.8,95.35259246826172,0.03382398188114166,26.06273651123047,69.32227578764359,0.0008368230301923706,OFFBOARD,1
72.528,GLIDE_APPROACH,23.924457353402083,23.968413336150295,0,80.692,0.0,1,0.9404851198196411,2.299398639094109,-0.06009311571531181,2.299398639094109,-0.06009311571531181,2.299398639094109,-0.06009311571531181,-0.8,95.42398071289062,0.033583104610443115,26.0369930267334,69.37627576735606,0.0008368230128319398,OFFBOARD,1
72.56,GLIDE_APPROACH,23.89577235096846,23.856719587936805,0,80.724,0.0,1,0.9404851198196411,2.3068806329578755,-0.057926261403662235,2.3068806329578755,-0.057926261403662235,2.3068806329578755,-0.057926261403662235,-0.8,95.51322174072266,0.03261129930615425,26.00502586364746,69.42427575497537,0.0008368229981068494,OFFBOARD,1
72.592,GLIDE_APPROACH,23.86366443331692,23.920520345477502,0,80.756,0.0,1,0.9404851198196411,2.3148835200001523,-0.05507372622448548,2.3148835200001523,-0.05507372622448548,2.3148835200001523,-0.05507372622448548,-0.8,95.58460235595703,0.03133750706911087,25.979467391967773,69.46627574568866,0.0008368229860170991,OFFBOARD,1
72.628,GLIDE_APPROACH,23.83407233983096,23.898064157730573,0,80.792,0.0,1,0.9404851198196411,2.323448741994366,-0.051918120883000546,2.323448741994366,-0.051918120883000546,2.323448741994366,-0.051918120883000546,-0.8,95.6559829711914,0.029649849981069565,25.953927993774414,69.5262757495441,0.0008368229676107359,OFFBOARD,1
72.672,GLIDE_APPROACH,23.804700584636507,23.732096854411566,0,80.836,0.0,1,0.9404851198196411,2.331523333688132,-0.04852149543727948,2.331523333688132,-0.04852149543727948,2.331523333688132,-0.04852149543727948,-0.8,95.79930114746094,0.026645591482520103,25.902612686157227,69.59227575332426,0.0008368229465690324,OFFBOARD,1
72.692,GLIDE_APPROACH,23.771933055305308,23.849720486066207,0,80.856,0.0,1,0.9404851198196411,2.340011423825663,-0.0444414234446358,2.340011423825663,-0.0444414234446358,2.340011423825663,-0.0444414234446358,-0.8,95.79930114746094,0.026645591482520103,25.902612686157227,69.62227574872041,0.0008368229381605548,OFFBOARD,1
72.728,GLIDE_APPROACH,23.741622173164174,23.827008001226236,0,80.892,0.0,1,0.9404851198196411,2.3491273410709255,-0.040327336295168624,2.3491273410709255,-0.040327336295168624,2.3491273410709255,-0.040327336295168624,-0.8,95.87120056152344,0.025268418714404106,25.876895904541016,69.67627577100062,0.000836822920800124,OFFBOARD,1
72.76,GLIDE_APPROACH,23.708465402932873,23.80108352464783,0,80.924,0.0,1,0.9404851198196411,2.3578071502801334,-0.03565034376477827,2.3578071502801334,-0.03565034376477827,2.3578071502801334,-0.03565034376477827,-0.8,95.96113586425781,0.02303122542798519,25.844741821289062,69.71827578228847,0.0008368229087103734,OFFBOARD,1
72.792,GLIDE_APPROACH,23.684708365192982,23.71203711691001,0,80.956,0.0,1,0.9404851198196411,2.36587132457867,-0.0321035611105115,2.36587132457867,-0.0321035611105115,2.36587132457867,-0.0321035611105115,-0.8,96.03314208984375,0.020866261795163155,25.819015502929688,69.77227582282941,0.0008368228913499426,OFFBOARD,1
72.828,GLIDE_APPROACH,23.647444406319217,23.754981238522657,0,80.992,0.0,1,0.9352765679359436,2.376823893432241,-0.026749928602425276,2.376823893432241,-0.026749928602425276,2.376823893432241,-0.026749928602425276,-0.8,96.10521697998047,0.018418772146105766,25.793289184570312,69.82627584908414,0.0008368228755789197,OFFBOARD,1
72.86,GLIDE_APPROACH,23.61382840422468,23.72864992773075,0,81.024,0.0,1,0.9352765679359436,2.385559582961347,-0.021458482072712868,2.385559582961347,-0.021458482072712868,2.385559582961347,-0.021458482072712868,-0.8,96.17737579345703,0.015733227133750916,25.767555236816406,69.87427586727046,0.0008368228608538291,OFFBOARD,1
72.892,GLIDE_APPROACH,23.58632808479023,23.708281789004563,0,81.056,0.0,1,0.9352765679359436,2.394119614757833,-0.017224493478877195,2.394119614757833,-0.017224493478877195,2.394119614757833,-0.017224493478877195,-0.8,96.24960327148438,0.01284836232662201,25.741779327392578,69.92227587460727,0.0008368228461287386,OFFBOARD,1
72.932,GLIDE_APPROACH,23.54741609645671,23.678869938859748,0,81.096,0.0,1,0.9352765679359436,2.4055162261732197,-0.011742894913110122,2.4055162261732197,-0.011742894913110122,2.4055162261732197,-0.011742894913110122,-0.8,96.32190704345703,0.010057459585368633,25.71575164794922,69.9762758861275,0.0008368228287683078,OFFBOARD,1
72.96,GLIDE_APPROACH,23.519882424250522,23.65817184687239,0,81.124,0.0,1,0.9352765679359436,2.4137123457532517,-0.008205193037386219,2.4137123457532517,-0.008205193037386219,2.4137123457532517,-0.008205193037386219,-0.8,96.41239929199219,0.006811417173594236,25.68279457092285,70.02427589751298,0.0008368228140432171,OFFBOARD,1
72.992,GLIDE_APPROACH,23.488205925113938,23.634395549039315,0,81.156,0.0,1,0.9352765679359436,2.4231887024608945,-0.004467373249858075,2.4231887024608945,-0.004467373249858075,2.4231887024608945,-0.004467373249858075,-0.8,96.48490905761719,0.004432938061654568,25.656211853027344,70.06627589563065,0.0008368228019534668,OFFBOARD,1
73.028,GLIDE_APPROACH,23.4523929655684,23.607479754275978,0,81.192,0.0,1,0.9352765679359436,2.433864599714024,-0.0006448931309370812,2.433864599714024,-0.0006448931309370812,2.433864599714024,-0.0006448931309370812,-0.8,96.55756378173828,0.002251629950478673,25.62957763671875,70.12027590004554,0.0008368227845930361,OFFBOARD,1
73.06,GLIDE_APPROACH,23.420460131009204,23.58339462620102,0,81.224,0.0,1,0.9352765679359436,2.443277833011033,0.0024248403950078157,2.443277833011033,0.0024248403950078157,2.443277833011033,0.0024248403950078157,-0.8,96.63034057617188,0.0002602017775643617,25.60287857055664,70.16827588761686,0.0008368227698679457,OFFBOARD,1
73.092,GLIDE_APPROACH,23.38847486461366,23.559148867944963,0,81.256,0.0,1,0.9352765679359436,2.452557482994555,0.005201072926396565,2.452557482994555,0.005201072926396565,2.452557482994555,0.005201072926396565,-0.8,96.70344543457031,-0.0005339932395145297,25.576995849609375,70.22227585643574,0.0008368227540969227,OFFBOARD,1
73.128,GLIDE_APPROACH,23.35246450825922,23.531669199859756,0,81.292,0.0,1,0.9352765679359436,2.4627901051221377,0.00799484027101912,2.4627901051221377,0.00799484027101912,2.4627901051221377,0.00799484027101912,-0.8,96.79501342773438,-0.0013571024173870683,25.544504165649414,70.27027582768875,0.0008368227393718322,OFFBOARD,1
73.16,GLIDE_APPROACH,23.32045898461752,23.50705329004022,0,81.324,0.0,1,0.9352765679359436,2.471654225098496,0.010205595471827714,2.471654225098496,0.010205595471827714,2.471654225098496,0.010205595471827714,-0.8,96.86842346191406,-0.0018975952407345176,25.51842498779297,70.32427579719509,0.0008368227220114016,OFFBOARD,1
73.196,GLIDE_APPROACH,23.28847561457273,23.482251046468306,0,81.36,0.0,1,0.9352765679359436,2.480268797127728,0.012178608902633246,2.480268797127728,0.012178608902633246,2.480268797127728,0.012178608902633246,-0.8,96.94200134277344,-0.00234008627012372,25.492136001586914,70.37227577239595,0.000836822707286311,OFFBOARD,1
73.228,GLIDE_APPROACH,23.249233094085415,23.45085530840226,0,81.392,0.0,1,0.9352765679359436,2.4896856947739434,0.014231040195999488,2.4896856947739434,0.014231040195999488,2.4896856947739434,0.014231040195999488,-0.8,97.0157241821289,-0.002684406703338027,25.46574592590332,70.4202757594663,0.0008368226925612204,OFFBOARD,1
73.26,GLIDE_APPROACH,23.220668963560627,23.428895662418146,0,81.424,0.0,1,0.9352765679359436,2.4976051295146817,0.015662541508480683,2.4976051295146817,0.015662541508480683,2.4976051295146817,0.015662541508480683,-0.8,97.08963775634766,-0.002947975415736437,25.439321517944336,70.47427575014564,0.0008368226767901975,OFFBOARD,1
73.296,GLIDE_APPROACH,23.188873861546384,23.40346791495127,0,81.46,0.0,1,0.9352765679359436,2.5,0.017000636522921622,2.5,0.017000636522921622,2.5,0.017000636522921622,-0.8,97.18226623535156,-0.0031731962226331234,25.406261444091797,70.52827576822823,0.0008368226594297668,OFFBOARD,1
73.328,GLIDE_APPROACH,23.153221986530884,23.37460774830653,0,81.492,0.0,1,0.9352765679359436,2.5,0.018295194590931423,2.5,0.018295194590931423,2.5,0.018295194590931423,-0.8,97.23799133300781,-0.0032574045471847057,25.386411666870117,70.5762757867607,0.0008368226447046761,OFFBOARD,1
73.36,GLIDE_APPROACH,23.12165870211909,23.348722927621143,0,81.524,0.0,1,0.9352765679359436,2.5,0.019269053014483298,2.5,0.019269053014483298,2.5,0.019269053014483298,-0.8,97.33110046386719,-0.0033238676842302084,25.353252410888672,70.61827580176912,0.0008368226326149257,OFFBOARD,1
73.392,GLIDE_APPROACH,23.09035813883764,23.32260191712966,0,81.556,0.0,1,0.9379644393920898,2.5,0.01874786557916123,2.5,0.01874786557916123,2.5,0.01874786557916123,-0.8,97.4058609008789,-0.0032821905333548784,25.326717376708984,70.67227584631631,0.0008368226152544949,OFFBOARD,1
73.428,GLIDE_APPROACH,23.055667004491863,23.29290918827373,0,81.592,0.0,1,0.9379644393920898,2.5,0.019149804286823287,2.5,0.019149804286823287,2.5,0.019149804286823287,-0.8,97.48088073730469,-0.003010897897183895,25.300575256347656,70.72027588003007,0.0008368226005294044,OFFBOARD,1
73.46,GLIDE_APPROACH,23.02527882639014,23.266246284258145,0,81.624,0.0,1,0.9379644393920898,2.5,0.019137402741561324,2.5,0.019137402741561324,2.5,0.019137402741561324,-0.8,97.57500457763672,-0.002335809636861086,25.268129348754883,70.77427589642448,0.0008368225847583813,OFFBOARD,1
73.492,GLIDE_APPROACH,22.99209387947287,23.235838121090264,0,81.656,0.0,1,0.9379644393920898,2.5,0.018602631647406505,2.5,0.018602631647406505,2.5,0.018602631647406505,-0.8,97.63200378417969,-0.0013440982438623905,25.249053955078125,70.81627592214326,0.0008368225710792232,OFFBOARD,1
73.528,GLIDE_APPROACH,22.96192892832537,23.20878923004137,0,81.692,0.0,1,0.9379644393920898,2.5,0.01796892209591839,2.5,0.01796892209591839,2.5,0.01796892209591839,-0.8,97.70818328857422,0.00014200550504028797,25.223785400390625,70.87627595082456,0.0008368225526728599,OFFBOARD,1
73.56,GLIDE_APPROACH,22.929467692526035,23.177845435683434,0,81.724,0.0,1,0.9379644393920898,2.5,0.016641658725984484,2.5,0.016641658725984484,2.5,0.016641658725984484,-0.8,97.80369567871094,0.0022562628146260977,25.19234848022461,70.92427596426366,0.0008368225379477693,OFFBOARD,1
73.592,GLIDE_APPROACH,22.903597823646475,23.15381694177591,0,81.756,0.0,1,0.9379644393920898,2.5,0.015532348945402757,2.5,0.015532348945402757,2.5,0.015532348945402757,-0.8,97.88029479980469,0.004160769283771515,25.167322158813477,70.97227598190601,0.0008368225232226787,OFFBOARD,1
73.628,GLIDE_APPROACH,22.871278415886856,23.122563544245743,0,81.792,0.0,1,0.9379644393920898,2.5,0.013651474309537545,2.5,0.013651474309537545,2.5,0.013651474309537545,-0.8,97.95707702636719,0.0062449597753584385,25.142297744750977,71.02027600235914,0.0008368225084975881,OFFBOARD,1
73.66,GLIDE_APPROACH,22.84283364687492,23.09460609078763,0,81.824,0.0,1,0.9379644393920898,2.5,0.011705063264089113,2.5,0.011705063264089113,2.5,0.011705063264089113,-0.8,98.03401947021484,0.008492057211697102,25.11728286743164,71.07427600554787,0.000836822492726565,OFFBOARD,1
73.692,GLIDE_APPROACH,22.811518253491222,22.96645923868547,0,81.856,0.0,1,0.9379644393920898,2.5,0.009130678151775921,2.5,0.009130678151775921,2.5,0.009130678151775921,-0.8,98.13040924072266,0.011495186947286129,25.085891723632812,71.12227600396128,0.0008368224780014745,OFFBOARD,1
73.732,GLIDE_APPROACH,22.783269630092573,23.034709743796554,0,81.896,0.0,1,0.9379644393920898,2.5,0.006822059381113452,2.5,0.006822059381113452,2.5,0.006822059381113452,-0.8,98.18834686279297,0.013400561176240444,25.066965103149414,71.18227599812623,0.0008368224595951114,OFFBOARD,1
73.76,GLIDE_APPROACH,22.75566411871357,23.00631903111716,0,81.924,0.0,1,0.9379644393920898,2.5,0.004220801138773898,2.5,0.004220801138773898,2.5,0.004220801138773898,-0.8,98.2850570678711,0.016729194670915604,25.035415649414062,71.21827600104224,0.0008368224485512933,OFFBOARD,1
73.792,GLIDE_APPROACH,22.728340966066607,22.977810871732398,0,81.956,0.0,1,0.9379644393920898,2.5,0.0014541488340221176,2.5,0.0014541488340221176,2.5,0.0014541488340221176,-0.8,98.36254119873047,0.01951706036925316,25.010169982910156,71.27227602190872,0.0008368224311908626,OFFBOARD,1
73.828,GLIDE_APPROACH,22.69481246360253,22.941902577455394,0,81.992,0.0,1,0.9379644393920898,2.5,-0.002315335154998384,2.5,-0.002315335154998384,2.5,-0.002315335154998384,-0.8,98.4401626586914,0.02240009419620037,24.984893798828125,71.3262760297163,0.0008368224154198396,OFFBOARD,1
73.86,GLIDE_APPROACH,22.67123438698518,22.916876966441603,0,82.024,0.0,1,0.9379644393920898,2.5,-0.004892094203876089,2.5,-0.004892094203876089,2.5,-0.004892094203876089,-0.8,98.51785278320312,0.025358958169817924,24.959562301635742,71.37427603419496,0.0008368224006947492,OFFBOARD,1
73.892,GLIDE_APPROACH,22.644887844097525,22.888156691331623,0,82.056,0.0,1,0.9379644393920898,2.5,-0.008084702648407244,2.5,-0.008084702648407244,2.5,-0.008084702648407244,-0.8,98.59581756591797,0.028973916545510292,24.934917449951172,71.42227604369037,0.0008368223859696586,OFFBOARD,1
73.928,GLIDE_APPROACH,22.615745580982047,22.855966487706322,0,82.092,0.0,1,0.9406827688217163,2.5,-0.011213673806584685,2.5,-0.011213673806584685,2.5,-0.011213673806584685,-0.8,98.6736831665039,0.03266347199678421,24.910268783569336,71.47627606339513,0.0008368223686092278,OFFBOARD,1
73.96,GLIDE_APPROACH,22.590274914792662,22.827465509822897,0,82.124,0.0,1,0.9406827688217163,2.5,-0.014681850515237259,2.5,-0.014681850515237259,2.5,-0.014681850515237259,-0.8,98.77084350585938,0.03735492751002312,24.879436492919922,71.5242760648693,0.000836822353884137,OFFBOARD,1
73.992,GLIDE_APPROACH,22.56211105608553,22.71782732196439,0,82.156,0.0,1,0.9406827688217163,2.5,-0.018824201415593815,2.5,-0.018824201415593815,2.5,-0.018824201415593815,-0.8,98.84842681884766,0.041164830327034,24.854955673217773,71.56627606247586,0.0008368223417943868,OFFBOARD,1
74.028,GLIDE_APPROACH,22.53432650896969,22.763616933064434,0,82.192,0.0,1,0.9406827688217163,2.5,-0.022987876080925774,2.5,-0.022987876080925774,2.5,-0.022987876080925774,-0.8,98.92588806152344,0.045042864978313446,24.830493927001953,71.62027608155238,0.0008368223244339563,OFFBOARD,1
74.06,GLIDE_APPROACH,22.513058770716036,22.739097135382185,0,82.224,0.0,1,0.9406827688217163,2.5,-0.02619737806020913,2.5,-0.02619737806020913,2.5,-0.02619737806020913,-0.8,99.00323486328125,0.048972237855196,24.806068420410156,71.67427607415155,0.0008368223086629335,OFFBOARD,1
74.092,GLIDE_APPROACH,22.489040123263134,22.711024474669443,0,82.256,0.0,1,0.9406827688217163,2.5,-0.030058170141106077,2.5,-0.030058170141106077,2.5,-0.030058170141106077,-0.8,99.0804443359375,0.05294317007064819,24.781604766845703,71.72227606395911,0.0008368222939378429,OFFBOARD,1
74.128,GLIDE_APPROACH,22.462386082196346,22.679541329515875,0,82.292,0.0,1,0.9406827688217163,2.5,-0.03447727343003161,2.5,-0.03447727343003161,2.5,-0.03447727343003161,-0.8,99.15753936767578,0.056954000145196915,24.757061004638672,71.7762760548474,0.0008368222765774123,OFFBOARD,1
74.16,GLIDE_APPROACH,22.439010104331086,22.651630660160567,0,82.324,0.0,1,0.9406827688217163,2.5,-0.038458013720592404,2.5,-0.038458013720592404,2.5,-0.038458013720592404,-0.8,99.2537841796875,0.062008921056985855,24.72631072998047,71.82427604756451,0.0008368222618523218,OFFBOARD,1
74.192,GLIDE_APPROACH,22.415925479953952,22.623777070266797,0,82.356,0.0,1,0.9406827688217163,2.5,-0.04247480441854985,2.5,-0.04247480441854985,2.5,-0.04247480441854985,-0.8,99.33070373535156,0.06606599688529968,24.701677322387695,71.8722760346814,0.0008368222471272314,OFFBOARD,1
74.228,GLIDE_APPROACH,22.390291872765452,22.59249536356091,0,82.392,0.0,1,0.9406827688217163,2.4993092953849514,-0.04702179663301983,2.4993092953849514,-0.04702179663301983,2.4993092953849514,-0.04702179663301983,-0.8,99.40754699707031,0.07013458013534546,24.67676544189453,71.92627601052261,0.0008368222313562084,OFFBOARD,1
74.264,GLIDE_APPROACH,22.364721538291803,22.561135726732374,0,82.428,0.0,1,0.9406827688217163,2.4923558224267524,-0.05168866950057833,2.4923558224267524,-0.05168866950057833,2.4923558224267524,-0.05168866950057833,-0.8,99.48435974121094,0.07420162111520767,24.651857376098633,71.98027601115072,0.0008368222139957776,OFFBOARD,1
74.292,GLIDE_APPROACH,22.34249204218899,22.53339332688688,0,82.456,0.0,1,0.9406827688217163,2.4857409718540517,-0.055741531122082535,2.4857409718540517,-0.055741531122082535,2.4857409718540517,-0.055741531122082535,-0.8,99.56101989746094,0.07811775803565979,24.626964569091797,72.02227599314406,0.0008368222019060275,OFFBOARD,1
74.328,GLIDE_APPROACH,22.320874790042517,22.505788739960344,0,82.492,0.0,1,0.9406827688217163,2.4785528965404375,-0.059676826399134714,2.4785528965404375,-0.059676826399134714,2.4785528965404375,-0.059676826399134714,-0.8,99.65677642822266,0.0829445868730545,24.59592056274414,72.07627598636134,0.0008368221845455966,OFFBOARD,1
74.36,GLIDE_APPROACH,22.299196200705627,22.47807616140005,0,82.524,0.0,1,0.9406827688217163,2.471304302983855,-0.06369706807557143,2.471304302983855,-0.06369706807557143,2.471304302983855,-0.06369706807557143,-0.8,99.73334503173828,0.08678141981363297,24.57111358642578,72.11827597527854,0.0008368221724558463,OFFBOARD,1
74.392,GLIDE_APPROACH,22.277683836898873,22.450122260084022,0,82.556,0.0,1,0.9404059052467346,2.4574588128201107,-0.06609129394791843,2.4574588128201107,-0.06609129394791843,2.4574588128201107,-0.06609129394791843,-0.8,99.80996704101562,0.09048257768154144,24.546173095703125,72.16627596689139,0.0008368221577307555,OFFBOARD,1
74.428,GLIDE_APPROACH,22.253592515906316,22.418153827885472,0,82.592,0.0,1,0.9404059052467346,2.4480016369766053,-0.06941164777021717,2.4480016369766053,-0.06941164777021717,2.4480016369766053,-0.06941164777021717,-0.8,99.88690948486328,0.0936582013964653,24.52105712890625,72.22627594513101,0.0008368221393243922,OFFBOARD,1
74.46,GLIDE_APPROACH,22.2322572840302,22.389277872539296,0,82.624,0.0,1,0.9404059052467346,2.438953189531953,-0.071662388215176,2.438953189531953,-0.071662388215176,2.438953189531953,-0.071662388215176,-0.8,99.96421813964844,0.09624925255775452,24.49587059020996,72.26827593065026,0.0008368221256452341,OFFBOARD,1
74.492,GLIDE_APPROACH,22.21097705802678,22.359979163987944,0,82.656,0.0,1,0.9404059052467346,2.429324592849539,-0.07325376032125522,2.429324592849539,-0.07325376032125522,2.429324592849539,-0.07325376032125522,-0.8,100.04191589355469,0.09826329350471497,24.47049331665039,72.32227588721892,0.0008368221098742112,OFFBOARD,1
74.528,GLIDE_APPROACH,22.183916983645986,22.322672333973713,0,82.692,0.0,1,0.9404059052467346,2.417026450785227,-0.07443949448606343,2.417026450785227,-0.07443949448606343,2.417026450785227,-0.07443949448606343,-0.8,100.1199951171875,0.09971588850021362,24.444854736328125,72.37627585165706,0.0008368220925137804,OFFBOARD,1
74.56,GLIDE_APPROACH,22.16595223105342,22.296420107111008,0,82.724,0.0,1,0.9404059052467346,2.40708118434423,-0.07450860930216352,2.40708118434423,-0.07450860930216352,2.40708118434423,-0.07450860930216352,-0.8,100.21806335449219,0.10075559467077255,24.41254425048828,72.41827580598472,0.0008368220804240299,OFFBOARD,1
74.592,GLIDE_APPROACH,22.14489479651006,22.265974178620013,0,82.756,0.0,1,0.9404059052467346,2.395815370715604,-0.07415145250433322,2.395815370715604,-0.07415145250433322,2.395815370715604,-0.07415145250433322,-0.8,100.2968521118164,0.1010027825832367,24.38653564453125,72.46627575843696,0.0008368220656989396,OFFBOARD,1
74.628,GLIDE_APPROACH,22.121326302692083,22.231386591216665,0,82.792,0.0,1,0.9404059052467346,2.3825977211671074,-0.07308241904175355,2.3825977211671074,-0.07308241904175355,2.3825977211671074,-0.07308241904175355,-0.8,100.37591552734375,0.10074280947446823,24.360502243041992,72.52627569341125,0.0008368220472925766,OFFBOARD,1
74.66,GLIDE_APPROACH,22.10049287423903,22.200395777297306,0,82.824,0.0,1,0.9404059052467346,2.3704109396018875,-0.07158148046698432,2.3704109396018875,-0.07158148046698432,2.3704109396018875,-0.07158148046698432,-0.8,100.47538757324219,0.10004067420959473,24.328094482421875,72.57427563752553,0.000836822032567486,OFFBOARD,1
74.692,GLIDE_APPROACH,22.07977179938119,22.169222096153113,0,82.856,0.0,1,0.9404059052467346,2.3578704944571487,-0.0696030796441933,2.3578704944571487,-0.0696030796441933,2.3578704944571487,-0.0696030796441933,-0.8,100.55622100830078,0.09982673078775406,24.302566528320312,72.61627559388984,0.0008368220188883278,OFFBOARD,1
74.728,GLIDE_APPROACH,22.05659207688799,22.133988497542276,0,82.892,0.0,1,0.9404059052467346,2.343405575663931,-0.06685352290244015,2.343405575663931,-0.06685352290244015,2.343405575663931,-0.06685352290244015,-0.8,100.63707733154297,0.0991491824388504,24.27692222595215,72.67027551730239,0.0008368220031173049,OFFBOARD,1
74.76,GLIDE_APPROACH,22.03609363194667,22.102570154334664,0,82.924,0.0,1,0.9404059052467346,2.330305270042708,-0.06398237343448092,2.330305270042708,-0.06398237343448092,2.330305270042708,-0.06398237343448092,-0.8,100.71791076660156,0.09806602448225021,24.251174926757812,72.71827545455366,0.0008368219883922144,OFFBOARD,1
74.8,GLIDE_APPROACH,22.015683829108635,22.071097202955002,0,82.964,0.0,1,0.9404059052467346,2.3170335753444373,-0.06074179662299324,2.3170335753444373,-0.06074179662299324,2.3170335753444373,-0.06074179662299324,-0.8,100.7987060546875,0.09660407155752182,24.225278854370117,72.77827539309979,0.0008368219699858512,OFFBOARD,1
74.828,GLIDE_APPROACH,21.989592575372814,22.03161067216389,0,82.992,0.0,1,0.9404059052467346,2.300967430539289,-0.05631938854437456,2.300967430539289,-0.05631938854437456,2.300967430539289,-0.05631938854437456,-0.8,100.8794174194336,0.0947813019156456,24.199264526367188,72.82627535329314,0.0008368219552607605,OFFBOARD,1
74.86,GLIDE_APPROACH,21.9725418431182,22.004187296768787,0,83.024,0.0,1,0.9404059052467346,2.2885194543524396,-0.052753042015556265,2.2885194543524396,-0.052753042015556265,2.2885194543524396,-0.052753042015556265,-0.8,100.96004486083984,0.09264639019966125,24.17316436767578,72.87427531165682,0.0008368219405356703,OFFBOARD,1
74.892,GLIDE_APPROACH,21.952237332723794,21.97276406672196,0,83.056,0.0,1,0.936129093170166,2.2696284480835303,-0.047003662134767706,2.2696284480835303,-0.047003662134767706,2.2696284480835303,-0.047003662134767706,-0.8,101.04058074951172,0.09023743122816086,24.147016525268555,72.92227528125973,0.0008368219258105795,OFFBOARD,1
74.928,GLIDE_APPROACH,21.929221962338872,21.937535504537006,0,83.092,0.0,1,0.936129093170166,2.2549717429491776,-0.0420800623140484,2.2549717429491776,-0.0420800623140484,2.2549717429491776,-0.0420800623140484,-0.8,101.1209487915039,0.08762019127607346,24.120859146118164,72.97627527072623,0.0008368219084501486,OFFBOARD,1
74.96,GLIDE_APPROACH,21.905341709593777,21.782134375419556,0,83.124,0.0,1,0.936129093170166,2.241399771014513,-0.037058104774127756,2.241399771014513,-0.037058104774127756,2.241399771014513,-0.037058104774127756,-0.8,101.24115753173828,0.08337344974279404,24.08143424987793,73.02427526759577,0.0008368218937250581,OFFBOARD,1
74.992,GLIDE_APPROACH,21.887890695366202,21.875311593529364,0,83.156,0.0,1,0.936129093170166,2.229903453291397,-0.03283701236871586,2.229903453291397,-0.03283701236871586,2.229903453291397,-0.03283701236871586,-0.8,101.30110168457031,0.08111963421106339,24.061655044555664,73.06627526612007,0.0008368218816353079,OFFBOARD,1
75.028,GLIDE_APPROACH,21.861152962311383,21.836616322081813,0,83.192,0.0,1,0.936129093170166,2.2155582331622248,-0.026885978460059433,2.2155582331622248,-0.026885978460059433,2.2155582331622248,-0.026885978460059433,-0.8,101.38084411621094,0.07798951119184494,24.03511619567871,73.12627528826442,0.0008368218632289448,OFFBOARD,1
75.06,GLIDE_APPROACH,21.843505335112678,21.809899299743375,0,83.224,0.0,1,0.936129093170166,2.2046739655433885,-0.02242816988593357,2.2046739655433885,-0.02242816988593357,2.2046739655433885,-0.02242816988593357,-0.8,101.4806137084961,0.07419313490390778,24.00189971923828,73.17427531430994,0.0008368218485038543,OFFBOARD,1
75.092,GLIDE_APPROACH,21.81917005081479,21.775491255613588,0,83.256,0.0,1,0.936129093170166,2.1925838341587816,-0.01681431360947252,2.1925838341587816,-0.01681431360947252,2.1925838341587816,-0.01681431360947252,-0.8,101.56131744384766,0.07189018279314041,23.9755916595459,73.21627533899904,0.0008368218348246961,OFFBOARD,1
75.128,GLIDE_APPROACH,21.79868356995544,21.74535448335343,0,83.292,0.0,1,0.936129093170166,2.180996278432325,-0.011522963616906697,2.180996278432325,-0.011522963616906697,2.180996278432325,-0.011522963616906697,-0.8,101.62162780761719,0.07004434615373611,23.955768585205078,73.27627535780694,0.0008368218164183331,OFFBOARD,1
75.16,GLIDE_APPROACH,21.774120100461616,21.71145976293963,0,83.324,0.0,1,0.936129093170166,2.1697938832875465,-0.0056941847205346716,2.1697938832875465,-0.0056941847205346716,2.1697938832875465,-0.0056941847205346716,-0.8,101.7217025756836,0.06678277999162674,23.92255973815918,73.31827536999718,0.0008368218043285828,OFFBOARD,1
75.192,GLIDE_APPROACH,21.75603938878059,21.685516582957575,0,83.356,0.0,1,0.936129093170166,2.1603572224581167,-0.0009117115270258561,2.1603572224581167,-0.0009117115270258561,2.1603572224581167,-0.0009117115270258561,-0.8,101.8013687133789,0.06402138620615005,23.895902633666992,73.37227539728222,0.0008368217869681523,OFFBOARD,1
75.228,GLIDE_APPROACH,21.72852548617099,21.64849000409358,0,83.392,0.0,1,0.936129093170166,2.148933054554162,0.005743201925427578,2.148933054554162,0.005743201925427578,2.148933054554162,0.005743201925427578,-0.8,101.88066864013672,0.0611315555870533,23.86919593811035,73.42027540418431,0.0008368217722430616,OFFBOARD,1
75.26,GLIDE_APPROACH,21.710150049254494,21.623015120323302,0,83.424,0.0,1,0.936129093170166,2.140402349847632,0.010624152144363297,2.140402349847632,0.010624152144363297,2.140402349847632,0.010624152144363297,-0.8,101.95962524414062,0.05813723802566528,23.84246826171875,73.47427539470044,0.0008368217564720385,OFFBOARD,1
75.292,GLIDE_APPROACH,21.68831903288297,21.594012262545505,0,83.456,0.0,1,0.936129093170166,2.1317907049536173,0.01611621799692642,2.1317907049536173,0.01611621799692642,2.1317907049536173,0.01611621799692642,-0.8,102.0382308959961,0.055064693093299866,23.815715789794922,73.52227539919052,0.0008368217417469481,OFFBOARD,1
75.332,GLIDE_APPROACH,21.663558796966097,21.5617098005745,0,83.496,0.0,1,0.936129093170166,2.1227239456897444,0.02232391182297109,2.1227239456897444,0.02232391182297109,2.1227239456897444,0.02232391182297109,-0.8,102.11649322509766,0.05193604156374931,23.78872299194336,73.57627541501869,0.0008368217243865176,OFFBOARD,1
75.36,GLIDE_APPROACH,21.638067252190535,21.529639418921285,0,83.524,0.0,1,0.9429622292518616,2.1164823661341403,0.02625485133829883,2.1164823661341403,0.02625485133829883,2.1164823661341403,0.02625485133829883,-0.8,102.21385955810547,0.047962989658117294,23.755008697509766,73.62427541439676,0.0008368217096614272,OFFBOARD,1
75.392,GLIDE_APPROACH,21.619094102520652,21.505253095070245,0,83.556,0.0,1,0.9429622292518616,2.1099751009993875,0.031098675530484003,2.1099751009993875,0.031098675530484003,2.1099751009993875,0.031098675530484003,-0.8,102.29132843017578,0.04476974904537201,23.72812271118164,73.66627541107579,0.0008368216975716768,OFFBOARD,1
75.428,GLIDE_APPROACH,21.59091623111913,21.47079137581896,0,83.592,0.0,1,0.9429622292518616,2.1024213808126437,0.03744096623195469,2.1024213808126437,0.03744096623195469,2.1024213808126437,0.03744096623195469,-0.8,102.36829376220703,0.04175131767988205,23.701539993286133,73.72627542117027,0.0008368216791653138,OFFBOARD,1
75.46,GLIDE_APPROACH,21.571987548268904,21.447343655702774,0,83.624,0.0,1,0.9429622292518616,2.096985706478154,0.04182098792853326,2.096985706478154,0.04182098792853326,2.096985706478154,0.04182098792853326,-0.8,102.44470977783203,0.03893480822443962,23.675264358520508,73.77427541945231,0.0008368216644402234,OFFBOARD,1
75.496,GLIDE_APPROACH,21.54390280599613,21.414225437080923,0,83.66,0.0,1,0.9429622292518616,2.090924091068947,0.047468016469045825,2.090924091068947,0.047468016469045825,2.090924091068947,0.047468016469045825,-0.8,102.5219497680664,0.036932043731212616,23.64962387084961,73.82227540890672,0.000836821649715133,OFFBOARD,1
75.528,GLIDE_APPROACH,21.524819935890125,21.39171131730764,0,83.692,0.0,1,0.9429622292518616,2.0867979676665933,0.05134448498279776,2.0867979676665933,0.05134448498279776,2.0867979676665933,0.05134448498279776,-0.8,102.59857177734375,0.03510400280356407,23.624162673950195,73.87627540257697,0.0008368216323547022,OFFBOARD,1
75.56,GLIDE_APPROACH,21.502455753309913,21.36629802322923,0,83.724,0.0,1,0.9429622292518616,2.0831214630135335,0.055400632141737176,2.0831214630135335,0.055400632141737176,2.0831214630135335,0.055400632141737176,-0.8,102.69346618652344,0.0330708771944046,23.59239959716797,73.9242753990718,0.0008368216176296118,OFFBOARD,1
75.592,GLIDE_APPROACH,21.4768170195624,21.338146475835245,0,83.756,0.0,1,0.9429622292518616,2.080090918101631,0.0595439836553455,2.080090918101631,0.0595439836553455,2.080090918101631,0.0595439836553455,-0.8,102.76876068115234,0.0316573791205883,23.567054748535156,73.96627538417881,0.0008368216055398614,OFFBOARD,1
75.628,GLIDE_APPROACH,21.454343912925403,21.31382537223506,0,83.792,0.0,1,0.9429622292518616,2.0778636999271765,0.06315557570549593,2.0778636999271765,0.06315557570549593,2.0778636999271765,0.06315557570549593,-0.8,102.84347534179688,0.030433544889092445,23.54172134399414,74.02027537942593,0.0008368215881794307,OFFBOARD,1
75.66,GLIDE_APPROACH,21.431365284246628,21.28980829852987,0,83.824,0.0,1,0.9429622292518616,2.076604978376094,0.06642279624939962,2.076604978376094,0.06642279624939962,2.076604978376094,0.06642279624939962,-0.8,102.91767120361328,0.029395803809165955,23.51642608642578,74.06827537778877,0.0008368215734543401,OFFBOARD,1
75.692,GLIDE_APPROACH,21.405060268495628,21.263148980120242,0,83.856,0.0,1,0.9429622292518616,2.076162345784999,0.06972393577646047,2.076162345784999,0.06972393577646047,2.076162345784999,0.06972393577646047,-0.8,102.99137115478516,0.028523404151201248,23.491209030151367,74.12227536351595,0.0008368215576833169,OFFBOARD,1
75.732,GLIDE_APPROACH,21.381726053859808,21.240082766057927,0,83.896,0.0,1,0.9429622292518616,2.076472049330837,0.0726289366435656,2.076472049330837,0.0726289366435656,2.076472049330837,0.0726289366435656,-0.8,103.06460571289062,0.02781646139919758,23.465957641601562,74.18227535440876,0.0008368215392769539,OFFBOARD,1
75.76,GLIDE_APPROACH,21.357963729697566,21.126345812790635,0,83.924,0.0,1,0.9429622292518616,2.077581289346949,0.07522794752915735,2.077581289346949,0.07522794752915735,2.077581289346949,0.07522794752915735,-0.8,103.155517578125,0.02714264951646328,23.43438720703125,74.21827535631617,0.0008368215282331359,OFFBOARD,1
75.792,GLIDE_APPROACH,21.333931930761427,21.194763264410682,0,83.956,0.0,1,0.9429622292518616,2.079420280885955,0.07763368797447995,2.079420280885955,0.07763368797447995,2.079420280885955,0.07763368797447995,-0.8,103.227783203125,0.026781873777508736,23.4091796875,74.26627536710701,0.0008368215135080454,OFFBOARD,1
75.836,GLIDE_APPROACH,21.30349992671373,21.09542141367179,0,84.0,0.0,1,0.9429622292518616,2.0825825952727186,0.080275487474574,2.0825825952727186,0.080275487474574,2.0825825952727186,0.080275487474574,-0.8,103.37124633789062,0.026543522253632545,23.358802795410156,74.33827538998868,0.0008368214914204094,OFFBOARD,1
75.86,GLIDE_APPROACH,21.281952395109386,21.148009236061693,0,84.024,0.0,1,0.9429622292518616,2.085673713030061,0.08213428601256445,2.085673713030061,0.08213428601256445,2.085673713030061,0.08213428601256445,-0.8,103.37124633789062,0.026543522253632545,23.358802795410156,74.36827540141198,0.000836821481422524,OFFBOARD,1
75.896,GLIDE_APPROACH,21.256920218373224,21.126365454367324,0,84.06,0.0,1,0.9369668364524841,2.0875044575425408,0.08058860227194554,2.0875044575425408,0.08058860227194554,2.0875044575425408,0.08058860227194554,-0.8,103.44324493408203,0.026059988886117935,23.33382225036621,74.42227539114631,0.0008368214656515012,OFFBOARD,1
75.928,GLIDE_APPROACH,21.228137402051406,21.10213651095444,0,84.092,0.0,1,0.9369668364524841,2.0929594351977814,0.0826205047944124,2.0929594351977814,0.0826205047944124,2.0929594351977814,0.0826205047944124,-0.8,103.53291320800781,0.02562911994755268,23.302213668823242,74.47027538496641,0.0008368214509264106,OFFBOARD,1
75.96,GLIDE_APPROACH,21.20203678377367,21.08068896758885,0,84.124,0.0,1,0.9369668364524841,2.098538615530126,0.0843488486272718,2.098538615530126,0.0843488486272718,2.098538615530126,0.0843488486272718,-0.8,103.60441589355469,0.025391628965735435,23.276357650756836,74.52427539589651,0.0008368214335659798,OFFBOARD,1
75.992,GLIDE_APPROACH,21.175500883301503,21.059310163868115,0,84.156,0.0,1,0.9369668364524841,2.1047147560132373,0.08601198589042612,2.1047147560132373,0.08601198589042612,2.1047147560132373,0.08601198589042612,-0.8,103.67575073242188,0.02523174323141575,23.250240325927734,74.5662753877903,0.0008368214214762295,OFFBOARD,1
76.028,GLIDE_APPROACH,21.14518562512819,21.035327211840684,0,84.192,0.0,1,0.9369668364524841,2.112304027184083,0.08781195906048302,2.112304027184083,0.08781195906048302,2.112304027184083,0.08781195906048302,-0.8,103.74691009521484,0.025150060653686523,23.224000930786133,74.62627537571313,0.0008368214030698664,OFFBOARD,1
76.06,GLIDE_APPROACH,21.117869502664707,21.014060218437017,0,84.224,0.0,1,0.9369668364524841,2.1195547641888868,0.08935215460099351,2.1195547641888868,0.08935215460099351,2.1195547641888868,0.08935215460099351,-0.8,103.8179702758789,0.025141343474388123,23.197669982910156,74.67427535686465,0.0008368213883447761,OFFBOARD,1
76.092,GLIDE_APPROACH,21.090238505998006,20.992833759768054,0,84.256,0.0,1,0.9369668364524841,2.12723218733454,0.09083690794548403,2.12723218733454,0.09083690794548403,2.12723218733454,0.09083690794548403,-0.8,103.8888931274414,0.025201445445418358,23.17130470275879,74.72227533080144,0.0008368213736196855,OFFBOARD,1
76.128,GLIDE_APPROACH,21.05881518929622,20.968994513805843,0,84.292,0.0,1,0.9369668364524841,2.1363247345238965,0.09244070206479131,2.1363247345238965,0.09244070206479131,2.1363247345238965,0.09244070206479131,-0.8,103.95972442626953,0.02534102462232113,23.144886016845703,74.77627530896999,0.0008368213562592548,OFFBOARD,1
76.16,GLIDE_APPROACH,21.030612372291653,20.859416429829505,0,84.324,0.0,1,0.9369668364524841,2.144771998078161,0.09380638149906849,2.144771998078161,0.09380638149906849,2.144771998078161,0.09380638149906849,-0.8,104.04814147949219,0.02562020719051361,23.11174774169922,74.82427529494154,0.0008368213415341644,OFFBOARD,1
76.192,GLIDE_APPROACH,21.002173508366152,20.926694344985762,0,84.356,0.0,1,0.9369668364524841,2.153524521073135,0.09511367000460648,2.153524521073135,0.09511367000460648,2.153524521073135,0.09511367000460648,-0.8,104.11874389648438,0.02592189610004425,23.085290908813477,74.8722752919149,0.0008368213268090739,OFFBOARD,1
76.232,GLIDE_APPROACH,20.96315724985204,20.89752823778136,0,84.396,0.0,1,0.9369668364524841,2.1653322903075973,0.09670936236297902,2.1653322903075973,0.09670936236297902,2.1653322903075973,0.09670936236297902,-0.8,104.1893081665039,0.026291636750102043,23.058900833129883,74.92627529299443,0.0008368213110380509,OFFBOARD,1
76.26,GLIDE_APPROACH,20.941032652119638,20.881808075967925,0,84.424,0.0,1,0.9369668364524841,2.1730121576652626,0.097690209565709,2.1730121576652626,0.097690209565709,2.1730121576652626,0.097690209565709,-0.8,104.25981903076172,0.02673063427209854,23.032480239868164,74.9742753085281,0.0008368212963129604,OFFBOARD,1
76.292,GLIDE_APPROACH,20.908800036957672,20.85791873331418,0,84.456,0.0,1,0.9369668364524841,2.183017179573693,0.09883599466942312,2.183017179573693,0.09883599466942312,2.183017179573693,0.09883599466942312,-0.8,104.33048248291016,0.026062816381454468,23.007020950317383,75.02227531722602,0.0008368212815878698,OFFBOARD,1
76.328,GLIDE_APPROACH,20.875875219189666,20.834124381978167,0,84.492,0.0,1,0.9369668364524841,2.193967013984747,0.10000243273921748,2.193967013984747,0.10000243273921748,2.193967013984747,0.10000243273921748,-0.8,104.40108489990234,0.02554122358560562,22.98137092590332,75.07627532902916,0.000836821264227439,OFFBOARD,1
76.36,GLIDE_APPROACH,20.846418731629306,20.812945727937223,0,84.524,0.0,1,0.9448235034942627,2.2161172451070184,0.10189943259210965,2.2161172451070184,0.10189943259210965,2.2161172451070184,0.10189943259210965,-0.8,104.48934173583984,0.025109820067882538,22.949234008789062,75.12427534107854,0.0008368212495023484,OFFBOARD,1
76.392,GLIDE_APPROACH,20.819909397530576,20.794743591045005,0,84.556,0.0,1,0.9448235034942627,2.2260817292953425,0.10263606690483015,2.2260817292953425,0.10263606690483015,2.2260817292953425,0.10263606690483015,-0.8,104.55982208251953,0.024972258135676384,22.923458099365234,75.16627535084223,0.0008368212374125981,OFFBOARD,1
76.428,GLIDE_APPROACH,20.786306008713147,20.771638965680378,0,84.592,0.0,1,0.9448235034942627,2.2386811232525323,0.10305807848517881,2.2386811232525323,0.10305807848517881,2.2386811232525323,0.10305807848517881,-0.8,104.6298828125,0.025210533291101456,22.89745330810547,75.22627537847661,0.000836821219006235,OFFBOARD,1
76.46,GLIDE_APPROACH,20.75313407617718,20.748904616099708,0,84.624,0.0,1,0.9448235034942627,2.251206276788645,0.10293838112888326,2.251206276788645,0.10293838112888326,2.251206276788645,0.10293838112888326,-0.8,104.69953155517578,0.025853978469967842,22.871252059936523,75.27427539102487,0.0008368212042811444,OFFBOARD,1
76.492,GLIDE_APPROACH,20.726154026909732,20.73175585940593,0,84.656,0.0,1,0.9448235034942627,2.2630049183047407,0.10272899421328663,2.2630049183047407,0.10272899421328663,2.2630049183047407,0.10272899421328663,-0.8,104.76889038085938,0.025950821116566658,22.845800399780273,75.3162754135105,0.0008368211906019863,OFFBOARD,1
76.528,GLIDE_APPROACH,20.69216123647824,20.709927360608027,0,84.692,0.0,1,0.9448235034942627,2.27760626185822,0.10195274718475206,2.27760626185822,0.10195274718475206,2.27760626185822,0.10195274718475206,-0.8,104.83784484863281,0.026504291221499443,22.820314407348633,75.37627544467156,0.0008368211721956231,OFFBOARD,1
76.56,GLIDE_APPROACH,20.66187565540935,20.690834661762832,0,84.724,0.0,1,0.9448235034942627,2.291039434958521,0.10092375778880758,2.291039434958521,0.10092375778880758,2.291039434958521,0.10092375778880758,-0.8,104.92356872558594,0.027791576460003853,22.788419723510742,75.41827546528907,0.0008368211601058729,OFFBOARD,1
76.592,GLIDE_APPROACH,20.631535868387427,20.67198554098939,0,84.756,0.0,1,0.9448235034942627,2.304839207769734,0.09959356703018477,2.304839207769734,0.09959356703018477,2.304839207769734,0.09959356703018477,-0.8,104.99181365966797,0.029267100617289543,22.762882232666016,75.47227551610523,0.0008368211427454422,OFFBOARD,1
76.632,GLIDE_APPROACH,20.597350172764365,20.651008616105976,0,84.796,0.0,1,0.9448235034942627,2.3206989582321476,0.09776068625852108,2.3206989582321476,0.09776068625852108,2.3206989582321476,0.09776068625852108,-0.8,105.05982208251953,0.03110528737306595,22.737361907958984,75.53227556225384,0.000836821124339079,OFFBOARD,1
76.66,GLIDE_APPROACH,20.566924917082147,20.632509170368348,0,84.824,0.0,1,0.9448235034942627,2.335015819127583,0.09585373949435039,2.335015819127583,0.09585373949435039,2.335015819127583,0.09585373949435039,-0.8,105.12764739990234,0.03326534852385521,22.711820602416992,75.57427557606886,0.0008368211122493287,OFFBOARD,1
76.692,GLIDE_APPROACH,20.536476531607132,20.61409648236156,0,84.856,0.0,1,0.9448235034942627,2.3494736650882744,0.09370558618211841,2.3494736650882744,0.09370558618211841,2.3494736650882744,0.09370558618211841,-0.8,105.1953353881836,0.03572499752044678,22.686254501342773,75.61627560681313,0.0008368210985701708,OFFBOARD,1
76.728,GLIDE_APPROACH,20.502210861576074,20.593429014549375,0,84.892,0.0,1,0.9447264671325684,2.3835792663600235,0.0944609821558054,2.3835792663600235,0.0944609821558054,2.3835792663600235,0.0944609821558054,-0.8,105.26290893554688,0.038457632064819336,22.660724639892578,75.6702756354775,0.0008368210827991479,OFFBOARD,1
76.76,GLIDE_APPROACH,20.47175872382429,20.575054523710126,0,84.924,0.0,1,0.9447264671325684,2.398089389503489,0.09185978465052476,2.398089389503489,0.09185978465052476,2.398089389503489,0.09185978465052476,-0.8,105.3473129272461,0.04222763702273369,22.62883758544922,75.72427568664084,0.0008368210654387172,OFFBOARD,1
76.792,GLIDE_APPROACH,20.441327314609726,20.55663939374369,0,84.956,0.0,1,0.9447264671325684,2.41251887255092,0.08907046275080391,2.41251887255092,0.08907046275080391,2.41251887255092,0.08907046275080391,-0.8,105.4148178100586,0.04550539702177048,22.603424072265625,75.77227573063759,0.0008368210507136266,OFFBOARD,1
76.828,GLIDE_APPROACH,20.40713847306467,20.535833669113714,0,84.992,0.0,1,0.9447264671325684,2.428598127935146,0.08572552229030736,2.428598127935146,0.08572552229030736,2.428598127935146,0.08572552229030736,-0.8,105.48237609863281,0.04897800087928772,22.57794761657715,75.82627577015623,0.0008368210349426037,OFFBOARD,1
76.86,GLIDE_APPROACH,20.373696009742634,20.514773359888768,0,85.024,0.0,1,0.9447264671325684,2.443473398476531,0.08207601474570439,2.443473398476531,0.08207601474570439,2.443473398476531,0.08207601474570439,-0.8,105.56690216064453,0.05357324331998825,22.54599952697754,75.87427579958637,0.0008368210202175132,OFFBOARD,1
76.896,GLIDE_APPROACH,20.343593738705373,20.49588637932286,0,85.06,0.0,1,0.9447264671325684,2.4569448637567013,0.07920697181937988,2.4569448637567013,0.07920697181937988,2.4569448637567013,0.07920697181937988,-0.8,105.63439178466797,0.05534499138593674,22.520246505737305,75.92827584330065,0.0008368210028570825,OFFBOARD,1
76.928,GLIDE_APPROACH,20.313212092952778,20.476726527777576,0,85.092,0.0,1,0.9447264671325684,2.470420030601926,0.07708805846635039,2.470420030601926,0.07708805846635039,2.470420030601926,0.07708805846635039,-0.8,105.70222473144531,0.05678107962012291,22.49472999572754,75.97627587300835,0.0008368209881319919,OFFBOARD,1
76.96,GLIDE_APPROACH,20.283862376587333,20.457030840372507,0,85.124,0.0,1,0.9447264671325684,2.4820111822372737,0.07552294078506605,2.4820111822372737,0.07552294078506605,2.4820111822372737,0.07552294078506605,-0.8,105.77040100097656,0.05781072378158569,22.469518661499023,76.02427588998368,0.0008368209734069013,OFFBOARD,1
76.992,GLIDE_APPROACH,20.251832477668167,20.434236930509268,0,85.156,0.0,1,0.9447264671325684,2.4930985197470172,0.07443424154497649,2.4930985197470172,0.07443424154497649,2.4930985197470172,0.07443424154497649,-0.8,105.83898162841797,0.058423545211553574,22.44452476501465,76.07227589533146,0.0008368209586818107,OFFBOARD,1
77.028,GLIDE_APPROACH,20.22243366670311,20.413733778651707,0,85.192,0.0,1,0.9447264671325684,2.5,0.07431657625755997,2.5,0.07431657625755997,2.5,0.07431657625755997,-0.8,105.907958984375,0.05860968306660652,22.419828414916992,76.12027588981668,0.0008368209439567204,OFFBOARD,1
77.06,GLIDE_APPROACH,20.193865896612188,20.392671637536356,0,85.224,0.0,1,0.9447264671325684,2.5,0.07466765497427039,2.5,0.07466765497427039,2.5,0.07466765497427039,-0.8,105.97733306884766,0.058390047401189804,22.395158767700195,76.1742758651567,0.0008368209281856976,OFFBOARD,1
77.092,GLIDE_APPROACH,20.165475185987916,20.371175883393352,0,85.256,0.0,1,0.9447264671325684,2.5,0.07553189400403436,2.5,0.07553189400403436,2.5,0.07553189400403436,-0.8,106.04710388183594,0.05780462920665741,22.370519638061523,76.22227585446923,0.000836820913460607,OFFBOARD,1
77.128,GLIDE_APPROACH,20.13372904548045,20.346487900302705,0,85.292,0.0,1,0.9447264671325684,2.5,0.07704019008407394,2.5,0.07704019008407394,2.5,0.07704019008407394,-0.8,106.11724853515625,0.056886665523052216,22.345806121826172,76.27627586116982,0.0008368208961001764,OFFBOARD,1
77.16,GLIDE_APPROACH,20.10269706270518,20.321164638943266,0,85.324,0.0,1,0.9447264671325684,2.5,0.07893123938051447,2.5,0.07893123938051447,2.5,0.07893123938051447,-0.8,106.2054672241211,0.055346645414829254,22.314748764038086,76.32427586972184,0.0008368208813750861,OFFBOARD,1
77.192,GLIDE_APPROACH,20.074792968830124,20.29834645468823,0,85.356,0.0,1,0.9392881989479065,2.5,0.08135941934735144,2.5,0.08135941934735144,2.5,0.08135941934735144,-0.8,106.27645111083984,0.053859058767557144,22.28980827331543,76.37227588616973,0.0008368208666499955,OFFBOARD,1
77.228,GLIDE_APPROACH,20.04658707742627,20.203950320035904,0,85.392,0.0,1,0.9392881989479065,2.5,0.08385249641013928,2.5,0.08385249641013928,2.5,0.08385249641013928,-0.8,106.34778594970703,0.052182912826538086,22.264781951904297,76.42027590999332,0.0008368208519249049,OFFBOARD,1
77.26,GLIDE_APPROACH,20.019045097796393,20.251735768238806,0,85.424,0.0,1,0.9392881989479065,2.5,0.08648176739503202,2.5,0.08648176739503202,2.5,0.08648176739503202,-0.8,106.41947937011719,0.050338178873062134,22.24003791809082,76.46827594018013,0.0008368208371998145,OFFBOARD,1
77.296,GLIDE_APPROACH,19.985273539831837,20.221728673845714,0,85.46,0.0,1,0.9392881989479065,2.5,0.0899572741603886,2.5,0.0899572741603886,2.5,0.0899572741603886,-0.8,106.49175262451172,0.048347748816013336,22.215578079223633,76.52827598580332,0.0008368208187934513,OFFBOARD,1
77.328,GLIDE_APPROACH,19.958128213310783,20.197473176355086,0,85.492,0.0,1,0.9392881989479065,2.5,0.09302427010923545,2.5,0.09302427010923545,2.5,0.09302427010923545,-0.8,106.5643081665039,0.046212587505578995,22.1909122467041,76.57027600894976,0.0008368208067037011,OFFBOARD,1
77.36,GLIDE_APPROACH,19.93421022442329,20.176133839917664,0,85.524,0.0,1,0.9392881989479065,2.5,0.09594364106493297,2.5,0.09594364106493297,2.5,0.09594364106493297,-0.8,106.65534973144531,0.043392352759838104,22.159997940063477,76.62427604146866,0.0008368207893432705,OFFBOARD,1
77.396,GLIDE_APPROACH,19.9038476616796,20.148232693710245,0,85.56,0.0,1,0.9392881989479065,2.5,0.09894873379739849,2.5,0.09894873379739849,2.5,0.09894873379739849,-0.8,106.72844696044922,0.04120730981230736,22.135089874267578,76.67827604348854,0.0008368207735722474,OFFBOARD,1
77.428,GLIDE_APPROACH,19.876645420051616,20.123145759221558,0,85.592,0.0,1,0.9392881989479065,2.5,0.1005828170686981,2.5,0.1005828170686981,2.5,0.1005828170686981,-0.8,106.80182647705078,0.03979057818651199,22.109743118286133,76.72627604034854,0.000836820758847157,OFFBOARD,1
77.464,GLIDE_APPROACH,19.84937177671166,20.097796270298787,0,85.628,0.0,1,0.9392881989479065,2.5,0.10123564349450334,2.5,0.10123564349450334,2.5,0.10123564349450334,-0.8,106.87547302246094,0.03921876847743988,22.08387565612793,76.78027603267165,0.0008368207414867263,OFFBOARD,1
77.496,GLIDE_APPROACH,19.822155519427096,20.07218855612142,0,85.66,0.0,1,0.9392881989479065,2.5,0.10091723830332716,2.5,0.10091723830332716,2.5,0.10091723830332716,-0.8,106.96791076660156,0.03967824578285217,22.051071166992188,76.82827600978914,0.0008368207267616358,OFFBOARD,1
77.528,GLIDE_APPROACH,19.791724200463772,20.043078521890546,0,85.692,0.0,1,0.9392881989479065,2.5,0.09943908232852994,2.5,0.09943908232852994,2.5,0.09943908232852994,-0.8,107.02359771728516,0.04057275503873825,22.031211853027344,76.87627597894533,0.0008368207120365453,OFFBOARD,1
77.56,GLIDE_APPROACH,19.764908638454408,20.01694371710717,0,85.724,0.0,1,0.9392881989479065,2.5,0.09718695654411866,2.5,0.09718695654411866,2.5,0.09718695654411866,-0.8,107.11674499511719,0.04303940758109093,21.997936248779297,76.92427594297122,0.0008368206973114548,OFFBOARD,1
77.592,GLIDE_APPROACH,19.738357885127954,19.990574221541763,0,85.756,0.0,1,0.9392881989479065,2.5,0.094119552923592,2.5,0.094119552923592,2.5,0.094119552923592,-0.8,107.1915512084961,0.045824721455574036,21.971172332763672,76.97227591581262,0.0008368206825863643,OFFBOARD,1
77.628,GLIDE_APPROACH,19.705604382142532,19.95717935237169,0,85.792,0.0,1,0.9392881989479065,2.5,0.0891490223115779,2.5,0.0891490223115779,2.5,0.0891490223115779,-0.8,107.2666015625,0.04924618825316429,21.944345474243164,77.02627588347596,0.0008368206668153415,OFFBOARD,1
77.66,GLIDE_APPROACH,19.686146511262695,19.861962178898487,0,85.824,0.0,1,0.9385040402412415,2.5,0.08655784371661082,2.5,0.08655784371661082,2.5,0.08655784371661082,-0.8,107.34191131591797,0.053253039717674255,21.917518615722656,77.07427585452585,0.000836820652090251,OFFBOARD,1
77.692,GLIDE_APPROACH,19.657304376060992,19.906772004560136,0,85.856,0.0,1,0.9385040402412415,2.5,0.0807127104833808,2.5,0.0807127104833808,2.5,0.0807127104833808,-0.8,107.41764068603516,0.05734255537390709,21.891128540039062,77.12227581905414,0.0008368206373651604,OFFBOARD,1
77.728,GLIDE_APPROACH,19.625636152821837,19.87259563288441,0,85.892,0.0,1,0.9385040402412415,2.5,0.07346539450785966,2.5,0.07346539450785966,2.5,0.07346539450785966,-0.8,107.49356079101562,0.0619465596973896,21.864519119262695,77.17027578152499,0.0008368206226400699,OFFBOARD,1
77.76,GLIDE_APPROACH,19.603915752900313,19.84870893672441,0,85.924,0.0,1,0.9385040402412415,2.5,0.06814654788748328,2.5,0.06814654788748328,2.5,0.06814654788748328,-0.8,107.58870697021484,0.06835870444774628,21.831161499023438,77.22427576062502,0.0008368206052796391,OFFBOARD,1
77.796,GLIDE_APPROACH,19.57604628347618,19.817542056638807,0,85.96,0.0,1,0.9385040402412415,2.5,0.06063924098834129,2.5,0.06063924098834129,2.5,0.06063924098834129,-0.8,107.6650161743164,0.07392924278974533,21.804380416870117,77.27827573936175,0.0008368205895086161,OFFBOARD,1
77.828,GLIDE_APPROACH,19.551924503497872,19.789896066293807,0,85.992,0.0,1,0.9385040402412415,2.5,0.05379242032609118,2.5,0.05379242032609118,2.5,0.05379242032609118,-0.8,107.74147033691406,0.07984360307455063,21.77762222290039,77.32027574619048,0.0008368205758294581,OFFBOARD,1
77.86,GLIDE_APPROACH,19.524735275995674,19.758371251403087,0,86.024,0.0,1,0.9385040402412415,2.5,0.04553465063556953,2.5,0.04553465063556953,2.5,0.04553465063556953,-0.8,107.81806945800781,0.08608437329530716,21.750797271728516,77.374275746663,0.0008368205600584352,OFFBOARD,1
77.892,GLIDE_APPROACH,19.50135357576258,19.730359315420905,0,86.056,0.0,1,0.9385040402412415,2.5,0.03855457100404575,2.5,0.03855457100404575,2.5,0.03855457100404575,-0.8,107.89476776123047,0.0925174206495285,21.724023818969727,77.42227574813836,0.0008368205453333448,OFFBOARD,1
77.936,GLIDE_APPROACH,19.478978348005917,19.702411412284246,0,86.1,0.0,1,0.9385040402412415,2.5,0.03225703633126999,2.5,0.03225703633126999,2.5,0.03225703633126999,-0.8,107.97151947021484,0.09861191362142563,21.697555541992188,77.48827575584062,0.0008368205242916413,OFFBOARD,1
77.96,GLIDE_APPROACH,19.456925204654127,19.674302534666133,0,86.124,0.0,1,0.9385040402412415,2.5,0.02646154393048359,2.5,0.02646154393048359,2.5,0.02646154393048359,-0.8,108.06749725341797,0.10560550540685654,21.66501235961914,77.52427576133063,0.0008368205132478234,OFFBOARD,1
77.992,GLIDE_APPROACH,19.43535904862143,19.646161120589078,0,86.156,0.0,1,0.9385040402412415,2.5,0.021271760561762915,2.5,0.021271760561762915,2.5,0.021271760561762915,-0.8,108.14427947998047,0.11068932712078094,21.63926124572754,77.56627575459927,0.0008368205011580732,OFFBOARD,1
78.028,GLIDE_APPROACH,19.411556049854315,19.614472614835034,0,86.192,0.0,1,0.9385040402412415,2.5,0.016140070777629377,2.5,0.016140070777629377,2.5,0.016140070777629377,-0.8,108.22106170654297,0.11531560122966766,21.61365509033203,77.6262757440901,0.00083682048275171,OFFBOARD,1
78.06,GLIDE_APPROACH,19.39073298445765,19.586283073003706,0,86.224,0.0,1,0.9385040402412415,2.5,0.012176667594987457,2.5,0.012176667594987457,2.5,0.012176667594987457,-0.8,108.29782104492188,0.11950581520795822,21.5881404876709,77.6742757264678,0.0008368204680266196,OFFBOARD,1
78.092,GLIDE_APPROACH,19.370184376311375,19.5580735074881,0,86.256,0.0,1,0.9385040402412415,2.4926556205412576,0.00873903971965976,2.4926556205412576,0.00873903971965976,2.4926556205412576,0.00873903971965976,-0.8,108.375244140625,0.12379039824008942,21.563785552978516,77.71627571279258,0.0008368204543474613,OFFBOARD,1
78.128,GLIDE_APPROACH,19.347361424781656,19.526312068460456,0,86.292,0.0,1,0.9385040402412415,2.481931191952965,0.005450100841081003,2.481931191952965,0.005450100841081003,2.481931191952965,0.005450100841081003,-0.8,108.45258331298828,0.1276637464761734,21.539365768432617,77.77627568125521,0.0008368204359410983,OFFBOARD,1
78.16,GLIDE_APPROACH,19.327307311746637,19.49805411373684,0,86.324,0.0,1,0.9408550262451172,2.4609795438010056,0.0029955706039573662,2.4609795438010056,0.0029955706039573662,2.4609795438010056,0.0029955706039573662,-0.8,108.54916381835938,0.13195936381816864,21.508689880371094,77.82427566850532,0.0008368204212160079,OFFBOARD,1
78.192,GLIDE_APPROACH,19.304416663182874,19.388908927907952,0,86.356,0.0,1,0.9408550262451172,2.4501246776078487,0.0006130294042751144,2.4501246776078487,0.0006130294042751144,2.4501246776078487,0.0006130294042751144,-0.8,108.6263656616211,0.13499639928340912,21.484346389770508,77.86627565872492,0.0008368204091262575,OFFBOARD,1
78.228,GLIDE_APPROACH,19.285299821164763,19.437914364310224,0,86.392,0.0,1,0.9408550262451172,2.4392303120071337,-0.0009277009990134172,2.4392303120071337,-0.0009277009990134172,2.4392303120071337,-0.0009277009990134172,-0.8,108.7035140991211,0.13771729171276093,21.459869384765625,77.92027566950226,0.0008368203917658266,OFFBOARD,1
78.26,GLIDE_APPROACH,19.262731298517508,19.40590822671095,0,86.424,0.0,1,0.9408550262451172,2.4279068578343823,-0.0024709179255126973,2.4279068578343823,-0.0024709179255126973,2.4279068578343823,-0.0024709179255126973,-0.8,108.78065490722656,0.14014950394630432,21.435333251953125,77.9682756640826,0.0008368203770407361,OFFBOARD,1
78.292,GLIDE_APPROACH,19.246355874491154,19.38120442070585,0,86.456,0.0,1,0.9408550262451172,2.417913459274695,-0.003218802201275444,2.417913459274695,-0.003218802201275444,2.417913459274695,-0.003218802201275444,-0.8,108.85771942138672,0.14231114089488983,21.410707473754883,78.02227564084279,0.0008368203612697133,OFFBOARD,1
78.328,GLIDE_APPROACH,19.22464402009698,19.349283516309427,0,86.492,0.0,1,0.9408550262451172,2.4056598363430006,-0.0039737349153985725,2.4056598363430006,-0.0039737349153985725,2.4056598363430006,-0.0039737349153985725,-0.8,108.93473815917969,0.14421771466732025,21.386157989501953,78.07627563128396,0.0008368203439092825,OFFBOARD,1
78.36,GLIDE_APPROACH,19.205436690970714,19.320917670266706,0,86.524,0.0,1,0.9408550262451172,2.3946740004808302,-0.00434294913954756,2.3946740004808302,-0.00434294913954756,2.3946740004808302,-0.00434294913954756,-0.8,109.03095245361328,0.1462472826242447,21.35525131225586,78.12427562552008,0.0008368203291841919,OFFBOARD,1
78.392,GLIDE_APPROACH,19.180043293095796,19.28516977256037,0,86.556,0.0,1,0.9408550262451172,2.382248728977801,-0.0046838393935467425,2.382248728977801,-0.0046838393935467425,2.382248728977801,-0.0046838393935467425,-0.8,109.10785675048828,0.14762428402900696,21.330326080322266,78.17227561495784,0.0008368203144591012,OFFBOARD,1
78.428,GLIDE_APPROACH,19.16438138495205,19.260458662891523,0,86.592,0.0,1,0.9408550262451172,2.3713891373937366,-0.004424407468226602,2.3713891373937366,-0.004424407468226602,2.3713891373937366,-0.004424407468226602,-0.8,109.18480682373047,0.14884011447429657,21.30518341064453,78.22027559686624,0.0008368202997340106,OFFBOARD,1
78.468,GLIDE_APPROACH,19.14483060797215,19.133753409654293,0,86.632,0.0,1,0.9408550262451172,2.360559555020596,-0.004197901086896119,2.360559555020596,-0.004197901086896119,2.360559555020596,-0.004197901086896119,-0.8,109.35990905761719,0.15080881118774414,21.248796463012695,78.28627555314108,0.0008368202802817151,OFFBOARD,1
78.492,GLIDE_APPROACH,19.122015836710197,19.1995548630119,0,86.656,0.0,1,0.9408550262451172,2.3491420993489007,-0.003844124800909513,2.3491420993489007,-0.003844124800909513,2.3491420993489007,-0.003844124800909513,-0.8,109.35990905761719,0.15080881118774414,21.248796463012695,78.31627554058643,0.0008368202702838298,OFFBOARD,1
78.532,GLIDE_APPROACH,19.09977377027899,19.16729895100329,0,86.696,0.0,1,0.9408550262451172,2.3371211715779006,-0.0031839206926531707,2.3371211715779006,-0.0031839206926531707,2.3371211715779006,-0.0031839206926531707,-0.8,109.4189682006836,0.1512051522731781,21.23016929626465,78.38227549082258,0.0008368202508315342,OFFBOARD,1
78.56,GLIDE_APPROACH,19.083097274394927,19.142316134125192,0,86.724,0.0,1,0.9408550262451172,2.3271567628418013,-0.0024302013941830992,2.3271567628418013,-0.0024302013941830992,2.3271567628418013,-0.0024302013941830992,-0.8,109.51725006103516,0.15173576772212982,21.198713302612305,78.42427548353511,0.0008368202371523761,OFFBOARD,1
78.592,GLIDE_APPROACH,19.06317696370168,19.113640370677796,0,86.756,0.0,1,0.9408550262451172,2.3166493975064353,-0.0015325668654911605,2.3166493975064353,-0.0015325668654911605,2.3166493975064353,-0.0015325668654911605,-0.8,109.59569549560547,0.15203118324279785,21.173227310180664,78.472275477478,0.0008368202224272857,OFFBOARD,1
78.628,GLIDE_APPROACH,19.04067725595851,19.081418574196324,0,86.792,0.0,1,0.9408550262451172,2.3049811636740447,-0.00033538368348571754,2.3049811636740447,-0.00033538368348571754,2.3049811636740447,-0.00033538368348571754,-0.8,109.67398834228516,0.15222279727458954,21.147499084472656,78.52627546839526,0.000836820206656263,OFFBOARD,1
78.66,GLIDE_APPROACH,19.01739575454853,19.04915197052049,0,86.824,0.0,1,0.9435191750526428,2.2747486803025665,0.0006439642380807603,2.2747486803025665,0.0006439642380807603,2.2747486803025665,0.0006439642380807603,-0.8,109.7520980834961,0.152313232421875,21.12166976928711,78.57427545910653,0.0008368201919311724,OFFBOARD,1
78.692,GLIDE_APPROACH,19.00042282557277,19.02432972814661,0,86.856,0.0,1,0.9435191750526428,2.265331175695579,0.001953178292680803,2.265331175695579,0.001953178292680803,2.265331175695579,0.001953178292680803,-0.8,109.83003234863281,0.15229234099388123,21.095632553100586,78.61627545246522,0.0008368201782520141,OFFBOARD,1
78.728,GLIDE_APPROACH,18.97761745182698,18.99237603886694,0,86.892,0.0,1,0.9435191750526428,2.254350284167926,0.003668364864611154,2.254350284167926,0.003668364864611154,2.254350284167926,0.003668364864611154,-0.8,109.90776824951172,0.15217536687850952,21.06939125061035,78.67627542257698,0.0008368201598456509,OFFBOARD,1
78.76,GLIDE_APPROACH,18.957238972676297,18.867179293707785,0,86.924,0.0,1,0.9435191750526428,2.244860553378401,0.005336450432280926,2.244860553378401,0.005336450432280926,2.244860553378401,0.005336450432280926,-0.8,110.00468444824219,0.15189595520496368,21.03643798828125,78.72427539338192,0.0008368201451205606,OFFBOARD,1
78.792,GLIDE_APPROACH,18.93675190694369,18.935947198364328,0,86.956,0.0,1,0.9435191750526428,2.23566511340044,0.007132502129178958,2.23566511340044,0.007132502129178958,2.23566511340044,0.007132502129178958,-0.8,110.08197784423828,0.15158307552337646,21.009994506835938,78.76627536769205,0.0008368201330308102,OFFBOARD,1
78.828,GLIDE_APPROACH,18.913565879792092,18.904463436576645,0,86.992,0.0,1,0.9435191750526428,2.225707746072892,0.009297945826793254,2.225707746072892,0.009297945826793254,2.225707746072892,0.009297945826793254,-0.8,110.1590576171875,0.15119972825050354,20.983491897583008,78.82627534992275,0.0008368201146244469,OFFBOARD,1
78.86,GLIDE_APPROACH,18.892824701955156,18.876659798309436,0,87.024,0.0,1,0.9435191750526428,2.2172287237307255,0.011343980200494555,2.2172287237307255,0.011343980200494555,2.2172287237307255,0.011343980200494555,-0.8,110.23589324951172,0.15074872970581055,20.956872940063477,78.87427532903672,0.0008368200998993565,OFFBOARD,1
78.892,GLIDE_APPROACH,18.87209954452262,18.849099245867016,0,87.056,0.0,1,0.9435191750526428,2.2090217876345757,0.013491211505793181,2.2090217876345757,0.013491211505793181,2.2090217876345757,0.013491211505793181,-0.8,110.31295013427734,0.1496400535106659,20.93128776550293,78.91627531320407,0.0008368200862201986,OFFBOARD,1
78.928,GLIDE_APPROACH,18.84891445952636,18.818452074422922,0,87.092,0.0,1,0.9435191750526428,2.2000584109857733,0.016012564094695765,2.2000584109857733,0.016012564094695765,2.2000584109857733,0.016012564094695765,-0.8,110.3896484375,0.14854486286640167,20.90582275390625,78.9702752743769,0.0008368200704491755,OFFBOARD,1
78.96,GLIDE_APPROACH,18.82836712190674,18.79154118771643,0,87.124,0.0,1,0.9435191750526428,2.1924212587900938,0.01833414534236793,2.1924212587900938,0.01833414534236793,2.1924212587900938,0.01833414534236793,-0.8,110.4849624633789,0.14718836545944214,20.874164581298828,79.02427526548982,0.0008368200530887448,OFFBOARD,1
78.996,GLIDE_APPROACH,18.80780759807701,18.764950003967208,0,87.16,0.0,1,0.9435191750526428,2.185174251366913,0.020715982895444615,2.185174251366913,0.020715982895444615,2.185174251366913,0.020715982895444615,-0.8,110.56075286865234,0.1461268812417984,20.849102020263672,79.0782752558209,0.0008368200373177219,OFFBOARD,1
79.028,GLIDE_APPROACH,18.784582630684696,18.735420400250295,0,87.192,0.0,1,0.9435191750526428,2.1776057798256425,0.02344950311737915,2.1776057798256425,0.02344950311737915,2.1776057798256425,0.02344950311737915,-0.8,110.63616180419922,0.1450984627008438,20.824050903320312,79.12627525751716,0.0008368200225926314,OFFBOARD,1
79.064,GLIDE_APPROACH,18.76379295879372,18.70951217295254,0,87.228,0.0,1,0.9435191750526428,2.171453124477948,0.025912837501921797,2.171453124477948,0.025912837501921797,2.171453124477948,0.025912837501921797,-0.8,110.7112045288086,0.1441124677658081,20.799068450927734,79.18027525741027,0.0008368200052322008,OFFBOARD,1
79.096,GLIDE_APPROACH,18.74282388571515,18.683918526198205,0,87.26,0.0,1,0.9435191750526428,2.1658967536123477,0.0283964944453999,2.1658967536123477,0.0283964944453999,2.1658967536123477,0.0283964944453999,-0.8,110.78750610351562,0.14339596033096313,20.775178909301758,79.22227523690903,0.0008368199931424505,OFFBOARD,1
79.128,GLIDE_APPROACH,18.718974718749912,18.655492492010072,0,87.292,0.0,1,0.9435191750526428,2.1603968551949473,0.031203630678472982,2.1603968551949473,0.031203630678472982,2.1603968551949473,0.031203630678472982,-0.8,110.86328887939453,0.1427065134048462,20.751115798950195,79.27027522115179,0.0008368199784173599,OFFBOARD,1
79.16,GLIDE_APPROACH,18.694460310428465,18.6273280022576,0,87.324,0.0,1,0.9404006600379944,2.164901877585695,0.03797938729812299,2.164901877585695,0.03797938729812299,2.164901877585695,0.03797938729812299,-0.8,110.95732879638672,0.14189475774765015,20.720815658569336,79.32427522391038,0.0008368199610569291,OFFBOARD,1
79.192,GLIDE_APPROACH,18.675773075422942,18.605877817551125,0,87.356,0.0,1,0.9404006600379944,2.1615758592830194,0.04026021161617886,2.1615758592830194,0.04026021161617886,2.1615758592830194,0.04026021161617886,-0.8,111.03208923339844,0.14127656817436218,20.696332931518555,79.37227523056539,0.0008368199463318383,OFFBOARD,1
79.228,GLIDE_APPROACH,18.650973607637457,18.5784633419027,0,87.392,0.0,1,0.9404006600379944,2.1584289217383854,0.0430588068831296,2.1584289217383854,0.0430588068831296,2.1584289217383854,0.0430588068831296,-0.8,111.10641479492188,0.1406787782907486,20.671669006347656,79.42627523624417,0.0008368199305608152,OFFBOARD,1
79.26,GLIDE_APPROACH,18.628612765678596,18.554379990845163,0,87.424,0.0,1,0.9404006600379944,2.1563534664150272,0.045533971694079745,2.1563534664150272,0.045533971694079745,2.1563534664150272,0.045533971694079745,-0.8,111.18034362792969,0.14012597501277924,20.646835327148438,79.47427523925178,0.0008368199158357246,OFFBOARD,1
79.292,GLIDE_APPROACH,18.602885839405094,18.52748085811662,0,87.456,0.0,1,0.9404006600379944,2.1549412502796765,0.04820066184322476,2.1549412502796765,0.04820066184322476,2.1549412502796765,0.04820066184322476,-0.8,111.25390625,0.1396172046661377,20.621931076049805,79.51627524220447,0.0008368199021565664,OFFBOARD,1
79.328,GLIDE_APPROACH,18.580070076599426,18.50405103514646,0,87.492,0.0,1,0.9404006600379944,2.15419558339022,0.050729538082698505,2.15419558339022,0.050729538082698505,2.15419558339022,0.050729538082698505,-0.8,111.3453598022461,0.13904701173305511,20.590463638305664,79.57627523196257,0.0008368198837502034,OFFBOARD,1
79.36,GLIDE_APPROACH,18.553670641798426,18.47772733964793,0,87.524,0.0,1,0.9404006600379944,2.154273213995398,0.053334958040930386,2.154273213995398,0.053334958040930386,2.154273213995398,0.053334958040930386,-0.8,111.41815948486328,0.138642355799675,20.565088272094727,79.62427523265558,0.0008368198690251127,OFFBOARD,1
79.396,GLIDE_APPROACH,18.526994410282654,18.451452382203037,0,87.56,0.0,1,0.9404006600379944,2.1547438349709527,0.056116716600082106,2.1547438349709527,0.056116716600082106,2.1547438349709527,0.056116716600082106,-0.8,111.49073028564453,0.13823570311069489,20.53972625732422,79.67827521902386,0.0008368198532540898,OFFBOARD,1
79.428,GLIDE_APPROACH,18.50597689360541,18.43094771956862,0,87.592,0.0,1,0.9404006600379944,2.1553497743664827,0.05847340103854473,2.1553497743664827,0.05847340103854473,2.1553497743664827,0.05847340103854473,-0.8,111.56340026855469,0.13772526383399963,20.514142990112305,79.72627520516693,0.0008368198385289993,OFFBOARD,1
79.46,GLIDE_APPROACH,18.481531141061485,18.407177624815095,0,87.624,0.0,1,0.9404006600379944,2.1561533142626486,0.06115588292618493,2.1561533142626486,0.06115588292618493,2.1561533142626486,0.06115588292618493,-0.8,111.63619995117188,0.13710638880729675,20.488367080688477,79.76827519453364,0.0008368198248498414,OFFBOARD,1
79.492,GLIDE_APPROACH,18.456728667810697,18.383183052865633,0,87.656,0.0,1,0.9404006600379944,2.157110964668888,0.06393796542883881,2.157110964668888,0.06393796542883881,2.157110964668888,0.06393796542883881,-0.8,111.70957946777344,0.13583657145500183,20.46354866027832,79.82227515589041,0.0008368198090788184,OFFBOARD,1
79.528,GLIDE_APPROACH,18.428402931493654,18.355924618075214,0,87.692,0.0,1,0.9404006600379944,2.1583741265669807,0.06717478519879659,2.1583741265669807,0.06717478519879659,2.1583741265669807,0.06717478519879659,-0.8,111.78307342529297,0.13451489806175232,20.43858528137207,79.8762751325762,0.0008368197917183877,OFFBOARD,1
79.564,GLIDE_APPROACH,18.40285089356913,18.33147244922905,0,87.728,0.0,1,0.9404006600379944,2.1596849506477005,0.07013294047618442,2.1596849506477005,0.07013294047618442,2.1596849506477005,0.07013294047618442,-0.8,111.87510681152344,0.1328117698431015,20.40711212158203,79.93027510901767,0.0008368197759473649,OFFBOARD,1
79.592,GLIDE_APPROACH,18.376951212436477,18.306829910288588,0,87.756,0.0,1,0.9404006600379944,2.16117605713591,0.07315238677065927,2.16117605713591,0.07315238677065927,2.16117605713591,0.07315238677065927,-0.8,111.9488525390625,0.13142919540405273,20.3817138671875,79.96627510641913,0.0008368197649035469,OFFBOARD,1
79.632,GLIDE_APPROACH,18.34097879319583,18.272563530871896,0,87.796,0.0,1,0.9404006600379944,2.1632077013170545,0.07728038295551566,2.1632077013170545,0.07728038295551566,2.1632077013170545,0.07728038295551566,-0.8,112.02269744873047,0.13002924621105194,20.356164932250977,80.03227512459173,0.0008368197438618435,OFFBOARD,1
79.66,GLIDE_APPROACH,18.32078615853541,18.253936720849335,0,87.824,0.0,1,0.9423384070396423,2.1678526535073717,0.07064175738305549,2.1678526535073717,0.07064175738305549,2.1678526535073717,0.07064175738305549,-0.8,112.09662628173828,0.12861371040344238,20.330421447753906,80.0742751326442,0.0008368197317720932,OFFBOARD,1
79.692,GLIDE_APPROACH,18.293844063276808,18.228847514810813,0,87.856,0.0,1,0.9423384070396423,2.170060455467327,0.0737593679268188,2.170060455467327,0.0737593679268188,2.170060455467327,0.0737593679268188,-0.8,112.17071533203125,0.12658023834228516,20.305524826049805,80.11627516211158,0.0008368197180929351,OFFBOARD,1
79.728,GLIDE_APPROACH,18.26315998010312,18.200505952022482,0,87.892,0.0,1,0.9423384070396423,2.172853243265267,0.07727222219863218,2.172853243265267,0.07727222219863218,2.172853243265267,0.07727222219863218,-0.8,112.24486541748047,0.12441971898078918,20.280675888061523,80.17627520324059,0.0008368196996865721,OFFBOARD,1
79.76,GLIDE_APPROACH,18.232425269641414,18.171950922582358,0,87.924,0.0,1,0.9423384070396423,2.1754466582443985,0.08067930621827786,2.1754466582443985,0.08067930621827786,2.1754466582443985,0.08067930621827786,-0.8,112.33757781982422,0.12182620167732239,20.2492618560791,80.2182752305602,0.0008368196875968218,OFFBOARD,1
79.792,GLIDE_APPROACH,18.207657475850823,18.14988502744925,0,87.956,0.0,1,0.9423384070396423,2.178673398984896,0.08348461165841077,2.178673398984896,0.08348461165841077,2.178673398984896,0.08348461165841077,-0.8,112.41175842285156,0.11984388530254364,20.223798751831055,80.2722752896362,0.0008368196702363908,OFFBOARD,1
79.828,GLIDE_APPROACH,18.17592519793852,18.121304445821455,0,87.992,0.0,1,0.9423384070396423,2.1824394706816546,0.08694181221389949,2.1824394706816546,0.08694181221389949,2.1824394706816546,0.08694181221389949,-0.8,112.48596954345703,0.11793269217014313,20.19809913635254,80.32627533976343,0.0008368196544653679,OFFBOARD,1
79.86,GLIDE_APPROACH,18.14742731912922,18.095843591710935,0,88.024,0.0,1,0.9423384070396423,2.1860658276055944,0.08998525900442371,2.1860658276055944,0.08998525900442371,2.1860658276055944,0.08998525900442371,-0.8,112.5602035522461,0.1161012351512909,20.172338485717773,80.37427539394164,0.0008368196397402775,OFFBOARD,1
79.892,GLIDE_APPROACH,18.11881262447957,18.07046197052061,0,88.056,0.0,1,0.9423384070396423,2.189924554232304,0.09271495837095324,2.189924554232304,0.09271495837095324,2.189924554232304,0.09271495837095324,-0.8,112.63442993164062,0.11440856754779816,20.146404266357422,80.42227543698547,0.0008368196250151869,OFFBOARD,1
79.928,GLIDE_APPROACH,18.08663685240352,18.04212200907781,0,88.092,0.0,1,0.9423384070396423,2.1945122344502868,0.09514656589837918,2.1945122344502868,0.09514656589837918,2.1945122344502868,0.09514656589837918,-0.8,112.70851135253906,0.11317537724971771,20.120906829833984,80.470275472262,0.0008368196102900966,OFFBOARD,1
79.96,GLIDE_APPROACH,18.058058091775766,18.017120078895186,0,88.124,0.0,1,0.9423384070396423,2.1987942635990216,0.09673576080867326,2.1987942635990216,0.09673576080867326,2.1987942635990216,0.09673576080867326,-0.8,112.80086517333984,0.11234063655138016,20.089202880859375,80.52427552518245,0.0008368195929296658,OFFBOARD,1
79.992,GLIDE_APPROACH,18.029481549815927,17.992292360501303,0,88.156,0.0,1,0.9423384070396423,2.20328590724381,0.09778611574068104,2.20328590724381,0.09778611574068104,2.20328590724381,0.09778611574068104,-0.8,112.87456512451172,0.1122467964887619,20.06400489807129,80.56627555698216,0.0008368195808399156,OFFBOARD,1
80.028,GLIDE_APPROACH,17.997301815265374,17.964558706785557,0,88.192,0.0,1,0.9423384070396423,2.208620658975189,0.09833583413952217,2.208620658975189,0.09833583413952217,2.208620658975189,0.09833583413952217,-0.8,112.9480972290039,0.11265112459659576,20.038969039916992,80.6262756116564,0.0008368195624335525,OFFBOARD,1
80.072,GLIDE_APPROACH,17.96864390608144,17.884640455802117,0,88.236,0.0,1,0.9423384070396423,2.2136159422689565,0.09828536647783091,2.2136159422689565,0.09828536647783091,2.2136159422689565,0.09828536647783091,-0.8,113.09541320800781,0.1135363057255745,19.990158081054688,80.69227565611803,0.0008368195413918495,OFFBOARD,1
80.092,GLIDE_APPROACH,17.93693687866211,17.91256014600563,0,88.256,0.0,1,0.9423384070396423,2.2186631136369694,0.09756370774027233,2.2186631136369694,0.09756370774027233,2.2186631136369694,0.09756370774027233,-0.8,113.09541320800781,0.1135363057255745,19.990158081054688,80.71627566357904,0.0008368195340293041,OFFBOARD,1
80.128,GLIDE_APPROACH,17.904536406185034,17.885306908917276,0,88.292,0.0,1,0.9461619853973389,2.2331760966955945,0.09887763842089169,2.2331760966955945,0.09887763842089169,2.2331760966955945,0.09887763842089169,-0.8,113.18757629394531,0.11429698765277863,19.960105895996094,80.77627567711923,0.0008368195156229409,OFFBOARD,1
80.164,GLIDE_APPROACH,17.878609766488086,17.864302915117694,0,88.328,0.0,1,0.9461619853973389,2.239090336834619,0.09769264981290092,2.239090336834619,0.09769264981290092,2.239090336834619,0.09769264981290092,-0.8,113.26115417480469,0.11544981598854065,19.935806274414062,80.82427569512998,0.0008368195008978505,OFFBOARD,1
80.192,GLIDE_APPROACH,17.84960877731206,17.84024015505921,0,88.356,0.0,1,0.9461619853973389,2.245027001449647,0.0958764563080065,2.245027001449647,0.0958764563080065,2.245027001449647,0.0958764563080065,-0.8,113.33460998535156,0.11705993115901947,19.911409378051758,80.8722757199442,0.00083681948617276,OFFBOARD,1
80.228,GLIDE_APPROACH,17.813899362766872,17.81013040844944,0,88.392,0.0,1,0.9461619853973389,2.251762874451567,0.09302489729256859,2.251762874451567,0.09302489729256859,2.251762874451567,0.09302489729256859,-0.8,113.4079818725586,0.11909078061580658,19.88702392578125,80.92627574010258,0.0008368194704017368,OFFBOARD,1
80.26,GLIDE_APPROACH,17.787690524215947,17.789281538040388,0,88.424,0.0,1,0.9461619853973389,2.2582104916946055,0.09089395295867676,2.2582104916946055,0.09089395295867676,2.2582104916946055,0.09089395295867676,-0.8,113.48126983642578,0.12150055915117264,19.86249542236328,80.97427575248786,0.0008368194556766463,OFFBOARD,1
80.292,GLIDE_APPROACH,17.75844387425924,17.765349762371347,0,88.456,0.0,1,0.9461619853973389,2.2646038796813417,0.08807540425881495,2.2646038796813417,0.08807540425881495,2.2646038796813417,0.08807540425881495,-0.8,113.55451202392578,0.1242561936378479,19.837932586669922,81.02227575377266,0.0008368194409515558,OFFBOARD,1
80.328,GLIDE_APPROACH,17.725486210105895,17.73843961364694,0,88.492,0.0,1,0.9461619853973389,2.27187644664803,0.08458006375483686,2.27187644664803,0.08458006375483686,2.27187644664803,0.08458006375483686,-0.8,113.6277084350586,0.12734249234199524,19.813276290893555,81.07627575826416,0.000836819423591125,OFFBOARD,1
80.36,GLIDE_APPROACH,17.69616547149641,17.71451716791481,0,88.524,0.0,1,0.9461619853973389,2.2783728167405255,0.08120707542447554,2.2783728167405255,0.08120707542447554,2.2783728167405255,0.08120707542447554,-0.8,113.71920013427734,0.13162699341773987,19.782316207885742,81.12427576409716,0.0008368194088660343,OFFBOARD,1
80.392,GLIDE_APPROACH,17.663900341944085,17.687418415338687,0,88.556,0.0,1,0.9461619853973389,2.2845944761101653,0.07704841569248068,2.2845944761101653,0.07704841569248068,2.2845944761101653,0.07704841569248068,-0.8,113.79240417480469,0.13537083566188812,19.757287979125977,81.1662757681512,0.0008368193967762839,OFFBOARD,1
80.428,GLIDE_APPROACH,17.63102267891752,17.660296660524004,0,88.592,0.0,1,0.9461619853973389,2.2915274623086908,0.07272730304400182,2.2915274623086908,0.07272730304400182,2.2915274623086908,0.07272730304400182,-0.8,113.86568450927734,0.13934601843357086,19.732229232788086,81.22027579956573,0.0008368193794158533,OFFBOARD,1
80.46,GLIDE_APPROACH,17.6048302290353,17.639213061101916,0,88.624,0.0,1,0.9461619853973389,2.2976749010582718,0.06929816611910915,2.2976749010582718,0.06929816611910915,2.2976749010582718,0.06929816611910915,-0.8,113.9390640258789,0.1435295194387436,19.70725440979004,81.27427582271156,0.0008368193636448305,OFFBOARD,1
80.492,GLIDE_APPROACH,17.57575934425607,17.614877455724898,0,88.656,0.0,1,0.9461619853973389,2.3033766310923824,0.06511230715747543,2.3033766310923824,0.06511230715747543,2.3033766310923824,0.06511230715747543,-0.8,114.01248168945312,0.14640752971172333,19.683883666992188,81.32227584139609,0.00083681934891974,OFFBOARD,1
80.528,GLIDE_APPROACH,17.54021113794074,17.58417120111235,0,88.692,0.0,1,0.9461619853973389,2.309212018949786,0.05956949575914233,2.309212018949786,0.05956949575914233,2.309212018949786,0.05956949575914233,-0.8,114.08600616455078,0.14958065748214722,19.6602840423584,81.37627586409565,0.0008368193315593093,OFFBOARD,1
80.56,GLIDE_APPROACH,17.511330202105704,17.467463203184465,0,88.724,0.0,1,0.9461619853973389,2.314341671247759,0.05505478626689363,2.314341671247759,0.05505478626689363,2.314341671247759,0.05505478626689363,-0.8,114.1780776977539,0.1539173424243927,19.63063621520996,81.4182758739272,0.0008368193194695591,OFFBOARD,1
80.596,GLIDE_APPROACH,17.482541416071065,17.460984751071578,0,88.76,0.0,1,0.9461619853973389,2.3192156766230516,0.05041671249052007,2.3192156766230516,0.05041671249052007,2.3192156766230516,0.05041671249052007,-0.8,114.25188446044922,0.15764757990837097,19.606731414794922,81.47827590771796,0.000836819301063196,OFFBOARD,1
80.628,GLIDE_APPROACH,17.45322747375056,17.5100436833473,0,88.792,0.0,1,0.9531197547912598,2.3369181078770094,0.04638823952869556,2.3369181078770094,0.04638823952869556,2.3369181078770094,0.04638823952869556,-0.8,114.3258056640625,0.16158559918403625,19.582660675048828,81.52627593395131,0.0008368192863381055,OFFBOARD,1
80.66,GLIDE_APPROACH,17.424674936429973,17.48504666257769,0,88.824,0.0,1,0.9531197547912598,2.3412020723530786,0.041546418620053455,2.3412020723530786,0.041546418620053455,2.3412020723530786,0.041546418620053455,-0.8,114.39983367919922,0.16571494936943054,19.558364868164062,81.57427594815097,0.0008368192716130151,OFFBOARD,1
80.692,GLIDE_APPROACH,17.39625554175971,17.459926463403004,0,88.856,0.0,1,0.9531197547912598,2.3451738283043007,0.03662328983924873,2.3451738283043007,0.03662328983924873,2.3451738283043007,0.03662328983924873,-0.8,114.4739761352539,0.1700153350830078,19.53386116027832,81.62227595107962,0.0008368192568879247,OFFBOARD,1
80.732,GLIDE_APPROACH,17.364469240152697,17.431519750766476,0,88.896,0.0,1,0.9531197547912598,2.349250824931552,0.031004694150743195,2.349250824931552,0.031004694150743195,2.349250824931552,0.031004694150743195,-0.8,114.54823303222656,0.17445501685142517,19.509292602539062,81.68227593996495,0.0008368192384815614,OFFBOARD,1
80.76,GLIDE_APPROACH,17.336402319859648,17.40613765535887,0,88.924,0.0,1,0.9531197547912598,2.35248353259762,0.02595387082671765,2.35248353259762,0.02595387082671765,2.35248353259762,0.02595387082671765,-0.8,114.64118957519531,0.18017640709877014,19.478471755981445,81.72427593300644,0.0008368192248024032,OFFBOARD,1
80.792,GLIDE_APPROACH,17.308527111073108,17.3806282486414,0,88.956,0.0,1,0.9531197547912598,2.355336621133366,0.020862640638617994,2.355336621133366,0.020862640638617994,2.355336621133366,0.020862640638617994,-0.8,114.71569061279297,0.18487966060638428,19.453887939453125,81.76627591630378,0.0008368192127126528,OFFBOARD,1
80.832,GLIDE_APPROACH,17.27741377467345,17.351773137214593,0,88.996,0.0,1,0.9531197547912598,2.35806055825364,0.015101614097196792,2.35806055825364,0.015101614097196792,2.35806055825364,0.015101614097196792,-0.8,114.79032897949219,0.18967004120349884,19.429197311401367,81.8322759142233,0.0008368191916709493,OFFBOARD,1
80.86,GLIDE_APPROACH,17.24704121237083,17.32263717484101,0,89.024,0.0,1,0.9531197547912598,2.3595609293554247,0.009228054782856626,2.3595609293554247,0.009228054782856626,2.3595609293554247,0.009228054782856626,-0.8,114.86509704589844,0.19454292953014374,19.404390335083008,81.86827590244458,0.0008368191806271315,OFFBOARD,1
80.892,GLIDE_APPROACH,17.219571427401053,17.29672735742396,0,89.056,0.0,1,0.9531197547912598,2.361442140024221,0.004327530101567417,2.361442140024221,0.004327530101567417,2.361442140024221,0.004327530101567417,-0.8,114.94039154052734,0.19793002307415009,19.380130767822266,81.92227586850827,0.0008368191648561085,OFFBOARD,1
80.928,GLIDE_APPROACH,17.191453501593365,17.27085446052435,0,89.092,0.0,1,0.9531197547912598,2.3641400447987087,-4.293930123847739e-05,2.3641400447987087,-4.293930123847739e-05,2.3641400447987087,-4.293930123847739e-05,-0.8,115.01567840576172,0.20120306313037872,19.35543441772461,81.97627584796615,0.0008368191474956779,OFFBOARD,1
80.96,GLIDE_APPROACH,17.160456481161745,17.241426000171074,0,89.124,0.0,1,0.9531197547912598,2.366029477499545,-0.004611121818374236,2.366029477499545,-0.004611121818374236,2.366029477499545,-0.004611121818374236,-0.8,115.10980224609375,0.204999640583992,19.323698043823242,82.02427583338378,0.0008368191327705874,OFFBOARD,1
80.992,GLIDE_APPROACH,17.135620366159447,17.218662294287437,0,89.156,0.0,1,0.9531197547912598,2.3685200861401334,-0.007585113985772832,2.3685200861401334,-0.007585113985772832,2.3685200861401334,-0.007585113985772832,-0.8,115.18511199951172,0.2077585756778717,19.297639846801758,82.07227581560011,0.0008368191180454969,OFFBOARD,1
81.028,GLIDE_APPROACH,17.10097465706152,17.185768493586387,0,89.192,0.0,1,0.9531197547912598,2.37062656893623,-0.011417336287318128,2.37062656893623,-0.011417336287318128,2.37062656893623,-0.011417336287318128,-0.8,115.26041412353516,0.21024493873119354,19.271461486816406,82.12627577914353,0.0008368191022744741,OFFBOARD,1
81.06,GLIDE_APPROACH,17.076309699147025,17.162847545262377,0,89.224,0.0,1,0.9531197547912598,2.3727213071061337,-0.013497403284082232,2.3727213071061337,-0.013497403284082232,2.3727213071061337,-0.013497403284082232,-0.8,115.35459899902344,0.21295616030693054,19.238309860229492,82.17427574612653,0.0008368190875493836,OFFBOARD,1
81.092,GLIDE_APPROACH,17.04214392701336,17.129612670230927,0,89.256,0.0,1,0.9531197547912598,2.373844468666204,-0.016169139610622735,2.373844468666204,-0.016169139610622735,2.373844468666204,-0.016169139610622735,-0.8,115.41114807128906,0.2143755406141281,19.218292236328125,82.22227570699683,0.000836819072824293,OFFBOARD,1
81.132,GLIDE_APPROACH,17.014434732711866,17.103204057178772,0,89.296,0.0,1,0.9470358490943909,2.3731800952244733,-0.016318215631578356,2.3731800952244733,-0.016318215631578356,2.3731800952244733,-0.016318215631578356,-0.8,115.48655700683594,0.21601377427577972,19.191404342651367,82.282275650427,0.0008368190544179296,OFFBOARD,1
81.164,GLIDE_APPROACH,16.990436008795356,17.080034189577002,0,89.328,0.0,1,0.9470358490943909,2.374179238870008,-0.01718821567178478,2.374179238870008,-0.01718821567178478,2.374179238870008,-0.01718821567178478,-0.8,115.58089447021484,0.21765604615211487,19.157724380493164,82.3302756027095,0.0008368190396928392,OFFBOARD,1
81.192,GLIDE_APPROACH,16.96022318282307,17.04989286200138,0,89.356,0.0,1,0.9470358490943909,2.3742660958311848,-0.018076490450837347,2.3742660958311848,-0.018076490450837347,2.3742660958311848,-0.018076490450837347,-0.8,115.65641021728516,0.2186782956123352,19.130577087402344,82.37227557822844,0.000836819026013681,OFFBOARD,1
81.228,GLIDE_APPROACH,16.9269857473244,17.016277556456085,0,89.392,0.0,1,0.9470358490943909,2.3738095723619286,-0.018513757470825253,2.3738095723619286,-0.018513757470825253,2.3738095723619286,-0.018513757470825253,-0.8,115.73198699951172,0.21945272386074066,19.103246688842773,82.42627554383365,0.0008368190102426581,OFFBOARD,1
81.26,GLIDE_APPROACH,16.907145300689763,16.920697535042986,0,89.424,0.0,1,0.9470358490943909,2.373669772602198,-0.01828495827835209,2.373669772602198,-0.01828495827835209,2.373669772602198,-0.01828495827835209,-0.8,115.80760955810547,0.22000090777873993,19.075939178466797,82.47427553269083,0.0008368189955175676,OFFBOARD,1
81.292,GLIDE_APPROACH,16.877897751178317,16.965859910867504,0,89.456,0.0,1,0.9470358490943909,2.3722180516932996,-0.017980482807814068,2.3722180516932996,-0.017980482807814068,2.3722180516932996,-0.017980482807814068,-0.8,115.88408660888672,0.22045592963695526,19.049524307250977,82.51627553930052,0.0008368189818384095,OFFBOARD,1
81.332,GLIDE_APPROACH,16.85227476648877,16.938896437964683,0,89.496,0.0,1,0.9470358490943909,2.3706050204027576,-0.017229445875000186,2.3706050204027576,-0.017229445875000186,2.3706050204027576,-0.017229445875000186,-0.8,115.9605484008789,0.2206912487745285,19.02288818359375,82.58227553538067,0.0008368189623861142,OFFBOARD,1
81.36,GLIDE_APPROACH,16.826965746019848,16.911744793740112,0,89.524,0.0,1,0.9470358490943909,2.3683930172154386,-0.016303321055065698,2.3683930172154386,-0.016303321055065698,2.3683930172154386,-0.016303321055065698,-0.8,116.05610656738281,0.2207013964653015,18.989381790161133,82.6242755392412,0.000836818948706956,OFFBOARD,1
81.392,GLIDE_APPROACH,16.802142538478833,16.884424680304882,0,89.556,0.0,1,0.9470358490943909,2.365396160032306,-0.015272856474226746,2.365396160032306,-0.015272856474226746,2.365396160032306,-0.015272856474226746,-0.8,116.13258361816406,0.22055375576019287,18.96267318725586,82.66627553323741,0.0008368189366172057,OFFBOARD,1
81.428,GLIDE_APPROACH,16.771785190525456,16.84983873457535,0,89.592,0.0,1,0.9470358490943909,2.360324581062365,-0.014112874236488684,2.360324581062365,-0.014112874236488684,2.360324581062365,-0.014112874236488684,-0.8,116.209228515625,0.2204355001449585,18.93621063232422,82.72027554914652,0.000836818919256775,OFFBOARD,1
81.46,GLIDE_APPROACH,16.751353974604278,16.825601194206293,0,89.624,0.0,1,0.9470358490943909,2.3557519915829794,-0.0131896544257579,2.3557519915829794,-0.0131896544257579,2.3557519915829794,-0.0131896544257579,-0.8,116.28605651855469,0.22036555409431458,18.90998649597168,82.7742755399487,0.0008368189034857521,OFFBOARD,1
81.492,GLIDE_APPROACH,16.72827550872988,16.79757818371011,0,89.656,0.0,1,0.9470358490943909,2.349817374422974,-0.012299677593585953,2.349817374422974,-0.012299677593585953,2.349817374422974,-0.012299677593585953,-0.8,116.36307525634766,0.22035077214241028,18.8837833404541,82.8222755291085,0.0008368188887606618,OFFBOARD,1
81.528,GLIDE_APPROACH,16.702838946126107,16.76581501422618,0,89.692,0.0,1,0.9470358490943909,2.342228031055395,-0.01138744919462644,2.342228031055395,-0.01138744919462644,2.342228031055395,-0.01138744919462644,-0.8,116.44027709960938,0.22040598094463348,18.857555389404297,82.8762755147016,0.0008368188714002312,OFFBOARD,1
81.564,GLIDE_APPROACH,16.680641003000616,16.737391423490436,0,89.728,0.0,1,0.9470358490943909,2.334752593353718,-0.010657924241794813,2.334752593353718,-0.010657924241794813,2.334752593353718,-0.010657924241794813,-0.8,116.53700256347656,0.22057458758354187,18.824853897094727,82.92427548910152,0.0008368188566751408,OFFBOARD,1
81.592,GLIDE_APPROACH,16.658792628211,16.708812141343444,0,89.756,0.0,1,0.9470358490943909,2.3266751090836766,-0.010000793953809171,2.3266751090836766,-0.010000793953809171,2.3266751090836766,-0.010000793953809171,-0.8,116.6145248413086,0.22079306840896606,18.79861831665039,82.97227547185864,0.0008368188419500504,OFFBOARD,1
81.628,GLIDE_APPROACH,16.63459809521945,16.676503833734422,0,89.792,0.0,1,0.9470358490943909,2.316937729737045,-0.009338049892068205,2.316937729737045,-0.009338049892068205,2.316937729737045,-0.009338049892068205,-0.8,116.69216918945312,0.22108836472034454,18.77231216430664,83.0262754501142,0.0008368188261790276,OFFBOARD,1
81.668,GLIDE_APPROACH,16.613412893603563,16.550726177900746,0,89.832,0.0,1,0.9469504356384277,2.307765729452501,-0.008806281138521353,2.307765729452501,-0.008806281138521353,2.307765729452501,-0.008806281138521353,-0.8,116.86685943603516,0.22145169973373413,18.715282440185547,83.08627542396428,0.0008368188077726643,OFFBOARD,1
81.692,GLIDE_APPROACH,16.589463322983857,16.61503613294543,0,89.856,0.0,1,0.9469504356384277,2.302340387976788,-0.00678813321106898,2.302340387976788,-0.00678813321106898,2.302340387976788,-0.00678813321106898,-0.8,116.86685943603516,0.22145169973373413,18.715282440185547,83.1222754030376,0.0008368187967288462,OFFBOARD,1
81.728,GLIDE_APPROACH,16.56930465592498,16.58616665000296,0,89.892,0.0,1,0.9469504356384277,2.291886890801009,-0.006248480569132225,2.291886890801009,-0.006248480569132225,2.291886890801009,-0.006248480569132225,-0.8,116.94445037841797,0.22143250703811646,18.690879821777344,83.17627537815363,0.0008368187793684157,OFFBOARD,1
81.76,GLIDE_APPROACH,16.545887173298947,16.553425506088974,0,89.924,0.0,1,0.9469504356384277,2.280694498032955,-0.005865025858610928,2.280694498032955,-0.005865025858610928,2.280694498032955,-0.005865025858610928,-0.8,117.02210998535156,0.22148890793323517,18.66628646850586,83.21827535484923,0.0008368187672786653,OFFBOARD,1
81.792,GLIDE_APPROACH,16.53180291255573,16.531872373408472,0,89.956,0.0,1,0.9469504356384277,2.27173542193465,-0.0053850666396841156,2.27173542193465,-0.0053850666396841156,2.27173542193465,-0.0053850666396841156,-0.8,117.09977722167969,0.22162890434265137,18.64151382446289,83.27227535515064,0.0008368187499182344,OFFBOARD,1
81.828,GLIDE_APPROACH,16.506293061226376,16.49550374947435,0,89.992,0.0,1,0.9469504356384277,2.2587004156699444,-0.005000002509948021,2.2587004156699444,-0.005000002509948021,2.2587004156699444,-0.005000002509948021,-0.8,117.17744445800781,0.22182656824588776,18.616491317749023,83.32627534590739,0.0008368187341472115,OFFBOARD,1
81.86,GLIDE_APPROACH,16.486503135390617,16.466523483049304,0,90.024,0.0,1,0.9469504356384277,2.2476752257158403,-0.004637950273665495,2.2476752257158403,-0.004637950273665495,2.2476752257158403,-0.004637950273665495,-0.8,117.25505828857422,0.22208847105503082,18.591346740722656,83.36827534630278,0.0008368187204680534,OFFBOARD,1
81.892,GLIDE_APPROACH,16.463696865284703,16.43385028750262,0,90.056,0.0,1,0.9469504356384277,2.2358349896942284,-0.004486798340739697,2.2358349896942284,-0.004486798340739697,2.2358349896942284,-0.004486798340739697,-0.8,117.33267211914062,0.2224258929491043,18.565980911254883,83.41627534412301,0.000836818705742963,OFFBOARD,1
81.928,GLIDE_APPROACH,16.444528826779457,16.4050421606804,0,90.092,0.0,1,0.9469504356384277,2.224263282849221,-0.004421659434766068,2.224263282849221,-0.004421659434766068,2.224263282849221,-0.004421659434766068,-0.8,117.4102554321289,0.22295622527599335,18.54041290283203,83.47627535495548,0.0008368186873365997,OFFBOARD,1
81.96,GLIDE_APPROACH,16.421636755668292,16.372466932945088,0,90.124,0.0,1,0.9469504356384277,2.2126480733551004,-0.004801154708882916,2.2126480733551004,-0.004801154708882916,2.2126480733551004,-0.004801154708882916,-0.8,117.5072250366211,0.22393709421157837,18.50801658630371,83.52427537356643,0.0008368186726115092,OFFBOARD,1
81.992,GLIDE_APPROACH,16.404985592908353,16.34737050661118,0,90.156,0.0,1,0.9469504356384277,2.2025143904591635,-0.005121350455198109,2.2025143904591635,-0.005121350455198109,2.2025143904591635,-0.005121350455198109,-0.8,117.5847396850586,0.22497819364070892,18.482105255126953,83.57227539994513,0.0008368186578864189,OFFBOARD,1
82.028,GLIDE_APPROACH,16.379677386757646,16.311364218104742,0,90.192,0.0,1,0.9469504356384277,2.189677731622833,-0.006056539008571581,2.189677731622833,-0.006056539008571581,2.189677731622833,-0.006056539008571581,-0.8,117.66221618652344,0.22622816264629364,18.455970764160156,83.62027542944217,0.0008368186431613284,OFFBOARD,1
82.06,GLIDE_APPROACH,16.363141345853265,16.28642171280095,0,90.224,0.0,1,0.9469504356384277,2.179586725507864,-0.006726077336633718,2.179586725507864,-0.006726077336633718,2.179586725507864,-0.006726077336633718,-0.8,117.73961639404297,0.22767308354377747,18.429637908935547,83.6742754432299,0.0008368186273903055,OFFBOARD,1
82.092,GLIDE_APPROACH,16.340409808436128,16.254233806828623,0,90.256,0.0,1,0.9469504356384277,2.1682445515735838,-0.007969039835095507,2.1682445515735838,-0.007969039835095507,2.1682445515735838,-0.007969039835095507,-0.8,117.81766510009766,0.22812387347221375,18.405567169189453,83.71627546889104,0.0008368186137111475,OFFBOARD,1
82.128,GLIDE_APPROACH,16.318415762408993,16.222306064956488,0,90.292,0.0,1,0.9469504356384277,2.15632203657613,-0.009297755561403987,2.15632203657613,-0.009297755561403987,2.15632203657613,-0.009297755561403987,-0.8,117.89556884765625,0.228842094540596,18.381183624267578,83.7762755035421,0.0008368185953047844,OFFBOARD,1
82.16,GLIDE_APPROACH,16.298887679161325,16.077518508084673,0,90.324,0.0,1,0.9469504356384277,2.1458791320736803,-0.010605854025164972,2.1458791320736803,-0.010605854025164972,2.1458791320736803,-0.010605854025164972,-0.8,118.01212310791016,0.2303675264120102,18.344318389892578,83.82427553847991,0.000836818580579694,OFFBOARD,1
82.196,GLIDE_APPROACH,16.282488127484722,16.169602286930324,0,90.36,0.0,1,0.9469504356384277,2.1361973965650227,-0.01174622869305321,2.1361973965650227,-0.01174622869305321,2.1361973965650227,-0.01174622869305321,-0.8,118.07022857666016,0.2313089817762375,18.325607299804688,83.87827557684257,0.0008368185648086712,OFFBOARD,1
82.228,GLIDE_APPROACH,16.260480268326297,16.138194680038257,0,90.392,0.0,1,0.9469504356384277,2.124919010386815,-0.013424510704116578,2.124919010386815,-0.013424510704116578,2.124919010386815,-0.013424510704116578,-0.8,118.14755249023438,0.2327292561531067,18.300430297851562,83.92627561549342,0.0008368185500835807,OFFBOARD,1
82.26,GLIDE_APPROACH,16.240859947743218,16.110470464038826,0,90.424,0.0,1,0.9382954239845276,2.1063063929304233,-0.019055628263890435,2.1063063929304233,-0.019055628263890435,2.1063063929304233,-0.019055628263890435,-0.8,118.22465515136719,0.23432035744190216,18.275022506713867,83.97427564127649,0.0008368185353584901,OFFBOARD,1
82.292,GLIDE_APPROACH,16.221165809224445,16.08294045513969,0,90.456,0.0,1,0.9382954239845276,2.0969003803152537,-0.020681996875741994,2.0969003803152537,-0.020681996875741994,2.0969003803152537,-0.020681996875741994,-0.8,118.30152893066406,0.23606739938259125,18.24959945678711,84.02227565485771,0.0008368185206333995,OFFBOARD,1
82.328,GLIDE_APPROACH,16.198908446040896,16.052213459970698,0,90.492,0.0,1,0.9382954239845276,2.086738197974599,-0.02256346132438567,2.086738197974599,-0.02256346132438567,2.086738197974599,-0.02256346132438567,-0.8,118.3781967163086,0.2379426211118698,18.223970413208008,84.0762756718927,0.000836818503272969,OFFBOARD,1
82.36,GLIDE_APPROACH,16.17902482808624,16.025127090736834,0,90.524,0.0,1,0.9382954239845276,2.0780961451703415,-0.02426742818203098,2.0780961451703415,-0.02426742818203098,2.0780961451703415,-0.02426742818203098,-0.8,118.47370147705078,0.24046610295772552,18.19195556640625,84.12427568780936,0.0008368184885478784,OFFBOARD,1
82.392,GLIDE_APPROACH,16.15611843335368,15.995080787804289,0,90.556,0.0,1,0.9382954239845276,2.0695293956652376,-0.026074187835545982,2.0695293956652376,-0.026074187835545982,2.0695293956652376,-0.026074187835545982,-0.8,118.54975128173828,0.24256424605846405,18.166213989257812,84.16627569992617,0.0008368184764581281,OFFBOARD,1
82.428,GLIDE_APPROACH,16.13413916310833,15.965902942312175,0,90.592,0.0,1,0.9382954239845276,2.0608952932251587,-0.027407689698646678,2.0608952932251587,-0.027407689698646678,2.0608952932251587,-0.027407689698646678,-0.8,118.62518310546875,0.2445274293422699,18.140548706054688,84.22627572934671,0.0008368184580517648,OFFBOARD,1
82.46,GLIDE_APPROACH,16.117788184711937,15.943847737253867,0,90.624,0.0,1,0.9382954239845276,2.054046268997195,-0.028086590454140435,2.054046268997195,-0.028086590454140435,2.054046268997195,-0.028086590454140435,-0.8,118.69998168945312,0.24632157385349274,18.11488914489746,84.27427574052969,0.0008368184433266745,OFFBOARD,1
82.492,GLIDE_APPROACH,16.0984208555048,15.919100641768226,0,90.656,0.0,1,0.9382954239845276,2.0475942669986313,-0.028678073734810808,2.0475942669986313,-0.028678073734810808,2.0475942669986313,-0.028678073734810808,-0.8,118.77489471435547,0.24665062129497528,18.090862274169922,84.32227574083517,0.000836818428601584,OFFBOARD,1
82.528,GLIDE_APPROACH,16.073573544246223,15.888917933017554,0,90.692,0.0,1,0.9382954239845276,2.041188190351497,-0.029096853411619182,2.041188190351497,-0.029096853411619182,2.041188190351497,-0.029096853411619182,-0.8,118.84935760498047,0.24652408063411713,18.067319869995117,84.3702757367568,0.0008368184138764934,OFFBOARD,1
82.56,GLIDE_APPROACH,16.05403920963077,15.865515734899143,0,90.724,0.0,1,0.9382954239845276,2.036550638859432,-0.02905859469475535,2.036550638859432,-0.02905859469475535,2.036550638859432,-0.02905859469475535,-0.8,118.94147491455078,0.2463434785604477,18.0376033782959,84.4242757480684,0.0008368183965160627,OFFBOARD,1
82.592,GLIDE_APPROACH,16.040340552662368,15.775609593817725,0,90.756,0.0,1,0.9382954239845276,2.032612655746118,-0.028692995061640712,2.032612655746118,-0.028692995061640712,2.032612655746118,-0.028692995061640712,-0.8,119.014404296875,0.24617373943328857,18.013607025146484,84.46627573822991,0.0008368183844263124,OFFBOARD,1
82.628,GLIDE_APPROACH,16.014886738403632,15.820472212751469,0,90.792,0.0,1,0.9382954239845276,2.0294808524263828,-0.028183424423270702,2.0294808524263828,-0.028183424423270702,2.0294808524263828,-0.028183424423270702,-0.8,119.08671569824219,0.24598728120326996,17.989376068115234,84.52627572861655,0.0008368183660199493,OFFBOARD,1
82.66,GLIDE_APPROACH,15.994671239257945,15.798671442121847,0,90.824,0.0,1,0.9382954239845276,2.0275745660540134,-0.027479218204582545,2.0275745660540134,-0.027479218204582545,2.0275745660540134,-0.027479218204582545,-0.8,119.17628479003906,0.245744526386261,17.95875358581543,84.57427572824963,0.0008368183512948588,OFFBOARD,1
82.692,GLIDE_APPROACH,15.971161617463787,15.774610832566742,0,90.856,0.0,1,0.9382954239845276,2.0269127203029456,-0.026561051487222542,2.0269127203029456,-0.026561051487222542,2.0269127203029456,-0.026561051487222542,-0.8,119.22960662841797,0.24561169743537903,17.940284729003906,84.62227572200929,0.0008368183365697682,OFFBOARD,1
82.732,GLIDE_APPROACH,15.9477775763012,15.751213793350988,0,90.896,0.0,1,0.9395512938499451,2.0252338799234937,-0.028792045880520423,2.0252338799234937,-0.028792045880520423,2.0252338799234937,-0.028792045880520423,-0.8,119.30022430419922,0.24545413255691528,17.91541290283203,84.68227571231544,0.0008368183181634053,OFFBOARD,1
82.76,GLIDE_APPROACH,15.929725220106105,15.73348174112721,0,90.924,0.0,1,0.9395512938499451,2.0256140030797876,-0.027641223152498222,2.0256140030797876,-0.027641223152498222,2.0256140030797876,-0.027641223152498222,-0.8,119.3877944946289,0.24528075754642487,17.884218215942383,84.71827571327577,0.0008368183071195873,OFFBOARD,1
82.792,GLIDE_APPROACH,15.90835186539438,15.71346736526964,0,90.956,0.0,1,0.9395512938499451,2.0272474613883467,-0.026302330864921973,2.0272474613883467,-0.026302330864921973,2.0272474613883467,-0.026302330864921973,-0.8,119.45735931396484,0.24517278373241425,17.859235763549805,84.77227571748607,0.0008368182897591568,OFFBOARD,1
82.828,GLIDE_APPROACH,15.880918645900856,15.688864691036754,0,90.992,0.0,1,0.9395512938499451,2.030642635416746,-0.02454503642600827,2.030642635416746,-0.02454503642600827,2.030642635416746,-0.02454503642600827,-0.8,119.5265121459961,0.24507932364940643,17.83408546447754,84.82027570535097,0.0008368182750340662,OFFBOARD,1
82.86,GLIDE_APPROACH,15.858923247993014,15.66964544699745,0,91.024,0.0,1,0.9395512938499451,2.0339725788420524,-0.022941054787848865,2.0339725788420524,-0.022941054787848865,2.0339725788420524,-0.022941054787848865,-0.8,119.59526062011719,0.24500077962875366,17.809062957763672,84.86827568533585,0.0008368182603089755,OFFBOARD,1
82.892,GLIDE_APPROACH,15.836372307517271,15.65053747314644,0,91.056,0.0,1,0.9395512938499451,2.038102906102309,-0.021153967122255767,2.038102906102309,-0.021153967122255767,2.038102906102309,-0.021153967122255767,-0.8,119.66434478759766,0.2438243180513382,17.785202026367188,84.9222756610004,0.0008368182445379527,OFFBOARD,1
82.928,GLIDE_APPROACH,15.813345167701794,15.631520183873022,0,91.092,0.0,1,0.9395512938499451,2.0429092306027523,-0.019065165368964507,2.0429092306027523,-0.019065165368964507,2.0429092306027523,-0.019065165368964507,-0.8,119.73322296142578,0.24264076352119446,17.76081085205078,84.97627566528804,0.000836818227177522,OFFBOARD,1
82.964,GLIDE_APPROACH,15.789436053026304,15.612372097179824,0,91.128,0.0,1,0.9395512938499451,2.048624037537288,-0.01684799592935158,2.048624037537288,-0.01684799592935158,2.048624037537288,-0.01684799592935158,-0.8,119.8191909790039,0.2411050647497177,17.729440689086914,85.02427567203887,0.0008368182124524315,OFFBOARD,1
82.992,GLIDE_APPROACH,15.761723655278997,15.590672402803198,0,91.156,0.0,1,0.9395512938499451,2.0558357125195243,-0.014182544706844876,2.0558357125195243,-0.014182544706844876,2.0558357125195243,-0.014182544706844876,-0.8,119.88792419433594,0.23983758687973022,17.703765869140625,85.07227567412272,0.0008368181977273409,OFFBOARD,1
83.028,GLIDE_APPROACH,15.736783272125786,15.571508889460087,0,91.192,0.0,1,0.9395512938499451,2.062764296926479,-0.011424846426844645,2.062764296926479,-0.011424846426844645,2.062764296926479,-0.011424846426844645,-0.8,119.9566421508789,0.23852281272411346,17.677696228027344,85.12627566588432,0.0008368181819563182,OFFBOARD,1
83.06,GLIDE_APPROACH,15.707996616062099,15.549656800798,0,91.224,0.0,1,0.9395512938499451,2.071081114947663,-0.00826000002460054,2.071081114947663,-0.00826000002460054,2.071081114947663,-0.00826000002460054,-0.8,120.04252624511719,0.23678845167160034,17.644643783569336,85.17427567397912,0.0008368181672312275,OFFBOARD,1
83.092,GLIDE_APPROACH,15.685322647019088,15.532778664219167,0,91.256,0.0,1,0.9395512938499451,2.078027242147275,-0.005475931604628385,2.078027242147275,-0.005475931604628385,2.078027242147275,-0.005475931604628385,-0.8,120.09406280517578,0.23569892346858978,17.624752044677734,85.22227567720891,0.0008368181525061371,OFFBOARD,1
83.128,GLIDE_APPROACH,15.655684849937513,15.510873942120858,0,91.292,0.0,1,0.9395512938499451,2.0872997542746274,-0.001804418625081211,2.0872997542746274,-0.001804418625081211,2.0872997542746274,-0.001804418625081211,-0.8,120.16277313232422,0.2341795414686203,17.597930908203125,85.27627567780002,0.0008368181351457065,OFFBOARD,1
83.16,GLIDE_APPROACH,15.628962988081737,15.49133444556721,0,91.324,0.0,1,0.9395512938499451,2.095911330684422,0.0016338616012261595,2.095911330684422,0.0016338616012261595,2.095911330684422,0.0016338616012261595,-0.8,120.24869537353516,0.2321765273809433,17.564075469970703,85.32427566413767,0.0008368181204206159,OFFBOARD,1
83.192,GLIDE_APPROACH,15.601911282883423,15.471732883584329,0,91.356,0.0,1,0.9528521299362183,2.1087325647017403,0.008031933982520292,2.1087325647017403,0.008031933982520292,2.1087325647017403,0.008031933982520292,-0.8,120.31746673583984,0.230507954955101,17.536800384521484,85.36627565020396,0.0008368181083308657,OFFBOARD,1
83.228,GLIDE_APPROACH,15.567822870770295,15.447046559162567,0,91.392,0.0,1,0.9528521299362183,2.120007367579352,0.012610199083994335,2.120007367579352,0.012610199083994335,2.120007367579352,0.012610199083994335,-0.8,120.38626861572266,0.2287842482328415,17.509532928466797,85.42027565499814,0.0008368180909704349,OFFBOARD,1
83.268,GLIDE_APPROACH,15.543432176787395,15.343826829175242,0,91.432,0.0,1,0.9528521299362183,2.128661297113554,0.016063565934674888,2.128661297113554,0.016063565934674888,2.128661297113554,0.016063565934674888,-0.8,120.47232818603516,0.22624076902866364,17.47583770751953,85.48627563055554,0.0008368180715181392,OFFBOARD,1
83.292,GLIDE_APPROACH,15.5121998553819,15.40750799977126,0,91.456,0.0,1,0.9528521299362183,2.1392822071620055,0.02041300722939437,2.1392822071620055,0.02041300722939437,2.1392822071620055,0.02041300722939437,-0.8,120.5240249633789,0.22393783926963806,17.456756591796875,85.52227561505495,0.0008368180604743213,OFFBOARD,1
83.328,GLIDE_APPROACH,15.48372368553095,15.387737921436468,0,91.492,0.0,1,0.9528521299362183,2.149716690162155,0.024518268906581063,2.149716690162155,0.024518268906581063,2.149716690162155,0.024518268906581063,-0.8,120.59297180175781,0.2209363579750061,17.4311466217041,85.57027559370592,0.000836818045749231,OFFBOARD,1
83.36,GLIDE_APPROACH,15.455206795497507,15.367794034781758,0,91.524,0.0,1,0.9528521299362183,2.1599907693636378,0.02859212165814845,2.1599907693636378,0.02859212165814845,2.1599907693636378,0.02859212165814845,-0.8,120.67923736572266,0.21730847656726837,17.398822784423828,85.62427559012602,0.0008368180283888001,OFFBOARD,1
83.392,GLIDE_APPROACH,15.423405397146437,15.345325915921437,0,91.556,0.0,1,0.9528521299362183,2.1711745219734566,0.03311759749450677,2.1711745219734566,0.03311759749450677,2.1711745219734566,0.03311759749450677,-0.8,120.7482681274414,0.2145114690065384,17.37299919128418,85.66627558281955,0.0008368180162990497,OFFBOARD,1
83.428,GLIDE_APPROACH,15.394707900689394,15.325755848930308,0,91.592,0.0,1,0.9528521299362183,2.18211491759899,0.03729074682735668,2.18211491759899,0.03729074682735668,2.18211491759899,0.03729074682735668,-0.8,120.81712341308594,0.21183332800865173,17.347402572631836,85.7202755960946,0.000836817998938619,OFFBOARD,1
83.46,GLIDE_APPROACH,15.366491734501006,15.306279360510988,0,91.624,0.0,1,0.9528521299362183,2.1925855159702317,0.04134779720644198,2.1925855159702317,0.04134779720644198,2.1925855159702317,0.04134779720644198,-0.8,120.88578796386719,0.2092902958393097,17.322227478027344,85.76827559234647,0.0008368179842135285,OFFBOARD,1
83.492,GLIDE_APPROACH,15.33833698290177,15.286983503781384,0,91.656,0.0,1,0.9528521299362183,2.2031946522346506,0.04534991626136195,2.2031946522346506,0.04534991626136195,2.2031946522346506,0.04534991626136195,-0.8,120.95426177978516,0.20688436925411224,17.297225952148438,85.82227557024355,0.0008368179684425055,OFFBOARD,1
83.532,GLIDE_APPROACH,15.30357950253972,15.262993721239349,0,91.696,0.0,1,0.9528521299362183,2.216093897139774,0.05015889502701114,2.216093897139774,0.05015889502701114,2.216093897139774,0.05015889502701114,-0.8,121.02256774902344,0.20462925732135773,17.27252197265625,85.87027555466044,0.000836817953717415,OFFBOARD,1
83.56,GLIDE_APPROACH,15.275325863368908,15.244035041517995,0,91.724,0.0,1,0.9528521299362183,2.227229609467829,0.053965263661909096,2.227229609467829,0.053965263661909096,2.227229609467829,0.053965263661909096,-0.8,121.10774993896484,0.20203948020935059,17.241756439208984,85.92427555617053,0.0008368179363569843,OFFBOARD,1
83.592,GLIDE_APPROACH,15.246940502298054,15.225184261712318,0,91.756,0.0,1,0.9528521299362183,2.238652087886398,0.05766157572521252,2.238652087886398,0.05766157572521252,2.238652087886398,0.05766157572521252,-0.8,121.17577362060547,0.2001618593931198,17.217103958129883,85.97227554766425,0.0008368179216318937,OFFBOARD,1
83.628,GLIDE_APPROACH,15.214822449277895,15.204069001266223,0,91.792,0.0,1,0.9528521299362183,2.2518376708154806,0.061677313122797034,2.2518376708154806,0.061677313122797034,2.2518376708154806,0.061677313122797034,-0.8,121.24369812011719,0.19846181571483612,17.192480087280273,86.02627552109828,0.000836817905860871,OFFBOARD,1
83.66,GLIDE_APPROACH,15.189127825243121,15.187784232430554,0,91.824,0.0,1,0.9528521299362183,2.26311218782937,0.06477490612324802,2.26311218782937,0.06477490612324802,2.26311218782937,0.06477490612324802,-0.8,121.31156921386719,0.19695332646369934,17.167831420898438,86.07427549635162,0.0008368178911357805,OFFBOARD,1
83.692,GLIDE_APPROACH,15.160239348578749,15.169077465964149,0,91.856,0.0,1,0.9528521299362183,2.275307282586701,0.06809838258999047,2.275307282586701,0.06809838258999047,2.275307282586701,0.06809838258999047,-0.8,121.38007354736328,0.19410815834999084,17.144006729125977,86.12227546497871,0.0008368178764106901,OFFBOARD,1
83.728,GLIDE_APPROACH,15.127549792188812,15.148019171208295,0,91.892,0.0,1,0.9208584427833557,2.303132265905582,0.0694924241077029,2.303132265905582,0.0694924241077029,2.303132265905582,0.0694924241077029,-0.8,121.44852447509766,0.19155766069889069,17.120088577270508,86.17627543028745,0.0008368178590502596,OFFBOARD,1
83.76,GLIDE_APPROACH,15.098325839307234,15.12926118049504,0,91.924,0.0,1,0.9208584427833557,2.31567278171626,0.07253354298939546,2.31567278171626,0.07253354298939546,2.31567278171626,0.07253354298939546,-0.8,121.53408813476562,0.1887710839509964,17.089847564697266,86.22427538892464,0.0008368178443251691,OFFBOARD,1
83.804,GLIDE_APPROACH,15.065916071617803,15.039503835288588,0,91.968,0.0,1,0.9208584427833557,2.3290176194074874,0.07570902611405109,2.3290176194074874,0.07570902611405109,2.3290176194074874,0.07570902611405109,-0.8,121.6710433959961,0.1851702481508255,17.041244506835938,86.28427535216598,0.000836817825918806,OFFBOARD,1
83.828,GLIDE_APPROACH,15.03271096732427,15.08670806360758,0,91.992,0.0,1,0.9208584427833557,2.343310932454077,0.07879520298472495,2.343310932454077,0.07879520298472495,2.343310932454077,0.07879520298472495,-0.8,121.6710433959961,0.1851702481508255,17.041244506835938,86.32027533378891,0.0008368178148749881,OFFBOARD,1
83.864,GLIDE_APPROACH,15.006112390212873,15.070163523443975,0,92.028,0.0,1,0.9208584427833557,2.3553597943130185,0.08115845411799916,2.3553597943130185,0.08115845411799916,2.3553597943130185,0.08115845411799916,-0.8,121.73961639404297,0.18371480703353882,17.01683807373047,86.37427529256043,0.0008368177991039651,OFFBOARD,1
83.892,GLIDE_APPROACH,14.97322562244003,15.048462206881828,0,92.056,0.0,1,0.9208584427833557,2.368763773573883,0.08383394099386632,2.368763773573883,0.08383394099386632,2.368763773573883,0.08383394099386632,-0.8,121.80826568603516,0.18247470259666443,16.99223518371582,86.4162752692318,0.000836817785424807,OFFBOARD,1
83.928,GLIDE_APPROACH,14.942471745656938,15.029096347029181,0,92.092,0.0,1,0.9208584427833557,2.3824130821369236,0.0861942822197614,2.3824130821369236,0.0861942822197614,2.3824130821369236,0.0861942822197614,-0.8,121.87710571289062,0.1814686357975006,16.967344284057617,86.47627522575696,0.000836817767018444,OFFBOARD,1
83.96,GLIDE_APPROACH,14.91221449755398,15.009372967623257,0,92.124,0.0,1,0.9208584427833557,2.395038879377801,0.08830826547195417,2.395038879377801,0.08830826547195417,2.395038879377801,0.08830826547195417,-0.8,121.96344757080078,0.18051578104496002,16.935815811157227,86.52427520483887,0.0008368177522933533,OFFBOARD,1
83.992,GLIDE_APPROACH,14.87871054229663,14.98675568561587,0,92.156,0.0,1,0.9208584427833557,2.4080838684565404,0.09041109300802164,2.4080838684565404,0.09041109300802164,2.4080838684565404,0.09041109300802164,-0.8,122.03279876708984,0.17998334765434265,16.91038703918457,86.56627518880829,0.000836817740203603,OFFBOARD,1
84.028,GLIDE_APPROACH,14.847532760456538,14.966522162336979,0,92.192,0.0,1,0.9208584427833557,2.421206853434746,0.09226794342629246,2.421206853434746,0.09226794342629246,2.421206853434746,0.09226794342629246,-0.8,122.10240936279297,0.17963054776191711,16.884815216064453,86.62627518626486,0.00083681772179724,OFFBOARD,1
84.06,GLIDE_APPROACH,14.81700214549053,14.945890536418256,0,92.224,0.0,1,0.9208584427833557,2.433069098019791,0.0938871810059653,2.433069098019791,0.0938871810059653,2.433069098019791,0.0938871810059653,-0.8,122.17228698730469,0.17945897579193115,16.859106063842773,86.67427517716223,0.0008368177070721494,OFFBOARD,1
84.092,GLIDE_APPROACH,14.786462265725095,14.924949020914381,0,92.256,0.0,1,0.9208584427833557,2.4445754305945813,0.09535424813133958,2.4445754305945813,0.09535424813133958,2.4445754305945813,0.09535424813133958,-0.8,122.24171447753906,0.17809182405471802,16.834651947021484,86.72227516047889,0.0008368176923470588,OFFBOARD,1
84.128,GLIDE_APPROACH,14.748991883391373,14.898233962956587,0,92.292,0.0,1,0.9208584427833557,2.4574695328403435,0.09689503803583602,2.4574695328403435,0.09689503803583602,2.4574695328403435,0.09689503803583602,-0.8,122.31148529052734,0.17699678242206573,16.81005096435547,86.77027514238172,0.0008368176776219683,OFFBOARD,1
84.16,GLIDE_APPROACH,14.721648760615789,14.879399876273515,0,92.324,0.0,1,0.9208584427833557,2.4676717599987548,0.09797518249827963,2.4676717599987548,0.09797518249827963,2.4676717599987548,0.09797518249827963,-0.8,122.3991928100586,0.17597515881061554,16.778934478759766,86.82427514104158,0.0008368176602615376,OFFBOARD,1
84.196,GLIDE_APPROACH,14.688080172526393,14.854609075486001,0,92.36,0.0,1,0.9361491799354553,2.484866549380424,0.09557373897204813,2.484866549380424,0.09557373897204813,2.484866549380424,0.09557373897204813,-0.8,122.46973419189453,0.1754443347454071,16.7541446685791,86.87827511981892,0.0008368176444905148,OFFBOARD,1
84.228,GLIDE_APPROACH,14.657080010069512,14.832412563323663,0,92.392,0.0,1,0.9361491799354553,2.4954189964928157,0.09649418653172598,2.4954189964928157,0.09649418653172598,2.4954189964928157,0.09649418653172598,-0.8,122.54061126708984,0.1751352995634079,16.729101181030273,86.92627510042668,0.0008368176297654244,OFFBOARD,1
84.26,GLIDE_APPROACH,14.626825980304172,14.809801648877501,0,92.424,0.0,1,0.9361491799354553,2.5,0.09718803324364314,2.5,0.09718803324364314,2.5,0.09718803324364314,-0.8,122.6118392944336,0.17504733800888062,16.70393943786621,86.96827508560168,0.0008368176160862664,OFFBOARD,1
84.296,GLIDE_APPROACH,14.592922376682292,14.783981054906695,0,92.46,0.0,1,0.9361491799354553,2.5,0.09779796504015928,2.5,0.09779796504015928,2.5,0.09779796504015928,-0.8,122.68240356445312,0.1745104193687439,16.67902946472168,87.02827504559777,0.0008368175976799033,OFFBOARD,1
84.332,GLIDE_APPROACH,14.562921334869875,14.760686977374581,0,92.496,0.0,1,0.9361491799354553,2.5,0.09819111678847964,2.5,0.09819111678847964,2.5,0.09819111678847964,-0.8,122.7530746459961,0.17402434349060059,16.654027938842773,87.07627500757982,0.000836817582954813,OFFBOARD,1
84.36,GLIDE_APPROACH,14.533062007328184,14.73706852807416,0,92.524,0.0,1,0.9361491799354553,2.5,0.09844761429351542,2.5,0.09844761429351542,2.5,0.09844761429351542,-0.8,122.84202575683594,0.17377105355262756,16.622716903686523,87.12427496496088,0.0008368175682297226,OFFBOARD,1
84.396,GLIDE_APPROACH,14.49646807091593,14.707049600756415,0,92.56,0.0,1,0.9361491799354553,2.5,0.09855204847152882,2.5,0.09855204847152882,2.5,0.09855204847152882,-0.8,122.91365814208984,0.17382501065731049,16.597517013549805,87.17227491831754,0.000836817553504632,OFFBOARD,1
84.428,GLIDE_APPROACH,14.470055282308467,14.68596735126766,0,92.592,0.0,1,0.9361491799354553,2.5,0.09871171094900502,2.5,0.09871171094900502,2.5,0.09871171094900502,-0.8,122.98562622070312,0.17404386401176453,16.572072982788086,87.22027487378432,0.0008368175387795416,OFFBOARD,1
84.46,GLIDE_APPROACH,14.440624804933046,14.661539836982644,0,92.624,0.0,1,0.9361491799354553,2.5,0.0987555825181477,2.5,0.0987555825181477,2.5,0.0987555825181477,-0.8,123.07603454589844,0.17451253533363342,16.54003143310547,87.26827484309487,0.0008368175240544513,OFFBOARD,1
84.492,GLIDE_APPROACH,14.411363775258364,14.636876723372964,0,92.656,0.0,1,0.9361491799354553,2.5,0.0987552951015323,2.5,0.0987552951015323,2.5,0.0987552951015323,-0.8,123.13050079345703,0.1748921126127243,16.520755767822266,87.31627481414293,0.0008368175093293609,OFFBOARD,1
84.528,GLIDE_APPROACH,14.378669995955821,14.608859453949167,0,92.692,0.0,1,0.9361491799354553,2.5,0.09870644568007206,2.5,0.09870644568007206,2.5,0.09870644568007206,-0.8,123.22166442871094,0.17566226422786713,16.488685607910156,87.37627477925147,0.000836817490922998,OFFBOARD,1
84.56,GLIDE_APPROACH,14.346632036872016,14.58047523446075,0,92.724,0.0,1,0.9361491799354553,2.5,0.09852834438586086,2.5,0.09852834438586086,2.5,0.09852834438586086,-0.8,123.294921875,0.17639228701591492,16.462982177734375,87.4242747650612,0.0008368174761979075,OFFBOARD,1
84.592,GLIDE_APPROACH,14.321201190413243,14.558383170780745,0,92.756,0.0,1,0.9361491799354553,2.5,0.09849983425793218,2.5,0.09849983425793218,2.5,0.09849983425793218,-0.8,123.36844635009766,0.1772315949201584,16.437191009521484,87.47227476249459,0.0008368174614728171,OFFBOARD,1
84.628,GLIDE_APPROACH,14.286084079806344,14.526339328691835,0,92.792,0.0,1,0.9361491799354553,2.5,0.09821453368962346,2.5,0.09821453368962346,2.5,0.09821453368962346,-0.8,123.44223022460938,0.1781805157661438,16.411211013793945,87.52027476495161,0.0008368174467477268,OFFBOARD,1
84.66,GLIDE_APPROACH,14.257984767609887,14.500571489734975,0,92.824,0.0,1,0.9361491799354553,2.5,0.09800860384558477,2.5,0.09800860384558477,2.5,0.09800860384558477,-0.8,123.51627349853516,0.17922575771808624,16.38511848449707,87.57427475119151,0.0008368174309767039,OFFBOARD,1
84.696,GLIDE_APPROACH,14.233359317391278,14.477974563109102,0,92.86,0.0,1,0.9577886462211609,2.5,0.10162782590423922,2.5,0.10162782590423922,2.5,0.10162782590423922,-0.8,123.6087875366211,0.18014073371887207,16.353918075561523,87.62827474330776,0.0008368174136162733,OFFBOARD,1
84.728,GLIDE_APPROACH,14.20239334364572,14.448619334035168,0,92.892,0.0,1,0.9577886462211609,2.5,0.1013157460919552,2.5,0.1013157460919552,2.5,0.1013157460919552,-0.8,123.66446685791016,0.18078123033046722,16.335046768188477,87.67027472325137,0.0008368174015265231,OFFBOARD,1
84.768,GLIDE_APPROACH,14.168763077063279,14.340925606891963,0,92.932,0.0,1,0.9577886462211609,2.5,0.1007568427669906,2.5,0.1007568427669906,2.5,0.1007568427669906,-0.8,123.83219146728516,0.18307669460773468,16.27813148498535,87.73627472457524,0.0008368173804848199,OFFBOARD,1
84.792,GLIDE_APPROACH,14.148221095874511,14.395963778498468,0,92.956,0.0,1,0.9577886462211609,2.5,0.10065018639002357,2.5,0.10065018639002357,2.5,0.10065018639002357,-0.8,123.83219146728516,0.18307669460773468,16.27813148498535,87.76627471145264,0.0008368173720763423,OFFBOARD,1
84.828,GLIDE_APPROACH,14.115027443849957,14.36268379014858,0,92.992,0.0,1,0.9577886462211609,2.5,0.10008450980354722,2.5,0.10008450980354722,2.5,0.10008450980354722,-0.8,123.90703582763672,0.1842673122882843,16.252702713012695,87.82027470628056,0.0008368173547159119,OFFBOARD,1
84.864,GLIDE_APPROACH,14.091879998798117,14.339424188618185,0,93.028,0.0,1,0.9577886462211609,2.5,0.09979163610108402,2.5,0.09979163610108402,2.5,0.09979163610108402,-0.8,123.98204803466797,0.18555033206939697,16.227039337158203,87.87427469764897,0.000836817338944889,OFFBOARD,1
84.892,GLIDE_APPROACH,14.065813037876088,14.312636370270246,0,93.056,0.0,1,0.9577886462211609,2.5,0.09936069860820965,2.5,0.09936069860820965,2.5,0.09936069860820965,-0.8,124.05722045898438,0.18691487610340118,16.201393127441406,87.92227470763102,0.0008368173242197985,OFFBOARD,1
84.928,GLIDE_APPROACH,14.033632363822726,14.278937979348692,0,93.092,0.0,1,0.9577886462211609,2.5,0.09878109869011434,2.5,0.09878109869011434,2.5,0.09878109869011434,-0.8,124.13252258300781,0.1883240044116974,16.175642013549805,87.97027472720251,0.0008368173094947079,OFFBOARD,1
84.96,GLIDE_APPROACH,14.011414194585484,14.255425834537503,0,93.124,0.0,1,0.9577886462211609,2.5,0.09853590668883652,2.5,0.09853590668883652,2.5,0.09853590668883652,-0.8,124.22679901123047,0.19012758135795593,16.1435489654541,88.0182747553088,0.0008368172947696173,OFFBOARD,1
84.992,GLIDE_APPROACH,13.9862801983882,14.228376582947446,0,93.156,0.0,1,0.9577886462211609,2.5,0.09819251994440065,2.5,0.09819251994440065,2.5,0.09819251994440065,-0.8,124.30233001708984,0.1916009783744812,16.11772918701172,88.06627479090629,0.0008368172800445269,OFFBOARD,1
85.028,GLIDE_APPROACH,13.958361826404447,14.197854376465683,0,93.192,0.0,1,0.9577886462211609,2.5,0.09784136522378714,2.5,0.09784136522378714,2.5,0.09784136522378714,-0.8,124.37796020507812,0.19310900568962097,16.091794967651367,88.12627484482009,0.0008368172616381639,OFFBOARD,1
85.06,GLIDE_APPROACH,13.933865518477596,14.170644156281654,0,93.224,0.0,1,0.9577886462211609,2.5,0.0975604619923438,2.5,0.0975604619923438,2.5,0.0975604619923438,-0.8,124.45365905761719,0.19464926421642303,16.065906524658203,88.16827489467188,0.000836817247959006,OFFBOARD,1
85.092,GLIDE_APPROACH,13.906456548442625,14.139855256522061,0,93.256,0.0,1,0.9577886462211609,2.5,0.09719994942753787,2.5,0.09719994942753787,2.5,0.09719994942753787,-0.8,124.5300064086914,0.19458533823490143,16.04096794128418,88.22227493062897,0.0008368172321879831,OFFBOARD,1
85.128,GLIDE_APPROACH,13.87959035237955,14.109064921122217,0,93.292,0.0,1,0.9577886462211609,2.5,0.09695065893254148,2.5,0.09695065893254148,2.5,0.09695065893254148,-0.8,124.60639953613281,0.19465188682079315,16.01581382751465,88.27627497393966,0.0008368172148275525,OFFBOARD,1
85.16,GLIDE_APPROACH,13.859222829991975,14.085144348222865,0,93.324,0.0,1,0.9577886462211609,2.5,0.0968546962528416,2.5,0.0968546962528416,2.5,0.0968546962528416,-0.8,124.70195007324219,0.1949034184217453,15.9840669631958,88.33027500640242,0.0008368171990565296,OFFBOARD,1
85.192,GLIDE_APPROACH,13.835910749831054,14.05763932590839,0,93.356,0.0,1,0.8929727077484131,2.5,0.10011129177064487,2.5,0.10011129177064487,2.5,0.10011129177064487,-0.8,124.77843475341797,0.1952420026063919,15.958516120910645,88.36627502660883,0.0008368171880127119,OFFBOARD,1
85.228,GLIDE_APPROACH,13.806776426788625,14.023074893074616,0,93.392,0.0,1,0.8929727077484131,2.5,0.0998285436233724,2.5,0.0998285436233724,2.5,0.0998285436233724,-0.8,124.85498809814453,0.195694699883461,15.932766914367676,88.42027505641786,0.0008368171706522812,OFFBOARD,1
85.26,GLIDE_APPROACH,13.787227572162676,13.903052866781033,0,93.424,0.0,1,0.8929727077484131,2.5,0.09977315159108271,2.5,0.09977315159108271,2.5,0.09977315159108271,-0.8,124.9509048461914,0.1962505578994751,15.90060043334961,88.4742750780167,0.0008368171548812582,OFFBOARD,1
85.292,GLIDE_APPROACH,13.76148412988921,13.967707950436381,0,93.456,0.0,1,0.8929727077484131,2.5,0.09953240850546646,2.5,0.09953240850546646,2.5,0.09953240850546646,-0.8,125.00878143310547,0.19629807770252228,15.881641387939453,88.51627511429815,0.0008368171412021003,OFFBOARD,1
85.328,GLIDE_APPROACH,13.739645779139675,13.940023677355546,0,93.492,0.0,1,0.8929727077484131,2.5,0.09946882884212016,2.5,0.09946882884212016,2.5,0.09946882884212016,-0.8,125.0859375,0.19646891951560974,15.856184959411621,88.57027515056888,0.0008368171254310775,OFFBOARD,1
85.36,GLIDE_APPROACH,13.71760597324566,13.912195472351964,0,93.524,0.0,1,0.8929727077484131,2.5,0.09932706892899867,2.5,0.09932706892899867,2.5,0.09932706892899867,-0.8,125.18238067626953,0.1968643069267273,15.824169158935547,88.61827519553873,0.000836817110705987,OFFBOARD,1
85.396,GLIDE_APPROACH,13.695703295666444,13.807274629086232,0,93.56,0.0,1,0.8929727077484131,2.494744826917224,0.0989863755865526,2.494744826917224,0.0989863755865526,2.494744826917224,0.0989863755865526,-0.8,125.33662414550781,0.19832472503185272,15.772418022155762,88.67827525850824,0.0008368170922996241,OFFBOARD,1
85.428,GLIDE_APPROACH,13.67111402143528,13.853106369374851,0,93.592,0.0,1,0.8929727077484131,2.486758259730035,0.09806494127325313,2.486758259730035,0.09806494127325313,2.486758259730035,0.09806494127325313,-0.8,125.33662414550781,0.19832472503185272,15.772418022155762,88.72027531418526,0.000836817078620466,OFFBOARD,1
85.46,GLIDE_APPROACH,13.649340337411964,13.825381928942777,0,93.624,0.0,1,0.8929727077484131,2.4796265377633175,0.09676930626173322,2.4796265377633175,0.09676930626173322,2.4796265377633175,0.09676930626173322,-0.8,125.41366577148438,0.1997625082731247,15.746153831481934,88.77427537061577,0.0008368170628494431,OFFBOARD,1
85.492,GLIDE_APPROACH,13.627676405543435,13.797710151045603,0,93.656,0.0,1,0.8929727077484131,2.4724254011202236,0.09503258914583074,2.4724254011202236,0.09503258914583074,2.4724254011202236,0.09503258914583074,-0.8,125.49060821533203,0.201673686504364,15.719743728637695,88.82227541590237,0.0008368170481243527,OFFBOARD,1
85.528,GLIDE_APPROACH,13.603457833457664,13.766640635188056,0,93.692,0.0,1,0.8929727077484131,2.464222161802351,0.09257308266318431,2.464222161802351,0.09257308266318431,2.464222161802351,0.09257308266318431,-0.8,125.56747436523438,0.2040357142686844,15.693140983581543,88.87027545289259,0.0008368170333992621,OFFBOARD,1
85.56,GLIDE_APPROACH,13.582076641024512,13.73907552313439,0,93.724,0.0,1,0.8929727077484131,2.456820442463275,0.08996620159143187,2.456820442463275,0.08996620159143187,2.456820442463275,0.08996620159143187,-0.8,125.66348266601562,0.2075987309217453,15.65972900390625,88.92427550719712,0.0008368170160388314,OFFBOARD,1
85.592,GLIDE_APPROACH,13.560827696278146,13.711558365111117,0,93.756,0.0,1,0.8929727077484131,2.449323735877114,0.08699604480067089,2.449323735877114,0.08699604480067089,2.449323735877114,0.08699604480067089,-0.8,125.7402572631836,0.21087929606437683,15.632948875427246,88.97227555339897,0.0008368170013137411,OFFBOARD,1
85.628,GLIDE_APPROACH,13.537068817339184,13.680658986017013,0,93.792,0.0,1,0.8929727077484131,2.440781347244422,0.08326361888195877,2.440781347244422,0.08326361888195877,2.440781347244422,0.08326361888195877,-0.8,125.81694793701172,0.21451595425605774,15.606159210205078,89.0262756026433,0.0008368169855427183,OFFBOARD,1
85.66,GLIDE_APPROACH,13.516064487397253,13.6532463546002,0,93.824,0.0,1,0.8929727077484131,2.433112418390515,0.0796379688224815,2.433112418390515,0.0796379688224815,2.433112418390515,0.0796379688224815,-0.8,125.89360809326172,0.21846871078014374,15.579309463500977,89.07427565696945,0.0008368169708176277,OFFBOARD,1
85.692,GLIDE_APPROACH,13.495148418791183,13.625888832547252,0,93.856,0.0,1,0.8929727077484131,2.4254122838471983,0.07575887012989582,2.4254122838471983,0.07575887012989582,2.4254122838471983,0.07575887012989582,-0.8,125.97039031982422,0.22122231125831604,15.553083419799805,89.11627571466796,0.0008368169571384697,OFFBOARD,1
85.728,GLIDE_APPROACH,13.468416037532556,13.591692984127,0,93.892,0.0,1,0.9177621006965637,2.402600301019683,0.07209107285346773,2.402600301019683,0.07209107285346773,2.402600301019683,0.07209107285346773,-0.8,126.04707336425781,0.22435739636421204,15.526968002319336,89.18227577989194,0.0008368169376861743,OFFBOARD,1
85.76,GLIDE_APPROACH,13.450911000816834,13.472207941576498,0,93.924,0.0,1,0.9177621006965637,2.3951531390579706,0.06838647487919795,2.3951531390579706,0.06838647487919795,2.3951531390579706,0.06838647487919795,-0.8,126.14280700683594,0.22874276340007782,15.494193077087402,89.22427582115908,0.0008368169240070164,OFFBOARD,1
85.792,GLIDE_APPROACH,13.426875099746077,13.537352021049747,0,93.956,0.0,1,0.9177621006965637,2.387289324834234,0.06327590304950678,2.387289324834234,0.06327590304950678,2.387289324834234,0.06327590304950678,-0.8,126.21929168701172,0.23257236182689667,15.467949867248535,89.27227586096222,0.0008368169092819257,OFFBOARD,1
85.828,GLIDE_APPROACH,13.406833695639513,13.51039198606264,0,93.992,0.0,1,0.9177621006965637,2.3790161143300326,0.058735943272286456,2.3790161143300326,0.058735943272286456,2.3790161143300326,0.058735943272286456,-0.8,126.29570007324219,0.23665526509284973,15.44172477722168,89.32027589865915,0.0008368168945568353,OFFBOARD,1
85.86,GLIDE_APPROACH,13.386095609738492,13.483442580888932,0,94.024,0.0,1,0.9177621006965637,2.371587552697659,0.054010078610472384,2.371587552697659,0.054010078610472384,2.371587552697659,0.054010078610472384,-0.8,126.37200164794922,0.2409595102071762,15.415498733520508,89.36827592280494,0.0008368168798317446,OFFBOARD,1
85.892,GLIDE_APPROACH,13.365466851579543,13.456510547530375,0,94.056,0.0,1,0.9177621006965637,2.364044255387611,0.04914223253552864,2.364044255387611,0.04914223253552864,2.364044255387611,0.04914223253552864,-0.8,126.44821166992188,0.24547480046749115,15.389405250549316,89.42227592694586,0.0008368168640607218,OFFBOARD,1
85.932,GLIDE_APPROACH,13.342490315798091,13.426164556387205,0,94.096,0.0,1,0.9177621006965637,2.355232021338125,0.0434709865746422,2.355232021338125,0.0434709865746422,2.355232021338125,0.0434709865746422,-0.8,126.52442932128906,0.25022369623184204,15.363373756408691,89.48227593021228,0.0008368168456543586,OFFBOARD,1
85.96,GLIDE_APPROACH,13.322221658875778,13.399161796182543,0,94.124,0.0,1,0.9177621006965637,2.347170863298175,0.03827053367323474,2.347170863298175,0.03827053367323474,2.347170863298175,0.03827053367323474,-0.8,126.60069274902344,0.25519904494285583,15.337528228759766,89.52427594650365,0.0008368168319752005,OFFBOARD,1
85.992,GLIDE_APPROACH,13.302035330877382,13.372145347671282,0,94.156,0.0,1,0.9177621006965637,2.3389972871529605,0.03293136836034562,2.3389972871529605,0.03293136836034562,2.3389972871529605,0.03293136836034562,-0.8,126.69603729248047,0.2617133855819702,15.305389404296875,89.56627595301143,0.0008368168198854504,OFFBOARD,1
86.028,GLIDE_APPROACH,13.279351251784407,13.341752953416153,0,94.192,0.0,1,0.9177621006965637,2.329774603583849,0.02677490766041178,2.329774603583849,0.02677490766041178,2.329774603583849,0.02677490766041178,-0.8,126.77233123779297,0.26713016629219055,15.279732704162598,89.62027598078905,0.0008368168025250196,OFFBOARD,1
86.06,GLIDE_APPROACH,13.259153778508006,13.31475544857259,0,94.224,0.0,1,0.9177621006965637,2.3216298967717703,0.021186315830774335,2.3216298967717703,0.021186315830774335,2.3216298967717703,0.021186315830774335,-0.8,126.84861755371094,0.2727222442626953,15.254366874694824,89.67427597962342,0.000836816786753997,OFFBOARD,1
86.092,GLIDE_APPROACH,13.235721456115513,13.284341037096837,0,94.256,0.0,1,0.9177621006965637,2.3132713281640873,0.01471704840864195,2.3132713281640873,0.01471704840864195,2.3132713281640873,0.01471704840864195,-0.8,126.92446899414062,0.2773989737033844,15.229598045349121,89.72227597397537,0.0008368167720289066,OFFBOARD,1
86.128,GLIDE_APPROACH,13.212780069411194,13.254076608508978,0,94.292,0.0,1,0.9177621006965637,2.3045015667544466,0.008234279531744298,2.3045015667544466,0.008234279531744298,2.3045015667544466,0.008234279531744298,-0.8,127.01908874511719,0.2831238806247711,15.198769569396973,89.77627597113641,0.0008368167546684759,OFFBOARD,1
86.164,GLIDE_APPROACH,13.195384106636169,13.230680927926729,0,94.328,0.0,1,0.9177621006965637,2.297313940934652,0.0032228505273557,2.297313940934652,0.0032228505273557,2.297313940934652,0.0032228505273557,-0.8,127.09473419189453,0.2879345118999481,15.173971176147461,89.8302759610122,0.0008368167388974532,OFFBOARD,1
86.192,GLIDE_APPROACH,13.174651268223462,13.203925642705174,0,94.356,0.0,1,0.9177621006965637,2.290102569118294,-0.0026182038853324353,2.290102569118294,-0.0026182038853324353,2.290102569118294,-0.0026182038853324353,-0.8,127.17034912109375,0.29292726516723633,15.149165153503418,89.87227596080024,0.000836816725218295,OFFBOARD,1
86.228,GLIDE_APPROACH,13.1479260139112,13.170533001140916,0,94.392,0.0,1,0.8936995267868042,2.2821097729625563,-0.010947447876002686,2.2821097729625563,-0.010947447876002686,2.2821097729625563,-0.010947447876002686,-0.8,127.24588775634766,0.2980809509754181,15.124241828918457,89.92627593301367,0.0008368167094472722,OFFBOARD,1
86.264,GLIDE_APPROACH,13.126749832063892,13.144004410659281,0,94.428,0.0,1,0.8936995267868042,2.27569386020668,-0.016794184005294473,2.27569386020668,-0.016794184005294473,2.27569386020668,-0.016794184005294473,-0.8,127.32134246826172,0.3033571243286133,15.099209785461426,89.98027591024477,0.0008368166920868414,OFFBOARD,1
86.292,GLIDE_APPROACH,13.10851345420689,13.120967796738007,0,94.456,0.0,1,0.8936995267868042,2.26993785250385,-0.021817022988403587,2.26993785250385,-0.021817022988403587,2.26993785250385,-0.021817022988403587,-0.8,127.39671325683594,0.3087468147277832,15.074165344238281,90.02227587268743,0.000836816679997091,OFFBOARD,1
86.328,GLIDE_APPROACH,13.08098861713332,13.088019163309928,0,94.492,0.0,1,0.8936995267868042,2.263436977817883,-0.0291180782497491,2.263436977817883,-0.0291180782497491,2.263436977817883,-0.0291180782497491,-0.8,127.47198486328125,0.31422939896583557,15.049127578735352,90.06427584954079,0.0008368166663179331,OFFBOARD,1
86.36,GLIDE_APPROACH,13.062243374782053,13.065210695915711,0,94.524,0.0,1,0.8936995267868042,2.2585620591690247,-0.034054224823673394,2.2585620591690247,-0.034054224823673394,2.2585620591690247,-0.034054224823673394,-0.8,127.54713439941406,0.3197859227657318,15.024092674255371,90.11227582518107,0.0008368166515928424,OFFBOARD,1
86.392,GLIDE_APPROACH,13.036832648530119,13.03574719604986,0,94.556,0.0,1,0.8936995267868042,2.253693890869557,-0.04013241214428605,2.253693890869557,-0.04013241214428605,2.253693890869557,-0.04013241214428605,-0.8,127.64093017578125,0.3267143666744232,14.992704391479492,90.17227581063428,0.0008368166331864792,OFFBOARD,1
86.428,GLIDE_APPROACH,13.014574106968775,13.009704266643162,0,94.592,0.0,1,0.8936995267868042,2.2491536890377093,-0.044770616898364896,2.2491536890377093,-0.044770616898364896,2.2491536890377093,-0.044770616898364896,-0.8,127.7159652709961,0.33187663555145264,14.967373847961426,90.22627579621641,0.0008368166174154562,OFFBOARD,1
86.46,GLIDE_APPROACH,12.988338909492398,12.980227026424753,0,94.624,0.0,1,0.8936995267868042,2.2452552632306695,-0.04942388193998125,2.2452552632306695,-0.04942388193998125,2.2452552632306695,-0.04942388193998125,-0.8,127.79096984863281,0.33662524819374084,14.94198226928711,90.27427578342841,0.0008368166026903659,OFFBOARD,1
86.492,GLIDE_APPROACH,12.96814317918061,12.957441021394255,0,94.656,0.0,1,0.8936995267868042,2.2421476745690057,-0.052383047408658685,2.2421476745690057,-0.052383047408658685,2.2421476745690057,-0.052383047408658685,-0.8,127.8656005859375,0.33990246057510376,14.916903495788574,90.32227577773261,0.0008368165879652755,OFFBOARD,1
86.528,GLIDE_APPROACH,12.938090356179476,12.92469438388959,0,94.692,0.0,1,0.8936995267868042,2.2389105997188596,-0.055992525004250684,2.2389105997188596,-0.055992525004250684,2.2389105997188596,-0.055992525004250684,-0.8,127.94010162353516,0.3425038754940033,14.89184284210205,90.37627579041525,0.0008368165706048448,OFFBOARD,1
86.56,GLIDE_APPROACH,12.917093200165718,12.901914518327798,0,94.724,0.0,1,0.8936995267868042,2.23676491741167,-0.057856834478264514,2.23676491741167,-0.057856834478264514,2.23676491741167,-0.057856834478264514,-0.8,128.01458740234375,0.34477975964546204,14.866582870483398,90.42427580427871,0.0008368165558797545,OFFBOARD,1
86.592,GLIDE_APPROACH,12.892474744966147,12.875801098352959,0,94.756,0.0,1,0.8936995267868042,2.234972165356172,-0.059551752505694444,2.234972165356172,-0.059551752505694444,2.234972165356172,-0.059551752505694444,-0.8,128.1077117919922,0.34715574979782104,14.834745407104492,90.46627581519175,0.0008368165437900044,OFFBOARD,1
86.628,GLIDE_APPROACH,12.864340051704193,12.84644837504892,0,94.792,0.0,1,0.8936995267868042,2.2335047375997172,-0.06083515434522769,2.2335047375997172,-0.06083515434522769,2.2335047375997172,-0.06083515434522769,-0.8,128.18214416503906,0.34868308901786804,14.809224128723145,90.52627585137249,0.0008368165253836414,OFFBOARD,1
86.66,GLIDE_APPROACH,12.838952560575146,12.820387164824732,0,94.824,0.0,1,0.8936995267868042,2.232695080092226,-0.061458664000812374,2.232695080092226,-0.061458664000812374,2.232695080092226,-0.061458664000812374,-0.8,128.25656127929688,0.34990277886390686,14.783626556396484,90.57427588566887,0.0008368165106585508,OFFBOARD,1
86.692,GLIDE_APPROACH,12.813219374436638,12.79436126400371,0,94.856,0.0,1,0.8936995267868042,2.232343074680868,-0.06163035461856635,2.232343074680868,-0.06163035461856635,2.232343074680868,-0.06163035461856635,-0.8,128.33108520507812,0.35012492537498474,14.759111404418945,90.62227591063095,0.0008368164959334603,OFFBOARD,1
86.728,GLIDE_APPROACH,12.783861103319671,12.765131830243588,0,94.892,0.0,1,0.8996413946151733,2.2363870524112723,-0.061012601693089384,2.2363870524112723,-0.061012601693089384,2.2363870524112723,-0.061012601693089384,-0.8,128.405517578125,0.35014525055885315,14.7344331741333,90.67627593792118,0.0008368164785730295,OFFBOARD,1
86.764,GLIDE_APPROACH,12.750777568242276,12.732645283750427,0,94.928,0.0,1,0.8996413946151733,2.2371087759423394,-0.06017833793290091,2.2371087759423394,-0.06017833793290091,2.2371087759423394,-0.06017833793290091,-0.8,128.47988891601562,0.3499680161476135,14.709622383117676,90.7302759556695,0.0008368164628020068,OFFBOARD,1
86.792,GLIDE_APPROACH,12.727304306571625,12.710006841775794,0,94.956,0.0,1,0.8996413946151733,2.238108085385493,-0.05921864405778424,2.238108085385493,-0.05921864405778424,2.238108085385493,-0.05921864405778424,-0.8,128.5727996826172,0.3494713008403778,14.678568840026855,90.77227597677877,0.0008368164491228485,OFFBOARD,1
86.828,GLIDE_APPROACH,12.700040555636257,12.684261303913917,0,94.992,0.0,1,0.8996413946151733,2.2399319389153494,-0.057748093219111396,2.2399319389153494,-0.057748093219111396,2.2399319389153494,-0.057748093219111396,-0.8,128.6470184326172,0.3488641083240509,14.653584480285645,90.82627597451166,0.0008368164333518258,OFFBOARD,1
86.86,GLIDE_APPROACH,12.672509920819476,12.658487919141074,0,95.024,0.0,1,0.8996413946151733,2.242046797311707,-0.05604886303626681,2.242046797311707,-0.05604886303626681,2.242046797311707,-0.05604886303626681,-0.8,128.7211151123047,0.3480910360813141,14.628435134887695,90.87427596854816,0.0008368164186267354,OFFBOARD,1
86.892,GLIDE_APPROACH,12.644578592666258,12.54040855062704,0,95.056,0.0,1,0.8996413946151733,2.2448498150145957,-0.05409097803699771,2.2448498150145957,-0.05409097803699771,2.2448498150145957,-0.05409097803699771,-0.8,128.8135986328125,0.3469375669956207,14.596858024597168,90.92227595360104,0.0008368164039016449,OFFBOARD,1
86.928,GLIDE_APPROACH,12.612634575020936,12.604429178437648,0,95.092,0.0,1,0.8996413946151733,2.249028769737751,-0.051621404700619676,2.249028769737751,-0.051621404700619676,2.249028769737751,-0.051621404700619676,-0.8,128.86888122558594,0.3461819589138031,14.577672004699707,90.97627594232752,0.0008368163865412142,OFFBOARD,1
86.96,GLIDE_APPROACH,12.583816017286342,12.579413966624232,0,95.124,0.0,1,0.8996413946151733,2.2535958461921726,-0.049205822972257694,2.2535958461921726,-0.049205822972257694,2.2535958461921726,-0.049205822972257694,-0.8,128.9423828125,0.34509748220443726,14.552132606506348,91.02427593615,0.0008368163718161237,OFFBOARD,1
86.996,GLIDE_APPROACH,12.554633374213784,12.554659189414389,0,95.16,0.0,1,0.8996413946151733,2.2589121270399373,-0.046597539304813064,2.2589121270399373,-0.046597539304813064,2.2589121270399373,-0.046597539304813064,-0.8,129.03384399414062,0.3436282277107239,14.519877433776855,91.07827593316549,0.0008368163560451007,OFFBOARD,1
87.028,GLIDE_APPROACH,12.52139893483285,12.52710349495842,0,95.192,0.0,1,0.8996413946151733,2.2657294283787115,-0.04345027291490709,2.2657294283787115,-0.04345027291490709,2.2657294283787115,-0.04345027291490709,-0.8,129.10670471191406,0.3423631489276886,14.493881225585938,91.12627594679279,0.0008368163413200102,OFFBOARD,1
87.06,GLIDE_APPROACH,12.49152163752702,12.50284899631666,0,95.224,0.0,1,0.8996413946151733,2.2724824103830223,-0.04047879547080171,2.2724824103830223,-0.04047879547080171,2.2724824103830223,-0.04047879547080171,-0.8,129.17930603027344,0.341022253036499,14.467830657958984,91.16827597200424,0.0008368163276408522,OFFBOARD,1
87.092,GLIDE_APPROACH,12.461350412435936,12.478795712781563,0,95.256,0.0,1,0.8996413946151733,2.279824812280169,-0.037357628188049594,2.279824812280169,-0.037357628188049594,2.279824812280169,-0.037357628188049594,-0.8,129.25259399414062,0.33893558382987976,14.442843437194824,91.22227597870265,0.0008368163118698293,OFFBOARD,1
87.128,GLIDE_APPROACH,12.427076272636135,12.45194465962606,0,95.292,0.0,1,0.8996413946151733,2.2887293568449447,-0.033684889228351944,2.2887293568449447,-0.033684889228351944,2.2887293568449447,-0.033684889228351944,-0.8,129.3437957763672,0.33633583784103394,14.411355972290039,91.27627599536801,0.0008368162945093988,OFFBOARD,1
87.16,GLIDE_APPROACH,12.396322201415984,12.428233686132387,0,95.324,0.0,1,0.8996413946151733,2.297181059236537,-0.030294203429951982,2.297181059236537,-0.030294203429951982,2.297181059236537,-0.030294203429951982,-0.8,129.39834594726562,0.3347695469856262,14.392266273498535,91.32427601147687,0.0008368162797843083,OFFBOARD,1
87.196,GLIDE_APPROACH,12.365305200263386,12.404643102428867,0,95.36,0.0,1,0.9047948122024536,2.308314197664687,-0.02867609704004266,2.308314197664687,-0.02867609704004266,2.308314197664687,-0.02867609704004266,-0.8,129.489013671875,0.33214977383613586,14.360495567321777,91.37827603090318,0.0008368162640132856,OFFBOARD,1
87.228,GLIDE_APPROACH,12.330111455714498,12.378217404812196,0,95.392,0.0,1,0.9047948122024536,2.3188337804347006,-0.02464235239209498,2.3188337804347006,-0.02464235239209498,2.3188337804347006,-0.02464235239209498,-0.8,129.5613555908203,0.33005020022392273,14.334869384765625,91.42627606225795,0.0008368162492881949,OFFBOARD,1
87.26,GLIDE_APPROACH,12.298576546438738,12.354803979773171,0,95.424,0.0,1,0.9047948122024536,2.3285803740055773,-0.020980544048828202,2.3285803740055773,-0.020980544048828202,2.3285803740055773,-0.020980544048828202,-0.8,129.63351440429688,0.32795417308807373,14.309086799621582,91.46827610144611,0.0008368162356090367,OFFBOARD,1
87.292,GLIDE_APPROACH,12.266821717913773,12.33143991637156,0,95.456,0.0,1,0.9047948122024536,2.338644904027538,-0.0172617085929227,2.338644904027538,-0.0172617085929227,2.338644904027538,-0.0172617085929227,-0.8,129.7055206298828,0.3252899646759033,14.283621788024902,91.51627612921588,0.0008368162208839462,OFFBOARD,1
87.328,GLIDE_APPROACH,12.23085479140349,12.305189676875235,0,95.492,0.0,1,0.9047948122024536,2.350295335810914,-0.013026380765211745,2.350295335810914,-0.013026380765211745,2.350295335810914,-0.013026380765211745,-0.8,129.77732849121094,0.3224978446960449,14.25814151763916,91.576276152756,0.000836816202477583,OFFBOARD,1
87.36,GLIDE_APPROACH,12.195268324153327,12.27887538296849,0,95.524,0.0,1,0.9047948122024536,2.3614152404865916,-0.008822062781278929,2.3614152404865916,-0.008822062781278929,2.3614152404865916,-0.008822062781278929,-0.8,129.84910583496094,0.3197963833808899,14.232385635375977,91.62427617742371,0.0008368161877524923,OFFBOARD,1
87.392,GLIDE_APPROACH,12.16641875035454,12.168717971062309,0,95.556,0.0,1,0.9047948122024536,2.3714783579773275,-0.005375956422105133,2.3714783579773275,-0.005375956422105133,2.3714783579773275,-0.005375956422105133,-0.8,129.93881225585938,0.31648966670036316,14.199856758117676,91.66627619666073,0.0008368161756627419,OFFBOARD,1
87.428,GLIDE_APPROACH,12.126730579539773,12.228616991847964,0,95.592,0.0,1,0.9047948122024536,2.383337105544368,-0.0004984991119102583,2.383337105544368,-0.0004984991119102583,2.383337105544368,-0.0004984991119102583,-0.8,130.0107879638672,0.31382113695144653,14.174149513244629,91.72627623929179,0.0008368161572563787,OFFBOARD,1
87.46,GLIDE_APPROACH,12.097842518304397,12.207595431854477,0,95.624,0.0,1,0.9047948122024536,2.3927636780042993,0.003103175338578623,2.3927636780042993,0.003103175338578623,2.3927636780042993,0.003103175338578623,-0.8,130.08309936523438,0.3111271560192108,14.148477554321289,91.77427626201543,0.0008368161425312882,OFFBOARD,1
87.492,GLIDE_APPROACH,12.062169205769244,12.180034238528089,0,95.656,0.0,1,0.9047948122024536,2.4024890558776133,0.007641452982693725,2.4024890558776133,0.007641452982693725,2.4024890558776133,0.007641452982693725,-0.8,130.1556396484375,0.3084135353565216,14.122978210449219,91.81627627974768,0.0008368161288521302,OFFBOARD,1
87.54,GLIDE_APPROACH,12.029140942139385,12.082202935026034,0,95.704,0.0,1,0.9047948122024536,2.412463021097241,0.011845093754282672,2.412463021097241,0.011845093754282672,2.412463021097241,0.011845093754282672,-0.8,130.30160522460938,0.30295664072036743,14.071759223937988,91.89427626781308,0.0008368161057185622,OFFBOARD,1
87.564,GLIDE_APPROACH,11.993356863113666,12.12698894766056,0,95.728,0.0,1,0.9047948122024536,2.421380051393547,0.01645133082222089,2.421380051393547,0.01645133082222089,2.421380051393547,0.01645133082222089,-0.8,130.30160522460938,0.30295664072036743,14.071759223937988,91.92427626693284,0.0008368160957206768,OFFBOARD,1
87.592,GLIDE_APPROACH,11.960889473272509,12.10152421689524,0,95.756,0.0,1,0.9047948122024536,2.429767475129523,0.020606818127509183,2.429767475129523,0.020606818127509183,2.429767475129523,0.020606818127509183,-0.8,130.3934783935547,0.2995719015598297,14.03957748413086,91.97227624653107,0.0008368160809955862,OFFBOARD,1
87.628,GLIDE_APPROACH,11.927690792726406,12.07582122015557,0,95.792,0.0,1,0.9047948122024536,2.4387450810129914,0.024813913867667632,2.4387450810129914,0.024813913867667632,2.4387450810129914,0.024813913867667632,-0.8,130.46726989746094,0.2968922257423401,14.013683319091797,92.02627620647338,0.0008368160652245636,OFFBOARD,1
87.66,GLIDE_APPROACH,11.895161806338082,12.049741713881156,0,95.824,0.0,1,0.9047948122024536,2.4464664000178264,0.028922872692328107,2.4464664000178264,0.028922872692328107,2.4464664000178264,0.028922872692328107,-0.8,130.54136657714844,0.29421788454055786,13.987683296203613,92.06827618282122,0.0008368160515454054,OFFBOARD,1
87.692,GLIDE_APPROACH,11.862633525977934,12.02336889449998,0,95.856,0.0,1,0.9119742512702942,2.460500540983816,0.02736405050961912,2.460500540983816,0.02736405050961912,2.460500540983816,0.02736405050961912,-0.8,130.61538696289062,0.2905980050563812,13.961484909057617,92.12227612817159,0.0008368160357743825,OFFBOARD,1
87.728,GLIDE_APPROACH,11.826067863914497,11.993360769925243,0,95.892,0.0,1,0.9119742512702942,2.468343602064346,0.031873663995147135,2.468343602064346,0.031873663995147135,2.468343602064346,0.031873663995147135,-0.8,130.68966674804688,0.2870934307575226,13.93525505065918,92.1702760863932,0.0008368160210492921,OFFBOARD,1
87.764,GLIDE_APPROACH,11.792938372468926,11.966468466500649,0,95.928,0.0,1,0.9119742512702942,2.475811279414581,0.03588044981231899,2.475811279414581,0.03588044981231899,2.475811279414581,0.03588044981231899,-0.8,130.7642059326172,0.2837051451206207,13.908913612365723,92.23027605183262,0.000836816002642929,OFFBOARD,1
87.792,GLIDE_APPROACH,11.7612341147227,11.939164108393111,0,95.956,0.0,1,0.9119742512702942,2.48106642350902,0.03967884165221223,2.48106642350902,0.03967884165221223,2.48106642350902,0.03967884165221223,-0.8,130.85780334472656,0.2796398103237152,13.876031875610352,92.26627604017106,0.0008368159915991111,OFFBOARD,1
87.828,GLIDE_APPROACH,11.724919779941235,11.908215219689113,0,95.992,0.0,1,0.9119742512702942,2.487483706558982,0.04392862940095139,2.487483706558982,0.04392862940095139,2.487483706558982,0.04392862940095139,-0.8,130.93295288085938,0.2765093147754669,13.849625587463379,92.32627602924813,0.0008368159731927479,OFFBOARD,1
87.86,GLIDE_APPROACH,11.692760388229255,11.880428776963944,0,96.024,0.0,1,0.9119742512702942,2.492704277277847,0.04761037089562705,2.492704277277847,0.04761037089562705,2.492704277277847,0.04761037089562705,-0.8,131.00839233398438,0.27348145842552185,13.823111534118652,92.37427601352373,0.0008368159584676574,OFFBOARD,1
87.9,GLIDE_APPROACH,11.660732797571548,11.699331140084128,0,96.064,0.0,1,0.9119742512702942,2.49752428657974,0.05144880651096135,2.49752428657974,0.05144880651096135,2.49752428657974,0.05144880651096135,-0.8,131.1615447998047,0.2669464349746704,13.770621299743652,92.43427598338029,0.0008368159400612944,OFFBOARD,1
87.928,GLIDE_APPROACH,11.624882751563165,11.820745019119624,0,96.092,0.0,1,0.9119742512702942,2.5,0.0561813545191586,2.5,0.0561813545191586,2.5,0.0561813545191586,-0.8,131.1615447998047,0.2669464349746704,13.770621299743652,92.47627597124844,0.0008368159263821365,OFFBOARD,1
87.96,GLIDE_APPROACH,11.589821619599508,11.788773724978524,0,96.124,0.0,1,0.9119742512702942,2.5,0.06127754409841018,2.5,0.06127754409841018,2.5,0.06127754409841018,-0.8,131.2383575439453,0.26329660415649414,13.744368553161621,92.5242759575728,0.000836815911657046,OFFBOARD,1
87.992,GLIDE_APPROACH,11.561648448200238,11.7638909717224,0,96.156,0.0,1,0.9119742512702942,2.5,0.06564450029780272,2.5,0.06564450029780272,2.5,0.06564450029780272,-0.8,131.33447265625,0.2583984136581421,13.711451530456543,92.57227593961267,0.0008368158969319554,OFFBOARD,1
88.028,GLIDE_APPROACH,11.522993267742454,11.727955366527889,0,96.192,0.0,1,0.9119742512702942,2.5,0.0721216464063639,2.5,0.0721216464063639,2.5,0.0721216464063639,-0.8,131.4114532470703,0.25421565771102905,13.685211181640625,92.6202759146278,0.000836815882206865,OFFBOARD,1
88.064,GLIDE_APPROACH,11.49517121417759,11.702770696306082,0,96.228,0.0,1,0.9119742512702942,2.5,0.07701598215545627,2.5,0.07701598215545627,2.5,0.07701598215545627,-0.8,131.488525390625,0.2498154640197754,13.658910751342773,92.67427587116408,0.0008368158664358421,OFFBOARD,1
88.092,GLIDE_APPROACH,11.46415362995494,11.596637387592155,0,96.256,0.0,1,0.9119742512702942,2.5,0.08274580509846896,2.5,0.08274580509846896,2.5,0.08274580509846896,-0.8,131.56568908691406,0.2452344447374344,13.632691383361816,92.72227583331431,0.0008368158517107517,OFFBOARD,1
88.128,GLIDE_APPROACH,11.42609539753505,11.637197190911884,0,96.292,0.0,1,0.9119742512702942,2.5,0.09009729172699077,2.5,0.09009729172699077,2.5,0.09009729172699077,-0.8,131.64292907714844,0.24051181972026825,13.606402397155762,92.77627579999282,0.0008368158343503211,OFFBOARD,1
88.16,GLIDE_APPROACH,11.39885676876337,11.611583667517447,0,96.324,0.0,1,0.9119742512702942,2.5,0.09548209664236504,2.5,0.09548209664236504,2.5,0.09548209664236504,-0.8,131.7202911376953,0.23565064370632172,13.580039978027344,92.81827577168325,0.0008368158222605708,OFFBOARD,1
88.192,GLIDE_APPROACH,11.368439759336802,11.582094209914255,0,96.356,0.0,1,0.9233440160751343,2.5,0.09852691101194544,2.5,0.09852691101194544,2.5,0.09852691101194544,-0.8,131.81710815429688,0.2294408679008484,13.546953201293945,92.87227576651641,0.0008368158049001402,OFFBOARD,1
88.228,GLIDE_APPROACH,11.331081830937975,11.544969774127205,0,96.392,0.0,1,0.9233440160751343,2.5,0.10625976193258854,2.5,0.10625976193258854,2.5,0.10625976193258854,-0.8,131.89466857910156,0.22438515722751617,13.520359992980957,92.92627576032224,0.0008368157891291172,OFFBOARD,1
88.264,GLIDE_APPROACH,11.304526086179877,11.518982187427168,0,96.428,0.0,1,0.9233440160751343,2.5,0.11181020321818752,2.5,0.11181020321818752,2.5,0.11181020321818752,-0.8,131.9723358154297,0.21928444504737854,13.493795394897461,92.98027577905287,0.0008368157717686864,OFFBOARD,1
88.292,GLIDE_APPROACH,11.274812486767914,11.489090743684248,0,96.456,0.0,1,0.9233440160751343,2.5,0.11808135496443675,2.5,0.11808135496443675,2.5,0.11808135496443675,-0.8,132.05128479003906,0.21400831639766693,13.467138290405273,93.0162757821264,0.0008368157607248683,OFFBOARD,1
88.328,GLIDE_APPROACH,11.241685360608061,11.45533129073112,0,96.492,0.0,1,0.9233440160751343,2.5,0.12511325288588648,2.5,0.12511325288588648,2.5,0.12511325288588648,-0.8,132.13023376464844,0.20873133838176727,13.440299034118652,93.07027577394929,0.0008368157449538454,OFFBOARD,1
88.36,GLIDE_APPROACH,11.212519478613167,11.425215712176017,0,96.524,0.0,1,0.9233440160751343,2.5,0.13132379419646803,2.5,0.13132379419646803,2.5,0.13132379419646803,-0.8,132.20916748046875,0.2034619301557541,13.41337776184082,93.12427579111704,0.0008368157275934147,OFFBOARD,1
88.392,GLIDE_APPROACH,11.18363780944392,11.394968547177884,0,96.556,0.0,1,0.9233440160751343,2.5,0.13721990643152207,2.5,0.13721990643152207,2.5,0.13721990643152207,-0.8,132.30783081054688,0.1969592422246933,13.379721641540527,93.17227580913044,0.0008368157128683244,OFFBOARD,1
88.428,GLIDE_APPROACH,11.148116193098762,11.356845641427398,0,96.592,0.0,1,0.9233440160751343,2.5,0.14359517037884353,2.5,0.14359517037884353,2.5,0.14359517037884353,-0.8,132.38687133789062,0.19223539531230927,13.352736473083496,93.22027582979081,0.0008368156981432337,OFFBOARD,1
88.46,GLIDE_APPROACH,11.123333730438787,11.330119034955544,0,96.624,0.0,1,0.9233440160751343,2.5,0.14754200121550942,2.5,0.14754200121550942,2.5,0.14754200121550942,-0.8,132.46603393554688,0.18804343044757843,13.325746536254883,93.26827584059167,0.0008368156834181433,OFFBOARD,1
88.492,GLIDE_APPROACH,11.0988961210246,11.303267375171322,0,96.656,0.0,1,0.9233440160751343,2.5,0.15097072317745833,2.5,0.15097072317745833,2.5,0.15097072317745833,-0.8,132.54531860351562,0.18437695503234863,13.298815727233887,93.31627584171312,0.000836815668693053,OFFBOARD,1
88.528,GLIDE_APPROACH,11.064627495070788,11.264536973320341,0,96.692,0.0,1,0.9233440160751343,2.5,0.1548273940417816,2.5,0.1548273940417816,2.5,0.1548273940417816,-0.8,132.64462280273438,0.18054835498332977,13.265137672424316,93.37627583806214,0.0008368156502866898,OFFBOARD,1
88.56,GLIDE_APPROACH,11.037565200268672,11.23344369891731,0,96.724,0.0,1,0.9233440160751343,2.5,0.1572374713554211,2.5,0.1572374713554211,2.5,0.1572374713554211,-0.8,132.70428466796875,0.1786363273859024,13.2450590133667,93.42427584509169,0.0008368156355615993,OFFBOARD,1
88.592,GLIDE_APPROACH,11.007493794364352,11.198236540056403,0,96.756,0.0,1,0.9233440160751343,2.4995802272784258,0.15915418476017834,2.4995802272784258,0.15915418476017834,2.4995802272784258,0.15915418476017834,-0.8,132.8038787841797,0.1760386973619461,13.21160888671875,93.47227586107121,0.0008368156208365089,OFFBOARD,1
88.628,GLIDE_APPROACH,10.981249400532121,11.16693876852992,0,96.792,0.0,1,0.9233440160751343,2.4934971353304665,0.16036667753229353,2.4934971353304665,0.16036667753229353,2.4934971353304665,0.16036667753229353,-0.8,132.88365173339844,0.17447714507579803,13.184978485107422,93.52027587963249,0.0008368156061114184,OFFBOARD,1
88.66,GLIDE_APPROACH,10.955297237361172,11.13546320767941,0,96.824,0.0,1,0.9233440160751343,2.486854986428875,0.16097859824356964,2.486854986428875,0.16097859824356964,2.486854986428875,0.16097859824356964,-0.8,132.96353149414062,0.1733590066432953,13.158441543579102,93.56827588828968,0.0008368155913863279,OFFBOARD,1
88.692,GLIDE_APPROACH,10.926333440872643,11.099867888445237,0,96.856,0.0,1,0.9126308560371399,2.479446968497396,0.16538078319048688,2.479446968497396,0.16538078319048688,2.479446968497396,0.16538078319048688,-0.8,133.0635528564453,0.17261649668216705,13.125712394714355,93.62227587879258,0.0008368155756153052,OFFBOARD,1
88.728,GLIDE_APPROACH,10.901265547684876,11.068258890797937,0,96.892,0.0,1,0.9126308560371399,2.4715948905693708,0.16502774552125377,2.4715948905693708,0.16502774552125377,2.4715948905693708,0.16502774552125377,-0.8,133.1236114501953,0.1724604070186615,13.106159210205078,93.67027587328394,0.0008368155608902148,OFFBOARD,1
88.76,GLIDE_APPROACH,10.872989957350509,11.032463230773198,0,96.924,0.0,1,0.9126308560371399,2.4625821730111537,0.16397758046261984,2.4625821730111537,0.16397758046261984,2.4625821730111537,0.16397758046261984,-0.8,133.20375061035156,0.17256349325180054,13.0800142288208,93.72427588579066,0.0008368155435297843,OFFBOARD,1
88.792,GLIDE_APPROACH,10.851704501708928,10.904463086309956,0,96.956,0.0,1,0.9126308560371399,2.454797254935266,0.1629147940914696,2.454797254935266,0.1629147940914696,2.454797254935266,0.1629147940914696,-0.8,133.30397033691406,0.1731368750333786,13.047118186950684,93.76627588985222,0.0008368155314400339,OFFBOARD,1
88.828,GLIDE_APPROACH,10.82433435036157,10.968808985938622,0,96.992,0.0,1,0.9126308560371399,2.4446242212266593,0.16103666016978477,2.4446242212266593,0.16103666016978477,2.4446242212266593,0.16103666016978477,-0.8,133.38418579101562,0.1739254593849182,13.020809173583984,93.82627591780077,0.0008368155130336708,OFFBOARD,1
88.86,GLIDE_APPROACH,10.796952726141367,10.932816524071827,0,97.024,0.0,1,0.9126308560371399,2.4343226884355964,0.15863929889227654,2.4343226884355964,0.15863929889227654,2.4343226884355964,0.15863929889227654,-0.8,133.4644317626953,0.1749744415283203,12.994503021240234,93.86827595120732,0.0008368154993545128,OFFBOARD,1
88.892,GLIDE_APPROACH,10.776485812225184,10.904962033262496,0,97.056,0.0,1,0.9126308560371399,2.425481668041472,0.15676417350868155,2.425481668041472,0.15676417350868155,2.425481668041472,0.15676417350868155,-0.8,133.54470825195312,0.17625299096107483,12.968207359313965,93.92227596773554,0.0008368154835834899,OFFBOARD,1
88.928,GLIDE_APPROACH,10.746531735638577,10.865142614842,0,97.092,0.0,1,0.9126308560371399,2.4136743124820765,0.15404542491953865,2.4136743124820765,0.15404542491953865,2.4136743124820765,0.15404542491953865,-0.8,133.62484741210938,0.17750690877437592,12.941853523254395,93.97027597760143,0.0008368154688583995,OFFBOARD,1
88.96,GLIDE_APPROACH,10.723065639830327,10.83346725334199,0,97.124,0.0,1,0.9126308560371399,2.4038485935056304,0.1520346013146794,2.4038485935056304,0.1520346013146794,2.4038485935056304,0.1520346013146794,-0.8,133.724853515625,0.17894048988819122,12.908674240112305,94.02427598598311,0.0008368154514979687,OFFBOARD,1
88.992,GLIDE_APPROACH,10.703149568098809,10.80592089479573,0,97.156,0.0,1,0.9126308560371399,2.3947124814700564,0.1504322953249367,2.3947124814700564,0.1504322953249367,2.3947124814700564,0.1504322953249367,-0.8,133.8046417236328,0.17995283007621765,12.881975173950195,94.07227599188431,0.0008368154367728784,OFFBOARD,1
89.028,GLIDE_APPROACH,10.673754813658062,10.766598798317732,0,97.192,0.0,1,0.9126308560371399,2.382831926295934,0.14815643074421858,2.382831926295934,0.14815643074421858,2.382831926295934,0.14815643074421858,-0.8,133.88427734375,0.18083207309246063,12.855250358581543,94.12627600081433,0.0008368154210018557,OFFBOARD,1
89.06,GLIDE_APPROACH,10.654210476921449,10.73932169291182,0,97.224,0.0,1,0.9126308560371399,2.373569348822389,0.14677932541207095,2.373569348822389,0.14677932541207095,2.373569348822389,0.14677932541207095,-0.8,133.96372985839844,0.18158094584941864,12.828350067138672,94.16827602814195,0.0008368154073226978,OFFBOARD,1
89.092,GLIDE_APPROACH,10.628056500272022,10.704282208653837,0,97.256,0.0,1,0.9126308560371399,2.362928288649992,0.14499456625061988,2.362928288649992,0.14499456625061988,2.362928288649992,0.14499456625061988,-0.8,134.04408264160156,0.18315525352954865,12.801902770996094,94.22227605347142,0.0008368153915516746,OFFBOARD,1
89.132,GLIDE_APPROACH,10.609445774340433,10.577635768350326,0,97.296,0.0,1,0.9126308560371399,2.352949960469241,0.14386326792043577,2.352949960469241,0.14386326792043577,2.352949960469241,0.14386326792043577,-0.8,134.22386169433594,0.186100572347641,12.742085456848145,94.28227609937218,0.0008368153731453114,OFFBOARD,1
89.16,GLIDE_APPROACH,10.580257613878256,10.638785715916928,0,97.324,0.0,1,0.9126308560371399,2.3417253726520193,0.14206582117660047,2.3417253726520193,0.14206582117660047,2.3417253726520193,0.14206582117660047,-0.8,134.22386169433594,0.186100572347641,12.742085456848145,94.32427614428244,0.0008368153594661533,OFFBOARD,1
89.192,GLIDE_APPROACH,10.561409790765559,10.612102921077014,0,97.356,0.0,1,0.9079838991165161,2.324001812571924,0.1444591243098036,2.324001812571924,0.1444591243098036,2.324001812571924,0.1444591243098036,-0.8,134.3033447265625,0.18717151880264282,12.715505599975586,94.37227619132429,0.0008368153447410629,OFFBOARD,1
89.228,GLIDE_APPROACH,10.53317119154583,10.574065266670344,0,97.392,0.0,1,0.9079838991165161,2.312256230984197,0.1429028640355874,2.312256230984197,0.1429028640355874,2.312256230984197,0.1429028640355874,-0.8,134.38255310058594,0.18810367584228516,12.688965797424316,94.42627623405907,0.0008368153289700403,OFFBOARD,1
89.26,GLIDE_APPROACH,10.514615942179347,10.547712841338774,0,97.424,0.0,1,0.9079838991165161,2.302913099920226,0.1419666113384235,2.302913099920226,0.1419666113384235,2.302913099920226,0.1419666113384235,-0.8,134.46153259277344,0.18890786170959473,12.662446975708008,94.4682762690273,0.000836815315290882,OFFBOARD,1
89.292,GLIDE_APPROACH,10.492788002279251,10.517697698856324,0,97.456,0.0,1,0.9079838991165161,2.2930998694772424,0.1408724809343667,2.2930998694772424,0.1408724809343667,2.2930998694772424,0.1408724809343667,-0.8,134.54022216796875,0.18957166373729706,12.635865211486816,94.52227628190015,0.000836815299519859,OFFBOARD,1
89.328,GLIDE_APPROACH,10.468348877786058,10.484159812588066,0,97.492,0.0,1,0.9079838991165161,2.2821939763747703,0.13969162362694257,2.2821939763747703,0.13969162362694257,2.2821939763747703,0.13969162362694257,-0.8,134.61868286132812,0.19011569023132324,12.609219551086426,94.57627630264005,0.0008368152821594285,OFFBOARD,1
89.36,GLIDE_APPROACH,10.443327444477918,10.45081344913056,0,97.524,0.0,1,0.9079838991165161,2.272217046738899,0.1384962678504774,2.272217046738899,0.1384962678504774,2.272217046738899,0.1384962678504774,-0.8,134.6968994140625,0.19055145978927612,12.582637786865234,94.62427632135429,0.0008368152674343379,OFFBOARD,1
89.392,GLIDE_APPROACH,10.425140795555146,10.425187268275442,0,97.556,0.0,1,0.9079838991165161,2.263296706604694,0.13751057228855806,2.263296706604694,0.13751057228855806,2.263296706604694,0.13751057228855806,-0.8,134.79432678222656,0.19100728631019592,12.549358367919922,94.67227634677401,0.0008368152527092473,OFFBOARD,1
89.428,GLIDE_APPROACH,10.400947819075597,10.392449437847555,0,97.592,0.0,1,0.9079838991165161,2.253067593243362,0.13571142637363987,2.253067593243362,0.13571142637363987,2.253067593243362,0.13571142637363987,-0.8,134.87196350097656,0.19161316752433777,12.522729873657227,94.72627636750613,0.0008368152369382242,OFFBOARD,1
89.46,GLIDE_APPROACH,10.376139097195665,10.359986550404605,0,97.624,0.0,1,0.9079838991165161,2.2439111574110133,0.13333647025947665,2.2439111574110133,0.13333647025947665,2.2439111574110133,0.13333647025947665,-0.8,134.94931030273438,0.19249969720840454,12.496072769165039,94.77427638110159,0.0008368152222131337,OFFBOARD,1
89.492,GLIDE_APPROACH,10.358118872375378,10.335084383781012,0,97.656,0.0,1,0.9079838991165161,2.235674937986999,0.1312385832336733,2.235674937986999,0.1312385832336733,2.235674937986999,0.1312385832336733,-0.8,135.04714965820312,0.19526074826717377,12.46321964263916,94.82227639703852,0.0008368152074880432,OFFBOARD,1
89.528,GLIDE_APPROACH,10.334096459282993,10.303301069987933,0,97.692,0.0,1,0.9079838991165161,2.2264012642222992,0.1280208969609127,2.2264012642222992,0.1280208969609127,2.2264012642222992,0.1280208969609127,-0.8,135.1057891845703,0.19724805653095245,12.443575859069824,94.87627642284306,0.0008368151901276126,OFFBOARD,1
89.56,GLIDE_APPROACH,10.309404280517791,10.271811483204075,0,97.724,0.0,1,0.9079838991165161,2.2182901357453804,0.12427219038006132,2.2182901357453804,0.12427219038006132,2.2182901357453804,0.12427219038006132,-0.8,135.20298767089844,0.20077042281627655,12.410886764526367,94.91827642062783,0.0008368151780378622,OFFBOARD,1
89.592,GLIDE_APPROACH,10.288048594967938,10.244172251375058,0,97.756,0.0,1,0.9079838991165161,2.2107981019938796,0.1206274955948679,2.2107981019938796,0.1206274955948679,2.2107981019938796,0.1206274955948679,-0.8,135.28030395507812,0.20376956462860107,12.384745597839355,94.97227643986163,0.0008368151606774317,OFFBOARD,1
89.636,GLIDE_APPROACH,10.26463012586706,10.136853484034125,0,97.8,0.0,1,0.9079838991165161,2.202108880000153,0.11621543946793475,2.202108880000153,0.11621543946793475,2.202108880000153,0.11621543946793475,-0.8,135.43382263183594,0.21020665764808655,12.332274436950684,95.03827645865631,0.0008368151412251362,OFFBOARD,1
89.66,GLIDE_APPROACH,10.245832406761416,10.189790531202993,0,97.824,0.0,1,0.9197028875350952,2.1985180678884744,0.11437125509740886,2.1985180678884744,0.11437125509740886,2.1985180678884744,0.11437125509740886,-0.8,135.43382263183594,0.21020665764808655,12.332274436950684,95.07427647678641,0.0008368151301813182,OFFBOARD,1
89.692,GLIDE_APPROACH,10.224261436738752,10.162984724112597,0,97.856,0.0,1,0.9197028875350952,2.1922872253432306,0.10989189796885498,2.1922872253432306,0.10989189796885498,2.1922872253432306,0.10989189796885498,-0.8,135.51071166992188,0.21482296288013458,12.305521011352539,95.12227649198577,0.0008368151154562278,OFFBOARD,1
89.728,GLIDE_APPROACH,10.1965256315453,10.129802019688572,0,97.892,0.0,1,0.9197028875350952,2.1858130438631567,0.10393673726695268,2.1858130438631567,0.10393673726695268,2.1858130438631567,0.10393673726695268,-0.8,135.587158203125,0.21942906081676483,12.278741836547852,95.17627650334337,0.0008368150980957971,OFFBOARD,1
89.76,GLIDE_APPROACH,10.178040562113523,10.106923855476616,0,97.924,0.0,1,0.9197028875350952,2.180586884452595,0.09969720645911967,2.180586884452595,0.09969720645911967,2.180586884452595,0.09969720645911967,-0.8,135.6632080078125,0.22402144968509674,12.251924514770508,95.21827649044113,0.0008368150860060468,OFFBOARD,1
89.792,GLIDE_APPROACH,10.152756887917104,10.077671667611465,0,97.956,0.0,1,0.9197028875350952,2.1758851039761127,0.09394038637954932,2.1758851039761127,0.09394038637954932,2.1758851039761127,0.09394038637954932,-0.8,135.75772094726562,0.2297118604183197,12.218377113342285,95.27227649724261,0.0008368150686456161,OFFBOARD,1
89.828,GLIDE_APPROACH,10.131216867960848,10.052054506923803,0,97.992,0.0,1,0.9197028875350952,2.171044193120514,0.08879116143686222,2.171044193120514,0.08879116143686222,2.171044193120514,0.08879116143686222,-0.8,135.8329315185547,0.23422642052173615,12.191654205322266,95.32627649167635,0.000836815052874593,OFFBOARD,1
89.86,GLIDE_APPROACH,10.108946193230983,10.02663170740486,0,98.024,0.0,1,0.9197028875350952,2.1673168164784675,0.0834717052131097,2.1673168164784675,0.0834717052131097,2.1673168164784675,0.0834717052131097,-0.8,135.90780639648438,0.2387009710073471,12.164944648742676,95.36827649307571,0.0008368150391954349,OFFBOARD,1
89.896,GLIDE_APPROACH,10.086605250897124,10.001388457688817,0,98.06,0.0,1,0.9197028875350952,2.163880815577942,0.07806704544864815,2.163880815577942,0.07806704544864815,2.163880815577942,0.07806704544864815,-0.8,135.98236083984375,0.2431214451789856,12.138360023498535,95.42227648177621,0.0008368150234244121,OFFBOARD,1
89.928,GLIDE_APPROACH,10.06145409714881,9.973134965631012,0,98.092,0.0,1,0.9197028875350952,2.1602128714092776,0.07191279969221812,2.1602128714092776,0.07191279969221812,2.1602128714092776,0.07191279969221812,-0.8,136.0567169189453,0.24746885895729065,12.111920356750488,95.47627649675803,0.0008368150060639816,OFFBOARD,1
89.96,GLIDE_APPROACH,10.039040797041899,9.948143675170789,0,98.124,0.0,1,0.9197028875350952,2.1571661231888895,0.06638872607287369,2.1571661231888895,0.06638872607287369,2.1571661231888895,0.06638872607287369,-0.8,136.13087463378906,0.25173643231391907,12.085622787475586,95.51827650210332,0.0008368149939742312,OFFBOARD,1
89.992,GLIDE_APPROACH,10.016526807277677,9.92326332704944,0,98.156,0.0,1,0.9197028875350952,2.1543713010046015,0.06082394363363867,2.1543713010046015,0.06082394363363867,2.1543713010046015,0.06082394363363867,-0.8,136.2233428955078,0.25696834921836853,12.053030967712402,95.56627652398775,0.0008368149792491407,OFFBOARD,1
90.032,GLIDE_APPROACH,9.991027627991148,9.821751692596793,0,98.196,0.0,1,0.9197028875350952,2.151588682779859,0.05452578117215364,2.151588682779859,0.05452578117215364,2.151588682779859,0.05452578117215364,-0.8,136.3707275390625,0.26509517431259155,12.001508712768555,95.63227656283196,0.0008368149582074374,OFFBOARD,1
90.064,GLIDE_APPROACH,9.964955159061315,9.867623754511385,0,98.228,0.0,1,0.9197028875350952,2.1495819010733546,0.04814236790395627,2.1495819010733546,0.04814236790395627,2.1495819010733546,0.04814236790395627,-0.8,136.3707275390625,0.26509517431259155,12.001508712768555,95.68027657240201,0.0008368149434823471,OFFBOARD,1
90.092,GLIDE_APPROACH,9.945102834988306,9.846214688201876,0,98.256,0.0,1,0.9197028875350952,2.147749632535578,0.0432650612730365,2.147749632535578,0.0432650612730365,2.147749632535578,0.0432650612730365,-0.8,136.44473266601562,0.2707694470882416,11.976034164428711,95.71627657244136,0.0008368149324385295,OFFBOARD,1
90.128,GLIDE_APPROACH,9.915667302023897,9.815646149231808,0,98.292,0.0,1,0.9197028875350952,2.1464300408083403,0.0361546685332085,2.1464300408083403,0.0361546685332085,2.1464300408083403,0.0361546685332085,-0.8,136.5185089111328,0.27622178196907043,11.950640678405762,95.77027655990338,0.0008368149166675066,OFFBOARD,1
90.168,GLIDE_APPROACH,9.892087874424373,9.791367862737355,0,98.332,0.0,1,0.9053581953048706,2.1534012749396485,0.03551691712893314,2.1534012749396485,0.03551691712893314,2.1534012749396485,0.03551691712893314,-0.8,136.5920867919922,0.2814585268497467,11.925270080566406,95.83627657521313,0.0008368148956258035,OFFBOARD,1
90.192,GLIDE_APPROACH,9.87144218136184,9.77027778205937,0,98.356,0.0,1,0.9053581953048706,2.1528936674827635,0.030652329524530716,2.1528936674827635,0.030652329524530716,2.1528936674827635,0.030652329524530716,-0.8,136.68377685546875,0.2876887917518616,11.893710136413574,95.8722765859477,0.0008368148845819859,OFFBOARD,1
90.228,GLIDE_APPROACH,9.844286025076832,9.743227570012825,0,98.392,0.0,1,0.9053581953048706,2.1530544960491493,0.024355318333912516,2.1530544960491493,0.024355318333912516,2.1530544960491493,0.024355318333912516,-0.8,136.7568817138672,0.2924482524394989,11.868441581726074,95.92027660119558,0.0008368148698568956,OFFBOARD,1
90.26,GLIDE_APPROACH,9.816653302076459,9.716276302569769,0,98.424,0.0,1,0.9053581953048706,2.1538987597971793,0.018048818505503043,2.1538987597971793,0.018048818505503043,2.1538987597971793,0.018048818505503043,-0.8,136.82980346679688,0.29701799154281616,11.843148231506348,95.96827660601649,0.0008368148551318052,OFFBOARD,1
90.292,GLIDE_APPROACH,9.791928640342077,9.69249340347398,0,98.456,0.0,1,0.9053581953048706,2.15504934029553,0.012540287232795301,2.15504934029553,0.012540287232795301,2.15504934029553,0.012540287232795301,-0.8,136.90264892578125,0.30254697799682617,11.817688941955566,96.02227659165175,0.0008368148393607823,OFFBOARD,1
90.328,GLIDE_APPROACH,9.766955640041717,9.668875741984763,0,98.492,0.0,1,0.9053581953048706,2.1566899724369155,0.007138273401860497,2.1566899724369155,0.007138273401860497,2.1566899724369155,0.007138273401860497,-0.8,136.975341796875,0.3081757128238678,11.792142868041992,96.07627658848821,0.0008368148220003518,OFFBOARD,1
90.36,GLIDE_APPROACH,9.741609795661928,9.645307038283585,0,98.524,0.0,1,0.9053581953048706,2.158838182131199,0.0017384109038876584,2.158838182131199,0.0017384109038876584,2.158838182131199,0.0017384109038876584,-0.8,137.0659637451172,0.31481900811195374,11.760242462158203,96.11827657950928,0.0008368148099106015,OFFBOARD,1
90.392,GLIDE_APPROACH,9.712764540113882,9.618969867137416,0,98.556,0.0,1,0.9053581953048706,2.161861674753137,-0.004136495410916725,2.161861674753137,-0.004136495410916725,2.161861674753137,-0.004136495410916725,-0.8,137.1382293701172,0.3197909891605377,11.734759330749512,96.1662765729078,0.0008368147951855111,OFFBOARD,1
90.428,GLIDE_APPROACH,9.686712138672908,9.595928258991535,0,98.592,0.0,1,0.9053581953048706,2.165487425282074,-0.008911578540332529,2.165487425282074,-0.008911578540332529,2.165487425282074,-0.008911578540332529,-0.8,137.2101593017578,0.3243187963962555,11.709364891052246,96.22627655254956,0.000836814776779148,OFFBOARD,1
90.46,GLIDE_APPROACH,9.660375140424353,9.573076266707925,0,98.624,0.0,1,0.9053581953048706,2.1696761629473826,-0.01341122525983697,2.1696761629473826,-0.01341122525983697,2.1696761629473826,-0.01341122525983697,-0.8,137.28176879882812,0.32837995886802673,11.684046745300293,96.26827653857448,0.0008368147630999898,OFFBOARD,1
90.492,GLIDE_APPROACH,9.633715350833365,9.550456246310995,0,98.656,0.0,1,0.9053581953048706,2.174524749846227,-0.017578170724577707,2.174524749846227,-0.017578170724577707,2.174524749846227,-0.017578170724577707,-0.8,137.35305786132812,0.33200839161872864,11.658681869506836,96.32227649530849,0.000836814747328967,OFFBOARD,1
90.528,GLIDE_APPROACH,9.603343015019107,9.52526756065492,0,98.692,0.0,1,0.9053581953048706,2.1807522311331997,-0.021872515817156185,2.1807522311331997,-0.021872515817156185,2.1807522311331997,-0.021872515817156185,-0.8,137.42405700683594,0.3352029323577881,11.63329029083252,96.37627645943329,0.0008368147299685365,OFFBOARD,1
90.56,GLIDE_APPROACH,9.576018777098591,9.50308717279267,0,98.724,0.0,1,0.9053581953048706,2.1869265546732692,-0.025349154104731167,2.1869265546732692,-0.025349154104731167,2.1869265546732692,-0.025349154104731167,-0.8,137.4948272705078,0.3379669487476349,11.607823371887207,96.42427641672633,0.0008368147152434461,OFFBOARD,1
90.592,GLIDE_APPROACH,9.548398666149899,9.481082306807643,0,98.756,0.0,1,0.9053581953048706,2.1936619863911617,-0.028518181437037354,2.1936619863911617,-0.028518181437037354,2.1936619863911617,-0.028518181437037354,-0.8,137.58290100097656,0.34083718061447144,11.575990676879883,96.47227638410585,0.0008368147005183558,OFFBOARD,1
90.628,GLIDE_APPROACH,9.51378300582165,9.453738248159056,0,98.792,0.0,1,0.9053581953048706,2.2023914040818475,-0.03212404514632103,2.2023914040818475,-0.03212404514632103,2.2023914040818475,-0.03212404514632103,-0.8,137.65313720703125,0.34270963072776794,11.550558090209961,96.52027636002659,0.0008368146857932655,OFFBOARD,1
90.66,GLIDE_APPROACH,9.485572820820858,9.432047670325666,0,98.824,0.0,1,0.9053581953048706,2.210213915652471,-0.03465920315670449,2.210213915652471,-0.03465920315670449,2.210213915652471,-0.03465920315670449,-0.8,137.72317504882812,0.34422534704208374,11.525089263916016,96.57427632091064,0.0008368146700222426,OFFBOARD,1
90.696,GLIDE_APPROACH,9.45710160824503,9.410460185789324,0,98.86,0.0,1,0.9211997389793396,2.2273622773981567,-0.04162865519707158,2.2273622773981567,-0.04162865519707158,2.2273622773981567,-0.04162865519707158,-0.8,137.7940673828125,0.34710896015167236,11.499218940734863,96.6282763077351,0.0008368146526618119,OFFBOARD,1
90.728,GLIDE_APPROACH,9.424772041296167,9.386270809903769,0,98.892,0.0,1,0.9211997389793396,2.2371252418746352,-0.043914776978062654,2.2371252418746352,-0.043914776978062654,2.2371252418746352,-0.043914776978062654,-0.8,137.86473083496094,0.349532812833786,11.473350524902344,96.67627630106958,0.0008368146379367215,OFFBOARD,1
90.76,GLIDE_APPROACH,9.398983981739702,9.367559900498724,0,98.924,0.0,1,0.9211997389793396,2.245616642569487,-0.04544787140606386,2.245616642569487,-0.04544787140606386,2.245616642569487,-0.04544787140606386,-0.8,137.9528045654297,0.3519648313522339,11.441200256347656,96.72427630477948,0.0008368146232116314,OFFBOARD,1
90.792,GLIDE_APPROACH,9.36977870058594,9.346155971728425,0,98.956,0.0,1,0.9211997389793396,2.2549767239516054,-0.04706774479990566,2.2549767239516054,-0.04706774479990566,2.2549767239516054,-0.04706774479990566,-0.8,138.02313232421875,0.3534846007823944,11.415471076965332,96.76627630800814,0.0008368146111218813,OFFBOARD,1
90.828,GLIDE_APPROACH,9.336680793259713,9.322101925573719,0,98.992,0.0,1,0.9211997389793396,2.265827230046707,-0.04865904941326189,2.265827230046707,-0.04865904941326189,2.265827230046707,-0.04865904941326189,-0.8,138.09332275390625,0.3546576201915741,11.389760971069336,96.8262763291387,0.0008368145927155181,OFFBOARD,1
90.86,GLIDE_APPROACH,9.307055724138428,9.300722264917713,0,99.024,0.0,1,0.9211997389793396,2.275723667397458,-0.04987981914310696,2.275723667397458,-0.04987981914310696,2.275723667397458,-0.04987981914310696,-0.8,138.1633758544922,0.35547587275505066,11.364105224609375,96.87427633767471,0.0008368145779904277,OFFBOARD,1
90.892,GLIDE_APPROACH,9.280377864168047,9.28196643925514,0,99.056,0.0,1,0.9211997389793396,2.285228817016602,-0.0508858701207021,2.285228817016602,-0.0508858701207021,2.285228817016602,-0.0508858701207021,-0.8,138.23338317871094,0.3559962511062622,11.338486671447754,96.91627635652983,0.0008368145643112698,OFFBOARD,1
90.928,GLIDE_APPROACH,9.243137804255014,9.25466581410427,0,99.092,0.0,1,0.9211997389793396,2.297149488008737,-0.05276527685230934,2.297149488008737,-0.05276527685230934,2.297149488008737,-0.05276527685230934,-0.8,138.30357360839844,0.3564569056034088,11.312799453735352,96.97027637159565,0.0008368145485402469,OFFBOARD,1
90.96,GLIDE_APPROACH,9.212574175322443,9.23251571524919,0,99.124,0.0,1,0.9211997389793396,2.3072427853621447,-0.054500458974999916,2.3072427853621447,-0.054500458974999916,2.3072427853621447,-0.054500458974999916,-0.8,138.39169311523438,0.35705527663230896,11.28045654296875,97.0242764109079,0.0008368145311798161,OFFBOARD,1
90.992,GLIDE_APPROACH,9.17851677038312,9.207156366232539,0,99.156,0.0,1,0.9211997389793396,2.317676037833051,-0.05679608801601477,2.317676037833051,-0.05679608801601477,2.317676037833051,-0.05679608801601477,-0.8,138.46249389648438,0.3575632572174072,11.254551887512207,97.06627643336488,0.0008368145190900658,OFFBOARD,1
91.028,GLIDE_APPROACH,9.143621846647672,9.1814193592172,0,99.192,0.0,1,0.9211997389793396,2.328659583263158,-0.05933900500240093,2.328659583263158,-0.05933900500240093,2.328659583263158,-0.05933900500240093,-0.8,138.53358459472656,0.3581077456474304,11.228591918945312,97.12627647623239,0.0008368145006837029,OFFBOARD,1
91.06,GLIDE_APPROACH,9.115702060462189,9.16115321649799,0,99.224,0.0,1,0.9211997389793396,2.3378422193138713,-0.061459755380438144,2.3378422193138713,-0.061459755380438144,2.3378422193138713,-0.061459755380438144,-0.8,138.60498046875,0.35868653655052185,11.202610969543457,97.16827650280759,0.0008368144870045447,OFFBOARD,1
91.092,GLIDE_APPROACH,9.084400693963806,9.137622252359686,0,99.256,0.0,1,0.9211997389793396,2.347155313327765,-0.06413381811762298,2.347155313327765,-0.06413381811762298,2.347155313327765,-0.06413381811762298,-0.8,138.676513671875,0.36120203137397766,11.1768159866333,97.2222765062385,0.000836814471233522,OFFBOARD,1
91.132,GLIDE_APPROACH,9.0490726133642,9.110756523302253,0,99.296,0.0,1,0.9211997389793396,2.357304497937764,-0.06736097129952445,2.357304497937764,-0.06736097129952445,2.357304497937764,-0.06736097129952445,-0.8,138.7483673095703,0.363616019487381,11.150979042053223,97.27627651881146,0.0008368144538730915,OFFBOARD,1
91.16,GLIDE_APPROACH,9.01759630996589,9.08653566833676,0,99.324,0.0,1,0.9225685596466064,2.3737791275612397,-0.0700867833910821,2.3737791275612397,-0.0700867833910821,2.3737791275612397,-0.0700867833910821,-0.8,138.82049560546875,0.36590975522994995,11.125117301940918,97.32427653121053,0.0008368144391480011,OFFBOARD,1
91.192,GLIDE_APPROACH,8.986071260023886,9.062004830372071,0,99.356,0.0,1,0.9225685596466064,2.3821610859495386,-0.07326114713471599,2.3821610859495386,-0.07326114713471599,2.3821610859495386,-0.07326114713471599,-0.8,138.91110229492188,0.36859771609306335,11.092707633972168,97.37227655111198,0.0008368144244229106,OFFBOARD,1
91.228,GLIDE_APPROACH,8.95056594566396,9.034049277805012,0,99.392,0.0,1,0.9225685596466064,2.3912061135867537,-0.07696845892816022,2.3912061135867537,-0.07696845892816022,2.3912061135867537,-0.07696845892816022,-0.8,138.98391723632812,0.3705938160419464,11.066787719726562,97.42627656651595,0.0008368144086518878,OFFBOARD,1
91.26,GLIDE_APPROACH,8.915736952276196,9.005678968381858,0,99.424,0.0,1,0.9225685596466064,2.3989396052572807,-0.08084313224104026,2.3989396052572807,-0.08084313224104026,2.3989396052572807,-0.08084313224104026,-0.8,139.05702209472656,0.3724524676799774,11.040811538696289,97.474276575245,0.0008368143939267974,OFFBOARD,1
91.292,GLIDE_APPROACH,8.884169901276232,8.980199168313963,0,99.456,0.0,1,0.9225685596466064,2.406223977460779,-0.08432057502692747,2.406223977460779,-0.08432057502692747,2.406223977460779,-0.08432057502692747,-0.8,139.1487579345703,0.3746049702167511,11.00834846496582,97.52227657331566,0.0008368143792017068,OFFBOARD,1
91.328,GLIDE_APPROACH,8.85519122530817,8.957764294862894,0,99.492,0.0,1,0.9225685596466064,2.4140617905204866,-0.08731172919002783,2.4140617905204866,-0.08731172919002783,2.4140617905204866,-0.08731172919002783,-0.8,139.20401000976562,0.37580204010009766,10.988829612731934,97.5702765672787,0.0008368143644766164,OFFBOARD,1
91.36,GLIDE_APPROACH,8.820450425128861,8.928439540493516,0,99.524,0.0,1,0.9225685596466064,2.4205394536258726,-0.09139002418339458,2.4205394536258726,-0.09139002418339458,2.4205394536258726,-0.09139002418339458,-0.8,139.2964324951172,0.3776232898235321,10.95628547668457,97.62427657669426,0.0008368143471161857,OFFBOARD,1
91.392,GLIDE_APPROACH,8.78924683975828,8.90223314757033,0,99.556,0.0,1,0.9225685596466064,2.4265166485951544,-0.09473735736519048,2.4265166485951544,-0.09473735736519048,2.4265166485951544,-0.09473735736519048,-0.8,139.37062072753906,0.37884601950645447,10.930279731750488,97.66627656558086,0.0008368143350264355,OFFBOARD,1
91.428,GLIDE_APPROACH,8.751569242345598,8.869328061205993,0,99.592,0.0,1,0.9225685596466064,2.4322213914519404,-0.09832713208036942,2.4322213914519404,-0.09832713208036942,2.4322213914519404,-0.09832713208036942,-0.8,139.4449005126953,0.3795696496963501,10.90463924407959,97.72627654870524,0.0008368143166200721,OFFBOARD,1
91.46,GLIDE_APPROACH,8.724460330968196,8.846306728805615,0,99.624,0.0,1,0.9225685596466064,2.4371171283403488,-0.10033023161486174,2.4371171283403488,-0.10033023161486174,2.4371171283403488,-0.10033023161486174,-0.8,139.51918029785156,0.3797701299190521,10.879451751708984,97.768276536835,0.0008368143029409143,OFFBOARD,1
91.492,GLIDE_APPROACH,8.694558966510433,8.819885296171874,0,99.656,0.0,1,0.9225685596466064,2.441279816931233,-0.1022608976306569,2.441279816931233,-0.1022608976306569,2.441279816931233,-0.1022608976306569,-0.8,139.59361267089844,0.3824074864387512,10.854801177978516,97.82227649591617,0.0008368142871698916,OFFBOARD,1
91.528,GLIDE_APPROACH,8.658183667611649,8.78672462879947,0,99.692,0.0,1,0.9225685596466064,2.4451205033972347,-0.10413716246043969,2.4451205033972347,-0.10413716246043969,2.4451205033972347,-0.10413716246043969,-0.8,139.66807556152344,0.38528528809547424,10.830471992492676,97.87627646966237,0.0008368142698094609,OFFBOARD,1
91.56,GLIDE_APPROACH,8.631868537345921,8.763523737954413,0,99.724,0.0,1,0.9225685596466064,2.4488552725926227,-0.10500994529759725,2.4488552725926227,-0.10500994529759725,2.4488552725926227,-0.10500994529759725,-0.8,139.74253845214844,0.38743865489959717,10.806161880493164,97.92427645175174,0.0008368142550843704,OFFBOARD,1
91.592,GLIDE_APPROACH,8.599643401248166,8.7335077962958,0,99.756,0.0,1,0.9225685596466064,2.4514961726248243,-0.10585237398531297,2.4514961726248243,-0.10585237398531297,2.4514961726248243,-0.10585237398531297,-0.8,139.8357391357422,0.3892070949077606,10.775778770446777,97.96627643751823,0.0008368142429946202,OFFBOARD,1
91.628,GLIDE_APPROACH,8.570088745908008,8.706817948787517,0,99.792,0.0,1,0.9208758473396301,2.453268016635266,-0.11179866971918387,2.453268016635266,-0.11179866971918387,2.453268016635266,-0.11179866971918387,-0.8,139.9103240966797,0.3899351954460144,10.751519203186035,98.02627643419532,0.000836814224588257,OFFBOARD,1
91.66,GLIDE_APPROACH,8.54130346636599,8.679988825902235,0,99.824,0.0,1,0.9208758473396301,2.455613770823231,-0.11188338332183892,2.455613770823231,-0.11188338332183892,2.455613770823231,-0.11188338332183892,-0.8,139.98497009277344,0.39009445905685425,10.727202415466309,98.07427642287826,0.0008368142098631665,OFFBOARD,1
91.692,GLIDE_APPROACH,8.512702975930353,8.653055757740914,0,99.856,0.0,1,0.9208758473396301,2.457614864515882,-0.11170855604794405,2.457614864515882,-0.11170855604794405,2.457614864515882,-0.11170855604794405,-0.8,140.05963134765625,0.38975170254707336,10.702810287475586,98.11627641408423,0.0008368141961840085,OFFBOARD,1
91.736,GLIDE_APPROACH,8.480757662336089,8.566465263208828,0,99.9,0.0,1,0.9208758473396301,2.4594321980734213,-0.11122942732840009,2.4594321980734213,-0.11122942732840009,2.4594321980734213,-0.11122942732840009,-0.8,140.20924377441406,0.3876751661300659,10.653972625732422,98.18827637292634,0.0008368141740963726,OFFBOARD,1
91.76,GLIDE_APPROACH,8.452574519909039,8.595448163228747,0,99.924,0.0,1,0.9208758473396301,2.460645667017661,-0.11057424758892616,2.460645667017661,-0.11057424758892616,2.460645667017661,-0.11057424758892616,-0.8,140.20924377441406,0.3876751661300659,10.653972625732422,98.22427634700996,0.0008368141630525548,OFFBOARD,1
91.792,GLIDE_APPROACH,8.424601339683012,8.568154250034405,0,99.956,0.0,1,0.9208758473396301,2.461461944842126,-0.10972061440892686,2.461461944842126,-0.10972061440892686,2.461461944842126,-0.10972061440892686,-0.8,140.30288696289062,0.3855445683002472,10.623326301574707,98.27227630769072,0.0008368141483274644,OFFBOARD,1
91.808,GLIDE_APPROACH,8.390338449065444,8.533827287097273,1,0.0,0.05,1,0.9208758473396301,2.4613965224110697,-0.10844318817249154,0.7485647194576905,-0.09577132264339144,2.375754932263401,-0.10780959489603653,-0.8,140.37791442871094,0.3834187686443329,10.598746299743652,98.29627628603072,0.0008368141409649194,OFFBOARD,1
91.84,GLIDE_APPROACH,8.362836731007455,8.506268789233248,1,0.0,0.1,1,0.9208758473396301,2.4613359144866562,-0.10719174656823478,0.743838977788505,-0.09584835408211537,2.289586220816841,-0.10605740731962283,-0.8,140.4530487060547,0.38093167543411255,10.57419204711914,98.34427623926231,0.0008368141262398291,OFFBOARD,1
91.872,GLIDE_APPROACH,8.335301954856735,8.478686152858794,1,0.0,0.15000000000000002,1,0.9208758473396301,2.461287445124655,-0.10577144242382894,0.7388550568387118,-0.09628075139567395,2.2029225868817632,-0.1043478387696057,-0.8,140.53057861328125,0.3821379244327545,10.550470352172852,98.39227619404326,0.0008368141115147387,OFFBOARD,1
91.908,GLIDE_APPROACH,8.304131643583508,8.447694367396897,1,0.0,0.2,1,0.9208758473396301,2.461509180972467,-0.1039789484895916,0.7341784821004553,-0.09669874760341572,2.116043041198065,-0.10252290831235644,-0.8,140.60791015625,0.38272541761398315,10.52624797821045,98.44627615175479,0.0008368140957437159,OFFBOARD,1
91.94,GLIDE_APPROACH,8.279523013088335,8.423685725085425,0,0.032,0.1,1,0.9208758473396301,2.4622427390415185,-0.10240012624664674,0.7289136150554184,-0.09698894580248797,2.2889098266429087,-0.10185900820223086,-0.8,140.6849822998047,0.38275426626205444,10.501502990722656,98.49427613462744,0.0008368140810186255,OFFBOARD,1
91.972,GLIDE_APPROACH,8.248423874634542,8.3928576344227,0,0.064,0.0,1,0.9208758473396301,2.4625768576464204,-0.10029779273222919,0.7223546124001161,-0.09728767241216225,2.4625768576464204,-0.10029779273222919,-0.8,140.78094482421875,0.38206395506858826,10.46992015838623,98.54227612937011,0.0008368140662935351,OFFBOARD,1
92.008,GLIDE_APPROACH,8.217197578116778,8.362316528814764,0,0.1,0.0,1,0.9090219140052795,2.4623055031234418,-0.10199151014814822,0.71765853933547,-0.09755217568125085,2.4623055031234418,-0.10199151014814822,-0.8,140.8573760986328,0.3809833824634552,10.444320678710938,98.59627614298263,0.0008368140489331046,OFFBOARD,1
92.04,GLIDE_APPROACH,8.1930202493511,8.338839764613246,0,0.132,0.0,1,0.9090219140052795,2.463153557963967,-0.09993109969723177,0.7123534916341742,-0.09768832623398765,2.463153557963967,-0.09993109969723177,-0.8,140.9333953857422,0.37942954897880554,10.418517112731934,98.63827613730224,0.0008368140368433543,OFFBOARD,1
92.072,GLIDE_APPROACH,8.165881614279325,8.312252323849737,0,0.164,0.0,1,0.9090219140052795,2.4638280582730228,-0.09744538642148436,0.7073137983914726,-0.09781573971984826,2.4638280582730228,-0.09744538642148436,-0.8,141.00900268554688,0.37741619348526,10.392683029174805,98.6922761378322,0.0008368140194829237,OFFBOARD,1
92.108,GLIDE_APPROACH,8.13571479767178,8.282687770094737,0,0.2,0.0,1,0.9090219140052795,2.464569878674009,-0.09442679148718602,0.7025423867423023,-0.09793714838437668,2.464569878674009,-0.09442679148718602,-0.8,141.08419799804688,0.37496238946914673,10.366793632507324,98.74627611352678,0.0008368140037119009,OFFBOARD,1
92.14,GLIDE_APPROACH,8.109204930570943,8.256655048403433,0,0.232,0.0,1,0.9090219140052795,2.4651567737351217,-0.09156527857530336,0.6974584396394136,-0.0979744721881063,2.4651567737351217,-0.09156527857530336,-0.8,141.1590118408203,0.37209534645080566,10.340899467468262,98.78827611277369,0.0008368139900327427,OFFBOARD,1
92.172,GLIDE_APPROACH,8.082964397358358,8.230777450942671,0,0.264,0.0,1,0.9090219140052795,2.4656061932462685,-0.08855856766488637,0.6905073236161751,-0.09788498138716907,2.4656061932462685,-0.08855856766488637,-0.8,141.2521209716797,0.3679775297641754,10.30843734741211,98.84227610040816,0.0008368139742617201,OFFBOARD,1
92.216,GLIDE_APPROACH,8.053748195605852,8.201751951872103,0,0.308,0.0,1,0.9090219140052795,2.465846239971405,-0.08503324706196938,0.6856383849803369,-0.09787644628447392,2.465846239971405,-0.08503324706196938,-0.8,141.32635498046875,0.36431682109832764,10.282395362854004,98.90227608592852,0.0008368139558553568,OFFBOARD,1
92.24,GLIDE_APPROACH,8.028039525629008,8.175946900153603,0,0.332,0.0,1,0.9090219140052795,2.4657439031560915,-0.08180156495897624,0.680445695812857,-0.09779588730573317,2.4657439031560915,-0.08180156495897624,-0.8,141.40049743652344,0.36036306619644165,10.256176948547363,98.94427608777062,0.0008368139421761989,OFFBOARD,1
92.272,GLIDE_APPROACH,8.002573884974403,8.15007227180738,0,0.364,0.0,1,0.9090219140052795,2.46526567264653,-0.07850451880759904,0.6750847322991668,-0.09803996255068177,2.46526567264653,-0.07850451880759904,-0.8,141.4757843017578,0.3596915602684021,10.230385780334473,98.99227609077,0.0008368139274511085,OFFBOARD,1
92.308,GLIDE_APPROACH,7.974214233993527,8.120822152883179,0,0.4,0.0,1,0.9090219140052795,2.464213941018723,-0.07474729325572829,0.6699402392573512,-0.09826843805144055,2.464213941018723,-0.07474729325572829,-0.8,141.55099487304688,0.35849347710609436,10.204477310180664,99.04027610347558,0.0008368139127260181,OFFBOARD,1
92.34,GLIDE_APPROACH,7.949264940138159,8.094663165172836,0,0.432,0.0,1,0.9090219140052795,2.4627727572121745,-0.07138790213759533,0.6644799742720545,-0.09840916580257288,2.4627727572121745,-0.07138790213759533,-0.8,141.6261444091797,0.35682716965675354,10.178470611572266,99.09427612055276,0.0008368138969549952,OFFBOARD,1
92.372,GLIDE_APPROACH,7.9247757983385645,8.068376529072756,0,0.464,0.0,1,0.9090219140052795,2.4606251705853106,-0.06799583115269639,0.6570431739488621,-0.09844297220170092,2.4606251705853106,-0.06799583115269639,-0.8,141.72015380859375,0.35414960980415344,10.14590835571289,99.14227615090344,0.0008368138822299049,OFFBOARD,1
92.408,GLIDE_APPROACH,7.897963723579153,8.03868558267667,0,0.5,0.0,1,0.9090219140052795,2.457175967091868,-0.06412750333664646,0.6516570312937723,-0.09851417205104197,2.457175967091868,-0.06412750333664646,-0.8,141.79534912109375,0.35155320167541504,10.120221138000488,99.19027618792747,0.0008368138675048142,OFFBOARD,1
92.44,GLIDE_APPROACH,7.8747280031676015,8.012203716757995,0,0.532,0.0,1,0.9090219140052795,2.4532870962675792,-0.06065825870760802,0.6459438034418339,-0.09850400105589285,2.4532870962675792,-0.06065825870760802,-0.8,141.87051391601562,0.34859177470207214,10.09476375579834,99.23827621921002,0.0008368138527797237,OFFBOARD,1
92.472,GLIDE_APPROACH,7.85197614413365,7.985661330770645,0,0.564,0.0,1,0.9090219140052795,2.4487437944175445,-0.05717552184983692,0.6401573093486644,-0.09845311258801034,2.4487437944175445,-0.05717552184983692,-0.8,141.9456787109375,0.345290869474411,10.069539070129395,99.28627623876234,0.0008368138380546333,OFFBOARD,1
92.508,GLIDE_APPROACH,7.826861090225188,7.955762025060669,0,0.6,0.0,1,0.9090219140052795,2.4430111086732262,-0.05325933062073997,0.6345302715024114,-0.09840149445230476,2.4430111086732262,-0.05325933062073997,-0.8,142.0208282470703,0.34169504046440125,10.044432640075684,99.34027625545752,0.0008368138206942029,OFFBOARD,1
92.54,GLIDE_APPROACH,7.804887084458707,7.92917874356469,0,0.632,0.0,1,0.9084869623184204,2.426927720470705,-0.04792019188354812,0.626701118355318,-0.09818229705065007,2.426927720470705,-0.04792019188354812,-0.8,142.11463928222656,0.33685368299484253,10.013141632080078,99.39427625882969,0.0008368138049231799,OFFBOARD,1
92.572,GLIDE_APPROACH,7.783188672545981,7.902613010343082,0,0.664,0.0,1,0.9084869623184204,2.4210889682251793,-0.04448501865870672,0.6207427987680529,-0.09803284548983913,2.4210889682251793,-0.04448501865870672,-0.8,142.18960571289062,0.33273667097091675,9.988195419311523,99.44227627720635,0.0008368137901980896,OFFBOARD,1
92.608,GLIDE_APPROACH,7.759059192816374,7.872769268225243,0,0.7,0.0,1,0.9084869623184204,2.4142287767845128,-0.04066923899230639,0.6149516445213592,-0.09789299876555005,2.4142287767845128,-0.04066923899230639,-0.8,142.26449584960938,0.32842347025871277,9.96321964263916,99.49027630301084,0.0008368137754729992,OFFBOARD,1
92.64,GLIDE_APPROACH,7.737824968985639,7.846293867470611,0,0.732,0.0,1,0.9084869623184204,2.407938217761708,-0.03733239347195545,0.6089153740807164,-0.09769680041176491,2.407938217761708,-0.03733239347195545,-0.8,142.33920288085938,0.3239274322986603,9.938247680664062,99.53827632383155,0.0008368137607479088,OFFBOARD,1
92.672,GLIDE_APPROACH,7.713605507903758,7.816545790956644,0,0.764,0.0,1,0.9084869623184204,2.401305086932288,-0.033696120034562765,0.6030016457626423,-0.0979479690413524,2.401305086932288,-0.033696120034562765,-0.8,142.41465759277344,0.32339149713516235,9.91353988647461,99.59227634181296,0.0008368137433874784,OFFBOARD,1
92.708,GLIDE_APPROACH,7.693252117295819,7.790241798374612,0,0.8,0.0,1,0.9084869623184204,2.394160931528848,-0.03046043984539177,0.5967696704689918,-0.09810465299190813,2.394160931528848,-0.03046043984539177,-0.8,142.48992919921875,0.3224062919616699,9.888988494873047,99.64627633225706,0.0008368137276164555,OFFBOARD,1
92.74,GLIDE_APPROACH,7.6693173381238315,7.760665566877379,0,0.832,0.0,1,0.9084869623184204,2.3873830332134443,-0.027010460669236788,0.590799484534133,-0.09826729569037246,2.3873830332134443,-0.027010460669236788,-0.8,142.5650177001953,0.3210303485393524,9.864276885986328,99.69427633439338,0.000836813712891365,OFFBOARD,1
92.776,GLIDE_APPROACH,7.651842360039709,7.737792728238566,0,0.868,0.0,1,0.9084869623184204,2.380904764544225,-0.0243293654019816,0.5823647165952427,-0.09826010864429716,2.380904764544225,-0.0243293654019816,-0.8,142.65859985351562,0.31881508231163025,9.833194732666016,99.74827634709256,0.0008368136955309347,OFFBOARD,1
92.808,GLIDE_APPROACH,7.628730369406264,7.708434478127322,0,0.9,0.0,1,0.9084869623184204,2.373398459249948,-0.02104137046557744,0.5762963660504122,-0.09833554048100192,2.373398459249948,-0.02104137046557744,-0.8,142.73329162597656,0.3166956603527069,9.808354377746582,99.79027633541277,0.0008368136834411843,OFFBOARD,1
92.84,GLIDE_APPROACH,7.6082728828447115,7.682430157812061,0,0.932,0.0,1,0.9084869623184204,2.3667352976530402,-0.018218440586431656,0.5700114497275997,-0.09834789884959269,2.3667352976530402,-0.018218440586431656,-0.8,142.80780029296875,0.3142985701560974,9.783411026000977,99.84427632791112,0.0008368136660807538,OFFBOARD,1
92.872,GLIDE_APPROACH,7.58785438090831,7.656376556230295,0,0.964,0.0,1,0.9084869623184204,2.3599656195111534,-0.01549749213987733,0.561739931531806,-0.098258209016193,2.3599656195111534,-0.01549749213987733,-0.8,142.9008026123047,0.3109377324581146,9.752276420593262,99.88627630143141,0.0008368136539910034,OFFBOARD,1
92.908,GLIDE_APPROACH,7.56167191159303,7.623559651326693,0,1.0,0.0,1,0.9084869623184204,2.3519944190765316,-0.012289660440332601,0.5577765228829128,-0.0983680069199259,2.3519944190765316,-0.012289660440332601,-0.8,142.95664978027344,0.30875974893569946,9.73344898223877,99.94627626597229,0.0008368136355846404,OFFBOARD,1
92.94,GLIDE_APPROACH,7.5444799309253705,7.600502291832936,0,1.032,0.0,1,0.9084869623184204,2.3449526455582133,-0.010072692377594377,0.5491663791433555,-0.09818201683044442,2.3449526455582133,-0.010072692377594377,-0.8,143.04983520507812,0.30489182472229004,9.70191764831543,99.98827625395474,0.0008368136219054824,OFFBOARD,1
92.972,GLIDE_APPROACH,7.524063090904324,7.5739747680937795,0,1.064,0.0,1,0.9084869623184204,2.337611489536305,-0.00768669154273309,0.5427181660951431,-0.09809763819305654,2.337611489536305,-0.00768669154273309,-0.8,143.12449645996094,0.30159252882003784,9.676323890686035,100.0362762422698,0.000836813607180392,OFFBOARD,1
93.008,GLIDE_APPROACH,7.497829229624358,7.540591451405404,0,1.1,0.0,1,0.9084869623184204,2.3290213530389114,-0.004894500915242524,0.5366411201109181,-0.0980709039471988,2.3290213530389114,-0.004894500915242524,-0.8,143.19924926757812,0.29812511801719666,9.650544166564941,100.0962762420337,0.0008368135887740288,OFFBOARD,1
93.04,GLIDE_APPROACH,7.480614939898892,7.517167146034572,0,1.1320000000000001,0.0,1,0.9140543937683105,2.322668206568156,-0.007655204553477152,0.5298686813434381,-0.09791018899271826,2.322668206568156,-0.007655204553477152,-0.8,143.2741241455078,0.2945120334625244,9.62468433380127,100.13827623224213,0.0008368135766842786,OFFBOARD,1
93.072,GLIDE_APPROACH,7.460130960826073,7.490267297268605,0,1.164,0.0,1,0.9140543937683105,2.3149598930885933,-0.005598166546626537,0.5232091670199431,-0.0982888126305936,2.3149598930885933,-0.005598166546626537,-0.8,143.34979248046875,0.29553577303886414,9.599455833435059,100.18627622468148,0.0008368135619591882,OFFBOARD,1
93.108,GLIDE_APPROACH,7.43378600238245,7.456506572129126,0,1.2,0.0,1,0.9140543937683105,2.3060498744133056,-0.0032150656187643067,0.5148872905395118,-0.09869996317408956,2.3060498744133056,-0.0032150656187643067,-0.8,143.44435119628906,0.2961195111274719,9.567732810974121,100.24627622666742,0.0008368135435528252,OFFBOARD,1
93.144,GLIDE_APPROACH,7.417161936546006,7.432913640318761,0,1.236,0.0,1,0.9140543937683105,2.2976827592703737,-0.0015348649916888113,0.5099272261385712,-0.09892415891126903,2.2976827592703737,-0.0015348649916888113,-0.8,143.50103759765625,0.2961471378803253,9.548660278320312,100.28827624427981,0.0008368135298736671,OFFBOARD,1
93.172,GLIDE_APPROACH,7.3958511614066005,7.405824937786655,0,1.264,0.0,1,0.9140543937683105,2.2907402264534933,0.00015516506098294663,0.5011765101447152,-0.09916214464492266,2.2907402264534933,0.00015516506098294663,-0.8,143.59552001953125,0.29571208357810974,9.516902923583984,100.34227625517325,0.0008368135141026443,OFFBOARD,1
93.212,GLIDE_APPROACH,7.36669666828068,7.368590562644138,0,1.304,0.0,1,0.9140543937683105,2.281028138067057,0.0023315625282763,0.4949591982885651,-0.09947348757789655,2.281028138067057,0.0023315625282763,-0.8,143.67103576660156,0.2949652671813965,9.491514205932617,100.40227626503182,0.0008368134956962812,OFFBOARD,1
93.24,GLIDE_APPROACH,7.35175157787985,7.3483451099448605,0,1.332,0.0,1,0.9140543937683105,2.2746610337190423,0.0035051423967126585,0.48775458058528565,-0.09955917202702118,2.2746610337190423,0.0035051423967126585,-0.8,143.74649047851562,0.29389438033103943,9.466049194335938,100.43827627365667,0.0008368134846524635,OFFBOARD,1
93.272,GLIDE_APPROACH,7.3308314566140895,7.321344697475364,0,1.3639999999999999,0.0,1,0.9140543937683105,2.2673562376994134,0.004938254257527266,0.48092225294736324,-0.09969502444448129,2.2673562376994134,0.004938254257527266,-0.8,143.8218536376953,0.29253578186035156,9.440572738647461,100.48627629231991,0.0008368134699273729,OFFBOARD,1
93.312,GLIDE_APPROACH,7.3038685840836814,7.287640378120801,0,1.404,0.0,1,0.9140543937683105,2.2592563097076965,0.00657142772718701,0.47446140222784505,-0.09988414883407981,2.2592563097076965,0.00657142772718701,-0.8,143.8970489501953,0.29090237617492676,9.41497802734375,100.55227633613485,0.0008368134488856697,OFFBOARD,1
93.34,GLIDE_APPROACH,7.2826567126392,7.260775135268316,0,1.432,0.0,1,0.9140543937683105,2.252463761760826,0.007811488816641635,0.4655281435819768,-0.09991273541873595,2.252463761760826,0.007811488816641635,-0.8,143.99095153808594,0.2885141968727112,9.382807731628418,100.59427634549523,0.0008368134367959196,OFFBOARD,1
93.372,GLIDE_APPROACH,7.264608630826287,7.237281398793462,0,1.464,0.0,1,0.9140543937683105,2.245927362212612,0.00860263147987151,0.45842749106753405,-0.09993375310179174,2.245927362212612,0.00860263147987151,-0.8,144.06593322753906,0.2864510118961334,9.357007026672363,100.63627636574425,0.0008368134231167614,OFFBOARD,1
93.408,GLIDE_APPROACH,7.240520332529652,7.2069648320416375,0,1.5,0.0,1,0.9140543937683105,2.2384471714584593,0.008917083309020003,0.45165783179628355,-0.10005872193508741,2.2384471714584593,0.008917083309020003,-0.8,144.14100646972656,0.2845730185508728,9.331202507019043,100.69027638186842,0.0008368134073457386,OFFBOARD,1
93.44,GLIDE_APPROACH,7.215769319408381,7.17654669134391,0,1.532,0.0,1,0.9140543937683105,2.23165281106413,0.00846071236421507,0.44487875894107676,-0.10021847751621565,2.23165281106413,0.00846071236421507,-0.8,144.21612548828125,0.2829182744026184,9.30550765991211,100.74427642182032,0.000836813389985308,OFFBOARD,1
93.472,GLIDE_APPROACH,7.197400110231971,7.152896625052693,0,1.564,0.0,1,0.9140543937683105,2.2253165137969897,0.007673917254019572,0.4375136592061724,-0.10081026855333698,2.2253165137969897,0.007673917254019572,-0.8,144.2926025390625,0.28594130277633667,9.279780387878418,100.79227645706504,0.0008368133752602177,OFFBOARD,1
93.508,GLIDE_APPROACH,7.172918861678795,7.122410614911802,0,1.6,0.0,1,0.9140543937683105,2.2181244235533923,0.005987263136563177,0.43048587514721315,-0.10147926342077769,2.2181244235533923,0.005987263136563177,-0.8,144.36900329589844,0.2888546586036682,9.25414752960205,100.84627649471898,0.0008368133594891949,OFFBOARD,1
93.54,GLIDE_APPROACH,7.150990913308367,7.09528697167424,0,1.6320000000000001,0.0,1,0.9140543937683105,2.2119008954446513,0.003926388988883894,0.42326389529062286,-0.10210898465689779,2.2119008954446513,0.003926388988883894,-0.8,144.4453582763672,0.2917020320892334,9.228545188903809,100.89427652645806,0.0008368133447641045,OFFBOARD,1
93.572,GLIDE_APPROACH,7.125667978984677,7.064737258885102,0,1.6640000000000001,0.0,1,0.8940607309341431,2.2056410953750287,0.0034839218428999105,0.4140714350895373,-0.10286562277394742,2.2056410953750287,0.0034839218428999105,-0.8,144.54063415527344,0.2952093482017517,9.196645736694336,100.94227655120466,0.0008368133300390139,OFFBOARD,1
93.608,GLIDE_APPROACH,7.103785938762183,7.03764574692758,0,1.7,0.0,1,0.8940607309341431,2.1994056359897334,0.000465289869099432,0.4067670230927597,-0.1034936585046844,2.1994056359897334,0.000465289869099432,-0.8,144.6168212890625,0.29797250032424927,9.170987129211426,100.990276581236,0.0008368133153139235,OFFBOARD,1
93.64,GLIDE_APPROACH,7.081244475450059,7.010555100525462,0,1.732,0.0,1,0.8940607309341431,2.19396313559364,-0.0029943430027325815,0.39946156214476225,-0.10413026516007316,2.19396313559364,-0.0029943430027325815,-0.8,144.6929473876953,0.3006913363933563,9.145278930664062,101.04427661679745,0.000836813297953493,OFFBOARD,1
93.672,GLIDE_APPROACH,7.058466884127076,6.983509554779997,0,1.764,0.0,1,0.8940607309341431,2.188858411639273,-0.0068146591321737796,0.3921450419802545,-0.10476974417572925,2.188858411639273,-0.0068146591321737796,-0.8,144.7688751220703,0.3033687174320221,9.11952018737793,101.0922766288235,0.0008368132832284027,OFFBOARD,1
93.712,GLIDE_APPROACH,7.032543705894014,6.8583572270529505,0,1.804,0.0,1,0.8940607309341431,2.18356444260089,-0.011494599691349881,0.3935905567529456,-0.10515594365991068,2.18356444260089,-0.011494599691349881,-0.8,144.86366271972656,0.306659460067749,9.087367057800293,101.14627662183949,0.0008368132674573798,OFFBOARD,1
93.74,GLIDE_APPROACH,7.009223219187473,6.926254465189539,0,1.8319999999999999,0.0,1,0.8940607309341431,2.179283016245922,-0.015954729061245385,0.3775976102285278,-0.10610387446531601,2.179283016245922,-0.015954729061245385,-0.8,144.92047119140625,0.30860868096351624,9.068236351013184,101.18827663199558,0.0008368132537782218,OFFBOARD,1
93.772,GLIDE_APPROACH,6.985634443740051,6.899438496234965,0,1.8639999999999999,0.0,1,0.8940607309341431,2.1754247409781633,-0.020663975958733646,0.36805596319028827,-0.10682622082496614,2.1754247409781633,-0.020663975958733646,-0.8,145.01492309570312,0.3117876648902893,9.036336898803711,101.2362766422108,0.0008368132390531314,OFFBOARD,1
93.808,GLIDE_APPROACH,6.955565971713402,6.8660264922538214,0,1.9,0.0,1,0.8940607309341431,2.1714273656329564,-0.02689509102049775,0.3609738266388702,-0.10757375321059919,2.1714273656329564,-0.02689509102049775,-0.8,145.09033203125,0.3142719268798828,9.010865211486816,101.29627666475228,0.0008368132206467683,OFFBOARD,1
93.844,GLIDE_APPROACH,6.934585345853225,6.8427765494164,0,1.936,0.0,1,0.8940607309341431,2.1687078148557046,-0.03137341232502222,0.35338057732988865,-0.10818105026974839,2.1687078148557046,-0.03137341232502222,-0.8,145.16561889648438,0.31671491265296936,8.98554515838623,101.35027666979101,0.0008368132048757453,OFFBOARD,1
93.872,GLIDE_APPROACH,6.910058498572535,6.816335682033941,0,1.964,0.0,1,0.8940607309341431,2.166416501966499,-0.03641038730263235,0.345715520754744,-0.10937506231492898,2.166416501966499,-0.03641038730263235,-0.8,145.24266052246094,0.3237116038799286,8.9606351852417,101.39227667780074,0.0008368131911965873,OFFBOARD,1
93.908,GLIDE_APPROACH,6.8819727757999924,6.78688230958806,0,2.0,0.0,1,0.8940607309341431,2.1647815601414604,-0.04148469958267545,0.3382220841660004,-0.11053407805116953,2.1647815601414604,-0.04148469958267545,-0.8,145.3192596435547,0.32984215021133423,8.935567855834961,101.44627665911496,0.0008368131754255643,OFFBOARD,1
93.94,GLIDE_APPROACH,6.8565800792397775,6.7609629470525645,0,2.032,0.0,1,0.8940607309341431,2.164149284348589,-0.045443629992872756,0.3305925505576276,-0.1115524800829717,2.164149284348589,-0.045443629992872756,-0.8,145.3953857421875,0.3350621461868286,8.910337448120117,101.49427663982526,0.0008368131607004741,OFFBOARD,1
93.976,GLIDE_APPROACH,6.827536145042165,6.732072821186847,0,2.068,0.0,1,0.8940607309341431,2.164328242158183,-0.04929240410528215,0.3209227591560728,-0.11264427675200818,2.164328242158183,-0.04929240410528215,-0.8,145.4899139404297,0.3403300940990448,8.878654479980469,101.54827662185909,0.0008368131433400434,OFFBOARD,1
94.012,GLIDE_APPROACH,6.798038777695121,6.703511602120462,0,2.104,0.0,1,0.8749210834503174,2.1632305254341713,-0.04992637892196761,0.31347339809559993,-0.11351419637949599,2.1632305254341713,-0.04992637892196761,-0.8,145.56504821777344,0.34356889128685,8.853185653686523,101.59627660838147,0.000836813128614953,OFFBOARD,1
94.04,GLIDE_APPROACH,6.774690919813258,6.681523358165235,0,2.132,0.0,1,0.8749210834503174,2.164855607451286,-0.051872047849147396,0.3057282319566456,-0.11419005572334538,2.164855607451286,-0.051872047849147396,-0.8,145.63978576660156,0.3459794223308563,8.827568054199219,101.6442765913525,0.0008368131138898625,OFFBOARD,1
94.072,GLIDE_APPROACH,6.7444384611411445,6.653444644004593,0,2.164,0.0,1,0.8749210834503174,2.167464579451471,-0.053899962067006445,0.29828155928890576,-0.1148983167966155,2.167464579451471,-0.053899962067006445,-0.8,145.71412658691406,0.3476322889328003,8.801587104797363,101.69227656666673,0.000836813099164772,OFFBOARD,1
94.108,GLIDE_APPROACH,6.713674308522587,6.625646962932502,0,2.2,0.0,1,0.8749210834503174,2.17101795707715,-0.05531294906253187,0.2886335166638697,-0.11555230622933897,2.17101795707715,-0.05531294906253187,-0.8,145.8065643310547,0.34870219230651855,8.768998146057129,101.7462765234461,0.0008368130833937491,OFFBOARD,1
94.14,GLIDE_APPROACH,6.689266400037537,6.604213360005802,0,2.232,0.0,1,0.8749210834503174,2.1745899104300985,-0.05601127492784112,0.2808889966974487,-0.11598708376032452,2.1745899104300985,-0.05601127492784112,-0.8,145.880126953125,0.34881213307380676,8.742988586425781,101.7942764986954,0.0008368130686686589,OFFBOARD,1
94.172,GLIDE_APPROACH,6.661260436066151,6.579852883833205,0,2.2640000000000002,0.0,1,0.8749210834503174,2.178963851842564,-0.05649475937270958,0.27327374379367697,-0.11641675672444858,2.178963851842564,-0.05649475937270958,-0.8,145.953369140625,0.34832942485809326,8.716903686523438,101.84227648530484,0.0008368130539435684,OFFBOARD,1
94.208,GLIDE_APPROACH,6.6293899072717375,6.55263459530602,0,2.3,0.0,1,0.8749210834503174,2.1845427760013196,-0.05663135509481178,0.265782157778697,-0.1168511059265438,2.1845427760013196,-0.05663135509481178,-0.8,146.02633666992188,0.34729093313217163,8.690773963928223,101.89027648270422,0.0008368130392184778,OFFBOARD,1
94.24,GLIDE_APPROACH,6.600746678599313,6.5285896319014665,0,2.332,0.0,1,0.8749210834503174,2.1900613181788136,-0.05642900057390289,0.25812153174995744,-0.11717401841048396,2.1900613181788136,-0.05642900057390289,-0.8,146.09906005859375,0.34577152132987976,8.664617538452148,101.93827648983648,0.0008368130244933874,OFFBOARD,1
94.272,GLIDE_APPROACH,6.571816940619477,6.504669063110316,0,2.364,0.0,1,0.8749210834503174,2.1960734451034827,-0.05595421599992886,0.2503976174594849,-0.11797021820884121,2.1960734451034827,-0.05595421599992886,-0.8,146.17184448242188,0.34807485342025757,8.63888168334961,101.99227651573294,0.0008368130071329567,OFFBOARD,1
94.308,GLIDE_APPROACH,6.538940907811283,6.477889026019242,0,2.4,0.0,1,0.8749210834503174,2.20339420784359,-0.05512722231441425,0.2405657665105401,-0.11878389899691973,2.20339420784359,-0.05512722231441425,-0.8,146.2624969482422,0.34987762570381165,8.60673999786377,102.04027654004774,0.0008368129924078663,OFFBOARD,1
94.34,GLIDE_APPROACH,6.5094395553694495,6.454185018127575,0,2.432,0.0,1,0.8749210834503174,2.2103524128087852,-0.054154886950808785,0.2349912814430352,-0.1193917956305141,2.2103524128087852,-0.054154886950808785,-0.8,146.3167266845703,0.35044360160827637,8.587390899658203,102.09427655814335,0.0008368129766368436,OFFBOARD,1
94.372,GLIDE_APPROACH,6.479714643986019,6.430574597213462,0,2.464,0.0,1,0.8583913445472717,2.2276915626122418,-0.05180197293535124,0.22493740465697323,-0.11996082096541105,2.2276915626122418,-0.05180197293535124,-0.8,146.40689086914062,0.35061636567115784,8.554960250854492,102.14227657479125,0.0008368129619117531,OFFBOARD,1
94.408,GLIDE_APPROACH,6.446045519210286,6.404119722478539,0,2.5,0.0,1,0.8583913445472717,2.2363469968759473,-0.05049060854163537,0.21718718126989958,-0.12053771116532953,2.2363469968759473,-0.05049060854163537,-0.8,146.4788055419922,0.35021597146987915,8.528975486755371,102.1962766085465,0.0008368129445513224,OFFBOARD,1
94.44,GLIDE_APPROACH,6.415926742887303,6.380683738179911,0,2.532,0.0,1,0.8583913445472717,2.2443681271769926,-0.04927370258278599,0.20925494140217005,-0.12100162952317192,2.2443681271769926,-0.04927370258278599,-0.8,146.55059814453125,0.34939849376678467,8.503010749816895,102.23827662660734,0.0008368129324615722,OFFBOARD,1
94.472,GLIDE_APPROACH,6.385635132154643,6.357307167735362,0,2.564,0.0,1,0.8583913445472717,2.2526674563769196,-0.04801764028084268,0.198859950997353,-0.12191424039374556,2.2526674563769196,-0.04801764028084268,-0.8,146.64149475097656,0.35210132598876953,8.470419883728027,102.28627665727066,0.0008368129177364817,OFFBOARD,1
94.508,GLIDE_APPROACH,6.348087167181178,6.328125099161252,0,2.6,0.0,1,0.8583913445472717,2.262707745651291,-0.046435391162838416,0.19315202915474608,-0.12285908981267281,2.262707745651291,-0.046435391162838416,-0.8,146.6961212158203,0.3538767695426941,8.45084285736084,102.34627668015754,0.0008368128993301188,OFFBOARD,1
94.54,GLIDE_APPROACH,6.317450772588789,6.304819851258337,0,2.632,0.0,1,0.8583913445472717,2.2715063769877735,-0.045111276060736685,0.1848833750767201,-0.12368456950870566,2.2715063769877735,-0.045111276060736685,-0.8,146.76881408691406,0.35569047927856445,8.424776077270508,102.39427669912908,0.0008368128846050282,OFFBOARD,1
94.572,GLIDE_APPROACH,6.286667080278353,6.281516137841976,0,2.664,0.0,1,0.8583913445472717,2.280483391360476,-0.043761070533571686,0.17425284877857639,-0.12447559744258929,2.280483391360476,-0.043761070533571686,-0.8,146.85946655273438,0.35714730620384216,8.392213821411133,102.4422767244821,0.0008368128698799377,OFFBOARD,1
94.608,GLIDE_APPROACH,6.251872720127526,6.255279744357859,0,2.7,0.0,1,0.8583913445472717,2.290757507468011,-0.04221197841696226,0.1659636963710185,-0.1252429088486978,2.290757507468011,-0.04221197841696226,-0.8,146.93182373046875,0.3577299118041992,8.366137504577637,102.49627676719201,0.0008368128525195072,OFFBOARD,1
94.64,GLIDE_APPROACH,6.2208128489175705,6.231923562208037,0,2.732,0.0,1,0.8583913445472717,2.3000018860479137,-0.040809114743862694,0.15750286075661063,-0.12588195818333078,2.3000018860479137,-0.040809114743862694,-0.8,147.00405883789062,0.35783663392066956,8.340046882629395,102.54427679057066,0.0008368128377944169,OFFBOARD,1
94.672,GLIDE_APPROACH,6.192899510941828,6.211466374378336,0,2.7640000000000002,0.0,1,0.8583913445472717,2.3089452214623267,-0.03953056560139428,0.14889522776658368,-0.12640570162450263,2.3089452214623267,-0.03953056560139428,-0.8,147.07618713378906,0.35749876499176025,8.314045906066895,102.58627679342071,0.0008368128257046666,OFFBOARD,1
94.708,GLIDE_APPROACH,6.157715873177574,6.185071637747497,0,2.8,0.0,1,0.8583913445472717,2.319495174745668,-0.03790630575840871,0.14037519175961033,-0.1270292309729226,2.319495174745668,-0.03790630575840871,-0.8,147.1483154296875,0.3567388951778412,8.288006782531738,102.6402768020645,0.0008368128083442359,OFFBOARD,1
94.74,GLIDE_APPROACH,6.123102532272368,6.158564316546372,0,2.832,0.0,1,0.8583913445472717,2.329218308664632,-0.03629413793117709,0.13175293630194318,-0.12759871050573662,2.329218308664632,-0.03629413793117709,-0.8,147.2203826904297,0.3556014895439148,8.262049674987793,102.69427679710533,0.0008368127925732132,OFFBOARD,1
94.772,GLIDE_APPROACH,6.09168297267561,6.13492441815097,0,2.864,0.0,1,0.8583913445472717,2.3385533159085425,-0.0348219188304273,0.12060355664131191,-0.12800516506207413,2.3385533159085425,-0.0348219188304273,-0.8,147.31045532226562,0.3536851108074188,8.229601860046387,102.7422768079364,0.0008368127778481229,OFFBOARD,1
94.808,GLIDE_APPROACH,6.056281695485461,6.108209404909085,0,2.9,0.0,1,0.8583913445472717,2.3489794664582475,-0.033162249199238124,0.11178482835176,-0.12850354863206914,2.3489794664582475,-0.033162249199238124,-0.8,147.38255310058594,0.3517936170101166,8.203661918640137,102.79627683605969,0.0008368127604876923,OFFBOARD,1
94.84,GLIDE_APPROACH,6.028027969336631,6.0873507438490355,0,2.932,0.0,1,0.8583913445472717,2.3578481255357366,-0.0318439152336435,0.10273840520358463,-0.12881537308133667,2.3578481255357366,-0.0318439152336435,-0.8,147.4546661376953,0.34960484504699707,8.17778491973877,102.84427684790518,0.0008368127457626019,OFFBOARD,1
94.872,GLIDE_APPROACH,5.996485224674104,6.063336232247904,0,2.964,0.0,1,0.8583913445472717,2.366879875220182,-0.030335033457958745,0.09353190968593271,-0.12960972283803157,2.366879875220182,-0.030335033457958745,-0.8,147.52772521972656,0.35047999024391174,8.152244567871094,102.88627684169403,0.0008368127336728516,OFFBOARD,1
94.916,GLIDE_APPROACH,5.9609545533235515,6.036073130728248,0,3.008,0.0,1,0.872974157333374,2.391801941157426,-0.029494238493654713,0.08428234728461091,-0.13042484282563171,2.391801941157426,-0.029494238493654713,-0.8,147.60079956054688,0.35079720616340637,8.126675605773926,102.95827682893743,0.0008368127115852159,OFFBOARD,1
94.94,GLIDE_APPROACH,5.929352073803953,6.011609984795182,0,3.032,0.0,1,0.872974157333374,2.4003666666306023,-0.027850725376688888,0.0748619290056303,-0.13109279604071455,2.4003666666306023,-0.027850725376688888,-0.8,147.6739501953125,0.3505956828594208,8.101076126098633,102.99427682598312,0.0008368127005413981,OFFBOARD,1
94.972,GLIDE_APPROACH,5.897754777230273,5.9869224192823625,0,3.064,0.0,1,0.872974157333374,2.408655355554479,-0.026155401701517245,0.06284641656529091,-0.13167040719675638,2.408655355554479,-0.026155401701517245,-0.8,147.76548767089844,0.3496762216091156,8.069107055664062,103.03627683650497,0.0008368126868622401,OFFBOARD,1
95.008,GLIDE_APPROACH,5.865505577192997,5.962018427306565,0,3.1,0.0,1,0.872974157333374,2.4174660109805326,-0.02438486784282745,0.05318575580129971,-0.13222763373031546,2.4174660109805326,-0.02438486784282745,-0.8,147.83885192871094,0.34845390915870667,8.0435209274292,103.09627685105703,0.0008368126684558771,OFFBOARD,1
95.04,GLIDE_APPROACH,5.830711636503551,5.933681789062158,0,3.132,0.0,1,0.872974157333374,2.4252057449604494,-0.02241413897149544,0.04342257130774915,-0.13279289567592759,2.4252057449604494,-0.02241413897149544,-0.8,147.91232299804688,0.3468228578567505,8.017927169799805,103.1442768576274,0.0008368126537307866,OFFBOARD,1
95.072,GLIDE_APPROACH,5.799243246389404,5.908245565530737,0,3.164,0.0,1,0.872974157333374,2.4324390618415186,-0.02060642836692887,0.03350188253453759,-0.13323648889750803,2.4324390618415186,-0.02060642836692887,-0.8,147.98594665527344,0.3448150157928467,7.992165565490723,103.18627684738563,0.0008368126416410362,OFFBOARD,1
95.108,GLIDE_APPROACH,5.763930367883079,5.879328712427357,0,3.2,0.0,1,0.872974157333374,2.440111571879069,-0.018552368754471107,0.023467419157195146,-0.1337279022088627,2.440111571879069,-0.018552368754471107,-0.8,148.05972290039062,0.34247440099716187,7.96631383895874,103.24027684120831,0.000836812624280606,OFFBOARD,1
95.144,GLIDE_APPROACH,5.7293605485514085,5.850073975046525,0,3.2359999999999998,0.0,1,0.872974157333374,2.4464793416811137,-0.016519706630741263,0.013281951593444113,-0.13416507898863908,2.4464793416811137,-0.016519706630741263,-0.8,148.13368225097656,0.33982664346694946,7.9404296875,103.2942768234807,0.0008368126085095829,OFFBOARD,1
95.172,GLIDE_APPROACH,5.698183911110544,5.82380931724201,0,3.2640000000000002,0.0,1,0.872974157333374,2.4523672669654806,-0.014690356001260955,0.013354621517018979,-0.13489914024220762,2.4523672669654806,-0.014690356001260955,-0.8,148.13368225097656,0.33982664346694946,7.9404296875,103.34227682452479,0.0008368125937844924,OFFBOARD,1
95.208,GLIDE_APPROACH,5.666556789754428,5.797300762835837,0,3.3,0.0,1,0.872974157333374,2.458502411729923,-0.012845496222137168,-0.010150974697589604,-0.13467804108275427,2.458502411729923,-0.012845496222137168,-0.8,148.3007049560547,0.3329274654388428,7.881921768188477,103.39027683427227,0.0008368125790594021,OFFBOARD,1
95.24,GLIDE_APPROACH,5.635691126096737,5.770521566790812,0,3.332,0.0,1,0.872974157333374,2.4633981823719013,-0.011053654758053349,-0.02078758747245987,-0.13492592014023677,2.4633981823719013,-0.011053654758053349,-0.8,148.375244140625,0.3294775187969208,7.855833530426025,103.43827684024302,0.0008368125643343117,OFFBOARD,1
95.272,GLIDE_APPROACH,5.604996791928825,5.743487988086435,0,3.364,0.0,1,0.872974157333374,2.4677827198984668,-0.009294234879620597,-0.031738574767369965,-0.13576742325540608,2.4677827198984668,-0.009294234879620597,-0.8,148.451171875,0.33019647002220154,7.829775333404541,103.48627683637682,0.0008368125496092211,OFFBOARD,1
95.308,GLIDE_APPROACH,5.567406867784597,5.70932912630747,0,3.4,0.0,1,0.872974157333374,2.471889293178402,-0.007181334086048818,-0.04288072691128821,-0.13671252630985328,2.471889293178402,-0.007181334086048818,-0.8,148.5272216796875,0.33039432764053345,7.803763389587402,103.54627681877038,0.0008368125312028581,OFFBOARD,1
95.34,GLIDE_APPROACH,5.537135756480325,5.681733970156605,0,3.432,0.0,1,0.872974157333374,2.4750920437870283,-0.005528603217740041,-0.056869496309841956,-0.1373990307975931,2.4750920437870283,-0.005528603217740041,-0.8,148.62242126464844,0.32997286319732666,7.771250247955322,103.59427680717269,0.0008368125164777679,OFFBOARD,1
95.376,GLIDE_APPROACH,5.507182257493777,5.653891884151938,0,3.468,0.0,1,0.872974157333374,2.4776182829390554,-0.004217948433710525,-0.06826163728442333,-0.13804025038951726,2.4776182829390554,-0.004217948433710525,-0.8,148.69871520996094,0.3292425274848938,7.745278358459473,103.6482768058528,0.0008368124991173373,OFFBOARD,1
95.408,GLIDE_APPROACH,5.477180558196962,5.625818905767806,0,3.5,0.0,1,0.872974157333374,2.479927354748333,-0.0033633131225214025,-0.07980359724673577,-0.138684732723787,2.479927354748333,-0.0033633131225214025,-0.8,148.77517700195312,0.3284781575202942,7.719421863555908,103.69627678987509,0.000836812484392247,OFFBOARD,1
95.444,GLIDE_APPROACH,5.448021418864496,5.597497734558775,0,3.536,0.0,1,0.8330479860305786,2.487041381206023,-0.009897930947617851,-0.0914831980149192,-0.13932023569436972,2.487041381206023,-0.009897930947617851,-0.8,148.851806640625,0.3277510404586792,7.693721771240234,103.75027675531987,0.0008368124686212242,OFFBOARD,1
95.472,GLIDE_APPROACH,5.419235577105668,5.568950322348938,0,3.564,0.0,1,0.8330479860305786,2.487327893185958,-0.010040141000690249,-0.10614435591946877,-0.13993778941478052,2.487327893185958,-0.010040141000690249,-0.8,148.9478302001953,0.3269213140010834,7.6617889404296875,103.79227674178924,0.0008368124549420662,OFFBOARD,1
95.508,GLIDE_APPROACH,5.387278487059401,5.5365774881512655,0,3.6,0.0,1,0.8330479860305786,2.4868366093480394,-0.010759605175825103,-0.11820772791399788,-0.14068230318269795,2.4868366093480394,-0.010759605175825103,-0.8,149.0248260498047,0.32634493708610535,7.6363444328308105,103.84027672828184,0.0008368124402169758,OFFBOARD,1
95.54,GLIDE_APPROACH,5.3560424236651,5.503936006386805,0,3.632,0.0,1,0.8330479860305786,2.485153194993015,-0.012065715345417838,-0.1275372282425958,-0.1414461485655144,2.485153194993015,-0.012065715345417838,-0.8,149.08267211914062,0.3259659707546234,7.617256164550781,103.89427671815095,0.0008368124244459528,OFFBOARD,1
95.572,GLIDE_APPROACH,5.33152216207267,5.478398747116829,0,3.664,0.0,1,0.8330479860305786,2.483943077763754,-0.013390743542224616,-0.14261692810461918,-0.14201646320855651,2.483943077763754,-0.013390743542224616,-0.8,149.17926025390625,0.3254314064979553,7.585455417633057,103.94227672058338,0.0008368124097208624,OFFBOARD,1
95.608,GLIDE_APPROACH,5.3039093041634375,5.449039000465301,0,3.7,0.0,1,0.8330479860305786,2.4818555444203048,-0.015260819214177844,-0.15503730216380465,-0.14270318613238564,2.4818555444203048,-0.015260819214177844,-0.8,149.25668334960938,0.3250824511051178,7.5598368644714355,103.99627672072265,0.0008368123923604317,OFFBOARD,1
95.64,GLIDE_APPROACH,5.273676763955164,5.415778771330685,0,3.732,0.0,1,0.8330479860305786,2.4782299740838356,-0.017829430717922052,-0.16768944359575474,-0.1434767016134741,2.4782299740838356,-0.017829430717922052,-0.8,149.334228515625,0.3247886896133423,7.534247875213623,104.04427670526272,0.0008368123776353412,OFFBOARD,1
95.672,GLIDE_APPROACH,5.246934740250419,5.386048836283081,0,3.7640000000000002,0.0,1,0.8330479860305786,2.4746555737696716,-0.02041440013246097,-0.18037904740074612,-0.14458647034661146,2.4746555737696716,-0.02041440013246097,-0.8,149.41184997558594,0.3272712230682373,7.508248805999756,104.09227668795991,0.000836812362910251,OFFBOARD,1
95.712,GLIDE_APPROACH,5.210758517044645,5.344910929878577,0,3.8040000000000003,0.0,1,0.8330479860305786,2.4687211110085037,-0.02443920655116051,-0.19356719585828394,-0.14607605817777383,2.4687211110085037,-0.02443920655116051,-0.8,149.48959350585938,0.3304353356361389,7.4821648597717285,104.15227668107777,0.0008368123445038878,OFFBOARD,1
95.74,GLIDE_APPROACH,5.191134391501075,5.322373734610971,0,3.832,0.0,1,0.8330479860305786,2.4652335267488663,-0.026787460824698066,-0.2062963712959925,-0.14707876143818024,2.4652335267488663,-0.026787460824698066,-0.8,149.56744384765625,0.3333585262298584,7.456169605255127,104.18827668445581,0.00083681233346007,OFFBOARD,1
95.772,GLIDE_APPROACH,5.165369627373771,5.292197300554739,0,3.864,0.0,1,0.8330479860305786,2.45994966742546,-0.030144046806998885,-0.22242177934624058,-0.14833461372182444,2.45994966742546,-0.030144046806998885,-0.8,149.6649169921875,0.33673039078712463,7.423725128173828,104.24227669164976,0.0008368123176890473,OFFBOARD,1
95.808,GLIDE_APPROACH,5.133597094416018,5.254300412533547,0,3.9,0.0,1,0.8330479860305786,2.452611216622206,-0.03463926280156798,-0.2359635657216103,-0.1496401305198908,2.452611216622206,-0.03463926280156798,-0.8,149.74298095703125,0.3392166793346405,7.397812843322754,104.29627672380481,0.0008368123003286168,OFFBOARD,1
95.84,GLIDE_APPROACH,5.111699628152971,5.227688087040011,0,3.932,0.0,1,0.8330479860305786,2.446955057798606,-0.03790190861227907,-0.24921079018130832,-0.15064349899933313,2.446955057798606,-0.03790190861227907,-0.8,149.8211669921875,0.341531902551651,7.37178373336792,104.33827673067236,0.0008368122882388666,OFFBOARD,1
95.872,GLIDE_APPROACH,5.083758411223757,5.1934833697117595,0,3.964,0.0,1,0.8330479860305786,2.4394474013531937,-0.04220719339940492,-0.2628937592315257,-0.15180627194887564,2.4394474013531937,-0.04220719339940492,-0.8,149.8994140625,0.34365952014923096,7.345771312713623,104.39227674517892,0.0008368122708784358,OFFBOARD,1
95.908,GLIDE_APPROACH,5.056227653068283,5.159489368495851,0,4.0,0.0,1,0.8330479860305786,2.4316896492839124,-0.046387676279698406,-0.2766789461722165,-0.15292480506561532,2.4316896492839124,-0.046387676279698406,-0.8,149.9774932861328,0.3455047905445099,7.319834232330322,104.44627673264819,0.000836812255107413,OFFBOARD,1
95.94,GLIDE_APPROACH,5.035240431495721,5.13320882394497,0,4.032,0.0,1,0.8358687162399292,2.4247859320830614,-0.04890330473740687,-0.2902058890807891,-0.15380495041632272,2.4247859320830614,-0.04890330473740687,-0.8,150.0553741455078,0.3470326364040375,7.2939276695251465,104.49427673251495,0.0008368122403823226,OFFBOARD,1
95.976,GLIDE_APPROACH,5.011361544928295,5.103338078286699,0,4.068,0.0,1,0.8358687162399292,2.417593804474306,-0.05241590842739556,-0.30708084641491795,-0.15477181441498966,2.417593804474306,-0.05241590842739556,-0.8,150.1524200439453,0.3484984040260315,7.261702537536621,104.5482767507662,0.000836812223021892,OFFBOARD,1
96.008,GLIDE_APPROACH,4.984836662557027,5.069961014254529,0,4.1,0.0,1,0.8358687162399292,2.4093629333127122,-0.056222029783703845,-0.3211255428501092,-0.1557274854416299,2.4093629333127122,-0.056222029783703845,-0.8,150.22975158691406,0.3493216037750244,7.235952377319336,104.59027675859429,0.0008368122109321416,OFFBOARD,1
96.044,GLIDE_APPROACH,4.961555906918502,5.040495063839804,0,4.136,0.0,1,0.8358687162399292,2.4019344363476876,-0.059472434783292887,-0.3350618903315441,-0.15654338312931995,2.4019344363476876,-0.059472434783292887,-0.8,150.3068389892578,0.3498499393463135,7.210261344909668,104.65027677326054,0.0008368121925257787,OFFBOARD,1
96.072,GLIDE_APPROACH,4.9385494191823405,5.011215265086698,0,4.164,0.0,1,0.8358687162399292,2.3943987115935124,-0.06259979450098475,-0.34918440367774345,-0.15808965550926016,2.3943987115935124,-0.06259979450098475,-0.8,150.38438415527344,0.3548934757709503,7.185011386871338,104.69227678175938,0.0008368121788466207,OFFBOARD,1
96.112,GLIDE_APPROACH,4.912992593459392,4.9784885005554536,0,4.204,0.0,1,0.8358687162399292,2.3857882756101922,-0.06597677522075635,-0.3635855363652639,-0.1596266603290776,2.3857882756101922,-0.06597677522075635,-0.8,150.461669921875,0.3592822551727295,7.159729480743408,104.74627676464341,0.000836812163075598,OFFBOARD,1
96.14,GLIDE_APPROACH,4.887374775605384,4.945969458285941,0,4.232,0.0,1,0.8358687162399292,2.377491744920181,-0.06923654504751865,-0.38124160144506297,-0.1612260941923856,2.377491744920181,-0.06923654504751865,-0.8,150.55789184570312,0.3639419376850128,7.1280903816223145,104.79427675887733,0.0008368121483505075,OFFBOARD,1
96.172,GLIDE_APPROACH,4.868371388330256,4.920827504974049,0,4.264,0.0,1,0.8358687162399292,2.3701197382295507,-0.07163598703423954,-0.39533453364326415,-0.16236828008279092,2.3701197382295507,-0.07163598703423954,-0.8,150.6345977783203,0.36706286668777466,7.102786064147949,104.83627676920466,0.0008368121346713495,OFFBOARD,1
96.208,GLIDE_APPROACH,4.850063297210775,4.895807975000781,0,4.3,0.0,1,0.8358687162399292,2.3620520598501833,-0.07393295864126395,-0.4094414549547789,-0.16341495896048322,2.3620520598501833,-0.07393295864126395,-0.8,150.71107482910156,0.3696926236152649,7.077547550201416,104.87827677127434,0.0008368121225815995,OFFBOARD,1
96.248,GLIDE_APPROACH,4.8224862963395925,4.860243004478406,0,4.34,0.0,1,0.8358687162399292,2.352450415133963,-0.07717207581419182,-0.42442905492781496,-0.16471115918944326,2.352450415133963,-0.07717207581419182,-0.8,150.7873077392578,0.371873140335083,7.05238676071167,104.95027680264066,0.000836812100493964,OFFBOARD,1
96.272,GLIDE_APPROACH,4.797315428754621,4.828424141730718,0,4.364,0.0,1,0.8358687162399292,2.3444605886375496,-0.07997824538871498,-0.4266559769844236,-0.16557537644580175,2.3444605886375496,-0.07997824538871498,-0.8,150.7873077392578,0.371873140335083,7.05238676071167,104.99227683036676,0.0008368120868148058,OFFBOARD,1
96.308,GLIDE_APPROACH,4.776538470834875,4.8003062179789975,0,4.4,0.0,1,0.8358687162399292,2.335636798547097,-0.08229936553770328,-0.4571118187801115,-0.16686234951697118,2.335636798547097,-0.08229936553770328,-0.8,150.95806884765625,0.37525704503059387,6.995769500732422,105.04027684330985,0.0008368120720897154,OFFBOARD,1
96.34,GLIDE_APPROACH,4.755414370851037,4.772327648380005,0,4.432,0.0,1,0.8358687162399292,2.3273967311731414,-0.08454054893726193,-0.468678675539139,-0.16771939106929076,2.3273967311731414,-0.08454054893726193,-0.8,151.01475524902344,0.375945508480072,6.976799964904785,105.08827685774656,0.000836812057364625,OFFBOARD,1
96.372,GLIDE_APPROACH,4.734383140133933,4.744416058451829,0,4.464,0.0,1,0.8358687162399292,2.319124548897362,-0.08677914045462702,-0.4866847202199754,-0.16858813629827138,2.319124548897362,-0.08677914045462702,-0.8,151.10899353027344,0.376677542924881,6.945198059082031,105.13627687965776,0.0008368120426395343,OFFBOARD,1
96.408,GLIDE_APPROACH,4.7107309037008775,4.712978751657094,0,4.5,0.0,1,0.8358687162399292,2.30975850179621,-0.08944950738268687,-0.50191910524176,-0.16949891239519738,2.30975850179621,-0.08944950738268687,-0.8,151.18431091308594,0.37705621123313904,6.919743061065674,105.19627691708946,0.0008368120242331712,OFFBOARD,1
96.44,GLIDE_APPROACH,4.689727770650536,4.685004916103385,0,4.532,0.0,1,0.8358687162399292,2.3013728655899404,-0.091955341698578,-0.5170124275897291,-0.17029915853029723,2.3013728655899404,-0.091955341698578,-0.8,151.25961303710938,0.37729737162590027,6.894350528717041,105.23827693388283,0.0008368120121434209,OFFBOARD,1
96.504,GLIDE_APPROACH,4.668763402707399,4.483401293766774,0,4.596,0.0,1,0.8361366391181946,2.2868025019382254,-0.0914550590429986,-0.5193339928155188,-0.17106386085335035,2.2868025019382254,-0.0914550590429986,-0.8,151.43331909179688,0.38669902086257935,6.836149215698242,105.32827696363783,0.0008368119837391722,OFFBOARD,1
96.528,GLIDE_APPROACH,4.645243200971102,4.625492581586375,0,4.62,0.0,1,0.8361366391181946,2.2771762893748475,-0.09453737985252095,-0.5518790453539808,-0.173549150730959,2.2771762893748475,-0.09453737985252095,-0.8,151.43331909179688,0.38669902086257935,6.836149215698242,105.37027695889371,0.000836811971649422,OFFBOARD,1
96.56,GLIDE_APPROACH,4.6211395351219124,4.593973853601991,0,4.652,0.0,1,0.8361366391181946,2.2682462442809266,-0.09775908608868841,-0.5680737419349525,-0.17506051119070373,2.2682462442809266,-0.09775908608868841,-0.8,151.51023864746094,0.39020031690597534,6.81016206741333,105.4242769792186,0.0008368119542889914,OFFBOARD,1
96.592,GLIDE_APPROACH,4.603634101304336,4.492747940031092,0,4.684,0.0,1,0.8361366391181946,2.259829618712228,-0.1002917581554224,-0.5702338565474775,-0.17572618316316824,2.259829618712228,-0.1002917581554224,-0.8,151.58700561523438,0.3933314383029938,6.784115791320801,105.47227699861301,0.0008368119395639008,OFFBOARD,1
96.628,GLIDE_APPROACH,4.580332111958104,4.538016166287022,0,4.72,0.0,1,0.8361366391181946,2.2500011821310943,-0.10363933284461746,-0.5999217593065086,-0.17765208086446702,2.2500011821310943,-0.10363933284461746,-0.8,151.66360473632812,0.3961084187030792,6.758063316345215,105.52627701355246,0.000836811923792878,OFFBOARD,1
96.66,GLIDE_APPROACH,4.559664438450066,4.510107105732167,0,4.752,0.0,1,0.8361366391181946,2.2412751327242426,-0.10665492592483597,-0.6160563722015032,-0.1788892421574903,2.2412751327242426,-0.10665492592483597,-0.8,151.7400665283203,0.39857015013694763,6.731996059417725,105.5742770236482,0.0008368119090677876,OFFBOARD,1
96.692,GLIDE_APPROACH,4.535755909699514,4.478795541446308,0,4.784,0.0,1,0.8361366391181946,2.2323516332370006,-0.11009026290299181,-0.6327493625473519,-0.1802125074861702,2.2323516332370006,-0.11009026290299181,-0.8,151.81629943847656,0.40072643756866455,6.705949306488037,105.61627704359253,0.0008368118953886295,OFFBOARD,1
96.728,GLIDE_APPROACH,4.515826400253553,4.451062088233057,0,4.82,0.0,1,0.8361366391181946,2.2229424884269413,-0.11310474638744836,-0.6490090252485556,-0.18133918097219742,2.2229424884269413,-0.11310474638744836,-0.8,151.89231872558594,0.4025968313217163,6.679906368255615,105.67027705975416,0.0008368118796176065,OFFBOARD,1
96.76,GLIDE_APPROACH,4.49193140609299,4.419989464886694,0,4.852,0.0,1,0.8361366391181946,2.2142805619090655,-0.1165232168416846,-0.6659649398127017,-0.18258631352332352,2.2142805619090655,-0.1165232168416846,-0.8,151.9681396484375,0.4041830003261566,6.653925895690918,105.71827708796648,0.0008368118648925162,OFFBOARD,1
96.792,GLIDE_APPROACH,4.471281305849501,4.298050040099353,0,4.884,0.0,1,0.8361366391181946,2.2060303779794097,-0.11951407725150187,-0.6690406225588957,-0.18342956748554085,2.2060303779794097,-0.11951407725150187,-0.8,152.0626220703125,0.405788779258728,6.6215362548828125,105.77227713436584,0.0008368118475320859,OFFBOARD,1
96.828,GLIDE_APPROACH,4.451268225769004,4.365138968701691,0,4.92,0.0,1,0.8361366391181946,2.1971680203166772,-0.12244654706757174,-0.702568508718091,-0.18472130753176141,2.1971680203166772,-0.12244654706757174,-0.8,152.13795471191406,0.4067816138267517,6.595657825469971,105.82027717450973,0.0008368118328069955,OFFBOARD,1
96.86,GLIDE_APPROACH,4.430506003952544,4.337918620041403,0,4.952,0.0,1,0.8361366391181946,2.1893697991014536,-0.12535347349531292,-0.7194220895427529,-0.18572044165468754,2.1893697991014536,-0.12535347349531292,-0.8,152.2130584716797,0.40752092003822327,6.5698137283325195,105.86827721856018,0.000836811818081905,OFFBOARD,1
96.892,GLIDE_APPROACH,4.409638988033463,4.310826226345661,0,4.984,0.0,1,0.8361366391181946,2.181849099834238,-0.12820650781420823,-0.7365017023578635,-0.1874658429999025,2.181849099834238,-0.12820650781420823,-0.8,152.28843688964844,0.4122973680496216,6.543935775756836,105.91627725328065,0.0008368118033568147,OFFBOARD,1
96.928,GLIDE_APPROACH,4.385996479293496,4.280489082455941,0,5.02,0.0,1,0.8361366391181946,2.1737576910312613,-0.13134433385102573,-0.7575967058885434,-0.1894187861762217,2.1737576910312613,-0.13134433385102573,-0.8,152.38232421875,0.41746416687965393,6.5115437507629395,105.97627727802876,0.0008368117849504516,OFFBOARD,1
96.96,GLIDE_APPROACH,4.3648263037397035,4.2536518395080165,0,5.052,0.0,1,0.8567926287651062,2.1663453791257106,-0.13468917972913336,-0.771560176365975,-0.1908339662984407,2.1663453791257106,-0.13468917972913336,-0.8,152.43846130371094,0.42017289996147156,6.492053031921387,106.01827727671355,0.0008368117728607016,OFFBOARD,1
96.992,GLIDE_APPROACH,4.340215409559349,4.223610086971658,0,5.084,0.0,1,0.8567926287651062,2.159772463800095,-0.13768381011549705,-0.7931226899723146,-0.19263826290295316,2.159772463800095,-0.13768381011549705,-0.8,152.53170776367188,0.4240909516811371,6.459615230560303,106.07227729467844,0.0008368117555002708,OFFBOARD,1
97.032,GLIDE_APPROACH,4.316040700625897,4.11964261860774,0,5.124,0.0,1,0.8567926287651062,2.15286312772369,-0.14056018690233324,-0.8113473497741651,-0.1942016832070243,2.15286312772369,-0.14056018690233324,-0.8,152.68020629882812,0.4288993775844574,6.407254695892334,106.13827729931063,0.0008368117360479753,OFFBOARD,1
97.06,GLIDE_APPROACH,4.297668504062691,4.170597937373272,0,5.152,0.0,1,0.8567926287651062,2.1471065993527505,-0.1427040255146854,-0.8286172247691013,-0.19544045732023876,2.1471065993527505,-0.1427040255146854,-0.8,152.68020629882812,0.4288993775844574,6.407254695892334,106.16827730608888,0.00083681172605009,OFFBOARD,1
97.092,GLIDE_APPROACH,4.272531776757954,4.141013927045823,0,5.184,0.0,1,0.8567926287651062,2.1417046917563294,-0.14540132785457552,-0.8476463068870633,-0.19779001644868313,2.1417046917563294,-0.14540132785457552,-0.8,152.75579833984375,0.4353066682815552,6.380612850189209,106.22227728723804,0.000836811710279067,OFFBOARD,1
97.128,GLIDE_APPROACH,4.251037101141529,4.114856913332626,0,5.22,0.0,1,0.8567926287651062,2.1360567833156345,-0.14765913132500136,-0.8660889938364302,-0.19985687600797314,2.1360567833156345,-0.14765913132500136,-0.8,152.83102416992188,0.44097524881362915,6.35398006439209,106.27627727982781,0.0008368116929186364,OFFBOARD,1
97.16,GLIDE_APPROACH,4.225518519866219,4.0856028258984916,0,5.252,0.0,1,0.8567926287651062,2.13151426860842,-0.15011320989194127,-0.8890340779840998,-0.20222654591256234,2.13151426860842,-0.15011320989194127,-0.8,152.92459106445312,0.44711652398109436,6.320860385894775,106.31827726770523,0.0008368116808288861,OFFBOARD,1
97.192,GLIDE_APPROACH,4.203105855333951,4.05974831434635,0,5.284,0.0,1,0.8567926287651062,2.1273354725207225,-0.15215780116098035,-0.9079505994364354,-0.20410558150540306,2.1273354725207225,-0.15215780116098035,-0.8,152.9990692138672,0.4513232111930847,6.29424524307251,106.3722772634658,0.0008368116634684554,OFFBOARD,1
97.228,GLIDE_APPROACH,4.177655927842452,4.030836530150067,0,5.32,0.0,1,0.8567926287651062,2.123120061962385,-0.15431395709197265,-0.9276825855598336,-0.20604375637080002,2.123120061962385,-0.15431395709197265,-0.8,153.07322692871094,0.4549514055252075,6.267627716064453,106.42627723329309,0.0008368116476974327,OFFBOARD,1
97.26,GLIDE_APPROACH,4.154810031183421,4.005295820580281,0,5.352,0.0,1,0.8567926287651062,2.1198409545246872,-0.15609605308622576,-0.9470066889871244,-0.20776835357353665,2.1198409545246872,-0.15609605308622576,-0.8,153.1470947265625,0.4580240547657013,6.241188049316406,106.46827721749214,0.0008368116340182749,OFFBOARD,1
97.292,GLIDE_APPROACH,4.135017939651766,3.9830678571828733,0,5.384,0.0,1,0.8567926287651062,2.116877272105172,-0.1575296643109159,-0.9657657192489871,-0.20925588833116238,2.116877272105172,-0.1575296643109159,-0.8,153.2206268310547,0.46057257056236267,6.2147746086120605,106.52227718837311,0.0008368116182472519,OFFBOARD,1
97.328,GLIDE_APPROACH,4.108780023029226,3.954665334273986,0,5.42,0.0,1,0.8567926287651062,2.1142293319163796,-0.1592437731458763,-0.9862024549811678,-0.21099167712243538,2.1142293319163796,-0.1592437731458763,-0.8,153.29391479492188,0.4626244902610779,6.188429832458496,106.5762771881318,0.0008368116008868213,OFFBOARD,1
97.36,GLIDE_APPROACH,4.085192576051874,3.929579396479908,0,5.452,0.0,1,0.8567926287651062,2.1123887925376135,-0.1606213098983682,-1.006194815470079,-0.21252379435816754,2.1123887925376135,-0.1606213098983682,-0.8,153.36692810058594,0.4642272889614105,6.162105560302734,106.62427719164441,0.000836811586161731,OFFBOARD,1
97.392,GLIDE_APPROACH,4.064616308621922,3.816954023974936,0,5.484,0.0,1,0.8567926287651062,2.1108743373374073,-0.16159436845957012,-1.0112884656544339,-0.2135996514861001,2.1108743373374073,-0.16159436845957012,-0.8,153.4578094482422,0.46560004353523254,6.129252910614014,106.67227720397369,0.0008368115714366409,OFFBOARD,1
97.428,GLIDE_APPROACH,4.0341977731580245,3.876896216163412,0,5.52,0.0,1,0.8567926287651062,2.110295511259475,-0.16253612967090947,-1.0512756260135079,-0.21557323519714086,2.110295511259475,-0.16253612967090947,-0.8,153.53012084960938,0.46605783700942993,6.10291862487793,106.72627721995082,0.0008368115556656181,OFFBOARD,1
97.46,GLIDE_APPROACH,4.006501134934122,3.8493749484233546,0,5.552,0.0,1,0.8567926287651062,2.11048607819866,-0.16289587666020128,-1.0729208916044484,-0.21704593962228197,2.11048607819866,-0.16289587666020128,-0.8,153.6021270751953,0.4659700095653534,6.076570510864258,106.76827725132586,0.0008368115419864601,OFFBOARD,1
97.492,GLIDE_APPROACH,3.9817799774375575,3.82511156683148,0,5.584,0.0,1,0.8567926287651062,2.11102735704247,-0.16282015112280152,-1.0978416368565669,-0.21897973192755518,2.11102735704247,-0.16282015112280152,-0.8,153.69300842285156,0.46888789534568787,6.043407917022705,106.82227726500177,0.0008368115262154372,OFFBOARD,1
97.528,GLIDE_APPROACH,3.956881726166179,3.8010270838994176,0,5.62,0.0,1,0.8284898400306702,2.110890634537846,-0.1623832545532254,-1.11575392797477,-0.22070990214785796,2.110890634537846,-0.1623832545532254,-0.8,153.7474365234375,0.4706302285194397,6.023486614227295,106.87627728764589,0.0008368115088550064,OFFBOARD,1
97.564,GLIDE_APPROACH,3.9315312369396493,3.777124947442211,0,5.656,0.0,1,0.8284898400306702,2.1126384959525506,-0.16163527191392724,-1.1376469230143011,-0.22247490526654518,2.1126384959525506,-0.16163527191392724,-0.8,153.81967163085938,0.47231030464172363,5.996899127960205,106.93027730098429,0.0008368114930839835,OFFBOARD,1
97.592,GLIDE_APPROACH,3.9058886475883536,3.753389643658258,0,5.684,0.0,1,0.8284898400306702,2.114948470167485,-0.16057838553470216,-1.1635049015337302,-0.2241676889559673,2.114948470167485,-0.16057838553470216,-0.8,153.90945434570312,0.47344404458999634,5.963720321655273,106.97227731768835,0.0008368114794048258,OFFBOARD,1
97.628,GLIDE_APPROACH,3.8766959299456953,3.726873342793932,0,5.72,0.0,1,0.8284898400306702,2.118188802970801,-0.15904412888832556,-1.1870123932371999,-0.22589241361011647,2.118188802970801,-0.15904412888832556,-0.8,153.9809112548828,0.47362175583839417,5.937222480773926,107.02627730999666,0.0008368114636338029,OFFBOARD,1
97.66,GLIDE_APPROACH,3.8504428421510104,3.7034555188871487,0,5.752,0.0,1,0.8284898400306702,2.121620016555137,-0.1573947939172186,-1.2098855857168824,-0.2273486609075196,2.121620016555137,-0.1573947939172186,-0.8,154.0520477294922,0.47321778535842896,5.91074275970459,107.06227730316657,0.000836811452589985,OFFBOARD,1
97.692,GLIDE_APPROACH,3.823908062629334,3.680168133256447,0,5.784,0.0,1,0.8284898400306702,2.125559496080481,-0.15549656889956995,-1.2331062016245244,-0.2287272231510697,2.125559496080481,-0.15549656889956995,-0.8,154.12290954589844,0.4722663462162018,5.884284973144531,107.12227728109741,0.000836811434183622,OFFBOARD,1
97.728,GLIDE_APPROACH,3.793723970078672,3.6541108811310794,0,5.82,0.0,1,0.8284898400306702,2.130558486874692,-0.1530874362277215,-1.257805448603855,-0.23024402221529272,2.130558486874692,-0.1530874362277215,-0.8,154.19351196289062,0.4708293378353119,5.857679843902588,107.1762772661873,0.0008368114168231914,OFFBOARD,1
97.76,GLIDE_APPROACH,3.7633542879047117,3.6281947900448897,0,5.852,0.0,1,0.8284898400306702,2.135962922035131,-0.15042935781018815,-1.2829154894361754,-0.23169536303806476,2.135962922035131,-0.15042935781018815,-0.8,154.26388549804688,0.4689161777496338,5.831059455871582,107.22427725723111,0.0008368114020981013,OFFBOARD,1
97.792,GLIDE_APPROACH,3.735968331873028,3.6052492377052645,0,5.884,0.0,1,0.8284898400306702,2.1413420785254287,-0.14785200515477293,-1.3110943869526286,-0.23275230744562844,2.1413420785254287,-0.14785200515477293,-0.8,154.3515625,0.4659205675125122,5.797858238220215,107.27227725838242,0.0008368113873730109,OFFBOARD,1
97.828,GLIDE_APPROACH,3.7080839333686146,3.5823749707834733,0,5.92,0.0,1,0.8284898400306702,2.147415672960185,-0.14508928345324068,-1.3360376453071294,-0.2338933920327392,2.147415672960185,-0.14508928345324068,-0.8,154.42147827148438,0.4630969166755676,5.771479606628418,107.32627725557533,0.000836811371601988,OFFBOARD,1
97.86,GLIDE_APPROACH,3.6801397508353215,3.5595774547330303,0,5.952,0.0,1,0.8284898400306702,2.1536475597934754,-0.14218826106139665,-1.3613478326948967,-0.2349823989110833,2.1536475597934754,-0.14218826106139665,-0.8,154.49124145507812,0.45993658900260925,5.745180130004883,107.37427725124974,0.0008368113568768977,OFFBOARD,1
97.892,GLIDE_APPROACH,3.6487176952278553,3.533905178148563,0,5.984,0.0,1,0.8284898400306702,2.1606177565411326,-0.1389020259920344,-1.388601622839473,-0.2369240361672149,2.1606177565411326,-0.1389020259920344,-0.8,154.56207275390625,0.45956265926361084,5.719167232513428,107.42227725173349,0.0008368113421518072,OFFBOARD,1
97.928,GLIDE_APPROACH,3.6199549068558463,3.510961489710657,0,6.02,0.0,1,0.8284898400306702,2.1676536443308927,-0.13601624058962525,-1.4152682123328777,-0.23862953972735368,2.1676536443308927,-0.13601624058962525,-0.8,154.6328125,0.45876172184944153,5.69318962097168,107.47027725529183,0.0008368113274267168,OFFBOARD,1
97.96,GLIDE_APPROACH,3.591277895123258,3.4879142947845505,0,6.052,0.0,1,0.8284898400306702,2.1744630155229316,-0.1332189926603321,-1.4423105152915148,-0.24027799172326278,2.1744630155229316,-0.1332189926603321,-0.8,154.70347595214844,0.45760780572891235,5.6673054695129395,107.51827725074772,0.0008368113127016264,OFFBOARD,1
97.992,GLIDE_APPROACH,3.5623809720017015,3.4647437510000327,0,6.084,0.0,1,0.8039222359657288,2.195274603651675,-0.13738252718701188,-1.4738366826983613,-0.24181017849722655,2.195274603651675,-0.13738252718701188,-0.8,154.79176330566406,0.4557514786720276,5.634944915771484,107.57227725929822,0.000836811295341196,OFFBOARD,1
98.028,GLIDE_APPROACH,3.5296116030756393,3.4385201762771294,0,6.12,0.0,1,0.8039222359657288,2.203187191270261,-0.1344425732148173,-1.5035291977493186,-0.24365289936135895,2.203187191270261,-0.1344425732148173,-0.8,154.86239624023438,0.4539766311645508,5.609052658081055,107.62627726362841,0.0008368112795701732,OFFBOARD,1
98.06,GLIDE_APPROACH,3.500259094775752,3.415066653684932,0,6.152,0.0,1,0.8039222359657288,2.210306948130342,-0.13192876926665567,-1.5322879588150502,-0.24523608063951483,2.210306948130342,-0.13192876926665567,-0.8,154.9330596923828,0.45196378231048584,5.583192825317383,107.67427728286236,0.0008368112648450832,OFFBOARD,1
98.092,GLIDE_APPROACH,3.4707068051706362,3.3914760374739306,0,6.184,0.0,1,0.8039222359657288,2.2175029646787374,-0.1295059985621722,-1.5616300493502884,-0.24680898810653915,2.2175029646787374,-0.1295059985621722,-0.8,155.00375366210938,0.4497285485267639,5.557323932647705,107.72227730924578,0.0008368112501199929,OFFBOARD,1
98.128,GLIDE_APPROACH,3.4372313910484706,3.3647704690132865,0,6.22,0.0,1,0.8039222359657288,2.2256748141681926,-0.1268835265231826,-1.5932996665703743,-0.24864801553348714,2.2256748141681926,-0.1268835265231826,-0.8,155.07447814941406,0.4473024606704712,5.53156042098999,107.77627735443686,0.0008368112327595621,OFFBOARD,1
98.16,GLIDE_APPROACH,3.407281261444248,3.340881342482051,0,6.252,0.0,1,0.8039222359657288,2.232984870580721,-0.12463774526802979,-1.6239210724490962,-0.2502230192237479,2.232984870580721,-0.12463774526802979,-0.8,155.14524841308594,0.44470176100730896,5.505789756774902,107.82427739399908,0.0008368112180344716,OFFBOARD,1
98.192,GLIDE_APPROACH,3.3803597960050595,3.319847376975966,0,6.284,0.0,1,0.8039222359657288,2.2400767884703705,-0.12272132137314262,-1.6578169173735238,-0.2513925836924534,2.2400767884703705,-0.12272132137314262,-0.8,155.23382568359375,0.44122323393821716,5.473706245422363,107.87227743863664,0.0008368112033093811,OFFBOARD,1
98.228,GLIDE_APPROACH,3.343071802218012,3.289629234068316,0,6.32,0.0,1,0.8039222359657288,2.2486047828935507,-0.12010868874767527,-1.693279795582251,-0.2534915415146863,2.2486047828935507,-0.12010868874767527,-0.8,155.30474853515625,0.4382770359516144,5.448005199432373,107.92627748100269,0.0008368111875383585,OFFBOARD,1
98.26,GLIDE_APPROACH,3.3158099146500026,3.2683138521877613,0,6.352,0.0,1,0.8039222359657288,2.2557633504622996,-0.1183226838532972,-1.7243314307678774,-0.25483139988435094,2.2557633504622996,-0.1183226838532972,-0.8,155.37574768066406,0.4351921081542969,5.422274589538574,107.97427751185057,0.000836811172813268,OFFBOARD,1
98.292,GLIDE_APPROACH,3.282001274418592,3.240759242679725,0,6.384,0.0,1,0.8039222359657288,2.263300089028602,-0.11613157484382211,-1.7641761579875403,-0.257270935264145,2.263300089028602,-0.11613157484382211,-0.8,155.46633911132812,0.43443092703819275,5.390675067901611,108.02227752979097,0.0008368111580881774,OFFBOARD,1
98.328,GLIDE_APPROACH,3.2474144260616855,3.212988200120921,0,6.42,0.0,1,0.8039222359657288,2.271509057871232,-0.11401581341497155,-1.796415360419936,-0.2599557436478377,2.271509057871232,-0.11401581341497155,-0.8,155.52093505859375,0.4342065453529358,5.371788501739502,108.07627754332562,0.0008368111407277468,OFFBOARD,1
98.36,GLIDE_APPROACH,3.2165501409811936,3.188128234847912,0,6.452,0.0,1,0.8039222359657288,2.2787392703320872,-0.11221053300804537,-1.8362790001890839,-0.26225135755441004,2.2787392703320872,-0.11221053300804537,-0.8,155.61190795898438,0.4334073066711426,5.340317726135254,108.12427753907744,0.0008368111260026564,OFFBOARD,1
98.392,GLIDE_APPROACH,3.1825361452041685,3.1600935382100226,0,6.484,0.0,1,0.8039222359657288,2.2859408492118303,-0.11028500336224425,-1.8741928857358983,-0.2648083443657518,2.2859408492118303,-0.11028500336224425,-0.8,155.68466186523438,0.43242916464805603,5.3151326179504395,108.16627753196094,0.000836811113912906,OFFBOARD,1
98.428,GLIDE_APPROACH,3.148099676471655,3.1320982230136623,0,6.52,0.0,1,0.8039222359657288,2.293698091516893,-0.1084557351046602,-1.9131400109749608,-0.26739103922216667,2.293698091516893,-0.1084557351046602,-0.8,155.7572479248047,0.4311935603618622,5.290153503417969,108.22027754372422,0.0008368110965524753,OFFBOARD,1
98.46,GLIDE_APPROACH,3.120784164826776,3.110345910219332,0,6.552,0.0,1,0.8039222359657288,2.300391142936825,-0.10709844760518887,-1.9484572187028424,-0.2693585428856697,2.300391142936825,-0.10709844760518887,-0.8,155.82969665527344,0.429738849401474,5.265445232391357,108.27427752868824,0.0008368110807814526,OFFBOARD,1
98.492,GLIDE_APPROACH,3.0904802508670244,3.0855394813256116,0,6.584,0.0,1,0.8039222359657288,2.30700610183724,-0.1056464729678731,-1.986265637910762,-0.271574989798565,2.30700610183724,-0.1056464729678731,-0.8,155.90194702148438,0.4280979335308075,5.240948677062988,108.3222775123784,0.0008368110660563623,OFFBOARD,1
98.528,GLIDE_APPROACH,3.0565219297208364,3.057674334764507,0,6.62,0.0,1,0.7515377402305603,2.3282251225471122,-0.11162708075062261,-2.0271998320424034,-0.2741158154250636,2.3282251225471122,-0.11162708075062261,-0.8,155.97402954101562,0.426277756690979,5.216458320617676,108.37027748760791,0.0008368110513312722,OFFBOARD,1
98.56,GLIDE_APPROACH,3.026429279941125,3.0329318316602247,0,6.652,0.0,1,0.7515377402305603,2.3346560361655126,-0.11037997534531807,-2.066382766787106,-0.2763201082296824,2.3346560361655126,-0.11037997534531807,-0.8,156.04600524902344,0.42430558800697327,5.192009449005127,108.41827745550991,0.0008368110366061816,OFFBOARD,1
98.592,GLIDE_APPROACH,2.9964078910413474,3.0082001650466044,0,6.684,0.0,1,0.7515377402305603,2.3410167477669477,-0.109231355870812,-2.1110690973853514,-0.2783834137460411,2.3410167477669477,-0.109231355870812,-0.8,156.13583374023438,0.4216643273830414,5.16138219833374,108.47227741930054,0.000836811019245751,OFFBOARD,1
98.636,GLIDE_APPROACH,2.9627189544922126,2.908780302601143,0,6.728,0.0,1,0.7515377402305603,2.3480634433294783,-0.1080565304743326,-2.1544389619325197,-0.2809399116248995,2.3480634433294783,-0.1080565304743326,-0.8,156.27911376953125,0.41704046726226807,5.112641334533691,108.53827734827773,0.0008368109997934555,OFFBOARD,1
98.66,GLIDE_APPROACH,2.932856011231176,2.955603564242773,0,6.752,0.0,1,0.7515377402305603,2.354185935009164,-0.10711518780924252,-2.195896457485128,-0.28315442913218036,2.354185935009164,-0.10711518780924252,-0.8,156.27911376953125,0.41704046726226807,5.112641334533691,108.57427730976454,0.0008368109887496376,OFFBOARD,1
98.692,GLIDE_APPROACH,2.9030811051411587,2.930789433306611,0,6.784,0.0,1,0.7515377402305603,2.360147492591768,-0.10626808677329642,-2.238668832354408,-0.2864780820569223,2.360147492591768,-0.10626808677329642,-0.8,156.35260009765625,0.4185628890991211,5.088640213012695,108.62227725475468,0.0008368109740245472,OFFBOARD,1
98.728,GLIDE_APPROACH,2.866649016717977,2.899687905208983,0,6.82,0.0,1,0.7515377402305603,2.36655347687386,-0.10534750584535058,-2.2875682770005983,-0.29043150193441813,2.36655347687386,-0.10534750584535058,-0.8,156.42587280273438,0.41968297958374023,5.064552307128906,108.67627720368895,0.0008368109566641167,OFFBOARD,1
98.76,GLIDE_APPROACH,2.8401295154111277,2.877804759655329,0,6.852,0.0,1,0.7515377402305603,2.3721227870601544,-0.10476951668483157,-2.329524555055818,-0.2933570787030037,2.3721227870601544,-0.10476951668483157,-0.8,156.49899291992188,0.4204416275024414,5.040513515472412,108.71827716184796,0.0008368109445743664,OFFBOARD,1
98.792,GLIDE_APPROACH,2.8106697116448713,2.7614654739514632,0,6.884,0.0,1,0.7515377402305603,2.3773733888258795,-0.10420063714819319,-2.3539412753756372,-0.2964318768325125,2.3773733888258795,-0.10420063714819319,-0.8,156.5902557373047,0.4209243953227997,5.010463237762451,108.77227712465181,0.0008368109272139358,OFFBOARD,1
98.828,GLIDE_APPROACH,2.774619121468269,2.821197217902234,0,6.92,0.0,1,0.7515377402305603,2.3828191028022494,-0.10361380439770745,-2.4318693894820465,-0.3004431016915421,2.3828191028022494,-0.10361380439770745,-0.8,156.66319274902344,0.42099547386169434,4.986477851867676,108.8202770803843,0.0008368109124888457,OFFBOARD,1
98.864,GLIDE_APPROACH,2.748483577343528,2.798986628557674,0,6.9559999999999995,0.0,1,0.7515377402305603,2.387527460424878,-0.10325903426185697,-2.4762062056045555,-0.3032437753845856,2.387527460424878,-0.10325903426185697,-0.8,156.73606872558594,0.42080217599868774,4.962438583374023,108.88027701917154,0.0008368108940824828,OFFBOARD,1
98.892,GLIDE_APPROACH,2.7193444878854174,2.773612169778886,0,6.984,0.0,1,0.7515377402305603,2.392050864624864,-0.10289606149199793,-2.5,-0.3063632883449329,2.392050864624864,-0.10289606149199793,-0.8,156.8088836669922,0.42036065459251404,4.938350200653076,108.9162769796871,0.0008368108830386648,OFFBOARD,1
98.928,GLIDE_APPROACH,2.683444000078121,2.742007410452345,0,7.02,0.0,1,0.7515377402305603,2.397208581023627,-0.1024575598346869,-2.5,-0.3101903116962943,2.397208581023627,-0.1024575598346869,-0.8,156.8996124267578,0.41944941878318787,4.907933712005615,108.97627691747003,0.0008368108646323019,OFFBOARD,1
98.96,GLIDE_APPROACH,2.657435063406845,2.7199144095257997,0,7.052,0.0,1,0.7515377402305603,2.4019062491939254,-0.10213395852938956,-2.5,-0.3130076467023835,2.4019062491939254,-0.10213395852938956,-0.8,156.95391845703125,0.41872337460517883,4.889519691467285,109.0182768793431,0.0008368108525425516,OFFBOARD,1
98.992,GLIDE_APPROACH,2.628403544338956,2.6947432126597324,0,7.084,0.0,1,0.7515377402305603,2.406541280333245,-0.10176584954367802,-2.5,-0.3160144894622293,2.406541280333245,-0.10176584954367802,-0.8,157.04417419433594,0.41724351048469543,4.858743190765381,109.07227686320404,0.0008368108351821211,OFFBOARD,1
99.028,GLIDE_APPROACH,2.595894326033704,2.666489664020589,0,7.12,0.0,1,0.6979242563247681,2.4310990423337047,-0.10915020877463921,-2.5,-0.3195359627827336,2.4310990423337047,-0.10915020877463921,-0.8,157.11614990234375,0.41582849621772766,4.834016799926758,109.12627684014457,0.0008368108194110981,OFFBOARD,1
99.06,GLIDE_APPROACH,2.5671697637590567,2.6414197768645016,0,7.152,0.0,1,0.6979242563247681,2.435483200942926,-0.10875655103761106,-2.5,-0.322607760073812,2.435483200942926,-0.10875655103761106,-0.8,157.18798828125,0.4142126142978668,4.809209823608398,109.1742768200739,0.0008368108046860078,OFFBOARD,1
99.092,GLIDE_APPROACH,2.5386333441024163,2.6163773920358673,0,7.184,0.0,1,0.6979242563247681,2.4396823996128543,-0.10835253184888252,-2.5,-0.32657230280120086,2.4396823996128543,-0.10835253184888252,-0.8,157.26254272460938,0.4152856767177582,4.7846879959106445,109.2282767978244,0.0008368107873255775,OFFBOARD,1
99.128,GLIDE_APPROACH,2.506792127843255,2.5882170057977993,0,7.22,0.0,1,0.6979242563247681,2.4440985727277855,-0.10788854326985126,-2.5,-0.33093469737512576,2.4440985727277855,-0.10788854326985126,-0.8,157.3367462158203,0.41595712304115295,4.760058879852295,109.2762767650473,0.0008368107726004871,OFFBOARD,1
99.172,GLIDE_APPROACH,2.481906628879913,2.4743290860778204,0,7.264,0.0,1,0.6979242563247681,2.4476514924250665,-0.10751694579713691,-2.5,-0.3343450361159908,2.4476514924250665,-0.10751694579713691,-0.8,157.50259399414062,0.41613247990608215,4.704242706298828,109.342276709816,0.0008368107531481917,OFFBOARD,1
99.192,GLIDE_APPROACH,2.447763858131492,2.5349848694335195,0,7.284,0.0,1,0.6979242563247681,2.4510603571191107,-0.10701032903211907,-2.5,-0.3389725593609636,2.4510603571191107,-0.10701032903211907,-0.8,157.50259399414062,0.41613247990608215,4.704242706298828,109.36627669766092,0.0008368107457856466,OFFBOARD,1
99.228,GLIDE_APPROACH,2.4167787505656837,2.5067066836546794,0,7.32,0.0,1,0.6979242563247681,2.45431187290677,-0.10654321631564459,-2.5,-0.3431779496091217,2.45431187290677,-0.10654321631564459,-0.8,157.5760040283203,0.4157079756259918,4.679333686828613,109.42627667343976,0.0008368107273792833,OFFBOARD,1
99.26,GLIDE_APPROACH,2.3863335013731857,2.4783563077968283,0,7.352,0.0,1,0.6979242563247681,2.456828623275874,-0.10608543283539232,-2.5,-0.3473165582699391,2.456828623275874,-0.10608543283539232,-0.8,157.6492156982422,0.41499292850494385,4.654370307922363,109.4742766483438,0.000836810712654193,OFFBOARD,1
99.292,GLIDE_APPROACH,2.368867412509179,2.368396902767661,0,7.384,0.0,1,0.6979242563247681,2.458747424083227,-0.1058092117841658,-2.5,-0.3498773862160917,2.458747424083227,-0.1058092117841658,-0.8,157.74334716796875,0.41745126247406006,4.623037815093994,109.51627662943676,0.000836810698975035,OFFBOARD,1
99.328,GLIDE_APPROACH,2.3324524061443177,2.4276106536580104,0,7.42,0.0,1,0.6979242563247681,2.4606001853506716,-0.10526184007149655,-2.5,-0.3565634782378432,2.4606001853506716,-0.10526184007149655,-0.8,157.7996368408203,0.4185606837272644,4.604132175445557,109.57627658452003,0.000836810680568672,OFFBOARD,1
99.36,GLIDE_APPROACH,2.309221030531092,2.4052661726051947,0,7.452,0.0,1,0.6979242563247681,2.461663000599384,-0.1049027973738765,-2.5,-0.36053249915613633,2.461663000599384,-0.1049027973738765,-0.8,157.87445068359375,0.41966304183006287,4.578818321228027,109.6182765414257,0.0008368106684789217,OFFBOARD,1
99.392,GLIDE_APPROACH,2.2829895237467115,2.379525074990077,0,7.484,0.0,1,0.6979242563247681,2.462258837417758,-0.10446722387084319,-2.5,-0.36496282710832445,2.462258837417758,-0.10446722387084319,-0.8,157.9677276611328,0.42048439383506775,4.547066688537598,109.67227651331207,0.0008368106511184909,OFFBOARD,1
99.428,GLIDE_APPROACH,2.2503746310712627,2.346901210692598,0,7.52,0.0,1,0.6979242563247681,2.462253302237097,-0.10384283508077696,-2.5,-0.37031846309820926,2.462253302237097,-0.10384283508077696,-0.8,158.04234313964844,0.42067059874534607,4.521433353424072,109.72027649550738,0.0008368106363934004,OFFBOARD,1
99.46,GLIDE_APPROACH,2.227648911845557,2.323716087143811,0,7.552,0.0,1,0.6979242563247681,2.46170651703704,-0.10333617659603857,-2.5,-0.37402269197833676,2.46170651703704,-0.10333617659603857,-0.8,158.1170196533203,0.4204655587673187,4.495670318603516,109.77427648070602,0.0008368106206223775,OFFBOARD,1
99.492,GLIDE_APPROACH,2.198583796569674,2.293585334597836,0,7.584,0.0,1,0.6979242563247681,2.460433829611347,-0.1026200245407326,-2.5,-0.37875373308488103,2.460433829611347,-0.1026200245407326,-0.8,158.1917724609375,0.4198787808418274,4.469752788543701,109.81627648031069,0.0008368106069432195,OFFBOARD,1
99.528,GLIDE_APPROACH,2.1730807784466526,2.2664176296684793,0,7.62,0.0,1,0.6979242563247681,2.4584388082458637,-0.10189830840481909,-2.5,-0.3828483027040913,2.4584388082458637,-0.10189830840481909,-0.8,158.26666259765625,0.418926864862442,4.443723678588867,109.87027645474386,0.0008368105911721967,OFFBOARD,1
99.56,GLIDE_APPROACH,2.1477474453363463,2.2389649796522657,0,7.652,0.0,1,0.6715813279151917,2.4559029868570836,-0.1011117514115776,-2.5,-0.3868840798809333,2.4559029868570836,-0.1011117514115776,-0.8,158.34161376953125,0.4176381230354309,4.417586803436279,109.91827643286048,0.0008368105764471062,OFFBOARD,1
99.592,GLIDE_APPROACH,2.1193658626158616,2.2077591132148484,0,7.684,0.0,1,0.6715813279151917,2.470305062959843,-0.10640126737392122,-2.5,-0.3912799060333368,2.470305062959843,-0.10640126737392122,-0.8,158.43545532226562,0.4155580997467041,4.384716033935547,109.97227642530548,0.0008368105590866757,OFFBOARD,1
99.632,GLIDE_APPROACH,2.088374940700329,2.172666024761384,0,7.724,0.0,1,0.6715813279151917,2.465389873995793,-0.10523592773836424,-2.5,-0.39631853453281884,2.465389873995793,-0.10523592773836424,-0.8,158.51065063476562,0.4135536253452301,4.358353614807129,110.0262764092893,0.0008368105433156529,OFFBOARD,1
99.66,GLIDE_APPROACH,2.0669391442901333,2.1478756595239212,0,7.752,0.0,1,0.6715813279151917,2.4613726236278315,-0.10436800735029073,-2.5,-0.39955192991470984,2.4613726236278315,-0.10436800735029073,-0.8,158.58592224121094,0.41128841042518616,4.331957817077637,110.07427639480233,0.0008368105285905625,OFFBOARD,1
99.692,GLIDE_APPROACH,2.046011493196592,2.1228917935176765,0,7.784,0.0,1,0.6715813279151917,2.456517630066794,-0.10345794688108459,-2.5,-0.40358867894912626,2.456517630066794,-0.10345794688108459,-0.8,158.66232299804688,0.41116034984588623,4.306180000305176,110.12227637362588,0.0008368105138654721,OFFBOARD,1
99.728,GLIDE_APPROACH,2.0190985742779097,2.090572086375701,0,7.82,0.0,1,0.6715813279151917,2.450037483105977,-0.1022449354047387,-2.5,-0.4090532728831309,2.450037483105977,-0.1022449354047387,-0.8,158.73907470703125,0.41137510538101196,4.280529975891113,110.17627635565252,0.0008368104965050414,OFFBOARD,1
99.764,GLIDE_APPROACH,1.9954747706168339,2.0616439614058226,0,7.856,0.0,1,0.6715813279151917,2.4436833759946044,-0.10112746219507725,-2.5,-0.41380591109618375,2.4436833759946044,-0.10112746219507725,-0.8,158.8157958984375,0.41115057468414307,4.254858016967773,110.23027633660034,0.0008368104807340187,OFFBOARD,1
99.792,GLIDE_APPROACH,1.9721170753888766,2.032542520455759,0,7.884,0.0,1,0.6715813279151917,2.4368018915902105,-0.09997876582664214,-2.5,-0.4183694656399361,2.4368018915902105,-0.09997876582664214,-0.8,158.9116668701172,0.4103184640407562,4.222699165344238,110.27227634536952,0.0008368104670548608,OFFBOARD,1
99.828,GLIDE_APPROACH,1.946138355394305,1.9996130543119002,0,7.92,0.0,1,0.6715813279151917,2.428473046172302,-0.09865416507716789,-2.5,-0.42351144886318026,2.428473046172302,-0.09865416507716789,-0.8,158.98834228515625,0.40924134850502014,4.196976661682129,110.32627634336589,0.000836810451283838,OFFBOARD,1
99.86,GLIDE_APPROACH,1.923294612947961,1.9701885623139512,0,7.952,0.0,1,0.6715813279151917,2.4205866645240963,-0.0974509380530513,-2.5,-0.42795710152176675,2.4205866645240963,-0.0974509380530513,-0.8,159.06500244140625,0.407835990190506,4.171253681182861,110.37427634004224,0.0008368104365587477,OFFBOARD,1
99.892,GLIDE_APPROACH,1.9006517965394076,1.9404711337306235,0,7.984,0.0,1,0.6715813279151917,2.4121102798344682,-0.09633701747559774,-2.5,-0.4323416650376729,2.4121102798344682,-0.09633701747559774,-0.8,159.1416778564453,0.40614020824432373,4.145504951477051,110.42227632889757,0.0008368104218336572,OFFBOARD,1
99.928,GLIDE_APPROACH,1.8720796766851215,1.902783487941587,0,8.02,0.0,1,0.6715813279151917,2.401180970706786,-0.09519658152037627,-2.5,-0.4381527168270273,2.401180970706786,-0.09519658152037627,-0.8,159.2185821533203,0.40429750084877014,4.119454860687256,110.4762763229533,0.0008368104044732267,OFFBOARD,1
99.96,GLIDE_APPROACH,1.853119140718777,1.8759967162740452,0,8.052,0.0,1,0.6715813279151917,2.3917906538096396,-0.09455933305961013,-2.5,-0.44179622654185335,2.3917906538096396,-0.09455933305961013,-0.8,159.29576110839844,0.40235280990600586,4.093302249908447,110.52427632223176,0.0008368103897481363,OFFBOARD,1
99.992,GLIDE_APPROACH,1.82769641485027,1.841203994096562,0,8.084,0.0,1,0.6715813279151917,2.3805547898416464,-0.09394583399929478,-2.5,-0.44682434358190315,2.3805547898416464,-0.09394583399929478,-0.8,159.39260864257812,0.399800568819046,4.060784816741943,110.57227633175589,0.0008368103750230457,OFFBOARD,1
100.028,GLIDE_APPROACH,1.8063292696497453,1.8098642236647415,0,8.12,0.0,1,0.6715813279151917,2.368585926495057,-0.09357873631923626,-2.5,-0.45117214641546693,2.368585926495057,-0.09357873631923626,-0.8,159.47036743164062,0.397683322429657,4.034747123718262,110.62627634607234,0.0008368103592520228,OFFBOARD,1
100.06,GLIDE_APPROACH,1.7845445861194558,1.778243505907152,0,8.152,0.0,1,0.6715813279151917,2.3567867655053223,-0.09337649552772101,-2.5,-0.45570441969777326,2.3567867655053223,-0.09337649552772101,-0.8,159.54830932617188,0.3955075740814209,4.008694171905518,110.66827637715822,0.0008368103455728649,OFFBOARD,1
100.092,GLIDE_APPROACH,1.7628961240728445,1.746351851493576,0,8.184,0.0,1,0.6715813279151917,2.3444933092755718,-0.09332437213800882,-2.5,-0.46142556752862335,2.3444933092755718,-0.09332437213800882,-0.8,159.62754821777344,0.3957831859588623,3.983137369155884,110.7162763974759,0.0008368103308477745,OFFBOARD,1
100.128,GLIDE_APPROACH,1.7386875753730913,1.7101987974139767,0,8.22,0.0,1,0.6419094800949097,2.3379307754350758,-0.08499056247199434,-2.5,-0.46822704330124415,2.3379307754350758,-0.08499056247199434,-0.8,159.70718383789062,0.39660218358039856,3.9576303958892822,110.77027640622839,0.0008368103150767516,OFFBOARD,1
100.164,GLIDE_APPROACH,1.7146094341732412,1.6738097891984705,0,8.256,0.0,1,0.6419094800949097,2.3231567728596016,-0.08524769768543033,-2.5,-0.475046914293307,2.3231567728596016,-0.08524769768543033,-0.8,159.78684997558594,0.3971264064311981,3.931842088699341,110.82427643863953,0.000836810297716321,OFFBOARD,1
100.192,GLIDE_APPROACH,1.6959569864059612,1.6453801562426622,0,8.284,0.0,1,0.6419094800949097,2.3114150643203835,-0.08554095851192679,-2.5,-0.4804015767821603,2.3114150643203835,-0.08554095851192679,-0.8,159.88641357421875,0.3974020183086395,3.899416446685791,110.86627644587739,0.0008368102856265707,OFFBOARD,1
100.236,GLIDE_APPROACH,1.6687259692903598,1.5250377713826808,0,8.328,0.0,1,0.6419094800949097,2.2952142302308842,-0.08608177828285973,-2.5,-0.48821213830541565,2.2952142302308842,-0.08608177828285973,-0.8,160.04568481445312,0.39705535769462585,3.847186326980591,110.93827645352214,0.0008368102635389353,OFFBOARD,1
100.26,GLIDE_APPROACH,1.6508661408032805,1.576035242616686,0,8.352,0.0,1,0.6419094800949097,2.282297151093671,-0.0865318286749376,-2.5,-0.49335501031999546,2.282297151093671,-0.0865318286749376,-0.8,160.04568481445312,0.39705535769462585,3.847186326980591,110.97427645100585,0.0008368102524951173,OFFBOARD,1
100.292,GLIDE_APPROACH,1.629721037566395,1.5433230727355804,0,8.384,0.0,1,0.6419094800949097,2.2684071794495626,-0.0871121771608043,-2.5,-0.49951503929175284,2.2684071794495626,-0.0871121771608043,-0.8,160.12518310546875,0.39656421542167664,3.8209357261657715,111.02227645470074,0.0008368102377700268,OFFBOARD,1
100.328,GLIDE_APPROACH,1.605975356666335,1.5065107512953664,0,8.42,0.0,1,0.6419094800949097,2.2527110280306757,-0.0878377611217597,-2.5,-0.506562123929869,2.2527110280306757,-0.0878377611217597,-0.8,160.20455932617188,0.39588436484336853,3.7947800159454346,111.0762764773403,0.0008368102204095962,OFFBOARD,1
100.36,GLIDE_APPROACH,1.5848927118371743,1.4738073076990779,0,8.452,0.0,1,0.6419094800949097,2.238757321621632,-0.08854013954137516,-2.5,-0.5128646650641475,2.238757321621632,-0.08854013954137516,-0.8,160.28382873535156,0.39502084255218506,3.768531322479248,111.12427649952582,0.0008368102056845059,OFFBOARD,1
100.392,GLIDE_APPROACH,1.5604647917871683,1.338276466191956,0,8.484,0.0,1,0.6419094800949097,2.2241524693635895,-0.08922662317469644,-2.5,-0.520893181375824,2.2241524693635895,-0.08922662317469644,-0.8,160.3827667236328,0.3936924338340759,3.735591173171997,111.17227652905586,0.0008368101909594155,OFFBOARD,1
100.428,GLIDE_APPROACH,1.5399955018036786,1.404954075713103,0,8.52,0.0,1,0.6419094800949097,2.209986820470667,-0.08957732217098832,-2.5,-0.5263923505288155,2.209986820470667,-0.08957732217098832,-0.8,160.4615020751953,0.3922788202762604,3.7091689109802246,111.220276559535,0.0008368101762343253,OFFBOARD,1
100.46,GLIDE_APPROACH,1.515432829353074,1.3690866965550639,0,8.552,0.0,1,0.6419094800949097,2.1964144133902272,-0.08967255212562887,-2.5,-0.5339901749589769,2.1964144133902272,-0.08967255212562887,-0.8,160.5398712158203,0.39050930738449097,3.682687997817993,111.27427657256705,0.0008368101604633025,OFFBOARD,1
100.492,GLIDE_APPROACH,1.4974640265632795,1.3414221928081518,0,8.584,0.0,1,0.6419094800949097,2.18477366412353,-0.0895259142820902,-2.5,-0.5413822256964982,2.18477366412353,-0.0895259142820902,-0.8,160.62132263183594,0.39235201478004456,3.656262159347534,111.32227657925671,0.000836810145738212,OFFBOARD,1
100.528,GLIDE_APPROACH,1.473378243487479,1.3062747197233748,0,8.62,0.0,1,0.6419094800949097,2.1715019132101214,-0.08905719604580374,-2.5,-0.5509863463214857,2.1715019132101214,-0.08905719604580374,-0.8,160.72213745117188,0.39374062418937683,3.623114585876465,111.37027658144093,0.0008368101310131218,OFFBOARD,1
100.564,GLIDE_APPROACH,1.4518538224956288,1.2753983905234898,0,8.656,0.0,1,0.6419094800949097,2.1602858591782677,-0.08838584681425907,-2.5,-0.5593662119173004,2.1602858591782677,-0.08838584681425907,-0.8,160.78211975097656,0.39412397146224976,3.6030666828155518,111.43027659559819,0.0008368101126067587,OFFBOARD,1
100.592,GLIDE_APPROACH,1.4268654769987117,1.2411075317506695,0,8.684,0.0,1,0.6419094800949097,2.1491340850005165,-0.08735926299231828,-2.5,-0.5691355539460048,2.1491340850005165,-0.08735926299231828,-0.8,160.88128662109375,0.3940763473510742,3.569552421569824,111.46627661011509,0.0008368101015629408,OFFBOARD,1
100.628,GLIDE_APPROACH,1.4057086576748237,1.2109335366454188,0,8.72,0.0,1,0.47089338302612305,2.153885770777687,-0.08591134750760261,-2.5,-0.5773594985087052,2.153885770777687,-0.08591134750760261,-0.8,160.9598846435547,0.39347556233406067,3.542555093765259,111.52627663595452,0.0008368100831565778,OFFBOARD,1
100.664,GLIDE_APPROACH,1.3871284884388175,1.1848084453192564,0,8.756,0.0,1,0.47089338302612305,2.144841336321232,-0.08475659298533625,-2.5,-0.5844892437387628,2.144841336321232,-0.08475659298533625,-0.8,161.0379180908203,0.39242860674858093,3.5155882835388184,111.57427664506803,0.0008368100684314875,OFFBOARD,1
100.692,GLIDE_APPROACH,1.3617164405619102,1.1516762630227197,0,8.784,0.0,1,0.47089338302612305,2.1356006861039156,-0.08306377629904144,-2.5,-0.5945249366013089,2.1356006861039156,-0.08306377629904144,-0.8,161.11534118652344,0.3909444808959961,3.488724708557129,111.62227664391061,0.000836810053706397,OFFBOARD,1
100.728,GLIDE_APPROACH,1.333369749130225,1.1153613209242068,0,8.82,0.0,1,0.47089338302612305,2.1260627096533615,-0.08093549984559055,-2.5,-0.6060387247863603,2.1260627096533615,-0.08093549984559055,-0.8,161.19223022460938,0.3890686333179474,3.461867570877075,111.67627663892739,0.0008368100363459664,OFFBOARD,1
100.76,GLIDE_APPROACH,1.3109694461840815,1.0866574349512206,0,8.852,0.0,1,0.47089338302612305,2.118514441024905,-0.07906429193514655,-2.5,-0.6150253812256637,2.118514441024905,-0.07906429193514655,-0.8,161.26858520507812,0.3868258595466614,3.4350078105926514,111.72427661886849,0.000836810021620876,OFFBOARD,1
100.792,GLIDE_APPROACH,1.2917256171735771,1.0617747980718977,0,8.884,0.0,1,0.47089338302612305,2.1117650073918357,-0.07731671506868942,-2.5,-0.6221759966154202,2.1117650073918357,-0.07731671506868942,-0.8,161.36328125,0.3835773468017578,3.4013073444366455,111.77227659144931,0.0008368100068957856,OFFBOARD,1
100.828,GLIDE_APPROACH,1.2660952060860249,1.0301820858854556,0,8.92,0.0,1,0.47089338302612305,2.104635017294632,-0.07492802071140124,-2.5,-0.6329249094185593,2.104635017294632,-0.07492802071140124,-0.8,161.4384765625,0.3806554973125458,3.3742809295654297,111.82627654487945,0.0008368099911247629,OFFBOARD,1
100.864,GLIDE_APPROACH,1.2397748277199034,0.9990132176108737,0,8.956,0.0,1,0.47089338302612305,2.098835358572233,-0.07240189351565694,-2.5,-0.6442974966134701,2.098835358572233,-0.07240189351565694,-0.8,161.51319885253906,0.37745627760887146,3.3473026752471924,111.88027650621,0.0008368099737643326,OFFBOARD,1
100.892,GLIDE_APPROACH,1.216551971884275,0.8747835891125281,0,8.984,0.0,1,0.47089338302612305,2.093762556093469,-0.07031821464235938,-2.5,-0.6565965419686276,2.093762556093469,-0.07031821464235938,-0.8,161.60997009277344,0.37751397490501404,3.313650369644165,111.9222764581125,0.0008368099616745824,OFFBOARD,1
100.932,GLIDE_APPROACH,1.1905051094775239,0.9408952897382266,0,9.024,0.0,1,0.47089338302612305,2.0882386076763133,-0.0683410288290105,-2.5,-0.6709228557392477,2.0882386076763133,-0.0683410288290105,-0.8,161.66757202148438,0.3773978650569916,3.2934813499450684,111.98227640426099,0.0008368099432682195,OFFBOARD,1
100.96,GLIDE_APPROACH,1.1664012163755177,0.913938529728037,0,9.052,0.0,1,0.47089338302612305,2.084816136369372,-0.06691076661425814,-2.5,-0.6846029387381788,2.084816136369372,-0.06691076661425814,-0.8,161.74388122558594,0.37712863087654114,3.2665677070617676,112.0242763866558,0.0008368099295890616,OFFBOARD,1
100.992,GLIDE_APPROACH,1.1424435245613167,0.8871555170261746,0,9.084,0.0,1,0.47089338302612305,2.0814322814171025,-0.06579878925216154,-2.5,-0.6986468531083969,2.0814322814171025,-0.06579878925216154,-0.8,161.83853149414062,0.37668222188949585,3.232943058013916,112.07227636971633,0.0008368099148639712,OFFBOARD,1
101.028,GLIDE_APPROACH,1.118529788586601,0.8605406603344766,0,9.12,0.0,1,0.47089338302612305,2.078191861265597,-0.06499777315110707,-2.5,-0.7132770323184122,2.078191861265597,-0.06499777315110707,-0.8,161.9136962890625,0.37625351548194885,3.206082582473755,112.12027635886223,0.0008368099001388808,OFFBOARD,1
101.06,GLIDE_APPROACH,1.094076362906164,0.8341619191193307,0,9.152,0.0,1,0.47089338302612305,2.075877764939412,-0.0644846717224072,-2.5,-0.7288754120278041,2.075877764939412,-0.0644846717224072,-0.8,161.98843383789062,0.37578320503234863,3.1792588233947754,112.17427633094033,0.0008368098843678579,OFFBOARD,1
101.092,GLIDE_APPROACH,1.0693808574464785,0.8079840183739063,0,9.184,0.0,1,0.47089338302612305,2.0741025869140186,-0.0642407781900417,-2.5,-0.7471033778843726,2.0741025869140186,-0.0642407781900417,-0.8,162.06463623046875,0.37764906883239746,3.151782274246216,112.2162763168751,0.0008368098706887,OFFBOARD,1
101.128,GLIDE_APPROACH,1.04130032972132,0.7787745251652034,0,9.22,0.0,1,0.47089338302612305,2.0727480730124195,-0.06425671318729616,-2.5,-0.7685244649105698,2.0727480730124195,-0.06425671318729616,-0.8,162.1402587890625,0.37930747866630554,3.1244304180145264,112.2762762850875,0.0008368098522823371,OFFBOARD,1
101.16,GLIDE_APPROACH,1.0160745652253351,0.753024785922916,0,9.252,0.0,1,0.47089338302612305,2.0721157301386794,-0.06449841447528434,-2.5,-0.7887530234170969,2.0721157301386794,-0.06449841447528434,-0.8,162.2153778076172,0.380766361951828,3.097242593765259,112.31827626565556,0.0008368098401925867,OFFBOARD,1
101.192,GLIDE_APPROACH,0.9905962678848801,0.727476648591664,0,9.284,0.0,1,0.47089338302612305,2.072031943087019,-0.06492643779527982,-2.5,-0.8102980442020301,2.072031943087019,-0.06492643779527982,-0.8,162.3085174560547,0.3823242783546448,3.063455104827881,112.37227627072085,0.000836809822832156,OFFBOARD,1
101.228,GLIDE_APPROACH,0.9583484199433172,0.6958601072068085,0,9.32,0.0,1,0.47089338302612305,2.0727921827608826,-0.06568257279959458,-2.5,-0.8384474813878297,2.0727921827608826,-0.06568257279959458,-0.8,162.3824920654297,0.38338252902030945,3.036588668823242,112.42027627555403,0.0008368098081070658,OFFBOARD,1
101.26,GLIDE_APPROACH,0.9355865632679656,0.6738488824308597,0,9.352,0.0,1,0.47089338302612305,2.073691018964822,-0.06634881558689627,-2.5,-0.859609218996263,2.073691018964822,-0.06634881558689627,-0.8,162.4560089111328,0.38427504897117615,3.009845018386841,112.48027627095604,0.0008368097897007028,OFFBOARD,1
101.296,GLIDE_APPROACH,0.9092802924430119,0.6489152660663785,0,9.388,0.0,1,0.47089338302612305,2.0753347841612806,-0.06721811201764512,-2.5,-0.8851236198088991,2.0753347841612806,-0.06721811201764512,-0.8,162.52908325195312,0.3850083351135254,2.983171224594116,112.52827625794579,0.0008368097749756123,OFFBOARD,1
101.328,GLIDE_APPROACH,0.8793572347877903,0.6210860297690506,0,9.42,0.0,1,0.47089338302612305,2.0778379300698084,-0.06832307060778728,-2.5,-0.9157690764878402,2.0778379300698084,-0.06832307060778728,-0.8,162.60174560546875,0.3855867087841034,2.9566478729248047,112.57627624493486,0.000836809760250522,OFFBOARD,1
101.36,GLIDE_APPROACH,0.8492164922981832,0.5935131983272683,0,9.452,0.0,1,0.47089338302612305,2.0809147884499986,-0.0695301926112396,-2.5,-0.9487640315481052,2.0809147884499986,-0.0695301926112396,-0.8,162.6920623779297,0.3861090838909149,2.923596143722534,112.62427624251549,0.0008368097455254319,OFFBOARD,1
101.392,GLIDE_APPROACH,0.8254973220955424,0.5720293462561602,0,9.484,0.0,1,0.47089338302612305,2.0835873193146552,-0.0701843956649971,-2.5,-0.9761751461287694,2.0835873193146552,-0.0701843956649971,-0.8,162.76393127441406,0.38626396656036377,2.8973145484924316,112.6662762409602,0.0008368097334356816,OFFBOARD,1
101.428,GLIDE_APPROACH,0.7952174785852666,0.5443853563976525,0,9.52,0.0,1,0.47089338302612305,2.0867512250969025,-0.07033561362620484,-2.5,-1.0128446718619306,2.0867512250969025,-0.07033561362620484,-0.8,162.83560180664062,0.38576623797416687,2.8713886737823486,112.72027626118197,0.0008368097160752512,OFFBOARD,1
101.46,GLIDE_APPROACH,0.7682866528705944,0.5197337104792265,0,9.552,0.0,1,0.47089338302612305,2.089489410782307,-0.06982898126241846,-2.5,-1.0471091957448004,2.089489410782307,-0.06982898126241846,-0.8,162.90719604492188,0.3845765292644501,2.8458640575408936,112.76827626316984,0.0008368097013501608,OFFBOARD,1
101.492,GLIDE_APPROACH,0.7412469179122912,0.49499941590374513,0,9.584,0.0,1,0.47089338302612305,2.092263939075331,-0.06873575145901345,-2.5,-1.085750617830724,2.092263939075331,-0.06873575145901345,-0.8,162.98074340820312,0.38498812913894653,2.8211402893066406,112.81627625615168,0.0008368096866250705,OFFBOARD,1
101.528,GLIDE_APPROACH,0.7074993758330352,0.46400188942243775,0,9.62,0.0,1,0.47089338302612305,2.0955729591321774,-0.06658410651058375,-2.5,-1.137912245233636,2.0955729591321774,-0.06658410651058375,-0.8,163.0546875,0.38531675934791565,2.7966904640197754,112.87027623630688,0.0008368096708540475,OFFBOARD,1
101.56,GLIDE_APPROACH,0.6831302030986154,0.44216227024344257,0,9.652,0.0,1,0.47089338302612305,2.098614162530061,-0.06461360566028533,-2.5,-1.1776753506918118,2.098614162530061,-0.06461360566028533,-0.8,163.14669799804688,0.38460850715637207,2.7660598754882812,112.91827623549297,0.000836809656128957,OFFBOARD,1
101.592,GLIDE_APPROACH,0.6522929922142825,0.4140958854622175,0,9.684,0.0,1,0.47089338302612305,2.1019372181914315,-0.06154814121400834,-2.5,-1.231654686397587,2.1019372181914315,-0.06154814121400834,-0.8,163.2200927734375,0.3832261562347412,2.741487741470337,112.97227625378221,0.0008368096387685266,OFFBOARD,1
101.628,GLIDE_APPROACH,0.6238828567454504,0.3890159532917444,0,9.72,0.0,0,0.47089338302612305,2.0181279513921044,0.005663405839973559,-2.5,-1.2851377690547023,2.0181279513921044,0.005663405839973559,-0.8,163.29319763183594,0.3811957836151123,2.716766119003296,113.02627626813376,0.0008368096229975037,OFFBOARD,1
101.66,GLIDE_APPROACH,0.5924790037250998,0.36084744033662897,0,9.752,0.0,0,0.47089338302612305,2.0219371949518954,0.009653327620604538,-2.5,-1.3497126955635792,2.0219371949518954,0.009653327620604538,-0.8,163.3662109375,0.3785720467567444,2.6919469833374023,113.07427629420532,0.0008368096082724134,OFFBOARD,1
101.692,GLIDE_APPROACH,0.5670417645347646,0.33885741116547313,0,9.784,0.0,0,0.47089338302612305,2.0259686260036966,0.01302453596217251,-2.5,-1.4058201823691259,2.0259686260036966,0.01302453596217251,-0.8,163.43899536132812,0.37542495131492615,2.6669280529022217,113.12227631228168,0.0008368095935473228,OFFBOARD,1
101.728,GLIDE_APPROACH,0.5346247364521695,0.3106567830130045,0,9.82,0.0,0,0.47089338302612305,2.0308170785579414,0.01768152507538897,-2.5,-1.485645625371484,2.0308170785579414,0.01768152507538897,-0.8,163.51156616210938,0.3718051314353943,2.6418795585632324,113.17027631982374,0.0008368095788222322,OFFBOARD,1
101.76,GLIDE_APPROACH,0.5055230534493237,0.28565104282096443,0,9.852,0.0,0,0.47089338302612305,2.0354404863600863,0.02206626889493773,-2.5,-1.564760265089018,2.0354404863600863,0.02206626889493773,-0.8,163.58395385742188,0.3677544891834259,2.616807699203491,113.21827631763232,0.0008368095640971419,OFFBOARD,1
101.8,GLIDE_APPROACH,0.47615964280430095,0.26076123204799856,0,9.892,0.0,0,0.47089338302612305,2.040384571216645,0.026627052584951846,-2.5,-1.651878807787635,2.040384571216645,0.026627052584951846,-0.8,163.6741943359375,0.36217403411865234,2.5854058265686035,113.28427630811773,0.0008368095430554388,OFFBOARD,1
101.828,GLIDE_APPROACH,0.44282590576100667,0.23298452880107176,0,9.92,0.0,0,0.47089338302612305,2.046365480062853,0.031901643190308505,-2.5,-1.7675375161570102,2.046365480062853,0.031901643190308505,-0.8,163.74623107910156,0.35736575722694397,2.5602474212646484,113.32627628180393,0.0008368095309656888,OFFBOARD,1
