run_id,target_speed,t,x_gt,y_gt,z_gt,vx_gt,vy_gt,vz_gt,speed_gt,roll_gt,pitch_gt,yaw_gt,angular_speed_gt,tag_visible,tag_x_map_visual,tag_y_map_visual,tag_error_x_vs_gt,tag_error_y_vs_gt,yolo_detected,yolo_confidence,yolo_center_x,yolo_center_y
vehicle_motion_0p5,0.5,0.0,10.0,0.0,0.0,0.0,0.0,0.0,0.0,0.0,0.0,0.0,0.0,False,,,,,False,,,
vehicle_motion_0p5,0.5,0.052,10.00000000013012,7.682773671170977e-08,0.04992755344959976,-3.92180786701642e-09,4.7931279431590035e-09,-0.018110213285770525,6.193113306349524e-09,7.62544564398444e-05,-7.69921270852323e-11,-1.0303927528721355e-09,0.01906481779533083,False,,,,,False,,,
vehicle_motion_0p5,0.5,0.104,10.000000000382837,7.697216405192417e-08,0.0499999937956096,5.184064949235469e-09,1.3726581000322868e-09,0.004999403227941911,5.36271569799071e-09,2.9626994633454627e-09,-6.650880111841097e-11,-2.6421999011911817e-09,0.005262760060678266,False,,,,,False,,,
vehicle_motion_0p5,0.5,0.156,10.00000000056061,7.709492913047777e-08,0.04999999628703666,-1.2859188455711498e-13,1.2151291342625764e-12,6.321573646248409e-07,1.2219143528527968e-12,-3.761796875883854e-09,2.8062173696264983e-13,-3.8579753156597715e-09,1.6718577181859557e-06,False,,,,,False,,,
vehicle_motion_0p5,0.5,0.208,10.000000000738378,7.7217681808392e-08,0.04999999651757947,1.9973200160691178e-13,-1.886319096752299e-12,6.636452019149788e-08,1.8968638873778772e-12,-4.783937238628213e-09,-3.1347217006594405e-13,-5.073751822166954e-09,2.4358712870835034e-07,False,,,,,False,,,
vehicle_motion_0p5,0.5,0.26,10.000000000900458,7.73596976300859e-08,0.04992755344959976,-3.921808030693245e-09,4.793127955302068e-09,-0.01811021328577044,6.193113419396435e-09,7.625445643984621e-05,-7.69921317783266e-11,-6.298754738087054e-09,0.019064817795330903,False,,,,,False,,,
vehicle_motion_0p5,0.5,0.312,10.000000001153168,7.75041249748547e-08,0.0499999937956096,5.1840650016357235e-09,1.3726581832990137e-09,0.0049994032279413545,5.3627157699585515e-09,2.962699498581047e-09,-6.650879886882414e-11,-7.910561851421401e-09,0.005262760060673892,False,,,,,False,,,
vehicle_motion_0p5,0.5,0.364,10.000000001330935,7.762689005685915e-08,0.04999999628703666,-1.2859189022991962e-13,1.2151302360406826e-12,6.32157364624841e-07,1.2219154491097936e-12,-3.7617968747192535e-09,2.8062235126846967e-13,-9.126337239945713e-09,1.6718577273118971e-06,False,,,,,False,,,
vehicle_motion_0p5,0.5,0.416,10.000000001508708,7.774964273819622e-08,0.04999999651757947,1.997320045737243e-13,-1.8863190870643596e-12,6.636452019843677e-08,1.896863878056187e-12,-4.783937238874371e-09,-3.134730559896671e-13,-1.0342113720518265e-08,2.4358712872879433e-07,False,,,,,False,,,
vehicle_motion_0p5,0.5,0.468,10.000000001670793,7.789165856338337e-08,0.04992755344959976,-3.921808194332126e-09,4.793127962240962e-09,-0.01811021328577032,6.193113528391579e-09,7.625445643984552e-05,-7.699213521857264e-11,-1.1567116610884826e-08,0.01906481779533094,False,,,,,False,,,
vehicle_motion_0p5,0.5,0.52,10.000000001923508,7.803608591287596e-08,0.0499999937956096,5.184065054589711e-09,1.3726582492185058e-09,0.0049994032279417,5.362715838021426e-09,2.9626995390750112e-09,-6.650879680315107e-11,-1.3178923689228135e-08,0.005262760060668649,False,,,,,False,,,
vehicle_motion_0p5,0.5,0.572,10.000000002101274,7.815885099833884e-08,0.04999999628703666,-1.2859187451183362e-13,1.2151302432404626e-12,6.321573646319465e-07,1.2219154546154545e-12,-3.761796875880807e-09,2.8062268943895776e-13,-1.439469905181166e-08,1.671857737357983e-06,False,,,,,False,,,
vehicle_motion_0p5,0.5,0.624,10.000000002279043,7.828160368325466e-08,0.04999999651757947,1.9973200771003128e-13,-1.886319079096956e-12,6.636452019149788e-08,1.8968638704633153e-12,-4.7839372407151796e-09,-3.134727852782249e-13,-1.5610475506426445e-08,2.4358712965956744e-07,False,,,,,False,,,
vehicle_motion_0p5,0.5,0.676,10.000000002441123,7.842361951190032e-08,0.04992755344959987,-3.921808357610587e-09,4.793127962240962e-09,-0.01811021328576932,6.19311363178817e-09,7.625445643984365e-05,-7.699213903620012e-11,-1.683547837124524e-08,0.01906481779533096,False,,,,,False,,,
vehicle_motion_0p5,0.5,0.728,10.000000002693836,7.856804686603538e-08,0.04999999379560949,5.184065107444877e-09,1.3726583324852326e-09,0.004999403227941441,5.362715910429025e-09,2.962699575123747e-09,-6.650879365085805e-11,-1.8447285414600196e-08,0.005262760060664901,False,,,,,False,,,
vehicle_motion_0p5,0.5,0.78,10.000000002871607,7.86908119550202e-08,0.04999999628703655,-1.285918881785117e-13,1.2151291452740048e-12,6.321573646317799e-07,1.2219143641841879e-12,-3.7617968736465326e-09,2.806212387727251e-13,-1.9663060751233946e-08,1.6718577464848786e-06,False,,,,,False,,,
vehicle_motion_0p5,0.5,0.832,10.000000003049381,7.881356464337249e-08,0.04999999651757936,1.9973201078900432e-13,-1.8863190706266265e-12,6.636452019843677e-08,1.8968638623642756e-12,-4.783937239878039e-09,-3.134727114752895e-13,-2.0878837179902835e-08,2.4358712967219877e-07,False,,,,,False,,,
vehicle_motion_0p5,0.5,0.884,10.000000003211463,7.895558047563676e-08,0.04992755344959976,-3.921808521374162e-09,4.7931279726493026e-09,-0.01811021328577015,6.193113743547441e-09,7.625445643984614e-05,-7.699214306823052e-11,-2.2103840019153416e-08,0.01906481779533107,False,,,,,False,,,
vehicle_motion_0p5,0.5,0.936,10.000000003464173,7.910000783436348e-08,0.04999999379560971,5.18406516027051e-09,1.3726584018741717e-09,0.00499940322794163,5.362715979255871e-09,2.9626996143031166e-09,-6.65087907652e-11,-2.371564702751762e-08,0.005262760060660727,False,,,,,False,,,
vehicle_motion_0p5,0.5,0.988,10.000000003641938,7.922277292690593e-08,0.049999996287036774,-1.2859188979316825e-13,1.2151304583868312e-12,6.321573646316134e-07,1.2219156701753067e-12,-3.761796875299122e-09,2.8062247301030275e-13,-2.4931422338201153e-08,1.671857756527432e-06,False,,,,,False,,,
vehicle_motion_0p5,0.5,1.04,10.000000003626253,7.924202100084607e-08,0.04992755344959976,0.0,0.0,0.0,0.0,7.625445643984532e-05,-7.699214503343067e-11,-2.4940650090687922e-08,0.0,False,,,,,False,,,
vehicle_motion_0p5,0.5,1.092,10.000000003626253,7.924202100084607e-08,0.04992755344959976,0.0,0.0,0.0,0.0,7.625445643984532e-05,-7.699214503343067e-11,-2.4940650090687922e-08,0.0,False,,,,,False,,,
vehicle_motion_0p5,0.5,1.144,10.000000003626253,7.924202100084607e-08,0.04992755344959976,0.0,0.0,0.0,0.0,7.625445643984532e-05,-7.699214503343067e-11,-2.4940650090687922e-08,0.0,False,,,,,False,,,
vehicle_motion_0p5,0.5,1.196,10.000000003626253,7.924202100084607e-08,0.04992755344959976,0.0,0.0,0.0,0.0,7.625445643984532e-05,-7.699214503343067e-11,-2.4940650090687922e-08,0.0,False,,,,,False,,,
vehicle_motion_0p5,0.5,1.248,10.000000003626253,7.924202100084607e-08,0.04992755344959976,0.0,0.0,0.0,0.0,7.625445643984532e-05,-7.699214503343067e-11,-2.4940650090687922e-08,0.0,False,,,,,False,,,
vehicle_motion_0p5,0.5,1.3,10.000000003626253,7.924202100084607e-08,0.04992755344959976,0.0,0.0,0.0,0.0,7.625445643984532e-05,-7.699214503343067e-11,-2.4940650090687922e-08,0.0,False,,,,,False,,,
vehicle_motion_0p5,0.5,1.3519999999999999,10.000000003626253,7.924202100084607e-08,0.04992755344959976,0.0,0.0,0.0,0.0,7.625445643984532e-05,-7.699214503343067e-11,-2.4940650090687922e-08,0.0,False,,,,,False,,,
vehicle_motion_0p5,0.5,1.404,10.000000003626253,7.924202100084607e-08,0.04992755344959976,0.0,0.0,0.0,0.0,7.625445643984532e-05,-7.699214503343067e-11,-2.4940650090687922e-08,0.0,False,,,,,False,,,
vehicle_motion_0p5,0.5,1.456,10.000000003626253,7.924202100084607e-08,0.04992755344959976,0.0,0.0,0.0,0.0,7.625445643984532e-05,-7.699214503343067e-11,-2.4940650090687922e-08,0.0,False,,,,,False,,,
vehicle_motion_0p5,0.5,1.508,10.000000003626253,7.924202100084607e-08,0.04992755344959976,0.0,0.0,0.0,0.0,7.625445643984532e-05,-7.699214503343067e-11,-2.4940650090687922e-08,0.0,False,,,,,False,,,
vehicle_motion_0p5,0.5,1.56,10.000000003626253,7.924202100084607e-08,0.04992755344959976,0.0,0.0,0.0,0.0,7.625445643984532e-05,-7.699214503343067e-11,-2.4940650090687922e-08,0.0,False,,,,,False,,,
vehicle_motion_0p5,0.5,1.612,10.000000003626253,7.924202100084607e-08,0.04992755344959976,0.0,0.0,0.0,0.0,7.625445643984532e-05,-7.699214503343067e-11,-2.4940650090687922e-08,0.0,False,,,,,False,,,
vehicle_motion_0p5,0.5,1.6640000000000001,10.000000003626253,7.924202100084607e-08,0.04992755344959976,0.0,0.0,0.0,0.0,7.625445643984532e-05,-7.699214503343067e-11,-2.4940650090687922e-08,0.0,False,,,,,False,,,
vehicle_motion_0p5,0.5,1.716,10.000000003626253,7.924202100084607e-08,0.04992755344959976,0.0,0.0,0.0,0.0,7.625445643984532e-05,-7.699214503343067e-11,-2.4940650090687922e-08,0.0,False,,,,,False,,,
vehicle_motion_0p5,0.5,1.768,10.000000003626253,7.924202100084607e-08,0.04992755344959976,0.0,0.0,0.0,0.0,7.625445643984532e-05,-7.699214503343067e-11,-2.4940650090687922e-08,0.0,False,,,,,False,,,
vehicle_motion_0p5,0.5,1.8199999999999998,10.000000003626253,7.924202100084607e-08,0.04992755344959976,0.0,0.0,0.0,0.0,7.625445643984532e-05,-7.699214503343067e-11,-2.4940650090687922e-08,0.0,False,,,,,False,,,
vehicle_motion_0p5,0.5,1.8719999999999999,10.000000003626253,7.924202100084607e-08,0.04992755344959976,0.0,0.0,0.0,0.0,7.625445643984532e-05,-7.699214503343067e-11,-2.4940650090687922e-08,0.0,False,,,,,False,,,
vehicle_motion_0p5,0.5,1.924,10.000000003785853,7.930785259158584e-08,0.04999999651813025,1.8763717734832555e-13,-1.758297700129853e-12,1.9815138725847944e-06,1.7682812311974521e-12,-4.78605672966155e-09,1.848109160360077e-10,-2.5724982224677188e-08,2.7405086123593196e-06,False,,,,,False,,,
vehicle_motion_0p5,0.5,1.976,10.00000000404276,7.944689163296042e-08,0.04999999628719842,-1.4352495537344908e-13,1.3561926437162514e-12,7.032526915171392e-07,1.3637660722004435e-12,-3.763019128481543e-09,2.0090028466268508e-10,-2.6888728057408667e-08,1.8051023656448122e-06,False,,,,,False,,,
vehicle_motion_0p5,0.5,2.028,10.000000004231016,7.956358089196685e-08,0.04992756180854352,3.26601274045029e-09,6.645859121703901e-09,-0.018108123819739814,7.405017399460893e-09,7.624549358344056e-05,5.031327697417073e-10,-2.765232246225921e-08,0.019062577652411483,False,,,,,False,,,
vehicle_motion_0p5,0.5,2.08,10.00000000448718,7.967668431125864e-08,0.04999998872570499,9.662510811834964e-11,-5.321578859626955e-10,-1.862285522737429e-06,5.408589715546632e-10,5.861966072218334e-09,-2.1542949749138044e-09,-2.881738779364485e-08,2.46408773100133e-06,False,,,,,False,,,
vehicle_motion_0p5,0.5,2.132,10.00000000476192,7.981992868073592e-08,0.04999999344935069,5.183221241576799e-09,1.3686338277973942e-09,0.004999218967081369,5.360871290538907e-09,3.609404202388378e-09,1.7940549355053e-10,-2.996951766640466e-08,0.0052623189202629355,False,,,,,False,,,
vehicle_motion_0p5,0.5,2.184,10.00000000495115,7.991307493543412e-08,0.049999996518171885,1.8195103162088028e-13,-1.7057111630830511e-12,1.9406076889278065e-06,1.7153882212997842e-12,-4.786471470080971e-09,2.5949074848541393e-10,-3.0733424128223e-08,2.700201404026039e-06,False,,,,,False,,,
vehicle_motion_0p5,0.5,2.2359999999999998,10.00000000523782,8.005919045168092e-08,0.04999999628725793,-1.489983523980153e-13,1.4078637264001439e-12,7.292567630389309e-07,1.4157262380596831e-12,-3.763467123545355e-09,2.7439168118362216e-10,-3.187777992356533e-08,1.8533412881397142e-06,False,,,,,False,,,
vehicle_motion_0p5,0.5,2.288,10.0000000054581,8.018329933274268e-08,0.049927561627705286,5.764292613762454e-09,7.289791957576508e-09,-0.018108169039595282,9.293445869096325e-09,7.624562716913387e-05,7.047419588021116e-10,-3.262049701644458e-08,0.01906261117107605,False,,,,,False,,,
vehicle_motion_0p5,0.5,2.34,10.000000005734083,8.030063613436592e-08,0.04999998888677348,1.0877123576448161e-10,-5.990511306384116e-10,-1.822448554452692e-06,6.088459894331996e-10,5.715564037921402e-09,-2.007583369570916e-09,-3.377262441862316e-08,2.4248189039585284e-06,False,,,,,False,,,
vehicle_motion_0p5,0.5,2.392,10.000000006040796,8.045157641524764e-08,0.04999999332323124,5.18326756157936e-09,1.3663938158020583e-09,0.004999157361056482,5.3603446414184e-09,3.845966670522984e-09,2.6883481785763515e-10,-3.490392835464338e-08,0.005262171805751701,False,,,,,False,,,
vehicle_motion_0p5,0.5,2.444,10.000000006249849,8.054895010212886e-08,0.04999999651863285,1.197362785800562e-13,-1.1191539473210104e-12,1.9004560409303057e-06,1.1255409073918192e-12,-4.79119271256622e-09,3.484994340896133e-10,-3.5654893113655833e-08,2.662452000248424e-06,False,,,,,False,,,
vehicle_motion_0p5,0.5,2.496,10.000000006568499,8.070275810684738e-08,0.04999999628741658,-1.6778019735955147e-13,1.5852960845281035e-12,7.608836597158363e-07,1.5941498895167123e-12,-3.7649332233223346e-09,3.633160254399522e-10,-3.67784231885144e-08,1.9134179526815084e-06,False,,,,,False,,,
vehicle_motion_0p5,0.5,2.548,10.000000006820494,8.083415932297458e-08,0.04992756144919197,8.738437166553709e-09,8.056291619928935e-09,-0.018108213799098605,1.1885458290665294e-08,7.624574749218389e-05,9.447540787507452e-10,-3.750046009433357e-08,0.01906264261608106,False,,,,,False,,,
vehicle_motion_0p5,0.5,2.6,10.000000007116613,8.095579660077572e-08,0.04999998908161474,1.2346403936426425e-10,-6.799698293705337e-10,-1.774285933190783e-06,6.91087793171268e-10,5.538463879533381e-09,-1.8301094968174801e-09,-3.863944233553054e-08,2.3776467405130225e-06,False,,,,,False,,,
vehicle_motion_0p5,0.5,2.652,10.00000000745498,8.111435257429914e-08,0.049999993216983785,5.183281556966492e-09,1.3641005521328187e-09,0.004999095199172847,5.359774063812583e-09,4.047829100480128e-09,3.438734475180073e-10,-3.9750129126864426e-08,0.0052620197491205405,False,,,,,False,,,
vehicle_motion_0p5,0.5,2.7039999999999997,10.000000007684177,8.12160238385412e-08,0.04999999651886622,8.786431734071189e-14,-8.194094194164672e-13,1.851804015638745e-06,8.241067496933762e-13,-4.793597168374383e-09,4.220444616385254e-10,-4.048794431069227e-08,2.614217921821896e-06,False,,,,,False,,,
vehicle_motion_0p5,0.5,2.7560000000000002,10.000000009055414,8.351438628542514e-08,0.04999999628763663,-1.8651590843173305e-13,1.7674413966550242e-12,2.0777982214799734e-06,1.7772555456962224e-12,-3.766752402747818e-09,4.379752076626785e-10,-4.191712011913515e-08,2.546455067651696e-06,False,,,,,False,,,
vehicle_motion_0p5,0.5,2.808,10.000000012597296,8.813850873355889e-08,0.04992756043389901,3.156180024085322e-07,6.166003832346056e-08,-0.018108467569375165,3.2158464479885055e-07,7.624533129280998e-05,4.148913654060717e-09,-4.288081888998067e-08,0.019062539263727647,False,,,,,False,,,
vehicle_motion_0p5,0.5,2.86,10.000000016145357,9.470771562379871e-08,0.049999989245815946,1.3577578802521732e-10,-7.477752109050949e-10,-1.7337495238944437e-06,7.600018622727366e-10,5.389183150437042e-09,-1.6808586030857366e-09,-4.4918304606824717e-08,2.3380259295922165e-06,False,,,,,False,,,
vehicle_motion_0p5,0.5,2.912,10.000000019771873,9.932253082197959e-08,0.049999996519067835,6.414296525879382e-14,-5.961393382347766e-13,1.8192433933788756e-06,5.995802119676635e-13,-4.7954167686882845e-09,4.813506005696493e-10,-4.585614139420234e-08,2.58253121611139e-06,False,,,,,False,,,
vehicle_motion_0p5,0.5,2.964,10.000000019775767,9.930105641413822e-08,0.04999998931077043,1.4066231992542202e-10,-7.746898112615171e-10,-1.7754936499389048e-06,7.873564579777109e-10,5.330050150740836e-09,-1.6216727867948783e-09,-4.585228273289398e-08,2.5732228462867857e-06,False,,,,,False,,,
vehicle_motion_0p5,0.5,3.016,10.000000019779167,9.928229942525202e-08,0.04999999651915554,5.2198197533836826e-14,-4.83750604551091e-13,1.8030324149044613e-06,4.865586287687512e-13,-4.796320464172946e-09,5.110038599739916e-10,-4.5848912978890005e-08,2.56678422401078e-06,False,,,,,False,,,
vehicle_motion_0p5,0.5,3.068,10.000000019783208,9.926001610769784e-08,0.049999989375701936,1.4556181444817456e-10,-8.016730783218423e-10,-1.7594494547455473e-06,8.147809314972114e-10,5.271038574654927e-09,-1.5625202338860142e-09,-4.584490809909718e-08,2.557702103916756e-06,False,,,,,False,,,
vehicle_motion_0p5,0.5,3.12,10.000000019786734,9.92405628638387e-08,0.04999999651924125,4.0711372719038274e-14,-3.756590718732172e-13,1.7868205858923187e-06,3.7785864307875166e-13,-4.7972037134311445e-09,5.406566125439793e-10,-4.584141227892547e-08,2.551035946948427e-06,False,,,,,False,,,
vehicle_motion_0p5,0.5,3.176,10.000000019790916,9.921752685668266e-08,0.04999998944063344,1.5046130025289343e-10,-8.286563526065114e-10,-1.7434038177030288e-06,8.422054105673498e-10,5.2120270161132104e-09,-1.503367684596764e-09,-4.5837271266126674e-08,2.542173458036958e-06,False,,,,,False,,,
vehicle_motion_0p5,0.5,3.228,10.000000019795175,9.919406362231861e-08,0.04999998947180062,1.5281306131512494e-10,-8.416083249919398e-10,-1.7357018098900703e-06,8.553691626451346e-10,5.183701465607222e-09,-1.4749744595009358e-09,-4.583305337153893e-08,2.53472117297595e-06,False,,,,,False,,,
vehicle_motion_0p5,0.5,3.2800000000000002,10.000000019798888,9.917358322077705e-08,0.04999999651936493,2.3835021097642965e-14,-2.167253818001171e-13,1.7621775310799705e-06,2.1803210623009545e-13,-4.798479427981514e-09,5.857271396291124e-10,-4.582937156194598e-08,2.5271021100403867e-06,False,,,,,False,,,
vehicle_motion_0p5,0.5,3.332,10.000000019803283,9.914931646901717e-08,0.049999989536732126,1.577125405508386e-10,-8.685916011866682e-10,-1.7196559509945794e-06,8.827936424210473e-10,5.1246899099276405e-09,-1.4158219105664856e-09,-4.582500812512767e-08,2.5192007573283985e-06,False,,,,,False,,,
vehicle_motion_0p5,0.5,3.384,10.000000019807116,9.912819164673007e-08,0.04999999651944631,1.271665593253739e-14,-1.121450185878381e-13,1.745964979665033e-06,1.1286371663281825e-13,-4.799318817867304e-09,6.153788033432297e-10,-4.5821209564418e-08,2.5113657649827637e-06,False,,,,,False,,,
vehicle_motion_0p5,0.5,3.436,10.000000019811656,9.910317211127142e-08,0.04999998960166363,1.6261202688722947e-10,-8.955748774576296e-10,-1.7036100921108864e-06,9.102181235405179e-10,5.0656783500409145e-09,-1.356669360284413e-09,-4.581671000293172e-08,2.503687444022449e-06,False,,,,,False,,,
vehicle_motion_0p5,0.5,3.492,10.00000001981628,9.907770898612228e-08,0.049999989635428066,1.651597681508827e-10,-9.09606182977301e-10,-1.695266268928575e-06,9.244788570466004e-10,5.034992341936229e-09,-1.3259100336287369e-09,-4.5812130373977204e-08,2.495623392680065e-06,False,,,,,False,,,
vehicle_motion_0p5,0.5,3.544,10.000000019820298,9.905557442879439e-08,0.04999999651961051,-9.581417211928188e-15,9.794617247048756e-14,1.7219813348770326e-06,9.841369954131145e-14,-4.801010002682954e-09,6.746815517987825e-10,-4.5808148915771765e-08,2.4889503935676634e-06,False,,,,,False,,,
vehicle_motion_0p5,0.5,3.596,10.000000019825059,9.902930698575543e-08,0.04999998973153141,1.7241064021983585e-10,-9.495394248375147e-10,-1.6715176665441614e-06,9.65065048678985e-10,4.9476495144025394e-09,-1.2383622123466985e-09,-4.580342381744486e-08,2.4726852647738167e-06,False,,,,,False,,,
vehicle_motion_0p5,0.5,3.648,10.000000019829203,9.900647170245342e-08,0.04999999651969245,-2.0837071171190635e-14,2.0370459185866492e-13,1.6973268505938775e-06,2.047675371715412e-13,-4.801855713150633e-09,7.043345337784278e-10,-4.5799315530373296e-08,2.464206829147886e-06,False,,,,,False,,,
vehicle_motion_0p5,0.5,3.7,10.000000019834122,9.897939949012383e-08,0.049999989796458255,1.7731049301634925e-10,-9.765247057023665e-10,-1.6554731257177538e-06,9.924915676119342e-10,4.88864367252895e-09,-1.1792117096271968e-09,-4.579444500338419e-08,2.4571972340391574e-06,False,,,,,False,,,
vehicle_motion_0p5,0.5,3.752,10.000000019838385,9.895591982180152e-08,0.049999996519774825,-3.2075316062288165e-14,3.094781873244e-13,1.6811142329572593e-06,3.111359418808635e-13,-4.802704784483204e-09,7.339861669316254e-10,-4.5790219962010154e-08,2.448504410368741e-06,False,,,,,False,,,
vehicle_motion_0p5,0.5,3.8040000000000003,10.00000001984343,9.892809485701586e-08,0.04999998986138976,1.8220998088359335e-10,-1.0035079778830058e-09,-1.6394275162869078e-06,1.019916044980389e-09,4.829632108554242e-09,-1.1200591594172243e-09,-4.5785213307580494e-08,2.441716122704171e-06,False,,,,,False,,,
vehicle_motion_0p5,0.5,3.856,10.000000019847812,9.890391446326445e-08,0.049999996519857204,-4.331711049789072e-14,4.1530025912098114e-13,1.6649032313137494e-06,4.175532029428592e-13,-4.803554184790097e-09,7.636380799119205e-10,-4.578086143716819e-08,2.4328124688594565e-06,False,,,,,False,,,
vehicle_motion_0p5,0.5,3.908,10.000000019853013,9.887528473919617e-08,0.049999989926321264,1.8710948330434578e-10,-1.0304912525052176e-09,-1.6233819067500653e-06,1.0473405273511531e-09,4.7706205475421296e-09,-1.0609066080145145e-09,-4.577570935551161e-08,2.426242857824271e-06,False,,,,,False,,,
vehicle_motion_0p5,0.5,3.96,10.000000019857522,9.885045996200687e-08,0.04999999651993958,-5.4545308307684396e-14,5.211230773653471e-13,1.6486909527961106e-06,5.23969896483672e-13,-4.804403582110047e-09,7.93289992697642e-10,-4.577124073070321e-08,2.4171274365646797e-06,False,,,,,False,,,
vehicle_motion_0p5,0.5,4.012,10.000000019862854,9.882107748640288e-08,0.04999998999125277,1.9200896570849207e-10,-1.0574745281478923e-09,-1.607336297384449e-06,1.0747650071499594e-09,4.711608983456643e-09,-1.0017540587017504e-09,-4.5765952521567895e-08,2.410777545443152e-06,False,,,,,False,,,
vehicle_motion_0p5,0.5,4.064,10.000000019867482,9.879555198408767e-08,0.04999999652002196,-6.574789289994428e-14,6.265768094732764e-13,1.6324786016127456e-06,6.300168915120396e-13,-4.805253006254856e-09,8.229419054967897e-10,-4.576135706761889e-08,2.40145037311879e-06,False,,,,,False,,,
vehicle_motion_0p5,0.5,4.116,10.000000019872957,9.876536474361704e-08,0.049999990056184385,1.9690845431657235e-10,-1.08445780536986e-09,-1.591290605014041e-06,1.102189489610999e-09,4.652597426313018e-09,-9.42601507862188e-10,-4.5755923431748795e-08,2.3953194094443558e-06,False,,,,,False,,,
vehicle_motion_0p5,0.5,4.168,10.000000019886805,9.874246360617522e-08,0.049999996522668066,5.696920499730436e-10,2.049450102718162e-10,1.6168681420053e-06,6.054349585527776e-10,-4.926419714366044e-09,2.7644875595927977e-09,-4.574814757570805e-08,2.5442082534188264e-06,False,,,,,False,,,
vehicle_motion_0p5,0.5,4.22,10.000000019906999,9.871178056804069e-08,0.04999999010216638,2.559430746189216e-10,-1.4096013790464954e-09,-1.5811777211887386e-06,1.432648912069935e-09,4.7174717719279674e-09,-8.844174980227671e-10,-4.573708058518135e-08,2.5852261464775153e-06,False,,,,,False,,,
vehicle_motion_0p5,0.5,4.272,10.000071134995828,9.868620117231439e-08,0.04999999651972986,0.003947035482603012,-2.622139512578742e-10,1.5999650115707024e-06,0.003947035482603021,-4.046021785363205e-09,8.714202485542129e-10,-4.572777332439587e-08,2.149987156557638e-06,False,,,,,False,,,
vehicle_motion_0p5,0.5,4.324,10.000555324452375,9.866055975228866e-08,0.049999990159128704,0.015327304275762952,-6.671401392660538e-10,-1.56543952600906e-06,0.015327304275762966,4.383262765068578e-09,-9.032832468218716e-10,-4.5720241626746607e-08,2.141845844667299e-06,False,,,,,False,,,
vehicle_motion_0p5,0.5,4.376,10.001815544640476,9.863742300383093e-08,0.049999996518448,0.033055905555313035,-2.6283208597011835e-10,1.5982930696095494e-06,0.033055905555313035,-4.04057839405109e-09,8.701468016051004e-10,-4.5713760653182136e-08,2.139801280728588e-06,False,,,,,False,,,
vehicle_motion_0p5,0.5,4.428,10.004150901621319,9.861295042678274e-08,0.049999990160447316,0.05573609658266983,-6.464474521517706e-10,-1.556886424499893e-06,0.05573609658266983,4.3751806208639914e-09,-9.022651184931418e-10,-4.57066251376326e-08,2.1258066069791956e-06,False,,,,,False,,,
vehicle_motion_0p5,0.5,4.48,10.007760754699596,9.859008162633195e-08,0.04999999648601683,0.08164340756176777,-2.5972644342920147e-10,1.590541347720217e-06,0.08164340756176777,-3.984899407362016e-09,8.69546887874176e-10,-4.570022166981641e-08,2.126583214218479e-06,False,,,,,False,,,
vehicle_motion_0p5,0.5,4.532,10.012786544019002,9.85656501815688e-08,0.049999990160447316,0.10972280749009743,-6.464474525831221e-10,-1.556886424562343e-06,0.10972280749009743,4.37518062195424e-09,-9.022651182930538e-10,-4.569309298468532e-08,2.1258066071515604e-06,False,,,,,False,,,
vehicle_motion_0p5,0.5,4.584,10.019304962969029,9.85427813811266e-08,0.04999999648601683,0.13886754575199298,-2.59726443462024e-10,1.5905413476855226e-06,0.13886754575199298,-3.984899407864939e-09,8.695468869348954e-10,-4.5686689516872145e-08,2.1265832141191813e-06,False,,,,,False,,,
vehicle_motion_0p5,0.5,4.636,10.02735170691393,9.851834993637823e-08,0.049999990160447316,0.16836882118332777,-6.464474520801963e-10,-1.5568864245066652e-06,0.16836882118332777,4.375180621170758e-09,-9.022651184817576e-10,-4.567956083174611e-08,2.125806606995326e-06,False,,,,,False,,,
vehicle_motion_0p5,0.5,4.688,10.036911553566192,9.849548113593884e-08,0.04999999648601683,0.19704751494510847,-2.5972644343343663e-10,1.590541347685689e-06,0.19704751494510847,-3.984899408375313e-09,8.695468866901914e-10,-4.5673157363934034e-08,2.126583214096284e-06,False,,,,,False,,,
vehicle_motion_0p5,0.5,4.74,10.047955225183525,9.847104969117771e-08,0.049999990160447316,0.22551894081798743,-6.464474523281652e-10,-1.5568864245689488e-06,0.22551894081798743,4.3751806228217766e-09,-9.022651181545055e-10,-4.5666028678803855e-08,2.125806607163667e-06,False,,,,,False,,,
vehicle_motion_0p5,0.5,4.792,10.06043235491428,9.844818089072733e-08,0.04999999648601683,0.2522307248228268,-2.597264434867997e-10,1.5905413476922949e-06,0.2522307248228268,-3.984899408787336e-09,8.69546887825464e-10,-4.565962521098827e-08,2.1265832141294207e-06,False,,,,,False,,,
vehicle_motion_0p5,0.5,4.844,10.074265183526208,9.842374944596738e-08,0.049999990160447316,0.2777638608626184,-6.464474513606418e-10,-1.5568864245762208e-06,0.2777638608626184,4.375180619616816e-09,-9.022651185373048e-10,-4.565249652585861e-08,2.1258066062619975e-06,False,,,,,False,,,
vehicle_motion_0p5,0.5,4.896,10.089395571928597,9.840088064551777e-08,0.04999999648601683,0.30210211835447587,-2.5972644345863586e-10,1.5905413476855226e-06,0.30210211835447587,-3.984899407317573e-09,8.695468874303664e-10,-4.564609305804341e-08,2.1265832140190574e-06,False,,,,,False,,,
vehicle_motion_0p5,0.5,4.948,10.105748569265243,9.837644920076047e-08,0.049999990160447316,0.32487757536635453,-6.464474516168693e-10,-1.556886424520543e-06,0.32487757536635453,4.375180621448314e-09,-9.022651173507107e-10,-4.563896437291479e-08,2.125806606922817e-06,False,,,,,False,,,
vehicle_motion_0p5,0.5,5.0,10.1232349015427,9.835358040032333e-08,0.04999999648601683,0.3457785847705419,-2.5972644345058905e-10,1.5905413476509946e-06,0.3457785847705419,-3.984899408525537e-09,8.695468876978611e-10,-4.563256090510388e-08,2.1265832140060296e-06,False,,,,,False,,,
vehicle_motion_0p5,0.5,5.052,10.141762741710854,9.832914895557505e-08,0.049999990160447316,0.3650383122016876,-6.464474531605868e-10,-1.5568864245831597e-06,0.3650383122016876,4.375180622107789e-09,-9.022651181928967e-10,-4.562543221997837e-08,2.125806607167748e-06,False,,,,,False,,,
vehicle_motion_0p5,0.5,5.104,10.16124030918652,9.830628015513107e-08,0.04999999648601683,0.3823660969819949,-2.597264434908231e-10,1.5905413476367837e-06,0.3823660969819949,-3.9848994076680395e-09,8.695468878418029e-10,-4.561902875216533e-08,2.1265832140514462e-06,False,,,,,False,,,
vehicle_motion_0p5,0.5,5.156,10.1815684345083,9.828184871038771e-08,0.049999990160447316,0.398010305112194,-6.46447451892155e-10,-1.5568864245274819e-06,0.398010305112194,4.375180622580112e-09,-9.022651178635617e-10,-4.561190006704161e-08,2.1258066069366724e-06,False,,,,,False,,,
vehicle_motion_0p5,0.5,5.208,10.202671612329647,9.825897990995239e-08,0.04999999648601683,0.412223199517176,-2.597264434630828e-10,1.5905413476440557e-06,0.412223199517176,-3.9848994088457545e-09,8.695468871439087e-10,-4.560549659923159e-08,2.126583213941442e-06,False,,,,,False,,,
vehicle_motion_0p5,0.5,5.26,10.224473201924384,9.823454846520985e-08,0.049999990160447316,0.4249183851746345,-6.464474514912966e-10,-1.5568864245274819e-06,0.4249183851746345,4.3751806224268665e-09,-9.022651171433247e-10,-4.5598367914108246e-08,2.1258066069441466e-06,False,,,,,False,,,
vehicle_motion_0p5,0.5,5.312,10.246888387405038,9.821167966476963e-08,0.04999999648601683,0.43609885676745214,-2.597264434834116e-10,1.5905413476508282e-06,0.43609885676745214,-3.984899409609377e-09,8.695468873735344e-10,-4.559196444629673e-08,2.126583214789972e-06,False,,,,,False,,,
vehicle_motion_0p5,0.5,5.364,10.269854515964647,9.818724822001454e-08,0.049999990160447316,0.4460839866819282,-6.464474527847159e-10,-1.5568864245968708e-06,0.4460839866819282,4.375180620104062e-09,-9.022651178641809e-10,-4.558483576116936e-08,2.125806606223302e-06,False,,,,,False,,,
vehicle_motion_0p5,0.5,5.416,10.293300893028148,9.816437941957497e-08,0.04999999648601683,0.45481412534292326,-2.597264434914584e-10,1.5905413476230726e-06,0.45481412534292326,-3.9848994072512315e-09,8.695468865950524e-10,-4.557843229335821e-08,2.1265832138825064e-06,False,,,,,False,,,
vehicle_motion_0p5,0.5,5.4719999999999995,10.319028117135364,9.813891005678115e-08,0.04999999648601683,0.46313595739077434,-2.597264434512243e-10,1.5905413476369504e-06,0.46313595739077434,-3.984899406444427e-09,8.695468864439401e-10,-4.5571145749469464e-08,2.1265832138483294e-06,False,,,,,False,,,
vehicle_motion_0p5,0.5,5.524,10.343302482251904,9.811447861202789e-08,0.049999990160447316,0.46979089742923996,-6.464474508553866e-10,-1.5568864246038097e-06,0.46979089742923996,4.375180620973492e-09,-9.022651173427406e-10,-4.5564017064342925e-08,2.125806606232246e-06,False,,,,,False,,,
vehicle_motion_0p5,0.5,5.576,10.367897768861322,9.80916098115913e-08,0.04999999648601683,0.47555005889926255,-2.597264434893408e-10,1.5905413476025888e-06,0.47555005889926255,-3.984899409058687e-09,8.695468871059227e-10,-4.555761359653297e-08,2.1265832147280168e-06,False,,,,,False,,,
vehicle_motion_0p5,0.5,5.628,10.39276789858666,9.806717836685206e-08,0.049999990160447316,0.48048457103512165,-6.464474514214164e-10,-1.5568864245482986e-06,0.48048457103512165,4.375180621990324e-09,-9.022651174041087e-10,-4.555048491141119e-08,2.1258066069731994e-06,False,,,,,False,,,
vehicle_motion_0p5,0.5,5.68,10.417874329924533,9.804430956641065e-08,0.04999999648601683,0.4846972644927766,-2.5972644351030487e-10,1.590541347623239e-06,0.4846972644927766,-3.984899408594565e-09,8.695468866992497e-10,-4.554408144359978e-08,2.126583214682018e-06,False,,,,,False,,,
vehicle_motion_0p5,0.5,5.732,10.443178904401961,9.801987812167097e-08,0.049999990160447316,0.48820101623068307,-6.464474515340718e-10,-1.5568864245554041e-06,0.48820101623068307,4.375180620323898e-09,-9.022651180394039e-10,-4.553695275847804e-08,2.1258066060903103e-06,False,,,,,False,,,
vehicle_motion_0p5,0.5,5.784,10.468649499277719,9.799700932123045e-08,0.04999999648601683,0.4911409582717146,-2.5972644352258685e-10,1.5905413476163001e-06,0.4911409582717146,-3.984899409133174e-09,8.695468874594108e-10,-4.5530549290667096e-08,2.1265832146550055e-06,False,,,,,False,,,
vehicle_motion_0p5,0.5,5.836,10.49425863196901,9.797257787648004e-08,0.04999999016044743,0.49360528660960545,-6.464474516895023e-10,-1.5568864246178542e-06,0.49360528660960545,4.375180621224132e-09,-9.02265118097958e-10,-4.552342060554189e-08,2.125806606258977e-06,False,,,,,False,,,
vehicle_motion_0p5,0.5,5.888,10.519984986602118,9.794970907603802e-08,0.04999999648601694,0.4956834479622824,-2.597264435213163e-10,1.5905413476093612e-06,0.4956834479622824,-3.98489940649749e-09,8.69546887210122e-10,-4.551701713773058e-08,2.1265832137295987e-06,False,,,,,False,,,
vehicle_motion_0p5,0.5,5.9399999999999995,10.545808434560973,9.792527763128872e-08,0.04999999016044743,0.4973944390003701,-6.464474517271953e-10,-1.5568864246176875e-06,0.4973944390003701,4.375180621200413e-09,-9.022651184123915e-10,-4.55098884526059e-08,2.1258066063527397e-06,False,,,,,False,,,
vehicle_motion_0p5,0.5,5.992,10.571711385442587,9.79024088308593e-08,0.04999999648601694,0.498767267996642,-2.5972644349823465e-10,1.5905413475678943e-06,0.498767267996642,-3.984899406018211e-09,8.695468875190203e-10,-4.5503484984798935e-08,2.1265832137069033e-06,False,,,,,False,,,
vehicle_motion_0p5,0.5,6.052,10.59967908876969,9.787693946806513e-08,0.04999999648601694,0.49995429891203735,-2.5972644357679696e-10,1.5905413475885446e-06,0.49995429891203735,-3.984899407965133e-09,8.695468865281593e-10,-4.549619844091088e-08,2.1265832145722262e-06,False,,,,,False,,,
vehicle_motion_0p5,0.5,6.104,10.6277040283923,9.785147010527148e-08,0.04999999648601694,0.5008282673545149,-2.5972644354143333e-10,1.5905413475883781e-06,0.5008282673545149,-3.984899405761476e-09,8.695468870292827e-10,-4.5488911897023084e-08,2.126583213661036e-06,False,,,,,False,,,
vehicle_motion_0p5,0.5,6.156,10.653765580530521,9.782703866052784e-08,0.04999999016044743,0.501453682353024,-6.464474512532804e-10,-1.5568864245831597e-06,0.501453682353024,4.375180622513335e-09,-9.022651185394049e-10,-4.548178321190052e-08,2.1258066070849633e-06,False,,,,,False,,,
vehicle_motion_0p5,0.5,6.208,10.679854421672218,9.7804169860096e-08,0.04999999648601694,0.5018956370449729,-2.597264435634562e-10,1.5905413475816057e-06,0.5018956370449729,-3.984899408351129e-09,8.695468870664249e-10,-4.547537974409305e-08,2.1265832145231894e-06,False,,,,,False,,,
vehicle_motion_0p5,0.5,6.26,10.705962623098555,9.777973841534962e-08,0.04999999016044743,0.5022150344386528,-6.464474519154484e-10,-1.5568864246386708e-06,0.5022150344386528,4.375180622254126e-09,-9.022651187273353e-10,-4.546825105896971e-08,2.125806606359619e-06,False,,,,,False,,,
vehicle_motion_0p5,0.5,6.312,10.732084028318772,9.775686961491127e-08,0.04999999648601694,0.5024161507231412,-2.5972644356324443e-10,1.5905413475677279e-06,0.5024161507231412,-3.984899408476472e-09,8.695468878756631e-10,-4.546184759116022e-08,2.126583214576248e-06,False,,,,,False,,,
vehicle_motion_0p5,0.5,6.364,10.758213589661185,9.773243817016571e-08,0.04999999016044743,0.5025367367539307,-6.464474515126842e-10,-1.5568864246456097e-06,0.5025367367539307,4.375180623079433e-09,-9.022651180430351e-10,-4.545471890603731e-08,2.1258066071822772e-06,False,,,,,False,,,
vehicle_motion_0p5,0.5,6.416,10.784346895340823,9.770956936973357e-08,0.04999999648601694,0.502573179467661,-2.5972644352661025e-10,1.5905413475260945e-06,0.502573179467661,-3.984899404981253e-09,8.695468872267704e-10,-4.544831543823e-08,2.126583213583936e-06,False,,,,,False,,,
vehicle_motion_0p5,0.5,6.468,10.810480751962022,9.768513792499481e-08,0.04999999016044743,0.502563325417663,-6.464474517799231e-10,-1.556886424652382e-06,0.502563325417663,4.375180621836445e-09,-9.022651184136264e-10,-4.544118675310948e-08,2.1258066063810764e-06,False,,,,,False,,,
vehicle_motion_0p5,0.5,6.52,10.836612494515752,9.766226912456554e-08,0.04999999648601694,0.5024998013439121,-2.5972644355816223e-10,1.590541347526261e-06,0.5024998013439121,-3.984899405822081e-09,8.695468869669693e-10,-4.5434783285303285e-08,2.1265832135522795e-06,False,,,,,False,,,
vehicle_motion_0p5,0.5,6.572,10.862740182101584,9.763783767983624e-08,0.04999999016044743,0.5024108142393884,-6.464474511825531e-10,-1.5568864245970375e-06,0.5024108142393884,4.37518062296074e-09,-9.022651182731763e-10,-4.5427654600186063e-08,2.125806607123051e-06,False,,,,,False,,,
vehicle_motion_0p5,0.5,6.624,10.888862233968704,9.761496887941165e-08,0.04999999648601694,0.50228860627004,-2.597264435503272e-10,1.5905413475122167e-06,0.50228860627004,-3.984899404995241e-09,8.695468872222426e-10,-4.542125113238155e-08,2.1265832135170315e-06,False,,,,,False,,,
vehicle_motion_0p5,0.5,6.676,10.91497767135226,9.759053743467316e-08,0.04999999016044743,0.5021583453198825,-6.464474517098311e-10,-1.5568864246664264e-06,0.5021583453198825,4.37518062070928e-09,-9.022651187193929e-10,-4.5414122447261386e-08,2.125806606395747e-06,False,,,,,False,,,
vehicle_motion_0p5,0.5,6.728,10.941085783571944,9.756766863423789e-08,0.04999999648601694,0.5020097138473578,-2.5972644358802014e-10,1.590541347526261e-06,0.5020097138473578,-3.984899405692388e-09,8.695468875659976e-10,-4.540771897945349e-08,2.1265832135568798e-06,False,,,,,False,,,
vehicle_motion_0p5,0.5,6.78,10.967186255067649,9.754323718949682e-08,0.04999999016044743,0.5018653172597343,-6.464474517780173e-10,-1.5568864246664264e-06,0.5018653172597343,4.37518062249215e-09,-9.022651186616743e-10,-4.540059029433259e-08,2.125806606408212e-06,False,,,,,False,,,
vehicle_motion_0p5,0.5,6.832,10.993278889684598,9.7520368389072e-08,0.04999999648601694,0.5017089442007906,-2.597264435831497e-10,1.5905413474985054e-06,0.5017089442007906,-3.984899406322608e-09,8.695468866177083e-10,-4.53941868265283e-08,2.126583213454836e-06,False,,,,,False,,,
vehicle_motion_0p5,0.5,6.884,11.019363632960054,9.749593694433372e-08,0.04999999016044743,0.5015620751458597,-6.464474512926674e-10,-1.5568864246733653e-06,0.5015620751458597,4.3751806220961076e-09,-9.022651180592541e-10,-4.538705814140848e-08,2.125806606335583e-06,False,,,,,False,,,
vehicle_motion_0p5,0.5,6.936,11.045440667698838,9.747306814390972e-08,0.04999999648601694,0.5014129936244731,-2.5972644362952476e-10,1.5905413474915665e-06,0.5014129936244731,-3.984899405642429e-09,8.695468871348918e-10,-4.538065467360456e-08,2.1265832134272312e-06,False,,,,,False,,,
vehicle_motion_0p5,0.5,6.9879999999999995,11.07151028829407,9.744863669918389e-08,0.04999999016044743,0.5012754992319906,-6.464474511162728e-10,-1.5568864246178542e-06,0.5012754992319906,4.3751806196194254e-09,-9.02265118385056e-10,-4.537352598848902e-08,2.1258066062603543e-06,False,,,,,False,,,
vehicle_motion_0p5,0.5,7.04,11.097572747715391,9.742576789876275e-08,0.04999999648601694,0.5011373785019723,-2.597264435659973e-10,1.5905413474775223e-06,0.5011373785019723,-3.984899407703886e-09,8.695468868522472e-10,-4.536712252068622e-08,2.126583214282773e-06,False,,,,,False,,,
vehicle_motion_0p5,0.5,7.092,11.123628500379565,9.740133645402466e-08,0.04999999016044743,0.5010167648968495,-6.464474512933027e-10,-1.5568864246731987e-06,0.5010167648968495,4.375180623280284e-09,-9.02265118086584e-10,-4.535999383556674e-08,2.125806606339353e-06,False,,,,,False,,,
vehicle_motion_0p5,0.5,7.144,11.149677991556727,9.737846765359249e-08,0.04999999648601694,0.5008965329653475,-2.59726442144676e-10,1.5905413474636445e-06,0.5008965329653475,-3.984899406193329e-09,8.695468864292247e-10,-4.5353590367760416e-08,2.1265832142580727e-06,False,,,,,False,,,
vehicle_motion_0p5,0.5,7.196,11.175721678528753,9.735403620886702e-08,0.04999999016044743,0.5007931105707409,-6.464474512625977e-10,-1.5568864246801376e-06,0.5007931105707409,4.375180621692482e-09,-9.022651178537882e-10,-4.534646168264527e-08,2.1258066063437244e-06,False,,,,,False,,,
vehicle_motion_0p5,0.5,7.248,11.201760083036614,9.73311674084357e-08,0.04999999648601694,0.5006925642873287,-2.597264436388421e-10,1.5905413474915665e-06,0.5006925642873287,-3.984899406752247e-09,8.69546886557715e-10,-4.53400582148394e-08,2.126583214216635e-06,False,,,,,False,,,
vehicle_motion_0p5,0.5,7.3,11.227793670650545,9.730673596370353e-08,0.04999999016044743,0.5006073136494048,-6.464474510021351e-10,-1.5568864246173544e-06,0.5006073136494048,4.375180621200765e-09,-9.022651182719076e-10,-4.5332929529722157e-08,2.1258066062708787e-06,False,,,,,False,,,
vehicle_motion_0p5,0.5,7.352,11.253822848608662,9.728386716328473e-08,0.04999999648601694,0.5005225733804334,-2.59726443635454e-10,1.5905413474497667e-06,0.5005225733804334,-3.984899406654945e-09,8.695468867304467e-10,-4.532652606192056e-08,2.126583214193767e-06,False,,,,,False,,,
vehicle_motion_0p5,0.5,7.404,11.279848028570653,9.725943571856298e-08,0.04999999016044743,0.5004527778360316,-6.464474509214552e-10,-1.5568864246315653e-06,0.5004527778360316,4.375180622478361e-09,-9.022651175613958e-10,-4.53193973768069e-08,2.1258066061977518e-06,False,,,,,False,,,
vehicle_motion_0p5,0.5,7.456,11.305869574155594,9.723656691814102e-08,0.04999999648601694,0.5003830395051885,-2.5972644365027706e-10,1.5905413474636445e-06,0.5003830395051885,-3.98489940657201e-09,8.695468871566568e-10,-4.531299390900441e-08,2.1265832141499994e-06,False,,,,,False,,,
vehicle_motion_0p5,0.5,7.508,11.331887947797105,9.721213547340667e-08,0.04999999016044743,0.500329251535541,-6.464474512736092e-10,-1.556886424693849e-06,0.500329251535541,4.375180620949309e-09,-9.022651180622982e-10,-4.5305865223886705e-08,2.125806605475426e-06,False,,,,,False,,,
vehicle_motion_0p5,0.5,7.5600000000000005,11.35790348582143,9.718926667298134e-08,0.04999999648601694,0.5002738985525857,-2.5972644364180674e-10,1.590541347422011e-06,0.5002738985525857,-3.9848994056649795e-09,8.695468878733771e-10,-4.5299461756083214e-08,2.126583214215162e-06,False,,,,,False,,,
vehicle_motion_0p5,0.5,7.612,11.383916523641833,9.716483522826185e-08,0.04999999016044743,0.5002321027548449,-6.464474507681422e-10,-1.5568864246456097e-06,0.5002321027548449,4.375180621741856e-09,-9.022651181610069e-10,-4.5292333070970564e-08,2.1258066062169028e-06,False,,,,,False,,,
vehicle_motion_0p5,0.5,7.664,11.409927334714226,9.714196642783938e-08,0.04999999648601694,0.5001886178678049,-2.5972644363863036e-10,1.5905413474499331e-06,0.5001886178678049,-3.984899404486971e-09,8.695468877883093e-10,-4.528592960316817e-08,2.1265832132774262e-06,False,,,,,False,,,
vehicle_motion_0p5,0.5,7.716,11.435936273134404,9.711753498311509e-08,0.04999999016044743,0.5001585084530844,-6.46447450896256e-10,-1.5568864246386708e-06,0.5001585084530844,4.375180622239607e-09,-9.022651186232498e-10,-4.52788009180541e-08,2.125806606303461e-06,False,,,,,False,,,
vehicle_motion_0p5,0.5,7.768,11.461943547760074,9.709466618269973e-08,0.04999999648601694,0.500124786106996,-2.5972644366298256e-10,1.5905413474223442e-06,0.500124786106996,-3.984899405071235e-09,8.695468877201368e-10,-4.5272397450254234e-08,2.1265832132622114e-06,False,,,,,False,,,
vehicle_motion_0p5,0.5,7.82,11.4879493967708,9.707023473798257e-08,0.04999999016044743,0.5001027203788492,-6.464474504627869e-10,-1.556886424652715e-06,0.5001027203788492,4.375180620617733e-09,-9.022651184722191e-10,-4.526526876514263e-08,2.125806605424894e-06,False,,,,,False,,,
vehicle_motion_0p5,0.5,7.872,11.513953998643572,9.704736593755993e-08,0.04999999648601694,0.5000772794806789,-2.5972644366806476e-10,1.590541347422011e-06,0.5000772794806789,-3.984899406528179e-09,8.695468873492687e-10,-4.525886529734049e-08,2.12658321410645e-06,False,,,,,False,,,
vehicle_motion_0p5,0.5,7.924,11.539957608230168,9.702293449282964e-08,0.04999999016044743,0.5000632136835476,-6.464474513790648e-10,-1.5568864247219376e-06,0.5000632136835476,4.375180621233991e-09,-9.022651180716192e-10,-4.5251736612224643e-08,2.1258066055081513e-06,False,,,,,False,,,
vehicle_motion_0p5,0.5,7.976,11.565960339709955,9.7000065692412e-08,0.04999999648601694,0.5000437072954617,-2.59726443667853e-10,1.5905413473873166e-06,0.5000437072954617,-3.98489940605228e-09,8.695468863541058e-10,-4.524533314442429e-08,2.126583214010669e-06,False,,,,,False,,,
vehicle_motion_0p5,0.5,8.028,11.591962335717913,9.697563424769658e-08,0.04999999016044743,0.5000341716232494,-6.464474507903769e-10,-1.5568864246594875e-06,0.5000341716232494,4.375180621606927e-09,-9.02265118405858e-10,-4.523820445931354e-08,2.1258066063320654e-06,False,,,,,False,,,
vehicle_motion_0p5,0.5,8.08,11.617963690227375,9.69527654472838e-08,0.04999999648601694,0.5000194650468386,-2.59726443673994e-10,1.5905413473805442e-06,0.5000194650468386,-3.984899406129275e-09,8.695468877325832e-10,-4.523180099151496e-08,2.126583214063668e-06,False,,,,,False,,,
vehicle_motion_0p5,0.5,8.132,11.643964570350226,9.692833400255754e-08,0.04999999016044743,0.5000150103322053,-6.464474510707448e-10,-1.556886424721771e-06,0.5000150103322053,4.375180622865309e-09,-9.022651177444092e-10,-4.522467230640072e-08,2.1258066064132416e-06,False,,,,,False,,,
vehicle_motion_0p5,0.5,8.184,11.669965038307108,9.690546520214329e-08,0.04999999648601694,0.5000039006490689,-2.5972644368585245e-10,1.5905413473665e-06,0.5000039006490689,-3.984899403036378e-09,8.695468865990948e-10,-4.521826883860179e-08,2.1265832130564095e-06,False,,,,,False,,,
vehicle_motion_0p5,0.5,8.236,11.6959651790526,9.68810337574297e-08,0.04999999016044743,0.5000017378345406,-6.464474506732746e-10,-1.5568864246664264e-06,0.5000017378345406,4.375180622856182e-09,-9.022651182188542e-10,-4.52111401534919e-08,2.1258066062626654e-06,False,,,,,False,,,
vehicle_motion_0p5,0.5,8.288,11.721965032445958,9.685816495701842e-08,0.04999999648601694,0.49999333556290015,-2.5972644367611157e-10,1.5905413473666664e-06,0.49999333556290015,-3.9848994027386444e-09,8.695468877577794e-10,-4.520473668569411e-08,2.1265832131043173e-06,False,,,,,False,,,
vehicle_motion_0p5,0.5,8.34,11.74796471738135,9.6833733512292e-08,0.04999999016044743,0.49999442736193095,-6.464474509098085e-10,-1.5568864247427543e-06,0.49999442736193095,4.3751806215990316e-09,-9.02265118051519e-10,-4.519760800058008e-08,2.125806605542284e-06,False,,,,,False,,,
vehicle_motion_0p5,0.5,8.392,11.773964243570516,9.681086471188146e-08,0.04999999648601694,0.49998786990626887,-2.5972644373815673e-10,1.5905413473526222e-06,0.49998786990626887,-3.9848994029391174e-09,8.695468878337212e-10,-4.5191204532782655e-08,2.1265832130716256e-06,False,,,,,False,,,
vehicle_motion_0p5,0.5,8.444,11.799963661610615,9.678643326716831e-08,0.04999999016044743,0.4999896827259729,-6.464474505366905e-10,-1.5568864247285434e-06,0.4999896827259729,4.375180621785705e-09,-9.022651188792879e-10,-4.518407584767319e-08,2.12580660561192e-06,False,,,,,False,,,
vehicle_motion_0p5,0.5,8.496,11.825963003976206,9.676356446674655e-08,0.04999999648601694,0.4999853753948927,-2.597264437546739e-10,1.5905413473666664e-06,0.4999853753948927,-3.984899404856269e-09,8.695468877525076e-10,-4.5177672379872205e-08,2.1265832139229564e-06,False,,,,,False,,,
vehicle_motion_0p5,0.5,8.548,11.851962346166282,9.673913302202399e-08,0.04999999016044743,0.49998893921637744,-6.4644745037766e-10,-1.5568864246731987e-06,0.49998893921637744,4.37518062068351e-09,-9.022651181126271e-10,-4.517054369475972e-08,2.125806605374135e-06,False,,,,,False,,,
vehicle_motion_0p5,0.5,8.6,11.87796164516925,9.671626422161497e-08,0.04999999648601694,0.4999844676741402,-2.597264437144398e-10,1.5905413473318055e-06,0.4999844676741402,-3.9848994053899006e-09,8.695468876091556e-10,-4.516414022696311e-08,2.1265832139021008e-06,False,,,,,False,,,
vehicle_motion_0p5,0.5,8.652,11.903960935606037,9.669183277690172e-08,0.04999999016044743,0.49998813876429865,-6.464474508234111e-10,-1.5568864247424212e-06,0.49998813876429865,4.375180622062369e-09,-9.022651178336779e-10,-4.515701154185387e-08,2.125806605556094e-06,False,,,,,True,0.33035576343536377,686.5,670.0
vehicle_motion_0p5,0.5,8.704,11.929960232884666,9.666896397648568e-08,0.04999999648601694,0.49998488768641824,-2.597264437311687e-10,1.5905413473251997e-06,0.49998488768641824,-3.984899403778223e-09,8.695468873183445e-10,-4.515060807405508e-08,2.126583212980155e-06,False,,,,,True,0.33035576343536377,686.5,670.0
vehicle_motion_0p5,0.5,8.756,11.955959555908205,9.664453253177722e-08,0.04999999016044743,0.49998877966332117,-6.464474490653943e-10,-1.5568864246799711e-06,0.49998877966332117,4.3751806232520685e-09,-9.022651179621779e-10,-4.5143479388947577e-08,2.1258066062869736e-06,False,,,,,True,0.33035576343536377,686.5,670.0
vehicle_motion_0p5,0.5,8.808,11.981958873263169,9.662166373136962e-08,0.04999999648601694,0.49998523992229377,-2.5972644370215783e-10,1.5905413473180941e-06,0.49998523992229377,-3.984899404309589e-09,8.69546887632948e-10,-4.513707592115172e-08,2.126583213840296e-06,False,,,,,True,0.33035576343536377,686.5,670.0
vehicle_motion_0p5,0.5,8.86,12.007958223925154,9.659723228666255e-08,0.04999999016044743,0.49998945336400674,-6.464474501917363e-10,-1.556886424694182e-06,0.49998945336400674,4.3751806200495825e-09,-9.022651177463669e-10,-4.512994723604479e-08,2.1258066054059996e-06,False,,,,,True,0.33035576343536377,686.5,670.0
vehicle_motion_0p5,0.5,8.912,12.033957589313102,9.657436348625014e-08,0.04999999648601694,0.4999865703849741,-2.59726443757215e-10,1.5905413473318055e-06,0.4999865703849741,-3.9848994044074234e-09,8.695468873798059e-10,-4.512354376824747e-08,2.126583213802463e-06,False,,,,,True,0.33035576343536377,686.5,670.0
vehicle_motion_0p5,0.5,8.964,12.059957033067084,9.654993204153581e-08,0.04999999016044743,0.4999913946781702,-6.464474500284707e-10,-1.5568864246940153e-06,0.4999913946781702,4.375180620046423e-09,-9.022651185276186e-10,-4.511641508313825e-08,2.1258066054950228e-06,False,,,,,False,,,
vehicle_motion_0p5,0.5,9.016,12.085956501639293,9.652706324112408e-08,0.04999999648601694,0.49998857109053096,-2.597264437540386e-10,1.590541347325033e-06,0.49998857109053096,-3.984899403254442e-09,8.695468865511029e-10,-4.511001161534133e-08,2.1265832136840372e-06,False,,,,,False,,,
vehicle_motion_0p5,0.5,9.068,12.11195604545802,9.650263179641292e-08,0.04999999016044743,0.49999324403188283,-6.464474501411261e-10,-1.5568864247011209e-06,0.49999324403188283,4.375180621465104e-09,-9.022651177841437e-10,-4.510288293023333e-08,2.1258066054223465e-06,False,,,,,False,,,
vehicle_motion_0p5,0.5,9.12,12.137955599949183,9.647976299600804e-08,0.04999999648601694,0.49998985237050186,-2.597264437932139e-10,1.5905413472974441e-06,0.49998985237050186,-3.984899402920195e-09,8.695468876547914e-10,-4.509647946243877e-08,2.1265832128583012e-06,False,,,,,False,,,
vehicle_motion_0p5,0.5,9.172,12.163955191952384,9.645533155130353e-08,0.04999999016044743,0.4999941001873216,-6.464474488894232e-10,-1.5568864247009542e-06,0.4999941001873216,4.3751806207152354e-09,-9.022651179120115e-10,-4.508935077733313e-08,2.1258066054258875e-06,False,,,,,False,,,
vehicle_motion_0p5,0.5,9.224,12.189954792071271,9.643246275089927e-08,0.04999999648601694,0.4999907470278565,-2.5972644374726234e-10,1.5905413472764608e-06,0.4999907470278565,-3.984899402510839e-09,8.695468874024141e-10,-4.508294730953894e-08,2.126583212821818e-06,False,,,,,False,,,
vehicle_motion_0p5,0.5,9.276,12.215954431156447,9.6408031306196e-08,0.04999999016044743,0.49999500654875745,-6.464474499475791e-10,-1.5568864247078931e-06,0.49999500654875745,4.375180622074234e-09,-9.022651182370958e-10,-4.5075818624433854e-08,2.1258066054374906e-06,False,,,,,False,,,
vehicle_motion_0p5,0.5,9.328,12.241954093271152,9.638516250578304e-08,0.04999999648601694,0.49999232922638404,-2.5972644379427267e-10,1.590541347304383e-06,0.49999232922638404,-3.984899404019535e-09,8.695468864591635e-10,-4.506941515663693e-08,2.1265832135894626e-06,False,,,,,False,,,
vehicle_motion_0p5,0.5,9.38,12.267953822154977,9.636073106107683e-08,0.04999999016044743,0.499996691819803,-6.464474500358823e-10,-1.556886424714832e-06,0.499996691819803,4.375180622870039e-09,-9.022651180017807e-10,-4.506228647153097e-08,2.1258066054490924e-06,False,,,,,False,,,
vehicle_motion_0p5,0.5,9.432,12.29395357032478,9.633786226066452e-08,0.04999999648601694,0.4999939131471946,-2.5972644383027157e-10,1.5905413472974441e-06,0.4999939131471946,-3.984899402177129e-09,8.695468864982079e-10,-4.5055883003734405e-08,2.1265832135614944e-06,False,,,,,False,,,
vehicle_motion_0p5,0.5,9.484,12.319953391632088,9.631343081594936e-08,0.04999999016044743,0.49999878964477606,-6.464474506398167e-10,-1.5568864247771156e-06,0.49999878964477606,4.3751806218563096e-09,-9.022651185359637e-10,-4.504875431862559e-08,2.1258066056157203e-06,False,,,,,False,,,
vehicle_motion_0p5,0.5,9.536,12.34595324922875,9.629056201553604e-08,0.04999999648601694,0.49999591304933766,-2.597264437726733e-10,1.5905413472835663e-06,0.49999591304933766,-3.984899401442532e-09,8.695468874401817e-10,-4.504235085082887e-08,2.1265832127261145e-06,False,,,,,False,,,
vehicle_motion_0p5,0.5,9.588,12.371953145535219,9.626613057083353e-08,0.04999999016044743,0.49999969960232177,-6.464474497036336e-10,-1.5568864247287098e-06,0.49999969960232177,4.375180623029393e-09,-9.02265118524892e-10,-4.503522216572439e-08,2.1258066055399862e-06,False,,,,,False,,,
vehicle_motion_0p5,0.5,9.644,12.399953048203159,9.624066120807344e-08,0.04999999016044743,0.5000005339067112,-6.464474505968298e-10,-1.556886424777282e-06,0.5000005339067112,4.375180622285496e-09,-9.02265117567812e-10,-4.502793562185282e-08,2.125806605617797e-06,False,,,,,False,,,
vehicle_motion_0p5,0.5,9.696,12.425952989489646,9.621779240766144e-08,0.04999999648601694,0.4999973496156725,-2.597264437697087e-10,1.590541347241933e-06,0.4999973496156725,-3.984899402963848e-09,8.69546886729685e-10,-4.502153215405672e-08,2.126583213502739e-06,False,,,,,False,,,
vehicle_motion_0p5,0.5,9.748,12.451952950935762,9.619336096296235e-08,0.04999999016044743,0.5000008631994166,-6.464474496705993e-10,-1.5568864247356487e-06,0.5000008631994166,4.375180622283756e-09,-9.022651176946741e-10,-4.501440346895359e-08,2.1258066054624175e-06,False,,,,,False,,,
vehicle_motion_0p5,0.5,9.8,12.477952883702457,9.61704921625605e-08,0.04999999648601694,0.4999969838357878,-2.59726443815872e-10,1.590541347262583e-06,0.4999969838357878,-3.9848994017028216e-09,8.695468871433381e-10,-4.5008000001161026e-08,2.1265832135301406e-06,False,,,,,False,,,
vehicle_motion_0p5,0.5,9.852,12.503952852567407,9.614606071784933e-08,0.04999999016044743,0.500001429451921,-6.464474504367406e-10,-1.5568864248048712e-06,0.500001429451921,4.375180621953726e-09,-9.022651181661604e-10,-4.5000871316054015e-08,2.125806605640328e-06,False,,,,,False,,,
vehicle_motion_0p5,0.5,9.904,12.529952834444654,9.612319191744265e-08,0.04999999648601694,0.4999979028233497,-2.5972644381354267e-10,1.5905413472280552e-06,0.4999979028233497,-3.984899402591281e-09,8.695468877375228e-10,-4.4994467848260006e-08,2.126583213519349e-06,False,,,,,False,,,
vehicle_motion_0p5,0.5,9.956,12.555952824659904,9.609876047274174e-08,0.04999999016044743,0.5000016008650466,-6.46447450909385e-10,-1.5568864247979323e-06,0.5000016008650466,4.375180622296074e-09,-9.022651186262068e-10,-4.498733916315654e-08,2.125806605632929e-06,False,,,,,False,,,
vehicle_motion_0p5,0.5,10.008,12.581952816900511,9.607589167233164e-08,0.04999999648601694,0.4999983074306679,-2.5972644382836574e-10,1.5905413472488718e-06,0.4999983074306679,-3.984899403558559e-09,8.6954688695041e-10,-4.498093569536153e-08,2.12658321340245e-06,False,,,,,False,,,
vehicle_motion_0p5,0.5,10.06,12.607952845348503,9.605146022762803e-08,0.04999999016044743,0.5000022203026238,-6.464474498345002e-10,-1.5568864247495265e-06,0.5000022203026238,4.375180623632731e-09,-9.022651182030798e-10,-4.497380701025731e-08,2.1258066054898957e-06,False,,,,,False,,,
vehicle_motion_0p5,0.5,10.112,12.633952847164103,9.602859142722495e-08,0.04999999648601694,0.499998346105258,-2.5972644387198794e-10,1.590541347234994e-06,0.499998346105258,-3.98489940317899e-09,8.695468877419116e-10,-4.496740354246472e-08,2.126583213445643e-06,False,,,,,False,,,
vehicle_motion_0p5,0.5,10.164,12.659952874885878,9.600415998252234e-08,0.04999999016044743,0.5000021602920106,-6.464474499369912e-10,-1.55688642474936e-06,0.5000021602920106,4.375180621337052e-09,-9.022651174893744e-10,-4.496027485736096e-08,2.1258066054979607e-06,False,,,,,False,,,
vehicle_motion_0p5,0.5,10.216,12.685952867844925,9.598129118212578e-08,0.04999999648601694,0.4999978747986852,-2.597264438438241e-10,1.5905413472002996e-06,0.4999978747986852,-3.9848994028739075e-09,8.695468871923981e-10,-4.495387138957071e-08,2.1265832134287262e-06,False,,,,,False,,,
vehicle_motion_0p5,0.5,10.268,12.711952852694113,9.595685973743221e-08,0.04999999016044743,0.5000012666077369,-6.464474494095014e-10,-1.5568864247564654e-06,0.5000012666077369,4.375180623580574e-09,-9.02265117583356e-10,-4.494674270447009e-08,2.125806605503252e-06,False,,,,,False,,,
vehicle_motion_0p5,0.5,10.324,12.739952806477644,9.593139037469228e-08,0.04999999016044743,0.5000008983720897,-6.464474495782727e-10,-1.5568864247564654e-06,0.5000008983720897,4.375180621457853e-09,-9.022651178176349e-10,-4.493945616060618e-08,2.1258066055090835e-06,False,,,,,False,,,
vehicle_motion_0p5,0.5,10.376,12.765952739088627,9.590852157429677e-08,0.04999999648601694,0.49999680302625354,-2.597264438580119e-10,1.5905413471864218e-06,0.49999680302625354,-3.984899401010201e-09,8.695468867256601e-10,-4.493305269281648e-08,2.126583212400058e-06,False,,,,,True,0.4455092251300812,660.0,636.5
vehicle_motion_0p5,0.5,10.428,12.791952673589307,9.588409012960475e-08,0.04999999016044743,0.5000003758934013,-6.464474496551409e-10,-1.5568864247632378e-06,0.5000003758934013,4.375180623329558e-09,-9.022651181945757e-10,-4.4925924007716586e-08,2.125806605512258e-06,False,,,,,True,0.4455092251300812,660.0,636.5
vehicle_motion_0p5,0.5,10.48,12.817952596897698,9.58612213292009e-08,0.04999999648601694,0.49999706333196,-2.597264438649999e-10,1.5905413471930276e-06,0.49999706333196,-3.984899401949173e-09,8.695468872526655e-10,-4.491952053992428e-08,2.126583213333248e-06,False,,,,,True,0.4455092251300812,660.0,636.5
vehicle_motion_0p5,0.5,10.532,12.843952570434714,9.583678988449654e-08,0.04999999016044743,0.5000015317910743,-6.464474500128006e-10,-1.5568864248329599e-06,0.5000015317910743,4.375180624383382e-09,-9.022651185694953e-10,-4.4912391854820424e-08,2.1258066056897954e-06,False,,,,,True,0.4455092251300812,660.0,636.5
vehicle_motion_0p5,0.5,10.584,12.869952542268345,9.58139210841009e-08,0.04999999648601694,0.4999975306649769,-2.5972644381460146e-10,1.590541347172544e-06,0.4999975306649769,-3.98489940256904e-09,8.69546887284802e-10,-4.490598838703099e-08,2.1265832133147237e-06,False,,,,,True,0.4455092251300812,660.0,636.5
vehicle_motion_0p5,0.5,10.636,12.895952512061825,9.578948963941063e-08,0.04999999016044743,0.5000010059336752,-6.4644744855061e-10,-1.5568864247703432e-06,0.5000010059336752,4.375180623746079e-09,-9.022651178133097e-10,-4.4898859701931944e-08,2.1258066055379267e-06,False,,,,,True,0.4455092251300812,660.0,636.5
vehicle_motion_0p5,0.5,10.688,12.921952472006609,9.576662083900624e-08,0.04999999648601694,0.4999977396557075,-2.5972644389528134e-10,1.5905413471864218e-06,0.4999977396557075,-3.984899402355698e-09,8.695468873207837e-10,-4.489245623413977e-08,2.1265832132718824e-06,False,,,,,True,0.6165413856506348,658.5,628.5
vehicle_motion_0p5,0.5,10.74,12.947952477793288,9.57421893943035e-08,0.04999999016044743,0.5000021113997861,-6.464474505750187e-10,-1.5568864248397321e-06,0.5000021113997861,4.375180622253405e-09,-9.022651186439971e-10,-4.4885327549036694e-08,2.1258066056980633e-06,False,,,,,True,0.6165413856506348,658.5,628.5
vehicle_motion_0p5,0.5,10.792,12.973952494407412,9.571932059389986e-08,0.04999999648601694,0.49999869072578795,-2.597264438741055e-10,1.5905413471518938e-06,0.49999869072578795,-3.984899402870709e-09,8.695468864645072e-10,-4.487892408124488e-08,2.1265832131715145e-06,False,,,,,True,0.6165413856506348,658.5,628.5
vehicle_motion_0p5,0.5,10.844,12.99995252041653,9.569488914920976e-08,0.04999999016044743,0.5000020797661442,-6.464474509119261e-10,-1.5568864248397321e-06,0.5000020797661442,4.3751806222394174e-09,-9.02265118879688e-10,-4.4871795396146156e-08,2.1258066048839825e-06,False,,,,,True,0.6165413856506348,658.5,628.5
vehicle_motion_0p5,0.5,10.896,13.025952535026331,9.567202034880676e-08,0.04999999648601694,0.49999870506064387,-2.5972644386330585e-10,1.5905413471656051e-06,0.49999870506064387,-3.984899401649025e-09,8.695468877180423e-10,-4.4865391928354675e-08,2.1265832132066643e-06,False,,,,,True,0.6165413856506348,658.5,628.5
vehicle_motion_0p5,0.5,10.948,13.051952585726237,9.56475889041077e-08,0.04999999016044743,0.5000027713453539,-6.464474503003683e-10,-1.5568864247913265e-06,0.5000027713453539,4.3751806205699775e-09,-9.022651183379979e-10,-4.485826324325312e-08,2.125806604649496e-06,False,,,,,True,0.6165413856506348,658.5,628.5
vehicle_motion_0p5,0.5,11.0,13.077952610122628,9.562472010371511e-08,0.04999999648601694,0.49999862038378706,-2.5972644245469006e-10,1.5905413471586662e-06,0.49999862038378706,-3.984899402108328e-09,8.695468872125607e-10,-4.4851859775465256e-08,2.126583213182225e-06,False,,,,,True,0.6165413856506348,658.5,628.5
vehicle_motion_0p5,0.5,11.052,13.1039526564847,9.560028865901529e-08,0.04999999016044743,0.5000027990948624,-6.464474497898192e-10,-1.556886424846671e-06,0.5000027990948624,4.375180621780833e-09,-9.022651189936046e-10,-4.484473109036356e-08,2.125806604898692e-06,False,,,,,False,,,
vehicle_motion_0p5,0.5,11.104,13.129952705573729,9.557741985861372e-08,0.04999999648601694,0.49999931292053484,-2.5972644390989266e-10,1.5905413471517273e-06,0.49999931292053484,-3.984899400085775e-09,8.695468874064775e-10,-4.4838327622572865e-08,2.1265832131536934e-06,False,,,,,False,,,
vehicle_motion_0p5,0.5,11.156,13.155952782444473,9.555298841391866e-08,0.04999999016044743,0.500003114154854,-6.464474503245087e-10,-1.5568864247982654e-06,0.500003114154854,4.375180623420703e-09,-9.02265118653195e-10,-4.483119893747287e-08,2.125806605560169e-06,False,,,,,False,,,
vehicle_motion_0p5,0.5,11.208,13.18195282440669,9.553011961352583e-08,0.04999999648601694,0.4999990091824443,-2.597264424743836e-10,1.5905413471376829e-06,0.4999990091824443,-3.98489940006424e-09,8.69546886610592e-10,-4.482479546968523e-08,2.126583213037117e-06,False,,,,,False,,,
vehicle_motion_0p5,0.5,11.26,13.207952884327588,9.550568816883389e-08,0.04999999016044743,0.5000027530698999,-6.464474490336305e-10,-1.5568864248052043e-06,0.5000027530698999,4.375180623737702e-09,-9.022651178740501e-10,-4.4817666784586413e-08,2.1258066055652287e-06,False,,,,,False,,,
vehicle_motion_0p5,0.5,11.312,13.233952910037821,9.548281936844043e-08,0.04999999648601694,0.49999874710465925,-2.597264438899874e-10,1.5905413471309107e-06,0.49999874710465925,-3.984899401758094e-09,8.69546887243381e-10,-4.481126331679869e-08,2.1265832130884557e-06,False,,,,,False,,,
vehicle_motion_0p5,0.5,11.364,13.259952955334755,9.545838792374918e-08,0.04999999016044743,0.5000024490211579,-6.464474490797938e-10,-1.5568864248050376e-06,0.5000024490211579,4.3751806230055405e-09,-9.02265118884849e-10,-4.480413463170024e-08,2.125806605661799e-06,False,,,,,False,,,
vehicle_motion_0p5,0.5,11.416,13.285952960618358,9.543551912336217e-08,0.04999999648601694,0.4999980713180035,-2.597264439590206e-10,1.590541347103155e-06,0.4999980713180035,-3.9848993997875204e-09,8.695468865692699e-10,-4.479773116391481e-08,2.1265832129905934e-06,False,,,,,False,,,
vehicle_motion_0p5,0.5,11.468,13.31195296108516,9.541108767867214e-08,0.04999999016044743,0.5000018639392713,-6.464474494141601e-10,-1.5568864248674877e-06,0.5000018639392713,4.375180622162318e-09,-9.02265118017573e-10,-4.479060247881691e-08,2.1258066048550817e-06,False,,,,,False,,,
vehicle_motion_0p5,0.5,11.52,13.337952964192924,9.538821887827416e-08,0.04999999648601694,0.4999984779789695,-2.5972644395415013e-10,1.5905413471099273e-06,0.4999984779789695,-3.9848993990486885e-09,8.695468865868769e-10,-4.478419901102798e-08,2.126583212935126e-06,False,,,,,False,,,
vehicle_motion_0p5,0.5,11.572,13.36395299356705,9.536378743358713e-08,0.04999999016044743,0.5000021102895751,-6.464474479318524e-10,-1.556886424819082e-06,0.5000021102895751,4.375180623221868e-09,-9.022651179818221e-10,-4.477707032593119e-08,2.125806605591999e-06,False,,,,,False,,,
vehicle_motion_0p5,0.5,11.624,13.389952982838416,9.534091863320154e-08,0.04999999648601694,0.49999778652720567,-2.597264439158219e-10,1.5905413470823384e-06,0.49999778652720567,-3.984899401101446e-09,8.69546887233198e-10,-4.477066685814654e-08,2.126583212998252e-06,False,,,,,False,,,
vehicle_motion_0p5,0.5,11.676,13.415952974772013,9.531648718851165e-08,0.04999999016044743,0.5000017696574943,-6.464474497046924e-10,-1.5568864248815321e-06,0.5000017696574943,4.375180623489612e-09,-9.022651176662089e-10,-4.476353817304893e-08,2.125806604867671e-06,False,,,,,False,,,
vehicle_motion_0p5,0.5,11.728,13.441952958615877,9.529361838812495e-08,0.04999999648601694,0.49999772340984694,-2.5972644395775e-10,1.5905413470684606e-06,0.49999772340984694,-3.984899399056665e-09,8.695468874129071e-10,-4.475713470526407e-08,2.126583212080715e-06,False,,,,,True,0.613796055316925,658.5,593.5
vehicle_motion_0p5,0.5,11.78,13.465952931390802,9.527178750578808e-08,0.04999999648601694,0.49999733994563983,-2.5972644395245607e-10,1.5905413470684606e-06,0.49999733994563983,-3.9848994018512955e-09,8.695468864861483e-10,-4.475088909624351e-08,2.126583212882985e-06,False,,,,,True,0.613796055316925,658.5,593.5
vehicle_motion_0p5,0.5,11.832,13.493952878276193,9.52463181430622e-08,0.04999999648601694,0.49999695933874455,-2.5972644396622035e-10,1.5905413470684606e-06,0.49999695933874455,-3.9848993989863646e-09,8.695468865898119e-10,-4.474360255238644e-08,2.1265832119685075e-06,False,,,,,True,0.613796055316925,658.5,593.5
vehicle_motion_0p5,0.5,11.884,13.519952819589106,9.522188669838395e-08,0.04999999016044743,0.5000004858316602,-6.464474487964613e-10,-1.5568864248258543e-06,0.5000004858316602,4.375180624132264e-09,-9.022651178362968e-10,-4.473647386729297e-08,2.1258066056158715e-06,False,,,,,True,0.613796055316925,658.5,593.5
vehicle_motion_0p5,0.5,11.936,13.545952753788368,9.519901789798903e-08,0.04999999648601694,0.4999972648781621,-2.597264439795611e-10,1.5905413470823384e-06,0.4999972648781621,-3.98489940025554e-09,8.695468865192192e-10,-4.4730070399505624e-08,2.1265832128214367e-06,False,,,,,True,0.613796055316925,658.5,593.5
vehicle_motion_0p5,0.5,11.988,13.571952735819638,9.517458645329804e-08,0.04999999016044743,0.500001665097521,-6.464474495770022e-10,-1.55688642489541e-06,0.500001665097521,4.3751806250209355e-09,-9.022651188423129e-10,-4.4722941714408056e-08,2.1258066057856474e-06,False,,,,,True,0.613796055316925,658.5,593.5
vehicle_motion_0p5,0.5,12.04,13.597952731039399,9.515171765290371e-08,0.04999999648601694,0.4999983665848714,-2.5972644396367926e-10,1.5905413470826715e-06,0.4999983665848714,-3.9848993982114485e-09,8.695468870007841e-10,-4.471653824662105e-08,2.126583212865936e-06,False,,,,,True,0.613796055316925,658.5,593.5
vehicle_motion_0p5,0.5,12.092,13.623952765438899,9.512728620821583e-08,0.04999999016044743,0.500002532401413,-6.464474490382892e-10,-1.5568864248327932e-06,0.500002532401413,4.375180623695893e-09,-9.022651182446905e-10,-4.4709409561524645e-08,2.125806605617911e-06,False,,,,,True,0.613796055316925,658.5,593.5
vehicle_motion_0p5,0.5,12.144,13.649952776716388,9.510441740783423e-08,0.04999999648601694,0.4999982650822369,-2.597264439857021e-10,1.590541347068627e-06,0.4999982650822369,-3.9848993988807154e-09,8.695468867101951e-10,-4.4703006093742025e-08,2.126583212753766e-06,False,,,,,True,0.6263078451156616,658.5,578.5
vehicle_motion_0p5,0.5,12.196,13.675952805061847,9.507998596314727e-08,0.04999999016044743,0.5000023547330311,-6.464474490103371e-10,-1.5568864248398988e-06,0.5000023547330311,4.375180623897306e-09,-9.022651186562268e-10,-4.469587740864605e-08,2.125806605632909e-06,False,,,,,True,0.6263078451156616,658.5,578.5
vehicle_motion_0p5,0.5,12.248,13.701952808489857,9.505711716276435e-08,0.04999999648601694,0.4999981871418377,-2.5972644400327805e-10,1.5905413470545828e-06,0.4999981871418377,-3.984899400647359e-09,8.695468875722864e-10,-4.468947394086315e-08,2.1265832128070985e-06,False,,,,,True,0.6263078451156616,658.5,578.5
vehicle_motion_0p5,0.5,12.3,13.727952833847793,9.503268571807677e-08,0.04999999016044743,0.5000024219247576,-6.464474494156424e-10,-1.5568864249021822e-06,0.5000024219247576,4.375180623751735e-09,-9.022651179764015e-10,-4.46823452557671e-08,2.12580660490461e-06,True,13.70619700597815,0.007144271107112926,-0.02175582786964192,0.007144176074427208,True,0.6263078451156616,658.5,578.5
vehicle_motion_0p5,0.5,12.352,13.753952863501862,9.500981691768687e-08,0.04999999648601694,0.49999879455337837,-2.597264439969253e-10,1.590541347005844e-06,0.49999879455337837,-3.9848994006075674e-09,8.695468877411925e-10,-4.4675941787982006e-08,2.1265832127866787e-06,True,13.723929290679443,0.008295383345345988,-0.030023572822418743,0.00829528833552907,True,0.6263078451156616,658.5,578.5
vehicle_motion_0p5,0.5,12.404,13.77995289563359,9.498538547300965e-08,0.04999999016044743,0.500002334017951,-6.464474494211481e-10,-1.556886424909121e-06,0.500002334017951,4.375180625082315e-09,-9.022651188362609e-10,-4.466881310288955e-08,2.1258066058066928e-06,True,13.752893555216675,0.0072592920155098535,-0.02705934041691549,0.007259197030124381,True,0.6263078451156616,658.5,578.5
vehicle_motion_0p5,0.5,12.456,13.805952921766028,9.496251667261876e-08,0.04999999648601694,0.49999889518668184,-2.597264439837963e-10,1.590541347040705e-06,0.49999889518668184,-3.984899397546437e-09,8.695468866891243e-10,-4.466240963510428e-08,2.126583212661155e-06,True,13.782328189775239,0.006877911200135743,-0.023624731990789627,0.00687781623761907,True,0.6263078451156616,658.5,578.5
vehicle_motion_0p5,0.5,12.508,13.831952981332806,9.493808522793281e-08,0.04999999016044743,0.5000030309293982,-6.464474490465478e-10,-1.55688642491606e-06,0.5000030309293982,4.3751806216080354e-09,-9.022651190688633e-10,-4.4655280950009054e-08,2.1258066050058566e-06,True,13.818670769639585,0.007189452333418198,-0.013282211693221413,0.007189357395332971,True,0.6263078451156616,658.5,578.5
vehicle_motion_0p5,0.5,12.56,13.857953040971926,9.491521642754258e-08,0.04999999648601694,0.4999994889912601,-2.5972644407485233e-10,1.5905413470198883e-06,0.4999994889912601,-3.984899399888214e-09,8.695468864298321e-10,-4.4648877482224124e-08,2.1265832126339324e-06,True,13.83655489237893,0.007438590049168684,-0.021398148592997046,0.007438495133952256,True,0.7059909105300903,660.0,563.0
vehicle_motion_0p5,0.5,12.616,13.885953119422553,9.488974706481623e-08,0.04999999648601694,0.4999992391774011,-2.5972644400730145e-10,1.5905413469850272e-06,0.4999992391774011,-3.984899397260245e-09,8.695468871107653e-10,-4.464159093836802e-08,2.1265832118099565e-06,True,13.870899240652616,0.007428180194173985,-0.015053878769936802,0.00742808530442692,True,0.7059909105300903,660.0,563.0
vehicle_motion_0p5,0.5,12.668,13.911953176268378,9.486531562013806e-08,0.04999999016044743,0.5000028717299616,-6.464474493980664e-10,-1.5568864249229988e-06,0.5000028717299616,4.3751806249753976e-09,-9.022651183457544e-10,-4.4634462253275586e-08,2.1258066049361445e-06,True,13.889322456217108,0.007189991257747611,-0.022630720051269648,0.007189896392431991,True,0.7059909105300903,660.0,563.0
vehicle_motion_0p5,0.5,12.72,13.937953217328051,9.484244681975747e-08,0.04999999648601694,0.4999987769897401,-2.5972644400984255e-10,1.590541346985527e-06,0.4999987769897401,-3.9848993977001624e-09,8.695468874547494e-10,-4.4628058785494104e-08,2.1265832117863713e-06,True,13.907925319885264,0.008339518758157787,-0.03002789744278722,0.008339423915710967,True,0.7059909105300903,660.0,563.0
vehicle_motion_0p5,0.5,12.772,13.963953244333043,9.48180153750877e-08,0.04999999016044743,0.5000019948840411,-6.464474484949176e-10,-1.5568864248744266e-06,0.5000019948840411,4.37518062270571e-09,-9.022651191246329e-10,-4.462093010040461e-08,2.125806604857818e-06,True,13.907925319885264,0.008339518758157787,-0.05602792444777904,0.008339423940142412,True,0.7059909105300903,660.0,563.0
vehicle_motion_0p5,0.5,12.824,13.989953227604872,9.479514657471144e-08,0.04999999648601694,0.4999976791148015,-2.597264440212775e-10,1.5905413469784214e-06,0.4999976791148015,-3.984899400324498e-09,8.695468868742116e-10,-4.4614526632624676e-08,2.1265832125647687e-06,True,13.97063271575734,0.007287604025891284,-0.019320511847531918,0.00728750923074471,True,0.7059909105300903,660.0,563.0
vehicle_motion_0p5,0.5,12.876,14.015953202249667,9.477071513004296e-08,0.04999999016044743,0.5000010689408259,-6.464474487867204e-10,-1.5568864248673213e-06,0.5000010689408259,4.375180624659246e-09,-9.022651182473851e-10,-4.460739794753575e-08,2.125806604787047e-06,True,14.004251788140735,0.00712734794010923,-0.01170141410893244,0.0071272531693941,True,0.7059909105300903,660.0,563.0
vehicle_motion_0p5,0.5,12.928,14.041953157066029,9.474784632965783e-08,0.04999999648601694,0.4999975956922388,-2.597264439939607e-10,1.5905413469922992e-06,0.4999975956922388,-3.984899397524024e-09,8.695468871016281e-10,-4.460099447975303e-08,2.126583212603946e-06,True,14.020585070328288,0.007492240856973407,-0.021368086737741265,0.007492146109127077,True,0.6483514308929443,660.5,547.0
vehicle_motion_0p5,0.5,12.98,14.067953142057803,9.472341488498638e-08,0.04999999016044743,0.5000013058448406,-6.464474488112844e-10,-1.556886424881199e-06,0.5000013058448406,4.375180622617049e-09,-9.02265118315654e-10,-4.459386579466322e-08,2.1258066048022125e-06,True,14.041689469826537,0.008324585668590042,-0.026263672231266355,0.008324490945175157,True,0.6483514308929443,660.5,547.0
vehicle_motion_0p5,0.5,13.032,14.093953111582161,9.470054608460204e-08,0.04999999648601694,0.49999787112784594,-2.597264440689231e-10,1.5905413469851939e-06,0.49999787112784594,-3.984899398466616e-09,8.695468869538006e-10,-4.458746232688091e-08,2.126583212570823e-06,True,14.08452464022062,0.0071974664003711716,-0.009428471361541568,0.007197371699825087,True,0.6483514308929443,660.5,547.0
vehicle_motion_0p5,0.5,13.088,14.121953093661606,9.467507672188612e-08,0.04999999648601694,0.4999975441369018,-2.5972644401894816e-10,1.5905413469506659e-06,0.4999975441369018,-3.984899400110585e-09,8.695468875977531e-10,-4.458017578302894e-08,2.1265832125663027e-06,True,14.091895347199912,0.008323252028564015,-0.03005774646169357,0.008323157353487294,True,0.6483514308929443,660.5,547.0
vehicle_motion_0p5,0.5,13.14,14.147953062577054,9.465064527722021e-08,0.04999999016044743,0.5000009621576333,-6.464474483856503e-10,-1.556886424881199e-06,0.5000009621576333,4.375180623639387e-09,-9.022651176758691e-10,-4.457304709794121e-08,2.1258066048074785e-06,True,14.110781241753351,0.008345257549375188,-0.03717182082370307,0.00834516289872991,True,0.6483514308929443,660.5,547.0
vehicle_motion_0p5,0.5,13.192,14.173952997580194,9.462777647684695e-08,0.04999999648601694,0.4999968276261024,-2.5972644404838255e-10,1.5905413469438936e-06,0.4999968276261024,-3.984899399314019e-09,8.695468865147685e-10,-4.4566643630162794e-08,2.126583212462488e-06,True,14.145313652832343,0.008348472642743843,-0.02863934474785168,0.008348378014967366,True,0.6483514308929443,660.5,547.0
vehicle_motion_0p5,0.5,13.244,14.1999529327987,9.460334503218006e-08,0.04999999016044743,0.5000004353150012,-6.464474486035495e-10,-1.5568864249507544e-06,0.5000004353150012,4.375180622410708e-09,-9.022651190001254e-10,-4.455951494507485e-08,2.1258066049639157e-06,True,14.184035608897283,0.007173057636286316,-0.015917323901417646,0.007172963032941284,True,0.7114765048027039,661.0,532.0
vehicle_motion_0p5,0.5,13.296,14.225952867610028,9.458047623179763e-08,0.04999999648601694,0.49999715315311805,-2.597264440977222e-10,1.5905413469298492e-06,0.49999715315311805,-3.984899399587626e-09,8.695468876909629e-10,-4.4553111477293524e-08,2.1265832125087697e-06,True,14.202309893372941,0.007465147206453337,-0.02364297423708628,0.007465052625977105,True,0.7114765048027039,661.0,532.0
vehicle_motion_0p5,0.5,13.348,14.25195281926469,9.455604478713363e-08,0.04999999016044743,0.500000684049599,-6.464474484576481e-10,-1.5568864248952433e-06,0.500000684049599,4.37518062251652e-09,-9.022651177866517e-10,-4.454598279220668e-08,2.1258066048164824e-06,True,14.234119927544004,0.007249582314655414,-0.01783289172068514,0.007249487758610626,True,0.7114765048027039,661.0,532.0
vehicle_motion_0p5,0.5,13.4,14.277952741965496,9.453317598676173e-08,0.04999999648601694,0.4999966300420017,-2.597264441136041e-10,1.590541346923077e-06,0.4999966300420017,-3.984899398302259e-09,8.695468863109854e-10,-4.453957932442902e-08,2.1265832123942542e-06,True,14.254633812071397,0.007252171365724729,-0.023318929894099227,0.007252076832548742,True,0.7114765048027039,661.0,532.0
vehicle_motion_0p5,0.5,13.452,14.301952668200958,9.4511345104436e-08,0.04999999648601694,0.4999965782178485,-2.597264440892519e-10,1.5905413469435605e-06,0.4999965782178485,-3.984899396310867e-09,8.695468873043625e-10,-4.4533333715414214e-08,2.126583212453384e-06,True,14.282306211533939,0.007542986587591064,-0.019646456667018697,0.00754289207624596,True,0.7114765048027039,661.0,532.0
vehicle_motion_0p5,0.5,13.504,14.329952607352663,9.448587574171193e-08,0.04999999648601694,0.4999973378058212,-2.5972644409264e-10,1.590541346943727e-06,0.4999973378058212,-3.9848993967699176e-09,8.695468869649335e-10,-4.4526047171560154e-08,2.1265832124338958e-06,True,14.294795670860562,0.008372188366917685,-0.0351569364921005,0.008372093881041943,True,0.7114765048027039,661.0,532.0
vehicle_motion_0p5,0.5,13.556000000000001,14.355952591878445,9.446144429704036e-08,0.04999999016044743,0.5000014992488854,-6.464474482437723e-10,-1.5568864249020157e-06,0.5000014992488854,4.375180623372375e-09,-9.022651176818526e-10,-4.451891848647104e-08,2.1258066048318633e-06,True,14.334165401099469,0.007316164709619618,-0.021787190778976395,0.0073160702481753215,True,0.7114765048027039,661.0,532.0
vehicle_motion_0p5,0.5,13.608,14.38195255737066,9.443857549666624e-08,0.04999999648601694,0.49999763177608586,-2.5972644411572167e-10,1.5905413469296827e-06,0.49999763177608586,-3.984899397589008e-09,8.695468874733823e-10,-4.451251501869293e-08,2.1265832124021604e-06,True,14.370316948076276,0.007165048715943273,-0.011635609294383897,0.007164954277367776,True,0.5784886479377747,660.5,514.0
vehicle_motion_0p5,0.5,13.66,14.40795255750058,9.441414405199175e-08,0.04999999016044743,0.5000019918194718,-6.464474487865087e-10,-1.556886424971571e-06,0.5000019918194718,4.375180624857926e-09,-9.022651190644967e-10,-4.450538633360299e-08,2.125806605085859e-06,True,14.370316948076276,0.007165048715943273,-0.03763560942430466,0.0071649543017992205,True,0.5784886479377747,660.5,514.0
vehicle_motion_0p5,0.5,13.712,14.433952565414563,9.43912752516144e-08,0.04999999648601694,0.4999983305211834,-2.59726444040124e-10,1.5905413469022602e-06,0.4999983305211834,-3.984899397303589e-09,8.695468874765237e-10,-4.4498982865823924e-08,2.126583212390784e-06,True,14.419366429222022,0.007492499272631373,-0.014586136192541233,0.007492404881356121,True,0.5784886479377747,660.5,514.0
vehicle_motion_0p5,0.5,13.764,14.459952573596516,9.436684380695466e-08,0.04999999016044743,0.5000016957525301,-6.464474482647364e-10,-1.55688642491606e-06,0.5000016957525301,4.37518062134825e-09,-9.022651183121708e-10,-4.449185418073904e-08,2.125806603954069e-06,True,14.451817199884525,0.0072476110616350505,-0.008135373711990468,0.0072475166947912435,True,0.5784886479377747,660.5,514.0
vehicle_motion_0p5,0.5,13.816,14.485952552148062,9.434397500658039e-08,0.04999999648601694,0.4999979713415706,-2.597264441019574e-10,1.5905413469159714e-06,0.4999979713415706,-3.984899396707812e-09,8.695468866950965e-10,-4.448545071296115e-08,2.126583212342985e-06,True,14.451817199884525,0.0072476110616350505,-0.03413535226353659,0.007247516717660044,True,0.5784886479377747,660.5,514.0
vehicle_motion_0p5,0.5,13.868,14.511952568469784,9.431954356190782e-08,0.04999999016044743,0.500002276228078,-6.464474475449701e-10,-1.5568864249714047e-06,0.500002276228078,4.3751806240301584e-09,-9.022651184289099e-10,-4.447832202787212e-08,2.125806605014511e-06,True,14.485838746996603,0.007092591812806273,-0.02611382147318153,0.007092497493262712,True,0.5784886479377747,660.5,514.0
vehicle_motion_0p5,0.5,13.92,14.53795258346915,9.429667476153635e-08,0.04999999648601694,0.4999983415447546,-2.597264441042867e-10,1.5905413468814436e-06,0.4999983415447546,-3.984899397362746e-09,8.695468865910543e-10,-4.447191856009531e-08,2.1265832122426095e-06,True,14.534603988131492,0.00746165075633943,-0.0033485953376573008,0.007461556459664669,True,0.5825364589691162,660.5,502.5
vehicle_motion_0p5,0.5,13.972,14.563952601343626,9.427224331687068e-08,0.04999999016044743,0.5000022359488505,-6.464474487358984e-10,-1.5568864249854489e-06,0.5000022359488505,4.375180622257646e-09,-9.022651183233663e-10,-4.4464789875008715e-08,2.1258066041288653e-06,True,14.552403191990336,0.0071322432915194404,-0.01154940935328952,0.007132149019276123,True,0.5825364589691162,660.5,502.5
vehicle_motion_0p5,0.5,14.024,14.589952611556289,9.424937451649979e-08,0.04999999648601694,0.4999982341076574,-2.597264441169922e-10,1.590541346874338e-06,0.4999982341076574,-3.9848993980215155e-09,8.695468866701412e-10,-4.445838640723224e-08,2.1265832122117343e-06,True,14.552403191990336,0.0071322432915194404,-0.037549419565952036,0.007132149042144924,True,0.5825364589691162,660.5,502.5
vehicle_motion_0p5,0.5,14.076,14.61595262675951,9.422494307183303e-08,0.04999999016044743,0.5000022080906646,-6.46447448692488e-10,-1.5568864249854489e-06,0.5000022080906646,4.375180623220849e-09,-9.022651183876343e-10,-4.4451257722145395e-08,2.125806604138489e-06,True,14.593758517692137,0.008358654773344982,-0.022194109067372736,0.00835856054840191,True,0.5825364589691162,660.5,502.5
vehicle_motion_0p5,0.5,14.128,14.641952647866155,9.420207427145519e-08,0.04999999648601694,0.49999882561547987,-2.597264441388033e-10,1.5905413468951547e-06,0.49999882561547987,-3.984899396875275e-09,8.695468876063295e-10,-4.444485425436675e-08,2.1265832122442214e-06,True,14.62055210347047,0.007042788132967788,-0.021400544395685728,0.007042693930893517,True,0.5825364589691162,660.5,502.5
vehicle_motion_0p5,0.5,14.18,14.66795270474412,9.41776428267858e-08,0.04999999016044743,0.5000029922831393,-6.464474474111389e-10,-1.5568864249852824e-06,0.5000029922831393,4.3751806231999445e-09,-9.022651193206222e-10,-4.4437725569279156e-08,2.1258066042270386e-06,True,14.653960458132834,0.007185319420840481,-0.013992246611286063,0.007185225243197655,True,0.5825364589691162,660.5,502.5
vehicle_motion_0p5,0.5,14.232,14.69395274499381,9.415477402641841e-08,0.04999999648601694,0.49999872915480714,-2.5972644413118e-10,1.590541346846416e-06,0.49999872915480714,-3.98489939560264e-09,8.695468872166602e-10,-4.4431322101504126e-08,2.1265832122226686e-06,True,14.683610539273143,0.007472177132798146,-0.010342205720666797,0.00747208297802412,True,0.5825364589691162,660.5,502.5
vehicle_motion_0p5,0.5,14.284,14.719952770992043,9.413034258176345e-08,0.04999999016044743,0.5000019927771469,-6.464474468743318e-10,-1.5568864249368766e-06,0.5000019927771469,4.375180624163514e-09,-9.022651189100144e-10,-4.44241934164215e-08,2.1258066048825646e-06,True,14.703299200851317,0.007096380999030382,-0.01665357014072555,0.0070962868686878,True,0.5607816576957703,660.5,488.0
vehicle_motion_0p5,0.5,14.336,14.745952776720642,9.410747378138681e-08,0.04999999648601694,0.4999985293351582,-2.5972644416252024e-10,1.5905413468604602e-06,0.4999985293351582,-3.984899397487281e-09,8.695468868889265e-10,-4.441778994864352e-08,2.1265832121848994e-06,True,14.719102922181102,0.007468790102046039,-0.02684985453953992,0.007468695994572257,True,0.5607816576957703,660.5,488.0
vehicle_motion_0p5,0.5,14.388,14.771952797310824,9.40830423367309e-08,0.04999999016044743,0.5000019021934692,-6.464474467712055e-10,-1.5568864249438155e-06,0.5000019021934692,4.375180623980173e-09,-9.022651179603014e-10,-4.4410661263560695e-08,2.125806604896303e-06,True,14.752397171628285,0.007477194283835443,-0.0195556256825391,0.0074771002007931065,True,0.5607816576957703,660.5,488.0
vehicle_motion_0p5,0.5,14.44,14.797952777278367,9.406017353636748e-08,0.04999999648601694,0.4999976240427748,-2.597264441485442e-10,1.5905413468327047e-06,0.4999976240427748,-3.984899397066997e-09,8.69546887027182e-10,-4.4404257795787266e-08,2.1265832121642827e-06,True,14.782587547195877,0.007395469846985707,-0.015365230082489134,0.007395375786812171,True,0.5607816576957703,660.5,488.0
vehicle_motion_0p5,0.5,14.492,14.823952775284834,9.40357420917012e-08,0.04999999016044743,0.5000019303507012,-6.464474486179491e-10,-1.5568864249991602e-06,0.5000019303507012,4.3751806257012055e-09,-9.022651185693979e-10,-4.4397129110701113e-08,2.1258066050547486e-06,True,14.80459168447452,0.00711802107875557,-0.019361090810313897,0.007117927043013479,True,0.5607816576957703,660.5,488.0
vehicle_motion_0p5,0.5,14.544,14.849952782601841,9.401287329132668e-08,0.04999999648601694,0.49999851281605034,-2.597264441656966e-10,1.5905413468186604e-06,0.49999851281605034,-3.984899397480792e-09,8.695468871565651e-10,-4.439072564292414e-08,2.1265832121392774e-06,True,14.827680617826182,0.008338460281865622,-0.022272164775658965,0.00833836626899233,True,0.5607816576957703,660.5,488.0
vehicle_motion_0p5,0.5,14.596,14.875952799609118,9.398844184667314e-08,0.04999999016044743,0.5000019622151526,-6.464474481260347e-10,-1.5568864250062656e-06,0.5000019622151526,4.37518062233356e-09,-9.022651193265168e-10,-4.438359695784238e-08,2.1258066042499834e-06,True,14.867049686949958,0.007481459601093737,-0.008903112659160328,0.0074813656126518895,True,0.5607816576957703,660.5,488.0
vehicle_motion_0p5,0.5,14.648,14.901952807849103,9.396557304629945e-08,0.04999999648601694,0.49999857717935436,-2.597264442129187e-10,1.5905413468325382e-06,0.49999857717935436,-3.984899396112109e-09,8.695468863505739e-10,-4.437719349006584e-08,2.1265832120168824e-06,True,14.867049686949958,0.007481459601093737,-0.034903120899144824,0.00748136563552069,True,0.42109429836273193,644.5,483.5
vehicle_motion_0p5,0.5,14.7,14.927952852166445,9.394114160163506e-08,0.04999999016044743,0.5000027598524348,-6.464474484644244e-10,-1.5568864250128714e-06,0.5000027598524348,4.3751806249945484e-09,-9.022651194085364e-10,-4.437006480498057e-08,2.125806605152167e-06,True,14.90140715232631,0.007485009328669611,-0.026545699840134773,0.00748491538752801,True,0.42109429836273193,644.5,483.5
vehicle_motion_0p5,0.5,14.752,14.953952897314949,9.391827280126378e-08,0.04999999648601694,0.4999990599176441,-2.597264441762845e-10,1.5905413467978437e-06,0.4999990599176441,-3.98489939668474e-09,8.695468863049272e-10,-4.436366133720495e-08,2.12658321199746e-06,True,14.933115351909363,0.007240207847137434,-0.0208375454055858,0.007240113928864633,True,0.42109429836273193,644.5,483.5
vehicle_motion_0p5,0.5,14.804,14.979952938692842,9.389384135661371e-08,0.04999999016044743,0.5000022609087166,-6.464474465607178e-10,-1.5568864249576933e-06,0.5000022609087166,4.3751806242103e-09,-9.02265118719679e-10,-4.4356532652124625e-08,2.1258066049149733e-06,True,14.952690826782074,0.007274884947878564,-0.027262111910767217,0.007274791054037208,True,0.42109429836273193,644.5,483.5
vehicle_motion_0p5,0.5,14.856,15.005952937455827,9.387097255624945e-08,0.04999999648601694,0.4999981825594941,-2.597264441936487e-10,1.5905413468259324e-06,0.4999981825594941,-3.984899394927199e-09,8.695468872870973e-10,-4.4350129184351475e-08,2.12658321202908e-06,True,14.977077981588469,0.008335095687283555,-0.028874955867358665,0.008335001816311,True,0.42109429836273193,644.5,483.5
vehicle_motion_0p5,0.5,14.908,15.03195296193713,9.384654111158715e-08,0.04999999016044743,0.5000023944918652,-6.464474484991527e-10,-1.5568864250201434e-06,0.5000023944918652,4.375180624454086e-09,-9.022651186063886e-10,-4.434300049926717e-08,2.125806604190663e-06,True,15.001899086501496,0.007200257721013349,-0.03005387543563387,0.007200163874472237,True,0.42109429836273193,644.5,483.5
vehicle_motion_0p5,0.5,14.96,15.057952991229191,9.382367231121578e-08,0.04999999648601694,0.49999894830136754,-2.597264441515088e-10,1.5905413468120546e-06,0.49999894830136754,-3.9848993943887376e-09,8.695468868324556e-10,-4.433659703149185e-08,2.126583212001295e-06,True,15.03636735031422,0.007313082227156314,-0.02158564091497084,0.007312988403484003,True,0.42109429836273193,644.5,483.5
vehicle_motion_0p5,0.5,15.012,15.083953047018447,9.379924086656025e-08,0.04999999016044743,0.5000026459440581,-6.464474477694338e-10,-1.5568864249647989e-06,0.5000026459440581,4.375180623931887e-09,-9.022651187388195e-10,-4.4329468346409936e-08,2.1258066040355786e-06,True,15.068191159208876,0.007092125709150118,-0.015761887809571107,0.007092031909909252,True,0.6201426982879639,629.5,635.5
vehicle_motion_0p5,0.5,15.064,15.10995306207956,9.377637206620166e-08,0.04999999648601694,0.4999982559068999,-2.597264442366356e-10,1.5905413467844655e-06,0.4999982559068999,-3.984899394461411e-09,8.695468873460998e-10,-4.432306487863896e-08,2.126583211981041e-06,True,15.068191159208876,0.007092125709150118,-0.04176190287068415,0.007092031932778052,True,0.6201426982879639,629.5,635.5
vehicle_motion_0p5,0.5,15.116,15.135953071968327,9.375194062154699e-08,0.04999999016044743,0.5000020364571484,-6.464474483945442e-10,-1.5568864250340211e-06,0.5000020364571484,4.3751806247661515e-09,-9.022651182995183e-10,-4.4315936193557475e-08,2.1258066042096274e-06,True,15.102588352653804,0.007093222639518891,-0.03336471931452323,0.007093128887578269,True,0.6201426982879639,629.5,635.5
vehicle_motion_0p5,0.5,15.168,15.161953075709699,9.372907182118293e-08,0.04999999648601694,0.4999981452588268,-2.5972644414515606e-10,1.5905413467705877e-06,0.4999981452588268,-3.98489939411811e-09,8.695468873099743e-10,-4.430953272578484e-08,2.1265832119558804e-06,True,15.150921755039445,0.0072926457186379655,-0.011031320670253919,0.007292551989566145,True,0.6201426982879639,629.5,635.5
vehicle_motion_0p5,0.5,15.22,15.18795307304431,9.370464037653722e-08,0.04999999016044743,0.5000014707394635,-6.464474477743043e-10,-1.5568864249786766e-06,0.5000014707394635,4.375180623455631e-09,-9.022651179537774e-10,-4.430240404070646e-08,2.1258066040643854e-06,True,15.150921755039445,0.0072926457186379655,-0.03703131800486581,0.007292552013997589,True,0.6201426982879639,629.5,635.5
vehicle_motion_0p5,0.5,15.272,15.21395304139137,9.368177157617237e-08,0.04999999648601694,0.49999779246808806,-2.5972644421863617e-10,1.590541346791238e-06,0.49999779246808806,-3.984899397396128e-09,8.695468874354407e-10,-4.429600057293371e-08,2.1265832127994e-06,True,15.195519249284871,0.008340804464072633,-0.018433792106499425,0.008340710782301057,True,0.6201426982879639,629.5,635.5
vehicle_motion_0p5,0.5,15.324,15.239953047821722,9.365734013151383e-08,0.04999999016044743,0.5000020825903144,-6.464474491215102e-10,-1.5568864250411267e-06,0.5000020825903144,4.375180625840276e-09,-9.022651187773209e-10,-4.42888718878512e-08,2.1258066051136623e-06,True,15.235089895180014,0.0075164425086427684,-0.004863152641707558,0.007516348851302637,True,0.5282602906227112,633.5,621.0
vehicle_motion_0p5,0.5,15.376,15.265953062602513,9.363447133114547e-08,0.04999999648601694,0.499998694745938,-2.5972644421164815e-10,1.5905413467771935e-06,0.499998694745938,-3.984899396003044e-09,8.695468863489628e-10,-4.4282468420077417e-08,2.1265832117931734e-06,True,15.235089895180014,0.0075164425086427684,-0.03086316742249906,0.0075163488741714374,True,0.5282602906227112,633.5,621.0
vehicle_motion_0p5,0.5,15.428,15.291953112177358,9.361003988648814e-08,0.04999999016044743,0.5000028467439172,-6.464474484328724e-10,-1.556886425047899e-06,0.5000028467439172,4.375180624470359e-09,-9.022651184210042e-10,-4.427533973499545e-08,2.125806604229613e-06,True,15.268616725015232,0.00754310468667802,-0.023336387162126826,0.007543011076638134,True,0.5282602906227112,633.5,621.0
vehicle_motion_0p5,0.5,15.48,15.317953162938991,9.358717108612088e-08,0.04999999648601694,0.4999993328966676,-2.597264442093188e-10,1.5905413467775266e-06,0.4999993328966676,-3.984899396334727e-09,8.695468866494196e-10,-4.42689362672222e-08,2.126583211852678e-06,True,15.285976133955321,0.007073282807516287,-0.03197702898367005,0.0070731892203452,True,0.5282602906227112,633.5,621.0
vehicle_motion_0p5,0.5,15.532,15.343953242673718,9.356273964146437e-08,0.04999999016044743,0.500003381049569,-6.46447449034054e-10,-1.5568864250477325e-06,0.500003381049569,4.375180625173236e-09,-9.022651181673997e-10,-4.4261807582140656e-08,2.1258066042433266e-06,True,15.320355811335508,0.007068834174181921,-0.02359743133821013,0.007068740611442279,True,0.5282602906227112,633.5,621.0
vehicle_motion_0p5,0.5,15.584,15.369953300137599,9.353987084110767e-08,0.04999999648601694,0.4999990107877362,-2.5972644419703683e-10,1.5905413467357268e-06,0.4999990107877362,-3.9848993944546275e-09,8.695468874829194e-10,-4.425540411437104e-08,2.1265832118276256e-06,True,15.344940700154494,0.008339176919035442,-0.025012599983105233,0.008339083379164601,True,0.5282602906227112,633.5,621.0
vehicle_motion_0p5,0.5,15.636,15.395953337983581,9.351543939646611e-08,0.04999999016044743,0.5000021709267284,-6.464474476144268e-10,-1.5568864249923878e-06,0.5000021709267284,4.3751806233179675e-09,-9.022651181035303e-10,-4.4248275429294574e-08,2.125806604087899e-06,True,15.382892173144416,0.007522546344353662,-0.013061164839164974,0.007522452828914265,True,0.5282602906227112,633.5,621.0
vehicle_motion_0p5,0.5,15.688,15.421953350933501,9.349257059610023e-08,0.04999999648601694,0.4999986372734052,-2.5972644424764705e-10,1.5905413467565435e-06,0.4999986372734052,-3.984899395532633e-09,8.695468868545434e-10,-4.4241871961522025e-08,2.1265832117804433e-06,True,15.399198922591925,0.006562744194245815,-0.02275442834157637,0.006562650701675219,True,0.6567922234535217,632.5,611.0
vehicle_motion_0p5,0.5,15.74,15.447953397096576,9.346813915144609e-08,0.04999999016044743,0.500002784027345,-6.464474479373581e-10,-1.5568864250545047e-06,0.500002784027345,4.375180624284724e-09,-9.022651181306705e-10,-4.423474327644151e-08,2.125806604257209e-06,True,15.399198922591925,0.006562744194245815,-0.04875447450465131,0.006562650726106664,True,0.6567922234535217,632.5,611.0
vehicle_motion_0p5,0.5,15.792,15.47395341898085,9.344527035109285e-08,0.04999999648601694,0.49999836521129176,-2.597264442190597e-10,1.5905413467149101e-06,0.49999836521129176,-3.984899393993955e-09,8.695468874435957e-10,-4.422833980867333e-08,2.1265832117603818e-06,True,15.434997368855782,0.0070567347746283695,-0.03895605012506742,0.007056641329358018,True,0.6567922234535217,632.5,611.0
vehicle_motion_0p5,0.5,15.844,15.49995342620467,9.342083890645111e-08,0.04999999016044743,0.5000016915447325,-6.464474488784117e-10,-1.5568864250545047e-06,0.5000016915447325,4.375180622676389e-09,-9.022651184090109e-10,-4.422121112359706e-08,2.1258066042490386e-06,True,15.469358612706483,0.007049807786916057,-0.030594813498186824,0.00704971436607715,True,0.6567922234535217,632.5,611.0
vehicle_motion_0p5,0.5,15.896,15.525953419492238,9.33979701060889e-08,0.04999999648601694,0.4999981692677515,-2.597264442656465e-10,1.5905413467010323e-06,0.4999981692677515,-3.984899394671177e-09,8.695468865041795e-10,-4.421480765582604e-08,2.1265832116612637e-06,True,15.494270212761823,0.008376809650322012,-0.03168320673041514,0.008376716252351906,True,0.6567922234535217,632.5,611.0
vehicle_motion_0p5,0.5,15.948,15.551953418157641,9.337353866145007e-08,0.04999999016044743,0.500001495277167,-6.464474474613256e-10,-1.5568864249991602e-06,0.500001495277167,4.375180622310563e-09,-9.02265119277814e-10,-4.4207678970750895e-08,2.125806604178615e-06,True,15.533498403090398,0.007572023111424561,-0.018455015067242897,0.0075719297378859,True,0.6567922234535217,632.5,611.0
vehicle_motion_0p5,0.5,16.0,15.57795337798558,9.335066986109844e-08,0.04999999648601694,0.49999726491199753,-2.5972644429783375e-10,1.5905413467010323e-06,0.49999726491199753,-3.9848993938004864e-09,8.695468861154117e-10,-4.4201275502983535e-08,2.1265832116232437e-06,True,15.551802811458524,0.007317571847472194,-0.02615056652705583,0.007317478496802333,True,0.6567922234535217,632.5,611.0
vehicle_motion_0p5,0.5,16.052,15.603953334771404,9.332623841645667e-08,0.04999999016044743,0.5000009266640466,-6.464474478352907e-10,-1.5568864250685492e-06,0.5000009266640466,4.3751806253749944e-09,-9.02265118502888e-10,-4.4194146817907546e-08,2.1258066042662253e-06,True,15.562344082191835,0.008222687903409036,-0.041609252579569045,0.00822259457717062,True,0.725744903087616,629.5,609.5
vehicle_motion_0p5,0.5,16.104,15.629953293600645,9.330336961609454e-08,0.04999999648601694,0.4999976966186309,-2.5972644428406947e-10,1.5905413467149101e-06,0.4999976966186309,-3.984899396409463e-09,8.695468861305001e-10,-4.4187743350136844e-08,2.1265832124732837e-06,True,15.600850815136615,0.007566847440958517,-0.029102478464029247,0.0075667541375889005,True,0.725744903087616,629.5,609.5
vehicle_motion_0p5,0.5,16.156,15.655953296449502,9.327893817144383e-08,0.04999999016044743,0.5000020247784442,-6.464474477677398e-10,-1.5568864250756545e-06,0.5000020247784442,4.375180623578885e-09,-9.022651191484366e-10,-4.4180614665058016e-08,2.1258066042765976e-06,True,15.632287754337314,0.008363563359653658,-0.02366554211218741,0.008363470080715488,True,0.725744903087616,629.5,609.5
vehicle_motion_0p5,0.5,16.208,15.681953304287152,9.325606937108612e-08,0.04999999648601694,0.49999830613907076,-2.597264442751756e-10,1.590541346680049e-06,0.49999830613907076,-3.984899394970292e-09,8.695468871306637e-10,-4.417421119728892e-08,2.126583211643907e-06,True,15.669557423477421,0.0075523595407983105,-0.012395880809730642,0.007552266284728939,True,0.725744903087616,629.5,609.5
vehicle_motion_0p5,0.5,16.26,15.707953314281019,9.323163792644486e-08,0.04999999016044743,0.5000019816087133,-6.464474478115737e-10,-1.5568864250825934e-06,0.5000019816087133,4.375180623245275e-09,-9.022651192504655e-10,-4.4167082512213364e-08,2.1258066042878517e-06,True,15.669557423477421,0.0075523595407983105,-0.03839589080359751,0.007552266309160384,True,0.725744903087616,629.5,609.5
vehicle_motion_0p5,0.5,16.312,15.733953323712226,9.320876912608381e-08,0.04999999648601694,0.4999986013933192,-2.597264443071511e-10,1.5905413466939268e-06,0.4999986013933192,-3.984899392780187e-09,8.695468867978037e-10,-4.41606790444433e-08,2.1265832115937924e-06,True,15.705194098090397,0.007666859638830804,-0.028759225621829643,0.007666766430061678,True,0.725744903087616,629.5,609.5
vehicle_motion_0p5,0.5,16.364,15.75995336387872,9.318433768144129e-08,0.04999999016044743,0.500002378643658,-6.464474472730725e-10,-1.556886425019977e-06,0.500002378643658,4.375180623401137e-09,-9.022651181796155e-10,-4.415355035936746e-08,2.12580660413393e-06,True,15.747301789841694,0.008352950570307202,-0.012651574037025881,0.00835285738596952,True,0.6990635991096497,631.0,597.5
vehicle_motion_0p5,0.5,16.416,15.785953366736868,9.316146888109296e-08,0.04999999648601694,0.4999980426512368,-2.597264443310798e-10,1.5905413466665043e-06,0.4999980426512368,-3.984899395740006e-09,8.695468870674312e-10,-4.414714689160176e-08,2.126583211575959e-06,True,15.747301789841694,0.008352950570307202,-0.03865157689517318,0.00835285740883832,True,0.6990635991096497,631.0,597.5
vehicle_motion_0p5,0.5,16.468,15.811953366679063,9.31370374364518e-08,0.04999999016044743,0.5000018679189882,-6.464474477224235e-10,-1.5568864250963047e-06,0.5000018679189882,4.3751806250642616e-09,-9.022651180367592e-10,-4.414001820652651e-08,2.125806604298874e-06,True,15.80144406443058,0.00702442072168066,-0.01050930224848301,0.007024327584643223,True,0.6990635991096497,631.0,597.5
vehicle_motion_0p5,0.5,16.52,15.837953370734908,9.311416863609242e-08,0.04999999648601694,0.49999850705824683,-2.5972644431858606e-10,1.590541346687321e-06,0.49999850705824683,-3.984899392552428e-09,8.69546886383502e-10,-4.41336147387573e-08,2.126583211460303e-06,True,15.80144406443058,0.00702442072168066,-0.03650930630432825,0.007024327607512024,True,0.6990635991096497,631.0,597.5
vehicle_motion_0p5,0.5,16.572,15.86395340219319,9.308973719145374e-08,0.04999999016044743,0.5000021585357974,-6.464474468739083e-10,-1.55688642504096e-06,0.5000021585357974,4.375180624869453e-09,-9.022651187110974e-10,-4.4126486053683e-08,2.1258066041476665e-06,True,15.849706970213607,0.007210019764428706,-0.014246431979582752,0.007209926674691515,True,0.6990635991096497,631.0,597.5
vehicle_motion_0p5,0.5,16.624,15.889953394386836,9.306686839110719e-08,0.04999999648601694,0.4999978486643041,-2.597264443077864e-10,1.59054134665246e-06,0.4999978486643041,-3.9848993958039774e-09,8.695468863347452e-10,-4.4120082585918174e-08,2.1265832123353698e-06,True,15.849706970213607,0.007210019764428706,-0.040246424173229656,0.007209926697560314,True,0.6990635991096497,631.0,597.5
vehicle_motion_0p5,0.5,16.676,15.915953389846731,9.304243694646562e-08,0.04999999016044743,0.5000018415416939,-6.46447447688754e-10,-1.5568864251032436e-06,0.5000018415416939,4.375180623967725e-09,-9.02265119041784e-10,-4.411295390084303e-08,2.125806604313145e-06,True,15.896762192414227,0.008359734905882536,-0.019191197432503415,0.00835964186344559,True,0.6990635991096497,631.0,597.5
vehicle_motion_0p5,0.5,16.728,15.9419533927974,9.301956814610828e-08,0.04999999648601694,0.4999984915560366,-2.597264443204919e-10,1.5905413466663379e-06,0.4999984915560366,-3.984899395155007e-09,8.695468867800237e-10,-4.4106550433074805e-08,2.1265832123629386e-06,True,15.932827494042227,0.00761489334889219,-0.009125898755172557,0.007614800329324043,True,0.646553635597229,631.0,590.5
vehicle_motion_0p5,0.5,16.78,15.967953418203589,9.299513670147351e-08,0.04999999016044743,0.50000200835278,-6.46447446911813e-10,-1.556886425047899e-06,0.50000200835278,4.3751806235438614e-09,-9.02265118294738e-10,-4.409942174800207e-08,2.1258066041637174e-06,True,15.950770224387423,0.006979048643479962,-0.017183193816165954,0.00697895564834326,True,0.646553635597229,631.0,590.5
vehicle_motion_0p5,0.5,16.832,15.993953421411137,9.297226790111846e-08,0.04999999648601694,0.49999847609370723,-2.59726444330021e-10,1.5905413466595654e-06,0.49999847609370723,-3.984899395277918e-09,8.695468875961494e-10,-4.4093018280234745e-08,2.126583212337243e-06,True,15.983755341479913,0.00726501772587132,-0.010198079931223347,0.007264924753603419,True,0.646553635597229,631.0,590.5
vehicle_motion_0p5,0.5,16.884,16.01995344235691,9.294783645648707e-08,0.04999999016044743,0.5000019076384997,-6.464474469935517e-10,-1.556886425047899e-06,0.5000019076384997,4.375180623697131e-09,-9.022651189538334e-10,-4.4085889595163276e-08,2.1258066041775117e-06,True,16.004150784025686,0.006944862186366089,-0.01580265833122496,0.006944769238529633,True,0.646553635597229,631.0,590.5
vehicle_motion_0p5,0.5,16.936,16.045953443600744,9.292496765613105e-08,0.04999999648601694,0.49999844097127766,-2.597264443463264e-10,1.5905413466455212e-06,0.49999844097127766,-3.984899393307904e-09,8.695468866621914e-10,-4.407948612739575e-08,2.126583211415977e-06,True,16.038898607543743,0.0069073957998557,-0.007054836057001523,0.006907302874888044,True,0.646553635597229,631.0,590.5
vehicle_motion_0p5,0.5,16.988,16.07195345951523,9.290053621150016e-08,0.04999999016044743,0.500001811075933,-6.464474470547498e-10,-1.5568864250548378e-06,0.500001811075933,4.375180622900587e-09,-9.022651184683535e-10,-4.407235744232457e-08,2.1258066032810946e-06,True,16.038898607543743,0.0069073957998557,-0.03305485197148528,0.006907302899319488,True,0.646553635597229,631.0,590.5
vehicle_motion_0p5,0.5,17.04,16.097953434730524,9.287766741115666e-08,0.04999999648601694,0.49999753242061135,-2.5972644434293826e-10,1.5905413466177656e-06,0.49999753242061135,-3.984899393581218e-09,8.695468862456046e-10,-4.406595397456132e-08,2.1265832113135397e-06,True,16.065307239755807,0.006784546993474771,-0.03264619497471699,0.00678445411580736,True,0.646553635597229,631.0,590.5
vehicle_motion_0p5,0.5,17.092,16.12395340351953,9.285323596652716e-08,0.04999999016044743,0.5000010298595764,-6.464474471612642e-10,-1.5568864251172879e-06,0.5000010298595764,4.375180623571677e-09,-9.022651189441876e-10,-4.405882528949073e-08,2.125806603438077e-06,True,16.11506572816857,0.008308713946591084,-0.008887675350958801,0.008308621093355117,True,0.6411530375480652,631.0,583.0
vehicle_motion_0p5,0.5,17.144,16.149953366909884,9.283036716617248e-08,0.04999999648601694,0.49999777592547223,-2.5972644428216364e-10,1.590541346617599e-06,0.49999777592547223,-3.98489939485749e-09,8.695468864900255e-10,-4.4052421821723935e-08,2.126583212247883e-06,True,16.11506572816857,0.008308713946591084,-0.03488763874131351,0.008308621116223918,True,0.6411530375480652,631.0,583.0
vehicle_motion_0p5,0.5,17.196,16.17595337198808,9.280593572153434e-08,0.04999999016044743,0.5000019401365355,-6.464474469706818e-10,-1.5568864250617767e-06,0.5000019401365355,4.37518062299898e-09,-9.022651193436899e-10,-4.4045293136650613e-08,2.125806603372417e-06,True,16.154141421148097,0.006831976100194719,-0.02181195083998233,0.006831883294258997,True,0.6411530375480652,631.0,583.0
vehicle_motion_0p5,0.5,17.248,16.201953355371007,9.278306692119022e-08,0.04999999648601694,0.4999978259183725,-2.5972644436538463e-10,1.590541346624871e-06,0.4999978259183725,-3.984899394323612e-09,8.695468866410016e-10,-4.403888966888747e-08,2.1265832122179795e-06,True,16.182071176284925,0.007169763381530377,-0.01988217908608192,0.007169670598463455,True,0.6411530375480652,631.0,583.0
vehicle_motion_0p5,0.5,17.3,16.22795336329524,9.275863547655065e-08,0.04999999016044743,0.5000021081908528,-6.464474474736076e-10,-1.5568864251242268e-06,0.5000021081908528,4.3751806252876235e-09,-9.022651194109268e-10,-4.403176098381379e-08,2.125806604353229e-06,True,16.201457344799746,0.007175452209732861,-0.02649601849549299,0.007175359451097384,True,0.6411530375480652,631.0,583.0
vehicle_motion_0p5,0.5,17.352,16.25395337786218,9.27357666761998e-08,0.04999999648601694,0.4999985238938884,-2.597264443543732e-10,1.5905413465832376e-06,0.4999985238938884,-3.984899391833669e-09,8.695468875953481e-10,-4.402535751604856e-08,2.1265832112958604e-06,True,16.235180572771807,0.006842081441122791,-0.018772805090375044,0.006841988705356115,True,0.6411530375480652,631.0,583.0
vehicle_motion_0p5,0.5,17.404,16.279953394250892,9.27113352315749e-08,0.04999999016044743,0.5000018252372892,-6.464474466729497e-10,-1.5568864250758212e-06,0.5000018252372892,4.375180623923607e-09,-9.022651192813301e-10,-4.4018228830979917e-08,2.1258066033034842e-06,True,16.250809354784884,0.007156934880339211,-0.029144039466007854,0.007156842169003979,True,0.6411530375480652,631.0,583.0
vehicle_motion_0p5,0.5,17.456,16.305953372868522,9.268846643123077e-08,0.04999999648601694,0.4999978339019938,-2.597264443346797e-10,1.5905413465967823e-06,0.4999978339019938,-3.984899394216351e-09,8.695468865036484e-10,-4.4011825363217056e-08,2.126583212149668e-06,True,16.28503739991935,0.0071350886428432425,-0.020915972949172357,0.007134995954376811,True,0.7291247248649597,631.5,572.0
vehicle_motion_0p5,0.5,17.508,16.33195338135005,9.26640349865938e-08,0.04999999016044743,0.5000021195446663,-6.464474474263855e-10,-1.5568864251382712e-06,0.5000021195446663,4.37518062365813e-09,-9.022651181377681e-10,-4.40046966781445e-08,2.1258066034752845e-06,True,16.317437126742785,0.006906572067197065,-0.014516254607265466,0.0069064794031620785,True,0.7291247248649597,631.5,572.0
vehicle_motion_0p5,0.5,17.56,16.357953394080912,9.264116618624655e-08,0.04999999648601694,0.49999839528183343,-2.5972644432875046e-10,1.5905413465693598e-06,0.49999839528183343,-3.984899391969044e-09,8.695468873328488e-10,-4.399829321038072e-08,2.1265832112400757e-06,True,16.317437126742785,0.006906572067197065,-0.040516267338126966,0.006906479426030879,True,0.7291247248649597,631.5,572.0
vehicle_motion_0p5,0.5,17.612,16.383953404129045,9.261673474162359e-08,0.04999999016044743,0.5000017100546993,-6.464474466860787e-10,-1.556886425075488e-06,0.5000017100546993,4.375180625657584e-09,-9.022651181492603e-10,-4.399116452531301e-08,2.125806604210942e-06,True,16.35067210055179,0.006877315257669676,-0.03328130357725456,0.006877222640934934,True,0.7291247248649597,631.5,572.0
vehicle_motion_0p5,0.5,17.664,16.409953380240058,9.25938659412793e-08,0.04999999648601694,0.4999978749188715,-2.597264443943955e-10,1.5905413465830711e-06,0.4999978749188715,-3.984899393316832e-09,8.695468874096565e-10,-4.3984761057550376e-08,2.1265832111952444e-06,True,16.38085229935624,0.008209903732667239,-0.029101080883819463,0.008209811138801298,True,0.7291247248649597,631.5,572.0
vehicle_motion_0p5,0.5,17.716,16.43595339089119,9.256943449664424e-08,0.04999999016044743,0.5000021613341978,-6.464474474274443e-10,-1.5568864251519823e-06,0.5000021613341978,4.375180626553348e-09,-9.02265118956713e-10,-4.397763237247873e-08,2.125806604390017e-06,True,16.414621720535113,0.007961529317735168,-0.021331670356076415,0.007961436748300672,True,0.7291247248649597,631.5,572.0
vehicle_motion_0p5,0.5,17.768,16.461953402075107,9.254656569630059e-08,0.04999999648601694,0.49999829341312757,-2.5972644439227793e-10,1.590541346548543e-06,0.49999829341312757,-3.98489939131789e-09,8.695468865069404e-10,-4.3971228904716444e-08,2.1265832111783676e-06,True,16.44855852464879,0.00839716314306567,-0.013394877426318175,0.008397070596499974,True,0.722335696220398,631.5,564.0
vehicle_motion_0p5,0.5,17.82,16.489953410675614,9.2521096333623e-08,0.04999999648601694,0.49999839483167274,-2.5972644441451254e-10,1.5905413465764653e-06,0.49999839483167274,-3.984899392306252e-09,8.695468863962481e-10,-4.3963942360883996e-08,2.1265832111461567e-06,True,16.44855852464879,0.00839716314306567,-0.04139488602682562,0.008397070621969337,True,0.722335696220398,631.5,564.0
vehicle_motion_0p5,0.5,17.872,16.51395342565528,9.249926545133135e-08,0.04999999648601694,0.49999820872867246,-2.5972644294300455e-10,1.5905413465414378e-06,0.49999820872867246,-3.9848993937876254e-09,8.695468875431234e-10,-4.3957696751885946e-08,2.12658321204348e-06,True,16.48548530547317,0.007863158360908356,-0.028468120182111534,0.007863065861642904,True,0.722335696220398,631.5,564.0
vehicle_motion_0p5,0.5,17.924,16.539953438564314,9.247483400670196e-08,0.04999999016044743,0.5000021487028947,-6.464474480620837e-10,-1.556886425151816e-06,0.5000021487028947,4.375180626586297e-09,-9.022651186960451e-10,-4.395056806681643e-08,2.125806604398299e-06,True,16.50233330504798,0.007396746119106055,-0.03762013351633442,0.0073966536442720485,True,0.722335696220398,631.5,564.0
vehicle_motion_0p5,0.5,17.976,16.565953443424103,9.245196520636158e-08,0.04999999648601694,0.4999981188437322,-2.5972644440731276e-10,1.5905413465346653e-06,0.4999981188437322,-3.9848993935693804e-09,8.695468867409689e-10,-4.3944164599055534e-08,2.1265832120064707e-06,True,16.552627397515135,0.007604097559689662,-0.013326045908968354,0.007604005107724455,True,0.722335696220398,631.5,564.0
vehicle_motion_0p5,0.5,18.028,16.59195343966217,9.242753376174276e-08,0.04999999016044743,0.5000014517693383,-6.464474464601327e-10,-1.5568864250963047e-06,0.5000014517693383,4.3751806243019964e-09,-9.022651190087981e-10,-4.3937035913989704e-08,2.125806603350925e-06,True,16.552627397515135,0.007604097559689662,-0.03932604214703517,0.0076040051321558996,True,0.722335696220398,631.5,564.0
vehicle_motion_0p5,0.5,18.08,16.617953412710477,9.24046649613977e-08,0.04999999648601694,0.4999979230256724,-2.5972644446618155e-10,1.5905413465483767e-06,0.4999979230256724,-3.984899392672772e-09,8.695468875516715e-10,-4.393063244622737e-08,2.1265832110714496e-06,True,16.597713224531194,0.008290070259817853,-0.02024018817928308,0.008289977855152892,True,0.722335696220398,631.5,564.0
vehicle_motion_0p5,0.5,18.132,16.643953425690924,9.238023351676622e-08,0.04999999016044743,0.5000022070506933,-6.464474472544378e-10,-1.5568864251658601e-06,0.5000022070506933,4.375180623637378e-09,-9.022651190699704e-10,-4.3923503761157465e-08,2.1258066035251286e-06,True,16.63423190215722,0.007883628855426565,-0.00972152353370248,0.007883536475193048,True,0.6546024084091187,631.5,561.0
vehicle_motion_0p5,0.5,18.184,16.669953428161016,9.235736471642974e-08,0.04999999648601694,0.4999980493892287,-2.597264444289121e-10,1.5905413465138486e-06,0.4999980493892287,-3.984899391472224e-09,8.695468863105228e-10,-4.391710029339813e-08,2.1265832109724467e-06,True,16.649520616518505,0.00683464833236688,-0.020432811642510984,0.006834555975002164,True,0.6546024084091187,631.5,561.0
vehicle_motion_0p5,0.5,18.236,16.69595342120611,9.233293327181329e-08,0.04999999016044743,0.5000013932147385,-6.464474453920241e-10,-1.5568864251172879e-06,0.5000013932147385,4.375180624747455e-09,-9.022651195352811e-10,-4.390997160833337e-08,2.1258066034524528e-06,True,16.68285541296196,0.007463044078121395,-0.01309800824414964,0.007462951745188123,True,0.6546024084091187,631.5,561.0
vehicle_motion_0p5,0.5,18.288,16.72195337692551,9.231006447147922e-08,0.04999999648601694,0.4999971998373879,-2.5972644442806507e-10,1.5905413464998044e-06,0.4999971998373879,-3.984899393692809e-09,8.695468875188433e-10,-4.390356814057498e-08,2.1265832119152956e-06,True,16.70293659515073,0.006841992898664098,-0.01901678177477706,0.006841900588599626,True,0.6546024084091187,631.5,561.0
vehicle_motion_0p5,0.5,18.34,16.747953354650658,9.228563302684958e-08,0.04999999016044743,0.5000015719037564,-6.46447447540735e-10,-1.5568864251726326e-06,0.5000015719037564,4.3751806245738055e-09,-9.022651193101775e-10,-4.389643945550594e-08,2.1258066035353896e-06,True,16.717896488887632,0.006843661918977543,-0.030056865763025797,0.0068435696333445165,True,0.6546024084091187,631.5,561.0
vehicle_motion_0p5,0.5,18.392,16.77395331997426,9.226276422651673e-08,0.04999999648601694,0.49999738567604557,-2.597264444375942e-10,1.5905413464999708e-06,0.49999738567604557,-3.984899392580818e-09,8.695468860288972e-10,-4.389003598774811e-08,2.126583210918051e-06,True,16.747216176537886,0.008109021338947826,-0.026737143436374566,0.008108929076183598,True,0.6546024084091187,631.5,561.0
vehicle_motion_0p5,0.5,18.444,16.799953281637,9.223833278190237e-08,0.04999999016044743,0.5000008434248128,-6.464474465382715e-10,-1.556886425110349e-06,0.5000008434248128,4.375180625439991e-09,-9.022651184742139e-10,-4.3882907302684296e-08,2.12580660336705e-06,True,16.783226126701873,0.006814671490156943,-0.016727154935125554,0.006814579251824162,True,0.6546024084091187,631.5,561.0
vehicle_motion_0p5,0.5,18.496,16.825953212478442,9.22154639815684e-08,0.04999999648601694,0.49999688970052486,-2.597264444507232e-10,1.5905413465138486e-06,0.49999688970052486,-3.984899390082888e-09,8.695468868051853e-10,-4.387650383492624e-08,2.12658321094838e-06,True,16.800242643424696,0.007061343301500131,-0.025710569053746468,0.007061251086036149,True,0.6621292233467102,631.0,552.5
vehicle_motion_0p5,0.5,18.548000000000002,16.85195317543937,9.219103253694263e-08,0.04999999016044743,0.5000011950987059,-6.464474465971402e-10,-1.5568864251172879e-06,0.5000011950987059,4.3751806258054e-09,-9.022651184754936e-10,-4.386937514985876e-08,2.1258066033822892e-06,True,16.83259308399228,0.006794620072505184,-0.01936009144709061,0.0067945278814726465,True,0.6621292233467102,631.0,552.5
vehicle_motion_0p5,0.5,18.6,16.87795312310795,9.216816373661117e-08,0.04999999648601694,0.49999707883624744,-2.5972644446258166e-10,1.5905413464791542e-06,0.49999707883624744,-3.984899393030146e-09,8.695468868188667e-10,-4.386297168210168e-08,2.1265832118226247e-06,True,16.866402261172222,0.006836738350685613,-0.011550861935727852,0.006836646182521876,True,0.6621292233467102,631.0,552.5
vehicle_motion_0p5,0.5,18.652,16.903953072195197,9.21437322919948e-08,0.04999999016044743,0.5000008087695135,-6.464474463896172e-10,-1.5568864251866768e-06,0.5000008087695135,4.3751806246178165e-09,-9.022651196318066e-10,-4.3855842997037455e-08,2.125806603631123e-06,True,16.866402261172222,0.006836738350685613,-0.03755081102297453,0.006836646206953321,True,0.6621292233467102,631.0,552.5
vehicle_motion_0p5,0.5,18.704,16.92995302645235,9.212086349165257e-08,0.04999999648601694,0.49999763232500005,-2.597264444729578e-10,1.590541346493032e-06,0.49999763232500005,-3.984899392649699e-09,8.695468864165222e-10,-4.384943952927693e-08,2.126583211780611e-06,True,16.90097103241444,0.00680786541703087,-0.028981994037909686,0.006807773296167378,True,0.6621292233467102,631.0,552.5
vehicle_motion_0p5,0.5,18.756,16.955953024507405,9.209643204703087e-08,0.04999999016044743,0.5000017319103677,-6.464474470911722e-10,-1.5568864251313323e-06,0.5000017319103677,4.3751806244304195e-09,-9.022651188882954e-10,-4.3842310844211066e-08,2.1258066033941274e-06,True,16.931176538791217,0.008458287288442038,-0.02477648571618829,0.008458195192009991,True,0.6621292233467102,631.0,552.5
vehicle_motion_0p5,0.5,18.808,16.98195300198981,9.207356324669713e-08,0.04999999648601694,0.499997882453137,-2.5972644447804e-10,1.590541346486093e-06,0.499997882453137,-3.984899390846538e-09,8.695468860319702e-10,-4.383590737645351e-08,2.1265832107741936e-06,True,16.949380267776018,0.0069469006404030585,-0.03257273421379381,0.006946808566839812,True,0.6621292233467102,631.0,552.5
vehicle_motion_0p5,0.5,18.86,17.00795300964536,9.204913180207885e-08,0.04999999016044743,0.5000018450317258,-6.464474470926545e-10,-1.5568864251311657e-06,0.5000018450317258,4.375180622919973e-09,-9.022651192294234e-10,-4.3828778691388926e-08,2.1258066033990948e-06,True,17.000520614436983,0.006759882774866233,-0.007432395208375908,0.006759790725734431,True,0.6621292233467102,631.0,552.5
vehicle_motion_0p5,0.5,18.912,17.03395298785709,9.202626300175004e-08,0.04999999648601694,0.499997620460635,-2.5972644451636825e-10,1.5905413464444597e-06,0.499997620460635,-3.984899392738926e-09,8.695468873558991e-10,-4.382237522363316e-08,2.1265832117293698e-06,True,17.000520614436983,0.006759882774866233,-0.03343237342010852,0.006759790748603231,True,0.6513662934303284,631.0,542.0
vehicle_motion_0p5,0.5,18.964,17.059952966882232,9.200183155713472e-08,0.04999999016044743,0.5000014786653028,-6.464474466841729e-10,-1.5568864252007213e-06,0.5000014786653028,4.375180624889708e-09,-9.0226511939064e-10,-4.3815246538569705e-08,2.125806603567202e-06,True,17.033373246694023,0.0073888171329272445,-0.02657972018820942,0.007388725131095688,True,0.6513662934303284,631.0,542.0
vehicle_motion_0p5,0.5,19.016,17.08595294568569,9.197896275680092e-08,0.04999999648601694,0.49999772849522434,-2.59726444433359e-10,1.5905413464375208e-06,0.49999772849522434,-3.984899391361592e-09,8.695468868156718e-10,-4.3808843070812436e-08,2.1265832108110264e-06,True,17.04980947755611,0.006764022262163394,-0.03614346812958047,0.006763930283200637,True,0.6513662934303284,631.0,542.0
vehicle_motion_0p5,0.5,19.068,17.111952932525035,9.195453131218457e-08,0.04999999016044743,0.5000016561806471,-6.464474466208572e-10,-1.5568864252003882e-06,0.5000016561806471,4.375180624284363e-09,-9.02265118581303e-10,-4.3801714385748736e-08,2.1258066035823076e-06,True,17.098193356098765,0.007074134052117208,-0.01375957642627057,0.007074042097585896,True,0.6513662934303284,631.0,542.0
vehicle_motion_0p5,0.5,19.12,17.13795292755288,9.193166251184537e-08,0.04999999648601694,0.49999836306087375,-2.5972644450874496e-10,1.5905413464652764e-06,0.49999836306087375,-3.984899392382111e-09,8.695468872070682e-10,-4.379531091798981e-08,2.126583211654287e-06,True,17.098193356098765,0.007074134052117208,-0.03975957145411613,0.007074042120454697,True,0.6513662934303284,631.0,542.0
vehicle_motion_0p5,0.5,19.172,17.16395295314118,9.190723106723183e-08,0.04999999016044743,0.5000020697606211,-6.464474460605449e-10,-1.5568864251519823e-06,0.5000020697606211,4.375180623487249e-09,-9.022651181741423e-10,-4.37881822329272e-08,2.1258066034236706e-06,True,17.14968989868761,0.008297419858402521,-0.01426305445357201,0.008297327951171454,True,0.6513662934303284,631.0,542.0
vehicle_motion_0p5,0.5,19.224,17.18995295443434,9.188436226689759e-08,0.04999999648601694,0.4999984253831783,-2.597264444568642e-10,1.5905413464513986e-06,0.4999984253831783,-3.984899389731487e-09,8.695468862406268e-10,-4.3781778765170055e-08,2.126583210730111e-06,True,17.16663183505718,0.007161103332679484,-0.023321119377158084,0.007161011448317217,True,0.6514537334442139,631.0,525.5
vehicle_motion_0p5,0.5,19.276,17.215952992045104,9.185993082227725e-08,0.04999999016044743,0.5000026508481393,-6.464474462106815e-10,-1.5568864252144324e-06,0.5000026508481393,4.3751806262651e-09,-9.022651196640017e-10,-4.3774650080105316e-08,2.1258066036846232e-06,True,17.19817487932295,0.006776955133724716,-0.017778112722155015,0.006776863273793893,True,0.6514537334442139,631.0,525.5
vehicle_motion_0p5,0.5,19.328,17.24195303427826,9.183706202193984e-08,0.04999999648601694,0.499999195682501,-2.597264445180623e-10,1.5905413464444597e-06,0.499999195682501,-3.984899391908417e-09,8.695468874755637e-10,-4.3768246612347267e-08,2.1265832115886564e-06,True,17.19817487932295,0.006776955133724716,-0.04377815495531223,0.006776863296662694,True,0.6514537334442139,631.0,525.5
vehicle_motion_0p5,0.5,19.38,17.267953093335223,9.181263057733063e-08,0.04999999016044743,0.5000026084043673,-6.464474459713947e-10,-1.5568864251658601e-06,0.5000026084043673,4.375180625202977e-09,-9.022651194947609e-10,-4.376111792728639e-08,2.1258066034449214e-06,True,17.25208282630155,0.006658527896905291,-0.015870267033673002,0.006658436084274714,True,0.6514537334442139,631.0,525.5
vehicle_motion_0p5,0.5,19.432,17.293953106885105,9.178976177700577e-08,0.04999999648601694,0.4999982238957235,-2.597264430660361e-10,1.590541346402993e-06,0.4999982238957235,-3.984899392373935e-09,8.695468867146783e-10,-4.3754714459532644e-08,2.1265832115758815e-06,True,17.281258497374324,0.007229479472351046,-0.012694609510781163,0.007229387682589269,True,0.6514537334442139,631.0,525.5
vehicle_motion_0p5,0.5,19.484,17.319953108169326,9.176533033240129e-08,0.04999999016044743,0.5000015474267635,-6.464474459629243e-10,-1.556886425172799e-06,0.5000015474267635,4.375180624329766e-09,-9.022651184916405e-10,-4.374758577447345e-08,2.1258066034517624e-06,True,17.298724381641616,0.007694482021833091,-0.021228726527709796,0.007694390256502758,True,0.6514537334442139,631.0,525.5
vehicle_motion_0p5,0.5,19.536,17.345953092473916,9.174246153206542e-08,0.04999999648601694,0.4999981456643071,-2.5972644309017653e-10,1.5905413464167041e-06,0.4999981456643071,-3.984899391774754e-09,8.695468869306325e-10,-4.37411823067162e-08,2.126583211528092e-06,True,17.33348315199227,0.007943506438580862,-0.012469940481647512,0.00794341469611933,True,0.6514537334442139,631.0,525.5
vehicle_motion_0p5,0.5,19.588,17.371953094677608,9.171803008745969e-08,0.04999999016044743,0.5000015739698941,-6.464474446862339e-10,-1.5568864251795715e-06,0.5000015739698941,4.375180622932455e-09,-9.022651184121008e-10,-4.373405362165669e-08,2.12580660256731e-06,True,17.33348315199227,0.007943506438580862,-0.038469942685338765,0.007943414720550775,True,0.6495035290718079,631.0,508.5
vehicle_motion_0p5,0.5,19.64,17.39795305895933,9.169516128713628e-08,0.04999999648601694,0.4999973451695718,-2.5972644453373243e-10,1.5905413463891152e-06,0.4999973451695718,-3.984899388902571e-09,8.6954688612568e-10,-4.3727650153903716e-08,2.1265832105423204e-06,True,17.368079612243466,0.00841601113827541,-0.02987344671586456,0.008415919443114123,True,0.6495035290718079,631.0,508.5
vehicle_motion_0p5,0.5,19.692,17.423953043684687,9.167072984252026e-08,0.04999999016044743,0.5000016947405853,-6.46447446435357e-10,-1.5568864252281437e-06,0.5000016947405853,4.375180623547636e-09,-9.022651185207372e-10,-4.372052146884092e-08,2.125806602723525e-06,True,17.4002101579842,0.006748166844991054,-0.023742885700485772,0.0067480751742612114,True,0.6495035290718079,631.0,508.5
vehicle_motion_0p5,0.5,19.744,17.449953039834856,9.164786104218596e-08,0.04999999648601694,0.49999831563166425,-2.5972644453775584e-10,1.5905413463750708e-06,0.49999831563166425,-3.984899390271162e-09,8.695468867718511e-10,-4.3714118001084435e-08,2.126583211480108e-06,True,17.43372936542647,0.008896055913138768,-0.016223674408387012,0.008895964265277726,True,0.6495035290718079,631.0,508.5
vehicle_motion_0p5,0.5,19.796,17.475953046706575,9.162342959758435e-08,0.04999999016044743,0.5000016602516965,-6.46447445807282e-10,-1.5568864251795715e-06,0.5000016602516965,4.375180625693885e-09,-9.022651186621224e-10,-4.37069893160266e-08,2.1258066034693714e-06,True,17.46845145566048,0.006646362423803373,-0.007501591046093381,0.006646270800373775,True,0.6495035290718079,631.0,508.5
vehicle_motion_0p5,0.5,19.848,17.501953015878065,9.160056079726075e-08,0.04999999648601694,0.4999975625269033,-2.5972644456973133e-10,1.5905413463889485e-06,0.4999975625269033,-3.9848993905724794e-09,8.695468872443588e-10,-4.3700585848273836e-08,2.1265832114373374e-06,True,17.46845145566048,0.006646362423803373,-0.03350156021758366,0.006646270823242576,True,0.6495035290718079,631.0,508.5
vehicle_motion_0p5,0.5,19.9,17.52795301139475,9.157612935264646e-08,0.04999999016044743,0.5000018901396045,-6.464474464453096e-10,-1.5568864252491269e-06,0.5000018901396045,4.375180623819103e-09,-9.022651191180287e-10,-4.36934571632119e-08,2.1258066027376938e-06,True,17.498517132857216,0.006929888067171232,-0.02943587853753371,0.006929796491041879,True,0.651736855506897,631.0,493.5
vehicle_motion_0p5,0.5,19.951999999999998,17.553953015791866,9.155326055231587e-08,0.04999999648601694,0.4999983466299445,-2.5972644459344825e-10,1.5905413463613596e-06,0.4999983466299445,-3.984899388694494e-09,8.695468862196111e-10,-4.3687053695456944e-08,2.126583210532015e-06,True,17.529501092393307,0.006755699206169552,-0.024451923398558506,0.006755607652909,True,0.651736855506897,631.0,493.5
vehicle_motion_0p5,0.5,20.004,17.579953023965036,9.152882910771653e-08,0.04999999016044743,0.5000016828092549,-6.464474457460839e-10,-1.5568864251936157e-06,0.5000016828092549,4.3751806255986095e-09,-9.022651194226776e-10,-4.367992501040013e-08,2.1258066034758106e-06,True,17.548679062422675,0.006726787509638945,-0.03127396154236095,0.006726695980809837,True,0.651736855506897,631.0,493.5
vehicle_motion_0p5,0.5,20.056,17.605952996043587,9.15059603073927e-08,0.04999999648601694,0.4999977215104231,-2.597264445760841e-10,1.5905413463752374e-06,0.4999977215104231,-3.984899391522753e-09,8.695468861023153e-10,-4.367352154264758e-08,2.1265832113706683e-06,True,17.57860889365167,0.007107532523794483,-0.027344102391918312,0.007107441017834176,True,0.651736855506897,631.0,493.5
vehicle_motion_0p5,0.5,20.108,17.63195299941248,9.148152886278096e-08,0.04999999016044743,0.5000020324411623,-6.464474460035819e-10,-1.5568864252489604e-06,0.5000020324411623,4.375180624730793e-09,-9.022651188717944e-10,-4.3666392857586774e-08,2.125806602751193e-06,True,17.598670185376186,0.007568358430472689,-0.033282814036294184,0.007568266948943826,True,0.651736855506897,631.0,493.5
vehicle_motion_0p5,0.5,20.164,17.65995301674546,9.145605950012557e-08,0.04999999016044743,0.5000021005598252,-6.464474458237992e-10,-1.5568864251934493e-06,0.5000021005598252,4.375180626284954e-09,-9.022651191617821e-10,-4.365910631376505e-08,2.1258066034941077e-06,True,17.63240366805067,0.008497246175885351,-0.027549348694790865,0.008497154719825852,True,0.651736855506897,631.0,493.5
vehicle_motion_0p5,0.5,20.216,17.685953006697257,9.143319069980688e-08,0.04999999648601694,0.49999781832877127,-2.5972644456401386e-10,1.5905413463334374e-06,0.49999781832877127,-3.9848993905683965e-09,8.695468866057321e-10,-4.365270284601442e-08,2.126583211343246e-06,True,17.651264262606578,0.0067237573521906156,-0.03468874409067979,0.006723665918999915,True,0.651736855506897,631.0,493.5
vehicle_motion_0p5,0.5,20.268,17.711952996319045,9.140875925520234e-08,0.04999999016044743,0.5000016899060484,-6.464474462847969e-10,-1.5568864252630046e-06,0.5000016899060484,4.3751806252428805e-09,-9.022651196474111e-10,-4.3645574160956214e-08,2.1258066027666267e-06,True,17.696662912970933,0.006673705356348056,-0.01529008334811266,0.006673613947588801,True,0.6968367695808411,630.5,482.0
vehicle_motion_0p5,0.5,20.32,17.737952982308542,9.138589045488048e-08,0.04999999648601694,0.4999978157839809,-2.597264445824368e-10,1.5905413463264985e-06,0.4999978157839809,-3.984899389153449e-09,8.695468873375219e-10,-4.36391706932047e-08,2.126583210420742e-06,True,17.696662912970933,0.006673705356348056,-0.04129006933760948,0.0066736139704576015,True,0.6968367695808411,630.5,482.0
vehicle_motion_0p5,0.5,20.372,17.76395297252551,9.136145901027707e-08,0.04999999016044743,0.5000017077920218,-6.46447446975764e-10,-1.5568864252699435e-06,0.5000017077920218,4.3751806238922815e-09,-9.022651190179994e-10,-4.363204200814699e-08,2.1258066027735224e-06,True,17.74654840798317,0.006742889393648884,-0.017404564542339074,0.0067427980321898735,True,0.6968367695808411,630.5,482.0
vehicle_motion_0p5,0.5,20.424,17.78995296982341,9.133859020994789e-08,0.04999999648601694,0.4999984050620084,-2.5972644460805957e-10,1.5905413463544207e-06,0.4999984050620084,-3.984899390334064e-09,8.695468874177734e-10,-4.362563854039317e-08,2.1265832112677965e-06,True,17.765395641447526,0.006722092784275147,-0.024557328375884424,0.006722001445684937,True,0.6968367695808411,630.5,482.0
vehicle_motion_0p5,0.5,20.476,17.81595299463991,9.131415876534912e-08,0.04999999016044743,0.5000020242544676,-6.464474456732391e-10,-1.5568864252144324e-06,0.5000020242544676,4.375180626006925e-09,-9.022651187905326e-10,-4.361850985533716e-08,2.12580660351226e-06,True,17.79982665960383,0.00678276307529013,-0.01612633503608052,0.006782671761131364,True,0.6968367695808411,630.5,482.0
vehicle_motion_0p5,0.5,20.528,17.841952995971496,9.129128996502308e-08,0.04999999648601694,0.4999984356771016,-2.5972644462288265e-10,1.590541346340543e-06,0.4999984356771016,-3.984899387909011e-09,8.69546886157346e-10,-4.3612106387584517e-08,2.126583210343302e-06,True,17.830579680194617,0.007163233844834642,-0.011373315776879167,0.007163142553544677,True,0.6968367695808411,630.5,482.0
vehicle_motion_0p5,0.5,20.58,17.867953033622157,9.12668585204155e-08,0.04999999016044743,0.5000026456486489,-6.46447445664557e-10,-1.5568864252768824e-06,0.5000026456486489,4.375180625515942e-09,-9.022651192129939e-10,-4.360497770252568e-08,2.125806602783453e-06,True,17.830579680194617,0.007163233844834642,-0.037373353427540223,0.007163142577976122,True,0.7173469066619873,631.0,469.0
vehicle_motion_0p5,0.5,20.632,17.89395307512785,9.124398972008813e-08,0.04999999648601694,0.49999917731915633,-2.597264445546965e-10,1.590541346333604e-06,0.49999917731915633,-3.984899390276462e-09,8.69546887081947e-10,-4.359857423477275e-08,2.126583211208076e-06,True,17.864720038278975,0.007087137517285762,-0.02923303684887557,0.0070870462732960425,True,0.7173469066619873,631.0,469.0
vehicle_motion_0p5,0.5,20.684,17.91995314811528,9.121955827548176e-08,0.04999999016044743,0.5000032728099805,-6.464474460747327e-10,-1.5568864252838213e-06,0.5000032728099805,4.375180624142789e-09,-9.022651198589687e-10,-4.3591445549714446e-08,2.125806602882069e-06,True,17.899165028248348,0.007139257305991875,-0.020788119866931964,0.007139166086433599,True,0.7173469066619873,631.0,469.0
vehicle_motion_0p5,0.5,20.736,17.945953219146556,9.119668947515528e-08,0.04999999648601694,0.49999969832571867,-2.5972644461970627e-10,1.5905413463197263e-06,0.49999969832571867,-3.984899390610734e-09,8.69546886351345e-10,-4.3585042081961955e-08,2.1265832111749113e-06,True,17.929366254593532,0.006757383913305254,-0.01658696455302433,0.006757292716615779,True,0.7173469066619873,631.0,469.0
vehicle_motion_0p5,0.5,20.788,17.971953294921093,9.11722580305613e-08,0.04999999016044743,0.5000028701496607,-6.464474456717568e-10,-1.5568864252283102e-06,0.5000028701496607,4.375180624236896e-09,-9.022651183814077e-10,-4.3577913396907936e-08,2.1258066026477478e-06,True,17.929366254593532,0.006757383913305254,-0.042587040327561,0.006757292741047223,True,0.7173469066619873,631.0,469.0
vehicle_motion_0p5,0.5,20.84,17.997953320216578,9.114938923024727e-08,0.04999999648601694,0.49999841322121386,-2.5972644466608133e-10,1.5905413462777598e-06,0.49999841322121386,-3.984899389958986e-09,8.695468869378749e-10,-4.3571509929159714e-08,2.126583211152128e-06,True,17.965831205788483,0.00819116874831543,-0.03212211442809476,0.0081910775989262,True,0.7173469066619873,631.0,469.0
vehicle_motion_0p5,0.5,20.892,18.02395335495499,9.112495778564306e-08,0.04999999016044743,0.500002567116287,-6.464474455991237e-10,-1.5568864252905938e-06,0.500002567116287,4.375180626264968e-09,-9.022651186124963e-10,-4.3564381244102386e-08,2.125806602810969e-06,True,18.00029757333795,0.008306532905894025,-0.023655781617041072,0.008306441780936239,True,0.7173469066619873,631.0,469.0
vehicle_motion_0p5,0.5,20.944,18.049953391651282,9.110208898531795e-08,0.04999999648601694,0.49999901759488496,-2.597264446434232e-10,1.590541346271154e-06,0.49999901759488496,-3.984899389995974e-09,8.695468874618709e-10,-4.3557977776350637e-08,2.126583211128243e-06,True,18.013792266897337,0.007171717723783254,-0.03616112475394573,0.0071716266216942685,True,0.722625195980072,630.0,449.0
vehicle_motion_0p5,0.5,20.996,18.075953430914417,9.107765754072778e-08,0.04999999016044743,0.5000022178645643,-6.464474454739746e-10,-1.5568864252281437e-06,0.5000022178645643,4.375180625962003e-09,-9.022651188014874e-10,-4.3550849091298127e-08,2.125806603546098e-06,True,18.048492748547357,0.007153665899831044,-0.02746068236706023,0.007153574822173503,True,0.722625195980072,630.0,449.0
vehicle_motion_0p5,0.5,21.048,18.101953425540167,9.105478874041364e-08,0.04999999648601694,0.49999799604212514,-2.597264446620579e-10,1.5905413462850318e-06,0.49999799604212514,-3.984899389082114e-09,8.69546886267492e-10,-4.354444562355016e-08,2.1265832110798835e-06,True,18.07799602704698,0.00682710078473269,-0.02395739849318801,0.00682700972994395,True,0.722625195980072,630.0,449.0
vehicle_motion_0p5,0.5,21.1,18.127953440622623,9.103035729581143e-08,0.04999999016044743,0.5000022199735634,-6.464474445216978e-10,-1.5568864252976991e-06,0.5000022199735634,4.3751806254197615e-09,-9.022651194189579e-10,-4.353731693849378e-08,2.1258066028228506e-06,True,18.103917906779618,0.008291374949709558,-0.02403553384300494,0.008291283919352263,True,0.722625195980072,630.0,449.0
vehicle_motion_0p5,0.5,21.156,18.15595346916371,9.10048879331636e-08,0.04999999016044743,0.5000023543993505,-6.464474455546544e-10,-1.5568864252420215e-06,0.5000023543993505,4.375180623461135e-09,-9.02265119083908e-10,-4.3530030394676004e-08,2.125806602667464e-06,True,18.12902667218935,0.006861584755948241,-0.02692679697435807,0.006861493751060308,True,0.722625195980072,630.0,449.0
vehicle_motion_0p5,0.5,21.208,18.181953470359694,9.09820191328525e-08,0.04999999648601694,0.499998004469795,-2.597264446616344e-10,1.5905413462505038e-06,0.499998004469795,-3.984899386891479e-09,8.695468874784974e-10,-4.352362692692927e-08,2.1265832101516604e-06,True,18.146641426196886,0.006792116515611236,-0.035312044162807865,0.006792025533592103,True,0.722625195980072,630.0,449.0
vehicle_motion_0p5,0.5,21.26,18.20795346020342,9.095758768826526e-08,0.04999999016044743,0.500001335603888,-6.464474461329662e-10,-1.5568864252420215e-06,0.500001335603888,4.3751806243399334e-09,-9.022651190065746e-10,-4.351649824187809e-08,2.125806602675806e-06,True,18.19748307543956,0.0072433012545352485,-0.010470384763859641,0.00724321029694756,True,0.722625195980072,630.0,449.0
vehicle_motion_0p5,0.5,21.312,18.23395341252431,9.093471888795526e-08,0.04999999648601694,0.4999971376688099,-2.5972644460361265e-10,1.5905413462364595e-06,0.4999971376688099,-3.984899388668088e-09,8.695468859981942e-10,-4.351009477413188e-08,2.126583211011603e-06,True,18.19748307543956,0.0072433012545352485,-0.03647033708475078,0.007243210319816361,True,0.6764214634895325,630.0,433.0
vehicle_motion_0p5,0.5,21.364,18.259953367533903,9.091028744336295e-08,0.04999999016044743,0.5000010348676074,-6.46447445492821e-10,-1.5568864253117436e-06,0.5000010348676074,4.375180625607243e-09,-9.022651193795967e-10,-4.350296608907913e-08,2.125806602835888e-06,True,18.231415479493478,0.007181919310870455,-0.02853788804042523,0.007181828400583012,True,0.6764214634895325,630.0,433.0
vehicle_motion_0p5,0.5,21.416,18.285953324356953,9.088741864304769e-08,0.04999999648601694,0.4999973238803,-2.597264446732811e-10,1.5905413462295206e-06,0.4999973238803,-3.9848993878760435e-09,8.695468866988206e-10,-4.34965626213313e-08,2.1265832100885852e-06,True,18.261071853930947,0.00681323399962471,-0.024881470426006302,0.006813143112206067,True,0.6764214634895325,630.0,433.0
vehicle_motion_0p5,0.5,21.468,18.31195329124136,9.086298719845448e-08,0.04999999016044743,0.5000012899906218,-6.464474456217818e-10,-1.5568864253114105e-06,0.5000012899906218,4.37518062436201e-09,-9.022651189110318e-10,-4.348943393627838e-08,2.1258066028526734e-06,True,18.295396868896827,0.006866485361557857,-0.01655642234453225,0.006866394498570658,True,0.6764214634895325,630.0,433.0
vehicle_motion_0p5,0.5,21.52,18.33795325830832,9.084011839814183e-08,0.04999999648601694,0.4999974803859927,-2.597264447175386e-10,1.5905413462154762e-06,0.4999974803859927,-3.984899388716062e-09,8.69546887198322e-10,-4.3483030468531566e-08,2.126583210948115e-06,True,18.31417265081526,0.006862016126219617,-0.023780607493062433,0.006861925286101219,True,0.6764214634895325,630.0,433.0
vehicle_motion_0p5,0.5,21.572,18.36395322503892,9.081568695355749e-08,0.04999999016044743,0.5000009465499076,-6.464474460124758e-10,-1.5568864252558993e-06,0.5000009465499076,4.37518062550429e-09,-9.022651194897637e-10,-4.347590178348175e-08,2.1258066026964577e-06,True,18.345987302672047,0.007183601217806725,-0.01796592236687289,0.007183510402119772,True,0.6764214634895325,630.0,433.0
vehicle_motion_0p5,0.5,21.624,18.389953172353763,9.079281815324172e-08,0.04999999648601694,0.4999974642289484,-2.5972644465019946e-10,1.5905413462435649e-06,0.4999974642289484,-3.9848993887619895e-09,8.695468863716761e-10,-4.346949831573404e-08,2.1265832109089756e-06,True,18.368203197489926,0.008278205444053357,-0.02174997486383745,0.008278114651235204,True,0.7337412238121033,629.5,419.5
vehicle_motion_0p5,0.5,21.676,18.415953151932854,9.076838670865498e-08,0.04999999016044743,0.5000012198679645,-6.464474450269529e-10,-1.5568864252560658e-06,0.5000012198679645,4.375180624054585e-09,-9.022651191276913e-10,-4.346236963068356e-08,2.1258066027076533e-06,True,18.400162881114895,0.007882094522799102,-0.01579027081795914,0.007882003754412394,True,0.7337412238121033,629.5,419.5
vehicle_motion_0p5,0.5,21.728,18.441953100318788,9.074551790834815e-08,0.04999999648601694,0.4999970866959628,-2.597264446878924e-10,1.590541346201765e-06,0.4999970866959628,-3.98489938840011e-09,8.695468871334127e-10,-4.345596616293897e-08,2.12658321089187e-06,True,18.400162881114895,0.007882094522799102,-0.04179021920389303,0.007882003777281193,True,0.7337412238121033,629.5,419.5
vehicle_motion_0p5,0.5,21.78,18.46795304834053,9.072108646376604e-08,0.04999999016044743,0.5000006159861363,-6.464474450513051e-10,-1.5568864252630046e-06,0.5000006159861363,4.375180624027653e-09,-9.022651197333912e-10,-4.344883747789017e-08,2.125806602714706e-06,True,18.44910392874627,0.00718900567007899,-0.018849119594261055,0.007188914948992526,True,0.7337412238121033,629.5,419.5
vehicle_motion_0p5,0.5,21.832,18.493952967971683,9.069821766345961e-08,0.04999999648601694,0.49999657707659356,-2.5972644470504484e-10,1.5905413461877206e-06,0.49999657707659356,-3.984899387209359e-09,8.695468864555098e-10,-4.344243401014586e-08,2.1265832099652767e-06,True,18.483093155653357,0.008180474345846555,-0.010859812318326334,0.008180383647628891,True,0.7337412238121033,629.5,419.5
vehicle_motion_0p5,0.5,21.888,18.519952910311467,9.067378621886642e-08,0.04999999016044743,0.5000009551753392,-6.464474455341139e-10,-1.5568864253322271e-06,0.5000009551753392,4.375180626682013e-09,-9.022651196492548e-10,-4.3435305325093455e-08,2.1258066028838264e-06,True,18.496373564168543,0.0076492363190783326,-0.023579346142923896,0.007649145645292114,True,0.7337412238121033,629.5,419.5
vehicle_motion_0p5,0.5,21.94,18.54795287964215,9.064831685622124e-08,0.04999999016044743,0.5000016653520484,-6.464474452501461e-10,-1.5568864253323936e-06,0.5000016653520484,4.3751806269946935e-09,-9.022651186331669e-10,-4.342801878127768e-08,2.1258066028869376e-06,True,18.513347027144977,0.006964604806950338,-0.03460585249717241,0.006964514158633482,True,0.7337412238121033,629.5,419.5
vehicle_motion_0p5,0.5,21.992,18.573952850724215,9.062544805591606e-08,0.04999999648601694,0.49999751056161273,-2.597264447071624e-10,1.5905413461809484e-06,0.49999751056161273,-3.984899386337235e-09,8.695468874302417e-10,-4.3421615313534006e-08,2.126583209920573e-06,True,18.551677561074847,0.008072565654763927,-0.02227528964936809,0.008072475029315872,True,0.7337412238121033,629.5,419.5
vehicle_motion_0p5,0.5,22.044,18.599952819767267,9.060101661133434e-08,0.04999999016044743,0.5000010579704994,-6.464474454530105e-10,-1.5568864253251216e-06,0.5000010579704994,4.375180625511218e-09,-9.022651197174388e-10,-4.3414486628485666e-08,2.1258066028790394e-06,True,18.57686510009944,0.006837304347112252,-0.023087719667827855,0.006837213746095641,True,0.7173278331756592,629.5,404.0
vehicle_motion_0p5,0.5,22.096,18.6259527861061,9.057814781101816e-08,0.04999999648601694,0.4999978545908047,-2.597264447149975e-10,1.5905413461948262e-06,0.4999978545908047,-3.984899386327645e-09,8.695468871152124e-10,-4.340808316073847e-08,2.1265832098776317e-06,True,18.595852723873247,0.0071375465881431364,-0.03010006223285444,0.007137456009995325,True,0.7173278331756592,629.5,404.0
vehicle_motion_0p5,0.5,22.148,18.651952796902474,9.055371636642758e-08,0.04999999016044743,0.5000020726753285,-6.464474447722078e-10,-1.5568864252699435e-06,0.5000020726753285,4.375180626262817e-09,-9.022651192433667e-10,-4.340095447568729e-08,2.1258066027304906e-06,True,18.625605203418015,0.006736296313281894,-0.026347593484459253,0.006736205759565527,True,0.7173278331756592,629.5,404.0
vehicle_motion_0p5,0.5,22.2,18.677952787034005,9.053084756612386e-08,0.04999999648601694,0.49999784452632534,-2.597264447128799e-10,1.5905413461602981e-06,0.49999784452632534,-3.98489938868007e-09,8.695468867016483e-10,-4.339455100794439e-08,2.126583210753392e-06,True,18.645697765760957,0.006803545009019325,-0.03225502127304836,0.006803454478171759,True,0.7173278331756592,629.5,404.0
vehicle_motion_0p5,0.5,22.252,18.703952773002012,9.050641612154243e-08,0.04999999016044743,0.5000014713655947,-6.464474452706867e-10,-1.5568864253532103e-06,0.5000014713655947,4.375180625699e-09,-9.022651192037217e-10,-4.33874223228964e-08,2.1258066028984204e-06,True,18.67879988020181,0.007287699010955018,-0.025152892800200277,0.007287608504538897,True,0.7173278331756592,629.5,404.0
vehicle_motion_0p5,0.5,22.304,18.729952759082053,9.048354732122796e-08,0.04999999648601694,0.499998202732746,-2.597264447442201e-10,1.5905413461740095e-06,0.499998202732746,-3.984899387642553e-09,8.69546885953032e-10,-4.338101885515007e-08,2.1265832107110934e-06,True,18.701673926709663,0.008265425895877114,-0.028278832372389928,0.008265335412329792,True,0.7173278331756592,629.5,404.0
vehicle_motion_0p5,0.5,22.356,18.755952784424053,9.04591158766415e-08,0.04999999016044743,0.5000022193929592,-6.464474447491261e-10,-1.5568864252838213e-06,0.5000022193929592,4.375180626223997e-09,-9.022651188909028e-10,-4.3373890170100534e-08,2.1258066027457346e-06,True,18.72615351705922,0.006919818542432056,-0.02979926736483307,0.0069197280833161795,True,0.6574478149414062,631.0,383.5
vehicle_motion_0p5,0.5,22.408,18.781952785160467,9.043624707633564e-08,0.04999999648601694,0.4999982971851543,-2.5972644475374924e-10,1.5905413461740095e-06,0.4999982971851543,-3.984899388687586e-09,8.695468867078684e-10,-4.336748670235719e-08,2.1265832106719296e-06,True,18.77049287408699,0.008194313564338824,-0.011459911073476547,0.008194223128091748,True,0.6574478149414062,631.0,383.5
vehicle_motion_0p5,0.5,22.46,18.807952812543828,9.041181563175204e-08,0.04999999016044743,0.500002195833984,-6.464474447421381e-10,-1.5568864252907602e-06,0.500002195833984,4.375180625487472e-09,-9.022651195980346e-10,-4.3360358017308755e-08,2.1258066027565445e-06,True,18.77049287408699,0.008194313564338824,-0.037459938456837705,0.008194223152523192,True,0.6574478149414062,631.0,383.5
vehicle_motion_0p5,0.5,22.512,18.833952813068965,9.03889468314454e-08,0.04999999648601694,0.4999983212055887,-2.597264447575609e-10,1.5905413461601317e-06,0.4999983212055887,-3.9848993878515706e-09,8.69546887309937e-10,-4.3353954549565323e-08,2.126583210728896e-06,True,18.794812427424297,0.006920552713347942,-0.03914038564466793,0.006920462324401111,True,0.6574478149414062,631.0,383.5
vehicle_motion_0p5,0.5,22.564,18.859952839500945,9.036451538686277e-08,0.04999999016044743,0.5000021356775802,-6.464474435327868e-10,-1.5568864252905938e-06,0.5000021356775802,4.375180623664581e-09,-9.022651190568332e-10,-4.334682586451731e-08,2.1258066018682327e-06,True,18.84578525130968,0.006973153757186638,-0.014167588191263292,0.006973063392671251,True,0.6574478149414062,631.0,383.5
vehicle_motion_0p5,0.5,22.616,18.88595283119774,9.034164658656258e-08,0.04999999648601694,0.4999978508891497,-2.5972644478826583e-10,1.5905413461254372e-06,0.4999978508891497,-3.984899386876001e-09,8.695468865965834e-10,-4.3340422396776125e-08,2.1265832106300256e-06,True,18.84578525130968,0.006973153757186638,-0.040167579888059635,0.006973063415540052,True,0.6574478149414062,631.0,383.5
vehicle_motion_0p5,0.5,22.668,18.911952822459046,9.03172151419815e-08,0.04999999016044743,0.5000017205236906,-6.464474453422609e-10,-1.5568864253741936e-06,0.5000017205236906,4.375180625534507e-09,-9.022651198559008e-10,-4.3333293711728764e-08,2.1258066029294205e-06,True,18.885350539204747,0.008176861338885006,-0.026602283254298698,0.008176771021669863,True,0.6574478149414062,631.0,383.5
vehicle_motion_0p5,0.5,22.72,18.937952819927702,9.029434634167054e-08,0.04999999648601694,0.49999839679179625,-2.5972644480944165e-10,1.5905413461464204e-06,0.49999839679179625,-3.984899387118415e-09,8.695468865398546e-10,-4.332689024398418e-08,2.126583210587237e-06,True,18.90923623652791,0.0068714568340596605,-0.028716583399791773,0.006871366539713319,True,0.6747216582298279,630.5,368.0
vehicle_motion_0p5,0.5,22.772,18.963952846560364,9.026991489709185e-08,0.04999999016044743,0.5000020794109159,-6.464474447076215e-10,-1.556886425311577e-06,0.5000020794109159,4.375180625547344e-09,-9.022651198710838e-10,-4.331976155893774e-08,2.1258066027724645e-06,True,18.943862036092657,0.006957298030641664,-0.020090810467706888,0.006957207760726767,True,0.6747216582298279,630.5,368.0
vehicle_motion_0p5,0.5,22.824,18.989952835382528,9.024704609679332e-08,0.04999999648601694,0.4999977951401196,-2.5972644476836056e-10,1.5905413461117259e-06,0.4999977951401196,-3.9848993865506355e-09,8.69546887181408e-10,-4.331335809119743e-08,2.1265832105677725e-06,True,18.943862036092657,0.006957298030641664,-0.04609079928987114,0.006957207783595568,True,0.6747216582298279,630.5,368.0
vehicle_motion_0p5,0.5,22.876,19.015952828673058,9.022261465221177e-08,0.04999999016044743,0.5000018090538738,-6.464474449926481e-10,-1.556886425374027e-06,0.5000018090538738,4.375180624740497e-09,-9.0226511955376e-10,-4.3306229406150215e-08,2.1258066020508724e-06,True,18.994628962128427,0.0069885673259422664,-0.021323866544630476,0.006988477103327615,True,0.6747216582298279,630.5,368.0
vehicle_motion_0p5,0.5,22.928,19.04195281523378,9.019974585191207e-08,0.04999999648601694,0.4999977854996331,-2.597264447804308e-10,1.5905413460976817e-06,0.4999977854996331,-3.984899385609476e-09,8.695468873183333e-10,-4.329982593840964e-08,2.126583209642593e-06,True,19.012741105180677,0.0069790391479727385,-0.02921171005310441,0.006978948948226886,True,0.6747216582298279,630.5,368.0
vehicle_motion_0p5,0.5,22.98,19.0679527963092,9.017531440734133e-08,0.04999999016044743,0.5000011965408145,-6.464474443378916e-10,-1.5568864253185158e-06,0.5000011965408145,4.375180626995595e-09,-9.02265118820318e-10,-4.329269725336616e-08,2.1258066027933565e-06,True,19.046789784171718,0.007462293870959868,-0.02116301213748173,0.00746220369564546,True,0.6747216582298279,630.5,368.0
vehicle_motion_0p5,0.5,23.032,19.093952743066232,9.015244560704437e-08,0.04999999648601694,0.4999970499398318,-2.59726443263183e-10,1.5905413460907428e-06,0.4999970499398318,-3.984899386651668e-09,8.695468865220686e-10,-4.328629378562661e-08,2.1265832105051687e-06,True,19.080888232670787,0.007486202222590189,-0.013064510395444984,0.0074861120701445825,True,0.6747216582298279,630.5,368.0
vehicle_motion_0p5,0.5,23.084,19.119952707340865,9.012801416246298e-08,0.04999999016044743,0.5000013350415133,-6.464474448759693e-10,-1.5568864253877383e-06,0.5000013350415133,4.375180627334903e-09,-9.022651189604268e-10,-4.32791651005797e-08,2.125806602963461e-06,True,19.080888232670787,0.007486202222590189,-0.03906447467007723,0.007486112094576027,True,0.6747216582298279,630.5,368.0
vehicle_motion_0p5,0.5,23.136,19.145952687178323,9.010514536215506e-08,0.04999999648601694,0.49999810217258045,-2.5972644478000726e-10,1.590541346104787e-06,0.49999810217258045,-3.984899384715426e-09,8.695468871685948e-10,-4.32727616328367e-08,2.126583209564781e-06,True,19.109483692619595,0.00702658332379268,-0.036468994558727985,0.007026493218647317,True,0.7211012840270996,631.0,358.5
vehicle_motion_0p5,0.5,23.188,19.171952688436843,9.008071391758456e-08,0.04999999016044743,0.5000015740399696,-6.464474446080951e-10,-1.5568864253322271e-06,0.5000015740399696,4.375180626777073e-09,-9.022651193292825e-10,-4.326563294779355e-08,2.1258066028152744e-06,True,19.143622862784795,0.006998546673960266,-0.028329825652047447,0.006998456593246348,True,0.7211012840270996,631.0,358.5
vehicle_motion_0p5,0.5,23.24,19.197952653561696,9.005784511728928e-08,0.04999999648601694,0.4999973752212212,-2.5972644480732407e-10,1.5905413460770314e-06,0.4999973752212212,-3.984899384772667e-09,8.695468859151639e-10,-4.325922948005488e-08,2.126583209552209e-06,True,19.18436707420807,0.008284973120404803,-0.013585579353627253,0.008284883062559686,True,0.7211012840270996,631.0,358.5
vehicle_motion_0p5,0.5,23.292,19.22395264048386,9.00334136727081e-08,0.04999999016044743,0.5000017470719724,-6.464474456308874e-10,-1.5568864253945105e-06,0.5000017470719724,4.3751806244787864e-09,-9.022651197942702e-10,-4.3252100795008284e-08,2.125806602071457e-06,True,19.19644474962908,0.007566647864232441,-0.02750789085477834,0.007566557830818769,True,0.7211012840270996,631.0,358.5
vehicle_motion_0p5,0.5,23.344,19.24995263983344,9.00105448724016e-08,0.04999999648601694,0.49999838470605307,-2.597264447736545e-10,1.5905413460629872e-06,0.49999838470605307,-3.984899385473209e-09,8.695468861885556e-10,-4.324569732726603e-08,2.1265832104123115e-06,True,19.234799484016193,0.008007133984280539,-0.015153155817248631,0.008007043973735667,True,0.7211012840270996,631.0,358.5
vehicle_motion_0p5,0.5,23.396,19.275952650630984,8.998611342783521e-08,0.04999999016044743,0.5000017407855507,-6.464474442279891e-10,-1.5568864253322271e-06,0.5000017407855507,4.375180627267297e-09,-9.022651187732518e-10,-4.323856864222452e-08,2.1258066028121242e-06,True,19.258103922716057,0.006900647037156189,-0.01784872791492731,0.006900557051042761,True,0.7211012840270996,631.0,358.5
vehicle_motion_0p5,0.5,23.448,19.301952624216252,8.996324462753956e-08,0.04999999648601694,0.4999976507151123,-2.5972644481304154e-10,1.5905413460839703e-06,0.4999976507151123,-3.984899385078244e-09,8.695468861585717e-10,-4.323216517448601e-08,2.1265832103694533e-06,True,19.28758095202766,0.008307987048517698,-0.014371672188591589,0.00830789708527307,True,0.6854784488677979,630.5,344.0
vehicle_motion_0p5,0.5,23.5,19.327952624446382,8.993881318296045e-08,0.04999999016044743,0.5000019824627114,-6.464474450246236e-10,-1.5568864254014494e-06,0.5000019824627114,4.375180626092288e-09,-9.022651196715005e-10,-4.322503648944039e-08,2.1258066020907825e-06,True,19.28758095202766,0.008307987048517698,-0.04037167241872197,0.008307897109704514,True,0.6854784488677979,630.5,344.0
vehicle_motion_0p5,0.5,23.552,19.353952633700427,8.991594438265761e-08,0.04999999648601694,0.49999844058860254,-2.597264448289234e-10,1.5905413460421705e-06,0.49999844058860254,-3.98489938605189e-09,8.695468862799556e-10,-4.321863302169962e-08,2.12658321035325e-06,True,19.32211850705207,0.008267771723265689,-0.03183412664835572,0.008267681807321306,True,0.6854784488677979,630.5,344.0
vehicle_motion_0p5,0.5,23.604,19.379952646751995,8.989151293809301e-08,0.04999999016044743,0.5000017761816415,-6.464474442686467e-10,-1.5568864253532103e-06,0.5000017761816415,4.375180624969239e-09,-9.022651188250695e-10,-4.3211504336658966e-08,2.125806601939742e-06,True,19.344988366374935,0.007016169944922378,-0.034964280377060675,0.00701608005340944,True,0.6854784488677979,630.5,344.0
vehicle_motion_0p5,0.5,23.656,19.405952623633933,8.986864413779675e-08,0.04999999648601694,0.49999781275957234,-2.597264448198178e-10,1.5905413460700925e-06,0.49999781275957234,-3.984899384557702e-09,8.695468859082285e-10,-4.3205100868920544e-08,2.126583210301676e-06,True,19.379522597159333,0.007320819850462432,-0.0264300264745998,0.007320729981818295,True,0.6854784488677979,630.5,344.0
vehicle_motion_0p5,0.5,23.708,19.431952631657868,8.984421269321967e-08,0.04999999016044743,0.5000021202750049,-6.46447444674799e-10,-1.5568864254224328e-06,0.5000021202750049,4.3751806249924184e-09,-9.022651201269687e-10,-4.319797218387586e-08,2.125806602189226e-06,True,19.402867692794914,0.008210515163734996,-0.0290849388629546,0.008210425319522303,True,0.6854784488677979,630.5,344.0
vehicle_motion_0p5,0.5,23.76,19.45795264493642,8.982134389292053e-08,0.04999999648601694,0.4999984132420219,-2.5972644484332297e-10,1.5905413460282927e-06,0.4999984132420219,-3.984899385663611e-09,8.695468873447631e-10,-4.31915687161366e-08,2.1265832103597264e-06,True,19.43325628123947,0.00813939512437975,-0.024696363696950385,0.008139305303035858,True,0.6854784488677979,630.5,344.0
vehicle_motion_0p5,0.5,23.812,19.48395265630232,8.979691244835786e-08,0.04999999016044743,0.5000017409295042,-6.464474450989507e-10,-1.5568864253532103e-06,0.5000017409295042,4.375180627346791e-09,-9.022651193671115e-10,-4.318444003109682e-08,2.125806602841517e-06,True,19.44761331397251,0.0074649061745252045,-0.03633934232981062,0.007464816377612756,True,0.7223749160766602,631.0,326.5
vehicle_motion_0p5,0.5,23.864,19.511952633659444,8.977144308574508e-08,0.04999999016044743,0.500001279776734,-6.464474444158187e-10,-1.5568864253601492e-06,0.500001279776734,4.375180624924527e-09,-9.022651189088176e-10,-4.3177153487294556e-08,2.1258066019544043e-06,True,19.478302460749322,0.007475198991113474,-0.03365017291012151,0.007475109219670388,True,0.7223749160766602,631.0,326.5
vehicle_motion_0p5,0.5,23.916,19.535952603444574,8.974961220349842e-08,0.04999999016044743,0.5000014345022049,-6.464474445759079e-10,-1.5568864254222661e-06,0.5000014345022049,4.375180628049473e-09,-9.022651188443634e-10,-4.3170907878318874e-08,2.125806603016792e-06,True,19.50616135305744,0.008299621723479781,-0.029791250387134482,0.008299531973867577,True,0.7223749160766602,631.0,326.5
vehicle_motion_0p5,0.5,23.968,19.56195257977963,8.972674340320286e-08,0.04999999648601694,0.4999976773175813,-2.5972644480224187e-10,1.5905413460076425e-06,0.4999976773175813,-3.98489938490456e-09,8.695468870929653e-10,-4.316450441058111e-08,2.1265832102289606e-06,True,19.540477029230356,0.00832793344250853,-0.021475550549272526,0.008327843715765127,True,0.7223749160766602,631.0,326.5
vehicle_motion_0p5,0.5,24.02,19.5879525560463,8.970231195864226e-08,0.04999999016044743,0.5000011154086678,-6.464474443393739e-10,-1.556886425367088e-06,0.5000011154086678,4.375180626371756e-09,-9.022651198594076e-10,-4.3157375725542314e-08,2.1258066019685595e-06,True,19.56286170088028,0.007332358430879267,-0.025090855166020276,0.007332268728567308,True,0.7223749160766602,631.0,326.5
vehicle_motion_0p5,0.5,24.072,19.613952508679294,8.967944315834545e-08,0.04999999648601694,0.49999753196911506,-2.5972644487932187e-10,1.590541346035398e-06,0.49999753196911506,-3.984899384850004e-09,8.69546885900998e-10,-4.315097225780427e-08,2.126583210184862e-06,True,19.59715949737579,0.0073431067148432404,-0.01679301130350197,0.0073430170354000825,True,0.7223749160766602,631.0,326.5
vehicle_motion_0p5,0.5,24.124,19.63995250383514,8.965501171377221e-08,0.04999999016044743,0.5000019004264191,-6.464474445970837e-10,-1.556886425429538e-06,0.5000019004264191,4.375180624933658e-09,-9.02265118804715e-10,-4.314384357276141e-08,2.125806602140943e-06,True,19.59715949737579,0.0073431067148432404,-0.04279300645934825,0.007343017059831526,True,0.7223749160766602,631.0,326.5
vehicle_motion_0p5,0.5,24.176,19.665952498543717,8.963214291348045e-08,0.04999999648601694,0.4999979580386108,-2.597264448772043e-10,1.5905413459937647e-06,0.4999979580386108,-3.9848993865894435e-09,8.695468871166496e-10,-4.3137440105025176e-08,2.126583210163295e-06,True,19.643252640416456,0.007019564520494715,-0.022699858127261052,0.007019474888351801,True,0.7103815078735352,629.5,309.0
vehicle_motion_0p5,0.5,24.228,19.69195248816136,8.960771146892177e-08,0.04999999016044743,0.5000013509612189,-6.464474437307808e-10,-1.5568864253809658e-06,0.5000013509612189,4.375180626594193e-09,-9.022651199965079e-10,-4.313031141998728e-08,2.1258066019883872e-06,True,19.643252640416456,0.007019564520494715,-0.04869984774490277,0.007019474912783246,True,0.7103815078735352,629.5,309.0
vehicle_motion_0p5,0.5,24.28,19.717952457374622,8.958484266862494e-08,0.04999999648601694,0.49999787064699486,-2.597264448812277e-10,1.5905413460145814e-06,0.49999787064699486,-3.984899385560065e-09,8.695468870519888e-10,-4.312390795224951e-08,2.1265832101231653e-06,True,19.696089500324454,0.00746200785151216,-0.02186295705016761,0.007461918266669492,True,0.7103815078735352,629.5,309.0
vehicle_motion_0p5,0.5,24.332,19.743952450494216,8.956041122406562e-08,0.04999999016044743,0.5000014329767144,-6.464474436988053e-10,-1.5568864253809658e-06,0.5000014329767144,4.3751806257430096e-09,-9.022651187136582e-10,-4.3116779267211546e-08,2.1258066019938104e-06,True,19.713438675081164,0.007252298724428053,-0.030513775413052002,0.007252209164016829,True,0.7103815078735352,629.5,309.0
vehicle_motion_0p5,0.5,24.384,19.769952427296545,8.95375424237692e-08,0.04999999648601694,0.4999980265277986,-2.597264449106621e-10,1.590541346007809e-06,0.4999980265277986,-3.9848993852344364e-09,8.695468867225477e-10,-4.311037579947406e-08,2.12658321008594e-06,True,19.746492603227672,0.007098400587383896,-0.023459824068872592,0.0070983110498414725,True,0.7103815078735352,629.5,309.0
vehicle_motion_0p5,0.5,24.436,19.795952424986677,8.951311097921063e-08,0.04999999016044743,0.5000015143937561,-6.46447443981079e-10,-1.5568864253879047e-06,0.5000015143937561,4.375180626828908e-09,-9.022651190860927e-10,-4.3103247114436475e-08,2.125806602006264e-06,True,19.776415326330742,0.007565395878348423,-0.01953709865593467,0.0075653063652374435,True,0.7103815078735352,629.5,309.0
vehicle_motion_0p5,0.5,24.488,19.821952409003227,8.949024217891332e-08,0.04999999648601694,0.4999981617020494,-2.597264448808042e-10,1.5905413459937647e-06,0.4999981617020494,-3.984899386105748e-09,8.69546886187951e-10,-4.3096843646698834e-08,2.1265832100581306e-06,True,19.80004001118231,0.007313537167426809,-0.02191239782091614,0.007313447677184629,True,0.6744459867477417,629.0,293.5
vehicle_motion_0p5,0.5,24.54,19.847952434523656,8.94658107343439e-08,0.04999999016044743,0.5000024544224567,-6.464474442582705e-10,-1.5568864254572937e-06,0.5000024544224567,4.375180627402884e-09,-9.022651189715043e-10,-4.308971496165776e-08,2.1258066021754214e-06,True,19.828646445959272,0.007319175661143712,-0.01930598856438337,0.007319086195332977,True,0.6744459867477417,629.0,293.5
vehicle_motion_0p5,0.5,24.592,19.873952442630017,8.944294193405866e-08,0.04999999648601694,0.49999815770773404,-2.597264448975331e-10,1.5905413459590702e-06,0.49999815770773404,-3.984899384869128e-09,8.695468869422355e-10,-4.308331149392427e-08,2.126583210042438e-06,True,19.84898814521104,0.007387802303046053,-0.024964297418975434,0.007387712860104119,True,0.6744459867477417,629.0,293.5
vehicle_motion_0p5,0.5,24.644,19.899952441552585,8.94185104895041e-08,0.04999999016044743,0.5000015131825364,-6.464474435425277e-10,-1.5568864253877383e-06,0.5000015131825364,4.375180624906622e-09,-9.022651189126034e-10,-4.3076182808888294e-08,2.1258066020060377e-06,True,19.88028756710844,0.007312507295771078,-0.019664874444146108,0.007312417877260589,True,0.6744459867477417,629.0,293.5
vehicle_motion_0p5,0.5,24.696,19.925952404674202,8.939564168921801e-08,0.04999999648601694,0.49999746931079847,-2.597264449652957e-10,1.5905413459800533e-06,0.49999746931079847,-3.98489938564806e-09,8.695468867825032e-10,-4.3069779341154656e-08,2.1265832099949635e-06,True,19.89525771506678,0.007032057104437268,-0.030694689607422276,0.007031967708795579,True,0.6744459867477417,629.0,293.5
vehicle_motion_0p5,0.5,24.752,19.953952386864813,8.93701723266014e-08,0.04999999648601694,0.49999785334660507,-2.597264449197677e-10,1.590541345945026e-06,0.49999785334660507,-3.984899385739447e-09,8.695468858809777e-10,-4.306249279735236e-08,2.1265832099958254e-06,True,19.929216431830945,0.007417143887489767,-0.024735955033868606,0.00741705451731744,True,0.6744459867477417,629.0,293.5
vehicle_motion_0p5,0.5,24.804,19.97995237205737,8.934574088204852e-08,0.04999999016044743,0.5000012826974091,-6.464474438046844e-10,-1.5568864253946772e-06,0.5000012826974091,4.375180625468307e-09,-9.022651200967733e-10,-4.305536411231714e-08,2.1258066020227806e-06,True,19.97183038689449,0.008193482882030553,-0.008121985162880208,0.00819339353628967,True,0.6744459867477417,629.0,293.5
vehicle_motion_0p5,0.5,24.856,20.00595232295559,8.932287208176558e-08,0.04999999648601694,0.49999713003901514,-2.5972644486788693e-10,1.59054134593842e-06,0.49999713003901514,-3.984899384197812e-09,8.695468870775865e-10,-4.304896064458479e-08,2.1265832099609988e-06,True,19.99571461637354,0.007405857622290289,-0.01023770658204981,0.007405768299418207,True,0.7041328549385071,629.0,277.0
vehicle_motion_0p5,0.5,24.908,20.031952277235636,8.929844063720815e-08,0.04999999016044743,0.5000009990141189,-6.464474443029515e-10,-1.5568864254571272e-06,0.5000009990141189,4.375180626358971e-09,-9.022651193012981e-10,-4.304183195954818e-08,2.1258066021918547e-06,True,19.99571461637354,0.007405857622290289,-0.036237660862095566,0.007405768323849652,True,0.7041328549385071,629.0,277.0
vehicle_motion_0p5,0.5,24.96,20.05995224177102,8.927297127459781e-08,0.04999999016044743,0.5000012402878322,-6.464474434646007e-10,-1.556886425401616e-06,0.5000012402878322,4.375180627237098e-09,-9.022651200657261e-10,-4.303454541574828e-08,2.1258066020346213e-06,True,20.0287074321353,0.0073377997198347455,-0.031244809635719406,0.007337710446863471,True,0.7041328549385071,629.0,277.0
vehicle_motion_0p5,0.5,25.012,20.0839522030788,8.925114039236729e-08,0.04999999016044743,0.5000009497632744,-6.464474436723355e-10,-1.5568864254087214e-06,0.5000009497632744,4.375180626496861e-09,-9.022651186555289e-10,-4.3028299806779334e-08,2.12580660204047e-06,True,20.0499599309936,0.006891362382532606,-0.03399227208519662,0.006891273131392214,True,0.7041328549385071,629.0,277.0
vehicle_motion_0p5,0.5,25.064,20.109952144153752,8.922827159208028e-08,0.04999999648601694,0.49999726971527303,-2.5972644492294407e-10,1.5905413459521313e-06,0.49999726971527303,-3.984899382567672e-09,8.695468866230803e-10,-4.302189633904591e-08,2.126583209896672e-06,True,20.098055122243732,0.007283242029506729,-0.011897021910019845,0.0072831528012351375,True,0.7041328549385071,629.0,277.0
vehicle_motion_0p5,0.5,25.116,20.13595212714007,8.92038401475169e-08,0.04999999016044743,0.5000016874652188,-6.464474430796242e-10,-1.5568864254781104e-06,0.5000016874652188,4.3751806253088556e-09,-9.022651188202239e-10,-4.301476765400756e-08,2.1258066013075197e-06,True,20.098055122243732,0.007283242029506729,-0.03789700489633674,0.007283152825666581,True,0.7041328549385071,629.0,277.0
vehicle_motion_0p5,0.5,25.168,20.161952116937375,8.918097134723065e-08,0.04999999648601694,0.4999979313330511,-2.597264449237911e-10,1.5905413459106644e-06,0.4999979313330511,-3.984899382537035e-09,8.695468863012329e-10,-4.3008364186274517e-08,2.126583208980372e-06,True,20.146947135775324,0.007412831152863468,-0.015004981162050512,0.007412741971892121,True,0.7041328549385071,629.0,277.0
vehicle_motion_0p5,0.5,25.22,20.187952115787763,8.915653990267415e-08,0.04999999016044743,0.5000019007279323,-6.464474440793348e-10,-1.5568864254781104e-06,0.5000019007279323,4.375180628003603e-09,-9.022651188967363e-10,-4.300123550123861e-08,2.1258066022076705e-06,True,20.173037085625765,0.008263483868438696,-0.014915030161997578,0.008263394711898794,True,0.6308949589729309,630.5,269.5
vehicle_motion_0p5,0.5,25.272,20.213952112574926,8.913367110239066e-08,0.04999999648601694,0.499998015401695,-2.5972644491849715e-10,1.590541345903559e-06,0.499998015401695,-3.984899383195379e-09,8.695468862787977e-10,-4.299483203350665e-08,2.1265832098422083e-06,True,20.173037085625765,0.008263483868438696,-0.04091502694916116,0.008263394734767594,True,0.6308949589729309,630.5,269.5
vehicle_motion_0p5,0.5,25.324,20.239952105085518,8.91092396578429e-08,0.04999999016044743,0.5000014096866059,-6.464474436844057e-10,-1.5568864254224328e-06,0.5000014096866059,4.375180625563633e-09,-9.022651199881085e-10,-4.29877033484738e-08,2.125806602063226e-06,True,20.212231914680036,0.007525391503331907,-0.027720190405482015,0.007525302394092249,True,0.6308949589729309,630.5,269.5
vehicle_motion_0p5,0.5,25.376,20.2659520621498,8.908637085756416e-08,0.04999999648601694,0.49999723941159063,-2.597264449703779e-10,1.5905413458967866e-06,0.49999723941159063,-3.9848993823343826e-09,8.695468868766727e-10,-4.2981299880743554e-08,2.126583208917581e-06,True,20.246474849572436,0.007355123997415714,-0.0194772125773639,0.007355034911044857,True,0.6308949589729309,630.5,269.5
vehicle_motion_0p5,0.5,25.428,20.291952017431218,8.906193941301744e-08,0.04999999016044743,0.5000007452757356,-6.464474436259604e-10,-1.5568864254224328e-06,0.5000007452757356,4.375180627457301e-09,-9.022651195520805e-10,-4.297417119571118e-08,2.1258066020633048e-06,True,20.28807130192454,0.008272604363472129,-0.003880715506678456,0.008272515301532715,True,0.6308949589729309,630.5,269.5
vehicle_motion_0p5,0.5,25.48,20.317951958253072,8.903907061272984e-08,0.04999999648601694,0.4999973734886984,-2.597264449856245e-10,1.5905413459176033e-06,0.4999973734886984,-3.984899383256775e-09,8.695468866624792e-10,-4.296776772797812e-08,2.126583209763336e-06,True,20.295940764816734,0.007404307827375629,-0.02201119343633806,0.007404218788305016,True,0.6308949589729309,630.5,269.5
vehicle_motion_0p5,0.5,25.536,20.345951938584722,8.901360125011886e-08,0.04999999648601694,0.49999802749731326,-2.597264449695309e-10,1.5905413459106644e-06,0.49999802749731326,-3.984899381658237e-09,8.695468866471222e-10,-4.296048118417886e-08,2.126583209747164e-06,True,20.33069843116186,0.007335226260128758,-0.015253507422862356,0.007335137246527508,True,0.6309534907341003,631.0,252.5
vehicle_motion_0p5,0.5,25.588,20.371951936614188,8.898916980557162e-08,0.04999999016044743,0.5000015224129679,-6.464474435639153e-10,-1.5568864254363106e-06,0.5000015224129679,4.375180626577619e-09,-9.022651200148066e-10,-4.2953352499146484e-08,2.1258066020841765e-06,True,20.33069843116186,0.007335226260128758,-0.0412535054523282,0.007335137270958953,True,0.6309534907341003,631.0,252.5
vehicle_motion_0p5,0.5,25.64,20.397951899583866,8.896630100529481e-08,0.04999999648601694,0.49999734250246747,-2.597264449902832e-10,1.5905413458688646e-06,0.49999734250246747,-3.984899382257308e-09,8.695468867655182e-10,-4.2946949031417234e-08,2.126583209732849e-06,True,20.360787031261005,0.007441649012916075,-0.037164868322861366,0.00744156004661507,True,0.6309534907341003,631.0,252.5
vehicle_motion_0p5,0.5,25.692,20.42395186042953,8.894186956074828e-08,0.04999999016044743,0.5000009125537164,-6.464474437379805e-10,-1.5568864254919881e-06,0.5000009125537164,4.375180626853264e-09,-9.022651200059383e-10,-4.293982034638523e-08,2.1258066022351534e-06,True,20.39677646113155,0.007562348444598851,-0.02717539929797752,0.00756225950272929,True,0.6309534907341003,631.0,252.5
vehicle_motion_0p5,0.5,25.744,20.449951819324383,8.89190007604603e-08,0.04999999648601694,0.49999765674158486,-2.5972644498901264e-10,1.5905413458620921e-06,0.49999765674158486,-3.984899384075385e-09,8.695468858968347e-10,-4.2933416878652434e-08,2.1265832096962573e-06,True,20.437523888129586,0.008275406883912286,-0.012427931194796571,0.008275317964911526,True,0.6309534907341003,631.0,252.5
vehicle_motion_0p5,0.5,25.796,20.475951795844207,8.889456931591682e-08,0.04999999016044743,0.5000011388316642,-6.464474423670577e-10,-1.5568864254430828e-06,0.5000011388316642,4.3751806253601375e-09,-9.022651192083213e-10,-4.29262881936216e-08,2.1258066011942714e-06,True,20.445776496837517,0.007152871007082011,-0.03017529900668947,0.007152782112512695,True,0.6309534907341003,631.0,252.5
vehicle_motion_0p5,0.5,25.848,20.501951741304694,8.887170051563972e-08,0.04999999648601694,0.4999971603165627,-2.597264450008711e-10,1.5905413458758035e-06,0.4999971603165627,-3.984899384356525e-09,8.695468872653364e-10,-4.2919884725892544e-08,2.1265832097372796e-06,True,20.477047124281526,0.007404386315765249,-0.02490461702316793,0.0074042974440647336,True,0.6309534907341003,631.0,252.5
vehicle_motion_0p5,0.5,25.9,20.527951717099327,8.884726907108753e-08,0.04999999016044743,0.5000013796241292,-6.464474434180138e-10,-1.5568864254430828e-06,0.5000013796241292,4.3751806258007484e-09,-9.022651200476831e-10,-4.2912756040858954e-08,2.1258066011982935e-06,True,20.506281389351567,0.008299062392864404,-0.0216703277477599,0.008298973545595332,True,0.6371647715568542,630.5,238.0
vehicle_motion_0p5,0.5,25.956,20.55395167404362,8.882440027081303e-08,0.04999999648601694,0.49999725422091107,-2.5972644502035286e-10,1.5905413458343366e-06,0.49999725422091107,-3.9848993834916355e-09,8.695468864058043e-10,-4.2906352573130894e-08,2.1265832096390665e-06,True,20.537547742356175,0.008255133016656643,-0.016403931687445805,0.008255044192256372,True,0.6371647715568542,630.5,238.0
vehicle_motion_0p5,0.5,26.012,20.57995163055827,8.87999688262714e-08,0.04999999016044743,0.5000007704902479,-6.464474434163198e-10,-1.5568864254432494e-06,0.5000007704902479,4.3751806279735865e-09,-9.022651188497208e-10,-4.289922388810095e-08,2.125806602100251e-06,True,20.54804838071273,0.007256958159795952,-0.03190324984554138,0.0072568693598271256,True,0.6371647715568542,630.5,238.0
vehicle_motion_0p5,0.5,26.064,20.609951546844737,8.877346154562764e-08,0.04999999648601694,0.4999966933361497,-2.5972644501230604e-10,1.5905413458343366e-06,0.4999966933361497,-3.984899383132938e-09,8.695468871299762e-10,-4.2891779485545944e-08,2.1265832096892363e-06,True,20.57898539230294,0.007354866815621428,-0.030966154541797408,0.0073547780421598825,True,0.6371647715568542,630.5,238.0
vehicle_motion_0p5,0.5,26.12,20.6379514729751,8.874799218302814e-08,0.04999999648601694,0.49999704330064154,-2.597264450699043e-10,1.5905413458551532e-06,0.49999704330064154,-3.984899381154335e-09,8.69546886925745e-10,-4.2884492941751295e-08,2.1265832096490704e-06,True,20.604588581614646,0.008260223552712484,-0.03336289136045423,0.008260134804720301,True,0.6371647715568542,630.5,238.0
vehicle_motion_0p5,0.5,26.18,20.66395144593926,8.872356073847484e-08,0.04999999016044743,0.5000015167527938,-6.464474443679613e-10,-1.5568864255195773e-06,0.5000015167527938,4.3751806256567876e-09,-9.022651193070983e-10,-4.287736425671766e-08,2.1258066013848695e-06,True,20.638873775217878,0.008243671365947936,-0.025077670721383782,0.008243582642387198,True,0.6371647715568542,630.5,238.0
vehicle_motion_0p5,0.5,26.232,20.69395143747378,8.869705345781834e-08,0.04999999648601694,0.49999835831718464,-2.5972644503665824e-10,1.5905413458412755e-06,0.49999835831718464,-3.9848993821825205e-09,8.695468873293425e-10,-4.2869919854158675e-08,2.1265832096165376e-06,True,20.65935751507491,0.007494187324161938,-0.03459392239886938,0.00749409862710848,True,0.6371647715568542,630.5,238.0
vehicle_motion_0p5,0.5,26.284,20.71995147313949,8.867262201326596e-08,0.04999999016044743,0.500002638586837,-6.464474446411294e-10,-1.5568864255266826e-06,0.500002638586837,4.3751806255641235e-09,-9.02265119064332e-10,-4.286279116912551e-08,2.1258066013921654e-06,True,20.708068902145015,0.008251768327158997,-0.011882570994472985,0.008251679654536985,True,0.6290922164916992,631.0,220.0
vehicle_motion_0p5,0.5,26.336,20.745951515617342,8.864975321298291e-08,0.04999999648601694,0.4999992204508399,-2.597264450516931e-10,1.5905413458272312e-06,0.4999992204508399,-3.984899382999139e-09,8.695468864409928e-10,-4.2856387701395146e-08,2.1265832095056982e-06,True,20.727752169669145,0.007330848224099078,-0.018199345948197276,0.007330759574345865,True,0.6290922164916992,631.0,220.0
vehicle_motion_0p5,0.5,26.388,20.771951570251993,8.862532176844331e-08,0.04999999016044743,0.5000025230804963,-6.464474437987552e-10,-1.5568864254777773e-06,0.5000025230804963,4.375180625294942e-09,-9.022651192871396e-10,-4.284925901636634e-08,2.1258066012486768e-06,True,20.743558015835646,0.00715131138482975,-0.028393554416346944,0.007151222759507981,True,0.6290922164916992,631.0,220.0
vehicle_motion_0p5,0.5,26.44,20.797951580533162,8.860245296817289e-08,0.04999999648601694,0.4999981744839576,-2.597264450347524e-10,1.590541345799642e-06,0.4999981744839576,-3.984899382719656e-09,8.69546886925761e-10,-4.2842855548640345e-08,2.126583209491539e-06,True,20.777566755056597,0.00711970011158789,-0.020384825476565283,0.007119611509134921,True,0.6290922164916992,631.0,220.0
vehicle_motion_0p5,0.5,26.492,20.823951580882614,8.857802152363473e-08,0.04999999016044743,0.5000016068230171,-6.46447443313617e-10,-1.5568864255263495e-06,0.5000016068230171,4.37518062641182e-09,-9.022651188295943e-10,-4.283572686361216e-08,2.1258066013172136e-06,True,20.798630509692412,0.007295621627191677,-0.025321071190202105,0.007295533049170153,True,0.6290922164916992,631.0,220.0
vehicle_motion_0p5,0.5,26.544,20.849951572238375,8.85551527233532e-08,0.04999999648601694,0.49999822215632217,-2.5972644503602297e-10,1.5905413457857643e-06,0.49999822215632217,-3.984899383651608e-09,8.695468866276168e-10,-4.282932339588259e-08,2.126583209457312e-06,True,20.830135227403353,0.0073495844654872106,-0.019816344835021482,0.007349495910334488,True,0.6290922164916992,631.0,220.0
vehicle_motion_0p5,0.5,26.596,20.875951575857414,8.85307212788156e-08,0.04999999016044743,0.5000017321945155,-6.46447443525587e-10,-1.556886425547666e-06,0.5000017321945155,4.3751806265440455e-09,-9.02265119162547e-10,-4.282219471085473e-08,2.125806601408012e-06,True,20.874877457965788,0.008200341832303134,-0.0010741178916262584,0.008200253301581856,True,0.6486774682998657,630.5,205.5
vehicle_motion_0p5,0.5,26.648,20.901951573630217,8.850785247853468e-08,0.04999999648601694,0.49999839961999254,-2.5972644507265714e-10,1.5905413457994757e-06,0.49999839961999254,-3.9848993824384485e-09,8.69546886222169e-10,-4.2815791243125515e-08,2.126583209419021e-06,True,20.874877457965788,0.008200341832303134,-0.027074115664429854,0.008200253324450655,True,0.6486774682998657,630.5,205.5
vehicle_motion_0p5,0.5,26.7,20.927951609995592,8.848342103398653e-08,0.04999999016044743,0.500002626892134,-6.464474435526921e-10,-1.556886425533122e-06,0.500002626892134,4.37518062546048e-09,-9.022651188382768e-10,-4.280866255809426e-08,2.125806601337253e-06,True,20.89304366433305,0.007130456030272304,-0.03490794566254252,0.00713036754685127,True,0.6486774682998657,630.5,205.5
vehicle_motion_0p5,0.5,26.752,20.9539516493155,8.84605522337084e-08,0.04999999648601694,0.4999989646041103,-2.597264450582576e-10,1.5905413457718865e-06,0.4999989646041103,-3.984899383079496e-09,8.695468865425854e-10,-4.280225909036608e-08,2.126583209402427e-06,True,20.93805024332415,0.008257516999903482,-0.01590140599135026,0.008257428539351248,True,0.6486774682998657,630.5,205.5
vehicle_motion_0p5,0.5,26.804,20.979951686628773,8.843612078917482e-08,0.04999999016044743,0.5000021963694273,-6.464474429623101e-10,-1.5568864254919881e-06,0.5000021963694273,4.375180624718628e-09,-9.022651193211056e-10,-4.2795130405339844e-08,2.1258066012606415e-06,True,20.94598175753866,0.0074826549187255184,-0.033969929090112316,0.007482566482604729,True,0.6486774682998657,630.5,205.5
vehicle_motion_0p5,0.5,26.856,21.005951682776566,8.84132519889034e-08,0.04999999648601694,0.4999981434633421,-2.597264451183969e-10,1.5905413457927032e-06,0.4999981434633421,-3.984899381368826e-09,8.695468863558509e-10,-4.278872693761407e-08,2.1265832093565103e-06,True,20.97980657718206,0.007329051394969599,-0.026145105594505225,0.0073289629817176105,True,0.6486774682998657,630.5,205.5
vehicle_motion_0p5,0.5,26.908,21.03195170581898,8.838882054435683e-08,0.04999999016044743,0.50000237572021,-6.464474435035642e-10,-1.5568864255542717e-06,0.50000237572021,4.375180628482416e-09,-9.022651189614125e-10,-4.278159825258363e-08,2.1258066023246597e-06,True,21.01310464087355,0.007388495607729596,-0.018847064945429537,0.007388407218909052,True,0.6486774682998657,630.5,205.5
vehicle_motion_0p5,0.5,26.964,21.059951740111565,8.836335118176489e-08,0.04999999016044743,0.5000023709311413,-6.464474436246899e-10,-1.556886425498927e-06,0.5000023709311413,4.37518062834836e-09,-9.02265119813594e-10,-4.2774311708792716e-08,2.1258066021660007e-06,True,21.01310464087355,0.007388495607729596,-0.04684709923801478,0.007388407244378414,True,0.6601885557174683,630.5,191.0
vehicle_motion_0p5,0.5,27.016,21.085951742466815,8.834048238149866e-08,0.04999999648601694,0.49999803152763744,-2.597264450713866e-10,1.5905413457510698e-06,0.49999803152763744,-3.984899381109642e-09,8.695468859890299e-10,-4.2767908241068866e-08,2.1265832093204356e-06,True,21.04244405945089,0.0071701140048076135,-0.04350768301592467,0.007170025664325232,True,0.6601885557174683,630.5,191.0
vehicle_motion_0p5,0.5,27.068,21.11195173413385,8.831605093696787e-08,0.04999999016044743,0.500001377968593,-6.464474437739794e-10,-1.5568864255055328e-06,0.500001377968593,4.375180625519001e-09,-9.022651201083523e-10,-4.276077955604389e-08,2.1258066012810296e-06,True,21.087480745960367,0.008230072071911705,-0.024470988173483477,0.008229983755860768,True,0.6601885557174683,630.5,191.0
vehicle_motion_0p5,0.5,27.124,21.13995170512244,8.829058157437563e-08,0.04999999016044743,0.5000015802292076,-6.464474434194961e-10,-1.5568864255679829e-06,0.5000015802292076,4.37518062766372e-09,-9.022651195638172e-10,-4.2753493012253073e-08,2.1258066014514526e-06,True,21.0942689974132,0.007418706234839382,-0.04568270770923988,0.007418617944257808,True,0.6601885557174683,630.5,191.0
vehicle_motion_0p5,0.5,27.176,21.16595168322854,8.826771277410674e-08,0.04999999648601694,0.499997648089088,-2.5972644512432615e-10,1.5905413457304198e-06,0.499997648089088,-3.984899382387311e-09,8.695468858341664e-10,-4.274708954452859e-08,2.1265832092708287e-06,True,21.144817947248296,0.007177731750951019,-0.021133735980242818,0.007177643483238245,True,0.6601885557174683,630.5,191.0
vehicle_motion_0p5,0.5,27.228,21.191951657419235,8.824328132957728e-08,0.04999999016044743,0.5000010659767862,-6.464474426527196e-10,-1.5568864255195773e-06,0.5000010659767862,4.375180625631833e-09,-9.022651202966762e-10,-4.2739960859504255e-08,2.1258066013024007e-06,True,21.144817947248296,0.007177731750951019,-0.04713371017093948,0.007177643507669689,True,0.6601885557174683,630.5,191.0
vehicle_motion_0p5,0.5,27.28,21.21795159750894,8.822041252931324e-08,0.04999999648601694,0.4999969285385588,-2.5972644508790373e-10,1.5905413457304198e-06,0.4999969285385588,-3.984899381063278e-09,8.695468868554826e-10,-4.273355739178151e-08,2.126583209240687e-06,True,21.191035706185293,0.0082482073062122,-0.02691589132364669,0.008248119085799671,True,0.6601885557174683,630.5,191.0
vehicle_motion_0p5,0.5,27.332,21.24395155559846,8.819598108477324e-08,0.04999999016044743,0.5000012161631915,-6.46447443281218e-10,-1.5568864255749218e-06,0.5000012161631915,4.3751806284437195e-09,-9.022651201358886e-10,-4.272642870675381e-08,2.12580660147194e-06,True,21.210121473477965,0.007429241431368544,-0.03383008212049532,0.007429153235387459,True,0.6601885557174683,630.5,191.0
vehicle_motion_0p5,0.5,27.384,21.269951529086875,8.817311228449812e-08,0.04999999648601694,0.49999797241823535,-2.5972644511395e-10,1.5905413457512365e-06,0.49999797241823535,-3.984899380366631e-09,8.69546886231611e-10,-4.2720025239027516e-08,2.1265832091987466e-06,True,21.247342645359318,0.007340721796363328,-0.022608883727556872,0.007340633623251044,True,0.6490093469619751,630.5,172.5
vehicle_motion_0p5,0.5,27.436,21.295951523770317,8.81486808399686e-08,0.04999999016044743,0.5000014522503092,-6.464474427765981e-10,-1.5568864255266826e-06,0.5000014522503092,4.375180626677343e-09,-9.022651201965281e-10,-4.271289655400342e-08,2.125806601318805e-06,True,21.247342645359318,0.007340721796363328,-0.04860887841099881,0.007340633647682488,True,0.6490093469619751,630.5,172.5
vehicle_motion_0p5,0.5,27.488,21.32195148272717,8.812581203970635e-08,0.04999999648601694,0.49999726073105977,-2.597264451133147e-10,1.5905413457026642e-06,0.49999726073105977,-3.984899381506838e-09,8.695468868058153e-10,-4.270649308628154e-08,2.1265832091767826e-06,True,21.30569120363263,0.008230869305374288,-0.016260279094538532,0.008230781179562248,True,0.6490093469619751,630.5,172.5
vehicle_motion_0p5,0.5,27.54,21.347951463869013,8.810138059516598e-08,0.04999999016044743,0.5000016417338852,-6.464474429432519e-10,-1.5568864255889662e-06,0.5000016417338852,4.375180626993911e-09,-9.022651204561119e-10,-4.269936440125394e-08,2.125806601485617e-06,True,21.30569120363263,0.008230869305374288,-0.04226026023638241,0.008230781203993693,True,0.6490093469619751,630.5,172.5
vehicle_motion_0p5,0.5,27.592,21.373951432995547,8.807851179490439e-08,0.04999999648601694,0.49999746147147994,-2.5972644515926626e-10,1.5905413456886198e-06,0.49999746147147994,-3.9848993801582184e-09,8.695468864882773e-10,-4.269296093353243e-08,2.1265832091436048e-06,True,21.30569120363263,0.008230869305374288,-0.06826022936291665,0.008230781226862494,True,0.6490093469619751,630.5,172.5
vehicle_motion_0p5,0.5,27.644,21.399951398972714,8.805408035037728e-08,0.04999999016044743,0.5000009909067631,-6.464474430988942e-10,-1.5568864255889662e-06,0.5000009909067631,4.37518062870416e-09,-9.022651201619086e-10,-4.268583224850941e-08,2.1258066014749756e-06,True,21.30569120363263,0.008230869305374288,-0.0942601953400839,0.008230781251293938,True,0.6490093469619751,630.5,172.5
vehicle_motion_0p5,0.5,27.696,21.425951361463756,8.803121155010456e-08,0.04999999648601694,0.499997775141887,-2.5972644514063154e-10,1.5905413457096031e-06,0.499997775141887,-3.984899380528007e-09,8.695468859784235e-10,-4.267942878078435e-08,2.126583209104541e-06,True,21.30569120363263,0.008230869305374288,-0.12026015783112598,0.008230781274162739,True,0.6490093469619751,630.5,172.5
vehicle_motion_0p5,0.5,27.748,21.451951367881218,8.80067801055685e-08,0.04999999016044743,0.5000019848223224,-6.464474427323407e-10,-1.5568864255405604e-06,0.5000019848223224,4.375180625589196e-09,-9.022651197727648e-10,-4.267230009575847e-08,2.125806601325653e-06,True,21.30569120363263,0.008230869305374288,-0.1462601642485879,0.008230781298594184,True,0.6768779158592224,630.5,163.5
vehicle_motion_0p5,0.5,27.8,21.477951354954573,8.79839113053065e-08,0.04999999648601694,0.4999979587977987,-2.5972644515079593e-10,1.5905413457026642e-06,0.4999979587977987,-3.984899378729045e-09,8.695468868775994e-10,-4.2665896628037125e-08,2.126583209153502e-06,True,21.30569120363263,0.008230869305374288,-0.17226015132194306,0.008230781321462982,True,0.6768779158592224,630.5,163.5
vehicle_motion_0p5,0.5,27.852,21.503951370026627,8.795947986076954e-08,0.04999999016044743,0.5000022466920029,-6.464474428837478e-10,-1.5568864256030104e-06,0.5000022466920029,4.375180628939425e-09,-9.022651190712974e-10,-4.265876794301107e-08,2.1258066014903962e-06,True,21.30569120363263,0.008230869305374288,-0.19826016639399668,0.008230781345894427,True,0.6768779158592224,630.5,163.5
vehicle_motion_0p5,0.5,27.904,21.529951393152434,8.793661106049845e-08,0.04999999648601694,0.49999885675830935,-2.597264451641367e-10,1.5905413456957253e-06,0.49999885675830935,-3.9848993818901196e-09,8.695468869580469e-10,-4.2652364475286857e-08,2.126583210015971e-06,True,21.30569120363263,0.008230869305374288,-0.22426018951980353,0.008230781368763228,True,0.6768779158592224,630.5,163.5
vehicle_motion_0p5,0.5,27.956,21.555951448725867,8.791217961596641e-08,0.04999999016044743,0.5000027421452015,-6.464474426315437e-10,-1.5568864255402273e-06,0.5000027421452015,4.3751806253667e-09,-9.022651188512828e-10,-4.264523579026257e-08,2.1258066003696226e-06,True,21.30569120363263,0.008230869305374288,-0.2502602450932372,0.008230781393194673,True,0.6768779158592224,630.5,163.5
vehicle_motion_0p5,0.5,28.008,21.581951469263753,8.788931081570803e-08,0.04999999648601694,0.49999836279275606,-2.5972644370724003e-10,1.5905413456608642e-06,0.49999836279275606,-3.984899381150323e-09,8.695468862832328e-10,-4.263883232254271e-08,2.126583209025381e-06,True,21.30569120363263,0.008230869305374288,-0.27626026563112305,0.008230781416063473,True,0.6768779158592224,630.5,163.5
vehicle_motion_0p5,0.5,28.064,21.60995147393962,8.78638414531287e-08,0.04999999648601694,0.4999982292914942,-2.5972644516540725e-10,1.5905413456818476e-06,0.4999982292914942,-3.984899381425975e-09,8.695468863121793e-10,-4.263154577875758e-08,2.1265832089887417e-06,False,,,,,True,0.6768779158592224,630.5,163.5
vehicle_motion_0p5,0.5,28.116,21.635951501372208,8.783941000859413e-08,0.04999999016044743,0.5000024585080644,-6.464474430741185e-10,-1.556886425609783e-06,0.5000024585080644,4.3751806286589155e-09,-9.022651198051105e-10,-4.262441709373266e-08,2.1258066015148725e-06,False,,,,,True,0.6272806525230408,631.0,155.0
vehicle_motion_0p5,0.5,28.168,21.661951534193214,8.781654120832536e-08,0.04999999648601694,0.49999901761292903,-2.59726445177901e-10,1.5905413456749087e-06,0.49999901761292903,-3.984899379373314e-09,8.695468859703254e-10,-4.2618013626009585e-08,2.1265832089622703e-06,False,,,,,True,0.6272806525230408,631.0,155.0
vehicle_motion_0p5,0.5,28.22,21.687951589636416,8.779210976379973e-08,0.04999999016044743,0.5000025837640486,-6.464474424947479e-10,-1.5568864255542717e-06,0.5000025837640486,4.375180625216446e-09,-9.022651197882251e-10,-4.261088494098781e-08,2.1258066004671576e-06,False,,,,,True,0.6272806525230408,631.0,155.0
vehicle_motion_0p5,0.5,28.272,21.71395161183361,8.776924096353536e-08,0.04999999648601694,0.4999987566464373,-2.5972644513554934e-10,1.5905413456608642e-06,0.4999987566464373,-3.984899379507406e-09,8.695468861726303e-10,-4.260448147326631e-08,2.126583208927788e-06,False,,,,,True,0.6272806525230408,631.0,155.0
vehicle_motion_0p5,0.5,28.324,21.739951651807225,8.774480951901247e-08,0.04999999016044743,0.5000022801205115,-6.464474424278323e-10,-1.556886425561377e-06,0.5000022801205115,4.375180625492761e-09,-9.022651195025764e-10,-4.259735278824554e-08,2.125806600472808e-06,False,,,,,True,0.6272806525230408,631.0,155.0
vehicle_motion_0p5,0.5,28.376,21.76595164953137,8.772194071875683e-08,0.04999999648601694,0.4999979458344249,-2.597264451880654e-10,1.5905413456261698e-06,0.4999979458344249,-3.9848993810055045e-09,8.695468868407842e-10,-4.2590949320527095e-08,2.1265832089908873e-06,False,,,,,True,0.6272806525230408,631.0,155.0
vehicle_motion_0p5,0.5,28.428,21.791951637329475,8.769750927423863e-08,0.04999999016044743,0.5000013045756427,-6.464474424168209e-10,-1.5568864255681495e-06,0.5000013045756427,4.375180627276403e-09,-9.022651202869479e-10,-4.258382063550805e-08,2.125806601382251e-06,False,,,,,True,0.6272806525230408,631.0,155.0
vehicle_motion_0p5,0.5,28.48,21.817951603618667,8.767464047397386e-08,0.04999999648601694,0.49999780720354736,-2.597264452401579e-10,1.590541345647153e-06,0.49999780720354736,-3.984899378373043e-09,8.695468869301778e-10,-4.257741716778672e-08,2.126583208947637e-06,False,,,,,True,0.6484258770942688,630.5,147.5
vehicle_motion_0p5,0.5,28.532,21.843951611344238,8.765020902944372e-08,0.04999999016044743,0.5000021181328177,-6.4644744281175e-10,-1.556886425630766e-06,0.5000021181328177,4.375180628337226e-09,-9.022651195251482e-10,-4.25702884827638e-08,2.1258066015523732e-06,False,,,,,True,0.6484258770942688,630.5,147.5
vehicle_motion_0p5,0.5,28.584,21.86995160983956,8.762734022918752e-08,0.04999999648601694,0.4999979831377621,-2.5972644522469956e-10,1.590541345612625e-06,0.4999979831377621,-3.984899378899331e-09,8.695468865656023e-10,-4.256388501504546e-08,2.1265832088541164e-06,False,,,,,True,0.6484258770942688,630.5,147.5
vehicle_motion_0p5,0.5,28.636,21.895951599974108,8.760290878467166e-08,0.04999999016044743,0.5000013458285274,-6.4644744236854e-10,-1.5568864255679829e-06,0.5000013458285274,4.3751806276298855e-09,-9.022651191326331e-10,-4.2556756330027446e-08,2.125806601399004e-06,False,,,,,True,0.6484258770942688,630.5,147.5
vehicle_motion_0p5,0.5,28.688,21.921951574924773,8.758003998440684e-08,0.04999999648601694,0.4999979854567769,-2.5972644522724065e-10,1.5905413456332753e-06,0.4999979854567769,-3.98489937882147e-09,8.695468863600409e-10,-4.255035286230638e-08,2.126583208803153e-06,False,,,,,True,0.6484258770942688,630.5,147.5
vehicle_motion_0p5,0.5,28.74,21.947951591313203,8.755560853987821e-08,0.04999999016044743,0.5000022793468853,-6.464474427376346e-10,-1.556886425637705e-06,0.5000022793468853,4.375180626174577e-09,-9.022651201657251e-10,-4.2543224177284225e-08,2.1258066006757183e-06,False,,,,,True,0.6484258770942688,630.5,147.5
vehicle_motion_0p5,0.5,28.792,21.973951590435334,8.753273973962602e-08,0.04999999648601694,0.49999798704640547,-2.597264452073354e-10,1.5905413455918084e-06,0.49999798704640547,-3.984899379699005e-09,8.695468860282345e-10,-4.2536820709567495e-08,2.1265832087949957e-06,False,,,,,True,0.6371004581451416,630.5,139.0
vehicle_motion_0p5,0.5,28.848,22.001951570962042,8.750727037705983e-08,0.04999999648601694,0.49999757358646857,-2.5972644526112197e-10,1.5905413456124586e-06,0.49999757358646857,-3.98489937735484e-09,8.695468858847107e-10,-4.2529534165787854e-08,2.1265832087604892e-06,False,,,,,True,0.6371004581451416,630.5,139.0
vehicle_motion_0p5,0.5,28.904,22.027951566705397,8.748283893253301e-08,0.04999999016044743,0.5000018918659856,-6.464474426457316e-10,-1.5568864256446438e-06,0.5000018918659856,4.375180629052111e-09,-9.022651192156912e-10,-4.2522405480766506e-08,2.125806601561882e-06,False,,,,,True,0.6371004581451416,630.5,139.0
vehicle_motion_0p5,0.5,28.956,22.055951579942302,8.745736956995796e-08,0.04999999016044743,0.5000021253424509,-6.464474419748815e-10,-1.5568864255889662e-06,0.5000021253424509,4.375180628659118e-09,-9.022651201137317e-10,-4.251511893698404e-08,2.1258066014114058e-06,False,,,,,True,0.6371004581451416,630.5,139.0
vehicle_motion_0p5,0.5,29.008,22.081951571420987,8.743450076970739e-08,0.04999999648601694,0.49999785080138426,-2.5972644518827714e-10,1.5905413455777641e-06,0.49999785080138426,-3.984899378697842e-09,8.695468859355094e-10,-4.2508715469268156e-08,2.1265832087270738e-06,False,,,,,True,0.6371004581451416,630.5,139.0
vehicle_motion_0p5,0.5,29.06,22.10795155508849,8.741006932519576e-08,0.04999999016044743,0.5000012436653292,-6.46447442125018e-10,-1.5568864255820273e-06,0.5000012436653292,4.375180627994195e-09,-9.022651199868118e-10,-4.25015867842521e-08,2.1258066014221758e-06,False,,,,,True,0.6371004581451416,630.5,139.0
vehicle_motion_0p5,0.5,29.112,22.13395150975223,8.738720052494004e-08,0.04999999648601694,0.499997501440972,-2.597264452477812e-10,1.5905413455918084e-06,0.499997501440972,-3.984899379921764e-09,8.695468870742298e-10,-4.249518331653464e-08,2.126583209656821e-06,False,,,,,True,0.6371004581451416,630.5,139.0
vehicle_motion_0p5,0.5,29.164,22.159951497293598,8.736276908042143e-08,0.04999999016044743,0.5000014457868086,-6.46447442045397e-10,-1.5568864255820273e-06,0.5000014457868086,4.375180626811274e-09,-9.022651194786122e-10,-4.2488054631516386e-08,2.1258066005302276e-06,False,,,,,True,0.7239323258399963,632.0,130.5
vehicle_motion_0p5,0.5,29.216,22.18595145639736,8.733990028017259e-08,0.04999999648601694,0.49999727496608365,-2.5972644524714593e-10,1.5905413455642195e-06,0.49999727496608365,-3.984899378380063e-09,8.695468863893339e-10,-4.248165116380137e-08,2.1265832086636983e-06,False,,,,,True,0.7239323258399963,632.0,130.5
vehicle_motion_0p5,0.5,29.268,22.21195142060096,8.73154688356553e-08,0.04999999016044743,0.500001244599997,-6.464474424490081e-10,-1.5568864256583552e-06,0.500001244599997,4.375180629341808e-09,-9.022651202159823e-10,-4.247452247878368e-08,2.125806601600804e-06,False,,,,,True,0.7239323258399963,632.0,130.5
vehicle_motion_0p5,0.5,29.32,22.237951395812274,8.729260003539549e-08,0.04999999648601694,0.4999980072686421,-2.5972644530834406e-10,1.5905413455777641e-06,0.4999980072686421,-3.984899377927037e-09,8.695468864038865e-10,-4.2468119011065144e-08,2.126583208621685e-06,False,,,,,True,0.7239323258399963,632.0,130.5
vehicle_motion_0p5,0.5,29.372,22.263951404356938,8.726816859088076e-08,0.04999999016044743,0.5000017647695019,-6.464474417427944e-10,-1.5568864255957385e-06,0.5000017647695019,4.3751806264098876e-09,-9.02265120130062e-10,-4.2460990326048454e-08,2.1258066005428404e-06,False,,,,,True,0.7239323258399963,632.0,130.5
vehicle_motion_0p5,0.5,29.424,22.28995137866058,8.724529979063316e-08,0.04999999648601694,0.49999754445069233,-2.5972644525053406e-10,1.5905413455361308e-06,0.49999754445069233,-3.9848993766600485e-09,8.695468871372076e-10,-4.245458685833412e-08,2.12658320868021e-06,False,,,,,True,0.7239323258399963,632.0,130.5
vehicle_motion_0p5,0.5,29.476,22.315951348221688,8.722086834612541e-08,0.04999999016044743,0.5000009992648092,-6.464474418751433e-10,-1.5568864256026774e-06,0.5000009992648092,4.3751806265716965e-09,-9.022651191167025e-10,-4.2447458173319885e-08,2.1258066005514835e-06,False,,,,,True,0.5757179856300354,628.0,120.0
vehicle_motion_0p5,0.5,29.528,22.341951300909027,8.719799954586919e-08,0.04999999648601694,0.49999757770993203,-2.597264452907681e-10,1.590541345557114e-06,0.49999757770993203,-3.9848993793604855e-09,8.695468859211337e-10,-4.244105470560281e-08,2.1265832094534918e-06,False,,,,,True,0.5757179856300354,628.0,120.0
vehicle_motion_0p5,0.5,29.58,22.367951283301707,8.717356810135847e-08,0.04999999016044743,0.5000012580342272,-6.464474418166981e-10,-1.556886425609783e-06,0.5000012580342272,4.375180626211754e-09,-9.022651191213808e-10,-4.243392602058771e-08,2.125806600564275e-06,False,,,,,True,0.5757179856300354,628.0,120.0
vehicle_motion_0p5,0.5,29.632,22.39395123352498,8.715069930111287e-08,0.04999999648601694,0.4999971159302514,-2.5972644526069846e-10,1.590541345522253e-06,0.4999971159302514,-3.984899378462137e-09,8.695468864462827e-10,-4.242752255287436e-08,2.1265832085406545e-06,False,,,,,True,0.5757179856300354,628.0,120.0
vehicle_motion_0p5,0.5,29.684,22.419951201131514,8.712626785659536e-08,0.04999999016044743,0.5000013972131412,-6.464474424153386e-10,-1.556886425685944e-06,0.5000013972131412,4.375180627190335e-09,-9.02265119181148e-10,-4.242039386785713e-08,2.1258066006562424e-06,False,,,,,True,0.5757179856300354,628.0,120.0
vehicle_motion_0p5,0.5,29.736,22.445951184078897,8.710339905633852e-08,0.04999999648601694,0.49999815993253266,-2.5972644529457977e-10,1.5905413455432361e-06,0.49999815993253266,-3.984899379491732e-09,8.695468870859926e-10,-4.2413990400140166e-08,2.1265832094716352e-06,False,,,,,True,0.5757179856300354,628.0,120.0
vehicle_motion_0p5,0.5,29.788,22.471951188214494,8.707896761183204e-08,0.04999999016044743,0.5000016272777792,-6.464474415712703e-10,-1.5568864256165551e-06,0.5000016272777792,4.375180627430742e-09,-9.02265119503462e-10,-4.2406861715126726e-08,2.1258066005725763e-06,False,,,,,True,0.5757179856300354,628.0,120.0
vehicle_motion_0p5,0.5,29.84,22.49795115598103,8.705609881158767e-08,0.04999999648601694,0.4999974239347231,-2.5972644528250955e-10,1.5905413455012697e-06,0.4999974239347231,-3.984899378799707e-09,8.695468859934997e-10,-4.2400458247414045e-08,2.1265832084749015e-06,False,,,,,True,0.5783478617668152,631.0,115.5
vehicle_motion_0p5,0.5,29.892,22.523951145035657,8.703166736707236e-08,0.04999999016044743,0.5000017222317726,-6.464474414476034e-10,-1.5568864256165551e-06,0.5000017222317726,4.375180628797136e-09,-9.02265119668866e-10,-4.2393329562397826e-08,2.1258066014633865e-06,False,,,,,True,0.5783478617668152,631.0,115.5
vehicle_motion_0p5,0.5,29.944,22.54995111812179,8.70087985668291e-08,0.04999999648601694,0.499997534824979,-2.59726443829001e-10,1.5905413454946639e-06,0.499997534824979,-3.984899376297198e-09,8.695468872363604e-10,-4.2386926094685655e-08,2.126583208530975e-06,False,,,,,True,0.5783478617668152,631.0,115.5
vehicle_motion_0p5,0.5,29.996,22.57595108783575,8.698436712232645e-08,0.04999999016044743,0.5000010049570557,-6.464474417364417e-10,-1.556886425623494e-06,0.5000010049570557,4.3751806280938536e-09,-9.022651194004503e-10,-4.237979740967379e-08,2.12580660057776e-06,False,,,,,True,0.5783478617668152,631.0,115.5
vehicle_motion_0p5,0.5,30.048,22.601951026918552,8.696149832208211e-08,0.04999999648601694,0.49999704716113647,-2.597264453132145e-10,1.5905413455154805e-06,0.49999704716113647,-3.984899378927404e-09,8.69546885787151e-10,-4.237339394196139e-08,2.126583209297476e-06,False,,,,,True,0.5783478617668152,631.0,115.5
vehicle_motion_0p5,0.5,30.1,22.62795099904078,8.693706687756708e-08,0.04999999016044743,0.5000014934130649,-6.464474421756283e-10,-1.5568864256999885e-06,0.5000014934130649,4.375180627555018e-09,-9.022651201652494e-10,-4.236626525694552e-08,2.1258066007440497e-06,False,,,,,True,0.5783478617668152,631.0,115.5
vehicle_motion_0p5,0.5,30.152,22.65395098571222,8.691419807731539e-08,0.04999999648601694,0.4999980507653666,-2.5972644530792054e-10,1.5905413454736807e-06,0.4999980507653666,-3.984899379233563e-09,8.695468860480479e-10,-4.235986178923083e-08,2.126583209279983e-06,False,,,,,True,0.5783478617668152,631.0,115.5
vehicle_motion_0p5,0.5,30.204,22.67995098090843,8.688976663281514e-08,0.04999999016044743,0.500001470186179,-6.464474416324684e-10,-1.5568864256375385e-06,0.500001470186179,4.37518062710286e-09,-9.022651191852503e-10,-4.2352733104220006e-08,2.125806600595682e-06,False,,,,,True,0.5723767876625061,631.0,107.5
vehicle_motion_0p5,0.5,30.26,22.70595094395012,8.686689783257025e-08,0.04999999648601694,0.49999757838522957,-2.5972644536678933e-10,1.5905413454875585e-06,0.49999757838522957,-3.9848993771530986e-09,8.695468857837267e-10,-4.234632963650773e-08,2.1265832083433374e-06,False,,,,,True,0.5723767876625061,631.0,107.5
vehicle_motion_0p5,0.5,30.312,22.733950934256704,8.68414284700043e-08,0.04999999648601694,0.4999981775386472,-2.5972644532867285e-10,1.5905413454875585e-06,0.4999981775386472,-3.984899376652157e-09,8.69546886767516e-10,-4.233904309273025e-08,2.1265832084053817e-06,False,,,,,True,0.5723767876625061,631.0,107.5
vehicle_motion_0p5,0.5,30.364,22.759950955524324,8.681699702549768e-08,0.04999999016044743,0.5000020625961068,-6.464474415956225e-10,-1.5568864256444774e-06,0.5000020625961068,4.375180626659283e-09,-9.022651190938591e-10,-4.233191440771753e-08,2.125806600534387e-06,False,,,,,True,0.5723767876625061,631.0,107.5
vehicle_motion_0p5,0.5,30.416,22.785950944547128,8.679412822525812e-08,0.04999999648601694,0.4999978158788119,-2.597264453295199e-10,1.590541345452864e-06,0.4999978158788119,-3.984899377249485e-09,8.695468859677456e-10,-4.232551094000725e-08,2.1265832083088127e-06,False,,,,,True,0.5723767876625061,631.0,107.5
vehicle_motion_0p5,0.5,30.468,22.811950934871494,8.676969678075229e-08,0.04999999016044743,0.500001715412741,-6.46447442026974e-10,-1.5568864257138663e-06,0.500001715412741,4.375180626928122e-09,-9.022651199318691e-10,-4.231838225499491e-08,2.125806600776036e-06,False,,,,,True,0.5723767876625061,631.0,107.5
vehicle_motion_0p5,0.5,30.52,22.837950932756996,8.674682798050137e-08,0.04999999648601694,0.4999984148351772,-2.597264453578955e-10,1.590541345480786e-06,0.4999984148351772,-3.984899375416409e-09,8.695468858838058e-10,-4.2311978787280995e-08,2.1265832082654133e-06,False,,,,,True,0.5723767876625061,631.0,107.5
vehicle_motion_0p5,0.5,30.572,22.863950960859164,8.672239653599876e-08,0.04999999016044743,0.500002115295342,-6.464474414886845e-10,-1.5568864256585216e-06,0.500002115295342,4.3751806291413264e-09,-9.02265120023036e-10,-4.2304850102269844e-08,2.1258066006241822e-06,False,,,,,True,0.4161999821662903,633.0,106.0
vehicle_motion_0p5,0.5,30.624,22.889950951936264,8.669952773576087e-08,0.04999999648601694,0.49999784412817233,-2.5972644534286065e-10,1.5905413454320474e-06,0.49999784412817233,-3.984899376356225e-09,8.695468863962652e-10,-4.2298446634560406e-08,2.1265832082461907e-06,False,,,,,True,0.4161999821662903,633.0,106.0
vehicle_motion_0p5,0.5,30.676,22.915950935793138,8.667509629126507e-08,0.04999999016044743,0.5000012542386072,-6.464474402952151e-10,-1.5568864256583552e-06,0.5000012542386072,4.37518062705725e-09,-9.022651192242077e-10,-4.22913179495517e-08,2.1258066006339545e-06,False,,,,,True,0.4161999821662903,633.0,106.0
vehicle_motion_0p5,0.5,30.728,22.941950885682445,8.665222749102787e-08,0.04999999648601694,0.49999711448496553,-2.597264453375667e-10,1.5905413454320474e-06,0.49999711448496553,-3.984899377380022e-09,8.695468871922532e-10,-4.228491448184263e-08,2.1265832082926962e-06,False,,,,,True,0.4161999821662903,633.0,106.0
vehicle_motion_0p5,0.5,30.78,22.96795083510747,8.662779604653283e-08,0.04999999016044743,0.5000006423139199,-6.464474411486008e-10,-1.5568864256581885e-06,0.5000006423139199,4.375180627000989e-09,-9.022651199871165e-10,-4.227778579683428e-08,2.12580660063995e-06,False,,,,,True,0.4161999821662903,633.0,106.0
vehicle_motion_0p5,0.5,30.832,22.993950756064915,8.660492724629635e-08,0.04999999648601694,0.49999660185958805,-2.5972644536509527e-10,1.590541345418336e-06,0.49999660185958805,-3.9848993763644985e-09,8.695468862899717e-10,-4.227138232912558e-08,2.1265832081817235e-06,False,,,,,True,0.4161999821662903,633.0,106.0
vehicle_motion_0p5,0.5,30.884,23.019950699647246,8.658049580179049e-08,0.04999999016044743,0.500000978295928,-6.464474417940399e-10,-1.5568864257275774e-06,0.500000978295928,4.375180629397657e-09,-9.022651201264953e-10,-4.226425364411376e-08,2.125806600803541e-06,False,,,,,True,0.4161999821662903,633.0,106.0
vehicle_motion_0p5,0.5,30.936,23.04595066313291,8.655762700154325e-08,0.04999999648601694,0.49999782315383057,-2.597264453782243e-10,1.5905413454389863e-06,0.49999782315383057,-3.984899375971621e-09,8.695468869432313e-10,-4.225785017640162e-08,2.126583208218839e-06,False,,,,,True,0.4161999821662903,633.0,106.0
vehicle_motion_0p5,0.5,30.988,23.071950672918575,8.65331955570366e-08,0.04999999016044743,0.5000021751195367,-6.464474418598967e-10,-1.556886425734683e-06,0.5000021751195367,4.375180627698253e-09,-9.022651197132589e-10,-4.2250721491389666e-08,2.125806600818865e-06,False,,,,,True,0.41045695543289185,639.5,113.5
vehicle_motion_0p5,0.5,31.04,23.097950668309956,8.651032675680177e-08,0.04999999648601694,0.4999979409575941,-2.597264454040588e-10,1.5905413454044582e-06,0.4999979409575941,-3.984899377147303e-09,8.695468864229936e-10,-4.224431802368179e-08,2.1265832081256507e-06,False,,,,,True,0.41045695543289185,639.5,113.5
vehicle_motion_0p5,0.5,31.092,23.1239506826714,8.648589531229643e-08,0.04999999016044743,0.5000022424232217,-6.464474426853303e-10,-1.556886425734683e-06,0.5000022424232217,4.375180627556208e-09,-9.022651202733683e-10,-4.22371893386704e-08,2.1258066008174057e-06,False,,,,,True,0.41045695543289185,639.5,113.5
vehicle_motion_0p5,0.5,31.144,23.149950706198183,8.646302651205096e-08,0.04999999648601694,0.49999888241405627,-2.597264454455634e-10,1.5905413454181696e-06,0.49999888241405627,-3.984899375700184e-09,8.695468866654741e-10,-4.223078587095916e-08,2.126583208158716e-06,False,,,,,True,0.41045695543289185,639.5,113.5
vehicle_motion_0p5,0.5,31.2,23.175950765105082,8.643859506754839e-08,0.04999999016044743,0.5000029150128277,-6.464474410410276e-10,-1.5568864256793383e-06,0.5000029150128277,4.37518062923611e-09,-9.022651200236174e-10,-4.222365718594882e-08,2.1258066006574804e-06,False,,,,,True,0.41045695543289185,639.5,113.5
vehicle_motion_0p5,0.5,31.252,23.203950805831703,8.641312570500114e-08,0.04999999016044743,0.500002513783357,-6.464474414109693e-10,-1.5568864257417883e-06,0.500002513783357,4.37518062873847e-09,-9.022651206622202e-10,-4.221637064217888e-08,2.125806600821042e-06,False,,,,,True,0.41045695543289185,639.5,113.5
vehicle_motion_0p5,0.5,31.304,23.229950840954007,8.639025690475684e-08,0.04999999648601694,0.4999990649295154,-2.597264454383636e-10,1.5905413454113971e-06,0.4999990649295154,-3.984899376512488e-09,8.695468861748034e-10,-4.2209967174468245e-08,2.1265832080307513e-06,False,,,,,True,0.41045695543289185,639.5,113.5
vehicle_motion_0p5,0.5,31.356,23.255950906564156,8.636582546025741e-08,0.04999999016044743,0.5000029229945336,-6.464474412568093e-10,-1.5568864256861107e-06,0.5000029229945336,4.3751806292120405e-09,-9.022651204402088e-10,-4.220283848945916e-08,2.125806600677484e-06,False,,,,,True,0.5856683254241943,644.5,70.5
vehicle_motion_0p5,0.5,31.408,23.281950939984373,8.634295666002165e-08,0.04999999648601694,0.4999988660565829,-2.597264454059646e-10,1.5905413454042918e-06,0.4999988660565829,-3.984899374138932e-09,8.695468868454635e-10,-4.219643502175151e-08,2.1265832080818862e-06,False,,,,,True,0.5856683254241943,644.5,70.5
vehicle_motion_0p5,0.5,31.464,23.301950977099107,8.632476425819649e-08,0.04999999648601694,0.499999117889215,-2.5972644541083505e-10,1.5905413453905805e-06,0.499999117889215,-3.984899377212026e-09,8.695468860392538e-10,-4.2191230347628434e-08,2.1265832088818123e-06,False,,,,,True,0.5856683254241943,644.5,70.5
vehicle_motion_0p5,0.5,31.524,23.33395105586546,8.629565641527715e-08,0.04999999648601694,0.49999946504065257,-2.5972644541739955e-10,1.5905413453834751e-06,0.49999946504065257,-3.984899376393538e-09,8.695468866093305e-10,-4.2182902869031925e-08,2.1265832089454495e-06,False,,,,,True,0.5856683254241943,644.5,70.5
vehicle_motion_0p5,0.5,31.58,23.365951142049344,8.626654857236584e-08,0.04999999648601694,0.49999912183362816,-2.5972644539368263e-10,1.590541345355886e-06,0.49999912183362816,-3.984899373954203e-09,8.695468860442428e-10,-4.217457539043816e-08,2.1265832079594434e-06,False,,,,,True,0.5856683254241943,644.5,70.5
vehicle_motion_0p5,0.5,31.632,23.393951197631388,8.624107920981604e-08,0.04999999648601694,0.49999918992674675,-2.597264454288345e-10,1.5905413453767027e-06,0.49999918992674675,-3.984899375577438e-09,8.695468862533383e-10,-4.2167288846667944e-08,2.1265832079312304e-06,False,,,,,True,0.5856683254241943,644.5,70.5
vehicle_motion_0p5,0.5,31.684,23.419951270126102,8.621664776531609e-08,0.04999999016044743,0.5000032479376915,-6.464474413057254e-10,-1.5568864257624386e-06,0.5000032479376915,4.375180627225732e-09,-9.022651193742156e-10,-4.216016016165912e-08,2.1258065998889818e-06,False,,,,,True,0.5856683254241943,644.5,70.5
vehicle_motion_0p5,0.5,31.736,23.445951339131046,8.619377896507486e-08,0.04999999648601694,0.49999964779944045,-2.5972644545085735e-10,1.5905413453626584e-06,0.49999964779944045,-3.984899373657212e-09,8.695468871370588e-10,-4.2153756693950095e-08,2.1265832079779295e-06,False,,,,,True,0.5524697303771973,658.5,56.0
vehicle_motion_0p5,0.5,31.788,23.4719514117346,8.616934752058757e-08,0.04999999016044743,0.5000028006420427,-6.46447441938459e-10,-1.5568864257067608e-06,0.5000028006420427,4.375180626154149e-09,-9.022651193645886e-10,-4.21466280089456e-08,2.125806599816575e-06,False,,,,,True,0.5524697303771973,658.5,56.0
vehicle_motion_0p5,0.5,31.84,23.497951433039013,8.614647872035882e-08,0.04999999648601694,0.49999833026084745,-2.597264454364578e-10,1.5905413453350693e-06,0.49999833026084745,-3.984899374147172e-09,8.69546886274278e-10,-4.214022454124087e-08,2.1265832078844717e-06,False,,,,,True,0.5524697303771973,658.5,56.0
vehicle_motion_0p5,0.5,31.892,23.523951438820127,8.612204727587283e-08,0.04999999016044743,0.5000016683809316,-6.464474402143235e-10,-1.556886425762272e-06,0.5000016683809316,4.375180630127723e-09,-9.022651203055324e-10,-4.213309585623693e-08,2.125806600868176e-06,False,,,,,True,0.5524697303771973,658.5,56.0
vehicle_motion_0p5,0.5,31.944,23.549951431172616,8.609917847563307e-08,0.04999999648601694,0.4999982061524563,-2.597264454193054e-10,1.5905413453281304e-06,0.4999982061524563,-3.984899375917571e-09,8.69546886083762e-10,-4.212669238852868e-08,2.1265832087493647e-06,False,,,,,True,0.5524697303771973,658.5,56.0
vehicle_motion_0p5,0.5,31.996,23.57595143225732,8.607474703114787e-08,0.04999999016044743,0.5000016572032293,-6.464474412813732e-10,-1.556886425762272e-06,0.5000016572032293,4.37518062943175e-09,-9.022651204730694e-10,-4.2119563703525163e-08,2.1258066008751932e-06,False,,,,,True,0.5524697303771973,658.5,56.0
vehicle_motion_0p5,0.5,32.048,23.601951424842913,8.605187823090911e-08,0.04999999648601694,0.4999982800247553,-2.597264440130189e-10,1.5905413453349029e-06,0.4999982800247553,-3.984899375507608e-09,8.695468858627801e-10,-4.2113160235817406e-08,2.1265832087000577e-06,False,,,,,True,0.5524697303771973,658.5,56.0
vehicle_motion_0p5,0.5,32.1,23.627951452375985,8.602744678641719e-08,0.04999999016044743,0.5000022679117675,-6.46447441840415e-10,-1.5568864257136997e-06,0.5000022679117675,4.375180626215882e-09,-9.022651197263546e-10,-4.2106031550811774e-08,2.125806599824996e-06,False,,,,,False,,,
vehicle_motion_0p5,0.5,32.152,23.653951449122534,8.600457798619105e-08,0.04999999648601694,0.49999791971945173,-2.5972644545445724e-10,1.5905413453005415e-06,0.49999791971945173,-3.984899374497867e-09,8.695468856833942e-10,-4.2099628083108325e-08,2.126583207788547e-06,False,,,,,False,,,
vehicle_motion_0p5,0.5,32.204,23.67995143492995,8.598014654170964e-08,0.04999999016044743,0.5000012586104353,-6.464474407106848e-10,-1.5568864257206385e-06,0.5000012586104353,4.3751806284671254e-09,-9.022651194629596e-10,-4.2092499398106346e-08,2.1258066007337023e-06,False,,,,,False,,,
vehicle_motion_0p5,0.5,32.256,23.705951385879267,8.595727774148026e-08,0.04999999648601694,0.49999733081743075,-2.597264454877033e-10,1.5905413453211915e-06,0.49999733081743075,-3.984899373478803e-09,8.695468856717945e-10,-4.208609593040196e-08,2.126583207748363e-06,False,,,,,False,,,
vehicle_motion_0p5,0.5,32.308,23.731951365752167,8.593284629699231e-08,0.04999999016044743,0.5000013305682173,-6.464474417330536e-10,-1.5568864257135332e-06,0.5000013305682173,4.375180629422504e-09,-9.022651199959451e-10,-4.2078967245397954e-08,2.1258066007368444e-06,False,,,,,False,,,
vehicle_motion_0p5,0.5,32.364,23.759951322387064,8.590737693445932e-08,0.04999999016044743,0.5000009345854309,-6.464474409107963e-10,-1.5568864257275774e-06,0.5000009345854309,4.375180628215982e-09,-9.02265119683708e-10,-4.2071680701634354e-08,2.1258065998519897e-06,False,,,,,False,,,
vehicle_motion_0p5,0.5,32.416,23.78595125602461,8.588450813423515e-08,0.04999999648601694,0.4999968118083519,-2.59726445448528e-10,1.5905413452724528e-06,0.4999968118083519,-3.984899373583157e-09,8.695468871516785e-10,-4.206527723393192e-08,2.1265832077944236e-06,False,,,,,False,,,
vehicle_motion_0p5,0.5,32.468,23.811951197905977,8.586007668974862e-08,0.04999999016044743,0.5000008432666574,-6.464474409366308e-10,-1.5568864257903606e-06,0.5000008432666574,4.375180627188087e-09,-9.022651201621483e-10,-4.2058148548928555e-08,2.1258066000212028e-06,False,,,,,False,,,
vehicle_motion_0p5,0.5,32.52,23.837951153854856,8.58372078895137e-08,0.04999999648601694,0.4999976620867296,-2.597264455114202e-10,1.5905413453073137e-06,0.4999976620867296,-3.9848993729666035e-09,8.69546885883102e-10,-4.2051745081222724e-08,2.1265832076707246e-06,False,,,,,False,,,
vehicle_motion_0p5,0.5,32.576,23.863951145896426,8.581277644503022e-08,0.04999999016044743,0.5000014699496961,-6.46447439405407e-10,-1.5568864257416219e-06,0.5000014699496961,4.3751806279952445e-09,-9.022651197975981e-10,-4.204461639622049e-08,2.1258065998693353e-06,False,,,,,False,,,
vehicle_motion_0p5,0.5,32.628,23.89195111055184,8.578730708249936e-08,0.04999999016044743,0.5000010751830087,-6.464474403701775e-10,-1.5568864257485608e-06,0.5000010751830087,4.375180629664697e-09,-9.022651197307132e-10,-4.203732985245797e-08,2.1258066007630867e-06,False,,,,,False,,,
vehicle_motion_0p5,0.5,32.68,23.917951066695448,8.576443828226766e-08,0.04999999648601694,0.4999976392829904,-2.5972644550760856e-10,1.590541345293769e-06,0.4999976392829904,-3.9848993732191616e-09,8.695468862950822e-10,-4.203092638475339e-08,2.126583207700085e-06,False,,,,,False,,,
vehicle_motion_0p5,0.5,32.732,23.943951067134666,8.574000683777768e-08,0.04999999016044743,0.5000020007102679,-6.464474412301277e-10,-1.556886425804072e-06,0.5000020007102679,4.375180628459286e-09,-9.022651200087709e-10,-4.2023797699749195e-08,2.125806600041569e-06,False,,,,,False,,,
vehicle_motion_0p5,0.5,32.784,23.969951078671194,8.571713803754488e-08,0.04999999648601694,0.4999986553369266,-2.59726445524761e-10,1.5905413452795582e-06,0.4999986553369266,-3.984899372628719e-09,8.695468858865739e-10,-4.20173942320444e-08,2.126583207590016e-06,False,,,,,False,,,
vehicle_motion_0p5,0.5,32.836,23.99595110607616,8.56927065930678e-08,0.04999999016044743,0.5000020360092401,-6.464474394795224e-10,-1.556886425755333e-06,0.5000020360092401,4.375180629533557e-09,-9.022651197884827e-10,-4.2010265547044654e-08,2.125806600782106e-06,False,,,,,False,,,
vehicle_motion_0p5,0.5,32.888,24.021951114518277,8.566983779283548e-08,0.04999999648601694,0.4999985878357454,-2.597264455328078e-10,1.5905413452656804e-06,0.4999985878357454,-3.984899374210779e-09,8.69546886005806e-10,-4.200386207934013e-08,2.1265832084461295e-06,False,,,,,False,,,
vehicle_motion_0p5,0.5,32.94,24.04795115988943,8.564540634834758e-08,0.04999999016044743,0.5000027981196512,-6.464474410285339e-10,-1.5568864258248886e-06,0.5000027981196512,4.375180629370852e-09,-9.022651205230308e-10,-4.1996733394336896e-08,2.1258066000613238e-06,False,,,,,False,,,
vehicle_motion_0p5,0.5,32.992,24.07395118417076,8.562253754812787e-08,0.04999999648601694,0.49999850067960205,-2.59726445538737e-10,1.5905413452589081e-06,0.49999850067960205,-3.984899373731827e-09,8.695468859308573e-10,-4.1990329926636736e-08,2.1265832075315787e-06,False,,,,,False,,,
vehicle_motion_0p5,0.5,33.044,24.10195121915728,8.559706818558974e-08,0.04999999648601694,0.49999876373197943,-2.5972644548643274e-10,1.5905413452242137e-06,0.49999876373197943,-3.984899374548684e-09,8.695468865078327e-10,-4.198304338287243e-08,2.126583207607389e-06,False,,,,,False,,,
vehicle_motion_0p5,0.5,33.096,24.1259512394496,8.557523730342282e-08,0.04999999648601694,0.49999839070674645,-2.597264455444545e-10,1.5905413452448637e-06,0.49999839070674645,-3.98489937496904e-09,8.695468857468346e-10,-4.197679777393452e-08,2.126583208392293e-06,False,,,,,False,,,
vehicle_motion_0p5,0.5,33.148,24.151951273881867,8.555080585893713e-08,0.04999999016044743,0.5000025724036715,-6.464474406880267e-10,-1.556886425824722e-06,0.5000025724036715,4.375180630506658e-09,-9.022651193342762e-10,-4.196966908893232e-08,2.1258066008719614e-06,False,,,,,False,,,
vehicle_motion_0p5,0.5,33.2,24.177951309776134,8.552793705870934e-08,0.04999999648601694,0.4999988927819781,-2.5972644549892647e-10,1.5905413452101692e-06,0.4999988927819781,-3.984899374430284e-09,8.695468862409731e-10,-4.196326562122978e-08,2.126583207484344e-06,False,,,,,False,,,
vehicle_motion_0p5,0.5,33.252,24.203951344979604,8.550350561423456e-08,0.04999999016044743,0.5000023299471968,-6.464474409370543e-10,-1.556886425824722e-06,0.5000023299471968,4.375180628524795e-09,-9.022651199559449e-10,-4.195613693623134e-08,2.1258066000696937e-06,False,,,,,False,,,
vehicle_motion_0p5,0.5,33.308,24.229951367549354,8.548063681400942e-08,0.04999999648601694,0.49999859818850745,-2.5972644553916054e-10,1.590541345203397e-06,0.49999859818850745,-3.984899372385274e-09,8.695468857979724e-10,-4.194973346852983e-08,2.1265832074479736e-06,False,,,,,False,,,
vehicle_motion_0p5,0.5,33.36,24.257951378956175,8.545516745148564e-08,0.04999999648601694,0.49999802215668165,-2.5972644554530153e-10,1.5905413451962914e-06,0.49999802215668165,-3.984899374009885e-09,8.695468869285597e-10,-4.194244692477071e-08,2.1265832075143598e-06,False,,,,,False,,,
vehicle_motion_0p5,0.5,33.412,24.28395137021227,8.543073600701595e-08,0.04999999016044743,0.5000013674260166,-6.464474404610218e-10,-1.5568864257830886e-06,0.5000013674260166,4.375180629172066e-09,-9.02265120644144e-10,-4.1935318239774156e-08,2.12580659991979e-06,False,,,,,False,,,
vehicle_motion_0p5,0.5,33.464,24.309951324176737,8.540786720679964e-08,0.04999999648601694,0.49999717223213885,-2.5972644554021933e-10,1.5905413451893525e-06,0.49999717223213885,-3.984899372868446e-09,8.695468869783329e-10,-4.1928914772075776e-08,2.1265832074831174e-06,False,,,,,False,,,
vehicle_motion_0p5,0.5,33.516,24.33395127278504,8.538603632463764e-08,0.04999999648601694,0.4999968811027916,-2.597264455925236e-10,1.5905413451822472e-06,0.4999968811027916,-3.98489937397904e-09,8.695468859965922e-10,-4.192266916314e-08,2.1265832073866365e-06,False,,,,,False,,,
vehicle_motion_0p5,0.5,33.568,24.361951196843236,8.536056696211575e-08,0.04999999648601694,0.4999965973743345,-2.597264455336548e-10,1.5905413451825803e-06,0.4999965973743345,-3.9848993733544e-09,8.695468868967275e-10,-4.1915382619381796e-08,2.12658320745304e-06,False,,,,,False,,,
vehicle_motion_0p5,0.5,33.62,24.38795112124448,8.53361355176481e-08,0.04999999016044743,0.5000001934700428,-6.464474403388373e-10,-1.556886425797133e-06,0.5000001934700428,4.3751806281025464e-09,-9.022651192711367e-10,-4.190825393438619e-08,2.125806599861324e-06,False,,,,,False,,,
vehicle_motion_0p5,0.5,33.672,24.413951030377977,8.531326671742586e-08,0.04999999648601694,0.49999676438903773,-2.5972644558278273e-10,1.5905413452103359e-06,0.49999676438903773,-3.984899372721708e-09,8.695468862262101e-10,-4.190185046668613e-08,2.1265832074055796e-06,False,,,,,False,,,
vehicle_motion_0p5,0.5,33.724,24.43995098948884,8.528883527294558e-08,0.04999999016044743,0.500001267544156,-6.464474416530089e-10,-1.5568864258524775e-06,0.500001267544156,4.375180630763252e-09,-9.022651207745177e-10,-4.189472178168644e-08,2.125806600104948e-06,False,,,,,False,,,
vehicle_motion_0p5,0.5,33.776,24.465950954664233,8.526596647272812e-08,0.04999999648601694,0.49999744228179827,-2.597264455768535e-10,1.5905413451687025e-06,0.49999744228179827,-3.9848993738890604e-09,8.695468864588371e-10,-4.1888318313988105e-08,2.1265832082794025e-06,False,,,,,False,,,
vehicle_motion_0p5,0.5,33.828,24.49195093548171,8.524153502825295e-08,0.04999999016044743,0.5000016237880162,-6.464474409222313e-10,-1.556886425859583e-06,0.5000016237880162,4.375180629314794e-09,-9.022651204382392e-10,-4.1881189628990276e-08,2.1258066001134955e-06,False,,,,,False,,,
vehicle_motion_0p5,0.5,33.88,24.51595092339794,8.521970414609238e-08,0.04999999016044743,0.5000014912925486,-6.464474404504339e-10,-1.556886425804072e-06,0.5000014912925486,4.37518062860094e-09,-9.022651201884452e-10,-4.1874944020055435e-08,2.125806599960691e-06,False,,,,,False,,,
vehicle_motion_0p5,0.5,33.932,24.54395088951846,8.519423478357355e-08,0.04999999016044743,0.500001107756241,-6.464474403301552e-10,-1.556886425804072e-06,0.500001107756241,4.375180629273018e-09,-9.022651195539043e-10,-4.1867657476298784e-08,2.1258065998822246e-06,False,,,,,False,,,
vehicle_motion_0p5,0.5,33.984,24.569950832591772,8.517136598336187e-08,0.04999999648601694,0.49999699341632053,-2.5972644559379416e-10,1.5905413451477192e-06,0.49999699341632053,-3.984899371005802e-09,8.695468862623945e-10,-4.1861254008602673e-08,2.126583207327561e-06,False,,,,,False,,,
vehicle_motion_0p5,0.5,34.036,24.595950776608284,8.514693453889804e-08,0.04999999016044743,0.5000005480898725,-6.464474401774775e-10,-1.5568864258110108e-06,0.5000005480898725,4.375180627007714e-09,-9.022651201926563e-10,-4.1854125323608854e-08,2.1258065990795118e-06,False,,,,,False,,,
vehicle_motion_0p5,0.5,34.088,24.621950714844093,8.512406573867548e-08,0.04999999648601694,0.4999973562278864,-2.5972644562386383e-10,1.590541345154658e-06,0.4999973562278864,-3.9848993717844664e-09,8.695468863598903e-10,-4.184772185590925e-08,2.126583207282234e-06,False,,,,,False,,,
vehicle_motion_0p5,0.5,34.14,24.64595069524364,8.510223485650658e-08,0.04999999648601694,0.4999979362518126,-2.59726445621111e-10,1.5905413451549912e-06,0.4999979362518126,-3.984899374031576e-09,8.695468858530583e-10,-4.1841476246971934e-08,2.1265832080822056e-06,False,,,,,False,,,
vehicle_motion_0p5,0.5,34.196,24.675950713875867,8.507416493166989e-08,0.04999999016044743,0.5000023378211597,-6.464474403663659e-10,-1.5568864258732942e-06,0.5000023378211597,4.375180629299378e-09,-9.02265119890426e-10,-4.183330662715165e-08,2.1258066001362557e-06,False,,,,,False,,,
vehicle_motion_0p5,0.5,34.248,24.701950741840186,8.505129613144853e-08,0.04999999648601694,0.49999895661610333,-2.597264456285225e-10,1.5905413451477192e-06,0.49999895661610333,-3.984899371408906e-09,8.6954688650993e-10,-4.182690315945269e-08,2.126583207241586e-06,False,,,,,False,,,
vehicle_motion_0p5,0.5,34.3,24.727950803737446,8.502686468697783e-08,0.04999999016044743,0.5000029143373476,-6.464474389151867e-10,-1.556886425817783e-06,0.5000029143373476,4.375180628794131e-09,-9.022651207364151e-10,-4.181977447445695e-08,2.12580659998154e-06,False,,,,,False,,,
vehicle_motion_0p5,0.5,34.352,24.753950833123543,8.500399588676874e-08,0.04999999648601694,0.4999985306027386,-2.5972644565329823e-10,1.5905413451131914e-06,0.4999985306027386,-3.984899371339414e-09,8.695468862822416e-10,-4.181337100676219e-08,2.1265832072170004e-06,False,,,,,False,,,
vehicle_motion_0p5,0.5,34.404,24.77995084959893,8.49795644423087e-08,0.04999999016044743,0.5000018298517496,-6.464474401965358e-10,-1.556886425824722e-06,0.5000018298517496,4.375180630014495e-09,-9.022651204488367e-10,-4.180624232177012e-08,2.1258065999845093e-06,False,,,,,False,,,
vehicle_motion_0p5,0.5,34.456,24.805950829097508,8.49566956420965e-08,0.04999999648601694,0.49999786058973195,-2.5972644563445174e-10,1.5905413451270691e-06,0.49999786058973195,-3.9848993713894596e-09,8.695468862468659e-10,-4.179983885407447e-08,2.1265832071751455e-06,False,,,,,False,,,
vehicle_motion_0p5,0.5,34.508,24.83195083954169,8.493226419762341e-08,0.04999999016044743,0.5000021665916573,-6.464474403000856e-10,-1.556886425887172e-06,0.5000021665916573,4.375180628388734e-09,-9.022651199317606e-10,-4.179271016907818e-08,2.1258065992693264e-06,False,,,,,False,,,
vehicle_motion_0p5,0.5,34.56,24.857950855106022,8.49093953974077e-08,0.04999999648601694,0.49999845506901147,-2.5972644563296944e-10,1.5905413450923747e-06,0.49999845506901147,-3.984899370602744e-09,8.695468865321099e-10,-4.17863067013815e-08,2.12658320715685e-06,False,,,,,False,,,
vehicle_motion_0p5,0.5,34.612,24.88395087431434,8.488496395294381e-08,0.04999999016044743,0.5000021923635032,-6.464474400258586e-10,-1.5568864258942775e-06,0.5000021923635032,4.375180627442671e-09,-9.022651206576479e-10,-4.1779178016388384e-08,2.1258065992728737e-06,False,,,,,False,,,
vehicle_motion_0p5,0.5,34.664,24.909950894265226,8.486209515272501e-08,0.04999999648601694,0.49999879307901474,-2.5972644566430966e-10,1.5905413451133578e-06,0.49999879307901474,-3.9848993727548014e-09,8.695468869428682e-10,-4.177277454869084e-08,2.1265832080079737e-06,False,,,,,False,,,
vehicle_motion_0p5,0.5,34.716,24.935950949339485,8.48376637082541e-08,0.04999999016044743,0.5000029547792028,-6.464474403763185e-10,-1.5568864259010498e-06,0.5000029547792028,4.375180628985059e-09,-9.022651208755784e-10,-4.1765645863695535e-08,2.125806600172434e-06,False,,,,,False,,,
vehicle_motion_0p5,0.5,34.768,24.96195099808017,8.481479490804211e-08,0.04999999648601694,0.4999989581476254,-2.597264456376281e-10,1.5905413450713913e-06,0.4999989581476254,-3.984899372126446e-09,8.695468871133849e-10,-4.1759242396000385e-08,2.1265832079798167e-06,False,,,,,False,,,
vehicle_motion_0p5,0.5,34.82,24.987951044412064,8.479036346357823e-08,0.04999999016044743,0.5000027238131948,-6.4644744025244e-10,-1.5568864259083218e-06,0.5000027238131948,4.375180628538615e-09,-9.022651203346243e-10,-4.1752113711007584e-08,2.1258065992890025e-06,False,,,,,False,,,
vehicle_motion_0p5,0.5,34.872,25.013951078971303,8.476749466336936e-08,0.04999999648601694,0.49999866507958995,-2.597264456964969e-10,1.590541345064619e-06,0.49999866507958995,-3.984899372285085e-09,8.695468861611761e-10,-4.174571024331364e-08,2.1265832079602095e-06,False,,,,,False,,,
vehicle_motion_0p5,0.5,34.924,25.039951113180727,8.474306321890473e-08,0.04999999016044743,0.5000025201823879,-6.46447440190183e-10,-1.5568864259081553e-06,0.5000025201823879,4.3751806299794995e-09,-9.022651199718843e-10,-4.173858155832067e-08,2.1258066001968774e-06,False,,,,,False,,,
vehicle_motion_0p5,0.5,34.976,25.065951135224804,8.47201944186965e-08,0.04999999648601694,0.4999984164513644,-2.5972644567553284e-10,1.5905413450647855e-06,0.4999984164513644,-3.984899369838894e-09,8.695468864294842e-10,-4.173217809062708e-08,2.1265832070356167e-06,False,,,,,False,,,
vehicle_motion_0p5,0.5,35.028,25.091951145132178,8.469576297424262e-08,0.04999999016044743,0.500001686446714,-6.464474394026542e-10,-1.5568864258597495e-06,0.500001686446714,4.375180630084826e-09,-9.022651207812104e-10,-4.172504940563787e-08,2.125806600036452e-06,False,,,,,False,,,
vehicle_motion_0p5,0.5,35.08,25.117951128841472,8.46728941740293e-08,0.04999999648601694,0.49999810416080426,-2.5972644567849746e-10,1.5905413450784969e-06,0.49999810416080426,-3.984899370243057e-09,8.69546886786061e-10,-4.171864593794271e-08,2.1265832069893306e-06,False,,,,,False,,,
vehicle_motion_0p5,0.5,35.132,25.14395114995587,8.464846272956306e-08,0.04999999016044743,0.5000023432057976,-6.46447440202465e-10,-1.5568864259221996e-06,0.5000023432057976,4.375180628051738e-09,-9.022651197221112e-10,-4.171151725294951e-08,2.1258065992351905e-06,False,,,,,False,,,
vehicle_motion_0p5,0.5,35.184,25.169951158427292,8.462559392935857e-08,0.04999999648601694,0.4999981478991874,-2.59726445647369e-10,1.5905413450368635e-06,0.4999981478991874,-3.9848993702469974e-09,8.695468865981457e-10,-4.1705113785257407e-08,2.1265832069750666e-06,False,,,,,False,,,
vehicle_motion_0p5,0.5,35.236,25.195951177269407,8.460116248489491e-08,0.04999999016044743,0.5000022897073398,-6.464474398973214e-10,-1.5568864259220331e-06,0.5000022897073398,4.37518062837767e-09,-9.022651198566501e-10,-4.1697985100265215e-08,2.1258065993204833e-06,False,,,,,False,,,
vehicle_motion_0p5,0.5,35.288,25.221951200984044,8.457829368468112e-08,0.04999999648601694,0.4999988518135639,-2.5972644573630746e-10,1.5905413450578466e-06,0.4999988518135639,-3.98489937267498e-09,8.695468858030523e-10,-4.169158163257017e-08,2.1265832077334592e-06,False,,,,,False,,,
vehicle_motion_0p5,0.5,35.34,25.24795125760568,8.455386224021664e-08,0.04999999016044743,0.5000029736558991,-6.464474402367698e-10,-1.556886425928972e-06,0.5000029736558991,4.375180631172442e-09,-9.022651208752172e-10,-4.1684452947577846e-08,2.125806600224457e-06,False,,,,,False,,,
vehicle_motion_0p5,0.5,35.392,25.27395128868472,8.453099344001554e-08,0.04999999648601694,0.4999985346143484,-2.5972644568866185e-10,1.5905413450160468e-06,0.4999985346143484,-3.984899369375108e-09,8.695468869823116e-10,-4.167804947988718e-08,2.12658320690852e-06,False,,,,,False,,,
vehicle_motion_0p5,0.5,35.444,25.299951304092772,8.450656199556373e-08,0.04999999016044743,0.5000018387215579,-6.464474401696425e-10,-1.5568864259218665e-06,0.5000018387215579,4.375180627722806e-09,-9.022651205754579e-10,-4.1670920794899165e-08,2.125806599320618e-06,False,,,,,False,,,
vehicle_motion_0p5,0.5,35.496,25.325951305273925,8.448369319535141e-08,0.04999999648601694,0.4999984336173396,-2.5972644570793185e-10,1.5905413450368635e-06,0.4999984336173396,-3.9848993712456526e-09,8.695468865722168e-10,-4.1664517327204934e-08,2.12658320775332e-06,False,,,,,False,,,
vehicle_motion_0p5,0.5,35.548,25.35195134213754,8.44592617508888e-08,0.04999999016044743,0.500002618251301,-6.464474400754101e-10,-1.5568864259217e-06,0.500002618251301,4.375180630961946e-09,-9.022651202574532e-10,-4.1657388642213444e-08,2.1258066002283866e-06,False,,,,,False,,,
vehicle_motion_0p5,0.5,35.6,25.377951379680873,8.443639295067977e-08,0.04999999648601694,0.49999891300371924,-2.597264457066613e-10,1.59054134501638e-06,0.49999891300371924,-3.984899371355131e-09,8.695468869366611e-10,-4.1650985174520424e-08,2.126583207742645e-06,False,,,,,False,,,
vehicle_motion_0p5,0.5,35.652,25.403951415309024,8.441196150622811e-08,0.04999999016044743,0.5000023285948704,-6.464474399212501e-10,-1.5568864259288054e-06,0.5000023285948704,4.375180628277585e-09,-9.022651209479661e-10,-4.1643856489532745e-08,2.125806599340144e-06,False,,,,,False,,,
vehicle_motion_0p5,0.5,35.704,25.42995143732366,8.438909270602175e-08,0.04999999648601694,0.4999985803568577,-2.5972644570581427e-10,1.5905413450025021e-06,0.4999985803568577,-3.984899369928373e-09,8.695468862640377e-10,-4.1637453021840744e-08,2.1265832068154305e-06,False,,,,,False,,,
vehicle_motion_0p5,0.5,35.756,25.455951455314384,8.43646612615749e-08,0.04999999016044743,0.5000018387482702,-6.46447439475499e-10,-1.5568864258661889e-06,0.5000018387482702,4.375180629363483e-09,-9.022651199899056e-10,-4.16303243368548e-08,2.1258065991916505e-06,False,,,,,False,,,
vehicle_motion_0p5,0.5,35.808,25.481951435401882,8.434179246137337e-08,0.04999999648601694,0.4999978969182462,-2.5972644577336515e-10,1.590541345009108e-06,0.4999978969182462,-3.9848993691722185e-09,8.69546885807489e-10,-4.1623920869164565e-08,2.1265832066923863e-06,False,,,,,False,,,
vehicle_motion_0p5,0.5,35.86,25.507951446468784,8.431736101691374e-08,0.04999999016044743,0.500002155719087,-6.464474396129301e-10,-1.5568864259426832e-06,0.500002155719087,4.375180628470811e-09,-9.022651197120856e-10,-4.16167921841745e-08,2.125806599274049e-06,False,,,,,False,,,
vehicle_motion_0p5,0.5,35.912,25.533951458437716,8.429449221671094e-08,0.04999999648601694,0.49999832866692956,-2.597264457212726e-10,1.5905413449815188e-06,0.49999832866692956,-3.984899371965947e-09,8.695468859688009e-10,-4.1610388716484e-08,2.1265832075683827e-06,False,,,,,False,,,
vehicle_motion_0p5,0.5,35.964,25.559951470336973,8.42700607722603e-08,0.04999999016044743,0.5000020462675102,-6.464474395798958e-10,-1.5568864259426832e-06,0.5000020462675102,4.375180631298929e-09,-9.022651206246758e-10,-4.160326003149703e-08,2.125806600248094e-06,False,,,,,False,,,
vehicle_motion_0p5,0.5,36.016,25.585951482490387,8.42471919720523e-08,0.04999999648601694,0.49999864023444646,-2.5972644575917735e-10,1.5905413449953966e-06,0.49999864023444646,-3.984899369620045e-09,8.69546886176883e-10,-4.159685656380493e-08,2.1265832075985074e-06,False,,,,,False,,,
vehicle_motion_0p5,0.5,36.068,25.611951529594045,8.42227605275951e-08,0.04999999016044743,0.5000028024052235,-6.464474399331085e-10,-1.556886425949622e-06,0.5000028024052235,4.375180630055852e-09,-9.022651210827167e-10,-4.1589727878815926e-08,2.1258065993701622e-06,False,,,,,False,,,
vehicle_motion_0p5,0.5,36.12,25.63795157812872,8.419989172738813e-08,0.04999999648601694,0.49999928983720415,-2.597264457615067e-10,1.5905413449884577e-06,0.49999928983720415,-3.984899369772161e-09,8.695468855701176e-10,-4.1583324411124295e-08,2.126583207486318e-06,False,,,,,False,,,
vehicle_motion_0p5,0.5,36.172,25.663951646037507,8.417546028293983e-08,0.04999999016044743,0.500002793893511,-6.464474390519825e-10,-1.5568864259012164e-06,0.500002793893511,4.375180628089072e-09,-9.022651196961265e-10,-4.1576195726138384e-08,2.1258065991410813e-06,False,,,,,False,,,
vehicle_motion_0p5,0.5,36.224,25.689951667617244,8.415259148274529e-08,0.04999999648601694,0.49999835720984387,-2.597264457600244e-10,1.5905413449535968e-06,0.49999835720984387,-3.984899371162987e-09,8.695468860900743e-10,-4.156979225845103e-08,2.1265832075490627e-06,False,,,,,False,,,
vehicle_motion_0p5,0.5,36.276,25.71595168637874,8.41281600382935e-08,0.04999999016044743,0.5000022414126954,-6.464474398668282e-10,-1.5568864259704387e-06,0.5000022414126954,4.375180629051473e-09,-9.022651209919808e-10,-4.1562663573464084e-08,2.1258065993915168e-06,False,,,,,False,,,
vehicle_motion_0p5,0.5,36.328,25.74195169233073,8.410529123809799e-08,0.04999999648601694,0.4999981108263892,-2.597264443071511e-10,1.590541344946991e-06,0.4999981108263892,-3.9848993684908855e-09,8.695468861887917e-10,-4.155626010577656e-08,2.1265832066337695e-06,False,,,,,False,,,
vehicle_motion_0p5,0.5,36.38,25.767951703003583,8.408085979364728e-08,0.04999999016044743,0.5000021261534193,-6.464474401984416e-10,-1.5568864259775443e-06,0.5000021261534193,4.3751806291060604e-09,-9.022651209664647e-10,-4.1549131420790115e-08,2.125806599396006e-06,False,,,,,False,,,
vehicle_motion_0p5,0.5,36.432,25.793951718898906,8.405799099344247e-08,0.04999999648601694,0.4999987101099273,-2.5972644577950614e-10,1.5905413449607021e-06,0.4999987101099273,-3.984899371201827e-09,8.695468870733864e-10,-4.154272795309964e-08,2.12658320748165e-06,False,,,,,False,,,
vehicle_motion_0p5,0.5,36.484,25.819951750792004,8.403355954900095e-08,0.04999999016044743,0.5000020964499284,-6.464474392489177e-10,-1.5568864259150942e-06,0.5000020964499284,4.3751806282035625e-09,-9.022651197079897e-10,-4.153559926811639e-08,2.125806599164049e-06,False,,,,,False,,,
vehicle_motion_0p5,0.5,36.536,25.84595173957665,8.401069074880893e-08,0.04999999648601694,0.499997776591771,-2.59726445782259e-10,1.5905413449187357e-06,0.499997776591771,-3.984899368010771e-09,8.695468858163573e-10,-4.1529195800430326e-08,2.1265832064897036e-06,False,,,,,False,,,
vehicle_motion_0p5,0.5,36.588,25.87195174076751,8.39862593043583e-08,0.04999999016044743,0.5000019799589227,-6.464474404959619e-10,-1.5568864259844832e-06,0.5000019799589227,4.375180628523488e-09,-9.022651200546197e-10,-4.152206711544417e-08,2.125806599409579e-06,False,,,,,False,,,
vehicle_motion_0p5,0.5,36.64,25.897951725125438,8.396339050416711e-08,0.04999999648601694,0.49999771418633476,-2.597264458197402e-10,1.5905413449192354e-06,0.49999771418633476,-3.984899370123068e-09,8.695468870059165e-10,-4.151566364775851e-08,2.126583207425224e-06,False,,,,,False,,,
vehicle_motion_0p5,0.5,36.692,25.923951727146942,8.39389590597157e-08,0.04999999016044743,0.5000019966372554,-6.464474394210771e-10,-1.556886425991422e-06,0.5000019966372554,4.375180628042234e-09,-9.022651206348198e-10,-4.1508534962772206e-08,2.1258065985207377e-06,False,,,,,False,,,
vehicle_motion_0p5,0.5,36.744,25.94995173730613,8.391609025951327e-08,0.04999999648601694,0.4999985577609308,-2.5972644580428185e-10,1.5905413449053576e-06,0.4999985577609308,-3.984899369054928e-09,8.69546885641095e-10,-4.150213149508295e-08,2.1265832073213375e-06,False,,,,,False,,,
vehicle_motion_0p5,0.5,36.796,25.97595175532742,8.389165881507663e-08,0.04999999016044743,0.5000018517816794,-6.464474388463653e-10,-1.5568864259288054e-06,0.5000018517816794,4.375180628879933e-09,-9.022651197543195e-10,-4.149500281010173e-08,2.12580659917702e-06,False,,,,,False,,,
vehicle_motion_0p5,0.5,36.848,26.00195173240162,8.386879001488671e-08,0.04999999648601694,0.49999757444318427,-2.5972644580131723e-10,1.5905413448911467e-06,0.49999757444318427,-3.984899367687297e-09,8.695468856347598e-10,-4.148859934241678e-08,2.1265832063916574e-06,False,,,,,False,,,
vehicle_motion_0p5,0.5,36.9,26.027951702887417,8.384435857045117e-08,0.04999999016044743,0.5000010024811271,-6.464474387622972e-10,-1.556886425935911e-06,0.5000010024811271,4.375180627560996e-09,-9.022651197629794e-10,-4.148147065743606e-08,2.125806598299139e-06,False,,,,,False,,,
vehicle_motion_0p5,0.5,36.952,26.053951639989098,8.382148977026202e-08,0.04999999648601694,0.499996873079289,-2.597264443598789e-10,1.5905413448913132e-06,0.499996873079289,-3.9848993679856635e-09,8.695468855297085e-10,-4.147506718975151e-08,2.12658320637169e-06,False,,,,,False,,,
vehicle_motion_0p5,0.5,37.004,26.07995157726647,8.379705832582722e-08,0.04999999016044743,0.5000004170877869,-6.464474390805699e-10,-1.556886425928972e-06,0.5000004170877869,4.3751806281692685e-09,-9.022651199135358e-10,-4.146793850477118e-08,2.125806599273487e-06,False,,,,,False,,,
vehicle_motion_0p5,0.5,37.056,26.10595148958228,8.377418952563502e-08,0.04999999648601694,0.49999666684031663,-2.597264458699269e-10,1.5905413449119634e-06,0.49999666684031663,-3.984899368603634e-09,8.695468865874987e-10,-4.1461535037085754e-08,2.126583207298489e-06,False,,,,,False,,,
vehicle_motion_0p5,0.5,37.112,26.13195144340113,8.374975808118762e-08,0.04999999016044743,0.5000011616602564,-6.464474393503499e-10,-1.5568864260052999e-06,0.5000011616602564,4.375180629681027e-09,-9.022651198614278e-10,-4.145440635210133e-08,2.1258065993641415e-06,False,,,,,False,,,
vehicle_motion_0p5,0.5,37.164,26.159951417296515,8.372428871869164e-08,0.04999999016044743,0.5000014016013714,-6.464474388251894e-10,-1.5568864259428498e-06,0.5000014016013714,4.375180630464283e-09,-9.022651205865842e-10,-4.144711980835693e-08,2.1258065992881076e-06,False,,,,,False,,,
vehicle_motion_0p5,0.5,37.216,26.18595138254238,8.370141991849861e-08,0.04999999648601694,0.49999773715323914,-2.5972644582757526e-10,1.590541344898252e-06,0.49999773715323914,-3.984899367593586e-09,8.695468857752267e-10,-4.144071634067145e-08,2.126583206357012e-06,False,,,,,False,,,
vehicle_motion_0p5,0.5,37.268,26.211951387705454,8.367698847405276e-08,0.04999999016044743,0.500002077437083,-6.464474393137157e-10,-1.556886426012072e-06,0.500002077437083,4.375180628561891e-09,-9.022651207800715e-10,-4.143358765568776e-08,2.125806598561759e-06,False,,,,,False,,,
vehicle_motion_0p5,0.5,37.32,26.237951403198846,8.365411967385502e-08,0.04999999648601694,0.4999987259314796,-2.5972644585002163e-10,1.5905413448843743e-06,0.4999987259314796,-3.9848993699478285e-09,8.69546886661751e-10,-4.142718418800085e-08,2.126583207216217e-06,False,,,,,False,,,
vehicle_motion_0p5,0.5,37.372,26.26395145558462,8.362968822941016e-08,0.04999999016044743,0.500002912294991,-6.464474393192214e-10,-1.556886426012072e-06,0.500002912294991,4.375180630805153e-09,-9.022651199711682e-10,-4.142005550301764e-08,2.125806599379282e-06,False,,,,,False,,,
vehicle_motion_0p5,0.5,37.424,26.28995151012607,8.360681942921313e-08,0.04999999648601694,0.4999994103175022,-2.5972644586675053e-10,1.5905413448774354e-06,0.4999994103175022,-3.984899366726643e-09,8.695468858663397e-10,-4.1413652035331125e-08,2.1265832062882415e-06,False,,,,,False,,,
vehicle_motion_0p5,0.5,37.476,26.3159515944412,8.358238798476962e-08,0.04999999016044743,0.5000034743073385,-6.464474393177391e-10,-1.5568864260259499e-06,0.5000034743073385,4.375180631340642e-09,-9.022651208335964e-10,-4.140652335034848e-08,2.125806599474252e-06,False,,,,,False,,,
vehicle_motion_0p5,0.5,37.528,26.34195167527773,8.355951918457346e-08,0.04999999648601694,0.4999998716588201,-2.5972644586823284e-10,1.5905413448706632e-06,0.4999998716588201,-3.984899368709621e-09,8.695468865319682e-10,-4.140011988266243e-08,2.126583207150136e-06,False,,,,,False,,,
vehicle_motion_0p5,0.5,37.58,26.36795176868951,8.353508774014042e-08,0.04999999016044743,0.5000032283449156,-6.464474385941612e-10,-1.5568864259636665e-06,0.5000032283449156,4.375180630681637e-09,-9.022651196319471e-10,-4.139299119768341e-08,2.1258065992425974e-06,False,,,,,False,,,
vehicle_motion_0p5,0.5,37.632,26.393951811007483,8.351221893995681e-08,0.04999999648601694,0.49999871988184313,-2.597264459014789e-10,1.5905413448359687e-06,0.49999871988184313,-3.9848993688113155e-09,8.695468867582847e-10,-4.1386587730001624e-08,2.1265832071392982e-06,False,,,,,False,,,
vehicle_motion_0p5,0.5,37.684,26.419951852917862,8.348778749551682e-08,0.04999999016044743,0.5000026822062761,-6.464474391161453e-10,-1.5568864260328888e-06,0.5000026822062761,4.3751806305314324e-09,-9.022651199061371e-10,-4.1379459045020404e-08,2.1258065994074317e-06,False,,,,,False,,,
vehicle_motion_0p5,0.5,37.736,26.445951894982805,8.346491869532256e-08,0.04999999648601694,0.49999917262979093,-2.597264458680211e-10,1.5905413448496798e-06,0.49999917262979093,-3.984899367394271e-09,8.695468856902883e-10,-4.137305557733525e-08,2.1265832070908297e-06,False,,,,,False,,,
vehicle_motion_0p5,0.5,37.788,26.471951945230845,8.344048725089331e-08,0.04999999016044743,0.5000024088325483,-6.46447438268477e-10,-1.5568864259775443e-06,0.5000024088325483,4.375180629545472e-09,-9.022651204753221e-10,-4.136592689235774e-08,2.125806599339185e-06,False,,,,,False,,,
vehicle_motion_0p5,0.5,37.84,26.497951948189257,8.341761845071114e-08,0.04999999648601694,0.49999801088329027,-2.597264458745856e-10,1.590541344815152e-06,0.49999801088329027,-3.9848993678778976e-09,8.695468857694871e-10,-4.135952342467672e-08,2.1265832070698013e-06,False,,,,,False,,,
vehicle_motion_0p5,0.5,37.892,26.52395193907007,8.339318700628361e-08,0.04999999016044743,0.5000014095278028,-6.464474378017619e-10,-1.5568864260330554e-06,0.5000014095278028,4.375180629939567e-09,-9.022651204972185e-10,-4.13523947396999e-08,2.125806599488171e-06,False,,,,,False,,,
vehicle_motion_0p5,0.5,37.948,26.551951926679994,8.336771764379122e-08,0.04999999016044743,0.5000017745016139,-6.464474382661477e-10,-1.5568864259775443e-06,0.5000017745016139,4.375180629450325e-09,-9.022651205399097e-10,-4.1345108195957776e-08,2.1258065993299277e-06,False,,,,,False,,,
vehicle_motion_0p5,0.5,38.0,26.577951900447548,8.33448488436105e-08,0.04999999648601694,0.49999751790683444,-2.597264458648447e-10,1.5905413447941687e-06,0.49999751790683444,-3.984899366253103e-09,8.695468855816879e-10,-4.1338704728277474e-08,2.1265832060524203e-06,False,,,,,False,,,
vehicle_motion_0p5,0.5,38.052,26.6039518673094,8.332041739918618e-08,0.04999999016044743,0.500000924594119,-6.464474381685271e-10,-1.5568864259773776e-06,0.500000924594119,4.375180628767419e-09,-9.022651206699353e-10,-4.133157604330197e-08,2.1258065984507245e-06,False,,,,,False,,,
vehicle_motion_0p5,0.5,38.104,26.629951800243983,8.329754859900621e-08,0.04999999648601694,0.49999679359697075,-2.597264444435234e-10,1.5905413447943353e-06,0.49999679359697075,-3.984899366054518e-09,8.695468869343046e-10,-4.1325172575622074e-08,2.12658320610828e-06,False,,,,,False,,,
vehicle_motion_0p5,0.5,38.156,26.655951733311365,8.327311715458269e-08,0.04999999016044743,0.5000003349510135,-6.464474372350968e-10,-1.5568864259843165e-06,0.5000003349510135,4.375180629897796e-09,-9.022651209516416e-10,-4.1318043890646935e-08,2.1258065993495027e-06,False,,,,,False,,,
vehicle_motion_0p5,0.5,38.208,26.681951638603074,8.32502483544037e-08,0.04999999648601694,0.49999631017944784,-2.597264458877146e-10,1.5905413447802909e-06,0.49999631017944784,-3.984899367362234e-09,8.69546886604873e-10,-4.1311640422967494e-08,2.126583206965414e-06,False,,,,,False,,,
vehicle_motion_0p5,0.5,38.26,26.70795154921726,8.322581690998117e-08,0.04999999016044743,0.49999994758100075,-6.464474384050611e-10,-1.55688642598415e-06,0.49999994758100075,4.375180629525639e-09,-9.022651198370243e-10,-4.130451173799284e-08,2.125806598387431e-06,False,,,,,False,,,
vehicle_motion_0p5,0.5,38.312,26.733951442599977,8.320294810979707e-08,0.04999999648601694,0.49999641882807333,-2.597264459307015e-10,1.5905413448082131e-06,0.49999641882807333,-3.984899368346103e-09,8.695468857604327e-10,-4.129810827031185e-08,2.1265832069151483e-06,False,,,,,False,,,
vehicle_motion_0p5,0.5,38.364,26.759951379330005,8.317851666536762e-08,0.04999999016044743,0.5000005529680954,-6.464474382638184e-10,-1.5568864259981943e-06,0.5000005529680954,4.375180628553344e-09,-9.022651196747916e-10,-4.129097958533501e-08,2.125806598397527e-06,False,,,,,False,,,
vehicle_motion_0p5,0.5,38.416,26.785951296734186,8.315564786518998e-08,0.04999999648601694,0.49999654588199677,-2.597264458836912e-10,1.5905413447596409e-06,0.49999654588199677,-3.9848993665852186e-09,8.695468861525868e-10,-4.128457611765628e-08,2.1265832060114777e-06,False,,,,,False,,,
vehicle_motion_0p5,0.5,38.468,26.811951227138042,8.313121642076169e-08,0.04999999016044743,0.5000006573846342,-6.464474389564795e-10,-1.556886426060811e-06,0.5000006573846342,4.375180631353885e-09,-9.022651209066548e-10,-4.127744743267994e-08,2.1258065995339636e-06,False,,,,,False,,,
vehicle_motion_0p5,0.5,38.52,26.837951165319794,8.310834762058137e-08,0.04999999648601694,0.49999698600735576,-2.597264459139726e-10,1.5905413447455964e-06,0.49999698600735576,-3.984899368644604e-09,8.695468862247803e-10,-4.12710439650005e-08,2.1265832068732964e-06,False,,,,,False,,,
vehicle_motion_0p5,0.5,38.572,26.863951109769875,8.308391617616177e-08,0.04999999016044743,0.5000005706355797,-6.464474379857798e-10,-1.5568864259980279e-06,0.5000005706355797,4.37518063115674e-09,-9.022651204304131e-10,-4.1263915280027214e-08,2.1258065993875184e-06,False,,,,,False,,,
vehicle_motion_0p5,0.5,38.624,26.88995102804143,8.306104737598591e-08,0.04999999648601694,0.49999656889547106,-2.597264459266781e-10,1.5905413447386575e-06,0.49999656889547106,-3.984899365507951e-09,8.695468868278234e-10,-4.1257511812349354e-08,2.1265832059506e-06,False,,,,,False,,,
vehicle_motion_0p5,0.5,38.676,26.91595095260209,8.303661593156744e-08,0.04999999016044743,0.5000002214250815,-6.464474381998674e-10,-1.5568864260051332e-06,0.5000002214250815,4.375180627964894e-09,-9.02265119862498e-10,-4.125038312737656e-08,2.1258065984201894e-06,False,,,,,False,,,
vehicle_motion_0p5,0.5,38.728,26.941950854709596,8.301374713139237e-08,0.04999999648601694,0.4999962883097346,-2.597264459423482e-10,1.5905413447389906e-06,0.4999962883097346,-3.984899367778283e-09,8.695468858079198e-10,-4.124397965969913e-08,2.1265832068077602e-06,False,,,,,False,,,
vehicle_motion_0p5,0.5,38.78,26.967950766328237,8.298931568697504e-08,0.04999999016044743,0.4999999959793378,-6.464474381291401e-10,-1.5568864260122387e-06,0.4999999959793378,4.3751806303689915e-09,-9.022651209226637e-10,-4.123685097472686e-08,2.1258065985060006e-06,False,,,,,False,,,
vehicle_motion_0p5,0.5,38.832,26.993950658039655,8.296644688680062e-08,0.04999999648601694,0.4999961083518688,-2.597264459501833e-10,1.5905413447249464e-06,0.4999961083518688,-3.984899367880694e-09,8.695468861940493e-10,-4.123044750704981e-08,2.1265832067815225e-06,False,,,,,False,,,
vehicle_motion_0p5,0.5,38.884,27.019950579639783,8.29420154423725e-08,0.04999999016044743,0.5000006132964412,-6.464474391756493e-10,-1.5568864260745221e-06,0.5000006132964412,4.375180631644327e-09,-9.022651198239073e-10,-4.122331882207409e-08,2.1258065994840373e-06,False,,,,,False,,,
vehicle_motion_0p5,0.5,38.936,27.04595052717066,8.291914664218746e-08,0.04999999648601694,0.49999756490892955,-2.597264459525126e-10,1.590541344752702e-06,0.49999756490892955,-3.984899364881343e-09,8.695468865192949e-10,-4.121691535439365e-08,2.1265832058342555e-06,False,,,,,False,,,
vehicle_motion_0p5,0.5,38.988,27.07195050485497,8.289471519776974e-08,0.04999999016044743,0.5000011906004813,-6.464474380111908e-10,-1.5568864260261165e-06,0.5000011906004813,4.375180628490299e-09,-9.022651205544594e-10,-4.120978666942152e-08,2.1258065985254667e-06,False,,,,,False,,,
vehicle_motion_0p5,0.5,39.04,27.097950478606833,8.287184639758543e-08,0.04999999648601694,0.49999801199111815,-2.5972644595293613e-10,1.590541344745763e-06,0.49999801199111815,-3.984899367027888e-09,8.695468857249056e-10,-4.1203383201741445e-08,2.1265832067011298e-06,False,,,,,False,,,
vehicle_motion_0p5,0.5,39.092,27.123950498345124,8.284741495315743e-08,0.04999999016044743,0.5000023704522887,-6.464474381825032e-10,-1.556886426081461e-06,0.5000023704522887,4.375180631281682e-09,-9.022651205103791e-10,-4.119625451676603e-08,2.1258065986746537e-06,False,,,,,False,,,
vehicle_motion_0p5,0.5,39.148,27.151950539632548,8.28219455906763e-08,0.04999999016044743,0.5000027246166868,-6.464474381229991e-10,-1.5568864260259499e-06,0.5000027246166868,4.3751806287690315e-09,-9.022651198701806e-10,-4.118896797302938e-08,2.1258065984404906e-06,False,,,,,False,,,
vehicle_motion_0p5,0.5,39.2,27.177950561278656,8.279907679050456e-08,0.04999999648601694,0.49999841245863036,-2.5972644596797097e-10,1.5905413446971908e-06,0.49999841245863036,-3.984899365663761e-09,8.69546886978984e-10,-4.118256450535371e-08,2.1265832066683513e-06,False,,,,,False,,,
vehicle_motion_0p5,0.5,39.252,27.20395057460057,8.27746453460877e-08,0.04999999016044743,0.5000019627853888,-6.464474383860029e-10,-1.5568864260885666e-06,0.5000019627853888,4.375180630871549e-09,-9.022651203857146e-10,-4.11754358203822e-08,2.1258065986923178e-06,False,,,,,False,,,
vehicle_motion_0p5,0.5,39.304,27.22995058152123,8.275177654590938e-08,0.04999999648601694,0.49999834968861623,-2.597264459861822e-10,1.5905413446831464e-06,0.49999834968861623,-3.984899367020808e-09,8.695468859470425e-10,-4.116903235270447e-08,2.126583206637963e-06,False,,,,,False,,,
vehicle_motion_0p5,0.5,39.356,27.25595059073247,8.272734510149753e-08,0.04999999016044743,0.5000017187891785,-6.464474378475017e-10,-1.5568864260398277e-06,0.5000017187891785,4.375180629100961e-09,-9.022651196993873e-10,-4.1161903667734774e-08,2.125806598454891e-06,False,,,,,False,,,
vehicle_motion_0p5,0.5,39.412,27.283950568362265,8.270187573903069e-08,0.04999999016044743,0.5000013022917235,-6.464474380931412e-10,-1.5568864260396612e-06,0.5000013022917235,4.375180628796156e-09,-9.022651200846772e-10,-4.1154617124003255e-08,2.1258065984676084e-06,False,,,,,False,,,
vehicle_motion_0p5,0.5,39.464,27.309950526529832,8.267900693885543e-08,0.04999999648601694,0.49999757922227944,-2.5972644596183e-10,1.5905413447041297e-06,0.49999757922227944,-3.9848993645622996e-09,8.695468862645472e-10,-4.114821365632677e-08,2.1265832065735535e-06,False,,,,,False,,,
vehicle_motion_0p5,0.5,39.516,27.335950524514015,8.265457549443141e-08,0.04999999016044743,0.5000019585651597,-6.464474380366018e-10,-1.5568864261022777e-06,0.5000019585651597,4.375180630532609e-09,-9.022651203214401e-10,-4.1141084971353215e-08,2.1258065987081056e-06,False,,,,,False,,,
vehicle_motion_0p5,0.5,39.568,27.361950527404794,8.263170669425694e-08,0.04999999648601694,0.4999981673753491,-2.597264459895703e-10,1.5905413446624963e-06,0.4999981673753491,-3.984899365298579e-09,8.695468859417775e-10,-4.113468150367713e-08,2.1265832065588706e-06,False,,,,,False,,,
vehicle_motion_0p5,0.5,39.628,27.38995053099848,8.260623733178416e-08,0.04999999648601694,0.49999833397948784,-2.5972644602895734e-10,1.590541344683313e-06,0.49999833397948784,-3.984899364102899e-09,8.695468864472359e-10,-4.112739495994394e-08,2.1265832065246314e-06,False,,,,,False,,,
vehicle_motion_0p5,0.5,39.68,27.417950560011455,8.258076796930618e-08,0.04999999648601694,0.4999988138578515,-2.597264460312867e-10,1.5905413446833128e-06,0.4999988138578515,-3.984899363912948e-09,8.69546886595818e-10,-4.1120108416209096e-08,2.126583205617862e-06,False,,,,,False,,,
vehicle_motion_0p5,0.5,39.732,27.443950616563832,8.255633652488459e-08,0.04999999016044743,0.5000029954803809,-6.464474379885326e-10,-1.5568864261230944e-06,0.5000029954803809,4.375180629526426e-09,-9.022651201470554e-10,-4.111297973123664e-08,2.1258065986572138e-06,False,,,,,False,,,
vehicle_motion_0p5,0.5,39.788,27.471950667282524,8.253086716241895e-08,0.04999999016044743,0.5000024996293501,-6.464474386623474e-10,-1.556886426060478e-06,0.5000024996293501,4.375180630327084e-09,-9.022651209438556e-10,-4.110569318750606e-08,2.1258065985748703e-06,False,,,,,False,,,
vehicle_motion_0p5,0.5,39.84,27.497950701153012,8.250799836224095e-08,0.04999999648601694,0.4999990370601426,-2.597264460041816e-10,1.5905413446623297e-06,0.4999990370601426,-3.984899364356559e-09,8.695468863711634e-10,-4.1099289719829204e-08,2.126583206461442e-06,False,,,,,False,,,
vehicle_motion_0p5,0.5,39.892,27.523950767330483,8.248356691782064e-08,0.04999999016044743,0.5000031527687726,-6.464474381746681e-10,-1.5568864261230944e-06,0.5000031527687726,4.375180630434216e-09,-9.022651204932288e-10,-4.109216103485737e-08,2.1258065987338063e-06,False,,,,,False,,,
vehicle_motion_0p5,0.5,39.944,27.54995083272548,8.246069811764339e-08,0.04999999648601694,0.49999959951290923,-2.597264459946525e-10,1.590541344648452e-06,0.49999959951290923,-3.984899366761793e-09,8.695468867494084e-10,-4.108575756718089e-08,2.126583206432593e-06,False,,,,,False,,,
vehicle_motion_0p5,0.5,39.996,27.575950924353492,8.243626667322626e-08,0.04999999016044743,0.5000034714482797,-6.464474385456686e-10,-1.5568864260675832e-06,0.5000034714482797,4.375180628449264e-09,-9.022651200856007e-10,-4.1078628882210246e-08,2.1258065976086158e-06,False,,,,,False,,,
vehicle_motion_0p5,0.5,40.048,27.601950979864274,8.241339787305955e-08,0.04999999648601694,0.49999909358570815,-2.5972644604716855e-10,1.5905413446486186e-06,0.49999909358570815,-3.984899363940399e-09,8.695468861211519e-10,-4.107222541453741e-08,2.12658320640439e-06,False,,,,,False,,,
vehicle_motion_0p5,0.5,40.1,27.627951047207432,8.238896642864084e-08,0.04999999016044743,0.5000031485501011,-6.464474381861031e-10,-1.5568864261300333e-06,0.5000031485501011,4.37518062922846e-09,-9.022651208730684e-10,-4.106509672956637e-08,2.1258065978582186e-06,False,,,,,False,,,
vehicle_motion_0p5,0.5,40.152,27.65395111019238,8.236609762846685e-08,0.04999999648601694,0.4999993661298193,-2.5972644604102756e-10,1.590541344613924e-06,0.4999993661298193,-3.9848993665888135e-09,8.695468863754704e-10,-4.105869326189123e-08,2.126583206382e-06,False,,,,,False,,,
vehicle_motion_0p5,0.5,40.204,27.67995116829704,8.234166618405947e-08,0.04999999016044743,0.5000027760979356,-6.464474381270225e-10,-1.5568864261369722e-06,0.5000027760979356,4.375180631458418e-09,-9.022651201396932e-10,-4.1051564576924096e-08,2.1258065986755084e-06,False,,,,,False,,,
vehicle_motion_0p5,0.5,40.256,27.70595121427302,8.231879738388436e-08,0.04999999648601694,0.4999992281886931,-2.5972644604208635e-10,1.5905413446278019e-06,0.4999992281886931,-3.9848993662785165e-09,8.6954688681975e-10,-4.104516110924875e-08,2.126583206344733e-06,False,,,,,False,,,
vehicle_motion_0p5,0.5,40.308,27.731951288405433,8.229436593946814e-08,0.04999999016044743,0.5000032678723813,-6.464474380982234e-10,-1.556886426143911e-06,0.5000032678723813,4.375180632470268e-09,-9.022651203291348e-10,-4.103803242427879e-08,2.1258065986891202e-06,False,,,,,False,,,
vehicle_motion_0p5,0.5,40.36,27.757951354027572,8.227149713929737e-08,0.04999999648601694,0.4999993077182134,-2.597264459916879e-10,1.5905413445931074e-06,0.4999993077182134,-3.98489936558171e-09,8.695468867988958e-10,-4.1031628956605024e-08,2.1265832063237296e-06,False,,,,,False,,,
vehicle_motion_0p5,0.5,40.412,27.783951405719684,8.224706569489562e-08,0.04999999016044743,0.5000024222214355,-6.464474374534196e-10,-1.5568864260884e-06,0.5000024222214355,4.375180629342527e-09,-9.022651210984291e-10,-4.1024500271640016e-08,2.12580659771976e-06,False,,,,,False,,,
vehicle_motion_0p5,0.5,40.464,27.809951413900613,8.222419689472805e-08,0.04999999648601694,0.4999984166087522,-2.5972644607554415e-10,1.5905413446068185e-06,0.4999984166087522,-3.984899364663749e-09,8.695468862011893e-10,-4.1018096803967444e-08,2.1265832062796144e-06,False,,,,,False,,,
vehicle_motion_0p5,0.5,40.516,27.835951448592347,8.219976545031373e-08,0.04999999016044743,0.5000025610891827,-6.464474379868386e-10,-1.55688642615085e-06,0.5000025610891827,4.375180632388797e-09,-9.02265121124582e-10,-4.101096811899838e-08,2.1258065987817433e-06,False,,,,,False,,,
vehicle_motion_0p5,0.5,40.568,27.86195147709106,8.217689665014685e-08,0.04999999648601694,0.49999857438842255,-2.5972644609184954e-10,1.5905413445722907e-06,0.49999857438842255,-3.984899364240994e-09,8.695468860469501e-10,-4.100456465132619e-08,2.1265832062575844e-06,False,,,,,False,,,
vehicle_motion_0p5,0.5,40.62,27.88795149391747,8.215246520574708e-08,0.04999999016044743,0.5000018020699972,-6.464474374745954e-10,-1.5568864260953388e-06,0.5000018020699972,4.375180629023965e-09,-9.022651205277087e-10,-4.0997435966362124e-08,2.125806597733802e-06,False,,,,,False,,,
vehicle_motion_0p5,0.5,40.672,27.91395147706854,8.212959640557896e-08,0.04999999648601694,0.4999980404632115,-2.597264460956612e-10,1.590541344586335e-06,0.4999980404632115,-3.984899365856058e-09,8.695468864811378e-10,-4.0991032498689665e-08,2.126583206214704e-06,False,,,,,False,,,
vehicle_motion_0p5,0.5,40.724,27.939951494389252,8.210516496116659e-08,0.04999999016044743,0.5000022613557434,-6.464474379766742e-10,-1.5568864261647278e-06,0.5000022613557434,4.3751806295172254e-09,-9.022651209811708e-10,-4.098390381372152e-08,2.125806597908483e-06,False,,,,,False,,,
vehicle_motion_0p5,0.5,40.776,27.965951504305792,8.20822961610033e-08,0.04999999648601694,0.49999819675323653,-2.5972644613229536e-10,1.5905413445655183e-06,0.49999819675323653,-3.984899365672124e-09,8.695468861643822e-10,-4.0977500346050815e-08,2.126583206190983e-06,False,,,,,False,,,
vehicle_motion_0p5,0.5,40.828,27.991951503466776,8.205786471660532e-08,0.04999999016044743,0.5000014904648455,-6.464474371711459e-10,-1.5568864261092166e-06,0.5000014904648455,4.375180629430494e-09,-9.022651205997489e-10,-4.0970371661087614e-08,2.12580659775253e-06,False,,,,,False,,,
vehicle_motion_0p5,0.5,40.88,28.017951477602807,8.203499591643703e-08,0.04999999648601694,0.4999979299812332,-2.597264461056138e-10,1.5905413445722905e-06,0.4999979299812332,-3.984899362745866e-09,8.695468861286851e-10,-4.096396819341542e-08,2.1265832061608168e-06,False,,,,,False,,,
vehicle_motion_0p5,0.5,40.932,28.04395149023079,8.201056447202647e-08,0.04999999016044743,0.5000021892422201,-6.464474378995942e-10,-1.5568864261716667e-06,0.5000021892422201,4.375180630846195e-09,-9.022651200209536e-10,-4.0956839508448155e-08,2.1258065978421406e-06,False,,,,,False,,,
vehicle_motion_0p5,0.5,40.984,28.06995149122335,8.198769567186649e-08,0.04999999648601694,0.4999980125719919,-2.5972644611111953e-10,1.5905413445377625e-06,0.4999980125719919,-3.984899362965924e-09,8.695468855246643e-10,-4.095043604077886e-08,2.126583206143656e-06,False,,,,,False,,,
vehicle_motion_0p5,0.5,41.036,28.095951481951936,8.196326422747076e-08,0.04999999016044743,0.5000013423304335,-6.464474370646315e-10,-1.5568864261161555e-06,0.5000013423304335,4.375180630452112e-09,-9.022651212876241e-10,-4.0943307355816684e-08,2.125806598660613e-06,False,,,,,False,,,
vehicle_motion_0p5,0.5,41.088,28.121951455990246,8.194039542730203e-08,0.04999999648601694,0.49999795635143596,-2.597264460982023e-10,1.5905413445514738e-06,0.49999795635143596,-3.984899362546591e-09,8.695468866866473e-10,-4.0936903888144615e-08,2.126583206093705e-06,False,,,,,False,,,
vehicle_motion_0p5,0.5,41.14,28.147951470322706,8.191596398289335e-08,0.04999999016044743,0.5000022308669643,-6.464474375313466e-10,-1.5568864261786055e-06,0.5000022308669643,4.375180629321623e-09,-9.022651210757688e-10,-4.0929775203178224e-08,2.125806597934871e-06,False,,,,,False,,,
vehicle_motion_0p5,0.5,41.192,28.173951466528422,8.18930951827373e-08,0.04999999648601694,0.49999792470633586,-2.5972644616215327e-10,1.5905413445238847e-06,0.49999792470633586,-3.984899363009328e-09,8.695468860925903e-10,-4.092337173551048e-08,2.126583206074863e-06,False,,,,,False,,,
vehicle_motion_0p5,0.5,41.244,28.19995145350236,8.186866373834156e-08,0.04999999016044743,0.5000013448999733,-6.46447437758775e-10,-1.556886426185711e-06,0.5000013448999733,4.375180629185451e-09,-9.022651210017575e-10,-4.091624305054856e-08,2.1258065979279514e-06,False,,,,,False,,,
vehicle_motion_0p5,0.5,41.296,28.22595143181299,8.184579493817464e-08,0.04999999648601694,0.4999980384391905,-2.5972644612424855e-10,1.5905413445306574e-06,0.4999980384391905,-3.984899365208574e-09,8.695468868686312e-10,-4.0909839582877383e-08,2.1265832061086552e-06,False,,,,,False,,,
vehicle_motion_0p5,0.5,41.348,28.251951449735103,8.182136349377033e-08,0.04999999016044743,0.5000021716790995,-6.464474368960719e-10,-1.5568864261230944e-06,0.5000021716790995,4.375180631588814e-09,-9.022651208880255e-10,-4.090271089791271e-08,2.125806598672415e-06,False,,,,,False,,,
vehicle_motion_0p5,0.5,41.4,28.277951443075562,8.179849469361598e-08,0.04999999648601694,0.4999978765258541,-2.5972644613377767e-10,1.590541344503068e-06,0.4999978765258541,-3.984899362293242e-09,8.695468860501691e-10,-4.0896307430245846e-08,2.126583206011789e-06,False,,,,,False,,,
vehicle_motion_0p5,0.5,41.452,28.30395142914963,8.177406324922042e-08,0.04999999016044743,0.5000014498260085,-6.464474377467047e-10,-1.5568864261924833e-06,0.5000014498260085,4.375180632640245e-09,-9.022651213122328e-10,-4.0889178745284207e-08,2.1258065988510437e-06,False,,,,,False,,,
vehicle_motion_0p5,0.5,41.504,28.329951412915513,8.175119444905509e-08,0.04999999648601694,0.4999981405094626,-2.5972644613737756e-10,1.5905413445238847e-06,0.4999981405094626,-3.984899363334099e-09,8.695468864730313e-10,-4.0882775277613865e-08,2.126583205966652e-06,False,,,,,False,,,
vehicle_motion_0p5,0.5,41.556,28.355951434103115,8.172676300465449e-08,0.04999999016044743,0.500002126157512,-6.464474369229652e-10,-1.5568864261369722e-06,0.500002126157512,4.375180631041655e-09,-9.022651213416741e-10,-4.087564659265068e-08,2.1258065977954043e-06,False,,,,,False,,,
vehicle_motion_0p5,0.5,41.608,28.381951425191648,8.170389420450188e-08,0.04999999648601694,0.49999783692287303,-2.5972644618565843e-10,1.5905413444822513e-06,0.49999783692287303,-3.984899364310255e-09,8.695468855463329e-10,-4.086924312498466e-08,2.126583205952363e-06,False,,,,,False,,,
vehicle_motion_0p5,0.5,41.66,28.407951411888288,8.167946276010641e-08,0.04999999016044743,0.5000015591322039,-6.464474374411376e-10,-1.5568864262065278e-06,0.5000015591322039,4.375180629614752e-09,-9.022651205779589e-10,-4.086211444002332e-08,2.1258065979628653e-06,False,,,,,False,,,
vehicle_motion_0p5,0.5,41.712,28.43395140120094,8.165659395994246e-08,0.04999999648601694,0.4999982436660939,-2.5972644615474173e-10,1.5905413444961291e-06,0.4999982436660939,-3.984899364143478e-09,8.695468854657336e-10,-4.0855710972353694e-08,2.1265832059020368e-06,False,,,,,False,,,
vehicle_motion_0p5,0.5,41.764,28.459951424443055,8.16321625155462e-08,0.04999999016044743,0.5000020790879491,-6.464474371478524e-10,-1.5568864261510166e-06,0.5000020790879491,4.375180631442695e-09,-9.022651208280472e-10,-4.0848582287392254e-08,2.125806597816839e-06,False,,,,,False,,,
vehicle_motion_0p5,0.5,41.816,28.48595142091694,8.160929371538904e-08,0.04999999648601694,0.499998277046133,-2.5972644621509283e-10,1.5905413444890238e-06,0.499998277046133,-3.984899363394609e-09,8.695468854497163e-10,-4.084217881972505e-08,2.1265832058748945e-06,False,,,,,False,,,
vehicle_motion_0p5,0.5,41.868,28.511951450743464,8.158486227098773e-08,0.04999999016044743,0.5000024993745603,-6.46447438280759e-10,-1.5568864262133e-06,0.5000024993745603,4.375180631528965e-09,-9.022651212557541e-10,-4.0835050134762046e-08,2.125806597980562e-06,False,,,,,False,,,
vehicle_motion_0p5,0.5,41.92,28.53795148526861,8.156199347082566e-08,0.04999999648601694,0.49999904749394164,-2.597264462025991e-10,1.5905413444820849e-06,0.49999904749394164,-3.984899363835647e-09,8.695468862002787e-10,-4.0828646667093325e-08,2.126583205846799e-06,False,,,,,False,,,
vehicle_motion_0p5,0.5,41.972,28.563951542093847,8.153756202643333e-08,0.04999999016044743,0.5000026038800195,-6.464474371834278e-10,-1.5568864261579555e-06,0.5000026038800195,4.375180629397065e-09,-9.02265120133018e-10,-4.0821517982133427e-08,2.1258065977487303e-06,False,,,,,False,,,
vehicle_motion_0p5,0.5,42.024,28.589951567524935,8.151469322627577e-08,0.04999999648601694,0.49999883419394275,-2.597264461767646e-10,1.5905413444753124e-06,0.49999883419394275,-3.984899362527513e-09,8.695468858941307e-10,-4.0815114514466373e-08,2.126583205815698e-06,False,,,,,False,,,
vehicle_motion_0p5,0.5,42.076,28.615951623318953,8.149026178187604e-08,0.04999999016044743,0.5000029532008936,-6.464474370178329e-10,-1.556886426220239e-06,0.5000029532008936,4.3751806306675136e-09,-9.022651210090253e-10,-4.0807985829504145e-08,2.125806597994793e-06,False,,,,,False,,,
vehicle_motion_0p5,0.5,42.128,28.641951678709233,8.146739298171512e-08,0.04999999648601694,0.49999940904289764,-2.597264461549535e-10,1.59054134446854e-06,0.49999940904289764,-3.984899362538277e-09,8.695468862805769e-10,-4.08015823618361e-08,2.1265832057833387e-06,False,,,,,False,,,
vehicle_motion_0p5,0.5,42.18,28.667951746730687,8.144296153732635e-08,0.04999999016044743,0.5000027482046281,-6.464474369928454e-10,-1.5568864261647278e-06,0.5000027482046281,4.375180631857894e-09,-9.022651201172479e-10,-4.0794453676877663e-08,2.125806597761938e-06,False,,,,,False,,,
vehicle_motion_0p5,0.5,42.232,28.693951765836832,8.142009273717837e-08,0.04999999648601694,0.49999830397841155,-2.597264461996345e-10,1.590541344433679e-06,0.49999830397841155,-3.9848993608125865e-09,8.69546886305519e-10,-4.078805020921406e-08,2.1265832048737125e-06,False,,,,,False,,,
vehicle_motion_0p5,0.5,42.284,28.719951769920424,8.139566129279464e-08,0.04999999016044743,0.5000015802774906,-6.464474367639348e-10,-1.5568864261716667e-06,0.5000015802774906,4.3751806295074176e-09,-9.022651214407573e-10,-4.078092152425748e-08,2.1258065978536747e-06,False,,,,,False,,,
vehicle_motion_0p5,0.5,42.336,28.745951733750278,8.137279249264729e-08,0.04999999648601694,0.49999732880866415,-2.5972644624833887e-10,1.5905413444265737e-06,0.49999732880866415,-3.984899362164452e-09,8.695468864551456e-10,-4.0774518056594226e-08,2.1265832057405254e-06,False,,,,,False,,,
vehicle_motion_0p5,0.5,42.388,28.771951691800663,8.134836104826437e-08,0.04999999016044743,0.5000007631400533,-6.464474365034721e-10,-1.5568864261786055e-06,0.5000007631400533,4.375180629217255e-09,-9.02265121359018e-10,-4.0767389371638034e-08,2.1258065978612035e-06,False,,,,,False,,,
vehicle_motion_0p5,0.5,42.44,28.797951617093453,8.132549224811816e-08,0.04999999648601694,0.49999664770470204,-2.5972644620937536e-10,1.590541344412696e-06,0.49999664770470204,-3.984899361240139e-09,8.695468864497683e-10,-4.07609859039753e-08,2.1265832057095316e-06,False,,,,,False,,,
vehicle_motion_0p5,0.5,42.492,28.823951568423098,8.130106080372296e-08,0.04999999016044743,0.5000010991645804,-6.46447436795275e-10,-1.5568864262342833e-06,0.5000010991645804,4.375180632161029e-09,-9.022651207274287e-10,-4.0753857219015125e-08,2.1258065980168657e-06,False,,,,,False,,,
vehicle_motion_0p5,0.5,42.544,28.849951536178768,8.127819200356548e-08,0.04999999648601694,0.49999781132068194,-2.5972644618862305e-10,1.590541344405757e-06,0.49999781132068194,-3.984899360485048e-09,8.69546886295716e-10,-4.0747453751348787e-08,2.1265832056774756e-06,False,,,,,False,,,
vehicle_motion_0p5,0.5,42.596,28.875951519919536,8.125376055918318e-08,0.04999999016044743,0.5000013735597679,-6.464474371069831e-10,-1.5568864262339503e-06,0.5000013735597679,4.375180629801676e-09,-9.022651202289195e-10,-4.0740325066393063e-08,2.1258065979411e-06,False,,,,,False,,,
vehicle_motion_0p5,0.5,42.648,28.90195149950288,8.123089175902862e-08,0.04999999648601694,0.4999979477674739,-2.597264462127635e-10,1.590541344399151e-06,0.4999979477674739,-3.984899362407372e-09,8.695468868668986e-10,-4.073392159872785e-08,2.1265832057237584e-06,False,,,,,False,,,
vehicle_motion_0p5,0.5,42.7,28.92795148847991,8.120646031464928e-08,0.04999999016044743,0.5000013401066946,-6.464474362552915e-10,-1.5568864261924833e-06,0.5000013401066946,4.3751806317925065e-09,-9.022651211576997e-10,-4.072679291377325e-08,2.1258065978694896e-06,False,,,,,False,,,
vehicle_motion_0p5,0.5,42.752,28.95395144178211,8.118359151450551e-08,0.04999999648601694,0.49999716292025564,-2.597264462760792e-10,1.5905413443852733e-06,0.49999716292025564,-3.98489936289879e-09,8.695468864845222e-10,-4.072038944611177e-08,2.1265832056106892e-06,False,,,,,False,,,
vehicle_motion_0p5,0.5,42.804,28.9799513928918,8.115916007012703e-08,0.04999999016044743,0.5000006635867595,-6.464474363198777e-10,-1.55688642619265e-06,0.5000006635867595,4.375180632237785e-09,-9.022651201014519e-10,-4.071326076115759e-08,2.1258065978072513e-06,False,,,,,False,,,
vehicle_motion_0p5,0.5,42.856,29.005951316917148,8.113629126998047e-08,0.04999999648601694,0.49999687470081383,-2.5972644624283316e-10,1.5905413443989846e-06,0.49999687470081383,-3.984899359927078e-09,8.695468856600003e-10,-4.0706857293495314e-08,2.1265832055659955e-06,False,,,,,False,,,
vehicle_motion_0p5,0.5,42.908,29.02995127512677,8.111446038788234e-08,0.04999999648601694,0.49999747954314067,-2.597264462523623e-10,1.5905413443989846e-06,0.49999747954314067,-3.9848993601297414e-09,8.695468856885329e-10,-4.070061168459229e-08,2.1265832055572376e-06,False,,,,,False,,,
vehicle_motion_0p5,0.5,42.96,29.057951261028336,8.108899102543525e-08,0.04999999648601694,0.4999981033301477,-2.5972644630106667e-10,1.5905413443920457e-06,0.4999981033301477,-3.984899362001691e-09,8.695468865520021e-10,-4.06933251408724e-08,2.1265832055360097e-06,False,,,,,False,,,
vehicle_motion_0p5,0.5,43.012,29.08395127807134,8.106455958105099e-08,0.04999999016044743,0.5000019811615266,-6.464474361231543e-10,-1.5568864262133e-06,0.5000019811615266,4.375180630445538e-09,-9.022651206401682e-10,-4.068619645591653e-08,2.1258065978975006e-06,False,,,,,False,,,
vehicle_motion_0p5,0.5,43.064,29.109951263076436,8.104169078090925e-08,0.04999999648601694,0.4999977455162861,-2.597264462684559e-10,1.5905413443644566e-06,0.4999977455162861,-3.984899361049624e-09,8.695468867285789e-10,-4.067979298825614e-08,2.126583205521025e-06,False,,,,,False,,,
vehicle_motion_0p5,0.5,43.116,29.135951250149176,8.101725933652589e-08,0.04999999016044743,0.500001654897127,-6.464474358241517e-10,-1.5568864262615392e-06,0.500001654897127,4.375180632417872e-09,-9.022651204920379e-10,-4.067266430330072e-08,2.1258065979773775e-06,False,,,,,False,,,
vehicle_motion_0p5,0.5,43.168,29.16195123724603,8.099439053637914e-08,0.04999999648601694,0.49999787313343275,-2.5972644627883206e-10,1.5905413443575177e-06,0.49999787313343275,-3.9848993595590935e-09,8.695468864539332e-10,-4.066626083563883e-08,2.1265832054866514e-06,False,,,,,False,,,
vehicle_motion_0p5,0.5,43.22,29.18795122304627,8.096995909200447e-08,0.04999999016044743,0.5000012884143783,-6.464474364335919e-10,-1.5568864262131336e-06,0.5000012884143783,4.375180632158738e-09,-9.022651204395251e-10,-4.065913215068644e-08,2.1258065978321855e-06,False,,,,,False,,,
vehicle_motion_0p5,0.5,43.272,29.21395118407497,8.094709029185669e-08,0.04999999648601694,0.4999976839284712,-2.5972644628963173e-10,1.5905413443713955e-06,0.4999976839284712,-3.984899361786651e-09,8.6954688634436e-10,-4.065272868302434e-08,2.1265832054495874e-06,False,,,,,False,,,
vehicle_motion_0p5,0.5,43.324,29.237951178348652,8.092525940976192e-08,0.04999999648601694,0.499998183980589,-2.597264462934434e-10,1.5905413443642901e-06,0.499998183980589,-3.9848993617633404e-09,8.695468861221762e-10,-4.064648307412294e-08,2.126583205429155e-06,False,,,,,False,,,
vehicle_motion_0p5,0.5,43.376,29.265951187699372,8.089979004732641e-08,0.04999999648601694,0.49999807333284124,-2.597264448346409e-10,1.5905413443226568e-06,0.49999807333284124,-3.984899362163132e-09,8.695468855337909e-10,-4.0639196530407466e-08,2.1265832054302776e-06,False,,,,,False,,,
vehicle_motion_0p5,0.5,43.428,29.291951182864572,8.087535860295356e-08,0.04999999016044743,0.5000014505198325,-6.464474360759323e-10,-1.5568864262204056e-06,0.5000014505198325,4.375180631512941e-09,-9.022651214836713e-10,-4.0632067845455945e-08,2.1258065979290543e-06,False,,,,,False,,,
vehicle_motion_0p5,0.5,43.48,29.31795115685152,8.085248980280555e-08,0.04999999648601694,0.49999795606564584,-2.597264462801026e-10,1.5905413443646232e-06,0.49999795606564584,-3.98489935961249e-09,8.695468865909837e-10,-4.062566437779404e-08,2.126583205468008e-06,False,,,,,False,,,
vehicle_motion_0p5,0.5,43.532,29.34395117230125,8.082805835842026e-08,0.04999999016044743,0.500002266038524,-6.464474368149685e-10,-1.5568864262894614e-06,0.500002266038524,4.375180632409297e-09,-9.022651213510484e-10,-4.06185356928385e-08,2.1258065980946674e-06,False,,,,,False,,,
vehicle_motion_0p5,0.5,43.584,29.369951178398097,8.080518955828104e-08,0.04999999648601694,0.49999812754702455,-2.5972644627226755e-10,1.5905413443229899e-06,0.49999812754702455,-3.984899360285494e-09,8.695468855419788e-10,-4.061213222517966e-08,2.1265832053665315e-06,False,,,,,False,,,
vehicle_motion_0p5,0.5,43.636,29.395951197425205,8.07807581138984e-08,0.04999999016044743,0.5000023129696155,-6.464474367808754e-10,-1.5568864262965667e-06,0.5000023129696155,4.375180632107095e-09,-9.022651207914095e-10,-4.060500354022512e-08,2.125806598107597e-06,False,,,,,False,,,
vehicle_motion_0p5,0.5,43.688,29.421951223326534,8.075788931374999e-08,0.04999999648601694,0.49999890937091707,-2.597264463161015e-10,1.5905413443294292e-06,0.49999890937091707,-3.9848993597534355e-09,8.695468854605168e-10,-4.05986000725634e-08,2.126583205321958e-06,False,,,,,False,,,
vehicle_motion_0p5,0.5,43.74,29.44795126241227,8.073345786937876e-08,0.04999999016044743,0.5000022348421136,-6.464474358897968e-10,-1.5568864262342833e-06,0.5000022348421136,4.375180630130968e-09,-9.022651203415944e-10,-4.0591471387612796e-08,2.1258065969801207e-06,False,,,,,False,,,
vehicle_motion_0p5,0.5,43.792,29.473951283306665,8.071058906923136e-08,0.04999999648601694,0.49999873978806564,-2.5972644632287777e-10,1.5905413443020065e-06,0.49999873978806564,-3.984899360775132e-09,8.695468858809411e-10,-4.058506791995156e-08,2.1265832053042268e-06,False,,,,,False,,,
vehicle_motion_0p5,0.5,43.844,29.499951310572932,8.068615762486082e-08,0.04999999016044743,0.5000020833237028,-6.464474364204629e-10,-1.5568864262965667e-06,0.5000020833237028,4.375180629978432e-09,-9.022651215275893e-10,-4.057793923500134e-08,2.125806597212954e-06,False,,,,,False,,,
vehicle_motion_0p5,0.5,43.896,29.525951324380216,8.066328882471404e-08,0.04999999648601694,0.49999867429466316,-2.5972644629513744e-10,1.5905413443158843e-06,0.49999867429466316,-3.9848993596806345e-09,8.695468861463343e-10,-4.0571535767340416e-08,2.126583205261386e-06,False,,,,,False,,,
vehicle_motion_0p5,0.5,43.948,29.551951372711017,8.063885738033477e-08,0.04999999016044743,0.5000027139712881,-6.464474360778381e-10,-1.5568864262410556e-06,0.5000027139712881,4.375180631902019e-09,-9.022651204666549e-10,-4.056440708238743e-08,2.1258065978746807e-06,False,,,,,False,,,
vehicle_motion_0p5,0.5,44.0,29.577951391899877,8.061598858020042e-08,0.04999999648601694,0.49999833636215385,-2.5972644633664206e-10,1.5905413442740845e-06,0.49999833636215385,-3.9848993608983394e-09,8.695468863201332e-10,-4.055800361473078e-08,2.1265832052376894e-06,False,,,,,False,,,
vehicle_motion_0p5,0.5,44.052,29.60395139978983,8.059155713583037e-08,0.04999999016044743,0.5000018363356898,-6.464474372988361e-10,-1.5568864263033392e-06,0.5000018363356898,4.375180632573159e-09,-9.022651213991142e-10,-4.055087492978096e-08,2.125806598117113e-06,False,,,,,False,,,
vehicle_motion_0p5,0.5,44.104,29.629951401822947,8.056868833568513e-08,0.04999999648601694,0.49999846314344454,-2.5972644489816835e-10,1.5905413442950676e-06,0.49999846314344454,-3.984899358613609e-09,8.695468861315472e-10,-4.054447146212085e-08,2.126583205197679e-06,False,,,,,False,,,
vehicle_motion_0p5,0.5,44.156,29.655951438172288,8.054425689130979e-08,0.04999999016044743,0.5000023926261792,-6.464474358429982e-10,-1.5568864262551e-06,0.5000023926261792,4.375180630611992e-09,-9.022651204444606e-10,-4.053734277716943e-08,2.1258065969988363e-06,False,,,,,False,,,
vehicle_motion_0p5,0.5,44.208,29.681951441723108,8.052138809117734e-08,0.04999999648601694,0.499998055005193,-2.5972644634828876e-10,1.5905413442603732e-06,0.499998055005193,-3.984899360082803e-09,8.695468861607743e-10,-4.053093930951372e-08,2.126583205178737e-06,False,,,,,False,,,
vehicle_motion_0p5,0.5,44.26,29.707951438544164,8.04969566468072e-08,0.04999999016044743,0.5000017351718935,-6.464474361091783e-10,-1.556886426317217e-06,0.5000017351718935,4.375180632338027e-09,-9.022651202566624e-10,-4.052381062456416e-08,2.125806598061108e-06,False,,,,,False,,,
vehicle_motion_0p5,0.5,44.312,29.733951435975303,8.047408784666378e-08,0.04999999648601694,0.4999983839117152,-2.59726446418169e-10,1.5905413442882954e-06,0.4999983839117152,-3.984899360477298e-09,8.695468855561696e-10,-4.0517407156904944e-08,2.1265832051362356e-06,False,,,,,False,,,
vehicle_motion_0p5,0.5,44.364,29.75995146561823,8.044965640229224e-08,0.04999999016044743,0.5000021886375035,-6.464474360882142e-10,-1.556886426262039e-06,0.5000021886375035,4.375180629923078e-09,-9.022651211207808e-10,-4.051027847195503e-08,2.1258065970919515e-06,False,,,,,False,,,
vehicle_motion_0p5,0.5,44.416,29.785951465026884,8.042678760215565e-08,0.04999999648601694,0.4999982890186506,-2.5972644637624085e-10,1.590541344274251e-06,0.4999982890186506,-3.9848993602398855e-09,8.695468865373037e-10,-4.050387500429822e-08,2.1265832051809297e-06,False,,,,,False,,,
vehicle_motion_0p5,0.5,44.468,29.811951494995476,8.040235615777967e-08,0.04999999016044743,0.5000024988673774,-6.464474363088663e-10,-1.5568864263241559e-06,0.5000024988673774,4.375180633203928e-09,-9.022651205100606e-10,-4.049674631934698e-08,2.1258065980787944e-06,False,,,,,False,,,
vehicle_motion_0p5,0.5,44.52,29.837951529421566,8.037948735763793e-08,0.04999999648601694,0.49999904468098544,-2.597264463728527e-10,1.5905413442602067e-06,0.49999904468098544,-3.984899361095337e-09,8.695468868028506e-10,-4.0490342851688595e-08,2.1265832060460345e-06,False,,,,,False,,,
vehicle_motion_0p5,0.5,44.572,29.863951586055634,8.035505591327072e-08,0.04999999016044743,0.5000025995716656,-6.464474360098637e-10,-1.5568864262688112e-06,0.5000025995716656,4.375180630566497e-09,-9.02265121395767e-10,-4.04832141667404e-08,2.1258065971116522e-06,False,,,,,False,,,
vehicle_motion_0p5,0.5,44.624,29.88995161123132,8.033218711313356e-08,0.04999999648601694,0.49999882883972463,-2.597264463916992e-10,1.5905413442532678e-06,0.49999882883972463,-3.984899360396546e-09,8.695468861003325e-10,-4.0476810699083686e-08,2.126583205933087e-06,False,,,,,False,,,
vehicle_motion_0p5,0.5,44.676,29.915951666724908,8.030775566875963e-08,0.04999999016044743,0.5000029471182739,-6.46447436254868e-10,-1.5568864263382e-06,0.5000029471182739,4.375180631261375e-09,-9.022651211199528e-10,-4.046968201413339e-08,2.1258065972790327e-06,False,,,,,False,,,
vehicle_motion_0p5,0.5,44.728,29.94195172178506,8.02848868686194e-08,0.04999999648601694,0.49999940250576314,-2.5972644639402854e-10,1.5905413442464954e-06,0.49999940250576314,-3.9848993609003875e-09,8.695468859912423e-10,-4.046327854647581e-08,2.1265832059084505e-06,False,,,,,False,,,
vehicle_motion_0p5,0.5,44.78,29.967951804508797,8.026045542424623e-08,0.04999999016044743,0.5000034255133002,-6.464474361995991e-10,-1.556886426345139e-06,0.5000034255133002,4.37518063171039e-09,-9.022651213292627e-10,-4.0456149861525906e-08,2.125806597285982e-06,False,,,,,False,,,
vehicle_motion_0p5,0.5,44.832,29.993951863819813,8.023758662411657e-08,0.04999999648601694,0.499999040801414,-2.597264463840759e-10,1.590541344211801e-06,0.499999040801414,-3.984899359146582e-09,8.69546886280239e-10,-4.0449746393871975e-08,2.126583204986373e-06,False,,,,,False,,,
vehicle_motion_0p5,0.5,44.884,30.01995192105253,8.021315517974657e-08,0.04999999016044743,0.5000029504184886,-6.464474362472447e-10,-1.5568864263520779e-06,0.5000029504184886,4.375180630194368e-09,-9.022651209942956e-10,-4.044261770892325e-08,2.1258065973018594e-06,False,,,,,False,,,
vehicle_motion_0p5,0.5,44.936,30.045951975590384,8.01902863796076e-08,0.04999999648601694,0.499999388585087,-2.597264463844994e-10,1.5905413442255123e-06,0.499999388585087,-3.984899359905998e-09,8.695468860158051e-10,-4.0436214241266384e-08,2.126583205843191e-06,False,,,,,False,,,
vehicle_motion_0p5,0.5,44.988,30.07195203579661,8.016585493524808e-08,0.04999999016044743,0.5000025798690537,-6.464474366362445e-10,-1.5568864262896278e-06,0.5000025798690537,4.375180630642173e-09,-9.022651207395372e-10,-4.042908555632129e-08,2.1258065970677975e-06,False,,,,,False,,,
vehicle_motion_0p5,0.5,45.04,30.097952071806798,8.014298613511029e-08,0.04999999648601694,0.49999904470112655,-2.5972644642494524e-10,1.5905413442187398e-06,0.49999904470112655,-3.984899358323902e-09,8.69546886190375e-10,-4.04226820886649e-08,2.126583204916435e-06,False,,,,,False,,,
