t,phase,tag_visible,uav_x_gt,uav_y_gt,uav_z_gt,uav_vx_gt,uav_vy_gt,uav_vz_gt,uav_roll_gt,uav_pitch_gt,uav_yaw_gt,vehicle_x_gt,vehicle_y_gt,vehicle_z_gt,vehicle_vx_gt,vehicle_vy_gt,vehicle_vz_gt,vehicle_speed_gt,vehicle_yaw_gt,horizontal_error_gt,uav_x_mavros,uav_y_mavros,uav_z_mavros,uav_vx_mavros,uav_vy_mavros,uav_vz_mavros,tag_x_map_visual,tag_y_map_visual,tag_error_visual,yolo_detected,yolo_confidence,yolo_center_x,yolo_center_y,armed,flight_mode
0.06,WAIT_FCU,True,,,,,,,,,,,,,,,,,,,,,,,,,,,,False,,,,False,
0.152,WAIT_FCU,True,,,,,,,,,,,,,,,,,,,,,,,,,,,,False,,,,False,
0.252,WAIT_FCU,True,,,,,,,,,,,,,,,,,,,,,,,,,,,,False,,,,False,
0.352,WAIT_FCU,True,-12.999999998076058,-6.000000000103772,0.039940163804208985,3.313369078550242e-09,-1.381981017550843e-09,0.009997333450644685,1.8826172535447227e-09,3.4962551825500496e-08,1.6713400147568683e-13,,,,,,,,,,,,,,,,,,,False,,,,False,
0.452,WAIT_FCU,True,-12.999999999950706,-5.999999999995474,0.05399683486622452,-1.4295183230295325e-10,2.277109398178063e-09,0.00031274336494448136,-8.394265946919875e-11,8.691891733468315e-10,4.717824292856756e-14,,,,,,,,,,,,,,,,,,,False,,,,False,
0.552,WAIT_FCU,True,-12.999999999951509,-6.000000000004746,0.05399996152462717,-2.1761491491065777e-11,-2.3145515643511197e-09,9.668753837338561e-08,8.449213752850938e-11,8.50285065891197e-10,5.6400302136090005e-14,10.000000000027248,7.672698336552804e-08,0.049999991681922595,3.825621133097166e-09,1.1909978012494826e-09,0.004998832011037343,4.006725947276748e-09,-2.1062211997025505e-10,23.769728667357636,,,,,,,,,,False,,,,False,
0.652,WAIT_FCU,False,-12.999999999951287,-5.999999999995443,0.05399996221972537,-2.1772092218442433e-11,2.315242677929539e-09,2.717437400567846e-08,-8.452539946946874e-11,8.502912863695364e-10,4.761028934404731e-14,10.000000000382837,7.697216138425901e-08,0.04999999651757947,1.9973200029340066e-13,-1.8863191018609664e-12,6.636452019166441e-08,1.896863892319838e-12,-2.642200138861667e-09,23.76972866776104,,,,,,,,,,False,,,,False,
0.752,WAIT_FCU,False,-12.999999999951065,-6.000000000004749,0.05399996221987914,-2.1775694974838708e-11,-2.315252593454531e-09,2.7158862587139953e-08,8.452396296610639e-11,8.502912752659869e-10,5.638234310486859e-14,10.000000000722691,7.723693741678884e-08,0.04992755344959976,-3.921807992750009e-09,4.793127953567344e-09,-0.01811021328577047,6.1931133940261845e-09,-5.082978905321839e-09,23.769728668158862,,,,,,,,,,False,,,,False,
0.852,WAIT_FCU,False,-12.999999999950843,-5.999999999995443,0.05399996221987914,-2.177169939501143e-11,2.3152529160382317e-09,2.715884877180219e-08,-8.452561513949662e-11,8.502914227161024e-10,4.7606398025516845e-14,10.000000001153168,7.75041249748547e-08,0.0499999937956096,5.1840650016357235e-09,1.3726581832990137e-09,0.0049994032279413545,5.3627157699585515e-09,-7.910561851421401e-09,23.769728668640276,,,,,,,,,,False,,,,False,
0.952,WAIT_FCU,False,-12.99999999995062,-6.000000000004749,0.05399996221987916,-2.177570184539887e-11,-2.3152528396993567e-09,2.7158858000531083e-08,8.45239738177618e-11,8.502912772514548e-10,5.637829463282967e-14,10.000000001508708,7.774965027273895e-08,0.04999999628703666,-1.285919003082882e-13,1.2151298078655277e-12,6.32157364624841e-07,1.2219150243728944e-12,-1.034211305266869e-08,23.76972866904841,,,,,,,,,,False,,,,False,
1.052,WAIT_FCU,False,-12.99999999995039,-6.000000000004749,0.05399996221987916,-2.1775698465685052e-11,-2.3152528421164323e-09,2.7158858000531083e-08,8.452397411112643e-11,8.502912769692273e-10,5.637619197339939e-14,10.000000001848566,7.80144187809427e-08,0.04992755344959976,-3.921808232060859e-09,4.793127958771515e-09,-0.018110213285769377,6.193113549598256e-09,-1.278289241171386e-08,23.769728669443875,,,,,,,,,,False,,,,False,
1.152,WAIT_FCU,False,-12.999999999950177,-6.000000000004749,0.05399996221987916,-2.1775700365033903e-11,-2.315252841664411e-09,2.7158858000531083e-08,8.452397433573241e-11,8.502912770090073e-10,5.63742510471024e-14,10.0000000022041,7.825993921841952e-08,0.04992755344959987,-3.921808307404797e-09,4.793127965710409e-09,-0.01811021328577028,6.1931136026803574e-09,-1.5214443995416972e-08,23.769728669849663,,,,,,,,,,False,,,,False,
1.252,WAIT_FCU,False,-12.999999999949955,-5.999999999995443,0.05399996221987914,-2.177170027140158e-11,2.315252915803722e-09,2.7158848723229933e-08,-8.452561498004747e-11,8.50291422831118e-10,4.7598310895331665e-14,10.000000002634579,7.852712679215352e-08,0.04999999379560949,5.184065103502818e-09,1.37265832120953e-09,0.004999403227941483,5.362715903732124e-09,-1.804202682433453e-08,23.769728670331084,,,,,,,,,,False,,,,False,
1.3519999999999999,WAIT_FCU,False,-12.999999999949733,-6.000000000004749,0.05399996221987916,-2.177570051159406e-11,-2.3152528396922905e-09,2.7158858000531083e-08,8.452397403528488e-11,8.502912770672221e-10,5.637020743339406e-14,10.000000002990122,7.877265210347425e-08,0.04999999628703655,-1.2859188288124706e-13,1.215129372702351e-12,6.321573646387188e-07,1.2219145897921645e-12,-2.0473577925782718e-08,23.769728670739223,,,,,,,,,,False,,,,False,
1.452,WAIT_FCU,False,-12.999999999949502,-6.000000000004749,0.05399996221987916,-2.1775698852339007e-11,-2.3152528391107925e-09,2.7158858000697617e-08,8.452397394651416e-11,8.502912772678247e-10,5.636810473948843e-14,10.000000003329975,7.903742062521642e-08,0.04992755344959976,-3.9218085467671e-09,4.793127969179856e-09,-0.018110213285769217,6.193113756942439e-09,-2.291435718577599e-08,23.769728671134676,,,,,,,,,,False,,,,False,
1.552,WAIT_FCU,False,-12.99999999994928,-5.999999999995443,0.05399996221987914,-2.177169784441822e-11,2.3152529206850756e-09,2.7158848723063402e-08,-8.452561530057709e-11,8.502914226410081e-10,4.7592164589711705e-14,10.000000003626253,7.924202100084607e-08,0.04992755344959976,0.0,0.0,0.0,0.0,-2.4940650090687922e-08,23.769728671470443,,,,,,,,,,False,,,,False,
1.6520000000000001,WAIT_FCU,False,-12.999999999949067,-5.999999999995443,0.05399996221987914,-2.177169773961735e-11,2.315252917890535e-09,2.7158848730168827e-08,-8.45256149770777e-11,8.502914226672861e-10,4.759022364672112e-14,10.000000003626253,7.924202100084607e-08,0.04992755344959976,0.0,0.0,0.0,0.0,-2.4940650090687922e-08,23.769728671470236,,,,,,,,,,False,,,,False,CMODE(65536)
1.752,WAIT_FCU,False,-12.999999999948844,-6.000000000004749,0.05399996221987916,-2.1775698294756198e-11,-2.315252842390431e-09,2.7158858000531083e-08,8.452397384934551e-11,8.502912771013614e-10,5.636212018968754e-14,10.000000003626253,7.924202100084607e-08,0.04992755344959976,0.0,0.0,0.0,0.0,-2.4940650090687922e-08,23.769728671472368,,,,,,,,,,False,,,,False,CMODE(65536)
1.8519999999999999,WAIT_FCU,False,-12.999999999948622,-5.999999999995443,0.05399996221987914,-2.1771697086532944e-11,2.315252916059499e-09,2.715884874421315e-08,-8.452561498578142e-11,8.502914226078174e-10,4.758618003943953e-14,10.000000003626253,7.924202100084607e-08,0.04992755344959976,0.0,0.0,0.0,0.0,-2.4940650090687922e-08,23.769728671469807,,,,,,,,,,False,,,,False,CMODE(65536)
1.952,WAIT_FCU,False,-12.9999999999484,-6.000000000004749,0.05399996221987916,-2.17757010444513e-11,-2.315252837677423e-09,2.7158858000697617e-08,8.452397395842217e-11,8.502912770673152e-10,5.6358076584785686e-14,10.000000003626253,7.924202100084607e-08,0.04992755344959976,0.0,0.0,0.0,0.0,-2.4940650090687922e-08,23.769728671471945,,,,,,,,,,False,,,,False,CMODE(65536)
2.052,WAIT_FCU,False,-12.999999999948178,-5.999999999995443,0.05399996221987914,-2.177169764377817e-11,2.315252915038903e-09,2.715884874421315e-08,-8.452561523178623e-11,8.502914226949707e-10,4.7582136459560366e-14,10.000000003626253,7.924202100084607e-08,0.04992755344959976,0.0,0.0,0.0,0.0,-2.4940650090687922e-08,23.76972867146938,,,,,,,,,,False,,,,False,CMODE(65536)
2.152,WAIT_FCU,False,-12.999999999947956,-6.000000000004749,0.05399996221987916,-2.1775699798064007e-11,-2.3152528424053247e-09,2.7158858000697617e-08,8.452397410506364e-11,8.502912770088047e-10,5.6354033010929864e-14,10.000000003626253,7.924202100084607e-08,0.04992755344959976,0.0,0.0,0.0,0.0,-2.4940650090687922e-08,23.769728671471512,,,,,,,,,,False,,,,False,CMODE(65536)
2.252,WAIT_FCU,False,-12.999999999947725,-6.000000000004749,0.05399996221987916,-2.1775700219391295e-11,-2.315252839007855e-09,2.7158858000531083e-08,8.452397398733901e-11,8.502912770740939e-10,5.635193033940759e-14,10.000000003626253,7.924202100084607e-08,0.04992755344959976,0.0,0.0,0.0,0.0,-2.4940650090687922e-08,23.769728671471288,,,,,,,,,,False,,,,False,CMODE(65536)
2.352,WAIT_FCU,False,-12.999999999947512,-6.000000000004749,0.05399996221987916,-2.1775701676242402e-11,-2.315252839592327e-09,2.7158858000531083e-08,8.45239739364379e-11,8.502912770901767e-10,5.6349989407066846e-14,10.000000003626253,7.924202100084607e-08,0.04992755344959976,0.0,0.0,0.0,0.0,-2.4940650090687922e-08,23.769728671471082,,,,,,,,,,False,,,,False,CMODE(65536)
2.452,WAIT_FCU,False,-12.999999999947281,-6.000000000004749,0.05399996221987916,-2.1775701024119053e-11,-2.315252838560999e-09,2.7158858000697617e-08,8.452397382998405e-11,8.502912772576699e-10,5.6347886732827405e-14,10.000000003626253,7.924202100084607e-08,0.04992755344959976,0.0,0.0,0.0,0.0,-2.4940650090687922e-08,23.769728671470855,,,,,,,,,,False,,,,False,CMODE(65536)
2.552,WAIT_FCU,False,-12.99999999994706,-5.999999999995443,0.05399996221987914,-2.177169546810855e-11,2.315252919369237e-09,2.7158848730168827e-08,-8.452561484660834e-11,8.502914226248202e-10,4.757194658451555e-14,10.000000003626253,7.924202100084607e-08,0.04992755344959976,0.0,0.0,0.0,0.0,-2.4940650090687922e-08,23.769728671468293,,,,,,,,,,False,,,,False,CMODE(65536)
2.652,WAIT_FCU,False,-12.999999999946846,-5.999999999995443,0.05399996221987914,-2.1771697369111406e-11,2.3152529159101333e-09,2.715884874421315e-08,-8.452561510901709e-11,8.502914227155808e-10,4.7570005672607084e-14,10.000000003626253,7.924202100084607e-08,0.04992755344959976,0.0,0.0,0.0,0.0,-2.4940650090687922e-08,23.76972867146809,,,,,,,,,,False,,,,False,MANUAL
2.752,WAIT_FCU,False,-12.999999999946624,-6.000000000004749,0.05399996221987916,-2.1775701079291602e-11,-2.3152528407071808e-09,2.7158858000531083e-08,8.45239739764503e-11,8.502912772568848e-10,5.6341902207090794e-14,10.000000003626253,7.924202100084607e-08,0.04992755344959976,0.0,0.0,0.0,0.0,-2.4940650090687922e-08,23.769728671470226,,,,,,,,,,False,,,,False,MANUAL
2.852,WAIT_FCU,False,-12.999999999946402,-5.999999999995443,0.05399996221987914,-2.177169665137892e-11,2.315252918552077e-09,2.7158848730168827e-08,-8.452561501981598e-11,8.502914226375763e-10,4.756596206491528e-14,10.000000003626253,7.924202100084607e-08,0.04992755344959976,0.0,0.0,0.0,0.0,-2.4940650090687922e-08,23.76972867146766,,,,,,,,,,False,,,,False,MANUAL
2.952,WAIT_FCU,False,-12.99999999994618,-6.000000000004749,0.05399996221987916,-2.1775699622452684e-11,-2.315252843201244e-09,2.715885800036455e-08,8.452397391381549e-11,8.502912769095718e-10,5.633785863147477e-14,10.000000003626253,7.924202100084607e-08,0.04992755344959976,0.0,0.0,0.0,0.0,-2.4940650090687922e-08,23.769728671469796,,,,,,,,,,False,,,,False,MANUAL
3.052,WAIT_FCU,False,-12.999999999945958,-5.999999999995443,0.05399996221987914,-2.1771697932165264e-11,2.3152529145913402e-09,2.715884874421315e-08,-8.452561495541322e-11,8.502914226199697e-10,4.7561918493631545e-14,10.000000003626253,7.924202100084607e-08,0.04992755344959976,0.0,0.0,0.0,0.0,-2.4940650090687922e-08,23.769728671467234,,,,,,,,,,False,,,,False,MANUAL
3.152,WAIT_FCU,False,-12.999999999945727,-5.999999999995443,0.05399996221987914,-2.177169847589526e-11,2.315252915635928e-09,2.715884874421315e-08,-8.452561508903927e-11,8.502914226830398e-10,4.755981583159187e-14,10.000000003626253,7.924202100084607e-08,0.04992755344959976,0.0,0.0,0.0,0.0,-2.4940650090687922e-08,23.769728671467004,,,,,,,,,,False,,,,False,MANUAL
3.252,WAIT_FCU,False,-12.999999999945514,-5.999999999995443,0.05399996221987914,-2.1771697939372754e-11,2.3152529197995307e-09,2.7158848730168827e-08,-8.452561488060105e-11,8.502914224733221e-10,4.75578748919944e-14,10.000000003626253,7.924202100084607e-08,0.04992755344959976,0.0,0.0,0.0,0.0,-2.4940650090687922e-08,23.7697286714668,,,,,,,,,,False,,,,False,MANUAL
3.352,WAIT_FCU,False,-12.999999999945292,-6.000000000004749,0.05399996221987916,-2.177570026719419e-11,-2.3152528384011083e-09,2.7158858000531083e-08,8.452397373855882e-11,8.502912771425159e-10,5.6329771431705445e-14,10.000000003626253,7.924202100084607e-08,0.04992755344959976,0.0,0.0,0.0,0.0,-2.4940650090687922e-08,23.769728671468933,,,,,,,,,,False,,,,False,MANUAL
3.452,WAIT_FCU,False,-12.99999999994507,-5.999999999995443,0.05399996221987914,-2.177169808068015e-11,2.315252918305349e-09,2.7158848730168827e-08,-8.452561508863382e-11,8.502914225980158e-10,4.7553831285223964e-14,10.000000003626253,7.924202100084607e-08,0.04992755344959976,0.0,0.0,0.0,0.0,-2.4940650090687922e-08,23.76972867146637,,,,,,,,,,False,,,,False,MANUAL
3.552,WAIT_FCU,False,-12.999999999944848,-6.000000000004749,0.05399996221987916,-2.1775698994561717e-11,-2.31525284145306e-09,2.715885800036455e-08,8.452397411156775e-11,8.502912769109197e-10,5.632572782803544e-14,10.000000003626253,7.924202100084607e-08,0.04992755344959976,0.0,0.0,0.0,0.0,-2.4940650090687922e-08,23.769728671468506,,,,,,,,,,False,,,,False,MANUAL
3.652,WAIT_FCU,False,-12.999999999944617,-6.000000000004749,0.05399996221987916,-2.1775699033691877e-11,-2.315252842104697e-09,2.7158858000531083e-08,8.452397411768356e-11,8.502912767988718e-10,5.632362516249659e-14,10.000000003626253,7.924202100084607e-08,0.04992755344959976,0.0,0.0,0.0,0.0,-2.4940650090687922e-08,23.769728671468282,,,,,,,,,,False,,,,False,MANUAL
3.752,WAIT_FCU,False,-12.999999999944395,-5.999999999995443,0.05399996221987914,-2.1771698162402613e-11,2.3152529144272023e-09,2.7158848744046615e-08,-8.452561500384391e-11,8.502914226537309e-10,4.7547685022364696e-14,10.000000003626253,7.924202100084607e-08,0.04992755344959976,0.0,0.0,0.0,0.0,-2.4940650090687922e-08,23.769728671465714,,,,,,,,,,False,,,,False,MANUAL
3.852,WAIT_FCU,False,-12.999999999944182,-5.999999999995443,0.05399996221987914,-2.177169518375504e-11,2.3152529197060908e-09,2.7158848730168827e-08,-8.452561491778011e-11,8.502914225183372e-10,4.7545744076169423e-14,10.000000003626253,7.924202100084607e-08,0.04992755344959976,0.0,0.0,0.0,0.0,-2.4940650090687922e-08,23.769728671465508,,,,,,,,,,False,,,,False,MANUAL
3.952,WAIT_FCU,False,-12.99999999994396,-6.000000000004749,0.05399996221987916,-2.177569910017468e-11,-2.315252842586126e-09,2.7158858000531083e-08,8.452397404385533e-11,8.502912771467344e-10,5.631764061881819e-14,10.000000003626253,7.924202100084607e-08,0.04992755344959976,0.0,0.0,0.0,0.0,-2.4940650090687922e-08,23.769728671467647,,,,,,,,,,False,,,,False,MANUAL
4.052,WAIT_FCU,False,-12.999999999943729,-6.000000000004749,0.05399996221987916,-2.1775699851621315e-11,-2.315252839339351e-09,2.7158858000531083e-08,8.452397396426915e-11,8.502912772202084e-10,5.631553794896208e-14,10.000000003626253,7.924202100084607e-08,0.04992755344959976,0.0,0.0,0.0,0.0,-2.4940650090687922e-08,23.76972867146742,,,,,,,,,,False,,,,False,MANUAL
4.152,WAIT_FCU,False,-12.999999999943507,-5.999999999995443,0.05399996221987914,-2.177169630986361e-11,2.315252915692055e-09,2.715884874421315e-08,-8.452561504576594e-11,8.502914227666361e-10,4.753959779314119e-14,10.000000003626253,7.924202100084607e-08,0.04992755344959976,0.0,0.0,0.0,0.0,-2.4940650090687922e-08,23.769728671464858,,,,,,,,,,False,,,,False,MANUAL
4.252,WAIT_FCU,False,-12.999999999943293,-5.999999999995443,0.05399996221987914,-2.177169653028312e-11,2.315252919740414e-09,2.7158848730168827e-08,-8.452561493611514e-11,8.502914225501598e-10,4.753765686380167e-14,10.000000003626253,7.924202100084607e-08,0.04992755344959976,0.0,0.0,0.0,0.0,-2.4940650090687922e-08,23.76972867146465,,,,,,,,,,False,,,,False,MANUAL
4.352,WAIT_FCU,False,-12.999999999943071,-6.000000000004749,0.05399996221987916,-2.1775699012739525e-11,-2.315252841691718e-09,2.715885800036455e-08,8.45239742321997e-11,8.502912769895325e-10,5.630955340550656e-14,10.000000003626253,7.924202100084607e-08,0.04992755344959976,0.0,0.0,0.0,0.0,-2.4940650090687922e-08,23.769728671466783,,,,,,,,,,False,,,,False,MANUAL
4.452,WAIT_FCU,False,-12.99999999994284,-6.000000000004749,0.05399996221987916,-2.177570147341572e-11,-2.3152528407020887e-09,2.7158858000531083e-08,8.452397415635494e-11,8.502912772482735e-10,5.630745072351685e-14,10.000000003626253,7.924202100084607e-08,0.04992755344959976,0.0,0.0,0.0,0.0,-2.4940650090687922e-08,23.769728671466563,,,,,,,,,,False,,,,False,MANUAL
4.552,WAIT_FCU,False,-12.999999999942627,-6.000000000004749,0.05399996221987916,-2.1775699852853817e-11,-2.3152528378131087e-09,2.7158858000697617e-08,8.452397400085142e-11,8.502912772872312e-10,5.630550978692919e-14,10.000000003626253,7.924202100084607e-08,0.04992755344959976,0.0,0.0,0.0,0.0,-2.4940650090687922e-08,23.769728671466353,,,,,,,,,,False,,,,False,MANUAL
4.652,WAIT_FCU,False,-12.999999999942405,-5.999999999995443,0.05399996221987914,-2.1771697878094245e-11,2.3152529176425187e-09,2.7158848723063402e-08,-8.452561510957249e-11,8.502914224898419e-10,4.752956961533387e-14,10.000000003626253,7.924202100084607e-08,0.04992755344959976,0.0,0.0,0.0,0.0,-2.4940650090687922e-08,23.769728671463792,,,,,,,,,,False,,,,False,MANUAL
4.752,WAIT_FCU,False,-12.999999999942183,-6.000000000004749,0.05399996221987916,-2.177569847069212e-11,-2.3152528396617415e-09,2.7158858000531083e-08,8.452397397310481e-11,8.502912772320424e-10,5.630146615694675e-14,10.000000003626253,7.924202100084607e-08,0.04992755344959976,0.0,0.0,0.0,0.0,-2.4940650090687922e-08,23.769728671465927,,,,,,,,,,False,,,,False,MANUAL
4.852,WAIT_FCU,False,-12.999999999941961,-5.999999999995443,0.05399996221987914,-2.177169784121053e-11,2.3152529208254245e-09,2.7158848730168827e-08,-8.452561505888271e-11,8.502914222834121e-10,4.752552599467373e-14,10.000000003626253,7.924202100084607e-08,0.04992755344959976,0.0,0.0,0.0,0.0,-2.4940650090687922e-08,23.769728671463362,,,,,,,,,,False,,,,False,MANUAL
4.952,WAIT_FCU,False,-12.999999999941739,-6.000000000004749,0.05399996221987916,-2.177569796130736e-11,-2.315252837118998e-09,2.715885801440887e-08,8.452397405564417e-11,8.502912770686388e-10,5.6297422538588826e-14,10.000000003626253,7.924202100084607e-08,0.04992755344959976,0.0,0.0,0.0,0.0,-2.4940650090687922e-08,23.769728671465497,,,,,,,,,,False,,,,False,MANUAL
5.052,WAIT_FCU,False,-12.999999999941508,-6.000000000004749,0.05399996221987916,-2.1775701331505434e-11,-2.3152528380097167e-09,2.7158858000531083e-08,8.45239741246766e-11,8.502912771331078e-10,5.629531987891522e-14,10.000000003626253,7.924202100084607e-08,0.04992755344959976,0.0,0.0,0.0,0.0,-2.4940650090687922e-08,23.769728671465277,,,,,,,,,,False,,,,False,MANUAL
5.152,WAIT_FCU,False,-12.999999999941295,-6.000000000004749,0.05399996221987916,-2.177570075566846e-11,-2.315252840316026e-09,2.7158858000531083e-08,8.452397400296825e-11,8.502912771545398e-10,5.6293378954841875e-14,10.000000003626253,7.924202100084607e-08,0.04992755344959976,0.0,0.0,0.0,0.0,-2.4940650090687922e-08,23.76972867146507,,,,,,,,,,False,,,,False,MANUAL
5.252,WAIT_FCU,False,-12.999999999941064,-6.000000000004749,0.05399996221987916,-2.1775699708232312e-11,-2.315252840182435e-09,2.7158858000697617e-08,8.452397404999851e-11,8.502912772300124e-10,5.629127626758481e-14,10.000000003626253,7.924202100084607e-08,0.04992755344959976,0.0,0.0,0.0,0.0,-2.4940650090687922e-08,23.769728671464843,,,,,,,,,,False,,,,False,MANUAL
5.352,WAIT_FCU,False,-12.99999999994085,-6.000000000004749,0.05399996221987916,-2.1775701341281335e-11,-2.3152528394757582e-09,2.7158858000697617e-08,8.452397409940942e-11,8.50291277256218e-10,5.628933533214029e-14,10.000000003626253,7.924202100084607e-08,0.04992755344959976,0.0,0.0,0.0,0.0,-2.4940650090687922e-08,23.769728671464634,,,,,,,,,,False,,,,False,MANUAL
5.452,WAIT_FCU,False,-12.999999999940629,-5.999999999995443,0.05399996221987914,-2.1771697272345262e-11,2.3152529206715086e-09,2.7158848730168827e-08,-8.452561520271848e-11,8.502914225704634e-10,4.751339518150248e-14,10.000000003626253,7.924202100084607e-08,0.04992755344959976,0.0,0.0,0.0,0.0,-2.4940650090687922e-08,23.769728671462072,,,,,,,,,,False,,,,False,MANUAL
5.552,WAIT_FCU,False,-12.999999999940407,-6.000000000004749,0.05399996221987916,-2.1775699209019907e-11,-2.3152528398374488e-09,2.7158857993425657e-08,8.45239740364524e-11,8.50291277080996e-10,5.628529171690594e-14,10.000000003626253,7.924202100084607e-08,0.04992755344959976,0.0,0.0,0.0,0.0,-2.4940650090687922e-08,23.76972867146421,,,,,,,,,,False,,,,False,MANUAL
5.652,WAIT_FCU,False,-12.999999999940176,-6.000000000004749,0.05399996221987916,-2.1775698574658007e-11,-2.315252841759567e-09,2.7158858000531083e-08,8.452397412214227e-11,8.502912770494642e-10,5.628318903379775e-14,10.000000003626253,7.924202100084607e-08,0.04992755344959976,0.0,0.0,0.0,0.0,-2.4940650090687922e-08,23.769728671463984,,,,,,,,,,False,,,,False,MANUAL
5.752,WAIT_FCU,False,-12.999999999939954,-5.999999999995443,0.05399996221987914,-2.177169813567664e-11,2.3152529202551807e-09,2.7158848723063402e-08,-8.45256149816814e-11,8.502914223387269e-10,4.7507248877914896e-14,10.000000003626253,7.924202100084607e-08,0.04992755344959976,0.0,0.0,0.0,0.0,-2.4940650090687922e-08,23.769728671461422,,,,,,,,,,False,,,,False,MANUAL
5.852,WAIT_FCU,False,-12.999999999939732,-6.000000000004749,0.05399996221987916,-2.177570006055925e-11,-2.315252838669265e-09,2.7158858000697617e-08,8.452397392704365e-11,8.502912773361683e-10,5.627914542765517e-14,10.000000003626253,7.924202100084607e-08,0.04992755344959976,0.0,0.0,0.0,0.0,-2.4940650090687922e-08,23.769728671463554,,,,,,,,,,False,,,,False,MANUAL
5.952,WAIT_FCU,False,-12.99999999993951,-5.999999999995443,0.05399996221987914,-2.1771697948518454e-11,2.3152529139136866e-09,2.715884874421315e-08,-8.452561500500541e-11,8.502914226934212e-10,4.750320528169235e-14,10.000000003626253,7.924202100084607e-08,0.04992755344959976,0.0,0.0,0.0,0.0,-2.4940650090687922e-08,23.76972867146099,,,,,,,,,,False,,,,False,MANUAL
6.052,WAIT_FCU,False,-12.999999999939297,-5.999999999995443,0.05399996221987914,-2.177169511250638e-11,2.3152529199734103e-09,2.7158848730168827e-08,-8.452561484812761e-11,8.502914224591e-10,4.7501264336159133e-14,10.000000003626253,7.924202100084607e-08,0.04992755344959976,0.0,0.0,0.0,0.0,-2.4940650090687922e-08,23.769728671460783,,,,,,,,,,False,,,,False,MANUAL
6.152,WAIT_FCU,False,-12.999999999939066,-5.999999999995443,0.05399996221987914,-2.1771698791698103e-11,2.3152529201678466e-09,2.7158848730168827e-08,-8.452561520721947e-11,8.502914225604659e-10,4.7499161661033113e-14,10.000000003626253,7.924202100084607e-08,0.04992755344959976,0.0,0.0,0.0,0.0,-2.4940650090687922e-08,23.76972867146056,,,,,,,,,,False,,,,False,MANUAL
6.252,TAKEOFF,False,-12.999999999938852,-5.999999999995443,0.05399996221987914,-2.1771697345089603e-11,2.3152529144412243e-09,2.7158848723063402e-08,-8.452561498671083e-11,8.502914225833377e-10,4.749722072884176e-14,10.000000003626253,7.924202100084607e-08,0.04992755344959976,0.0,0.0,0.0,0.0,-2.4940650090687922e-08,23.769728671460353,0.0022117304615676403,0.0002724050427787006,0.002808597404509783,-0.019688332453370094,0.0010037829633802176,0.010997291654348373,,,,False,,,,False,MANUAL
6.352,TAKEOFF,False,-12.99999999993863,-6.000000000004749,0.05399996221987916,-2.1775702053153445e-11,-2.3152528391676533e-09,2.7158858000531083e-08,8.452397402515348e-11,8.502912773456777e-10,5.6269117278122483e-14,10.000000003626253,7.924202100084607e-08,0.04992755344959976,0.0,0.0,0.0,0.0,-2.4940650090687922e-08,23.76972867146249,-7.822066254448146e-05,0.0003700386150740087,0.0042724693194031715,-0.019859012216329575,0.0014291747938841581,0.010583428665995598,,,,False,,,,False,MANUAL
6.452,TAKEOFF,False,-12.999999999938408,-5.999999999995443,0.05399996221987914,-2.177169888912909e-11,2.3152529199087752e-09,2.7158848730168827e-08,-8.452561528084718e-11,8.502914226009679e-10,4.74931771240971e-14,10.000000003626253,7.924202100084607e-08,0.04992755344959976,0.0,0.0,0.0,0.0,-2.4940650090687922e-08,23.769728671459927,-0.001434331526979804,0.000378786789951846,0.005529341287910938,-0.01967799663543701,0.0003406779724173248,0.010881881229579449,,,,False,,,,False,MANUAL
6.504,TAKEOFF,False,-12.999999999938293,-6.000000000004749,0.05399996221987916,-2.177570073754803e-11,-2.315252838956662e-09,2.7158858000531083e-08,8.452397406289383e-11,8.502912770297561e-10,5.6266044132708046e-14,10.000000003626253,7.924202100084607e-08,0.04992755344959976,0.0,0.0,0.0,0.0,-2.4940650090687922e-08,23.769728671462158,-0.0012745423009619117,0.0003376003878656775,0.005838440265506506,-0.01746831275522709,0.0006090347305871546,0.01026700995862484,,,,False,,,,False,MANUAL
6.6,TAKEOFF,False,-12.99999999993808,-6.000000000004749,0.05399996221987916,-2.1775701487641897e-11,-2.3152528390248174e-09,2.7158858000531083e-08,8.452397394586597e-11,8.502912771201251e-10,5.6264103197690655e-14,10.000000003626253,7.924202100084607e-08,0.04992755344959976,0.0,0.0,0.0,0.0,-2.4940650090687922e-08,23.769728671461955,-0.0008733193390071392,0.00027829461032524705,0.006501331925392151,-0.01433701254427433,0.00024631430278532207,0.008785930462181568,,,,False,,,,False,MANUAL
6.652,TAKEOFF,False,-12.999999999937964,-5.999999999995443,0.05399996221987914,-2.1771697899438274e-11,2.3152529191990146e-09,2.7158848723063402e-08,-8.452561493144244e-11,8.502914222926977e-10,4.7489133515816613e-14,10.000000003626253,7.924202100084607e-08,0.04992755344959976,0.0,0.0,0.0,0.0,-2.4940650090687922e-08,23.769728671459497,-0.0007439433829858899,0.000246719311689958,0.006661697756499052,-0.013253506273031235,2.541539288358763e-05,0.008807210251688957,,,,False,,,,False,MANUAL
6.752,TAKEOFF,False,-12.999999999937742,-6.000000000004749,0.05399996221987916,-2.1775699714771055e-11,-2.315252840198634e-09,2.7158858000697617e-08,8.452397393948926e-11,8.502912772151862e-10,5.6261030063293954e-14,10.000000003626253,7.924202100084607e-08,0.04992755344959976,0.0,0.0,0.0,0.0,-2.4940650090687922e-08,23.76972867146163,-0.0003621393989305943,0.0001760875020409003,0.007488409988582134,-0.01088762003928423,0.00012702190724667162,0.008814748376607895,,,,False,,,,False,MANUAL
6.852,TAKEOFF,False,-12.99999999993752,-5.999999999995443,0.05399996221987914,-2.1771696185091433e-11,2.3152529166821033e-09,2.7158848723229933e-08,-8.452561500289671e-11,8.502914227814821e-10,4.748508992140982e-14,10.000000003626253,7.924202100084607e-08,0.04992755344959976,0.0,0.0,0.0,0.0,-2.4940650090687922e-08,23.769728671459063,-0.00035418872721493244,5.201934982324019e-05,0.0078544020652771,-0.00997709110379219,-0.00115955900400877,0.008726471103727818,,,,False,,,,False,MANUAL
6.952,TAKEOFF,False,-12.999999999937298,-6.000000000004749,0.05399996221987916,-2.1775701759118464e-11,-2.3152528415804283e-09,2.7158858000531083e-08,8.452397422482172e-11,8.502912770550792e-10,5.6256986449538046e-14,10.000000003626253,7.924202100084607e-08,0.04992755344959976,0.0,0.0,0.0,0.0,-2.4940650090687922e-08,23.7697286714612,-0.000851023942232132,-0.0001733110984787345,0.008173326030373573,-0.008719762787222862,-0.0018894129898399115,0.006436207331717014,,,,False,,,,False,MANUAL
7.052,TAKEOFF,False,-12.999999999937076,-5.999999999995443,0.05399996221987914,-2.1771697765535356e-11,2.3152529183277212e-09,2.715884873710772e-08,-8.452561500218572e-11,8.502914224643364e-10,4.7481046296875594e-14,10.000000003626253,7.924202100084607e-08,0.04992755344959976,0.0,0.0,0.0,0.0,-2.4940650090687922e-08,23.769728671458637,-0.0013446593657135963,-0.0004776245332323015,0.00841588992625475,-0.008875736966729164,-0.003945011179894209,0.006142676342278719,,,,False,,,,False,MANUAL
7.152,TAKEOFF,False,-12.999999999936854,-6.000000000004749,0.05399996221987916,-2.1775698447782608e-11,-2.3152528360431e-09,2.715885801440887e-08,8.4523973936358e-11,8.502912769915998e-10,5.625294282045133e-14,10.000000003626253,7.924202100084607e-08,0.04992755344959976,0.0,0.0,0.0,0.0,-2.4940650090687922e-08,23.769728671460772,-0.001974497688934207,-0.0009979784954339266,0.008532427251338959,-0.008263747207820415,-0.005484460853040218,0.005483777727931738,,,,False,,,,False,MANUAL
7.252,TAKEOFF,False,-12.999999999936632,-5.999999999995443,0.05399996221987914,-2.17716979062586e-11,2.3152529162143116e-09,2.715884873033536e-08,-8.4525614965868e-11,8.502914228057941e-10,4.747700267237735e-14,10.000000003626253,7.924202100084607e-08,0.04992755344959976,0.0,0.0,0.0,0.0,-2.4940650090687922e-08,23.769728671458207,-0.002788241021335125,-0.0011048178421333432,0.009491929784417152,-0.008212771266698837,-0.007135535590350628,0.005504088941961527,,,,False,,,,False,MANUAL
7.352,TAKEOFF,False,-12.99999999993641,-6.000000000004749,0.05399996221987916,-2.177570195340237e-11,-2.3152528400070133e-09,2.7158858000697617e-08,8.452397396267085e-11,8.502912771921607e-10,5.6248899209867094e-14,10.000000003626253,7.924202100084607e-08,0.04992755344959976,0.0,0.0,0.0,0.0,-2.4940650090687922e-08,23.769728671460342,-0.004378993529826403,-0.0005338730989024043,0.011694813147187233,-0.009601837024092674,-0.008006369695067406,0.007615403737872839,,,,False,,,,False,MANUAL
7.452,TAKEOFF,False,-12.999999999936188,-5.999999999995443,0.05399996221987914,-2.177169569657269e-11,2.315252916457883e-09,2.7158848744046615e-08,-8.452561503227956e-11,8.502914226318924e-10,4.747295906376796e-14,10.000000003626253,7.924202100084607e-08,0.04992755344959976,0.0,0.0,0.0,0.0,-2.4940650090687922e-08,23.769728671457774,-0.005905969068408012,-0.0004414413997437805,0.01330930832773447,-0.010672212578356266,-0.008963087573647499,0.008739565499126911,,,,False,,,,False,MANUAL
7.552,TAKEOFF,False,-12.999999999935957,-5.999999999995443,0.05399996221987914,-2.1771699241332423e-11,2.3152529177949793e-09,2.715884873033536e-08,-8.452561507149043e-11,8.502914227933432e-10,4.7470856396486895e-14,10.000000003626253,7.924202100084607e-08,0.04992755344959976,0.0,0.0,0.0,0.0,-2.4940650090687922e-08,23.76972867145755,-0.007567221764475107,-0.0007216591038741171,0.01440097950398922,-0.010841370560228825,-0.00932676624506712,0.008382034488022327,,,,False,,,,False,MANUAL
7.652,TAKEOFF,False,-12.999999999935744,-5.999999999995443,0.05399996221987914,-2.1771698332956628e-11,2.315252917137037e-09,2.7158848730168827e-08,-8.452561515295721e-11,8.502914226103501e-10,4.746891546401354e-14,10.000000003626253,7.924202100084607e-08,0.04992755344959976,0.0,0.0,0.0,0.0,-2.4940650090687922e-08,23.769728671457347,-0.008500086143612862,-0.00121096963994205,0.015360992401838303,-0.011022573336958885,-0.00960511714220047,0.0087701715528965,,,,False,,,,False,OFFBOARD
7.752,TAKEOFF,False,-13.000000000019401,-5.99999999999773,0.05399996270162452,-1.4042662956644277e-09,1.2243278775679746e-09,2.3974474439525385e-08,-4.270298874877956e-11,-6.688080379344682e-10,1.8644870826023976e-14,10.000000003626253,7.924202100084607e-08,0.04992755344959976,0.0,0.0,0.0,0.0,-2.4940650090687922e-08,23.769728671538868,-0.00852229818701744,-0.0020134609658271074,0.016722889617085457,-0.01073310524225235,-0.010700958780944347,0.00862206518650055,,,,False,,,,False,OFFBOARD
7.852,TAKEOFF,False,-13.000000000121036,-5.999999999994509,0.05399996248921272,7.306901665134642e-10,2.7810098483017714e-09,2.8402977322983247e-08,-1.0129938692057611e-10,-2.506647586211703e-09,1.6257108530458543e-14,10.000000003626253,7.924202100084607e-08,0.04992755344959976,0.0,0.0,0.0,0.0,-2.4940650090687922e-08,23.769728671636404,-0.008759157732129097,-0.00290707778185606,0.018124742433428764,-0.010110427625477314,-0.011232799850404263,0.009249734692275524,,,,False,,,,False,OFFBOARD
7.952,TAKEOFF,False,-13.000000000009507,-6.000000000002061,0.053999962759990125,-2.478532391816671e-09,-9.625494827209332e-10,1.6489225734050983e-08,3.648395309452268e-11,-4.707443676117337e-10,3.2338389914346004e-14,10.000000003626253,7.924202100084607e-08,0.04992755344959976,0.0,0.0,0.0,0.0,-2.4940650090687922e-08,23.769728671530395,-0.009255701676011086,-0.004053149372339249,0.019747760146856308,-0.010219594463706017,-0.013062423095107079,0.010085789486765862,,,,False,,,,False,OFFBOARD
8.052,TAKEOFF,False,-13.000000000004004,-5.999999999998136,0.05399996273236015,-1.1177018980330919e-09,8.81205210259034e-10,2.4610618549469888e-08,-3.472453361751135e-11,-3.6164801284382675e-10,4.524246532660917e-14,10.000000003626253,7.924202100084607e-08,0.04992755344959976,0.0,0.0,0.0,0.0,-2.4940650090687922e-08,23.769728671524074,-0.009428014978766441,-0.004867291543632746,0.020060569047927856,-0.009556175209581852,-0.013772387057542801,0.010154995135962963,,,,False,,,,False,OFFBOARD
8.152,TAKEOFF,False,-13.00000000012678,-6.000000000005261,0.0539999624797115,-1.1959461674029144e-10,-2.612830136467658e-09,2.6537598807274687e-08,9.461274483633616e-11,-2.5844953728943175e-09,3.0205555738795574e-14,10.000000003626253,7.924202100084607e-08,0.04992755344959976,0.0,0.0,0.0,0.0,-2.4940650090687922e-08,23.769728671644675,-0.008946269750595093,-0.0050535802729427814,0.019361481070518494,-0.009556528180837631,-0.013159697875380516,0.008940324187278748,,,,False,,,,False,OFFBOARD
8.252,TAKEOFF,False,-13.000000000003725,-6.000000000001653,0.053999962858321045,-5.932344179140848e-09,-4.1184434876067803e-10,4.5514553308922955e-08,2.844878835609443e-11,-3.383018963964732e-10,4.989157764945692e-15,10.000000003626253,7.924202100084607e-08,0.04992755344959976,0.0,0.0,0.0,0.0,-2.4940650090687922e-08,23.769728671524696,-0.008873776532709599,-0.0055405814200639725,0.019315076991915703,-0.0091986283659935,-0.013587248511612415,0.00926895346492529,,,,False,,,,False,OFFBOARD
8.352,TAKEOFF,False,-13.00000000000018,-6.000000000001444,0.05399996274233258,-2.7685125647938444e-10,-6.087355021846758e-10,2.6373978562976853e-08,2.4600192615178188e-11,-2.648499822875785e-10,1.3782532546758642e-15,10.000000003626253,7.924202100084607e-08,0.04992755344959976,0.0,0.0,0.0,0.0,-2.4940650090687922e-08,23.76972867152121,-0.00911227148026228,-0.00633909972384572,0.020007017999887466,-0.010033980011940002,-0.015450498089194298,0.010611887089908123,,,,False,,,,False,OFFBOARD
8.452,TAKEOFF,False,-13.000000000126487,-6.000000000005284,0.053999962483512555,-3.0560885246427443e-10,-2.609494127051757e-09,2.613737950729611e-08,9.437834360786769e-11,-2.552343855377839e-09,8.708764348408863e-16,10.000000003626253,7.924202100084607e-08,0.04992755344959976,0.0,0.0,0.0,0.0,-2.4940650090687922e-08,23.769728671644394,-0.009108813479542732,-0.006912100128829479,0.020377395674586296,-0.008543807081878185,-0.015875596553087234,0.009518182836472988,,,,False,,,,False,OFFBOARD
8.552,TAKEOFF,False,-12.999999999994403,-6.000000000000058,0.05399996275760286,1.8505099694780734e-09,7.806302385688636e-11,3.047977052395013e-08,-4.4226498504546737e-13,-1.4166792341423311e-10,1.536105007178339e-14,10.000000003626253,7.924202100084607e-08,0.04992755344959976,0.0,0.0,0.0,0.0,-2.4940650090687922e-08,23.76972867151527,-0.008454248309135437,-0.006831897422671318,0.02111470140516758,-0.0073706647381186485,-0.015097287483513355,0.008776869624853134,,,,False,,,,False,OFFBOARD
8.652,TAKEOFF,False,-13.000000000020275,-6.000000000000593,0.05399996270170659,3.064905394391801e-09,-2.784443171354461e-10,3.3167551268642464e-08,9.130469051014357e-12,-6.037213946233484e-10,1.5343417750039688e-14,10.000000003626253,7.924202100084607e-08,0.04992755344959976,0.0,0.0,0.0,0.0,-2.4940650090687922e-08,23.76972867154044,-0.007776747923344374,-0.00678040599450469,0.021643897518515587,-0.006716965697705746,-0.01516647543758154,0.0077504366636276245,,,,False,,,,True,OFFBOARD
8.752,TAKEOFF,False,-13.000000000130568,-5.999999999994107,0.05399996256262064,-1.0173178133414092e-09,2.9967403124244077e-09,2.64813244842399e-08,-1.0862845398545876e-10,-2.5998931630223403e-09,3.007440065067801e-14,10.000000003626253,7.924202100084607e-08,0.04992755344959976,0.0,0.0,0.0,0.0,-2.4940650090687922e-08,23.769728671645524,-0.0066046882420778275,-0.006496749818325043,0.02198605053126812,-0.005104590207338333,-0.015952326357364655,0.007709868717938662,,,,False,,,,True,OFFBOARD
8.852,TAKEOFF,False,-13.000000000064995,-5.999999999997783,0.0539999629302536,-2.6927890707470156e-09,-4.922754048577712e-10,2.3509841659830056e-08,-4.3394861984356794e-11,-1.398474385672684e-09,-7.741207267298287e-14,10.000000003626253,7.924202100084607e-08,0.04992755344959976,0.0,0.0,0.0,0.0,-2.4940650090687922e-08,23.769728671583003,-0.005884798243641853,-0.006764588411897421,0.022270657122135162,-0.004205462988466024,-0.0167851522564888,0.0071358694694936275,,,,False,,,,True,OFFBOARD
8.952,TAKEOFF,False,-13.000000000089122,-5.999999999983539,0.053999963115708836,1.0415273761771436e-09,4.249437846523699e-09,2.77952480570165e-08,-3.071683449992457e-10,-1.8282477733974479e-09,-3.8603371733449667e-13,10.000000003626253,7.924202100084607e-08,0.04992755344959976,0.0,0.0,0.0,0.0,-2.4940650090687922e-08,23.769728671602753,-0.005354877561330795,-0.007517623715102673,0.022608177736401558,-0.002283467911183834,-0.017783235758543015,0.006866669747978449,,,,False,,,,True,OFFBOARD
9.052,TAKEOFF,False,-13.000000000123883,-6.000000000001258,0.05399996336510242,-1.6833590977004193e-09,-3.022153559654785e-10,2.6084593501285448e-08,9.79393923728236e-12,-2.4510152986351477e-09,-7.286182623802403e-13,10.000000003626253,7.924202100084607e-08,0.04992755344959976,0.0,0.0,0.0,0.0,-2.4940650090687922e-08,23.769728671640866,-0.004774720873683691,-0.008739001117646694,0.022084522992372513,-0.0016567409038543701,-0.019854042679071426,0.006723401136696339,,,,False,,,,True,OFFBOARD
9.152,TAKEOFF,False,-13.0000000001284,-6.000000000000827,0.05399996373682713,-8.543827215618404e-10,-5.391216372211079e-10,2.8481687648684863e-08,-3.2243992102702497e-12,-2.5241789916296688e-09,-1.0672321751441679e-12,10.000000003626253,7.924202100084607e-08,0.04992755344959976,0.0,0.0,0.0,0.0,-2.4940650090687922e-08,23.769728671645122,-0.004129095934331417,-0.010187341831624508,0.021648304536938667,0.0002406305866315961,-0.021533776074647903,0.005463392473757267,,,,False,,,,True,OFFBOARD
9.252,TAKEOFF,False,-13.000000000156106,-5.999999999997051,0.05399996415630032,-3.7394416841974854e-10,5.320953516474159e-11,2.987281869870628e-08,-7.753431073743752e-11,-3.0188468569230526e-09,-1.438841492908358e-12,10.000000003626253,7.924202100084607e-08,0.04992755344959976,0.0,0.0,0.0,0.0,-2.4940650090687922e-08,23.76972867167098,-0.003406084841117263,-0.011065119877457619,0.021059708669781685,0.0013929232954978943,-0.022104643285274506,0.005133687984198332,,,,False,,,,True,OFFBOARD
9.352,TAKEOFF,False,-13.000000000117037,-5.99999999999573,0.053999964816127344,-2.0411852812928665e-09,-5.87276103004745e-11,2.6384140278890023e-08,-1.0716668990315755e-10,-2.299618693456233e-09,-1.8040914320833112e-12,10.000000003626253,7.924202100084607e-08,0.04992755344959976,0.0,0.0,0.0,0.0,-2.4940650090687922e-08,23.76972867163284,-0.0024481103755533695,-0.010789752006530762,0.019960302859544754,0.0022519025951623917,-0.022487223148345947,0.00541152898222208,,,,False,,,,True,OFFBOARD
9.452,TAKEOFF,False,-13.000000000141592,-5.999999999998604,0.05399996545734946,6.154661099557786e-10,1.6050786730660673e-10,3.381977067029585e-08,-6.088945254528811e-11,-2.736987351513308e-09,-2.2045183874504583e-12,10.000000003626253,7.924202100084607e-08,0.04992755344959976,0.0,0.0,0.0,0.0,-2.4940650090687922e-08,23.769728671657326,-0.0017292214324697852,-0.011109369806945324,0.01914815790951252,0.0031408078502863646,-0.02185114473104477,0.004557187203317881,,,,False,,,,True,OFFBOARD
9.552,TAKEOFF,False,-13.000000000161986,-5.999999999990516,0.053999966232957275,1.1207142942866425e-09,-8.331986714875707e-11,3.4596047455037745e-08,-2.138296075549793e-10,-3.0989346735704094e-09,-2.59627522666846e-12,10.000000003626253,7.924202100084607e-08,0.04992755344959976,0.0,0.0,0.0,0.0,-2.4940650090687922e-08,23.769728671675015,-0.001062960596755147,-0.012051036581397057,0.01836654171347618,0.003935782704502344,-0.023470986634492874,0.00396772613748908,,,,False,,,,True,OFFBOARD
9.652,TAKEOFF,False,-13.000000000184802,-5.9999999999800915,0.05399996719096597,7.331944377442862e-11,-2.729816590317304e-10,3.433985924300442e-08,-4.0920696821586305e-10,-3.5050606164893207e-09,-2.9834596432451317e-12,10.000000003626253,7.924202100084607e-08,0.04992755344959976,0.0,0.0,0.0,0.0,-2.4940650090687922e-08,23.769728671694462,-0.000415296817664057,-0.012201852165162563,0.018609853461384773,0.005275855306535959,-0.022766955196857452,0.0035179604310542345,,,,False,,,,True,OFFBOARD
9.752,TAKEOFF,False,-13.000000000196758,-5.999999999968395,0.05399996833999744,4.85669981260092e-10,-2.1877339028109982e-10,3.669922046029006e-08,-6.276353543713191e-10,-3.7138365095471108e-09,-3.3660769149192403e-12,10.000000003626253,7.924202100084607e-08,0.04992755344959976,0.0,0.0,0.0,0.0,-2.4940650090687922e-08,23.76972867170308,0.0004203917342238128,-0.010700732469558716,0.020558465272188187,0.006299619097262621,-0.02215082384645939,0.003718865569680929,,,,False,,,,True,OFFBOARD
9.852,TAKEOFF,False,-13.000000000220489,-5.999999999952639,0.05399996962833034,-2.29965078680218e-09,1.889567703652741e-10,3.037116435250508e-08,-9.197240249690724e-10,-4.136787561492067e-09,-3.7422214079957905e-12,10.000000003626253,7.924202100084607e-08,0.04992755344959976,0.0,0.0,0.0,0.0,-2.4940650090687922e-08,23.769728671722067,0.0011821489315479994,-0.010241901502013206,0.022010402753949165,0.007511391770094633,-0.022369522601366043,0.0036503721494227648,,,,False,,,,True,OFFBOARD
9.952,TAKEOFF,False,-13.000000000281595,-5.99999999993661,0.05399997113731354,-1.5239792230296637e-09,-1.4508302632992567e-10,3.38971782296027e-08,-1.216861613794615e-09,-5.238981234118195e-09,-4.127163219912079e-12,10.000000003626253,7.924202100084607e-08,0.04992755344959976,0.0,0.0,0.0,0.0,-2.4940650090687922e-08,23.769728671777152,0.002056274563074112,-0.01050681620836258,0.02321547083556652,0.009191861376166344,-0.022186972200870514,0.0030082869343459606,,,,False,,,,True,OFFBOARD
10.052,TAKEOFF,False,-13.000000000302434,-5.999999999928435,0.05399997279256504,2.497558458641306e-09,-1.905384302186629e-10,4.376285000690094e-08,-1.3706244548358738e-09,-5.6099125551215604e-09,-4.473846781855903e-12,10.000000003626253,7.924202100084607e-08,0.04992755344959976,0.0,0.0,0.0,0.0,-2.4940650090687922e-08,23.769728671795246,0.0029232967644929886,-0.01039414294064045,0.024577196687459946,0.008546535857021809,-0.021671196445822716,0.0034812705125659704,,,,False,,,,True,OFFBOARD
10.152,TAKEOFF,False,-13.000000000334479,-5.999999999908194,0.053999974800971295,-1.5399457176273908e-09,-8.628606508430829e-11,3.441626526945463e-08,-1.743791630750544e-09,-6.184502018750503e-09,-4.824127197329255e-12,10.000000003626253,7.924202100084607e-08,0.04992755344959976,0.0,0.0,0.0,0.0,-2.4940650090687922e-08,23.76972867182115,0.003901710733771324,-0.009194163605570793,0.02647462487220764,0.008921188302338123,-0.02084294706583023,0.0030518630519509315,,,,False,,,,True,OFFBOARD
10.252,TAKEOFF,False,-13.000000000369837,-5.999999999885814,0.05399997705972593,7.325714737417806e-10,3.221058603663716e-10,4.3189817467870205e-08,-2.155627205532629e-09,-6.819473573365075e-09,-5.164577909248633e-12,10.000000003626253,7.924202100084607e-08,0.04992755344959976,0.0,0.0,0.0,0.0,-2.4940650090687922e-08,23.76972867184971,0.004818889778107405,-0.008930599316954613,0.02777053974568844,0.009874466806650162,-0.02056063339114189,0.0021365948487073183,,,,False,,,,True,OFFBOARD
10.352,TAKEOFF,False,-13.000000000432594,-5.999999999865806,0.05399997958324858,7.509487902348438e-10,-1.7541863796098443e-10,4.2601397522656905e-08,-2.524148968443279e-09,-7.95273780755598e-09,-5.4943572331730526e-12,10.000000003626253,7.924202100084607e-08,0.04992755344959976,0.0,0.0,0.0,0.0,-2.4940650090687922e-08,23.769728671905384,0.0058360169641673565,-0.009257285855710506,0.02883998490869999,0.010181852616369724,-0.01955137774348259,0.002324453555047512,,,,False,,,,True,OFFBOARD
10.452,TAKEOFF,False,-13.000000000482146,-5.999999999837406,0.053999982455210475,7.506081296589438e-11,7.33137728320489e-10,4.425719268630335e-08,-3.0449083249926975e-09,-8.846133852245287e-09,-5.8082106111387534e-12,10.000000003626253,7.924202100084607e-08,0.04992755344959976,0.0,0.0,0.0,0.0,-2.4940650090687922e-08,23.769728671946165,0.005845579318702221,-0.009453286416828632,0.030086005106568336,0.009948518127202988,-0.019009413197636604,0.0027089775539934635,,,,False,,,,True,OFFBOARD
10.552,TAKEOFF,False,-13.000000000533532,-5.9999999998069,0.05399998588481226,-2.6876326554065374e-09,-3.527768663018231e-10,3.653057384356284e-08,-3.60384767905633e-09,-9.772928854097129e-09,-6.117639828582656e-12,10.000000003626253,7.924202100084607e-08,0.04992755344959976,0.0,0.0,0.0,0.0,-2.4940650090687922e-08,23.769728671988187,0.004232035018503666,-0.009098554030060768,0.031471263617277145,0.008341885171830654,-0.01854519732296467,0.0028818503487855196,,,,False,,,,True,OFFBOARD
10.652,TAKEOFF,False,-13.000000000589418,-5.999999999783461,0.05399998937748723,-1.3375722576628511e-09,6.868198134864915e-10,4.6517447495508794e-08,-4.033610867986376e-09,-1.0782367359687101e-08,-6.38688994148729e-12,10.000000003626253,7.924202100084607e-08,0.04992755344959976,0.0,0.0,0.0,0.0,-2.4940650090687922e-08,23.769728672036344,0.0030653858557343483,-0.009402391500771046,0.03253606706857681,0.006488198414444923,-0.018862033262848854,0.001376200234517455,,,,False,,,,True,OFFBOARD
10.752,TAKEOFF,False,-13.000000000653673,-5.999999999765164,0.05399999221798886,-5.747087637190628e-10,-5.159963167873893e-10,1.593349287998258e-08,-4.369725671288075e-09,-1.1943976856198247e-08,-6.649729400547588e-12,10.000000003626253,7.924202100084607e-08,0.04992755344959976,0.0,0.0,0.0,0.0,-2.4940650090687922e-08,23.769728672093898,0.0021723685786128044,-0.01028765831142664,0.033381957560777664,0.0063991788774728775,-0.01927987113595009,0.0014410951407626271,,,,False,,,,True,OFFBOARD
10.852,TAKEOFF,False,-13.00000000070145,-5.999999999743823,0.05399999329336168,8.361974556861248e-10,3.089241217245795e-10,1.5599134195021236e-08,-4.761245110229848e-09,-1.2805834908344945e-08,-6.915490532267454e-12,10.000000003626253,7.924202100084607e-08,0.04992755344959976,0.0,0.0,0.0,0.0,-2.4940650090687922e-08,23.769728672134743,0.0012229809071868658,-0.010856100358068943,0.034099701792001724,0.006555031519383192,-0.01836785487830639,9.453528036829084e-05,,,,False,,,,True,OFFBOARD
10.952,TAKEOFF,False,-13.000000000715676,-5.999999999819245,0.053999994362504605,1.6064188071214729e-09,-3.008250876549658e-11,1.698672849337335e-08,-3.3928310717935565e-09,-1.3058275073662184e-08,-7.150276326713461e-12,10.000000003626253,7.924202100084607e-08,0.04992755344959976,0.0,0.0,0.0,0.0,-2.4940650090687922e-08,23.769728672167545,-0.00032505500712431967,-0.010598795488476753,0.03490311652421951,0.005697107873857021,-0.01775045320391655,-0.0010308288037776947,,,,False,,,,True,OFFBOARD
11.052,TAKEOFF,False,-13.000000000724567,-5.9999999998596385,0.05399999549191447,-8.842664157517023e-10,-5.103604567135208e-10,1.157881424923568e-08,-2.661168841660393e-09,-1.3213444388186797e-08,-7.385518324002217e-12,10.000000003626253,7.924202100084607e-08,0.04992755344959976,0.0,0.0,0.0,0.0,-2.4940650090687922e-08,23.769728672186346,-0.001345889293588698,-0.010951138101518154,0.03536244109272957,0.004722103010863066,-0.017663197591900826,-0.0020940068643540144,,,,False,,,,True,OFFBOARD
11.152,TAKEOFF,False,-13.00000000078566,-5.999999999865847,0.05399999663891659,-1.2728363015976117e-09,2.3128713995207387e-09,1.8934290601679838e-08,-2.5508278169844773e-09,-1.4317645755958397e-08,-7.616054983671556e-12,10.000000003626253,7.924202100084607e-08,0.04992755344959976,0.0,0.0,0.0,0.0,-2.4940650090687922e-08,23.769728672247027,-0.0021794394124299288,-0.011785278096795082,0.03598801791667938,0.0034250435419380665,-0.017233554273843765,-0.00332606490701437,,,,False,,,,True,OFFBOARD
11.252,TAKEOFF,False,-13.000001092027736,-6.0000000005641025,0.05400466004508413,-0.00011908765674300656,-2.9592964381965277e-08,0.000508831488087329,1.005921683227809e-08,-1.9853497414491572e-05,-1.246217326494847e-11,10.000000003626253,7.924202100084607e-08,0.04992755344959976,0.0,0.0,0.0,0.0,-2.4940650090687922e-08,23.769729728327967,-0.0028415184933692217,-0.012403121218085289,0.03606127202510834,0.002337666694074869,-0.016912955790758133,-0.004596312064677477,,,,False,,,,True,OFFBOARD
11.352,TAKEOFF,False,-13.00016315028603,-6.000001647200935,0.054699683851156394,-0.0034546942902978243,-0.00015647067445380097,0.015242505387233912,2.9553683653407366e-05,-0.00294886322097768,-8.424077757220938e-08,10.000000003626253,7.924202100084607e-08,0.04992755344959976,0.0,0.0,0.0,0.0,-2.4940650090687922e-08,23.769886954377856,-0.004048386588692665,-0.009507558308541775,0.045153528451919556,0.0007929462590254843,-0.01263346429914236,0.0018348062876611948,,,,False,,,,True,OFFBOARD
11.452,TAKEOFF,False,-13.00070661734273,-6.000134671027065,0.057482864815446066,-0.0075732004007455465,-0.002478849488080421,0.040409794717935606,0.0026562754559421383,-0.012182919676640805,5.149729361843775e-05,10.000000003626253,7.924202100084607e-08,0.04992755344959976,0.0,0.0,0.0,0.0,-2.4940650090687922e-08,23.770446400631037,-0.0047694044187664986,-0.010204492136836052,0.04665582254528999,-0.002920911181718111,-0.013346684165298939,0.023434463888406754,,,,False,,,,True,OFFBOARD
11.552,TAKEOFF,False,-13.001808181108652,-6.000463999912436,0.06296140355000747,-0.014609988011595713,-0.003869753605769962,0.06775513288620517,0.012149351660213128,-0.02608708289054369,0.0009441087925964595,10.000000003626253,7.924202100084607e-08,0.04992755344959976,0.0,0.0,0.0,0.0,-2.4940650090687922e-08,23.771595422532343,-0.005675629246979952,-0.011162500828504562,0.05027676373720169,-0.007782118394970894,-0.01380505133420229,0.0475815013051033,,,,False,,,,True,OFFBOARD
11.652,TAKEOFF,False,-13.004190810802427,-6.001227142166069,0.07090626345919875,-0.03892041680928712,-0.01627126276196378,0.08847049363804993,0.02859764967039654,-0.04345988972756069,0.0024571550418857604,10.000000003626253,7.924202100084607e-08,0.04992755344959976,0.0,0.0,0.0,0.0,-2.4940650090687922e-08,23.77409353034547,-0.006797776557505131,-0.011515510268509388,0.05759410932660103,-0.020419105887413025,-0.016286855563521385,0.07064220309257507,,,,False,,,,True,OFFBOARD
11.752,TAKEOFF,False,-13.010487004055252,-6.004559380668007,0.08102931093745226,-0.0864901488702103,-0.05076993014047954,0.1151348643251508,0.039101800831160445,-0.05206767856946567,0.0029538691695906046,10.000000003626253,7.924202100084607e-08,0.04992755344959976,0.0,0.0,0.0,0.0,-2.4940650090687922e-08,23.78102703077128,-0.00991794653236866,-0.012159118428826332,0.06713692098855972,-0.06187941133975983,-0.039445504546165466,0.09040285646915436,,,,False,,,,True,OFFBOARD
11.852,TAKEOFF,False,-13.021605951139943,-6.011565501809512,0.09446619490308523,-0.1322185929865846,-0.08678040684294079,0.1538338583077693,0.033307648948163834,-0.04244301347252702,0.003422859014205359,10.000000003626253,7.924202100084607e-08,0.04992755344959976,0.0,0.0,0.0,0.0,-2.4940650090687922e-08,23.793555040636733,-0.01842021942138672,-0.01667584478855133,0.07978636771440506,-0.11294153332710266,-0.07512762397527695,0.12543703615665436,,,,False,,,,True,OFFBOARD
11.952,TAKEOFF,False,-13.036540483952662,-6.021657101303616,0.11221174933727197,-0.16219915336817786,-0.11180395540334906,0.19981288190991947,0.021237917037247356,-0.025738755739413813,0.0037539892612040056,10.000000003626253,7.924202100084607e-08,0.04992755344959976,0.0,0.0,0.0,0.0,-2.4940650090687922e-08,23.81055549196363,-0.030593419447541237,-0.024259323254227638,0.09482640773057938,-0.14790184795856476,-0.1007993146777153,0.16743408143520355,,,,False,,,,True,OFFBOARD
12.052,TAKEOFF,False,-13.05356247343404,-6.033571158353069,0.13467116268011203,-0.17535626620107037,-0.12415331104731422,0.2474675671614712,0.011245182980960751,-0.012676395559575327,0.003763956692776533,10.000000003626253,7.924202100084607e-08,0.04992755344959976,0.0,0.0,0.0,0.0,-2.4940650090687922e-08,23.830038287062344,-0.046895742416381836,-0.03481427952647209,0.11476457118988037,-0.16745871305465698,-0.11711983382701874,0.2165881097316742,,,,False,,,,True,OFFBOARD
12.152,TAKEOFF,False,-13.072003772185719,-6.046743518329396,0.16308287094742205,-0.17793688846247982,-0.12787093375618014,0.29714279710582103,0.0051115788185953455,-0.005785121723139966,0.003560204227002469,10.000000003626253,7.924202100084607e-08,0.04992755344959976,0.0,0.0,0.0,0.0,-2.4940650090687922e-08,23.851215196837515,-0.06335645169019699,-0.04564172029495239,0.13648176193237305,-0.17247061431407928,-0.12207351624965668,0.26008251309394836,,,,False,,,,True,OFFBOARD
12.252,TAKEOFF,False,-13.089001290335371,-6.058994185731463,0.1938842822369582,-0.1758569260181711,-0.126925965879978,0.3423880141932031,0.002298688489830519,-0.0032182303817430975,0.0033346025936545533,10.000000003626253,7.924202100084607e-08,0.04992755344959976,0.0,0.0,0.0,0.0,-2.4940650090687922e-08,23.87076438356223,-0.08122973889112473,-0.05791838839650154,0.16542452573776245,-0.16985803842544556,-0.12161378562450409,0.30855458974838257,,,,False,,,,True,OFFBOARD
12.352,TAKEOFF,False,-13.106392936383022,-6.071534402359158,0.23048404576883935,-0.1719059656997587,-0.12374773940696146,0.3874494349720438,0.0006696867494219421,-0.0017355005468157687,0.003137184030511573,10.000000003626253,7.924202100084607e-08,0.04992755344959976,0.0,0.0,0.0,0.0,-2.4940650090687922e-08,23.890770721334682,-0.09738384932279587,-0.0692448690533638,0.19694727659225464,-0.16526572406291962,-0.11827658116817474,0.35126614570617676,,,,False,,,,True,OFFBOARD
12.452,TAKEOFF,False,-13.12331944903375,-6.083683997948795,0.27147484288362356,-0.16660097397319748,-0.11921114857404387,0.4302236759220163,-0.0007299369381938025,-0.00017027475894845998,0.0029021889418268092,10.000000003626253,7.924202100084607e-08,0.04992755344959976,0.0,0.0,0.0,0.0,-2.4940650090687922e-08,23.910230330568325,-0.11481235921382904,-0.08162093907594681,0.23629318177700043,-0.15912611782550812,-0.11405573785305023,0.3956517279148102,,,,False,,,,True,OFFBOARD
12.552,TAKEOFF,False,-13.139636965676754,-6.09531245046855,0.31661223332538646,-0.15973592075732726,-0.11337568090545491,0.47050984370488136,-0.0021914623619823485,0.0017379904658110358,0.0027271490762477307,10.000000003626253,7.924202100084607e-08,0.04992755344959976,0.0,0.0,0.0,0.0,-2.4940650090687922e-08,23.928970598543955,-0.13111701607704163,-0.09326145052909851,0.2771301865577698,-0.15258002281188965,-0.10961504280567169,0.4345580041408539,,,,False,,,,True,OFFBOARD
12.652,TAKEOFF,False,-13.155178718638536,-6.106287433199584,0.3656569864062295,-0.15119757023843827,-0.1061742307144573,0.5085233218955298,-0.0038209616169914786,0.00340513142592208,0.0025574106081612735,10.000000003626253,7.924202100084607e-08,0.04992755344959976,0.0,0.0,0.0,0.0,-2.4940650090687922e-08,23.946796212533823,-0.1475793868303299,-0.10533273965120316,0.32523611187934875,-0.14276356995105743,-0.10586802661418915,0.4731651246547699,,,,False,,,,True,OFFBOARD
12.752,TAKEOFF,False,-13.170371932339211,-6.116862087649284,0.42057874500232795,-0.14122734401472192,-0.09734327700039264,0.5458682846490364,-0.0051414238376022,0.00449327766854411,0.0023951280935467175,10.000000003626253,7.924202100084607e-08,0.04992755344959976,0.0,0.0,0.0,0.0,-2.4940650090687922e-08,23.96418449310809,-0.16155041754245758,-0.11590662598609924,0.3730649948120117,-0.13257178664207458,-0.10052429139614105,0.5074416995048523,,,,False,,,,True,OFFBOARD
12.852,TAKEOFF,False,-13.183450284195551,-6.125765458508556,0.4746467153493219,-0.1316338637883407,-0.08842490446995668,0.5789179593997393,-0.005974879755422091,0.004881345612265474,0.0021929778418352027,10.000000003626253,7.924202100084607e-08,0.04992755344959976,0.0,0.0,0.0,0.0,-2.4940650090687922e-08,23.97910279120963,-0.1769174039363861,-0.12666016817092896,0.42824214696884155,-0.12143946439027786,-0.09365595132112503,0.5423378944396973,,,,False,,,,True,OFFBOARD
12.952,TAKEOFF,False,-13.196094538360454,-6.134109882926041,0.5342623479007147,-0.12160921004131604,-0.07881396592289874,0.6118554578800496,-0.006494435245152251,0.005502553426365127,0.001958570342184123,10.000000003626253,7.924202100084607e-08,0.04992755344959976,0.0,0.0,0.0,0.0,-2.4940650090687922e-08,23.993459671934662,-0.19188307225704193,-0.13592742383480072,0.48201197385787964,-0.11339498311281204,-0.08617625385522842,0.5728664398193359,,,,False,,,,True,OFFBOARD
13.052,TAKEOFF,False,-13.207713905566026,-6.141488897256083,0.5971022057301733,-0.11111162203330269,-0.06917445838819826,0.643375247917507,-0.006708652563078913,0.006349914796095048,0.001738502970505055,10.000000003626253,7.924202100084607e-08,0.04992755344959976,0.0,0.0,0.0,0.0,-2.4940650090687922e-08,24.006579759294418,-0.20615144073963165,-0.14503832161426544,0.5434985160827637,-0.10334209352731705,-0.07803389430046082,0.6052851676940918,,,,False,,,,True,OFFBOARD
13.152,TAKEOFF,False,-13.218664246065478,-6.148150036729173,0.6656986181323337,-0.09987896936396157,-0.059324054105814386,0.6742815901166814,-0.006917019062080126,0.0068810102506046324,0.0015198256653652922,10.000000003626253,7.924202100084607e-08,0.04992755344959976,0.0,0.0,0.0,0.0,-2.4940650090687922e-08,24.018870068935996,-0.2185535579919815,-0.15323179960250854,0.6084601879119873,-0.09293703734874725,-0.06938901543617249,0.635979413986206,,,,False,,,,True,OFFBOARD
13.252,TAKEOFF,False,-13.227735445705033,-6.153400203567125,0.7317922384390646,-0.08960225006212778,-0.05049979355083513,0.7012425058602713,-0.0067607722018403465,0.006821388517142434,0.001320671845446162,10.000000003626253,7.924202100084607e-08,0.04992755344959976,0.0,0.0,0.0,0.0,-2.4940650090687922e-08,24.028983106752495,-0.22775547206401825,-0.15891548991203308,0.6723976135253906,-0.08096807450056076,-0.0610954649746418,0.6625377535820007,,,,False,,,,True,OFFBOARD
13.352,TAKEOFF,False,-13.236172967540258,-6.15800082160897,0.8032838964856291,-0.07974775544946858,-0.04198602367654429,0.7271872501998241,-0.006307396837734665,0.006026971923347296,0.0011397774298920308,10.000000003626253,7.924202100084607e-08,0.04992755344959976,0.0,0.0,0.0,0.0,-2.4940650090687922e-08,24.038317525169074,-0.23483292758464813,-0.1627814769744873,0.7395123839378357,-0.06926731765270233,-0.0534210167825222,0.6874769926071167,,,,False,,,,True,OFFBOARD
13.452,TAKEOFF,False,-13.243689841383443,-6.161791921605299,0.8772633007030504,-0.07112436704531262,-0.0342562973133317,0.7511922663928791,-0.0059752033150343945,0.0052341715780769025,0.0009840720284196199,10.000000003626253,7.924202100084607e-08,0.04992755344959976,0.0,0.0,0.0,0.0,-2.4940650090687922e-08,24.046554810881187,-0.2412990778684616,-0.16676123440265656,0.8138638734817505,-0.05807822570204735,-0.046823859214782715,0.7129499316215515,,,,False,,,,True,OFFBOARD
13.552,TAKEOFF,False,-13.250399214194728,-6.164837204705994,0.9535897105822221,-0.06350803046569282,-0.027026800060305674,0.7743366060314375,-0.0057370197171700945,0.004709953412611191,0.0007855313873757644,10.000000003626253,7.924202100084607e-08,0.04992755344959976,0.0,0.0,0.0,0.0,-2.4940650090687922e-08,24.053820539066265,-0.24661719799041748,-0.17037329077720642,0.8896540999412537,-0.047470878809690475,-0.039572618901729584,0.7367227077484131,,,,False,,,,True,OFFBOARD
13.652,TAKEOFF,False,-13.256384353587775,-6.167187022494241,1.0322102067990857,-0.05658456615810607,-0.02030694931424576,0.7970584318575092,-0.005587657808597338,0.004318387520290628,0.000605661322173701,10.000000003626253,7.924202100084607e-08,0.04992755344959976,0.0,0.0,0.0,0.0,-2.4940650090687922e-08,24.060208023171608,-0.2506095767021179,-0.1722976714372635,0.9622163772583008,-0.03839990124106407,-0.033814433962106705,0.7580742835998535,,,,False,,,,True,OFFBOARD
13.752,TAKEOFF,False,-13.261713316849898,-6.168885219754532,1.1130235047011756,-0.050370254154469184,-0.014005131728346843,0.8180609093101666,-0.005254765533522741,0.003833144760120645,0.0004678497074983534,10.000000003626253,7.924202100084607e-08,0.04992755344959976,0.0,0.0,0.0,0.0,-2.4940650090687922e-08,24.06579424071006,-0.25381338596343994,-0.17265982925891876,1.0378791093826294,-0.03002585470676422,-0.02646656706929207,0.778924822807312,,,,False,,,,True,OFFBOARD
13.852,TAKEOFF,False,-13.266457264359339,-6.169989630951376,1.1958629971021189,-0.04483085049569447,-0.008439446427942317,0.8377017409072605,-0.004685034466375817,0.0034543534996160485,0.0003661234030591733,10.000000003626253,7.924202100084607e-08,0.04992755344959976,0.0,0.0,0.0,0.0,-2.4940650090687922e-08,24.07066278329062,-0.2563877999782562,-0.1730460524559021,1.1220353841781616,-0.021731769666075706,-0.019655462354421616,0.7997503876686096,,,,False,,,,True,OFFBOARD
13.952,TAKEOFF,False,-13.27083534159271,-6.170592112024171,1.284030801748843,-0.03963844454064882,-0.0034625150095746573,0.85695620302391,-0.004176263565193304,0.0032332855040435073,0.0002478536809908304,10.000000003626253,7.924202100084607e-08,0.04992755344959976,0.0,0.0,0.0,0.0,-2.4940650090687922e-08,24.075049027057194,-0.2581055760383606,-0.17337729036808014,1.201294183731079,-0.016538916155695915,-0.014733043499290943,0.8179309368133545,,,,False,,,,True,OFFBOARD
14.052,TAKEOFF,False,-13.274551132507758,-6.170716034324352,1.3706513515469885,-0.03489094318050712,0.0007498932500826272,0.8746715558720876,-0.003946267870360884,0.003272756444335967,8.034731976685084e-05,10.000000003626253,7.924202100084607e-08,0.04992755344959976,0.0,0.0,0.0,0.0,-2.4940650090687922e-08,24.07867247052347,-0.26121315360069275,-0.17432516813278198,1.2885643243789673,-0.011247262358665466,-0.009695988148450851,0.8360191583633423,,,,False,,,,True,OFFBOARD
14.152,TAKEOFF,False,-13.27767559057587,-6.170453756899612,1.4554705400344814,-0.030367999733849883,0.004542210537681201,0.8917548430021276,-0.0040080198038689825,0.0035743686605735005,-7.429832621251543e-05,10.000000003626253,7.924202100084607e-08,0.04992755344959976,0.0,0.0,0.0,0.0,-2.4940650090687922e-08,24.08162539391534,-0.2656073570251465,-0.17585383355617523,1.370334267616272,-0.0070628030225634575,-0.006889435928314924,0.8509394526481628,,,,False,,,,True,OFFBOARD
14.252,TAKEOFF,False,-13.280558039279084,-6.169755385058485,1.5492092652861837,-0.02521996944548868,0.008765705089093141,0.9100933011089559,-0.004363888000967748,0.003975439244055437,-0.00017235759492107902,10.000000003626253,7.924202100084607e-08,0.04992755344959976,0.0,0.0,0.0,0.0,-2.4940650090687922e-08,24.08423271101553,-0.2689063251018524,-0.1770963817834854,1.4604880809783936,-0.0016301624709740281,-0.003248106688261032,0.8684649467468262,,,,False,,,,True,OFFBOARD
14.352,TAKEOFF,False,-13.282740108378656,-6.1687129466776325,1.6373837125250543,-0.020489442943104855,0.012781812678386155,0.9261505253834396,-0.004501894419704674,0.003831984362026462,-0.0002655024557495456,10.000000003626253,7.924202100084607e-08,0.04992755344959976,0.0,0.0,0.0,0.0,-2.4940650090687922e-08,24.086074971221713,-0.270700067281723,-0.1778002381324768,1.5444812774658203,0.003259661141782999,-7.344055484281853e-05,0.8846448063850403,,,,False,,,,True,OFFBOARD
14.452,TAKEOFF,False,-13.284679287262236,-6.167083062051573,1.7384007492681453,-0.01570551929393479,0.017192375865878903,0.9437910234818768,-0.004433052816129407,0.003446104081895416,-0.0003903359438329507,10.000000003626253,7.924202100084607e-08,0.04992755344959976,0.0,0.0,0.0,0.0,-2.4940650090687922e-08,24.087532130775852,-0.27262380719184875,-0.1768816113471985,1.6665430068969727,0.010240491479635239,0.004820962902158499,0.9063281416893005,,,,False,,,,True,OFFBOARD
14.552,TAKEOFF,False,-13.2859938617562,-6.16524866788735,1.829731541795744,-0.011890371867454393,0.020818720125768377,0.958138660461347,-0.004241725605113849,0.003290044180776438,-0.0005393601997374691,10.000000003626253,7.924202100084607e-08,0.04992755344959976,0.0,0.0,0.0,0.0,-2.4940650090687922e-08,24.08833332575356,-0.27336689829826355,-0.1756935715675354,1.7254692316055298,0.012571045197546482,0.0078102946281433105,0.9160388112068176,,,,False,,,,True,OFFBOARD
14.652,TAKEOFF,False,-13.286953686452847,-6.1630843933327215,1.9223862331935917,-0.008280168510075207,0.02406431272348654,0.9715505079405472,-0.00393912421917163,0.0032734174832611657,-0.0007143891356126282,10.000000003626253,7.924202100084607e-08,0.04992755344959976,0.0,0.0,0.0,0.0,-2.4940650090687922e-08,24.088707362164133,-0.2736319303512573,-0.173781618475914,1.8218510150909424,0.017638858407735825,0.010712823830544949,0.9306401610374451,,,,False,,,,True,OFFBOARD
14.752,TAKEOFF,False,-13.287594679456486,-6.16051910018816,2.0202526204981184,-0.004733117091047047,0.02708571227190163,0.9850808608489078,-0.0038482582737391817,0.003096735113177905,-0.0008652848232244894,10.000000003626253,7.924202100084607e-08,0.04992755344959976,0.0,0.0,0.0,0.0,-2.4940650090687922e-08,24.088670836799412,-0.2728480398654938,-0.17203006148338318,1.912071704864502,0.022803662344813347,0.013237799517810345,0.943830668926239,,,,False,,,,True,OFFBOARD
14.852,TAKEOFF,False,-13.287901887863319,-6.157658535227888,2.1194073644600713,-0.001649548577083278,0.029982862878982573,0.9973864509656795,-0.003791455849557807,0.0025664462333268964,-0.0009681775844871189,10.000000003626253,7.924202100084607e-08,0.04992755344959976,0.0,0.0,0.0,0.0,-2.4940650090687922e-08,24.088236426106395,-0.27225974202156067,-0.1694137305021286,2.011913776397705,0.026667194440960884,0.01650216057896614,0.9574682116508484,,,,False,,,,True,OFFBOARD
14.952,TAKEOFF,False,-13.287930466945271,-6.154518939141189,2.2197633070467924,0.0009831955695482598,0.0326789540529634,1.009155385386344,-0.003728814162202569,0.002733051277119278,-0.0010363260648778895,10.000000003626253,7.924202100084607e-08,0.04992755344959976,0.0,0.0,0.0,0.0,-2.4940650090687922e-08,24.087461675108365,-0.2726200520992279,-0.16626954078674316,2.105698585510254,0.02734469249844551,0.019572919234633446,0.9687155485153198,,,,False,,,,True,OFFBOARD
15.052,TAKEOFF,False,-13.287678791226671,-6.151121306827462,2.321232069547999,0.004016563194611982,0.035123668397950954,1.0196767651301069,-0.0035415107187077906,0.003320641180917417,-0.0011080170867694503,10.000000003626253,7.924202100084607e-08,0.04992755344959976,0.0,0.0,0.0,0.0,-2.4940650090687922e-08,24.086350449132055,-0.2720150649547577,-0.16300258040428162,2.208615303039551,0.02922685444355011,0.02207721769809723,0.9802684187889099,,,,False,,,,True,OFFBOARD
15.152,TAKEOFF,False,-13.287102066482674,-6.14749014917452,2.423727707421896,0.007426293525166499,0.037399570670325594,1.0298019281143376,-0.003582604866210765,0.0036781124514390427,-0.001191740731885226,10.000000003626253,7.924202100084607e-08,0.04992755344959976,0.0,0.0,0.0,0.0,-2.4940650090687922e-08,24.08486576529229,-0.2705022990703583,-0.15990561246871948,2.3124403953552246,0.031802624464035034,0.023460628464818,0.9897728562355042,,,,False,,,,True,OFFBOARD
15.252,TAKEOFF,False,-13.286132909606389,-6.143470620194133,2.5313989317707066,0.011046692991163471,0.03981657671467519,1.0403930189579849,-0.003719657560156243,0.003692297973567266,-0.001274930824343499,10.000000003626253,7.924202100084607e-08,0.04992755344959976,0.0,0.0,0.0,0.0,-2.4940650090687922e-08,24.08290302865431,-0.2699207067489624,-0.15693600475788116,2.4107325077056885,0.03328349441289902,0.025708435103297234,0.9988117814064026,,,,False,,,,True,OFFBOARD
15.352,TAKEOFF,False,-13.284907500769455,-6.139537359076831,2.6316801856365917,0.014406740507233813,0.04202557773088246,1.0480523353913394,-0.0037701280472480694,0.004241908750640562,-0.0013257922180820133,10.000000003626253,7.924202100084607e-08,0.04992755344959976,0.0,0.0,0.0,0.0,-2.4940650090687922e-08,24.080715052605527,-0.270698219537735,-0.15381227433681488,2.5113778114318848,0.03169950097799301,0.0276155024766922,1.0084329843521118,,,,False,,,,True,OFFBOARD
15.452,TAKEOFF,False,-13.283252620087726,-6.135216411747305,2.7368243685111118,0.018664455766386694,0.04428367048931183,1.0543936703616066,-0.0037578308576710334,0.005222185754927768,-0.0014361019816625145,10.000000003626253,7.924202100084607e-08,0.04992755344959976,0.0,0.0,0.0,0.0,-2.4940650090687922e-08,24.078013500515176,-0.2705405652523041,-0.15037639439105988,2.621889591217041,0.03323007747530937,0.029340609908103943,1.016260027885437,,,,False,,,,True,OFFBOARD
15.552,TAKEOFF,False,-13.281136720224499,-6.130673347479441,2.842517984474054,0.023493027112402833,0.046527753260325135,1.0590115678909062,-0.004076885745143489,0.005576462621972796,-0.0015600274060387667,10.000000003626253,7.924202100084607e-08,0.04992755344959976,0.0,0.0,0.0,0.0,-2.4940650090687922e-08,24.074810151270988,-0.26932522654533386,-0.1472378373146057,2.7258691787719727,0.03654960170388222,0.0295445304363966,1.0222890377044678,,,,False,,,,True,OFFBOARD
15.652,TAKEOFF,False,-13.27854115160714,-6.125885941177227,2.948611963604418,0.0281542056870607,0.04919654999510852,1.0626403664910722,-0.004625044232068586,0.005268461727757689,-0.001631056743035191,10.000000003626253,7.924202100084607e-08,0.04992755344959976,0.0,0.0,0.0,0.0,-2.4940650090687922e-08,24.07108136023521,-0.2668895125389099,-0.14403849840164185,2.8380701541900635,0.04152362421154976,0.029866445809602737,1.0273747444152832,,,,False,,,,True,OFFBOARD
15.752,TAKEOFF,False,-13.275514378518098,-6.120811854555612,3.055073638656474,0.03208157563026757,0.05218249310888955,1.0665394354184978,-0.004768885120339037,0.004622738449702788,-0.0016857689646305682,10.000000003626253,7.924202100084607e-08,0.04992755344959976,0.0,0.0,0.0,0.0,-2.4940650090687922e-08,24.06686328714916,-0.2637876272201538,-0.1410323977470398,2.941408634185791,0.04279600456357002,0.032875292003154755,1.0306192636489868,,,,False,,,,True,OFFBOARD
15.852,TAKEOFF,False,-13.272128203276594,-6.115449114561444,3.161990348574995,0.035473524240704636,0.05486709252653693,1.0717314982267865,-0.004311467276766244,0.0045529133118306486,-0.001732432488195211,10.000000003626253,7.924202100084607e-08,0.04992755344959976,0.0,0.0,0.0,0.0,-2.4940650090687922e-08,24.0622249619713,-0.2607249319553375,-0.137339785695076,3.0529682636260986,0.04402673617005348,0.034561291337013245,1.0352308750152588,,,,False,,,,True,OFFBOARD
15.952,TAKEOFF,False,-13.26824882541019,-6.109617961054036,3.2737347644810786,0.03902330406115428,0.057114377080613246,1.0769142557346587,-0.003988793195450663,0.004828865921749864,-0.0017596381553608212,10.000000003626253,7.924202100084607e-08,0.04992755344959976,0.0,0.0,0.0,0.0,-2.4940650090687922e-08,24.056991419715537,-0.2582234740257263,-0.1332583874464035,3.1647427082061768,0.04528973624110222,0.03643594682216644,1.0420092344284058,,,,False,,,,True,OFFBOARD
16.052,TAKEOFF,False,-13.264335990570018,-6.104047728828482,3.377348667741171,0.04232135766098714,0.058786868118096774,1.0817023217733437,-0.0035496791808968323,0.004728045636001522,-0.0018180607353529908,10.000000003626253,7.924202100084607e-08,0.04992755344959976,0.0,0.0,0.0,0.0,-2.4940650090687922e-08,24.051792633690873,-0.2551708519458771,-0.12946419417858124,3.267813205718994,0.04715199023485184,0.0385415256023407,1.046770453453064,,,,False,,,,True,OFFBOARD
16.152,TAKEOFF,False,-13.259941396419752,-6.098106475739468,3.4858228447763295,0.04536651688239734,0.059881476194063296,1.0877812274041594,-0.0029268447835769477,0.004376402401075258,-0.001862062385925002,10.000000003626253,7.924202100084607e-08,0.04992755344959976,0.0,0.0,0.0,0.0,-2.4940650090687922e-08,24.046034548122112,-0.25159165263175964,-0.1256716400384903,3.371044397354126,0.048070747405290604,0.03888484090566635,1.0507642030715942,,,,False,,,,True,OFFBOARD
16.252,TAKEOFF,False,-13.255072091303472,-6.091843074512712,3.5993349542991484,0.048103629813996254,0.06049482948607511,1.094786634751635,-0.0026483540504185174,0.0041174000177035585,-0.0019541690519738115,10.000000003626253,7.924202100084607e-08,0.04992755344959976,0.0,0.0,0.0,0.0,-2.4940650090687922e-08,24.039736503346447,-0.2486065775156021,-0.12068823724985123,3.4842264652252197,0.04845423996448517,0.039797279983758926,1.0579099655151367,,,,False,,,,True,OFFBOARD
16.352,TAKEOFF,False,-13.25033891419054,-6.086017510558386,3.704695784319411,0.050422536960263276,0.060808815340967035,1.099797233732941,-0.002331744999221384,0.004310054882633279,-0.0020625781442457614,10.000000003626253,7.924202100084607e-08,0.04992755344959976,0.0,0.0,0.0,0.0,-2.4940650090687922e-08,24.033681987924904,-0.24733954668045044,-0.11497959494590759,3.5898494720458984,0.04603060707449913,0.04152650386095047,1.0636255741119385,,,,False,,,,True,OFFBOARD
16.452,TAKEOFF,False,-13.245155443589727,-6.079941274368188,3.8149204291684553,0.0532210205650353,0.06060829265069238,1.1044979425294306,-0.0016678371836762061,0.004887280283790692,-0.002200944408828725,10.000000003626253,7.924202100084607e-08,0.04992755344959976,0.0,0.0,0.0,0.0,-2.4940650090687922e-08,24.027129221539855,-0.24530716240406036,-0.10909733921289444,3.7037699222564697,0.04505961388349533,0.04329412057995796,1.0684587955474854,,,,False,,,,True,OFFBOARD
16.552,TAKEOFF,False,-13.239669989972947,-6.073919261830362,3.9256555902041907,0.05641345459057583,0.05977927435044611,1.110282942694195,-0.0011663478353968666,0.005291032282171639,-0.002295774650649372,10.000000003626253,7.924202100084607e-08,0.04992755344959976,0.0,0.0,0.0,0.0,-2.4940650090687922e-08,24.02029886519417,-0.242851123213768,-0.10387390106916428,3.8083744049072266,0.04389781877398491,0.04436273127794266,1.0716474056243896,,,,False,,,,True,OFFBOARD
16.652,TAKEOFF,False,-13.233615550721183,-6.067767324003599,4.041503489455259,0.05986656113732191,0.05850603681764712,1.1172444906866696,-0.0007725914358415038,0.00529312971767258,-0.0023536708162386535,10.000000003626253,7.924202100084607e-08,0.04992755344959976,0.0,0.0,0.0,0.0,-2.4940650090687922e-08,24.01288597788915,-0.23834748566150665,-0.09736687690019608,3.922982692718506,0.046203382313251495,0.04493417590856552,1.0772570371627808,,,,False,,,,True,OFFBOARD
16.752,TAKEOFF,False,-13.227476398918114,-6.0619925077401025,4.153515992580045,0.06260846286853221,0.057015813054842546,1.1226024321035413,-0.000510222974280449,0.004248348291866748,-0.002410566227507515,10.000000003626253,7.924202100084607e-08,0.04992755344959976,0.0,0.0,0.0,0.0,-2.4940650090687922e-08,24.005487167632772,-0.23197419941425323,-0.09034237265586853,4.03054141998291,0.0502377487719059,0.0459568053483963,1.0819597244262695,,,,False,,,,True,OFFBOARD
16.856,TAKEOFF,False,-13.221136277049903,-6.0563805844959,4.266017683292126,0.06388255900801508,0.055219860297352624,1.1272421044334846,-1.2042861113582501e-05,0.002819498374124237,-0.002467053357448098,10.000000003626253,7.924202100084607e-08,0.04992755344959976,0.0,0.0,0.0,0.0,-2.4940650090687922e-08,23.997935680175345,-0.22493232786655426,-0.08336271345615387,4.146612167358398,0.05246029794216156,0.04701616242527962,1.0865399837493896,,,,False,,,,True,OFFBOARD
16.951999999999998,TAKEOFF,False,-13.214994421985056,-6.051185070904629,4.37444962782681,0.063936390379075,0.053045772395517894,1.1315245583411184,0.00045163480384507077,0.0020282602826396856,-0.0025145761256393133,10.000000003626253,7.924202100084607e-08,0.04992755344959976,0.0,0.0,0.0,0.0,-2.4940650090687922e-08,23.990681688991653,-0.21847288310527802,-0.07739482820034027,4.2542643547058105,0.05307668074965477,0.047265976667404175,1.0901535749435425,,,,False,,,,True,OFFBOARD
17.052,TAKEOFF,False,-13.208622039490692,-6.046010740499403,4.487836636668217,0.06349693945212681,0.05052713618509369,1.1359881740168158,0.0006024357495054982,0.0018163835088360334,-0.002517914106773385,10.000000003626253,7.924202100084607e-08,0.04992755344959976,0.0,0.0,0.0,0.0,-2.4940650090687922e-08,23.983210460084035,-0.21163755655288696,-0.07150044292211533,4.371551990509033,0.054032932966947556,0.04529305174946785,1.094236969947815,,,,False,,,,True,OFFBOARD
17.152,TAKEOFF,False,-13.202045943023942,-6.040891592600207,4.606197102634123,0.06300885203895112,0.04806692198779017,1.1399967557462436,0.0004031260162222553,0.0019408710833839593,-0.0024918687544024437,10.000000003626253,7.924202100084607e-08,0.04992755344959976,0.0,0.0,0.0,0.0,-2.4940650090687922e-08,23.975556475322936,-0.20551244914531708,-0.06668734550476074,4.479704856872559,0.05271780118346214,0.0441247895359993,1.0974922180175781,,,,False,,,,True,OFFBOARD
17.252,TAKEOFF,False,-13.196010559789288,-6.036378658559392,4.715846698090694,0.0627616949626726,0.04609223487738228,1.1442405853688524,0.00012651744734257862,0.0020666880396687432,-0.002475891254450323,10.000000003626253,7.924202100084607e-08,0.04992755344959976,0.0,0.0,0.0,0.0,-2.4940650090687922e-08,23.968578896636036,-0.19905966520309448,-0.061873797327280045,4.596132278442383,0.05260887369513512,0.042201824486255646,1.1014397144317627,,,,False,,,,True,OFFBOARD
17.352,TAKEOFF,False,-13.189494665855324,-6.031681404907016,4.83510928825765,0.06256313318899158,0.04437113005177723,1.1491033570360747,-0.00014010639399110068,0.002086959890547196,-0.0024507472593755172,10.000000003626253,7.924202100084607e-08,0.04992755344959976,0.0,0.0,0.0,0.0,-2.4940650090687922e-08,23.961090220441573,-0.19327937066555023,-0.057716820389032364,4.7036309242248535,0.05231575667858124,0.042265165597200394,1.1051887273788452,,,,False,,,,True,OFFBOARD
17.452,TAKEOFF,False,-13.183499665543545,-6.0274957267606135,4.94566423783941,0.062331581029632134,0.04286616608940113,1.1538317886326392,6.57273899113683e-05,0.0020495806734292738,-0.002455107929979181,10.000000003626253,7.924202100084607e-08,0.04992755344959976,0.0,0.0,0.0,0.0,-2.4940650090687922e-08,23.954234752998797,-0.1882011741399765,-0.05263983830809593,4.821619987487793,0.05018295347690582,0.041932981461286545,1.109841227531433,,,,False,,,,True,OFFBOARD
17.552,TAKEOFF,False,-13.177272900362876,-6.023299301198316,5.061232596512676,0.062283275924693,0.04110752510800706,1.157083429804114,0.00024252546815551782,0.0025220274469445465,-0.002468933344366962,10.000000003626253,7.924202100084607e-08,0.04992755344959976,0.0,0.0,0.0,0.0,-2.4940650090687922e-08,23.947152538295686,-0.18557314574718475,-0.04697643965482712,4.932021141052246,0.04657026007771492,0.04088391736149788,1.1140364408493042,,,,False,,,,True,OFFBOARD
17.652,TAKEOFF,False,-13.171018798363743,-6.019278959985648,5.177069583049175,0.06289468571043105,0.039408201841606566,1.1594916612487098,7.093352931406217e-05,0.0032236559888531293,-0.002513676060977115,10.000000003626253,7.924202100084607e-08,0.04992755344959976,0.0,0.0,0.0,0.0,-2.4940650090687922e-08,23.94008839737772,-0.18247109651565552,-0.04147237166762352,5.05165958404541,0.04417749494314194,0.04013647511601448,1.117446780204773,,,,False,,,,True,OFFBOARD
17.752,TAKEOFF,False,-13.164671377483307,-6.015414237986529,5.293092142633806,0.06406995869641241,0.03798339210272546,1.160792932159365,-0.00011914905062172672,0.003631538293007528,-0.0025811557326201394,10.000000003626253,7.924202100084607e-08,0.04992755344959976,0.0,0.0,0.0,0.0,-2.4940650090687922e-08,23.932973271257264,-0.17943334579467773,-0.03681438788771629,5.161977767944336,0.04235024005174637,0.039572570472955704,1.1200684309005737,,,,False,,,,True,OFFBOARD
17.852,TAKEOFF,False,-13.157931119643608,-6.011534502123704,5.41390754506851,0.06549586140370427,0.036697088934624825,1.1625392616397034,-0.00020331866222614073,0.0036624589259183554,-0.0026493268250604653,10.000000003626253,7.924202100084607e-08,0.04992755344959976,0.0,0.0,0.0,0.0,-2.4940650090687922e-08,23.92547433036735,-0.17436787486076355,-0.03169138357043266,5.28345251083374,0.042708516120910645,0.03863474726676941,1.1225792169570923,,,,False,,,,True,OFFBOARD
17.951999999999998,TAKEOFF,False,-13.151587787573472,-6.008066383484332,5.525462870898188,0.06651501808752583,0.03560431965546673,1.161090365087591,-0.00017924774656043177,0.003091968027931488,-0.0026922324128584,10.000000003626253,7.924202100084607e-08,0.04992755344959976,0.0,0.0,0.0,0.0,-2.4940650090687922e-08,23.918463158701588,-0.1676321029663086,-0.026789413765072823,5.398296356201172,0.0453307144343853,0.03858678415417671,1.1252758502960205,,,,False,,,,True,OFFBOARD
18.052,TAKEOFF,False,-13.144916961390335,-6.0045665297522754,5.641458541790345,0.06671962923612904,0.03443031695737609,1.1591876517317894,-6.322509034932713e-05,0.002102947991978163,-0.002693742682906029,10.000000003626253,7.924202100084607e-08,0.04992755344959976,0.0,0.0,0.0,0.0,-2.4940650090687922e-08,23.911127147823084,-0.1605975180864334,-0.021923698484897614,5.5203351974487305,0.04768141731619835,0.0382847860455513,1.1230717897415161,,,,False,,,,True,OFFBOARD
18.152,TAKEOFF,False,-13.138275335608824,-6.001190226662337,5.757368480421915,0.06603416743166186,0.03310343951066882,1.1594165281084636,0.00027353801431789164,0.0014651016449358887,-0.002707052491899318,10.000000003626253,7.924202100084607e-08,0.04992755344959976,0.0,0.0,0.0,0.0,-2.4940650090687922e-08,23.903850542578592,-0.1544039249420166,-0.01770281046628952,5.6315436363220215,0.04834582656621933,0.03854258358478546,1.1222705841064453,,,,False,,,,True,OFFBOARD
18.252,TAKEOFF,False,-13.131726412180651,-5.997965588083716,5.873405258724395,0.06495932713284482,0.03141340654645926,1.1613746675513603,0.0005703644822260553,0.001242166346332595,-0.002726563675597217,10.000000003626253,7.924202100084607e-08,0.04992755344959976,0.0,0.0,0.0,0.0,-2.4940650090687922e-08,23.896701846115857,-0.14897802472114563,-0.014469875022768974,5.7536420822143555,0.04843085631728172,0.03759317472577095,1.1229770183563232,,,,False,,,,True,OFFBOARD
18.352,TAKEOFF,False,-13.125034665408197,-5.994794019672677,5.994221802237952,0.06380420972955266,0.029699442022442065,1.1615284317157168,0.0002985412339799504,0.0013817164324225748,-0.0027490594218621735,10.000000003626253,7.924202100084607e-08,0.04992755344959976,0.0,0.0,0.0,0.0,-2.4940650090687922e-08,23.889428304847055,-0.14541897177696228,-0.013052122667431831,5.867992877960205,0.046571481972932816,0.03567490354180336,1.1252814531326294,,,,False,,,,True,OFFBOARD
18.452,TAKEOFF,False,-13.118949239488781,-5.992002019939113,6.105701426892966,0.06307745609276003,0.028601900567093573,1.161045250512859,-0.00017592108966478867,0.0017847372862355322,-0.002765776558267635,10.000000003626253,7.924202100084607e-08,0.04992755344959976,0.0,0.0,0.0,0.0,-2.4940650090687922e-08,23.88283700196273,-0.14145462214946747,-0.011194264516234398,5.989928245544434,0.04551609605550766,0.03452245518565178,1.125993013381958,,,,False,,,,True,OFFBOARD
18.552,TAKEOFF,False,-13.11266396760404,-5.989182964508496,6.221819906915715,0.06267366119207464,0.027865857366074474,1.1616896575349829,-0.00048208224918650655,0.0019640685356989702,-0.0028228256760628994,10.000000003626253,7.924202100084607e-08,0.04992755344959976,0.0,0.0,0.0,0.0,-2.4940650090687922e-08,23.87604551383155,-0.13770581781864166,-0.009302160702645779,6.10122537612915,0.04346998780965805,0.032922904938459396,1.1253676414489746,,,,False,,,,True,OFFBOARD
18.652,TAKEOFF,False,-13.106158705719764,-5.986312396034971,6.3427625195544595,0.062483696261939684,0.027367079165364575,1.1640501348756096,-0.0005282015928854125,0.002190294719676534,-0.002853006815341217,10.000000003626253,7.924202100084607e-08,0.04992755344959976,0.0,0.0,0.0,0.0,-2.4940650090687922e-08,23.86902820294835,-0.13110150396823883,-0.007670500315725803,6.2223310470581055,0.04442501813173294,0.032138679176568985,1.127422571182251,,,,False,,,,True,OFFBOARD
18.752,TAKEOFF,False,-13.100168604579613,-5.983709263672791,6.454588930295435,0.06222475660768851,0.026874798711323276,1.1655809463150777,-0.00044259334299717805,0.0015803828848022306,-0.0028689728590294405,10.000000003626253,7.924202100084607e-08,0.04992755344959976,0.0,0.0,0.0,0.0,-2.4940650090687922e-08,23.862576709735805,-0.12191319465637207,-0.006713250186294317,6.334924697875977,0.04793033376336098,0.03165901452302933,1.1291104555130005,,,,False,,,,True,OFFBOARD
18.852,TAKEOFF,False,-13.094002340481786,-5.981051988613929,6.571217915987946,0.06095172313000679,0.026284364456621804,1.167035083964252,-0.0003500509954409645,0.00040831299557550054,-0.002864567033919773,10.000000003626253,7.924202100084607e-08,0.04992755344959976,0.0,0.0,0.0,0.0,-2.4940650090687922e-08,23.85594114907378,-0.11284485459327698,-0.005250066518783569,6.455949306488037,0.05001334846019745,0.03128773719072342,1.130521535873413,,,,False,,,,True,OFFBOARD
18.951999999999998,TAKEOFF,False,-13.088016809401806,-5.978457618734694,6.688032321159946,0.05874271109221469,0.025610157889694566,1.1691880638302632,-0.00021788936563134275,-0.0002672433869904721,-0.0028447241590803863,10.000000003626253,7.924202100084607e-08,0.04992755344959976,0.0,0.0,0.0,0.0,-2.4940650090687922e-08,23.849496363763393,-0.10468849539756775,-0.0033929902128875256,6.576716423034668,0.050021782517433167,0.031018279492855072,1.132594108581543,,,,False,,,,True,OFFBOARD
19.052,TAKEOFF,False,-13.082271775379049,-5.975936432404342,6.805082124565107,0.056285306335390764,0.024822834167608658,1.1716157870673622,-4.186334802465293e-05,-0.00014999559340464377,-0.0028511104763612,10.000000003626253,7.924202100084607e-08,0.04992755344959976,0.0,0.0,0.0,0.0,-2.4940650090687922e-08,23.843302784452764,-0.0980277732014656,-0.0008112147334031761,6.689833641052246,0.04682838171720505,0.03187995404005051,1.1349047422409058,,,,False,,,,True,OFFBOARD
19.152,TAKEOFF,False,-13.076528786207268,-5.97340961833581,6.926974649380252,0.054392795192162675,0.023763017234086036,1.1720912980931277,0.0002425174641315109,0.0006618050204313242,-0.002932095100622031,10.000000003626253,7.924202100084607e-08,0.04992755344959976,0.0,0.0,0.0,0.0,-2.4940650090687922e-08,23.8371098164843,-0.0922563299536705,0.0025174864567816257,6.804253578186035,0.04438960924744606,0.0317486934363842,1.137279987335205,,,,False,,,,True,OFFBOARD
19.252,TAKEOFF,False,-13.0711485643359,-5.971096104499187,7.044174421670223,0.05333759942751705,0.022526414754635675,1.1720146718826308,0.0004317307022369525,0.0010995712890608704,-0.0029932423776276337,10.000000003626253,7.924202100084607e-08,0.04992755344959976,0.0,0.0,0.0,0.0,-2.4940650090687922e-08,23.831321530298545,-0.08654230087995529,0.005984443239867687,6.9264326095581055,0.04405238851904869,0.0311135184019804,1.1375492811203003,,,,False,,,,True,OFFBOARD
19.352,TAKEOFF,False,-13.0658578210845,-5.968910044838319,7.161422318497662,0.05251623998047645,0.0212487324343518,1.1732102331538534,0.00045135280135239907,0.0010925957684329987,-0.0030645495736618474,10.000000003626253,7.924202100084607e-08,0.04992755344959976,0.0,0.0,0.0,0.0,-2.4940650090687922e-08,23.825651832827557,-0.08157739788293839,0.00909371767193079,7.038268566131592,0.043545953929424286,0.030611839145421982,1.1376880407333374,,,,False,,,,True,OFFBOARD
19.452,TAKEOFF,False,-13.060857096548279,-5.96692881949947,7.274160299419344,0.05169456529959752,0.02009232598121285,1.175357267531817,0.00038940217475985205,0.0010152686934303814,-0.003171991800381131,10.000000003626253,7.924202100084607e-08,0.04992755344959976,0.0,0.0,0.0,0.0,-2.4940650090687922e-08,23.820314243882393,-0.07648993283510208,0.01221473328769207,7.160441875457764,0.04373690113425255,0.030535435304045677,1.1404532194137573,,,,False,,,,True,OFFBOARD
19.552,TAKEOFF,False,-13.05573799174277,-5.964977341379899,7.391726885163164,0.05067414173784167,0.018993961722552445,1.1756641934677003,0.00038689127646608233,0.0006741468335005488,-0.003311484108217789,10.000000003626253,7.924202100084607e-08,0.04992755344959976,0.0,0.0,0.0,0.0,-2.4940650090687922e-08,23.81486951758569,-0.07191035151481628,0.014925628900527954,7.27459716796875,0.04360346496105194,0.031198149546980858,1.1427751779556274,,,,False,,,,True,OFFBOARD
19.652,TAKEOFF,False,-13.050539605973785,-5.963067176472704,7.513984692850402,0.049326679059699924,0.01777273810994969,1.1755469859570435,0.00048305517956816565,0.0005089614778455166,-0.003395540352627728,10.000000003626253,7.924202100084607e-08,0.04992755344959976,0.0,0.0,0.0,0.0,-2.4940650090687922e-08,23.809358399375597,-0.06716740131378174,0.017841888591647148,7.396912574768066,0.042264655232429504,0.029999682679772377,1.1436716318130493,,,,False,,,,True,OFFBOARD
19.752,TAKEOFF,False,-13.04586486062857,-5.961415806628319,7.626857845497812,0.04814886742040027,0.016673568021699357,1.1761208591945815,0.0005166688900719641,0.0006596343481972356,-0.0034640662564900384,10.000000003626253,7.924202100084607e-08,0.04992755344959976,0.0,0.0,0.0,0.0,-2.4940650090687922e-08,23.804419058355577,-0.06295391917228699,0.020552581176161766,7.509479999542236,0.041708625853061676,0.029919950291514397,1.144327998161316,,,,False,,,,True,OFFBOARD
19.852,TAKEOFF,False,-13.041104777706156,-5.9598079387005,7.744549429857769,0.047136767212872896,0.015535321343722817,1.1775699647215603,0.0005191573111185223,0.0008511753027323215,-0.0035026380157412314,10.000000003626253,7.924202100084607e-08,0.04992755344959976,0.0,0.0,0.0,0.0,-2.4940650090687922e-08,23.799408000096793,-0.057389549911022186,0.0233730711042881,7.632926940917969,0.041282039135694504,0.02883179672062397,1.1451865434646606,,,,False,,,,True,OFFBOARD
19.951999999999998,TAKEOFF,False,-13.036251315092276,-5.958253811716525,7.867046622490431,0.046226170700387134,0.014409496253245793,1.1779642044397105,0.0004951205818112421,0.0007431390969444818,-0.003523883277508336,10.000000003626253,7.924202100084607e-08,0.04992755344959976,0.0,0.0,0.0,0.0,-2.4940650090687922e-08,23.79431999970337,-0.050994183868169785,0.02583049237728119,7.747331142425537,0.04236462339758873,0.02839982882142067,1.146666407585144,,,,False,,,,True,OFFBOARD
20.052,TAKEOFF,False,-13.031866106696283,-5.95691956691016,7.98013279595816,0.045104155312490006,0.013441016313619788,1.178111159887972,0.0004658014358259366,0.0002816446148228549,-0.003500185794571858,10.000000003626253,7.924202100084607e-08,0.04992755344959976,0.0,0.0,0.0,0.0,-2.4940650090687922e-08,23.789740397796223,-0.044680241495370865,0.02848595380783081,7.869866371154785,0.041890863329172134,0.027846531942486763,1.1469814777374268,,,,False,,,,True,OFFBOARD
20.152,TAKEOFF,False,-13.027433446998067,-5.955625929456006,8.097979534486965,0.04356004205024527,0.01245956687063189,1.1789030603957014,0.0005765218807789269,-6.855247527700439e-05,-0.003461021677076748,10.000000003626253,7.924202100084607e-08,0.04992755344959976,0.0,0.0,0.0,0.0,-2.4940650090687922e-08,23.78512502549466,-0.03929738700389862,0.030990635976195335,7.9824442863464355,0.04300834611058235,0.027953634038567543,1.1476083993911743,,,,False,,,,True,OFFBOARD
20.252,TAKEOFF,False,-13.023167671040346,-5.95443646348565,8.215974798236283,0.04183208829838698,0.011377322110838703,1.1809798370371192,0.0005909414495020799,-9.677170337921605e-05,-0.003436983955013974,10.000000003626253,7.924202100084607e-08,0.04992755344959976,0.0,0.0,0.0,0.0,-2.4940650090687922e-08,23.780697305108266,-0.03346787765622139,0.032599110156297684,8.104382514953613,0.04198668524622917,0.02716427482664585,1.1488065719604492,,,,False,,,,True,OFFBOARD
20.352,TAKEOFF,False,-13.019066846195397,-5.953347274893122,8.33418014356776,0.04028249963461299,0.010507249439725875,1.1830093699016255,0.00023943643057654874,4.439085900417206e-05,-0.0034355525471042735,10.000000003626253,7.924202100084607e-08,0.04992755344959976,0.0,0.0,0.0,0.0,-2.4940650090687922e-08,23.77645438991159,-0.027990655973553658,0.032730232924222946,8.217118263244629,0.04154903441667557,0.024668002501130104,1.1508986949920654,,,,False,,,,True,OFFBOARD
20.452,TAKEOFF,False,-13.015111324570105,-5.952320013835834,8.452587311962894,0.03891756779762037,0.010147256114635982,1.1852409952157075,-0.00024269884363298396,0.00022496390169094268,-0.003447952948479044,10.000000003626253,7.924202100084607e-08,0.04992755344959976,0.0,0.0,0.0,0.0,-2.4940650090687922e-08,23.772367655320554,-0.022624393925070763,0.03335617110133171,8.338064193725586,0.03991352394223213,0.02406848594546318,1.1522213220596313,,,,False,,,,True,OFFBOARD
20.552,TAKEOFF,False,-13.011277201166408,-5.951311519066565,8.57129923999541,0.037852079315057456,0.01003468114547052,1.1890259736590971,-0.00029742711827816597,0.0004381441013390469,-0.0034792703658637633,10.000000003626253,7.924202100084607e-08,0.04992755344959976,0.0,0.0,0.0,0.0,-2.4940650090687922e-08,23.76840315073717,-0.01811164617538452,0.03434797748923302,8.448320388793945,0.038884177803993225,0.02338862046599388,1.1547869443893433,,,,False,,,,True,OFFBOARD
20.652,TAKEOFF,False,-13.007540810215158,-5.950311908468046,8.690408284175078,0.03692636949620221,0.009958076687391527,1.1928463428190779,-0.00027993432358306515,0.00048415295381143224,-0.0035106276570168594,10.000000003626253,7.924202100084607e-08,0.04992755344959976,0.0,0.0,0.0,0.0,-2.4940650090687922e-08,23.76453548991994,-0.01348960492759943,0.03553903102874756,8.570508003234863,0.03755853325128555,0.023433813825249672,1.1583325862884521,,,,False,,,,True,OFFBOARD
20.752,TAKEOFF,False,-13.003747106127468,-5.949281959279795,8.814577333534915,0.036089541797794354,0.009840003572853915,1.19456414313967,-0.00020780548634937818,0.0006024658487615024,-0.0034993648218721624,10.000000003626253,7.924202100084607e-08,0.04992755344959976,0.0,0.0,0.0,0.0,-2.4940650090687922e-08,23.760604745321213,-0.009431305341422558,0.03664742410182953,8.685262680053711,0.0358651764690876,0.022883044555783272,1.1607884168624878,,,,False,,,,True,OFFBOARD
20.852,TAKEOFF,False,-13.000314640221449,-5.948345389215661,8.929291526466532,0.035474620934813184,0.00967371833152573,1.1952683965375976,-0.0001767026403652097,0.0007540336438792513,-0.0035069708988773986,10.000000003626253,7.924202100084607e-08,0.04992755344959976,0.0,0.0,0.0,0.0,-2.4940650090687922e-08,23.757047112975048,-0.005426329094916582,0.03815917670726776,8.808916091918945,0.03420502319931984,0.02255289815366268,1.161385178565979,,,,False,,,,True,OFFBOARD
20.951999999999998,TAKEOFF,False,-12.996791323967662,-5.947387227130455,9.048855328962043,0.03505841589600264,0.009501466771649085,1.1960219627816056,-0.00021993226662976874,0.0010061633774378722,-0.0035162653614692315,10.000000003626253,7.924202100084607e-08,0.04992755344959976,0.0,0.0,0.0,0.0,-2.4940650090687922e-08,23.75339611796383,-0.0019865662325173616,0.039721012115478516,8.922675132751465,0.032846320420503616,0.021761152893304825,1.162009835243225,,,,False,,,,True,OFFBOARD
21.052,TAKEOFF,False,-12.99315570771624,-5.946403932174666,9.17333271585848,0.034898759973221664,0.009436451834877846,1.197706147043878,-0.0003629668433898148,0.0011784587896595405,-0.0035579254064221563,10.000000003626253,7.924202100084607e-08,0.04992755344959976,0.0,0.0,0.0,0.0,-2.4940650090687922e-08,23.74963010728871,0.0016007354715839028,0.04117469862103462,9.046456336975098,0.03235296159982681,0.020720472559332848,1.1622593402862549,,,,False,,,,True,OFFBOARD
21.152,TAKEOFF,False,-12.989808931648096,-5.945494952528107,9.288342221564355,0.03484878590212163,0.00951890464596271,1.1982512517979726,-0.00048825489921436516,0.0013060238210692938,-0.0035734729140305004,10.000000003626253,7.924202100084607e-08,0.04992755344959976,0.0,0.0,0.0,0.0,-2.4940650090687922e-08,23.74616234369721,0.004795813001692295,0.04222078621387482,9.161152839660645,0.03148956969380379,0.019652768969535828,1.1637001037597656,,,,False,,,,True,OFFBOARD
21.204,TAKEOFF,False,-12.98799580568475,-5.944997586668229,9.350654982537632,0.034888415917723736,0.009611701933401808,1.1984281534423917,-0.0005847711212776328,0.0013486529118630197,-0.0035668867639268133,10.000000003626253,7.924202100084607e-08,0.04992755344959976,0.0,0.0,0.0,0.0,-2.4940650090687922e-08,23.744282439707007,0.006809239741414785,0.04302355274558067,9.236798286437988,0.030022332444787025,0.01973571442067623,1.1635490655899048,,,,False,,,,True,OFFBOARD
21.3,TAKEOFF,False,-12.984642556494006,-5.944060175305609,9.465737998768954,0.03497147642352183,0.009933252595568072,1.1992360760429737,-0.0007481604567620193,0.0013395471673548545,-0.003553270219707851,10.000000003626253,7.924202100084607e-08,0.04992755344959976,0.0,0.0,0.0,0.0,-2.4940650090687922e-08,23.740801290735412,0.012249111197888851,0.0431046262383461,9.359807968139648,0.030448168516159058,0.01873890683054924,1.1637521982192993,,,,False,,,,True,OFFBOARD
21.352,TAKEOFF,False,-12.982823425787231,-5.9435378758282535,9.528120529865856,0.03498420306075835,0.010141280533937432,1.2000421374727641,-0.0007977966842244617,0.001246098261771673,-0.003562744114244365,10.000000003626253,7.924202100084607e-08,0.04992755344959976,0.0,0.0,0.0,0.0,-2.4940650090687922e-08,23.73890933069501,0.013784644193947315,0.04321347922086716,9.397467613220215,0.030341384932398796,0.018158461898565292,1.16434907913208,,,,False,,,,True,OFFBOARD
21.452,TAKEOFF,False,-12.97932716270105,-5.942497421319239,9.648210627246534,0.03493418560978555,0.010676261055043853,1.2016990052681957,-0.0009867764848453008,0.0011741094632100031,-0.0035715269022149497,10.000000003626253,7.924202100084607e-08,0.04992755344959976,0.0,0.0,0.0,0.0,-2.4940650090687922e-08,23.735263924407597,0.018395597115159035,0.04379124194383621,9.519930839538574,0.029680375009775162,0.017403189092874527,1.1653763055801392,,,,False,,,,True,OFFBOARD
21.552,TAKEOFF,False,-12.97584059429767,-5.9413973167078575,9.768488298649423,0.03479384878001337,0.011305533131551764,1.203830532768274,-0.0010489572430110814,0.0010942791532701202,-0.0036052521044280107,10.000000003626253,7.924202100084607e-08,0.04992755344959976,0.0,0.0,0.0,0.0,-2.4940650090687922e-08,23.73161297084143,0.022211117669939995,0.044603291898965836,9.632471084594727,0.02968898043036461,0.017297139391303062,1.1667540073394775,,,,False,,,,True,OFFBOARD
21.652,TAKEOFF,False,-12.972372944148646,-5.940235131506018,9.889027047981406,0.0345428164318628,0.011871930460848005,1.206806630441678,-0.0008005568523605065,0.0009313415144868216,-0.0036590581971929852,10.000000003626253,7.924202100084607e-08,0.04992755344959976,0.0,0.0,0.0,0.0,-2.4940650090687922e-08,23.727964792848773,0.026114827021956444,0.04588383808732033,9.754412651062012,0.029103027656674385,0.017950959503650665,1.1689125299453735,,,,False,,,,True,OFFBOARD
21.752,TAKEOFF,False,-12.968937327528922,-5.939035864740986,10.009841360624055,0.03418471571384525,0.012036925633031043,1.209303483016725,-0.000390868027386877,0.0009194773455828405,-0.0037001283362622208,10.000000003626253,7.924202100084607e-08,0.04992755344959976,0.0,0.0,0.0,0.0,-2.4940650090687922e-08,23.724338348338737,0.029556194320321083,0.04737139865756035,9.867554664611816,0.0288423839956522,0.01891149953007698,1.1710007190704346,,,,False,,,,True,OFFBOARD
21.852,TAKEOFF,False,-12.965535647486183,-5.937841075182106,10.13087921463347,0.03386730446017899,0.011823981615178258,1.2114357396288684,-0.00016139050300590036,0.0009497982858776933,-0.0037461812605584857,10.000000003626253,7.924202100084607e-08,0.04992755344959976,0.0,0.0,0.0,0.0,-2.4940650090687922e-08,23.720745884514027,0.03296973928809166,0.049139779061079025,9.990254402160645,0.028030863031744957,0.018686968833208084,1.1723370552062988,,,,False,,,,True,OFFBOARD
21.951999999999998,TAKEOFF,False,-12.962161901648667,-5.936670541193783,10.252137195496115,0.033634005401860866,0.011632479275880478,1.2136156671436193,-0.00034366011331072064,0.0010457913497623173,-0.0038088516805442284,10.000000003626253,7.924202100084607e-08,0.04992755344959976,0.0,0.0,0.0,0.0,-2.4940650090687922e-08,23.71718654097919,0.0358734056353569,0.05078451707959175,10.103870391845703,0.026166431605815887,0.01827310025691986,1.1733078956604004,,,,False,,,,True,OFFBOARD
22.052,TAKEOFF,False,-12.958803068196572,-5.935509358754957,10.373608548588706,0.033610707018218326,0.011617372774129145,1.2156464102477709,-0.0004977249440532007,0.0014133608435389735,-0.003865697464326153,10.000000003626253,7.924202100084607e-08,0.04992755344959976,0.0,0.0,0.0,0.0,-2.4940650090687922e-08,23.71364397934852,0.03858685493469238,0.05285945534706116,10.22767448425293,0.024441642686724663,0.018093908205628395,1.1751840114593506,,,,False,,,,True,OFFBOARD
22.152,TAKEOFF,False,-12.955289071323268,-5.934295044268414,10.500092582624847,0.03401736166781612,0.011741252940586252,1.216525289266923,-0.0005672361624681744,0.00181361229866027,-0.0038928261932747858,10.000000003626253,7.924202100084607e-08,0.04992755344959976,0.0,0.0,0.0,0.0,-2.4940650090687922e-08,23.70993789800843,0.04074229300022125,0.05514085292816162,10.343392372131348,0.02265220880508423,0.018229903653264046,1.1755547523498535,,,,False,,,,True,OFFBOARD
22.252,TAKEOFF,False,-12.951989797397925,-5.933162702155861,10.616893642116237,0.03473592438944701,0.011813127531330533,1.2168526473421677,-0.00037004062208119984,0.0021279774483793485,-0.0039400873598520346,10.000000003626253,7.924202100084607e-08,0.04992755344959976,0.0,0.0,0.0,0.0,-2.4940650090687922e-08,23.706460225366477,0.04288870468735695,0.057582806795835495,10.468388557434082,0.021953675895929337,0.019512271508574486,1.1750268936157227,,,,False,,,,True,OFFBOARD
22.352,TAKEOFF,False,-12.948326173011003,-5.931944107701357,10.74346577854656,0.03566819366681236,0.011580425475865507,1.2171650663715274,-8.802273805698608e-05,0.0021104749052175864,-0.003986271436547077,10.000000003626253,7.924202100084607e-08,0.04992755344959976,0.0,0.0,0.0,0.0,-2.4940650090687922e-08,23.70260821399928,0.044849712401628494,0.059798166155815125,10.583650588989258,0.021193692460656166,0.01946166530251503,1.1746052503585815,,,,False,,,,True,OFFBOARD
22.452,TAKEOFF,False,-12.944716254181072,-5.930805026868126,10.865201848351102,0.03650271779375385,0.011219040001452435,1.2175769044441411,-0.00010476536490526482,0.002187340133356017,-0.004080707795303912,10.000000003626253,7.924202100084607e-08,0.04992755344959976,0.0,0.0,0.0,0.0,-2.4940650090687922e-08,23.69882810094098,0.04651628062129021,0.06147267669439316,10.708847999572754,0.019752131775021553,0.01857724040746689,1.1740179061889648,,,,False,,,,True,OFFBOARD
22.552,TAKEOFF,False,-12.941166505769289,-5.929739558874614,10.982086055174832,0.037447765774100784,0.011039385123588059,1.217410767581433,-0.00042738645965718686,0.002436711375129855,-0.004124022841826508,10.000000003626253,7.924202100084607e-08,0.04992755344959976,0.0,0.0,0.0,0.0,-2.4940650090687922e-08,23.695124667063126,0.04758782312273979,0.062204547226428986,10.825294494628906,0.018508853390812874,0.017407121136784554,1.1733314990997314,,,,False,,,,True,OFFBOARD
22.652,TAKEOFF,False,-12.937361049838879,-5.928628277853547,11.103799972518797,0.03864926977683064,0.011228377514513294,1.2168287657657768,-0.0007273292920370203,0.002691995873217158,-0.00415357749565234,10.000000003626253,7.924202100084607e-08,0.04992755344959976,0.0,0.0,0.0,0.0,-2.4940650090687922e-08,23.691162198034455,0.048859208822250366,0.06321149319410324,10.951153755187988,0.01822594366967678,0.016874806955456734,1.1725894212722778,,,,False,,,,True,OFFBOARD
22.752,TAKEOFF,False,-12.93342557954538,-5.927486886177876,11.225460408636435,0.04000310929650951,0.011590964353203398,1.216539221894249,-0.0007461088907946464,0.0027220115004474763,-0.004197199385951169,10.000000003626253,7.924202100084607e-08,0.04992755344959976,0.0,0.0,0.0,0.0,-2.4940650090687922e-08,23.687066316960696,0.0501716211438179,0.0643567144870758,11.066987037658691,0.01845766417682171,0.01775289885699749,1.1704814434051514,,,,False,,,,True,OFFBOARD
22.852,TAKEOFF,False,-12.929362315871325,-5.926317252053591,11.347141477811169,0.04116506062245527,0.011731489934152352,1.2170977579149016,-0.0003439519894754829,0.0024904100204449988,-0.004226905336891069,10.000000003626253,7.924202100084607e-08,0.04992755344959976,0.0,0.0,0.0,0.0,-2.4940650090687922e-08,23.682839641605693,0.05300821736454964,0.06748895347118378,11.192917823791504,0.01978377252817154,0.018984293565154076,1.1696046590805054,,,,False,,,,True,OFFBOARD
22.951999999999998,TAKEOFF,False,-12.92502930894712,-5.925114149691952,11.473678855417676,0.04205358735348272,0.011309140473916412,1.2161435875708697,0.0003035618700206326,0.0021086066234936363,-0.004285125057190335,10.000000003626253,7.924202100084607e-08,0.04992755344959976,0.0,0.0,0.0,0.0,-2.4940650090687922e-08,23.67834343040628,0.057540182024240494,0.07270187139511108,11.320117950439453,0.02223764732480049,0.02090679295361042,1.168704867362976,,,,False,,,,True,OFFBOARD
23.052,TAKEOFF,False,-12.92097204453441,-5.924072137899112,11.590370021377138,0.042379362218430944,0.010353492088752941,1.215026185970291,0.0008529599003348398,0.001647983569467715,-0.004362500570917798,10.000000003626253,7.924202100084607e-08,0.04992755344959976,0.0,0.0,0.0,0.0,-2.4940650090687922e-08,23.674154499505697,0.0612630620598793,0.07693750411272049,11.436681747436523,0.02206139825284481,0.02212974801659584,1.1665058135986328,,,,False,,,,True,OFFBOARD
23.152,TAKEOFF,False,-12.916563448649597,-5.923073116245008,11.716708916193964,0.042365368832189505,0.008865025297778344,1.2146232481483241,0.001190697071129387,0.0014502525765713644,-0.004395655964111645,10.000000003626253,7.924202100084607e-08,0.04992755344959976,0.0,0.0,0.0,0.0,-2.4940650090687922e-08,23.66963617255834,0.0645371824502945,0.08069518208503723,11.552458763122559,0.02279907651245594,0.022381946444511414,1.165496826171875,,,,False,,,,True,OFFBOARD
23.252,TAKEOFF,False,-12.912502137420356,-5.922296735275143,11.833290753597726,0.04223569825662359,0.007394744746130924,1.2142296205863665,0.0011041367778871086,0.00135348652366987,-0.004411113407097371,10.000000003626253,7.924202100084607e-08,0.04992755344959976,0.0,0.0,0.0,0.0,-2.4940650090687922e-08,23.665509796383123,0.06838604062795639,0.08401939272880554,11.677924156188965,0.023393802344799042,0.02193581312894821,1.164193868637085,,,,False,,,,True,OFFBOARD
23.352,TAKEOFF,False,-12.908289318314434,-5.921627992924592,11.954703641728823,0.04201990794504049,0.0060600517012173866,1.214113468486973,0.0009613733620312924,0.0012778811698932297,-0.004448276557914798,10.000000003626253,7.924202100084607e-08,0.04992755344959976,0.0,0.0,0.0,0.0,-2.4940650090687922e-08,23.661263674681734,0.07226382195949554,0.08639691025018692,11.793950080871582,0.02310418151319027,0.020669324323534966,1.16299307346344,,,,False,,,,True,OFFBOARD
23.452,TAKEOFF,False,-12.904100223242686,-5.92107911807799,12.076131788318923,0.04179091957281623,0.0050228627227560715,1.2145691472494726,0.0006231549218351363,0.0013668076020512407,-0.004478741851889254,10.000000003626253,7.924202100084607e-08,0.04992755344959976,0.0,0.0,0.0,0.0,-2.4940650090687922e-08,23.657070530042255,0.07587853074073792,0.08875638991594315,11.919083595275879,0.022306902334094048,0.019472530111670494,1.1618748903274536,,,,False,,,,True,OFFBOARD
23.552,TAKEOFF,False,-12.899758164855117,-5.9205971240147965,12.202479039239101,0.041763479571696696,0.004327257114811202,1.2151864298312918,0.00035524168761243635,0.0016237357607728335,-0.0044674774531223245,10.000000003626253,7.924202100084607e-08,0.04992755344959976,0.0,0.0,0.0,0.0,-2.4940650090687922e-08,23.652746043919333,0.07881399989128113,0.09077367931604385,12.033881187438965,0.022117769345641136,0.018712449818849564,1.1616897583007812,,,,False,,,,True,OFFBOARD
23.652,TAKEOFF,False,-12.8957427812795,-5.920206461330654,12.319184598152548,0.041888007185895366,0.003830633540365605,1.2159993242183964,0.0003849967755742106,0.0016478763088881411,-0.004492494883408666,10.000000003626253,7.924202100084607e-08,0.04992755344959976,0.0,0.0,0.0,0.0,-2.4940650090687922e-08,23.648760710777285,0.08325637131929398,0.092252716422081,12.15948486328125,0.022887587547302246,0.018216248601675034,1.1631958484649658,,,,False,,,,True,OFFBOARD
23.752,TAKEOFF,False,-12.891550484455017,-5.919851894243956,12.440711569676985,0.04190603509708686,0.003290643329338775,1.214143756747496,0.00036552698242938206,0.0013556669940571794,-0.004501790726515254,10.000000003626253,7.924202100084607e-08,0.04992755344959976,0.0,0.0,0.0,0.0,-2.4940650090687922e-08,23.64461315260539,0.08880560845136642,0.09293978661298752,12.277836799621582,0.024322861805558205,0.017394844442605972,1.1629152297973633,,,,False,,,,True,OFFBOARD
23.852,TAKEOFF,False,-12.887378064521881,-5.919546563161629,12.562015117187341,0.04146291034865199,0.002870171720382778,1.2121686725076373,0.00014533767091608738,0.0008155140741248869,-0.004497934062561962,10.000000003626253,7.924202100084607e-08,0.04992755344959976,0.0,0.0,0.0,0.0,-2.4940650090687922e-08,23.640497187790714,0.09396596252918243,0.09385868161916733,12.403937339782715,0.025301970541477203,0.01627308316528797,1.160301923751831,,,,False,,,,True,OFFBOARD
23.951999999999998,TAKEOFF,False,-12.883274206969737,-5.919269219430994,12.683167104430662,0.04059118117511962,0.0027040091681005346,1.2111211532826855,2.1174058727423456e-06,0.00047267908657846444,-0.004549630158201881,10.000000003626253,7.924202100084607e-08,0.04992755344959976,0.0,0.0,0.0,0.0,-2.4940650090687922e-08,23.63645463320463,0.09844793379306793,0.09496685862541199,12.528818130493164,0.025718199089169502,0.01646757312119007,1.1581486463546753,,,,False,,,,True,OFFBOARD
24.052,TAKEOFF,False,-12.879269837433393,-5.919004638042214,12.804282908334985,0.03954226679211304,0.0025715064347456244,1.2111571317055185,9.936617412047095e-05,0.0004716613032196542,-0.004604789943693306,10.000000003626253,7.924202100084607e-08,0.04992755344959976,0.0,0.0,0.0,0.0,-2.4940650090687922e-08,23.632511616484074,0.10316108167171478,0.09605380147695541,12.644567489624023,0.025027327239513397,0.016329368576407433,1.1582697629928589,,,,False,,,,True,OFFBOARD
24.164,TAKEOFF,False,-12.874899205850225,-5.9187314066690115,12.939887943145061,0.0386008271639803,0.002292494267216052,1.2102266612735415,0.0002319023930976115,0.0007576549201198315,-0.004659267566888156,10.000000003626253,7.924202100084607e-08,0.04992755344959976,0.0,0.0,0.0,0.0,-2.4940650090687922e-08,23.628211871532347,0.11056648194789886,0.09776515513658524,12.808305740356445,0.02501196786761284,0.01693175733089447,1.1589055061340332,,,,False,,,,True,OFFBOARD
24.252,TAKEOFF,False,-12.871831964793719,-5.918560023271668,13.036678104047823,0.03811439074595404,0.0019920822480847277,1.2097108104232177,0.00035884205050675384,0.000811033574102508,-0.004710763868430019,10.000000003626253,7.924202100084607e-08,0.04992755344959976,0.0,0.0,0.0,0.0,-2.4940650090687922e-08,23.62519949711969,0.11348076909780502,0.09870385378599167,12.884398460388184,0.024411223828792572,0.01740635558962822,1.1575795412063599,,,,False,,,,True,OFFBOARD
24.356,TAKEOFF,False,-12.867599573942204,-5.918371532382458,13.17220994189644,0.03752538755298466,0.0013428603631101376,1.2106734395488428,0.0006895228218450293,0.0009873397417692366,-0.004765509778907988,10.000000003626253,7.924202100084607e-08,0.04992755344959976,0.0,0.0,0.0,0.0,-2.4940650090687922e-08,23.62105486580334,0.11726544052362442,0.1002257913351059,12.998088836669922,0.022647133097052574,0.017713284119963646,1.1578246355056763,,,,False,,,,True,OFFBOARD
24.452,TAKEOFF,False,-12.863860784280577,-5.918280074737943,13.293366764953111,0.03732475350572775,0.0005072379832223449,1.212425557779513,0.0007971821851225547,0.0013294571518061393,-0.004760528910743567,10.000000003626253,7.924202100084607e-08,0.04992755344959976,0.0,0.0,0.0,0.0,-2.4940650090687922e-08,23.617412434679984,0.1215439885854721,0.10116717964410782,13.122344970703125,0.022174660116434097,0.017952268943190575,1.1590880155563354,,,,False,,,,True,OFFBOARD
24.552,TAKEOFF,False,-12.860278591876632,-5.918270512616613,13.409763300974442,0.037298517757155106,-0.0002587633323409378,1.2121471400141028,0.000711721536675112,0.0013040053840527566,-0.004781077145246816,10.000000003626253,7.924202100084607e-08,0.04992755344959976,0.0,0.0,0.0,0.0,-2.4940650090687922e-08,23.613942158446694,0.12642186880111694,0.10083656758069992,13.239188194274902,0.02192709967494011,0.017184041440486908,1.1601412296295166,,,,False,,,,True,OFFBOARD
24.652,TAKEOFF,False,-12.856553504988437,-5.918329192020435,13.530924284816077,0.03719023045860802,-0.0008399971917243752,1.2112168369523115,0.0004552263092313042,0.0011863497220051073,-0.004823571111593706,10.000000003626253,7.924202100084607e-08,0.04992755344959976,0.0,0.0,0.0,0.0,-2.4940650090687922e-08,23.610350688950987,0.13079456984996796,0.10105028748512268,13.364680290222168,0.0218936949968338,0.016985639929771423,1.1589710712432861,,,,False,,,,True,OFFBOARD
24.752,TAKEOFF,False,-12.8526963695582,-5.9184393434116815,13.656885692951606,0.036998414474494506,-0.0012535226145715614,1.2114338880967288,0.0004480655245183272,0.001196191127599298,-0.004827934372800389,10.000000003626253,7.924202100084607e-08,0.04992755344959976,0.0,0.0,0.0,0.0,-2.4940650090687922e-08,23.60664433426698,0.1341833770275116,0.10166424512863159,13.479419708251953,0.021119965240359306,0.017429646104574203,1.1570427417755127,,,,False,,,,True,OFFBOARD
24.852,TAKEOFF,False,-12.849151105352242,-5.918581225803356,13.773241827998362,0.036873354320151645,-0.0016856006560570429,1.2125728448781654,0.000452318032694108,0.0012275291414486922,-0.004820897257196981,10.000000003626253,7.924202100084607e-08,0.04992755344959976,0.0,0.0,0.0,0.0,-2.4940650090687922e-08,23.60324789230003,0.13699635863304138,0.10168218612670898,13.604066848754883,0.02075023762881756,0.015448186546564102,1.158009648323059,,,,False,,,,True,OFFBOARD
24.951999999999998,TAKEOFF,False,-12.845470288444647,-5.9187656343557595,13.89452604229547,0.036755804615984246,-0.0019296315148146447,1.2130101292908613,0.00010476424431136762,0.0012987954153444164,-0.004804708011486642,10.000000003626253,7.924202100084607e-08,0.04992755344959976,0.0,0.0,0.0,0.0,-2.4940650090687922e-08,23.599730939956807,0.13878309726715088,0.10086027532815933,13.719910621643066,0.019158482551574707,0.01496786717325449,1.1576759815216064,,,,False,,,,True,OFFBOARD
25.052,TAKEOFF,False,-12.841645663242945,-5.918965847901755,14.020699127358222,0.036831911383272756,-0.001909754561511873,1.2133245697330122,2.866776645238668e-05,0.0015523681496798127,-0.00475525686832194,10.000000003626253,7.924202100084607e-08,0.04992755344959976,0.0,0.0,0.0,0.0,-2.4940650090687922e-08,23.596078793254893,0.14051155745983124,0.10062284022569656,13.84496784210205,0.01739834062755108,0.015137240290641785,1.157840371131897,,,,False,,,,True,OFFBOARD
25.152,TAKEOFF,False,-12.838093672110123,-5.91914831371467,14.137207133171785,0.037210543712967996,-0.0019037731185649971,1.2139844104491777,8.790364587496843e-05,0.0018877458407328236,-0.0047267131117855144,10.000000003626253,7.924202100084607e-08,0.04992755344959976,0.0,0.0,0.0,0.0,-2.4940650090687922e-08,23.59268616413891,0.141926109790802,0.10087288171052933,13.959646224975586,0.016742395237088203,0.014442568644881248,1.1574361324310303,,,,False,,,,True,OFFBOARD
25.252,TAKEOFF,True,-12.834644897489106,-5.919324024898039,14.248952793684888,0.03774499858643684,-0.0019078319771328553,1.2153526865657092,3.970947679029409e-05,0.0019357625254011004,-0.004718055646959992,10.000000003626253,7.924202100084607e-08,0.04992755344959976,0.0,0.0,0.0,0.0,-2.4940650090687922e-08,23.58939180245831,0.14434048533439636,0.10067522525787354,14.084006309509277,0.01682746782898903,0.013524418696761131,1.1571365594863892,23.06109539901869,4.880962138527266,23.41001492410989,False,,,,True,OFFBOARD
25.352,TAKEOFF,True,-12.83084309608175,-5.919511723465704,14.370548010429983,0.03823287515429105,-0.0018204114571407587,1.2163853126810993,-0.0001329173175856798,0.0017310777742667173,-0.004712410475116961,10.000000003626253,7.924202100084607e-08,0.04992755344959976,0.0,0.0,0.0,0.0,-2.4940650090687922e-08,23.585758767228178,0.14754913747310638,0.09984767436981201,14.199224472045898,0.01633898913860321,0.01273201685398817,1.1582335233688354,22.96841679265857,4.860522939138105,23.31214339163318,False,,,,True,OFFBOARD
25.452,TAKEOFF,True,-12.827159515004372,-5.919672687954693,14.487344276135497,0.03847266881823798,-0.001497987039468447,1.2167620280112048,-0.00041696455020916987,0.001570218495702834,-0.004696107921034,10.000000003626253,7.924202100084607e-08,0.04992755344959976,0.0,0.0,0.0,0.0,-2.4940650090687922e-08,23.582233510838176,0.1504598706960678,0.09951034188270569,14.323758125305176,0.01643371395766735,0.012287430465221405,1.1587944030761719,22.874841600036163,4.840103559390951,23.213589748995116,False,,,,True,OFFBOARD
25.552,TAKEOFF,True,-12.82330723935617,-5.919795190735419,14.609050861057389,0.03853619658467849,-0.0009474038815986006,1.217498967494051,-0.0005954543480005671,0.0013957992255250794,-0.0046420664053007515,10.000000003626253,7.924202100084607e-08,0.04992755344959976,0.0,0.0,0.0,0.0,-2.4940650090687922e-08,23.57853535625191,0.15272697806358337,0.09960006922483444,14.437512397766113,0.015071256086230278,0.011711661703884602,1.1589010953903198,22.862032986682184,4.837260050869847,23.198232723523606,False,,,,True,OFFBOARD
25.652,TAKEOFF,True,-12.819452439141482,-5.9198536201175385,14.730876155645968,0.038591539400026555,-0.00023221800201329257,1.2190704986744665,-0.0007206153918968574,0.0015848533416773871,-0.004585737274624805,10.000000003626253,7.924202100084607e-08,0.04992755344959976,0.0,0.0,0.0,0.0,-2.4940650090687922e-08,23.57481871848773,0.15667331218719482,0.09916031360626221,14.560922622680664,0.015621035359799862,0.01120667066425085,1.1592035293579102,22.85913976866019,4.836678114033867,23.19150831913806,False,,,,True,OFFBOARD
25.752,TAKEOFF,True,-12.815426420338504,-5.919834974408348,14.857763298973131,0.03880699385258458,0.0005633626822919814,1.2209170356826915,-0.0007586673626377894,0.0015021124507336844,-0.004582463147372566,10.000000003626253,7.924202100084607e-08,0.04992755344959976,0.0,0.0,0.0,0.0,-2.4940650090687922e-08,23.57091703709843,0.16215769946575165,0.09812422096729279,14.675745964050293,0.015778932720422745,0.011204839684069157,1.159318447113037,22.898220078801646,4.845966702519798,23.22650513414981,False,,,,True,OFFBOARD
25.852,TAKEOFF,True,-12.811700016397356,-5.919746248685845,14.975047276294283,0.03879064371023528,0.001248741012064581,1.222405832284426,-0.0007607456469479109,0.0012518202434205793,-0.004578183432553227,10.000000003626253,7.924202100084607e-08,0.04992755344959976,0.0,0.0,0.0,0.0,-2.4940650090687922e-08,23.56728780302393,0.1669345200061798,0.09757431596517563,14.800140380859375,0.01642773300409317,0.010051223449409008,1.1610180139541626,22.858296201254994,4.840871099281191,23.181819586129627,False,,,,True,OFFBOARD
25.951999999999998,TAKEOFF,True,-12.80783482019644,-5.9195814531572575,15.097339643845505,0.03847991543564542,0.0020395142031699454,1.2233494779433813,-0.0009178085583517262,0.0009753476098777422,-0.004554175897203437,10.000000003626253,7.924202100084607e-08,0.04992755344959976,0.0,0.0,0.0,0.0,-2.4940650090687922e-08,23.56350514820539,0.17049944400787354,0.09748835861682892,14.91521167755127,0.0163254514336586,0.009975665248930454,1.1603738069534302,22.819638230046518,4.831922185402139,23.138676526747357,False,,,,True,OFFBOARD
26.052,TAKEOFF,True,-12.804010834867016,-5.919332698025199,15.21974536343036,0.03801892554460081,0.0028925319856783847,1.2246794092313393,-0.0009112295660147862,0.0009823416803072624,-0.00458716087782772,10.000000003626253,7.924202100084607e-08,0.04992755344959976,0.0,0.0,0.0,0.0,-2.4940650090687922e-08,23.559741315433595,0.1753796935081482,0.09716766327619553,15.042799949645996,0.015867890790104866,0.009259304963052273,1.161317229270935,22.83371925859684,4.834736128793448,23.148324060551925,False,,,,True,OFFBOARD
26.152,TAKEOFF,True,-12.800225283506757,-5.9190011257081085,15.342139987416205,0.03773615977069631,0.003725404675963063,1.2225672897543605,-0.0010919600391863186,0.001150907693142486,-0.004678770684641301,10.000000003626253,7.924202100084607e-08,0.04992755344959976,0.0,0.0,0.0,0.0,-2.4940650090687922e-08,23.5559938955719,0.18122684955596924,0.09638693928718567,15.162932395935059,0.016381775960326195,0.007151904981583357,1.160532832145691,22.894678169397064,4.847553653334761,23.20505238096792,False,,,,True,OFFBOARD
26.252,TAKEOFF,True,-12.796465106581651,-5.918570975539394,15.4642070154192,0.037452653932451924,0.004907554807921578,1.2189361417667637,-0.0015945788821573816,0.0010305584381164001,-0.004726187003595759,10.000000003626253,7.924202100084607e-08,0.04992755344959976,0.0,0.0,0.0,0.0,-2.4940650090687922e-08,23.552246280374675,0.18622377514839172,0.09591284394264221,15.290946006774902,0.01640370860695839,0.006882766727358103,1.1564457416534424,22.83726155872735,4.833825679211952,23.141247388758693,False,,,,True,OFFBOARD
26.352,TAKEOFF,True,-12.79273728553241,-5.917999349391501,15.58597253167065,0.03710656010144325,0.00650339696539032,1.2167242393461346,-0.0018931441620699985,0.0009486192781123019,-0.00472415012342259,10.000000003626253,7.924202100084607e-08,0.04992755344959976,0.0,0.0,0.0,0.0,-2.4940650090687922e-08,23.54849443955835,0.1899682730436325,0.0957874283194542,15.407100677490234,0.016007516533136368,0.006384579930454493,1.153627872467041,23.002182279982893,4.863152480368653,23.305039743323672,False,,,,True,OFFBOARD
26.452,TAKEOFF,True,-12.78890174662345,-5.917230602448845,15.712467850756402,0.03667411360131132,0.008167400288867989,1.2161517906399122,-0.0016871153226667647,0.0009430171234745998,-0.004731384911635096,10.000000003626253,7.924202100084607e-08,0.04992755344959976,0.0,0.0,0.0,0.0,-2.4940650090687922e-08,23.544588803435868,0.19402942061424255,0.09557473659515381,15.532451629638672,0.015718704089522362,0.007554627489298582,1.1518983840942383,22.85963317315114,4.829841292245248,23.154759193024695,True,0.686124861240387,376.5,94.0,True,OFFBOARD
26.552,TAKEOFF,True,-12.785253777317905,-5.916346095780232,15.834067353887988,0.03630748512151028,0.009408657421291832,1.2159057575773538,-0.0013651548745280528,0.0009760126871768863,-0.004782310940606712,10.000000003626253,7.924202100084607e-08,0.04992755344959976,0.0,0.0,0.0,0.0,-2.4940650090687922e-08,23.54083562503104,0.19805853068828583,0.09522686898708344,15.648667335510254,0.015403431840240955,0.008052055723965168,1.1504802703857422,22.836907455264534,4.826230309855376,23.127902502978838,True,0.686124861240387,376.5,94.0,True,OFFBOARD
26.652,TAKEOFF,True,-12.78178417330006,-5.9153966492585965,15.950812062491215,0.03600088908432115,0.010297968377929874,1.2162913015292443,-0.001205689245776358,0.0010748294119495747,-0.004807469002677778,10.000000003626253,7.924202100084607e-08,0.04992755344959976,0.0,0.0,0.0,0.0,-2.4940650090687922e-08,23.537238766253065,0.20150820910930634,0.0949220359325409,15.774940490722656,0.013861841522157192,0.007657203357666731,1.1501953601837158,22.7533035286154,4.811546400319506,23.03974864289161,True,0.686124861240387,376.5,94.0,True,OFFBOARD
26.752,TAKEOFF,True,-12.778190974530437,-5.914320375711078,16.07240266814689,0.03592323623428349,0.01123667069239022,1.2152262075713751,-0.0014865881806373628,0.0014031551637254777,-0.00486799297860477,10.000000003626253,7.924202100084607e-08,0.04992755344959976,0.0,0.0,0.0,0.0,-2.4940650090687922e-08,23.533490405829205,0.2040005624294281,0.09431533515453339,15.893239974975586,0.012704017572104931,0.0066504222340881824,1.1499888896942139,23.027034972061276,4.8745803239989725,23.31827251377793,True,0.686124861240387,376.5,94.0,True,OFFBOARD
26.852,TAKEOFF,True,-12.774585729274225,-5.913136916818017,16.193824302006682,0.03624525782109282,0.012422239646291989,1.2133944263596648,-0.0017791854132879715,0.00182207652899794,-0.00495439249262436,10.000000003626253,7.924202100084607e-08,0.04992755344959976,0.0,0.0,0.0,0.0,-2.4940650090687922e-08,23.529703449882405,0.20610938966274261,0.09396863728761673,16.02015495300293,0.011886177584528923,0.0055093830451369286,1.14677894115448,22.76519521648205,4.823168014441139,23.049461600884932,True,0.686124861240387,376.5,94.0,True,OFFBOARD
26.951999999999998,TAKEOFF,True,-12.770782449257718,-5.911762856188197,16.31995515468227,0.03690919945651718,0.013998890859007962,1.2123317351323468,-0.0021678950620935685,0.002077665674906461,-0.005005131825253421,10.000000003626253,7.924202100084607e-08,0.04992755344959976,0.0,0.0,0.0,0.0,-2.4940650090687922e-08,23.525676919512755,0.20759141445159912,0.09386834502220154,16.136091232299805,0.010098726488649845,0.004739226773381233,1.1449661254882812,22.91520961815561,4.852861375713248,23.200946945143333,True,0.686124861240387,376.5,94.0,True,OFFBOARD
27.052,TAKEOFF,True,-12.76704783804075,-5.910272095307159,16.441184096227296,0.037790540494856945,0.015761118000217223,1.2124446001249778,-0.002305717017323932,0.0023505263983059146,-0.00500561207423638,10.000000003626253,7.924202100084607e-08,0.04992755344959976,0.0,0.0,0.0,0.0,-2.4940650090687922e-08,23.521687537292138,0.21094149351119995,0.09443682432174683,16.261890411376953,0.010211733169853687,0.004812401719391346,1.1440716981887817,22.943985413221345,4.8514445400406965,23.22542590057026,True,0.686124861240387,376.5,94.0,True,OFFBOARD
27.152,TAKEOFF,True,-12.763370960425592,-5.90867847089229,16.55756533262205,0.03874713495011704,0.01731485972976619,1.2119759762678783,-0.0020165427100119425,0.002228425256751704,-0.005018308841203924,10.000000003626253,7.924202100084607e-08,0.04992755344959976,0.0,0.0,0.0,0.0,-2.4940650090687922e-08,23.51772820354585,0.21648479998111725,0.09577350318431854,16.388263702392578,0.011473274789750576,0.004735684487968683,1.1434710025787354,22.874118281355752,4.824995034514668,23.145926018820408,True,0.7795895338058472,378.5,113.5,True,OFFBOARD
27.252,TAKEOFF,True,-12.759304188852303,-5.906804344344732,16.683586568648305,0.0393254384508144,0.018626385360965256,1.2118096888093808,-0.001792757996503559,0.0016657200752619498,-0.005068954765195187,10.000000003626253,7.924202100084607e-08,0.04992755344959976,0.0,0.0,0.0,0.0,-2.4940650090687922e-08,23.513321029243745,0.22051000595092773,0.0968889445066452,16.503387451171875,0.01207321509718895,0.005264669191092253,1.14072585105896,22.773903334173813,4.804028941986535,23.039373202702443,True,0.7795895338058472,378.5,113.5,True,OFFBOARD
27.352,TAKEOFF,True,-12.755521495088127,-5.904964119180377,16.799983901550878,0.03942710227416949,0.019642510336911254,1.2131346004467094,-0.00167057010387376,0.001356896284292341,-0.005094794463940685,10.000000003626253,7.924202100084607e-08,0.04992755344959976,0.0,0.0,0.0,0.0,-2.4940650090687922e-08,23.50919736747945,0.22378063201904297,0.09796085953712463,16.617721557617188,0.013336417265236378,0.005329309497028589,1.1414804458618164,22.82198228768224,4.812083814966074,23.084663162128248,True,0.7795895338058472,378.5,113.5,True,OFFBOARD
27.452,TAKEOFF,True,-12.751430821200177,-5.90286583935359,16.92623861851296,0.039200449127400006,0.020709079815238236,1.2149262131102576,-0.0019154607329576146,0.0011246284385630237,-0.00515675184557808,10.000000003626253,7.924202100084607e-08,0.04992755344959976,0.0,0.0,0.0,0.0,-2.4940650090687922e-08,23.50471081782926,0.2272644191980362,0.09983960539102554,16.742202758789062,0.011905236169695854,0.0043212538585066795,1.1417235136032104,22.82667525096043,4.810228451341722,23.085084644047466,True,0.7795895338058472,378.5,113.5,True,OFFBOARD
27.552,TAKEOFF,True,-12.747678438426727,-5.900816619039384,17.042948014212744,0.039031132888425774,0.02197345366379182,1.2163602072960364,-0.0022258105442804666,0.00141998791999712,-0.005213001134550206,10.000000003626253,7.924202100084607e-08,0.04992755344959976,0.0,0.0,0.0,0.0,-2.4940650090687922e-08,23.500564082799343,0.23049119114875793,0.10247262567281723,16.857332229614258,0.010564337484538555,0.0041913967579603195,1.142256498336792,22.844384172389155,4.812114816359655,23.09911005496297,True,0.842933714389801,383.5,138.0,True,OFFBOARD
27.652,TAKEOFF,True,-12.743611019060063,-5.89844751781869,17.169544571808064,0.039229514937069554,0.023517781780898056,1.2183645834132943,-0.0022187277011878562,0.0016981087755790789,-0.0052509542035773455,10.000000003626253,7.924202100084607e-08,0.04992755344959976,0.0,0.0,0.0,0.0,-2.4940650090687922e-08,23.496032141758104,0.23321571946144104,0.10480120778083801,16.98099708557129,0.010599895380437374,0.004912754520773888,1.1412205696105957,22.902644773633245,4.824682525969852,23.155567220431426,True,0.842933714389801,383.5,138.0,True,OFFBOARD
27.752,TAKEOFF,True,-12.739829024706768,-5.896126465583734,17.286668757075894,0.039567719409476856,0.024750988344046418,1.221855769009686,-0.0020573978128000186,0.0018317847941951538,-0.005268547503322598,10.000000003626253,7.924202100084607e-08,0.04992755344959976,0.0,0.0,0.0,0.0,-2.4940650090687922e-08,23.49178861794938,0.23510029911994934,0.10656484961509705,17.093971252441406,0.009328010492026806,0.004857344087213278,1.1405835151672363,22.783421936299796,4.791322766559945,23.029845101391594,True,0.842933714389801,383.5,138.0,True,OFFBOARD
27.852,TAKEOFF,True,-12.735847664177488,-5.89359208647256,17.40910027595182,0.0400674273695933,0.025867720571794477,1.2266321703521577,-0.0019995813757469802,0.0020026523604839076,-0.005282794578821512,10.000000003626253,7.924202100084607e-08,0.04992755344959976,0.0,0.0,0.0,0.0,-2.4940650090687922e-08,23.487298648191725,0.23871226608753204,0.10858664661645889,17.21843719482422,0.009282281622290611,0.004719262942671776,1.1429592370986938,22.822603104918883,4.794411337178753,23.064888433524533,True,0.842933714389801,383.5,138.0,True,OFFBOARD
27.951999999999998,TAKEOFF,True,-12.731811226033605,-5.8909485500789955,17.531888818727538,0.04061755026396164,0.026956771096877025,1.2283443425129927,-0.001995170882113614,0.0018836997325345872,-0.005235126977765687,10.000000003626253,7.924202100084607e-08,0.04992755344959976,0.0,0.0,0.0,0.0,-2.4940650090687922e-08,23.482728068395062,0.2450943887233734,0.1109711080789566,17.336883544921875,0.011046459898352623,0.005312296561896801,1.1450073719024658,22.818714678199985,4.789441060183805,23.053338458154343,True,0.842933714389801,383.5,138.0,True,OFFBOARD
28.052,TAKEOFF,True,-12.727735992329368,-5.888203211077609,17.654673843132908,0.04077635069254534,0.027878435956627298,1.2272382897326088,-0.0018111403243973668,0.0013117767063910435,-0.0052055047358810485,10.000000003626253,7.924202100084607e-08,0.04992755344959976,0.0,0.0,0.0,0.0,-2.4940650090687922e-08,23.47809450296143,0.2505190372467041,0.113034188747406,17.464204788208008,0.012066352181136608,0.004964154213666916,1.1441045999526978,22.85256258270851,4.792079097022409,23.081287522246367,True,0.8403915762901306,389.5,169.5,True,OFFBOARD
28.152,TAKEOFF,True,-12.723514786783532,-5.88526006508547,17.78223162937418,0.04033438252854826,0.028686725291060308,1.226096086590905,-0.0018131158085623754,0.0008785293101783847,-0.0051817257813675886,10.000000003626253,7.924202100084607e-08,0.04992755344959976,0.0,0.0,0.0,0.0,-2.4940650090687922e-08,23.473270147049853,0.2543867230415344,0.11458565294742584,17.58019256591797,0.011336368508636951,0.005122520495206118,1.1414116621017456,22.834361636181434,4.790688855826522,23.059080819538394,True,0.8403915762901306,389.5,169.5,True,OFFBOARD
28.252,TAKEOFF,True,-12.719509122468162,-5.8823517416082876,17.90485410135978,0.03984934914848742,0.029438903043045774,1.2263959122134631,-0.0018115807547732165,0.0011004668209956732,-0.005162101105571277,10.000000003626253,7.924202100084607e-08,0.04992755344959976,0.0,0.0,0.0,0.0,-2.4940650090687922e-08,23.4686633167496,0.2590588331222534,0.11618086695671082,17.707178115844727,0.012030156329274178,0.0043184831738471985,1.141103744506836,22.890099695137447,4.798850895686087,23.11041776117779,True,0.8403915762901306,389.5,169.5,True,OFFBOARD
28.352,TAKEOFF,True,-12.715699751895324,-5.879486881554648,18.022518621449883,0.03951525327118533,0.0302445930519476,1.2246109330355381,-0.0020318843128858313,0.001018439703644095,-0.005141572768210743,10.000000003626253,7.924202100084607e-08,0.04992755344959976,0.0,0.0,0.0,0.0,-2.4940650090687922e-08,23.464257548560553,0.2643508315086365,0.11762388795614243,17.826196670532227,0.01294342428445816,0.004109019413590431,1.1401920318603516,22.84420369123354,4.783112508271328,23.056811124548805,True,0.8403915762901306,389.5,169.5,True,OFFBOARD
28.452,TAKEOFF,True,-12.71177483266112,-5.87641113556092,18.144834015115368,0.03894685013571535,0.031236975324988182,1.2220441108659457,-0.0021017265083996158,0.0006904567309234435,-0.005185750111742543,10.000000003626253,7.924202100084607e-08,0.04992755344959976,0.0,0.0,0.0,0.0,-2.4940650090687922e-08,23.459687231071054,0.2687992453575134,0.11888635158538818,17.95270347595215,0.012370745651423931,0.004155078437179327,1.1363487243652344,22.864050023603816,4.792284473839789,23.073491451033828,True,0.8403915762901306,389.5,169.5,True,OFFBOARD
28.552,TAKEOFF,True,-12.707918860672658,-5.873239124276424,18.2669897111227,0.0382269133993192,0.032136087236022105,1.2213808477878347,-0.0019775145716861443,0.0008202533193417362,-0.005228464178035656,10.000000003626253,7.924202100084607e-08,0.04992755344959976,0.0,0.0,0.0,0.0,-2.4940650090687922e-08,23.455159728497442,0.2718344032764435,0.11985737830400467,18.068052291870117,0.010209891945123672,0.004498146940022707,1.1346909999847412,22.81419700924266,4.779049590909526,23.01882238371172,True,0.8375303149223328,393.0,184.5,True,OFFBOARD
28.652,TAKEOFF,True,-12.704118127449537,-5.869981880802029,18.389139982990486,0.03789496267869867,0.03299698900888731,1.2216479465652113,-0.0021411521164159224,0.0013319181059532742,-0.0052718792348119,10.000000003626253,7.924202100084607e-08,0.04992755344959976,0.0,0.0,0.0,0.0,-2.4940650090687922e-08,23.45066456032935,0.27584466338157654,0.12158196419477463,18.194459915161133,0.008983027189970016,0.004152251407504082,1.1353628635406494,22.875417513440972,4.790019414974672,23.0767198977018,True,0.8375303149223328,393.0,184.5,True,OFFBOARD
28.752,TAKEOFF,True,-12.700324929872814,-5.866630021798024,18.511254941766673,0.03799387352031552,0.03401797153484321,1.2205702936480705,-0.0022842622540818138,0.0014911825158717173,-0.005269119270842971,10.000000003626253,7.924202100084607e-08,0.04992755344959976,0.0,0.0,0.0,0.0,-2.4940650090687922e-08,23.44615322028048,0.2807989716529846,0.12394725531339645,18.312437057495117,0.010150877758860588,0.0043265921995043755,1.1337776184082031,22.82301383568967,4.77491141428886,23.017013676506142,True,0.8375303149223328,393.0,184.5,True,OFFBOARD
28.852,TAKEOFF,True,-12.696522711701856,-5.863173347466214,18.633241495441855,0.03800526567215505,0.035066399542771555,1.219372711226794,-0.0022767700590068355,0.0012696310894532085,-0.0052428503594454225,10.000000003626253,7.924202100084607e-08,0.04992755344959976,0.0,0.0,0.0,0.0,-2.4940650090687922e-08,23.44160715478063,0.28485819697380066,0.1259458065032959,18.438432693481445,0.008724179118871689,0.004360548686236143,1.1311306953430176,22.846282235815654,4.772380730680469,23.03491289684084,True,0.8375303149223328,393.0,184.5,True,OFFBOARD
28.951999999999998,TAKEOFF,True,-12.692576145066127,-5.8594728908121,18.760057269689014,0.037901644662432364,0.03601839028317565,1.219735608423157,-0.0020799373565824407,0.0013079119545909772,-0.0052466583567057105,10.000000003626253,7.924202100084607e-08,0.04992755344959976,0.0,0.0,0.0,0.0,-2.4940650090687922e-08,23.436860620633414,0.28753575682640076,0.12742851674556732,18.553035736083984,0.006975655443966389,0.004214548505842686,1.129180669784546,22.829194327131095,4.763817968769731,23.01352815739108,True,0.8375303149223328,393.0,184.5,True,OFFBOARD
29.052,TAKEOFF,True,-12.688936250724444,-5.855980394550233,18.87724610722847,0.037976918935340734,0.03668261252712309,1.2216541402155847,-0.0019085881854723765,0.0015736319425206664,-0.005294052081113332,10.000000003626253,7.924202100084607e-08,0.04992755344959976,0.0,0.0,0.0,0.0,-2.4940650090687922e-08,23.43246328629207,0.2919260561466217,0.12966877222061157,18.67931365966797,0.00798257440328598,0.0050604091957211494,1.129492163658142,22.833640947346336,4.763933363537338,23.01315533642588,True,0.8375303149223328,393.0,184.5,True,OFFBOARD
29.152,TAKEOFF,True,-12.684976583527892,-5.852135778167357,19.004304161396355,0.03810912885468988,0.03721264380119967,1.2212869607625798,-0.0018379905902381984,0.0012745541553592866,-0.005319616393803945,10.000000003626253,7.924202100084607e-08,0.04992755344959976,0.0,0.0,0.0,0.0,-2.4940650090687922e-08,23.42766861754085,0.2980318069458008,0.1324811726808548,18.797773361206055,0.010413636453449726,0.005347824189811945,1.1297743320465088,22.812948377759266,4.756893192992622,22.98492233452823,True,0.8376516699790955,397.0,205.5,True,OFFBOARD
29.252,TAKEOFF,True,-12.681180986818731,-5.848389156006049,19.12634252648745,0.037716904771625204,0.03769909152204555,1.2196203086547304,-0.0018708570365318414,0.0006586284550573906,-0.0053312704357295,10.000000003626253,7.924202100084607e-08,0.04992755344959976,0.0,0.0,0.0,0.0,-2.4940650090687922e-08,23.423057609293636,0.3031516969203949,0.13476330041885376,18.92407989501953,0.011116329580545425,0.004103397019207478,1.1281143426895142,22.81380029855484,4.760626946783655,22.981033809231175,True,0.8376516699790955,397.0,205.5,True,OFFBOARD
29.352,TAKEOFF,True,-12.677456125924621,-5.844591343623474,19.248241297297614,0.03674596654517615,0.038240623914798426,1.2185819841651246,-0.0019203762285199173,0.00024009496091233933,-0.0053749453947142525,10.000000003626253,7.924202100084607e-08,0.04992755344959976,0.0,0.0,0.0,0.0,-2.4940650090687922e-08,23.418502629500836,0.30672338604927063,0.1363760381937027,19.03955078125,0.009775814600288868,0.004837976302951574,1.126684546470642,22.87882345579254,4.781084253599541,23.04502150063572,True,0.8376516699790955,397.0,205.5,True,OFFBOARD
29.452,TAKEOFF,True,-12.673836166458967,-5.84074003188674,19.370113221146173,0.035758254177127115,0.038737604094771755,1.218967790607876,-0.0017393592683375234,0.0005771205867384294,-0.005413151757562992,10.000000003626253,7.924202100084607e-08,0.04992755344959976,0.0,0.0,0.0,0.0,-2.4940650090687922e-08,23.414036211503845,0.3106849491596222,0.1388568878173828,19.165678024291992,0.009222229942679405,0.007060182746499777,1.1264106035232544,22.79807165186805,4.764039156721992,22.958111240642975,True,0.8376516699790955,397.0,205.5,True,OFFBOARD
29.552,TAKEOFF,True,-12.67043149997269,-5.837011956680926,19.487096272674986,0.03524830090864997,0.03884818503482502,1.2180335514877676,-0.0012827948995618964,0.0008777670034652071,-0.0054728958276529524,10.000000003626253,7.924202100084607e-08,0.04992755344959976,0.0,0.0,0.0,0.0,-2.4940650090687922e-08,23.409809355628692,0.31496742367744446,0.14201176166534424,19.28360366821289,0.00889619067311287,0.007451973855495453,1.1253312826156616,22.854353075602877,4.775016366911471,23.010620096782567,True,0.8376516699790955,397.0,205.5,True,OFFBOARD
29.652,TAKEOFF,True,-12.66692644509469,-5.833138425505125,19.608825067381648,0.03487479673386411,0.0386230598023436,1.2167484444704513,-0.0012180094023085347,0.0009070549059192851,-0.005504626285126167,10.000000003626253,7.924202100084607e-08,0.04992755344959976,0.0,0.0,0.0,0.0,-2.4940650090687922e-08,23.405449353671656,0.31840401887893677,0.14458997547626495,19.40867042541504,0.008824889548122883,0.006540970411151648,1.1242338418960571,22.803604281993454,4.762930878582361,22.954592210920847,True,0.8506557941436768,402.0,226.0,True,OFFBOARD
29.752,TAKEOFF,True,-12.663459548921352,-5.829284513345998,19.7304861837576,0.034458886767457744,0.03847236403441383,1.2167994725565383,-0.0012893665866163383,0.0008163632135032461,-0.005527925942524733,10.000000003626253,7.924202100084607e-08,0.04992755344959976,0.0,0.0,0.0,0.0,-2.4940650090687922e-08,23.40113154852443,0.32073238492012024,0.14648199081420898,19.522703170776367,0.007535749115049839,0.007094600237905979,1.1230908632278442,22.802252833591105,4.7619337074644665,22.950406450273196,True,0.8506557941436768,402.0,226.0,True,OFFBOARD
29.852,TAKEOFF,True,-12.660169450083613,-5.825596186830378,19.847368342285105,0.034140792493744375,0.038370991748419216,1.218304576710659,-0.0012872419140128309,0.0010758899806854265,-0.005552775151058198,10.000000003626253,7.924202100084607e-08,0.04992755344959976,0.0,0.0,0.0,0.0,-2.4940650090687922e-08,23.397026553092644,0.32387232780456543,0.15060317516326904,19.64678382873535,0.0065576424822211266,0.008983406238257885,1.1242786645889282,22.75667502516939,4.751999583873594,22.89985776744019,True,0.8506557941436768,402.0,226.0,True,OFFBOARD
29.951999999999998,TAKEOFF,True,-12.656484840214834,-5.821465271214257,19.979001291162174,0.03413420310291583,0.03804611511027338,1.2190423530458518,-0.0007950580520710297,0.0013226348506944333,-0.00557852557758293,10.000000003626253,7.924202100084607e-08,0.04992755344959976,0.0,0.0,0.0,0.0,-2.4940650090687922e-08,23.392429636653045,0.3277430236339569,0.15680620074272156,19.762874603271484,0.005587708670645952,0.010744979605078697,1.1254501342773438,22.757759824589833,4.7496212842086045,22.89540574180931,True,0.8506557941436768,402.0,226.0,True,OFFBOARD
30.052,TAKEOFF,True,-12.653062951625662,-5.817702703595638,20.100908598782453,0.034338330835121736,0.037139755542626655,1.2193072959403404,-0.00020693402733897912,0.0015524123346280227,-0.005561276849049782,10.000000003626253,7.924202100084607e-08,0.04992755344959976,0.0,0.0,0.0,0.0,-2.4940650090687922e-08,23.388179213526726,0.330715149641037,0.1620931178331375,19.887279510498047,0.004452241584658623,0.010886415839195251,1.1249213218688965,22.839463943673852,4.758509211698019,22.9732630068263,True,0.8506557941436768,402.0,226.0,True,OFFBOARD
30.152,TAKEOFF,True,-12.649748001369927,-5.814196840347556,20.218002441610082,0.03474923340643839,0.03593596742106476,1.220255406372657,-7.530171012697041e-05,0.001801608706041698,-0.00552360321750933,10.000000003626253,7.924202100084607e-08,0.04992755344959976,0.0,0.0,0.0,0.0,-2.4940650090687922e-08,23.384096529684303,0.33257290720939636,0.1659015715122223,20.001266479492188,0.0037393448874354362,0.011302493512630463,1.124237060546875,22.81304117008687,4.7494409496119205,22.942979025157825,True,0.8615778684616089,405.5,244.5,True,OFFBOARD
30.252,TAKEOFF,True,-12.64609953182226,-5.810530735849174,20.345023036335874,0.03541741964184995,0.03462898274603742,1.2223349606540095,-8.681047265851991e-05,0.001966107819736716,-0.0054979413038344395,10.000000003626253,7.924202100084607e-08,0.04992755344959976,0.0,0.0,0.0,0.0,-2.4940650090687922e-08,23.37965124895078,0.335458904504776,0.17162750661373138,20.12538719177246,0.004405423067510128,0.012828504666686058,1.1266541481018066,22.82049081536268,4.746736236749659,22.94576823566525,True,0.8615778684616089,405.5,244.5,True,OFFBOARD
30.352,TAKEOFF,True,-12.642669518229981,-5.807268045476119,20.462409783917963,0.03596122760893824,0.033323442167641534,1.2229086343486877,0.0004351935767970409,0.0016622192611187219,-0.005496551698321557,10.000000003626253,7.924202100084607e-08,0.04992755344959976,0.0,0.0,0.0,0.0,-2.4940650090687922e-08,23.375518093688633,0.33939746022224426,0.1791069656610489,20.241056442260742,0.005345153156667948,0.015589207410812378,1.1278702020645142,22.73811905488329,4.724464313581144,22.85526203077589,True,0.8615778684616089,405.5,244.5,True,OFFBOARD
30.404,TAKEOFF,True,-12.640650804976268,-5.80543282878461,20.530892321037467,0.036103384385470914,0.03225436522417147,1.2229390704982201,0.0009196043726495604,0.0014280427569136828,-0.005474136112744544,10.000000003626253,7.924202100084607e-08,0.04992755344959976,0.0,0.0,0.0,0.0,-2.4940650090687922e-08,23.373106774382233,0.3414546549320221,0.18329854309558868,20.31749725341797,0.005924598779529333,0.01675792783498764,1.127593994140625,22.73811905488329,4.724464313581144,22.85241262534602,True,0.8615778684616089,405.5,244.5,True,OFFBOARD
30.5,TAKEOFF,True,-12.637329710284424,-5.802569874722824,20.643422077974442,0.036043876834999475,0.029993112719535184,1.2235139353076647,0.0015344766859261396,0.0011250956189423954,-0.005425213661365118,10.000000003626253,7.924202100084607e-08,0.04992755344959976,0.0,0.0,0.0,0.0,-2.4940650090687922e-08,23.369178732830104,0.34335872530937195,0.1873357892036438,20.40321159362793,0.005908877123147249,0.016913248226046562,1.1272977590560913,22.753197656203266,4.7205552045309815,22.863747706273095,True,0.8615778684616089,405.5,244.5,True,OFFBOARD
30.552,TAKEOFF,True,-12.635458257532234,-5.801050024510681,20.70706697781449,0.03594779761265702,0.028563945019890652,1.2243311580397263,0.0016961870855937862,0.0011724769094537935,-0.005409775632354033,10.000000003626253,7.924202100084607e-08,0.04992755344959976,0.0,0.0,0.0,0.0,-2.4940650090687922e-08,23.36698853080767,0.34482452273368835,0.1907711625099182,20.48857879638672,0.004809439182281494,0.016963737085461617,1.127333164215088,22.753733993297793,4.719459666476292,22.861938746000845,True,0.8615778684616089,405.5,244.5,True,OFFBOARD
30.652,TAKEOFF,True,-12.632011518451897,-5.798444459032151,20.82469768663598,0.03589657823731517,0.025833816804188007,1.2263631965681236,0.001775417522335477,0.0013763489720710737,-0.005376802934724627,10.000000003626253,7.924202100084607e-08,0.04992755344959976,0.0,0.0,0.0,0.0,-2.4940650090687922e-08,23.363002902001273,0.3478265702724457,0.1947816014289856,20.604896545410156,0.0047622364945709705,0.017057238146662712,1.1283999681472778,22.66626246295493,4.698184571029608,22.768250240244317,True,0.8533109426498413,412.5,263.0,True,OFFBOARD
30.752,TAKEOFF,True,-12.628271420880438,-5.7959100596589845,20.95224592355311,0.03604823560414817,0.023050960550067567,1.2257660756341173,0.0016608851597416467,0.0015314032561021575,-0.005310195741802765,10.000000003626253,7.924202100084607e-08,0.04992755344959976,0.0,0.0,0.0,0.0,-2.4940650090687922e-08,23.358750865561316,0.3519674241542816,0.19828185439109802,20.72405433654785,0.004786886740475893,0.016568556427955627,1.1287323236465454,22.681409315182417,4.702252042912321,22.77915105143056,True,0.8533109426498413,412.5,263.0,True,OFFBOARD
30.852,TAKEOFF,True,-12.624655412892757,-5.793733380342963,21.074697217384035,0.036260602775122754,0.020638255753748953,1.2233694188509494,0.001425404041934719,0.001533113085580437,-0.005315591896885752,10.000000003626253,7.924202100084607e-08,0.04992755344959976,0.0,0.0,0.0,0.0,-2.4940650090687922e-08,23.354707879075207,0.3552125096321106,0.20129276812076569,20.850614547729492,0.004435396753251553,0.015518826432526112,1.1268324851989746,22.733997794594035,4.711049348219181,22.82866477133889,True,0.8533109426498413,412.5,263.0,True,OFFBOARD
30.951999999999998,TAKEOFF,True,-12.621017897994712,-5.791780435304261,21.19695076329024,0.03647334781562201,0.018569822551573367,1.2219541412213244,0.0011178780655870765,0.0014615143941155186,-0.005377464796629464,10.000000003626253,7.924202100084607e-08,0.04992755344959976,0.0,0.0,0.0,0.0,-2.4940650090687922e-08,23.350699613376346,0.35736319422721863,0.20346291363239288,20.966073989868164,0.0047746337950229645,0.013060588389635086,1.1252670288085938,22.700148786049066,4.707458080856442,22.792236407788057,True,0.8533109426498413,412.5,263.0,True,OFFBOARD
31.052,TAKEOFF,True,-12.61722215714175,-5.7899463532969495,21.324008427902573,0.03648602087496003,0.016839759696205603,1.2215813381330192,0.000770490360272411,0.0012800004556380075,-0.005389945800861818,10.000000003626253,7.924202100084607e-08,0.04992755344959976,0.0,0.0,0.0,0.0,-2.4940650090687922e-08,23.34656758414834,0.3606886565685272,0.2066933512687683,21.093881607055664,0.004974928218871355,0.012718923389911652,1.1251202821731567,22.614479646136456,4.688820490175477,22.70067569691922,True,0.8449081182479858,417.0,281.0,True,OFFBOARD
31.152,TAKEOFF,True,-12.613576382663652,-5.788334824497531,21.446010981650254,0.03642797000455142,0.015430529339114919,1.2180339000598484,0.0009066640537549179,0.0012477650205609636,-0.005367231362223614,10.000000003626253,7.924202100084607e-08,0.04992755344959976,0.0,0.0,0.0,0.0,-2.4940650090687922e-08,23.34263605371977,0.36507707834243774,0.21099382638931274,21.213871002197266,0.005447228439152241,0.013659975491464138,1.1244268417358398,22.667250151822802,4.69388290591043,22.748257478294075,True,0.8449081182479858,417.0,281.0,True,OFFBOARD
31.252,TAKEOFF,True,-12.610084731936412,-5.786931518960325,21.562722045584966,0.036310137303600366,0.013808681118083945,1.2139782522097196,0.0013325012306865047,0.001163727602761197,-0.005351706407909448,10.000000003626253,7.924202100084607e-08,0.04992755344959976,0.0,0.0,0.0,0.0,-2.4940650090687922e-08,23.338905481440143,0.36855438351631165,0.214746356010437,21.341066360473633,0.005390636622905731,0.013858766295015812,1.1195966005325317,22.869177175019733,4.729305464201949,22.949058149450888,True,0.8449081182479858,417.0,281.0,True,OFFBOARD
31.352,TAKEOFF,True,-12.606465108075664,-5.785652918849295,21.684003740078765,0.0360825953857902,0.011813516469103483,1.2122099710259686,0.00156872231170512,0.0011356798823873417,-0.005373593971292182,10.000000003626253,7.924202100084607e-08,0.04992755344959976,0.0,0.0,0.0,0.0,-2.4940650090687922e-08,23.33508186102888,0.3707923889160156,0.2175285518169403,21.45572280883789,0.0036174377892166376,0.014213101007044315,1.1169543266296387,22.763888216853466,4.709572311321724,22.83920309241317,True,0.8449081182479858,417.0,281.0,True,OFFBOARD
31.452,TAKEOFF,True,-12.60286013321965,-5.784578745851401,21.80525152968546,0.03610482861311459,0.009746248002971162,1.2130244904675755,0.0016927674229309563,0.001642162759626899,-0.0054005361764341885,10.000000003626253,7.924202100084607e-08,0.04992755344959976,0.0,0.0,0.0,0.0,-2.4940650090687922e-08,23.331323120421974,0.3749673068523407,0.21953214704990387,21.581562042236328,0.0031275502406060696,0.014743032865226269,1.1174817085266113,22.7124937714014,4.696029082790108,22.781661778064414,True,0.8666641712188721,419.5,296.0,True,OFFBOARD
31.552,TAKEOFF,True,-12.599226306715076,-5.783714953918103,21.9264860292723,0.036567800219739405,0.007606052625819171,1.210921345888918,0.001838604095967706,0.0017132913344468273,-0.005431081782058507,10.000000003626253,7.924202100084607e-08,0.04992755344959976,0.0,0.0,0.0,0.0,-2.4940650090687922e-08,23.32758858971124,0.3812011778354645,0.2204580157995224,21.700851440429688,0.004929783754050732,0.013794254511594772,1.1191731691360474,22.70522898775699,4.688600922230352,22.766785427249886,True,0.8666641712188721,419.5,296.0,True,OFFBOARD
31.652,TAKEOFF,True,-12.595558139673463,-5.783063458614602,22.047375434670716,0.03670209976795057,0.005572324522204468,1.2071201583362794,0.0015561421652991803,0.0012106083951911669,-0.005446229641591532,10.000000003626253,7.924202100084607e-08,0.04992755344959976,0.0,0.0,0.0,0.0,-2.4940650090687922e-08,23.323873428102047,0.3877975344657898,0.22136245667934418,21.82902717590332,0.006340461317449808,0.01292195450514555,1.1170220375061035,22.715565756239148,4.689353789292742,22.770423367024613,True,0.8666641712188721,419.5,296.0,True,OFFBOARD
31.752,TAKEOFF,True,-12.591759557926189,-5.782578588215625,22.172659791463268,0.036244925531031376,0.003868565053582942,1.202286535060185,0.0013401716420940203,0.0005217226611821701,-0.005501446626531298,10.000000003626253,7.924202100084607e-08,0.04992755344959976,0.0,0.0,0.0,0.0,-2.4940650090687922e-08,23.32007324457478,0.39441147446632385,0.2221977859735489,21.94776725769043,0.008296631276607513,0.011843972839415073,1.1146490573883057,22.802248999297486,4.70645602443813,22.852128007878587,True,0.874394416809082,422.0,309.5,True,OFFBOARD
31.852,TAKEOFF,True,-12.588188205861318,-5.782268014939041,22.29266059724072,0.03514363238800076,0.0024338393283149713,1.198210342266153,0.001209035974229195,1.252230741785755e-05,-0.005594129536378453,10.000000003626253,7.924202100084607e-08,0.04992755344959976,0.0,0.0,0.0,0.0,-2.4940650090687922e-08,23.31653642589777,0.39978086948394775,0.22304286062717438,22.073888778686523,0.008147475309669971,0.011813097633421421,1.110665202140808,22.783014725256855,4.702264099039679,22.827014275740577,True,0.874394416809082,422.0,309.5,True,OFFBOARD
31.951999999999998,TAKEOFF,True,-12.584741128556765,-5.782090418085428,22.412390029570364,0.03388057561717209,0.0011928659623946637,1.19688011109537,0.0011239613999089973,0.0001476200741929683,-0.005689901159728631,10.000000003626253,7.924202100084607e-08,0.04992755344959976,0.0,0.0,0.0,0.0,-2.4940650090687922e-08,23.3131529941148,0.403382807970047,0.2237907201051712,22.187755584716797,0.007721354719251394,0.011700455099344254,1.1086705923080444,22.73838220405163,4.697147444396313,22.77856708411935,True,0.874394416809082,422.0,309.5,True,OFFBOARD
32.052,TAKEOFF,True,-12.581536488322222,-5.782034892801591,22.527334592409797,0.0329774573793157,-1.2327705310983084e-05,1.1980687798993044,0.001326924666713254,0.0004713409356785063,-0.005685980381198675,10.000000003626253,7.924202100084607e-08,0.04992755344959976,0.0,0.0,0.0,0.0,-2.4940650090687922e-08,23.31003472230653,0.4078267514705658,0.22470258176326752,22.310367584228516,0.006939048878848553,0.012742818333208561,1.1092705726623535,22.7878940163714,4.700015391113094,22.823142542669633,True,0.874394416809082,422.0,309.5,True,OFFBOARD
32.152,TAKEOFF,True,-12.578273616150856,-5.782111529861803,22.647226785499154,0.03232338489230125,-0.0015010315824429802,1.199579169498586,0.0015984024413432897,0.0005566292178763129,-0.005633267287538129,10.000000003626253,7.924202100084607e-08,0.04992755344959976,0.0,0.0,0.0,0.0,-2.4940650090687922e-08,23.30689284974846,0.4138508141040802,0.22563529014587402,22.42524528503418,0.007342420518398285,0.0120006762444973,1.1109699010849,22.718939508436996,4.679854060261102,22.74548409056411,True,0.8716797232627869,423.5,318.5,True,OFFBOARD
32.252,TAKEOFF,True,-12.574951259982601,-5.782355281319,22.772041530423145,0.03155998779721137,-0.0030958561957531707,1.2006895344795054,0.0014912968817176896,0.0003315705274477941,-0.005610644506716385,10.000000003626253,7.924202100084607e-08,0.04992755344959976,0.0,0.0,0.0,0.0,-2.4940650090687922e-08,23.303734852382,0.41864094138145447,0.22656579315662384,22.548641204833984,0.006969951558858156,0.011213014833629131,1.111402153968811,22.798395004354,4.695887857466898,22.82166145646865,True,0.8716797232627869,423.5,318.5,True,OFFBOARD
32.352,TAKEOFF,True,-12.57184039037414,-5.782733486266228,22.892213346857332,0.030694852934699552,-0.00436363292341397,1.2028543779323333,0.0012452528553485913,0.00030752544752663793,-0.005616931652100149,10.000000003626253,7.924202100084607e-08,0.04992755344959976,0.0,0.0,0.0,0.0,-2.4940650090687922e-08,23.3008151415757,0.42178022861480713,0.22738680243492126,22.662036895751953,0.006527578923851252,0.01185548771172762,1.1124399900436401,22.795628551935014,4.693144203371414,22.815172100138923,True,0.8716797232627869,423.5,318.5,True,OFFBOARD
32.452,TAKEOFF,True,-12.568813040193964,-5.783227372638876,23.01262334936061,0.029898577517540888,-0.005484775880267066,1.2051565438108296,0.0014093714290919297,0.00039066441229925527,-0.0056558384656669085,10.000000003626253,7.924202100084607e-08,0.04992755344959976,0.0,0.0,0.0,0.0,-2.4940650090687922e-08,23.298005107027905,0.42626798152923584,0.2280004918575287,22.7883243560791,0.0071515585295856,0.013998227193951607,1.1144896745681763,22.72702386500902,4.677605288085115,22.740331919678958,True,0.8716797232627869,423.5,318.5,True,OFFBOARD
32.552,TAKEOFF,True,-12.565974383712676,-5.783821201667933,23.128283484996306,0.029278641938415745,-0.006909847984601285,1.2037279156061838,0.0019716050263267463,0.00040270038633217125,-0.005727841210391906,10.000000003626253,7.924202100084607e-08,0.04992755344959976,0.0,0.0,0.0,0.0,-2.4940650090687922e-08,23.295402736581813,0.43196308612823486,0.22822259366512299,22.9069766998291,0.008126064203679562,0.014598901383578777,1.1165108680725098,22.76125781119298,4.679875956876253,22.768720222818697,True,0.8783344626426697,425.5,333.5,True,OFFBOARD
32.652,TAKEOFF,True,-12.563088611458502,-5.7846089810421395,23.248481040718453,0.02841870004359435,-0.008809113491219364,1.200449166609329,0.0022869792407680055,7.956604835130392e-05,-0.0057842744727059124,10.000000003626253,7.924202100084607e-08,0.04992755344959976,0.0,0.0,0.0,0.0,-2.4940650090687922e-08,23.292802962127354,0.4365229606628418,0.22876255214214325,23.0333251953125,0.008367875590920448,0.01447071973234415,1.1136811971664429,22.808052992524114,4.690682248941564,22.812147714477863,True,0.8783344626426697,425.5,333.5,True,OFFBOARD
32.752,TAKEOFF,True,-12.560191771396637,-5.785637732398968,23.37322109962206,0.02730667008698541,-0.010875517707079702,1.1987902866265054,0.002263799441680602,-8.542477831381882e-05,-0.005825197920123556,10.000000003626253,7.924202100084607e-08,0.04992755344959976,0.0,0.0,0.0,0.0,-2.4940650090687922e-08,23.290252420557838,0.43962588906288147,0.2294584959745407,23.14801597595215,0.007855233736336231,0.014813452027738094,1.1120660305023193,22.82187071813069,4.69572955703713,22.82350675902408,True,0.8783344626426697,425.5,333.5,True,OFFBOARD
32.852,TAKEOFF,True,-12.557622741730924,-5.786770303657493,23.488300760698976,0.02627594826842273,-0.012604603695145149,1.1988442043413703,0.002068141861503447,-1.6030158946846066e-05,-0.0057834883689856535,10.000000003626253,7.924202100084607e-08,0.04992755344959976,0.0,0.0,0.0,0.0,-2.4940650090687922e-08,23.288045332020857,0.44226595759391785,0.22906619310379028,23.27324867248535,0.006481758318841457,0.013512782752513885,1.1123279333114624,22.750900754162615,4.6747092445824725,22.74728398354046,True,0.8783344626426697,425.5,333.5,True,OFFBOARD
32.952,TAKEOFF,True,-12.55504363915675,-5.788111534193491,23.608132461034035,0.025388725534050437,-0.014110250648312924,1.1965012328400166,0.001853971608602823,0.00019904785216813434,-0.0057241680597908745,10.000000003626253,7.924202100084607e-08,0.04992755344959976,0.0,0.0,0.0,0.0,-2.4940650090687922e-08,23.285880481043296,0.4442910850048065,0.2274843454360962,23.390182495117188,0.0065920683555305,0.012847749516367912,1.1126163005828857,22.781876300414236,4.677680381282137,22.776565983772397,True,0.894320011138916,428.0,345.5,True,OFFBOARD
33.052,TAKEOFF,True,-12.552542007758035,-5.789590695375874,23.726583312976096,0.024678858471542654,-0.01540206188388969,1.1657857599047232,0.0018505081997578303,0.00021092514576644993,-0.005699286459619728,10.000000003626253,7.924202100084607e-08,0.04992755344959976,0.0,0.0,0.0,0.0,-2.4940650090687922e-08,23.28382512631449,0.44576701521873474,0.22650983929634094,23.515045166015625,0.004821597598493099,0.01269726362079382,1.0915260314941406,22.78040950108661,4.669848203677068,22.772340915942564,True,0.894320011138916,428.0,345.5,True,OFFBOARD
33.152,TAKEOFF,True,-12.550107295792921,-5.791192971599943,23.839923286031336,0.024093874105635443,-0.01657479970549179,1.09924466986333,0.0018055297203600116,0.0005323016964110179,-0.005684287352409635,10.000000003626253,7.924202100084607e-08,0.04992755344959976,0.0,0.0,0.0,0.0,-2.4940650090687922e-08,23.281865392778094,0.44648194313049316,0.2261103391647339,23.63409996032715,0.0016688108444213867,0.01219538226723671,1.0295666456222534,22.872611384607968,4.68526736551237,22.865156092000078,True,0.894320011138916,428.0,345.5,True,OFFBOARD
33.252,TAKEOFF,True,-12.547707859102,-5.792906109218203,23.945793373421868,0.023993029197382904,-0.01762331737399836,1.0206239566901318,0.0017149824261365211,0.001121863119242657,-0.005634129757232282,10.000000003626253,7.924202100084607e-08,0.04992755344959976,0.0,0.0,0.0,0.0,-2.4940650090687922e-08,23.279967611043578,0.4486481845378876,0.22457267343997955,23.7385311126709,-0.0005555659881792963,0.010389006696641445,0.9556580781936646,22.66352327039248,4.637144913046134,22.648873456529046,True,0.894320011138916,428.0,345.5,True,OFFBOARD
33.352,TAKEOFF,True,-12.545290872142035,-5.794716205561779,24.043753393598884,0.02439879157293572,-0.018489458043413204,0.9407908334122046,0.0013962600975023914,0.001586640149936478,-0.00560698664556577,10.000000003626253,7.924202100084607e-08,0.04992755344959976,0.0,0.0,0.0,0.0,-2.4940650090687922e-08,23.2780771863651,0.4524122178554535,0.22171244025230408,23.837677001953125,-0.0019150562584400177,0.008137702941894531,0.8820106387138367,22.76079727095792,4.648176500132663,22.7432985239806,True,0.8854238390922546,431.5,357.0,True,OFFBOARD
33.452,TAKEOFF,True,-12.542815709619516,-5.796590484670543,24.133739754266017,0.025087650948475457,-0.01888780701014727,0.8626305473462387,0.0008466335106100344,0.0016634103524001945,-0.005620350238752133,10.000000003626253,7.924202100084607e-08,0.04992755344959976,0.0,0.0,0.0,0.0,-2.4940650090687922e-08,23.276146640863917,0.455089271068573,0.21946226060390472,23.93504524230957,-0.002672827336937189,0.007311191409826279,0.8001103401184082,22.78326499652177,4.65658489713719,22.76478615138639,True,0.8854238390922546,431.5,357.0,True,OFFBOARD
33.552,TAKEOFF,True,-12.540276193640281,-5.798482987926754,24.216153942130422,0.02564298263554997,-0.018944092148185262,0.7891476748308452,0.0007328704285514733,0.001444540922692153,-0.005647595726132881,10.000000003626253,7.924202100084607e-08,0.04992755344959976,0.0,0.0,0.0,0.0,-2.4940650090687922e-08,23.274158565441272,0.4566040337085724,0.21813470125198364,24.015451431274414,-0.002840907545760274,0.007544833235442638,0.7289105653762817,22.71241807943389,4.642275348920891,22.691282011121817,True,0.8854238390922546,431.5,357.0,True,OFFBOARD
33.652,TAKEOFF,True,-12.537691678929894,-5.800377201304237,24.291414241281874,0.026020184773409068,-0.01892462141183601,0.7196374239972231,0.0006623407825976992,0.001389001565287758,-0.005625804742230804,10.000000003626253,7.924202100084607e-08,0.04992755344959976,0.0,0.0,0.0,0.0,-2.4940650090687922e-08,23.272127598795898,0.4587896466255188,0.21612101793289185,24.09735870361328,-0.002619805047288537,0.006478623487055302,0.6568974256515503,22.768840323587412,4.650549241740808,22.746483571768014,True,0.8854238390922546,431.5,357.0,True,OFFBOARD
33.752,TAKEOFF,True,-12.53507000150446,-5.802266698836849,24.360422932127864,0.026392744460907613,-0.018847053824355142,0.6623771081267494,0.0005406869608359284,0.001412860432519283,-0.0055675063676707045,10.000000003626253,7.924202100084607e-08,0.04992755344959976,0.0,0.0,0.0,0.0,-2.4940650090687922e-08,23.270059731340176,0.4616215229034424,0.21332266926765442,24.169424057006836,-0.0030412760097533464,0.005337600130587816,0.6036103367805481,22.831847688724793,4.656622792044502,22.807234262204325,True,0.8846489191055298,433.0,369.0,True,OFFBOARD
33.852,TAKEOFF,True,-12.532301179415606,-5.804215781595571,24.426181570454908,0.026852060087485814,-0.018628632148328623,0.6074732502086312,0.00043927530364719217,0.0015248133637152932,-0.005499686981001356,10.000000003626253,7.924202100084607e-08,0.04992755344959976,0.0,0.0,0.0,0.0,-2.4940650090687922e-08,23.26786449940149,0.46352875232696533,0.21124032139778137,24.238548278808594,-0.0041874730959534645,0.0056767952628433704,0.5459635853767395,22.642378594220066,4.61527436858062,22.61187511459382,True,0.8846489191055298,433.0,369.0,True,OFFBOARD
33.952,TAKEOFF,True,-12.52958866704491,-5.806066428138892,24.484596166753427,0.02740344876935861,-0.018423070500015595,0.5629720790896199,0.0006287934814897128,0.001706837734660655,-0.0054788423228770465,10.000000003626253,7.924202100084607e-08,0.04992755344959976,0.0,0.0,0.0,0.0,-2.4940650090687922e-08,23.265699515762787,0.4644470512866974,0.21004268527030945,24.295663833618164,-0.004707036539912224,0.006432459224015474,0.502079427242279,22.664601229025294,4.622618280913809,22.634435466841953,True,0.8846489191055298,433.0,369.0,True,OFFBOARD
34.052,TAKEOFF,True,-12.526811738644012,-5.807911904063609,24.53883971412306,0.028134754851316866,-0.0185325374830407,0.5241228706213371,0.0009203492008114833,0.0019111006792749412,-0.005490302048003219,10.000000003626253,7.924202100084607e-08,0.04992755344959976,0.0,0.0,0.0,0.0,-2.4940650090687922e-08,23.263471127016075,0.4662044644355774,0.2080889344215393,24.35384750366211,-0.004482183139771223,0.006106710992753506,0.46073248982429504,22.719166414817263,4.63064232138097,22.688175202638956,True,0.8846489191055298,433.0,369.0,True,OFFBOARD
34.152,TAKEOFF,True,-12.524070979990986,-5.809700967449909,24.587398294544165,0.02892124677230054,-0.01871524023025218,0.48850367850537413,0.0008467417469377529,0.0018890642986488558,-0.005493054992538386,10.000000003626253,7.924202100084607e-08,0.04992755344959976,0.0,0.0,0.0,0.0,-2.4940650090687922e-08,23.26126393657407,0.4688762426376343,0.20539982616901398,24.40492057800293,-0.004142354242503643,0.0059596821665763855,0.42699119448661804,22.759925686357093,4.6391466947178825,22.727714284474636,True,0.8846489191055298,433.0,369.0,True,OFFBOARD
34.252,TAKEOFF,True,-12.521141620636902,-5.811579452073032,24.63443703882826,0.029609697593664018,-0.01884425936082884,0.4541481905691721,0.0008345905565318196,0.001768594044866959,-0.005521298859704711,10.000000003626253,7.924202100084607e-08,0.04992755344959976,0.0,0.0,0.0,0.0,-2.4940650090687922e-08,23.258896721661554,0.4706990718841553,0.20346413552761078,24.454660415649414,-0.004327284637838602,0.006282860413193703,0.3911432921886444,22.7089513705187,4.6308905626271395,22.67469889690057,True,0.869343638420105,433.5,378.0,True,OFFBOARD
34.352,TAKEOFF,True,-12.518147510275831,-5.813472828248439,24.678169205148215,0.030259753501363798,-0.019041498873893968,0.42193750758319193,0.000995760802518197,0.0019125244514568004,-0.005516523834072718,10.000000003626253,7.924202100084607e-08,0.04992755344959976,0.0,0.0,0.0,0.0,-2.4940650090687922e-08,23.256470813603258,0.4715631306171417,0.20241178572177887,24.49599838256836,-0.005837985314428806,0.006794656161218882,0.3606143891811371,22.725326562535983,4.625040311989992,22.68897595673215,True,0.869343638420105,433.5,378.0,True,OFFBOARD
34.452,TAKEOFF,True,-12.514952300619726,-5.815471301009431,24.720400686005902,0.031208673294566874,-0.019397446776903495,0.3921495065189725,0.0011147069677172824,0.002279981369323936,-0.005513275889832471,10.000000003626253,7.924202100084607e-08,0.04992755344959976,0.0,0.0,0.0,0.0,-2.4940650090687922e-08,23.25387676575661,0.4733532667160034,0.2009565234184265,24.5406494140625,-0.005786314141005278,0.0067659239284694195,0.3316296935081482,22.725583788505528,4.625368834669883,22.687820245559394,True,0.869343638420105,433.5,378.0,True,OFFBOARD
34.552,TAKEOFF,True,-12.511774687816295,-5.817430320320539,24.758136701557248,0.032292251958061825,-0.019761660835049766,0.36279907813001544,0.0011052496851097614,0.0022591318071991657,-0.005505921560491467,10.000000003626253,7.924202100084607e-08,0.04992755344959976,0.0,0.0,0.0,0.0,-2.4940650090687922e-08,23.251290205320384,0.4763087034225464,0.19909214973449707,24.582351684570312,-0.004520608577877283,0.007284130901098251,0.3082456886768341,22.68725982190335,4.618324470419928,22.646323407823495,True,0.869343638420105,433.5,378.0,True,OFFBOARD
34.652,TAKEOFF,True,-12.508631406001625,-5.81934484303724,24.791426710202746,0.03311863154046633,-0.02010585301653581,0.33243259939123493,0.0010934595917918128,0.0020503771271923764,-0.005495791178412016,10.000000003626253,7.924202100084607e-08,0.04992755344959976,0.0,0.0,0.0,0.0,-2.4940650090687922e-08,23.24872605668844,0.47834327816963196,0.19787725806236267,24.621992111206055,-0.005096485838294029,0.006533023435622454,0.2772143483161926,22.790875220876583,4.643156718672717,22.75103494738739,True,0.869343638420105,433.5,378.0,True,OFFBOARD
34.752,TAKEOFF,True,-12.505146332233151,-5.821452014474441,24.824465166771972,0.033841169093688866,-0.02037582431861441,0.3043283445043894,0.0009515569519997174,0.0019218426686416878,-0.005448588133642315,10.000000003626253,7.924202100084607e-08,0.04992755344959976,0.0,0.0,0.0,0.0,-2.4940650090687922e-08,23.245879550532862,0.4793633818626404,0.19725234806537628,24.654308319091797,-0.005714070983231068,0.0065407888032495975,0.2517780363559723,22.669537433175634,4.623371936162975,22.62729234874791,True,0.8809208869934082,434.5,384.5,True,OFFBOARD
34.852,TAKEOFF,True,-12.501862978859952,-5.823417021033118,24.85255149055859,0.03459895292294525,-0.020567558892452084,0.2821650789667944,0.0010417128137008168,0.0023470245975832867,-0.005417679834458289,10.000000003626253,7.924202100084607e-08,0.04992755344959976,0.0,0.0,0.0,0.0,-2.4940650090687922e-08,23.243193076820575,0.4816702604293823,0.19620950520038605,24.687551498413086,-0.006363569758832455,0.006869071163237095,0.22882859408855438,22.688690516666984,4.630163952277114,22.645346115696682,True,0.8809208869934082,434.5,384.5,True,OFFBOARD
34.952,TAKEOFF,True,-12.49834560072122,-5.825490199012545,24.879598354402088,0.0357307801486292,-0.02090138816573426,0.25926062404118355,0.0011585545503942105,0.002562544071714852,-0.005371002419468858,10.000000003626253,7.924202100084607e-08,0.04992755344959976,0.0,0.0,0.0,0.0,-2.4940650090687922e-08,23.240307483221898,0.48545050621032715,0.19461794197559357,24.71722412109375,-0.005215891171246767,0.005750947166234255,0.21034950017929077,22.82214260766285,4.651345598008563,22.776967213286778,True,0.8809208869934082,434.5,384.5,True,OFFBOARD
35.052,TAKEOFF,True,-12.494566602285246,-5.82768190885739,24.905263403530572,0.03685015515045786,-0.021193850471686038,0.2357552476099833,0.0009401653551593467,0.002334954397794725,-0.0053732495714331535,10.000000003626253,7.924202100084607e-08,0.04992755344959976,0.0,0.0,0.0,0.0,-2.4940650090687922e-08,23.23719871546928,0.48816588521003723,0.19348664581775665,24.74530601501465,-0.005227171815931797,0.0047535221092402935,0.18767157196998596,22.709746795511034,4.630661404875822,22.660255470657777,True,0.8809208869934082,434.5,384.5,True,OFFBOARD
35.152,TRANSIT,True,-12.49098712297078,-5.829719951572708,24.92694265054216,0.03767481878416904,-0.021220068900625687,0.21683923504308011,0.0006492886086898529,0.002288335636226511,-0.005386829134352822,10.000000003626253,7.924202100084607e-08,0.04992755344959976,0.0,0.0,0.0,0.0,-2.4940650090687922e-08,23.234244932134896,0.48966237902641296,0.19282199442386627,24.76812744140625,-0.005627139937132597,0.00419223215430975,0.16925880312919617,22.6961130963243,4.6218155880706515,22.643816765561944,True,0.8783572912216187,435.5,388.5,True,OFFBOARD
35.252,TRANSIT,True,-12.487249669148385,-5.831865471861411,24.948142123182706,0.03484999436528924,-0.022632058221008076,0.2081642908178985,0.0075670221430719714,-0.013774917303332019,-0.0052215481377802875,10.000000003626253,7.924202100084607e-08,0.04992755344959976,0.0,0.0,0.0,0.0,-2.4940650090687922e-08,23.231165568086553,0.49303460121154785,0.19165463745594025,24.79231071472168,-0.006582152098417282,0.004699735902249813,0.15857776999473572,22.786056879592294,4.637985519648502,22.7321072630392,True,0.8783572912216187,435.5,388.5,True,OFFBOARD
35.352,TRANSIT,True,-12.485103925076777,-5.834687817773204,24.96821084972293,0.003788165483143475,-0.035362648453435855,0.19158768424715505,0.020622770620657427,-0.04811758008812942,-0.005277987751265271,10.000000003626253,7.924202100084607e-08,0.04992755344959976,0.0,0.0,0.0,0.0,-2.4940650090687922e-08,23.2297972772074,0.4974498748779297,0.18969684839248657,24.81566619873047,-0.02819768898189068,-0.003110181074589491,0.14913929998874664,22.49883139087437,4.527890864490519,22.425002027508015,True,0.8783572912216187,435.5,388.5,True,OFFBOARD
35.452,TRANSIT,True,-12.487651471436285,-5.839491069306947,24.986832616934606,-0.05249131684574131,-0.05664745736496125,0.16782125342725868,0.0239868574860401,-0.06075040026430108,-0.0053226138281259735,10.000000003626253,7.924202100084607e-08,0.04992755344959976,0.0,0.0,0.0,0.0,-2.4940650090687922e-08,23.23346994613297,0.49630093574523926,0.1868380457162857,24.83716583251953,-0.08229703456163406,-0.020972590893507004,0.12521550059318542,22.54476852257002,4.566117517567258,22.479168392532635,True,0.8783572912216187,435.5,388.5,True,OFFBOARD
35.552,TRANSIT,True,-12.495327080191677,-5.845880916698678,25.002079999405773,-0.10363572717569094,-0.07500053134883543,0.15109895397156697,0.020012565006663832,-0.05194922299289308,-0.00506100338836251,10.000000003626253,7.924202100084607e-08,0.04992755344959976,0.0,0.0,0.0,0.0,-2.4940650090687922e-08,23.24250557118688,0.4885559678077698,0.182954803109169,24.85366439819336,-0.1364084929227829,-0.03857206553220749,0.10807421803474426,22.688989081846024,4.616839124145164,22.63887277722138,True,0.8783572912216187,435.5,388.5,True,OFFBOARD
35.652,TRANSIT,True,-12.507856541928572,-5.854140242506034,25.01647396310421,-0.14268798577935202,-0.08867407242353412,0.13775469672826957,0.014531161323204521,-0.03695532498422551,-0.004767323086187841,10.000000003626253,7.924202100084607e-08,0.04992755344959976,0.0,0.0,0.0,0.0,-2.4940650090687922e-08,23.256710110890396,0.4776208996772766,0.17573262751102448,24.871328353881836,-0.18078722059726715,-0.052859727293252945,0.09457466006278992,22.88890304483427,4.653619796930044,22.85425651584142,True,0.8692559599876404,435.5,391.0,True,OFFBOARD
35.752,TRANSIT,True,-12.524188190415172,-5.863879450374591,25.0301065757586,-0.1684005828775629,-0.0975037243510785,0.12446244393691513,0.010341217426973307,-0.026378939959442866,-0.0045775974766550835,10.000000003626253,7.924202100084607e-08,0.04992755344959976,0.0,0.0,0.0,0.0,-2.4940650090687922e-08,23.274968033027495,0.46743401885032654,0.16644279658794403,24.887813568115234,-0.20535556972026825,-0.0612218864262104,0.08455781638622284,22.814546693307616,4.638537405116148,22.790196907278286,True,0.8692559599876404,435.5,391.0,True,OFFBOARD
35.852,TRANSIT,True,-12.541947611669844,-5.873917732661729,25.04187706682551,-0.1853207570430579,-0.10264562412984082,0.11203572445578165,0.007944138446981741,-0.022051684027463634,-0.004510387940834418,10.000000003626253,7.924202100084607e-08,0.04992755344959976,0.0,0.0,0.0,0.0,-2.4940650090687922e-08,23.294684216613746,0.4515230059623718,0.1567714363336563,24.90248680114746,-0.22448962926864624,-0.06767012178897858,0.07253468781709671,22.748909676224567,4.622410681401541,22.740171199669465,True,0.8692559599876404,435.5,391.0,True,OFFBOARD
35.952,TRANSIT,True,-12.560405031457718,-5.883931042228116,25.052125437669467,-0.1982666231212594,-0.10554371175768906,0.1018667878458666,0.0061251132658540364,-0.019894707404937435,-0.004448360097539656,10.000000003626253,7.924202100084607e-08,0.04992755344959976,0.0,0.0,0.0,0.0,-2.4940650090687922e-08,23.315070679482126,0.43349790573120117,0.1482158601284027,24.913715362548828,-0.23731212317943573,-0.07055704295635223,0.06350545585155487,22.73910002280932,4.619231525900452,22.749282777463094,True,0.8692559599876404,435.5,391.0,True,OFFBOARD
36.052,ACQUIRE,True,-12.580821682680218,-5.894566220322101,25.06181303555046,-0.20916418093681474,-0.10686651359220568,0.09292936922073293,0.004634462793611887,-0.017370281289619663,-0.00444123952318653,10.000000003626253,7.924202100084607e-08,0.04992755344959976,0.0,0.0,0.0,0.0,-2.4940650090687922e-08,23.337511004576424,0.4131653904914856,0.137814000248909,24.927242279052734,-0.24837709963321686,-0.07301883399486542,0.05457897111773491,22.76918890997405,4.6306557303904,22.803013274910803,True,0.8846787810325623,449.5,450.0,True,OFFBOARD
36.156,ACQUIRE,True,-12.602030615722496,-5.905236596748925,25.059380734866945,-0.21283621701680847,-0.10606770413393114,-0.22994057863094658,0.00028633748543395666,-0.006739609270984376,-0.004400797673972868,10.000000003626253,7.924202100084607e-08,0.04992755344959976,0.0,0.0,0.0,0.0,-2.4940650090687922e-08,23.360727906412656,0.39272022247314453,0.1260046809911728,24.937572479248047,-0.25793373584747314,-0.07678094506263733,-0.1682487279176712,22.779719101273166,4.630352515228535,22.835649064810756,True,0.8846787810325623,449.5,450.0,True,OFFBOARD
36.252,ACQUIRE,True,-12.622953384229804,-5.915603122635135,25.014419459948577,-0.2028705834542064,-0.1001644543528917,-0.6191699513616203,-0.011178749509896894,0.021715895189613494,-0.004364678868817969,10.000000003626253,7.924202100084607e-08,0.04992755344959976,0.0,0.0,0.0,0.0,-2.4940650090687922e-08,23.38359213703419,0.3714790940284729,0.11575138568878174,24.907541275024414,-0.2592421770095825,-0.07937318086624146,-0.5798161625862122,22.87641474453295,4.666341199643664,22.960400612537608,True,0.8846787810325623,449.5,450.0,True,OFFBOARD
36.352,ACQUIRE,True,-12.641743785371652,-5.924902891951676,24.940705033548518,-0.1703822118279135,-0.08485130149549146,-0.8211174707974733,-0.02083463737716176,0.045729109375630225,-0.0045242734512861505,10.000000003626253,7.924202100084607e-08,0.04992755344959976,0.0,0.0,0.0,0.0,-2.4940650090687922e-08,23.40412435928089,0.349824994802475,0.10646768659353256,24.84526824951172,-0.24000102281570435,-0.07274645566940308,-0.8130130171775818,28.952935650410527,5.893827290575692,29.18272554719253,True,0.8846787810325623,449.5,450.0,True,OFFBOARD
36.452,ACQUIRE,True,-12.656248316496724,-5.932249469405668,24.853408642074573,-0.11921326610713823,-0.06202077204736652,-0.907617550864245,-0.026489708252741297,0.06077689825518557,-0.00473859340293079,10.000000003626253,7.924202100084607e-08,0.04992755344959976,0.0,0.0,0.0,0.0,-2.4940650090687922e-08,23.420016495521644,0.33128660917282104,0.09729646146297455,24.761980056762695,-0.19281905889511108,-0.05623563006520271,-0.9253993630409241,22.920495814858423,4.647890637207955,23.0430093497042,True,0.8846787810325623,449.5,450.0,True,OFFBOARD
36.552,ACQUIRE,True,-12.664855348831418,-5.937025134196494,24.76069549515063,-0.05295284937380318,-0.033725217090492206,-0.9395775410226451,-0.032583432625459145,0.07827053112494001,-0.005043109734555979,10.000000003626253,7.924202100084607e-08,0.04992755344959976,0.0,0.0,0.0,0.0,-2.4940650090687922e-08,23.429552631939725,0.32127535343170166,0.09011692553758621,24.6805362701416,-0.13108481466770172,-0.03478802368044853,-0.9624394774436951,22.85113842577241,4.63655669469007,22.984012805272993,True,0.8846787810325623,449.5,450.0,True,OFFBOARD
36.652,ACQUIRE,True,-12.665947468513911,-5.938677647535546,24.666241870741903,0.03088259760504793,0.0002723677778395288,-0.9464981730860913,-0.03949573867597039,0.09988728086458405,-0.005366324806760662,10.000000003626253,7.924202100084607e-08,0.04992755344959976,0.0,0.0,0.0,0.0,-2.4940650090687922e-08,23.431027889368,0.31598544120788574,0.08583546429872513,24.587202072143555,-0.04834412783384323,-0.006518879905343056,-0.9720155596733093,22.93260114800002,4.654723606570208,23.073492255948292,True,0.8787274360656738,439.5,419.0,True,OFFBOARD
36.752,ACQUIRE,True,-12.657693785899356,-5.936649480456749,24.571737833140737,0.13292785106852295,0.039470310074033475,-0.9424102765462055,-0.0454389496142605,0.1207000844221448,-0.005648505339471293,10.000000003626253,7.924202100084607e-08,0.04992755344959976,0.0,0.0,0.0,0.0,-2.4940650090687922e-08,23.422529663863784,0.3183577358722687,0.08542449027299881,24.499420166015625,0.04703986272215843,0.02548193372786045,-0.9684690833091736,22.954897414616152,4.651521210935769,23.092469939133696,True,0.8787274360656738,439.5,419.0,True,OFFBOARD
36.852,ACQUIRE,True,-12.638392289215263,-5.930488495820877,24.47792779082039,0.25060259835287,0.08250982566114355,-0.9341031231698751,-0.05001397362539657,0.13852308127198934,-0.005913258839445449,10.000000003626253,7.924202100084607e-08,0.04992755344959976,0.0,0.0,0.0,0.0,-2.4940650090687922e-08,23.402296903157556,0.3329648971557617,0.08776561170816422,24.404388427734375,0.16731110215187073,0.06274426728487015,-0.9583340287208557,22.878877367116193,4.6329892228781455,22.999504924642494,True,0.8787274360656738,439.5,419.0,True,OFFBOARD
36.952,ACQUIRE,True,-12.606778272235337,-5.919919707205435,24.38492950153794,0.3774783197879461,0.12715453366690183,-0.9259544425520219,-0.05208369605776238,0.14849023953131685,-0.005974843722608636,10.000000003626253,7.924202100084607e-08,0.04992755344959976,0.0,0.0,0.0,0.0,-2.4940650090687922e-08,23.36903665733655,0.35944613814353943,0.09236118942499161,24.317323684692383,0.2893795371055603,0.09829167276620865,-0.9499697685241699,22.782645747042746,4.611598456741241,22.87407672844606,True,0.8787274360656738,439.5,419.0,True,OFFBOARD
37.052,ACQUIRE,True,-12.562322861012882,-5.904899186779219,24.29276133707583,0.5062985700302981,0.17123975708203137,-0.9177398014867076,-0.05210926597452676,0.1521365896716051,-0.005852091605418705,10.000000003626253,7.924202100084607e-08,0.04992755344959976,0.0,0.0,0.0,0.0,-2.4940650090687922e-08,23.322226488696916,0.3999656140804291,0.10225401818752289,24.22262191772461,0.42560261487960815,0.136885404586792,-0.9408391118049622,22.72673281182297,4.595113992692564,22.77433477080509,True,0.8787274360656738,439.5,419.0,True,OFFBOARD
37.152,ACQUIRE,True,-12.50259579139119,-5.884723707214213,24.197773810083945,0.636183212196897,0.21450637931790112,-0.909293629384987,-0.05024255520098081,0.15047533622337295,-0.00561997180291788,10.000000003626253,7.924202100084607e-08,0.04992755344959976,0.0,0.0,0.0,0.0,-2.4940650090687922e-08,23.25933772825057,0.4487612545490265,0.11563865095376968,24.135467529296875,0.5478876233100891,0.17246614396572113,-0.9321944117546082,22.660762884326783,4.577313825393766,22.655673941939224,True,0.8787274360656738,439.5,419.0,True,OFFBOARD
37.252,ACQUIRE,True,-12.432807844893423,-5.861276830831025,24.10724228472964,0.7534728415351795,0.2521900866923541,-0.9017434457881653,-0.04710031434305459,0.14623505824467314,-0.005380849214867738,10.000000003626253,7.924202100084607e-08,0.04992755344959976,0.0,0.0,0.0,0.0,-2.4940650090687922e-08,23.185888703803474,0.5145567655563354,0.1341051459312439,24.04108238220215,0.6752012372016907,0.20734170079231262,-0.9243372082710266,22.673057460581987,4.5747245722178915,22.59907639574163,True,0.8807249069213867,408.5,307.0,True,OFFBOARD
37.352,ACQUIRE,True,-12.351763256792673,-5.834302218695593,24.017444952407224,0.8613947342408854,0.2851438321315579,-0.8947030658703082,-0.0431283992747883,0.13981624063258138,-0.0051670912357040105,10.000000003626253,7.924202100084607e-08,0.04992755344959976,0.0,0.0,0.0,0.0,-2.4940650090687922e-08,23.100658089187277,0.5868906378746033,0.1543360948562622,23.953832626342773,0.7835382223129272,0.23551541566848755,-0.9170475006103516,22.60730356739454,4.555180976555943,22.45586830339346,True,0.8807249069213867,408.5,307.0,True,OFFBOARD
37.452,ACQUIRE,True,-12.2605046431363,-5.804300979905927,23.928290901643305,0.9578082295740387,0.31288148671774796,-0.8887255253514037,-0.038587394502618284,0.13050962138824418,-0.004937271075574689,10.000000003626253,7.924202100084607e-08,0.04992755344959976,0.0,0.0,0.0,0.0,-2.4940650090687922e-08,23.004781631516593,0.6754788160324097,0.17951004207134247,23.85951805114746,0.8887106776237488,0.2617623805999756,-0.9097470641136169,22.60111274194886,4.549816124237516,22.356945191709823,True,0.8807249069213867,408.5,307.0,True,OFFBOARD
37.552,ACQUIRE,True,-12.16028821471225,-5.771812852307893,23.83968212755791,1.0408608547959914,0.33503153935170943,-0.8839662092226509,-0.03340256715016079,0.11929263797624624,-0.004715886741735332,10.000000003626253,7.924202100084607e-08,0.04992755344959976,0.0,0.0,0.0,0.0,-2.4940650090687922e-08,22.89961131627869,0.765855610370636,0.20521390438079834,23.773178100585938,0.9745491147041321,0.28047606348991394,-0.9046454429626465,22.63236671351715,4.554632548673923,22.294881707857396,True,0.8807249069213867,408.5,307.0,True,OFFBOARD
37.652,ACQUIRE,True,-12.05695366644002,-5.73882122516621,23.755011115961857,1.1068912116725795,0.35072596617182694,-0.8802515315101342,-0.027991226285345845,0.10691913318544892,-0.004528293295432789,10.000000003626253,7.924202100084607e-08,0.04992755344959976,0.0,0.0,0.0,0.0,-2.4940650090687922e-08,22.79129823347893,0.8721816539764404,0.23687945306301117,23.681535720825195,1.0510756969451904,0.29732561111450195,-0.9015048146247864,22.570351994686142,4.5410181402368295,22.120944961119555,True,0.8807249069213867,408.5,307.0,True,OFFBOARD
37.752,ACQUIRE,True,-11.938684560010765,-5.701708492649944,23.663608667899062,1.1626673056381525,0.36147278842658315,-0.8779184971053802,-0.021759702025817597,0.09293939570825864,-0.004363456363336036,10.000000003626253,7.924202100084607e-08,0.04992755344959976,0.0,0.0,0.0,0.0,-2.4940650090687922e-08,22.667495693648018,0.9768170118331909,0.2695601284503937,23.598243713378906,1.1065713167190552,0.3088909089565277,-0.8984937071800232,22.53710576737193,4.537516919156612,21.978660250105,True,0.8738122582435608,390.0,198.5,True,OFFBOARD
37.852,ACQUIRE,True,-11.825094484563508,-5.66675843014096,23.57938528319551,1.2000479787552172,0.3655615866041209,-0.8769758010696231,-0.015862055292322066,0.08017365851631719,-0.004269799206773985,10.000000003626253,7.924202100084607e-08,0.04992755344959976,0.0,0.0,0.0,0.0,-2.4940650090687922e-08,22.548767181867742,1.0949395895004272,0.30504125356674194,23.507259368896484,1.15202796459198,0.31541866064071655,-0.896986722946167,22.621143062500146,4.557799257029525,21.942273961397028,True,0.8738122582435608,390.0,198.5,True,OFFBOARD
37.952,ACQUIRE,True,-11.703657870204042,-5.630225911219621,23.49172395683329,1.225407088219749,0.36426410765518574,-0.8760362965368941,-0.010230922930698595,0.06689459771450855,-0.004215471659737534,10.000000003626253,7.924202100084607e-08,0.04992755344959976,0.0,0.0,0.0,0.0,-2.4940650090687922e-08,22.4220474044621,1.2070844173431396,0.337526798248291,23.422727584838867,1.1795697212219238,0.31710681319236755,-0.897066593170166,22.44179014078678,4.5315768171856305,21.644925103187546,True,0.8738122582435608,390.0,198.5,True,OFFBOARD
38.052,ACQUIRE,True,-11.580378158549161,-5.594081803151954,23.40420870316123,1.2376081547426598,0.3581497167581273,-0.8742985906895808,-0.005470648832854433,0.05416180849878051,-0.00425070591462949,10.000000003626253,7.924202100084607e-08,0.04992755344959976,0.0,0.0,0.0,0.0,-2.4940650090687922e-08,22.293642002360812,1.332802414894104,0.3740442395210266,23.331212997436523,1.196863055229187,0.3137394189834595,-0.8956013917922974,22.490159166997522,4.548100682245691,21.565168488162282,True,0.8738122582435608,390.0,198.5,True,OFFBOARD
38.152,ACQUIRE,True,-11.451574473569861,-5.557368680766822,23.31338412253719,1.237214626569843,0.34759077432522556,-0.8721927201511573,-0.0009089345998846515,0.04100493113877055,-0.004318981453440467,10.000000003626253,7.924202100084607e-08,0.04992755344959976,0.0,0.0,0.0,0.0,-2.4940650090687922e-08,22.15974718008791,1.4617279767990112,0.41180068254470825,23.239303588867188,1.2006090879440308,0.30736222863197327,-0.8945598006248474,22.622261614052764,4.587231721018087,21.56855136930606,True,0.8738122582435608,390.0,198.5,True,OFFBOARD
38.252,ACQUIRE,True,-11.333283113742564,-5.524627974513589,23.229808807902188,1.2261260302715606,0.3346189129643249,-0.8689342888789594,0.0024595411183851034,0.03050612631940834,-0.0044096750845598305,10.000000003803947,7.936553431992535e-08,0.04992755344874167,-3.921808492164249e-09,4.79312782172836e-09,-0.018110213500316354,6.1931136082457006e-09,-2.615638776911769e-08,22.037025291701763,1.5793766975402832,0.44460469484329224,23.154600143432617,1.1934854984283447,0.29799696803092957,-0.893443763256073,22.478616664162995,4.57029923094869,21.30257229978882,True,0.8738122582435608,390.0,198.5,True,OFFBOARD
38.352,ACQUIRE,True,-11.206854754931047,-5.490705442368561,23.13967540469869,1.2044615676091974,0.3179903849015509,-0.8646148001711818,0.005454819590502298,0.020272024441934964,-0.004490357730082134,10.000000004234435,7.963272677712952e-08,0.049999996287036885,-1.2859186224970822e-13,1.2151292189658712e-12,6.321574055819681e-07,1.2219144347381515e-12,-2.898397010480521e-08,21.906130098802823,1.6949962377548218,0.4754660129547119,23.07036781311035,1.1765750646591187,0.286223828792572,-0.8907164931297302,22.519292432195602,4.582894241203861,21.225510091491767,True,0.87735915184021,406.0,244.0,True,OFFBOARD
38.452,ACQUIRE,True,-11.0925477642009,-5.461018797418834,23.056866649757048,1.1770774920490499,0.30099148837837353,-0.8608082550792636,0.007403000411728668,0.01263436439251036,-0.004594238663401291,10.000000004589971,7.987824723540744e-08,0.049999996287036774,-1.2859184453646258e-13,1.2151300988213451e-12,6.321574056239346e-07,1.22191530784374e-12,-3.141552158286243e-08,21.78803108490806,1.8191454410552979,0.5086533427238464,22.97995376586914,1.1505615711212158,0.272571325302124,-0.887873113155365,22.601983062726593,4.608837166085259,21.183433314600123,True,0.87735915184021,406.0,244.0,True,OFFBOARD
38.552,ACQUIRE,True,-10.97201486397884,-5.43075301017979,22.96752588405787,1.1412762101266878,0.28166252335527425,-0.8575866848405221,0.008987536160792607,0.005430234083446891,-0.004659780879179633,10.00000000492982,8.014301577013777e-08,0.04992755344871025,-3.9218087380088405e-09,4.79312782172836e-09,-0.01811021350815898,6.193113763927557e-09,-3.385630079079742e-08,21.66375975655603,1.9325225353240967,0.5395076274871826,22.897567749023438,1.120651125907898,0.26095250248908997,-0.8851689696311951,22.6484304705348,4.6231013153203895,21.11455846063178,True,0.87735915184021,406.0,244.0,True,OFFBOARD
38.652,ACQUIRE,True,-10.864297026708527,-5.4046353762800186,22.885349103057052,1.1038943322901595,0.2631689672539783,-0.8544599388726394,0.01008181358611757,0.0007187647971582964,-0.004682929191424027,10.000000005285361,8.038853623479418e-08,0.04992755344873068,-3.921808804532742e-09,4.793127828667254e-09,-0.018110213503052097,6.1931138114243464e-09,-3.6287852223182573e-08,21.552934256354696,2.0503251552581787,0.5701148509979248,22.80866241455078,1.0827223062515259,0.246701180934906,-0.8836489915847778,22.54064267808298,4.611260102908048,20.88501776712715,True,0.87735915184021,406.0,244.0,True,OFFBOARD
38.752,ACQUIRE,True,-10.756030146570074,-5.379319581138891,22.800076202111374,1.0628795928867392,0.24400676488055073,-0.8510483744226846,0.010251381367358222,-0.0021133668037233966,-0.004705012513268224,10.000000005715846,8.065572384081664e-08,0.049999993795609265,5.184065377490769e-09,1.3726586438680966e-09,0.004999403227895398,5.362716251181328e-09,-3.911543487267605e-08,21.441778557441832,2.1543736457824707,0.5960619449615479,22.72602653503418,1.043574333190918,0.23427453637123108,-0.8819035887718201,22.583903196891697,4.635417398866851,20.82503469775356,True,0.87735915184021,406.0,244.0,True,OFFBOARD
38.852,ACQUIRE,True,-10.639686389531963,-5.353188826824062,22.705026452799583,1.0163461477744593,0.22358541150025735,-0.8463415332410327,0.009672507274123669,-0.003943474995715673,-0.00473066967705511,10.000000006130636,8.094216439137296e-08,0.049999993795609377,5.184065405623801e-09,1.3726586828993748e-09,0.004999403227892556,5.362716288367726e-09,-4.195224481246893e-08,21.322600357215606,2.26375150680542,0.6218012571334839,22.63654899597168,1.0012058019638062,0.22017760574817657,-0.8785877823829651,22.600725076942837,4.653569214603582,20.732767467353472,True,0.87735915184021,406.0,244.0,True,OFFBOARD
38.952,ACQUIRE,True,-10.548012461986286,-5.333370266303824,22.627361969511206,0.9782718805480097,0.20817290880308306,-0.8421256831676791,0.0085371710045353,-0.005022297606008193,-0.004727544149644645,10.00000000641123,8.11660177274531e-08,0.04992755344869937,-3.92180905150029e-09,4.7931278338714245e-09,-0.018110213510893675,6.193113971845067e-09,-4.3987764930155514e-08,21.228887292194344,2.362102746963501,0.6435381174087524,22.554567337036133,0.9629796743392944,0.20799142122268677,-0.8770855069160461,22.58185842257231,4.657340641659038,20.61429431935502,True,0.8655590415000916,435.0,346.5,True,OFFBOARD
39.052,ACQUIRE,True,-10.452307156196396,-5.313341887343009,22.54340919432955,0.9377075295067807,0.19335872760177492,-0.8370697312224038,0.006801572406269932,-0.004974736427591158,-0.004727443258862855,10.000000006841717,8.14332053453656e-08,0.049999993795609265,5.184065455200251e-09,1.3726587626966547e-09,0.004999403227898837,5.362716356717787e-09,-4.681534749202235e-08,21.13122029529811,2.4631032943725586,0.6654627323150635,22.46611976623535,0.9216662645339966,0.19668057560920715,-0.8740587830543518,22.55472902775498,4.6591001550823945,20.484690978260875,True,0.8655590415000916,435.0,346.5,True,OFFBOARD
39.152,ACQUIRE,True,-10.364152056548592,-5.295401602770645,22.46331199094087,0.9007833128057532,0.1812635614513792,-0.8317514744945187,0.004890279370305871,-0.0038364276762513833,-0.004738112987027078,10.00000000719725,8.167872582726456e-08,0.049999993795609377,5.184065479753474e-09,1.3726587973911242e-09,0.004999403227900917,5.3627163893335676e-09,-4.924689879574484e-08,21.041387033060182,2.5516254901885986,0.6844661235809326,22.384578704833984,0.8850542306900024,0.18834035098552704,-0.8725156188011169,22.730773007443737,4.698705686853172,20.574550148046598,True,0.8655590415000916,435.0,346.5,True,OFFBOARD
39.252,ACQUIRE,True,-10.275950084396408,-5.27782701757092,22.38045638920697,0.865284668069659,0.17103739765509407,-0.8256391401209352,0.002802533951657741,-0.0014652650700335951,-0.004770446019501023,10.000000007552783,8.192425117925074e-08,0.04999999628703666,-1.2859185416649927e-13,1.2151300475758518e-12,6.321574337190164e-07,1.2219152578962544e-12,-5.1678449645412916e-08,20.95160163384604,2.645207166671753,0.7035582661628723,22.297452926635742,0.8489258289337158,0.18181155622005463,-0.8681896328926086,22.534950473265678,4.6680027110624875,20.280993776412764,True,0.8655590415000916,435.0,346.5,True,OFFBOARD
39.352,ACQUIRE,True,-10.191104122306083,-5.26115598151423,22.29813801124256,0.8335106014572324,0.16308634859861562,-0.8213320902456902,0.0007132550374692652,0.0010334899427922417,-0.004793193928336384,10.000000007908328,8.21697641330564e-08,0.04999999651757936,1.9973207622463886e-13,-1.8863194512355874e-12,6.636450605380686e-08,1.8968642477475113e-12,-5.4110001570194836e-08,20.865292931650885,2.7302942276000977,0.7199678421020508,22.219018936157227,0.8196507096290588,0.1774899810552597,-0.8644703030586243,22.59659135570723,4.684465520591675,20.258010845712057,True,0.8655590415000916,435.0,346.5,True,OFFBOARD
39.452,ACQUIRE,True,-10.106035498786254,-5.244530782700867,22.212873095294533,0.8041446307342413,0.1572810421777206,-0.8185015802352351,-0.0016801876358681553,0.0034469183846771966,-0.004810520468327488,10.00000000832312,8.245620737452432e-08,0.049999993795609377,5.1840655576341645e-09,1.3726589092807884e-09,0.004999403227890485,5.362716493259433e-09,-5.694681110209006e-08,20.778781672868313,2.817884683609009,0.7374489903450012,22.133102416992188,0.7921988368034363,0.17372062802314758,-0.8629056215286255,22.66090248691563,4.703223718044161,20.235432407863215,True,0.8655590415000916,435.0,346.5,True,OFFBOARD
39.552,ACQUIRE,True,-10.030058831388809,-5.229601874439898,22.13442802037963,0.7802713077955471,0.1542042541707836,-0.8157909604902319,-0.003783668254623105,0.006304952762885042,-0.0048591060904617745,10.000000008678654,8.270172786997241e-08,0.049999993795609377,5.184065581477257e-09,1.372658933566917e-09,0.00499940322789394,5.362716522524586e-09,-5.9378362306646335e-08,20.701497379820243,2.8950703144073486,0.7535615563392639,22.052988052368164,0.7681487202644348,0.1729578971862793,-0.8619194626808167,22.66205819271446,4.711252891505649,20.1592938984874,True,0.8680054545402527,441.5,393.0,True,OFFBOARD
39.652,ACQUIRE,True,-9.950110867559436,-5.213649174970546,22.049819538609306,0.7589072216858731,0.15298519499116867,-0.8113185672014002,-0.005970649800604437,0.01089118523692397,-0.004906528428642204,10.000000009034194,8.294724570085423e-08,0.04999999651757947,1.9973208102272585e-13,-1.8863194411241316e-12,6.636450617870695e-08,1.8968642381974846e-12,-6.1809913725061e-08,20.620113059170315,2.9766743183135986,0.7702005505561829,21.96709632873535,0.7460636496543884,0.17326965928077698,-0.859025776386261,22.596367827126596,4.700724253751374,20.00953247732535,True,0.8680054545402527,441.5,393.0,True,OFFBOARD
39.752,ACQUIRE,True,-9.875056652840685,-5.19831504484641,21.96885830722966,0.7435687728100508,0.15404138268508077,-0.8083142624084937,-0.008429688768823303,0.015146706544753745,-0.004944464020592867,10.000000009374046,8.321202181060946e-08,0.0499275534486775,-3.9218096771818e-09,4.79312785642283e-09,-0.018110213516365457,6.193114385513425e-09,-6.425069196922248e-08,20.543620846794447,3.0517215728759766,0.7841985821723938,21.889572143554688,0.7330145835876465,0.17425879836082458,-0.8574644327163696,22.659180384548495,4.725273452970933,19.999612800968773,True,0.8680054545402527,441.5,393.0,True,OFFBOARD
39.852,ACQUIRE,True,-9.804243569788127,-5.183390140456285,21.891388869373223,0.732743135043739,0.1570629016895216,-0.8057584674421882,-0.010481391812621954,0.018530448442891496,-0.004947838949546977,10.00000000972958,8.345754231578792e-08,0.049927553448697815,-3.921809743651281e-09,4.7931278633617236e-09,-0.018110213511258605,6.193114432975758e-09,-6.668224310429539e-08,20.47133600843467,3.130478858947754,0.8003105521202087,21.804981231689453,0.7237691879272461,0.17762087285518646,-0.8564468026161194,22.708508128671497,4.743136256970859,19.971106745120327,True,0.8680054545402527,441.5,393.0,True,OFFBOARD
39.952,ACQUIRE,True,-9.728502941290497,-5.166796810150799,21.80775206284724,0.7247488387102828,0.16211397360188712,-0.8024960274384008,-0.012267265702981625,0.022004613663708313,-0.004952158456664341,10.000000010160058,8.372473483556743e-08,0.04999999628703666,-1.2859187734740876e-13,1.2151300971272792e-12,6.32157434017389e-07,1.2219153096120379e-12,-6.950982497450343e-08,20.39386228373515,3.201425313949585,0.8161147832870483,21.725860595703125,0.7172291278839111,0.18301430344581604,-0.8565670251846313,22.7302889275788,4.750803290014696,19.92130235915076,True,0.8680054545402527,441.5,393.0,True,OFFBOARD
40.052,ACQUIRE,True,-9.659156675111308,-5.150952456321365,21.73090771380597,0.7206114172823351,0.16784845639792448,-0.7985145446678221,-0.013200476018926315,0.024923297175563477,-0.0049536507467713925,10.000000010515599,8.397025534755637e-08,0.04999999628703666,-1.2859186003120982e-13,1.2151296509526743e-12,6.321574340732332e-07,1.2219148640926888e-12,-7.19413760561497e-08,20.322764419792055,3.2774736881256104,0.8333438038825989,21.642065048217773,0.7137809991836548,0.18987025320529938,-0.8544431924819946,22.721810627341195,4.7517181208829,19.835218584474212,True,0.8450800776481628,433.0,388.5,True,OFFBOARD
40.152,ACQUIRE,True,-9.587198823958301,-5.1338374650076855,21.651182327951336,0.7190546951148997,0.17425458245599895,-0.796675355300532,-0.013902878625791655,0.027714836802346838,-0.004915002950738594,10.000000010871135,8.421576832818772e-08,0.04999999651757936,1.9973209072357696e-13,-1.886319442765258e-12,6.63645068932465e-08,1.8968642408509483e-12,-7.437292778272539e-08,20.24881838964833,3.3474326133728027,0.8490355014801025,21.5672607421875,0.7126749157905579,0.19506096839904785,-0.8525412082672119,22.691571614942937,4.74634042890052,19.732833030494184,True,0.8450800776481628,433.0,388.5,True,OFFBOARD
40.252,ACQUIRE,True,-9.515258030747143,-5.116056012593578,21.57151598729833,0.7201751307889603,0.18120001834564642,-0.796703569133954,-0.014830846316999623,0.030679081571094995,-0.004900562378538782,10.000000011210982,8.44805444546868e-08,0.04992755344869648,-3.921810092365564e-09,4.793127861627e-09,-0.018110213511660138,6.193114652457632e-09,-7.68137059067326e-08,20.17471998399533,3.422513008117676,0.8674935698509216,21.484405517578125,0.7139305472373962,0.20294523239135742,-0.853417694568634,22.610490528435278,4.736817557084287,19.57422155382924,True,0.8450800776481628,433.0,388.5,True,OFFBOARD
40.352,ACQUIRE,True,-9.44015862963948,-5.096796220164789,21.488682239476088,0.724369690093771,0.18893315982635275,-0.7960262242880746,-0.015419225622147766,0.03374240300096702,-0.0048434420167972345,10.000000011641466,8.474773698998176e-08,0.04999999628703666,-1.285918737276664e-13,1.2151302644162863e-12,6.321574341978002e-07,1.221915475591166e-12,-7.964128766039849e-08,20.09719136028565,3.4916272163391113,0.8857961297035217,21.40688133239746,0.7173661589622498,0.21003007888793945,-0.854569673538208,22.742607052682406,4.762214208886935,19.63738378155084,True,0.8450800776481628,433.0,388.5,True,OFFBOARD
40.452,ACQUIRE,True,-9.370328658247068,-5.078298260089031,21.412344404500452,0.7304777778389161,0.1961142636109028,-0.7941964816057355,-0.01551324587054663,0.036008295533178115,-0.004784993235941726,10.000000011997,8.499325751544315e-08,0.049999996287036885,-1.2859187812330417e-13,1.2151290584531277e-12,6.321574342326612e-07,1.2219142767872316e-12,-8.207283864293307e-08,20.024953105436854,3.5675177574157715,0.9068011045455933,21.323720932006836,0.7245810031890869,0.21824131906032562,-0.854248046875,22.656056033747525,4.743144190433146,19.470229115231792,True,0.8789095282554626,422.5,366.0,True,OFFBOARD
40.552,ACQUIRE,True,-9.296876401991021,-5.058312850529327,21.332982346172976,0.7383920680449474,0.20318355214444325,-0.7934037498453033,-0.015006347463066727,0.037284772541980066,-0.00467463301186948,10.000000012352537,8.523877050949471e-08,0.04999999651757947,1.997320970632572e-13,-1.886319430245052e-12,6.636450705961342e-08,1.8968642290678857e-12,-8.45043902704059e-08,19.94883377810862,3.6390011310577393,0.9272132515907288,21.2475528717041,0.7333605289459229,0.22604911029338837,-0.8538349866867065,22.734287837179373,4.759744390726903,19.47609481701694,True,0.8789095282554626,422.5,366.0,True,OFFBOARD
40.652,ACQUIRE,True,-9.222597880642805,-5.037666952334012,21.25368098042804,0.7469341902478143,0.20932213029817817,-0.7923733301897675,-0.014170805009457601,0.03815273729029319,-0.004587690165663356,10.000000012692388,8.550354664944241e-08,0.049927553448676054,-3.921810369843224e-09,4.793127875504788e-09,-0.01811021351672992,6.193114838911909e-09,-8.694516829597792e-08,19.871747757884044,3.7167365550994873,0.9503964185714722,21.1629581451416,0.7423359751701355,0.23320084810256958,-0.8557446599006653,22.763185436412407,4.767207248986045,19.42511930217254,True,0.8789095282554626,422.5,366.0,True,OFFBOARD
40.752,ACQUIRE,True,-9.14743660303212,-5.016458189583279,21.174585234540217,0.7560416495055691,0.21450016171992653,-0.7893530991275793,-0.013413143576333865,0.03916529936256402,-0.00453387989512751,10.00000001312287,8.577073433381576e-08,0.049999993795609377,5.184065888655945e-09,1.372659394136e-09,0.004999403227895547,5.362716937358895e-09,-8.977275036361817e-08,19.793665213851646,3.78890061378479,0.9726278781890869,21.08346939086914,0.7512236833572388,0.23936013877391815,-0.8566266298294067,22.795892581636416,4.777678412210617,19.384121162240856,True,0.8789095282554626,422.5,366.0,True,OFFBOARD
40.852,ACQUIRE,True,-9.071326736925723,-4.994779718208318,21.09590065990655,0.7658520704648349,0.21873409145885397,-0.7844266915832413,-0.012537447362485,0.03999110549298918,-0.004537854541904142,10.000000013478402,8.601625973944087e-08,0.049999996287036885,-1.2859189196369018e-13,1.2151293763022411e-12,6.321574344059671e-07,1.2219145943278828e-12,-9.220430081688335e-08,19.71454613510972,3.8684983253479004,0.9956337213516235,20.99949836730957,0.7624609470367432,0.24266317486763,-0.85350102186203,22.686059752848127,4.760010884041318,19.190392218522373,True,0.8564997911453247,417.5,348.5,True,OFFBOARD
40.952,ACQUIRE,True,-8.994232028608536,-4.972724555507136,21.017595268395635,0.7755773621889819,0.2221388724383348,-0.7825788076275256,-0.012084525056429044,0.04000657811769516,-0.0045597722257627975,10.000000013833938,8.626177274689081e-08,0.04999999651757947,1.9973210351995764e-13,-1.8863194185718793e-12,6.636450722598034e-08,1.8968642181394695e-12,-9.463585234438261e-08,19.63437906441159,3.943418502807617,1.015420913696289,20.924890518188477,0.7710137367248535,0.2458917796611786,-0.8505624532699585,22.74995613341546,4.778148186374824,19.179258958052255,True,0.8564997911453247,417.5,348.5,True,OFFBOARD
41.052,ACQUIRE,True,-8.91619145734019,-4.95035689488295,20.939287505034777,0.7847729941489939,0.22501511495084794,-0.7835416740302679,-0.011655968255668177,0.03976992755904673,-0.004591313863830832,10.000000014173793,8.652654890033937e-08,0.04992755344866506,-3.921810682561105e-09,4.793127887647852e-09,-0.018110213519466036,6.193115046339602e-09,-9.707663027160343e-08,19.55321799679961,4.0248847007751465,1.0381807088851929,20.84256362915039,0.7788907885551453,0.2479107528924942,-0.8521014451980591,22.66747134895676,4.7703531360624325,19.012499782015553,True,0.8564997911453247,417.5,348.5,True,OFFBOARD
41.152,ACQUIRE,True,-8.837261921458346,-4.927731844947838,20.860914066652903,0.7933455005028678,0.22725235152267914,-0.7838381523226804,-0.010805250023425026,0.039220244805524274,-0.004593580561799114,10.00000001460427,8.679373660018773e-08,0.049999993795609265,5.18406599103299e-09,1.3726595346486015e-09,0.004999403227886925,5.362717072291487e-09,-9.990421222288234e-08,19.47113194549662,4.100462436676025,1.0601874589920044,20.765758514404297,0.7871419787406921,0.250752329826355,-0.8542355895042419,22.70162873249333,4.779682342247576,18.969397189979812,True,0.8588376045227051,418.5,343.5,True,OFFBOARD
41.252,ACQUIRE,True,-8.754323643665408,-4.9040243538549335,20.779449066178035,0.8011258043501064,0.22838214357118708,-0.782661779778597,-0.009434476465311667,0.03831952975296965,-0.004593343523036287,10.000000014959804,8.703925448460912e-08,0.04999999651757947,1.997321066425903e-13,-1.886319393134421e-12,6.636450685871857e-08,1.89686419317222e-12,-1.0233576324489416e-07,19.384893902452934,4.184196472167969,1.084675669670105,20.683500289916992,0.7957255244255066,0.252118319272995,-0.8542341589927673,22.633646231309612,4.766441530494755,18.81322928869538,True,0.8588376045227051,418.5,343.5,True,OFFBOARD
41.352,ACQUIRE,True,-8.677100541299135,-4.8820967422395105,20.704303519355044,0.8072169036194629,0.22830632285620578,-0.7831571964367915,-0.008509424204115316,0.03714003462835654,-0.004587650513511168,10.000000015315345,8.72847750400869e-08,0.04999999651757936,1.9973210999640702e-13,-1.8863194076133906e-12,6.636450740639157e-08,1.8968642079238435e-12,-1.0476731400544239e-07,19.304635574253663,4.263351917266846,1.107470989227295,20.60979652404785,0.8024715185165405,0.2516513168811798,-0.8560152053833008,22.668113295073866,4.778890408009482,18.767380262642625,True,0.8588376045227051,418.5,343.5,True,OFFBOARD
41.452,ACQUIRE,True,-8.592874648152758,-4.858391799448448,20.622783667506976,0.8119937125042299,0.22750184579485888,-0.784399943288071,-0.007913924098375718,0.03527994574997294,-0.004564602937502945,10.000000015730135,8.757121836007648e-08,0.049999993795609265,5.184066068825226e-09,1.3726596448035422e-09,0.004999403227890379,5.3627171756878265e-09,-1.0760412296011719e-07,19.217152754628273,4.348891258239746,1.1325334310531616,20.527341842651367,0.8084351420402527,0.25077247619628906,-0.8588151931762695,22.74442629917448,4.803966625842159,18.75833497797862,True,0.8588376045227051,418.5,343.5,True,OFFBOARD
41.552,ACQUIRE,True,-8.514775839831517,-4.836608688538835,20.54748007593854,0.814708686106979,0.22627310152012386,-0.7840927697784452,-0.007250292356775861,0.03374808377501723,-0.004511646382665497,10.00000001608567,8.781673892279254e-08,0.049999993795609377,5.1840660931668875e-09,1.3726596847021821e-09,0.004999403227892304,5.362717209431176e-09,-1.1003567366921298e-07,19.13608396329755,4.427760601043701,1.1559324264526367,20.449687957763672,0.8128951787948608,0.250268816947937,-0.8608744144439697,22.63187449276987,4.7897975594055175,18.56326313952987,True,0.8588376045227051,418.5,343.5,True,OFFBOARD
41.652,ACQUIRE,True,-8.433219819894173,-4.8140744793736845,20.469162627578715,0.8161561239571364,0.22438723753342346,-0.782182375919092,-0.006541262612964832,0.032571267004742985,-0.0045041041635129776,10.000000016441204,8.806226435519168e-08,0.04999999628703666,-1.2859187069191355e-13,1.2151298078655277e-12,6.321574347529119e-07,1.2219150212561265e-12,-1.1246722392426901e-07,19.05148045364196,4.514460563659668,1.180521011352539,20.36691665649414,0.8163136839866638,0.24862514436244965,-0.8604918718338013,22.64386857783113,4.796112965050839,18.48642583410737,True,0.8682358264923096,420.0,343.5,True,OFFBOARD
41.752,ACQUIRE,True,-8.35156920188718,-4.791758308244967,20.390977808649673,0.8167281312743712,0.22196839425738332,-0.7820549290773916,-0.006078438759739729,0.03193642086712675,-0.004521220621891867,10.000000016796742,8.830777738952346e-08,0.04999999651757947,1.9973211669717744e-13,-1.8863193980578e-12,6.636450758003046e-08,1.896864199126937e-12,-1.1489877525355785e-07,18.96684057293362,4.595746994018555,1.2022569179534912,20.292346954345703,0.8173113465309143,0.24511931836605072,-0.8595689535140991,22.65045305446977,4.798374094692708,18.409358209294876,True,0.8682358264923096,420.0,343.5,True,OFFBOARD
41.852,ACQUIRE,True,-8.2698994385643,-4.769693603094655,20.312700139364807,0.8165261531181942,0.21944242005655432,-0.7833632083984082,-0.006072141499650235,0.031009047909043845,-0.004499752214407075,10.000000017136589,8.857255356987969e-08,0.04992755344864319,-3.921811309023817e-09,4.793127904995087e-09,-0.01811021352493737,6.193115456475013e-09,-1.1733955298408443e-07,18.882245735975093,4.682962417602539,1.2260767221450806,20.2092227935791,0.8190888166427612,0.2424347847700119,-0.8616322875022888,22.66620740769425,4.806245236604194,18.336158457146443,True,0.8682358264923096,420.0,343.5,True,OFFBOARD
41.952,ACQUIRE,True,-8.188298465198555,-4.747874947813267,20.234364496382714,0.8153357335537278,0.21704799913926476,-0.7828635817065511,-0.00609264251399854,0.02969407235164864,-0.004500697155518106,10.000000017567066,8.883974130103046e-08,0.049999993795609377,5.1840661955818545e-09,1.3726598260821454e-09,0.004999403227897973,5.362717344622444e-09,-1.2016713470259409e-07,18.797779631165138,4.76295280456543,1.2482624053955078,20.130748748779297,0.8198906183242798,0.2403922975063324,-0.8633655309677124,22.748073935101683,4.82896150090336,18.338102085347668,True,0.8682358264923096,420.0,343.5,True,OFFBOARD
42.052,ACQUIRE,True,-8.106874692305999,-4.726293190061752,20.156192387006655,0.8130850345366195,0.21465736489321868,-0.7804274922844556,-0.005820874348603977,0.028652944441198397,-0.004482307758442762,10.000000017922602,8.908526674709367e-08,0.049999996287036885,-1.285918820606839e-13,1.2151299635078318e-12,6.321574349262177e-07,1.2219151772305856e-12,-1.225986848585403e-07,18.713544825404576,4.849451065063477,1.272428035736084,20.0472469329834,0.8199694156646729,0.2388724982738495,-0.8628886342048645,22.709732645664445,4.826348866364677,18.21043688132523,True,0.8727941513061523,425.0,350.5,True,OFFBOARD
42.152,ACQUIRE,True,-8.02571883530422,-4.7049608545126125,20.07822637905843,0.8100697315796,0.21207998122335786,-0.7794149894411861,-0.00563344291756265,0.02798473811926193,-0.004505657003258344,10.000000018278138,8.933077979480094e-08,0.04999999651757947,1.997321230811377e-13,-1.886319386172869e-12,6.636450774656392e-08,1.89686418798028e-12,-1.2503023608872465e-07,18.629632247349548,4.92926549911499,1.2947338819503784,19.971914291381836,0.8197714686393738,0.23712316155433655,-0.8616726398468018,22.709334756376826,4.828821611172615,18.127896702895974,True,0.8727941513061523,425.0,350.5,True,OFFBOARD
42.252,ACQUIRE,True,-7.94489422064651,-4.6838893863482145,20.00027696270857,0.8064326833763726,0.20943446773693467,-0.7793854485243443,-0.0054057992318897715,0.026991456863708317,-0.0044993609832241705,10.000000018617985,8.9595555988767e-08,0.04992755344863231,-3.9218116220983946e-09,4.793127915403428e-09,-0.018110213527673027,6.19311566278603e-09,-1.2747101372088937e-07,18.546106057101177,5.015186309814453,1.318921446800232,19.888221740722656,0.8183786869049072,0.23443379998207092,-0.8633462190628052,22.64676226071978,4.818747344770068,17.975573755200234,True,0.8727941513061523,425.0,350.5,True,OFFBOARD
42.352,ACQUIRE,True,-7.864475613239132,-4.663086440971919,19.922403966555052,0.8020317269738318,0.2067650020673173,-0.7778198364290114,-0.005547199615847837,0.026317335789652566,-0.004531120610463987,10.000000019048466,8.986274373537586e-08,0.049999993795609265,5.1840662971193434e-09,1.3726599822072583e-09,0.004999403227891264,5.362717482739688e-09,-1.3029859532300258e-07,18.463040529951964,5.093997955322266,1.3411791324615479,19.809730529785156,0.8163719773292542,0.23275527358055115,-0.8642740249633789,22.689456915899942,4.835126355417021,17.93900340682758,True,0.8727941513061523,425.0,350.5,True,OFFBOARD
42.452,ACQUIRE,True,-7.784509795836902,-4.642530389846095,19.844786650247134,0.7974391915662218,0.20450390905039276,-0.7745316312267255,-0.005799202905938828,0.02595494405033954,-0.004491497624061593,10.000000019403998,9.010826919475337e-08,0.049999996287036774,-1.285918968870692e-13,1.2151297036804752e-12,6.321574351066291e-07,1.2219149204063326e-12,-1.327301453798534e-07,18.38047547333053,5.178086757659912,1.3645704984664917,19.725845336914062,0.8140408396720886,0.23144716024398804,-0.8618461489677429,22.647091344064684,4.837110461474869,17.81080163930083,True,0.8693538308143616,426.0,356.0,True,OFFBOARD
42.552,ACQUIRE,True,-7.701843305570205,-4.621380985042585,19.76431153972738,0.7924965882288943,0.2023185710041442,-0.7737029382835917,-0.005876590288676755,0.025897668587741025,-0.004457089650534402,10.000000019743847,9.037303786422384e-08,0.04992755344860089,-3.921811868467609e-09,4.793127918872875e-09,-0.01811021353551509,6.193115821485338e-09,-1.351709236042736e-07,18.29514744838574,5.260611057281494,1.3870832920074463,19.6442813873291,0.8093647360801697,0.2296513468027115,-0.8601502180099487,22.647721862077265,4.839466042620028,17.726549827729396,True,0.8693538308143616,426.0,356.0,True,OFFBOARD
42.652,ACQUIRE,True,-7.622818185096533,-4.601244651851458,19.686912051213238,0.7883612942224631,0.20057182981998753,-0.7742989409749529,-0.006412626205732119,0.026878968931485336,-0.004386637181950721,10.000000020174326,9.064022562285486e-08,0.049999993795609265,5.1840663755961875e-09,1.3726600949642842e-09,0.00499940322789336,5.362717587463874e-09,-1.379985051196218e-07,18.21359861961204,5.336689472198486,1.4081275463104248,19.567474365234375,0.8050512671470642,0.2281145602464676,-0.8608329892158508,22.665250789027574,4.85022128122635,17.667117665059372,True,0.8693538308143616,426.0,356.0,True,OFFBOARD
42.752,ACQUIRE,True,-7.5472918096383985,-4.582048753027268,19.612592945645403,0.7853398085396709,0.19947465862959163,-0.773637995527706,-0.006949265898002191,0.02746035065419016,-0.004336876503928825,10.00000002052986,9.088574622564574e-08,0.049999993795609265,5.184066400116415e-09,1.3726601261893068e-09,0.004999403227895426,5.3627176191597115e-09,-1.4043005553142205e-07,18.135672642091173,5.412693023681641,1.4293094873428345,19.489206314086914,0.8026251196861267,0.226872056722641,-0.8619998693466187,22.69504047869407,4.86517553726799,17.620576297862762,True,0.8693538308143616,426.0,356.0,True,OFFBOARD
42.852,ACQUIRE,True,-7.468897073968529,-4.5621356408633975,19.535359799337723,0.7826963153949651,0.19890374332830377,-0.7709207320499822,-0.007437884401521291,0.02751363927682759,-0.004280797616593649,10.000000020885393,9.11312716985017e-08,0.049999996287036774,-1.2859189598378796e-13,1.2151295954720162e-12,6.321574357864743e-07,1.221914812703689e-12,-1.428616054891658e-07,18.054790171800345,5.4936442375183105,1.4496617317199707,19.40514373779297,0.8009698390960693,0.22556407749652863,-0.861278235912323,22.674298946400736,4.868998600681355,17.517612875311595,True,0.8693538308143616,426.0,356.0,True,OFFBOARD
42.952,ACQUIRE,True,-7.390771392689797,-4.542263218483568,19.458381434393324,0.7798909751460609,0.198596176299149,-0.7689826160477543,-0.007741331030334625,0.027226361325636377,-0.004235745014518942,10.000000021240929,9.137678477314201e-08,0.04999999651757947,1.9973213588895673e-13,-1.8863193618471417e-12,6.636450808656972e-08,1.896864165138393e-12,-1.4529315652201927e-07,17.9741783219065,5.566758155822754,1.465522050857544,19.328664779663086,0.7975051403045654,0.22237369418144226,-0.8598478436470032,22.673096296273588,4.871406622600768,17.44210005393506,True,0.8782058954238892,426.0,361.0,True,OFFBOARD
43.052,ACQUIRE,True,-7.312921233481865,-4.522391343816577,19.381546746040552,0.7773551710195457,0.19900107743821357,-0.7676653962562987,-0.008818724956590314,0.027937115133157567,-0.004220350176123108,10.000000021580776,9.164156099403053e-08,0.04992755344861044,-3.921812247972267e-09,4.793127934485386e-09,-0.018110213533143394,6.19311607389119e-09,-1.4773393395748455e-07,17.893833202517143,5.646526336669922,1.4840744733810425,19.244741439819336,0.7944722175598145,0.2206697314977646,-0.8602727651596069,22.766267209995352,4.903369927448626,17.45786667872156,True,0.8782058954238892,426.0,361.0,True,OFFBOARD
43.152,ACQUIRE,True,-7.23528209908985,-4.502430668173998,19.304885122697115,0.7755839242032883,0.20025243865324044,-0.7653802302351619,-0.009379590912472474,0.028348109216633468,-0.004208831350284203,10.000000022011255,9.1908748771935e-08,0.049999993795609377,5.184066502104323e-09,1.3726602753755257e-09,0.004999403227887509,5.362717755936272e-09,-1.505615153269009e-07,17.813669822450585,5.720652103424072,1.5023311376571655,19.16649055480957,0.7936011552810669,0.22064444422721863,-0.8612284660339355,22.656433832999205,4.8873391505423065,17.27075510911748,True,0.8782058954238892,426.0,361.0,True,OFFBOARD
43.252,ACQUIRE,True,-7.157807236166696,-4.4823310337697295,19.228548071818224,0.7739510087108826,0.20166235624857226,-0.7614162723411607,-0.009276131918443502,0.028137391123359234,-0.004198008698988928,10.000000022366788,9.215427425824141e-08,0.04999999628703666,-1.2859190183857233e-13,1.2151307762359447e-12,6.321574354464684e-07,1.22191598752706e-12,-1.5299306518554037e-07,17.733630261269447,5.800805568695068,1.5210013389587402,19.084753036499023,0.7920457124710083,0.22131864726543427,-0.8585008978843689,22.729468864727554,4.9030411451587685,17.26319304882961,True,0.8782058954238892,426.0,361.0,True,OFFBOARD
43.352,ACQUIRE,True,-7.080501759259124,-4.462102098518476,19.15243154121408,0.7722301615005178,0.2028348684970092,-0.7620018503696676,-0.009151275487824831,0.028138571972059188,-0.00415933215273316,10.000000022722324,9.239978734631175e-08,0.04999999651757936,1.9973214222830092e-13,-1.8863193494857546e-12,6.636450825987553e-08,1.8968641535132308e-12,-1.5542461611842046e-07,17.653721904642907,5.874461650848389,1.536697506904602,19.013622283935547,0.7912089228630066,0.22081200778484344,-0.8569163084030151,22.694863817010805,4.895681202214768,17.152512949909145,True,0.8432278633117676,425.5,358.0,True,OFFBOARD
43.452,ACQUIRE,True,-7.003368974625706,-4.441759077900933,19.076030736145224,0.7705237652300957,0.20403041987202608,-0.7659226595457991,-0.009545780378698392,0.028288731259783737,-0.004111419313531236,10.00000002306217,9.26645635805897e-08,0.04992755344859934,-3.9218125610449516e-09,4.7931279466284504e-09,-0.018110213535879535,6.193116281543616e-09,-1.5786539345553224e-07,17.573951798068524,5.954747200012207,1.555257797241211,18.933837890625,0.7897723913192749,0.21942134201526642,-0.8607428669929504,22.741095175346445,4.909863995765946,17.11826104182865,True,0.8432278633117676,425.5,358.0,True,OFFBOARD
43.552,ACQUIRE,True,-6.92331593067885,-4.420452114717637,18.99618863216963,0.7690286620254179,0.20569441524983026,-0.7690425807759057,-0.009805709388510869,0.028261812567029976,-0.004059935501091455,10.000000023492646,9.293175624102102e-08,0.04999999628703666,-1.2859191331818488e-13,1.2151292932930123e-12,6.321574355645962e-07,1.221914514026905e-12,-1.6069297427840348e-07,17.491112617693247,6.029265403747559,1.573596477508545,18.858224868774414,0.7902897000312805,0.2208852469921112,-0.8653305768966675,22.732257018188072,4.9131527861058855,17.033571710312618,True,0.8432278633117676,425.5,358.0,True,OFFBOARD
43.652,ACQUIRE,True,-6.849565346577894,-4.400633628301691,18.922324212200618,0.7674674239159515,0.2070657753777435,-0.7695375284125276,-0.009426397123890049,0.027987268195772377,-0.004010824637831257,10.00000002384818,9.317727687381799e-08,0.04999999628703666,-1.2859192011264643e-13,1.2151299361910193e-12,6.321574356058966e-07,1.2219151540699737e-12,-1.6312452446812977e-07,17.41474749523746,6.109485626220703,1.5933051109313965,18.77867317199707,0.7911794781684875,0.22037775814533234,-0.8669202923774719,22.73902165638966,4.911884092882581,16.957430083539652,True,0.8432278633117676,425.5,358.0,True,OFFBOARD
43.752,ACQUIRE,True,-6.769836018846985,-4.379035047674921,18.842138388375474,0.7659592959881879,0.20822478024734345,-0.7730477449305976,-0.009386881647573174,0.028636949039081594,-0.0039622750647804236,10.000000024188028,9.344204558382654e-08,0.04992755344859123,-3.921812798541502e-09,4.793127955302068e-09,-0.0181102135379589,6.1931164386520385e-09,-1.655653023965913e-07,17.332147866822897,6.182700157165527,1.6108393669128418,18.70760726928711,0.7894408106803894,0.2200598418712616,-0.8682543039321899,22.714636989483978,4.9057060840570905,16.857078101246145,True,0.8432278633117676,425.5,358.0,True,OFFBOARD
43.852,ACQUIRE,True,-6.693281347683336,-4.358151204278534,18.764571026027667,0.7653017692321312,0.20943126258079123,-0.7779480710736174,-0.00955651741120401,0.02943094432475093,-0.0039121699093863605,10.000000024618505,9.370923338936373e-08,0.049999993795609265,5.184066681495507e-09,1.3726605433903027e-09,0.004999403227883672,5.362717997953314e-09,-1.6839288356202316e-07,17.252800517915695,6.262632846832275,1.6309998035430908,18.62726402282715,0.7891484498977661,0.22024813294410706,-0.8726677298545837,22.689572212716193,4.906746144074219,16.750368683044854,True,0.8753420114517212,424.5,359.5,True,OFFBOARD
43.952,ACQUIRE,True,-6.619819669762493,-4.337989996141621,18.689736970564073,0.765217915195786,0.21050884885171603,-0.7806368498971882,-0.009334473313925697,0.029822567844511906,-0.0038297319035263252,10.000000024974039,9.395475403241917e-08,0.049999993795609377,5.184066705996245e-09,1.3726605772174105e-09,0.004999403227885773,5.362718030296352e-09,-1.7082443367644165e-07,17.176628444119256,6.336935043334961,1.6503957509994507,18.5502872467041,0.7896643877029419,0.21974527835845947,-0.8768665790557861,22.674226926013688,4.906871990214235,16.658683728206462,True,0.8753420114517212,424.5,359.5,True,OFFBOARD
44.052,ACQUIRE,True,-6.543285874863019,-4.316889089638696,18.61167106159955,0.7655044989251649,0.21146616525088255,-0.7801564071135239,-0.009316126294190171,0.030202090023497496,-0.0037283646725283144,10.00000002532957,9.420027954561315e-08,0.049999996287036774,-1.2859191206914215e-13,1.2151297680549792e-12,6.321574635351111e-07,1.2219149860211003e-12,-1.7325598333687095e-07,17.097246579524345,6.416725158691406,1.670776605606079,18.467010498046875,0.7904285192489624,0.2182483673095703,-0.8784764409065247,22.725316969205636,4.9170436195844145,16.628542220171184,True,0.8753420114517212,424.5,359.5,True,OFFBOARD
44.152,ACQUIRE,True,-6.463631520276668,-4.294840427824288,18.530573968161153,0.7664378323053387,0.2125614288452322,-0.7796882885575934,-0.009736660984480594,0.031237001016033324,-0.0037142315152980175,10.000000025669424,9.446504826904811e-08,0.04992755344855715,-3.921813120546182e-09,4.793127955302068e-09,-0.018110213546457248,6.193116642562641e-09,-1.756967611670071e-07,17.014606042825964,6.489334583282471,1.6885576248168945,18.391887664794922,0.7899825572967529,0.21670225262641907,-0.878254771232605,22.7077363413484,4.916362481214723,16.536483295338872,True,0.8753420114517212,424.5,359.5,True,OFFBOARD
44.252,ACQUIRE,True,-6.386891811673013,-4.273507916823232,18.45261467361479,0.7685014442858896,0.21410514767133676,-0.7792792347878664,-0.01026664921873437,0.032682732692229786,-0.003676803392804757,10.000000026099912,9.473223609009421e-08,0.049999993795609265,5.184066784442485e-09,1.372660681300819e-09,0.004999403227887442,5.362718132770831e-09,-1.7852434221687256e-07,16.934966632021975,6.568936347961426,1.708719253540039,18.30824851989746,0.7910517454147339,0.21617165207862854,-0.8796321749687195,22.69623754054042,4.9207145310523766,16.444049301158195,True,0.8800503015518188,424.5,359.5,True,OFFBOARD
44.352,ACQUIRE,True,-6.312968556335017,-4.2528672010923,18.377902141390457,0.7715535507496623,0.2158332522429467,-0.7771628175926694,-0.010279959953283796,0.03350752589726461,-0.0036762695863933586,10.000000026455453,9.49777567466344e-08,0.049999993795609265,5.184066808240326e-09,1.372660724668906e-09,0.004999403227890854,5.362718166876534e-09,-1.809558922322018e-07,16.858227196864178,6.643197059631348,1.7280588150024414,18.22969627380371,0.7933995127677917,0.21665626764297485,-0.8790207505226135,22.773931929589278,4.9398598148055575,16.44737891298224,True,0.8800503015518188,424.5,359.5,True,OFFBOARD
44.452,ACQUIRE,True,-6.232528439597593,-4.230333272312068,18.29724058499724,0.7752142144207701,0.21733985362774613,-0.7741980707739587,-0.009622973910800992,0.03350192163958351,-0.003634045668540751,10.000000026811,9.522327473868991e-08,0.04999999651757936,1.9973216010080467e-13,-1.88631931883375e-12,6.636450873155378e-08,1.8968641249135257e-12,-1.833874424613869e-07,16.774704194508118,6.723492622375488,1.7495919466018677,18.146806716918945,0.7970086932182312,0.2173234522342682,-0.8770252466201782,22.63549756179434,4.910789564514893,16.222979737754372,True,0.8800503015518188,424.5,359.5,True,OFFBOARD
44.552,ACQUIRE,True,-6.154847295246106,-4.208562917825631,18.21986305615529,0.7781690704576819,0.21787484663587608,-0.7738073063634792,-0.008617901676558345,0.03293991918398924,-0.0036014876747326994,10.000000027150858,9.548805101003833e-08,0.04992755344854627,-3.921813433518801e-09,4.793127962240962e-09,-0.018110213549193368,6.193116846123988e-09,-1.8582821952620555e-07,16.694043687704557,6.797155380249023,1.769856572151184,18.071897506713867,0.7999250888824463,0.21807865798473358,-0.8766010999679565,22.723363050182805,4.926415559488772,16.236007987999987,True,0.8800503015518188,424.5,359.5,True,OFFBOARD
44.652,ACQUIRE,True,-6.080021219008597,-4.187652681036978,18.145579207158296,0.7805941942466502,0.21771042154352221,-0.7737421065808611,-0.008284860679616386,0.03296544973331036,-0.0035917258702581516,10.0000000275064,9.573357167629536e-08,0.049927553448566586,-3.921813499999284e-09,4.793127977853473e-09,-0.018110213544086047,6.193116900306207e-09,-1.8825976947204895e-07,16.616362991556482,6.878114223480225,1.7921112775802612,17.98855209350586,0.8024811744689941,0.21764574944972992,-0.8766561150550842,22.672608381286786,4.92174789680767,16.101573558798368,True,0.8841760754585266,424.5,358.0,True,OFFBOARD
44.752,ACQUIRE,True,-6.001822872541748,-4.165896417351475,18.06822276339284,0.7833163485013586,0.21741450742207447,-0.7732368407459417,-0.008173294653774447,0.03329784726203708,-0.0035431902981415703,10.000000027936887,9.60007595168182e-08,0.049999993795609265,5.1840669110495706e-09,1.372660870385678e-09,0.004999403227895325,5.362718303559026e-09,-1.910873503759791e-07,16.535205771270064,6.95364236831665,1.8128265142440796,17.91006851196289,0.8045578002929688,0.21691718697547913,-0.8767942190170288,22.7130424871516,4.937611435027009,16.06620592755761,True,0.8841760754585266,424.5,358.0,True,OFFBOARD
44.852,ACQUIRE,True,-5.920207012194248,-4.143310625091896,17.987899830211283,0.7860220057749626,0.21687128205204362,-0.7712549030121637,-0.007672101164282724,0.032834839538287225,-0.003474587387335336,10.000000028292433,9.624627752240921e-08,0.04999999651757947,1.99732164666441e-13,-1.8863192890552478e-12,6.63645083917145e-08,1.8968640957813078e-12,-1.9351890050606553e-07,16.4505323909446,7.035183906555176,1.835315227508545,17.8276424407959,0.8068144917488098,0.21555790305137634,-0.8753543496131897,22.67247611440846,4.933970383813869,15.941347853035722,True,0.8841760754585266,424.5,358.0,True,OFFBOARD
44.952,ACQUIRE,True,-5.841494031382758,-4.121673339716786,17.91074747946017,0.7881227304564383,0.21585906019463166,-0.7726299631148111,-0.007301777953051,0.03282389003330752,-0.0033789509942734673,10.000000028632291,9.651105380725121e-08,0.04992755344853517,-3.921813746497313e-09,4.7931279761187495e-09,-0.018110213551928565,6.193117055059392e-09,-1.959596774716585e-07,16.368907293047943,7.109851360321045,1.8559966087341309,17.75494956970215,0.8072701692581177,0.21520429849624634,-0.8737642765045166,22.762876692302154,4.950158751242224,15.955909294295095,True,0.8841760754585266,424.5,358.0,True,OFFBOARD
45.052,ACQUIRE,True,-5.765731076179286,-4.1010079862118625,17.836406145320797,0.7901940593994471,0.21468949518799751,-0.7759796857301027,-0.007068290722971936,0.03294402766827767,-0.0033367195989204646,10.00000002898783,9.675657448695235e-08,0.049927553448555595,-3.921813812678006e-09,4.79312798132292e-09,-0.018110213546821713,6.193117100996293e-09,-1.983912273183991e-07,16.29038196535018,7.191676616668701,1.8784223794937134,17.673564910888672,0.80857253074646,0.21400606632232666,-0.876410722732544,22.701984740166857,4.943139118049797,15.81019123140004,True,0.8978179693222046,425.5,357.0,True,OFFBOARD
45.152,ACQUIRE,True,-5.6866087337810916,-4.079610555870718,17.75867702879682,0.792065603961429,0.21329290901180567,-0.7780596662439134,-0.0068337096651035715,0.032287276814855666,-0.003285772943986425,10.00000002941832,9.702376234304168e-08,0.049999993795609265,5.184067012650693e-09,1.372661019571897e-09,0.004999403227888754,5.3627184399616986e-09,-2.0121880810591963e-07,16.20842119297542,7.267943382263184,1.899023413658142,17.596935272216797,0.8104586005210876,0.21158048510551453,-0.8802333474159241,22.735271379729,4.953945265502376,15.76612770790803,True,0.8978179693222046,425.5,357.0,True,OFFBOARD
45.252,ACQUIRE,True,-5.607340613630818,-4.058361213227296,17.68086700026642,0.7930968755328265,0.21172228348185052,-0.7780246875219626,-0.006528857529243534,0.03132703647685313,-0.0032333745807042666,10.000000029773865,9.726928789641579e-08,0.049999996287036774,-1.2859195286899868e-13,1.2151298400527797e-12,6.321574640553618e-07,1.221915061912798e-12,-2.0365035746904928e-07,16.126356640165415,7.349809646606445,1.9212896823883057,17.515335083007812,0.811874270439148,0.21142029762268066,-0.8802704811096191,22.724871115470883,4.9533515829637675,15.671181019319544,True,0.8978179693222046,425.5,357.0,True,OFFBOARD
45.352,ACQUIRE,True,-5.528016271883432,-4.0372832571129775,17.60298920061462,0.7932936218450857,0.20987132029325897,-0.7798645001496469,-0.006230818152942147,0.03082409600358037,-0.0031560969962394934,10.000000030129407,9.751480105163911e-08,0.04999999651757947,1.9973217448438985e-13,-1.886319291887514e-12,6.636450910608752e-08,1.8968640996316195e-12,-2.0608190790642598e-07,16.044280824054752,7.430456638336182,1.9434967041015625,17.4356746673584,0.8115971684455872,0.20912285149097443,-0.8813580274581909,22.73382987029043,4.957668167585432,15.597386380024515,True,0.8978179693222046,425.5,357.0,True,OFFBOARD
45.452,ACQUIRE,True,-5.445512087207965,-4.015560675204311,17.521748589405775,0.7934033719366993,0.2080147578335963,-0.782045125247741,-0.0065426974428641526,0.031280107370791746,-0.00313327254241146,10.000000030544207,9.780124452831715e-08,0.049999993795609265,5.1840670928217955e-09,1.3726611357983698e-09,0.004999403227891447,5.362718547211768e-09,-2.0891871570515534e-07,15.958965282916376,7.505876064300537,1.9638110399246216,17.359647750854492,0.8115332126617432,0.2075389325618744,-0.8844523429870605,22.71377762345083,4.960548224789852,15.500345273185367,True,0.8905932307243347,426.5,358.0,True,OFFBOARD
45.552,ACQUIRE,True,-5.366140503966241,-3.9948372905176153,17.44350905381721,0.7940508368270229,0.20653326022228907,-0.7824671004636872,-0.006650446557582323,0.031566729536010925,-0.0031027701576259964,10.000000030899752,9.804677009219369e-08,0.049999996287036774,-1.285919215006555e-13,1.2151302697102422e-12,6.321574641873673e-07,1.2219154858832572e-12,-2.1135026499304007e-07,15.876932975178917,7.581971168518066,1.9839531183242798,17.281972885131836,0.8109273910522461,0.20580177009105682,-0.8857739567756653,22.713147837467467,4.963566801956624,15.421757522754914,True,0.8905932307243347,426.5,358.0,True,OFFBOARD
45.652,ACQUIRE,True,-5.28987817210616,-3.9750736091661594,17.368443161878382,0.7947038843112726,0.20529835906952518,-0.7813409681230568,-0.006827212864146319,0.03143950516641203,-0.003055170395544085,10.000000031255295,9.829229079220662e-08,0.04999999628703666,-1.2859194056220553e-13,1.2151288805762087e-12,6.321574642218952e-07,1.2219141064690039e-12,-2.137818146872476e-07,15.798151361895327,7.664095401763916,2.005146026611328,17.199491500854492,0.8109865188598633,0.20472614467144012,-0.8846118450164795,22.7034966846215,4.9657933435274515,15.328046955890398,True,0.8905932307243347,426.5,358.0,True,OFFBOARD
45.752,ACQUIRE,True,-5.2103851682783064,-3.9546047276033276,17.290276884706337,0.7950774991175213,0.20412891959420223,-0.7824188208734467,-0.006830917558443765,0.031202506184076464,-0.0029999711705789344,10.000000031610837,9.853780396088178e-08,0.04999999651757947,1.9973218004114364e-13,-1.886319272193998e-12,6.636450892584281e-08,1.896864080632685e-12,-2.1621336502638082e-07,15.71606557825289,7.7392964363098145,2.0240397453308105,17.12554359436035,0.809691309928894,0.2034340649843216,-0.8839238882064819,22.752439879527877,4.978470578696037,15.301082889644794,True,0.871003270149231,428.0,361.5,True,OFFBOARD
45.852,ACQUIRE,True,-5.130855968904638,-3.934249119405616,17.211903184451188,0.7955707845410108,0.20305784908118266,-0.7848317201116032,-0.007015864351518061,0.03170263302622424,-0.0029375732472533326,10.000000031950695,9.880258027594496e-08,0.049927553448533835,-3.921814438629941e-09,4.793127998670155e-09,-0.018110213552293024,6.193117510808433e-09,-2.18654141772561e-07,15.633973270720135,7.821470737457275,2.044635772705078,17.042951583862305,0.8094907402992249,0.20203620195388794,-0.8851078152656555,22.732798169812526,4.974954574061991,15.196527697882038,True,0.871003270149231,428.0,361.5,True,OFFBOARD
45.952,ACQUIRE,True,-5.051253246426071,-3.913984189171684,17.13335735939024,0.7965115779908302,0.20234531454022806,-0.7855910637276423,-0.007434659239834821,0.03206450034016582,-0.0028712543917095708,10.000000032381182,9.906976816347562e-08,0.049999993795609154,5.184067217997286e-09,1.3726613092707174e-09,0.004999403227884151,5.3627187126198325e-09,-2.2148172232737042e-07,15.551832633854023,7.904244899749756,2.065345525741577,16.958576202392578,0.8095598816871643,0.20185647904872894,-0.887915849685669,22.77391240162028,4.988640997221147,15.154295365663073,True,0.871003270149231,428.0,361.5,True,OFFBOARD
46.052,ACQUIRE,True,-4.971547967220431,-3.89377192173261,17.05486307003465,0.7974700102235508,0.20192837176936698,-0.7841727979008964,-0.007489810332481643,0.03154755213894552,-0.0028056231937168366,10.000000032736718,9.931529374376966e-08,0.04999999628703666,-1.2859193307291226e-13,1.2151299236972833e-12,6.321574644023066e-07,1.2219151430095275e-12,-2.2391327149229034e-07,15.469606008781103,7.980367660522461,2.084935188293457,16.88249397277832,0.8104357719421387,0.20208045840263367,-0.886543869972229,22.75315564137503,4.988840385707055,15.055495014206203,True,0.871003270149231,428.0,361.5,True,OFFBOARD
46.152,ACQUIRE,True,-4.8917863069991006,-3.873602334109219,16.976409500031636,0.797616021915044,0.20146361438001983,-0.7854862538127244,-0.0073618114524977496,0.030791060385814806,-0.002747651727342695,10.000000033092265,9.956080692583434e-08,0.04999999651757936,1.9973218731818753e-13,-1.886319268117652e-12,6.636450944609332e-08,1.8968640773452436e-12,-2.2634482173145815e-07,15.387335578750015,8.055977821350098,2.104945659637451,16.808778762817383,0.8101036548614502,0.2032972127199173,-0.8852438926696777,22.77910807365594,4.998314667186492,15.004737539864163,True,0.870458722114563,427.0,360.5,True,OFFBOARD
46.252,ACQUIRE,True,-4.808845228826948,-3.8526822093877855,16.89455781597914,0.7974545975559312,0.20085242859921917,-0.7883302717795282,-0.007249330611083007,0.031027444205863338,-0.002697401156073444,10.000000033507066,9.984725043386772e-08,0.049999993795609154,5.184067295724759e-09,1.3726614324360842e-09,0.004999403227887171,5.362718819283787e-09,-2.291816292986902e-07,15.301799207271191,8.138525009155273,2.126607894897461,16.72575569152832,0.808997631072998,0.2035784125328064,-0.8868693709373474,22.756445710432658,5.000051228911605,14.897660293570404,True,0.870458722114563,427.0,360.5,True,OFFBOARD
46.352,ACQUIRE,True,-4.729092575595518,-3.8326273147424583,16.81565982954402,0.7976262994988391,0.2002878072592444,-0.789043574302428,-0.007336330052428487,0.031198838298656432,-0.0026358475881393243,10.000000033862603,1.000927760245329e-07,0.04999999628703666,-1.2859194277077777e-13,1.2151286455245659e-12,6.321574645272067e-07,1.2219138729550169e-12,-2.3161317838835845e-07,15.219566419544956,8.215123176574707,2.146543025970459,16.6470947265625,0.8086023926734924,0.20329710841178894,-0.889850378036499,22.756717837719194,5.005402563516931,14.81995455945956,True,0.870458722114563,427.0,360.5,True,OFFBOARD
46.452,ACQUIRE,True,-4.652509434520917,-3.8134209303203517,16.740007123446574,0.7978558550530058,0.19989949366805057,-0.7868636005949106,-0.007572167265997643,0.03125838788402156,-0.0026325593197012906,10.000000034218147,1.0033829675147484e-07,0.049999996287036774,-1.2859194802006593e-13,1.2151292494590573e-12,6.321574645827178e-07,1.2219144740883165e-12,-2.3404472788435432e-07,15.140614706429776,8.298538208007812,2.168513774871826,16.562744140625,0.8095995783805847,0.20445527136325836,-0.8897334933280945,22.724763468549348,5.007619824149648,14.70294182899914,True,0.8759551644325256,427.5,360.5,True,OFFBOARD
46.552,ACQUIRE,True,-4.572708655019843,-3.7934398833325007,16.661439973154224,0.7981018643466694,0.19975186986659688,-0.784707801449711,-0.007714597538699533,0.030988641863700286,-0.0026209398156995098,10.000000034573693,1.0058380994715787e-07,0.04999999651757947,1.997321936150224e-13,-1.8863192554650974e-12,6.63645096266711e-08,1.896864065426057e-12,-2.364762780252812e-07,15.058354009098402,8.3758544921875,2.1892340183258057,16.485958099365234,0.809855043888092,0.2056673914194107,-0.8880390524864197,22.750256091462177,5.019080715645135,14.650305582736475,True,0.8759551644325256,427.5,360.5,True,OFFBOARD
46.652,ACQUIRE,True,-4.489712526032715,-3.7726729285309646,16.579931119705513,0.797902683195703,0.19959521322775048,-0.7827363192090012,-0.007560566360784707,0.03050192362435924,-0.0025671803527410396,10.00000003498849,1.0087025347084318e-07,0.049999993795609154,5.184067397894311e-09,1.372661575550771e-09,0.004999403227893131,5.3627189546818716e-09,-2.3931308547689973e-07,14.97280307383314,8.45982551574707,2.2116312980651855,16.401412963867188,0.8099237680435181,0.20770934224128723,-0.8876709938049316,22.767115115522184,5.027840859144976,14.581823342221313,True,0.8759551644325256,427.5,360.5,True,OFFBOARD
46.752,ACQUIRE,True,-4.413133073544672,-3.7535254875527255,16.504913961480618,0.7975449706987987,0.19930042818472724,-0.7801375390570687,-0.007408617085940101,0.030674119195208644,-0.00251569404103057,10.00000003534403,1.0111577420792265e-07,0.049999993795609265,5.184067422381044e-09,1.3726616093778787e-09,0.004999403227881319,5.3627189870113755e-09,-2.4174463489765933e-07,14.893869891983512,8.537468910217285,2.2322909832000732,16.32248306274414,0.8093920350074768,0.20931075513362885,-0.8863120079040527,22.7321965174713,5.027753259530446,14.467373679508162,True,0.8759551644325256,427.5,360.5,True,OFFBOARD
46.852,ACQUIRE,True,-4.336571417464355,-3.7344117844192164,16.430174323867245,0.7975553785333351,0.1989016555916384,-0.7770281438967108,-0.007288833268209816,0.031037626709603493,-0.002476338228931137,10.000000035699575,1.0136129494828524e-07,0.049999993795609154,5.184067446095403e-09,1.3726616518786039e-09,0.00499940322788711,5.362719020814368e-09,-2.44176184294563e-07,14.814962475967791,8.621556282043457,2.253593683242798,16.239778518676758,0.8091352581977844,0.21039608120918274,-0.883346438407898,22.82468630929742,5.049336298173813,14.475671982330372,True,0.8750600218772888,427.5,362.0,True,OFFBOARD
46.952,ACQUIRE,True,-4.250434295951173,-3.712958185075372,16.34628142499634,0.7975108543058658,0.19844588931251847,-0.7777231494008175,-0.007550714161225419,0.030753390171296534,-0.0024342717245990817,10.000000036039433,1.0162606863282014e-07,0.04992755344848032,-3.921815311075365e-09,4.79312802122156e-09,-0.018110213565607332,6.193118080741273e-09,-2.466169610060726e-07,14.726199030610765,8.699243545532227,2.2720329761505127,16.167072296142578,0.8101552128791809,0.2108221799135208,-0.880308985710144,22.747309987349126,5.038747739536753,14.317921683528008,True,0.8750600218772888,427.5,362.0,True,OFFBOARD
47.052,ACQUIRE,True,-4.173893171814483,-3.6939120981975058,16.271410819650836,0.797007096379302,0.19841892003910286,-0.7821270105454826,-0.008001851276904592,0.030056688041422794,-0.0023716879500879245,10.000000036394967,1.0187158937966726e-07,0.04992755344850097,-3.921815378069256e-09,4.793128029895177e-09,-0.018110213560500753,6.193118129878302e-09,-2.4904851035648273e-07,14.647328630830446,8.783408164978027,2.292541980743408,16.086328506469727,0.8081472516059875,0.2102465182542801,-0.8816242218017578,22.707148801798652,5.041094965621266,14.192430969785656,True,0.8750600218772888,427.5,362.0,True,OFFBOARD
47.152,ACQUIRE,True,-4.094248563886594,-3.6740540108713864,16.192980780902577,0.7958722810820793,0.19878254253679356,-0.7859518519171489,-0.008367278318254743,0.029613334471335056,-0.002302986331324575,10.000000036825456,1.0213877731417524e-07,0.049999993795609154,5.184067524655273e-09,1.3726617602988211e-09,0.004999403227886896,5.3627191245087705e-09,-2.518760905621832e-07,14.565250332349269,8.867473602294922,2.313469886779785,16.002965927124023,0.8069005608558655,0.21051229536533356,-0.8861380219459534,22.735062588091083,5.052329226143906,14.135465141260724,True,0.8750600218772888,427.5,362.0,True,OFFBOARD
47.252,ACQUIRE,True,-4.014727431426171,-3.654142921522361,16.11431975444557,0.7946089487137715,0.1994576065708817,-0.7868672884074274,-0.008679645843775213,0.029630572918278367,-0.002217259949838839,10.000000037181001,1.0238430293472644e-07,0.049999996287036885,-1.285919568146502e-13,1.215130835528251e-12,6.321574648946352e-07,1.2219160522756898e-12,-2.543076394297996e-07,14.483278194473037,8.944855690002441,2.332866907119751,15.927347183227539,0.8043136596679688,0.21097911894321442,-0.8864640593528748,22.70570983946226,5.047380444936343,14.026036170981987,True,0.8741627335548401,427.5,363.5,True,OFFBOARD
47.352,ACQUIRE,True,-3.935320192139279,-3.6341500406932377,16.035525844248145,0.7936477354368551,0.20039714152695626,-0.7894865125229674,-0.008941833463422443,0.03009519699395472,-0.002149873995065632,10.000000037536541,1.0262981615722509e-07,0.04999999651757947,1.9973220688386537e-13,-1.886319235453944e-12,6.636450995229952e-08,1.896864046923303e-12,-2.567391893725331e-07,14.401395667359019,9.028440475463867,2.353955030441284,15.847818374633789,0.8038186430931091,0.21204088628292084,-0.8866201043128967,22.800492913789647,5.068783674740318,14.037083847149365,True,0.8741627335548401,427.5,363.5,True,OFFBOARD
47.452,ACQUIRE,True,-3.8559870184516054,-3.6140565024349156,15.956394975052056,0.7931016180209252,0.20142851696316488,-0.7926593035156668,-0.008972321318342838,0.030432570658535735,-0.002103383084674503,10.000000037876395,1.0289459252639982e-07,0.04992755344849931,-3.921815726243767e-09,4.793128035099348e-09,-0.018110213560901547,6.193118354388866e-09,-2.5917996572621503e-07,14.319559436367271,9.10565185546875,2.373778820037842,15.771869659423828,0.8038804531097412,0.21261493861675262,-0.8900646567344666,22.772314198970527,5.068764081280015,13.929845841559123,True,0.8741627335548401,427.5,363.5,True,OFFBOARD
47.552,ACQUIRE,True,-3.7766878398002617,-3.5938590700792363,15.877056085429563,0.7929698031855492,0.2024938828158093,-0.793745297863657,-0.009101448159691635,0.030860448353106192,-0.0020950332486240433,10.000000038306883,1.031617804763862e-07,0.049999993795609154,5.184067626736668e-09,1.372661912954487e-09,0.00499940322789209,5.3627192622637835e-09,-2.620075458154184e-07,14.237729897981383,9.182888984680176,2.3938586711883545,15.693897247314453,0.8033037781715393,0.21368134021759033,-0.8924424648284912,22.831316961909508,5.086142288266107,13.911433331055491,True,0.8741627335548401,427.5,363.5,True,OFFBOARD
47.652,ACQUIRE,True,-3.697382294224047,-3.573548654371496,15.797738693798415,0.7931762676984191,0.20370529667768236,-0.7924048601371764,-0.009374287915819651,0.031087627495748112,-0.002126574538253696,10.000000038662423,1.034073061103595e-07,0.049999996287036774,-1.2859194845516294e-13,1.2151293504677362e-12,6.321574655883581e-07,1.2219145745818885e-12,-2.644390945839423e-07,14.155865692266678,9.265790939331055,2.415818214416504,15.61046028137207,0.8020832538604736,0.21431970596313477,-0.8908752799034119,22.81917386263897,5.090257503630669,13.81473178087461,True,0.8795081377029419,427.0,366.0,True,OFFBOARD
47.752,ACQUIRE,True,-3.614870353896592,-3.552285625772789,15.715331882964021,0.7936325785716432,0.20516960773080917,-0.7928221271874556,-0.00958223850063016,0.0314807335476293,-0.002150093972033833,10.000000039002273,1.0367207495509114e-07,0.04992755344845867,-3.921815937089276e-09,4.793128043772965e-09,-0.018110213571078213,6.193118494620484e-09,-2.668798715306537e-07,14.070658467856141,9.34138298034668,2.4362311363220215,15.535243034362793,0.8009783625602722,0.2152249962091446,-0.8904500603675842,22.79610159138771,5.092691178664749,13.714453429096523,True,0.8795081377029419,427.0,366.0,True,OFFBOARD
47.852,ACQUIRE,True,-3.5354679056471263,-3.5316935191496497,15.636025756490582,0.7944953812019406,0.20661566908217407,-0.7929547608465051,-0.009671084011326827,0.032231086427743035,-0.002159534400326282,10.000000039432763,1.0393926291700143e-07,0.049999993795609265,5.1840677045812e-09,1.37266202918096e-09,0.004999403227881957,5.362719367264801e-09,-2.697074515331825e-07,13.988629394606608,9.42357349395752,2.458585739135742,15.451294898986816,0.7994916439056396,0.21604707837104797,-0.8919679522514343,22.814858709910993,5.101661515621444,13.649628906869943,True,0.8795081377029419,427.0,366.0,True,OFFBOARD
47.952,ACQUIRE,True,-3.4591184544988707,-3.511783270029252,15.559946694998844,0.796176203677448,0.20815390713818036,-0.7918659182293005,-0.00993631972745349,0.03306599927871013,-0.0021675813317501937,10.000000039788306,1.0418478369435225e-07,0.049999993795609154,5.184067729036986e-09,1.372662055201812e-09,0.004999403227883738,5.362719397566272e-09,-2.7213900065664215e-07,13.90972656491382,9.499716758728027,2.479349374771118,15.372101783752441,0.8005971908569336,0.21744537353515625,-0.8921034336090088,22.776585691740735,5.101672972183904,13.53335988267311,True,0.8795081377029419,427.0,366.0,True,OFFBOARD
48.052,ACQUIRE,True,-3.3793928599365457,-3.49088264521923,15.480909730800272,0.7982058054057222,0.20973050464358156,-0.7887483037234647,-0.009579323603054218,0.03282878608651921,-0.002096287264327896,10.00000004014384,1.0443030934192053e-07,0.049999996287036774,-1.285919696359497e-13,1.2151304594456224e-12,6.321574652554578e-07,1.221915679630711e-12,-2.745705493260507e-07,13.827306923133015,9.582734107971191,2.5018069744110107,15.287581443786621,0.8012046217918396,0.21936213970184326,-0.8907254934310913,22.789777263138483,5.1085857526486755,13.461845508737703,True,0.869376540184021,424.5,366.5,True,OFFBOARD
48.152,ACQUIRE,True,-3.299482489914864,-3.4698507359848305,15.402173995491525,0.7999417998188195,0.21077639680340443,-0.7865962966085812,-0.009131540273023328,0.03299923393808358,-0.0020232949299695113,10.000000040499385,1.0467582259131087e-07,0.04999999651757925,1.9973221940547992e-13,-1.8863192090900436e-12,6.636451030634964e-08,1.896864022024438e-12,-2.7700209906969254e-07,13.744675348411368,9.659745216369629,2.5222127437591553,15.212246894836426,0.8012906312942505,0.22008463740348816,-0.8880556225776672,22.757091911726416,5.101445026239137,13.348892449389211,True,0.869376540184021,424.5,366.5,True,OFFBOARD
48.252,ACQUIRE,True,-3.219385213955603,-3.4487305264236845,15.323511178701066,0.8019713460349288,0.21158218209122875,-0.7866865007923802,-0.009053860240976692,0.03337549885618606,-0.0020014313997076616,10.000000040839243,1.0494059898733351e-07,0.04992755344846811,-3.921816316921696e-09,4.7931280559160294e-09,-0.018110213568707473,6.193118744548876e-09,-2.7944287522658424e-07,13.661840633033224,9.74328327178955,2.544652223587036,15.129169464111328,0.8027999997138977,0.2206016629934311,-0.8879634141921997,22.78633138358458,5.114131399121542,13.293732631586412,True,0.869376540184021,424.5,366.5,True,OFFBOARD
48.352,ACQUIRE,True,-3.1390799731253454,-3.4275359148777853,15.244862938245726,0.803963956580764,0.21225904271920168,-0.7861975071018246,-0.008894924277630986,0.03282187726599545,-0.0019429181248625353,10.000000041269722,1.0520778696865277e-07,0.049999993795609154,5.184067831442726e-09,1.3726622061227545e-09,0.004999403227889543,5.362719535190804e-09,-2.822704550831692e-07,13.57878591014896,9.820597648620605,2.5655856132507324,15.051142692565918,0.804588258266449,0.22117437422275543,-0.8890178203582764,22.750336103695737,5.111790538189627,13.178061163783985,True,0.869376540184021,424.5,366.5,True,OFFBOARD
48.452,ACQUIRE,True,-3.055405016772519,-3.405434698120531,15.163199737500566,0.8048874254356564,0.21269393796412997,-0.7843040468445007,-0.008578880851793706,0.031385304460893125,-0.0019058228636684926,10.000000041625263,1.0545330509491901e-07,0.04999999651757936,1.9973222281840127e-13,-1.886319186087805e-12,6.63645099179381e-08,1.8968639995094374e-12,-2.8470200432132874e-07,13.492241749992118,9.903739929199219,2.5875604152679443,14.968982696533203,0.8050335645675659,0.22113250195980072,-0.8874290585517883,22.78954004384807,5.126464790365879,13.133540269880617,True,0.869376540184021,424.5,366.5,True,OFFBOARD
48.552,ACQUIRE,True,-2.978143671731448,-3.3850082609994514,15.087876129056006,0.8046273791767432,0.21281853440189172,-0.7854693883926801,-0.008399993718458489,0.030743692746400385,-0.0018942022586143237,10.000000041980808,1.0569882589227194e-07,0.04999999651757947,1.997322259843446e-13,-1.8863191988727087e-12,6.63645104659442e-08,1.89686401255663e-12,-2.871335532980155e-07,13.412326267146437,9.985936164855957,2.6086106300354004,14.888440132141113,0.8025181889533997,0.22036921977996826,-0.8870917558670044,22.792372650850204,5.132336987615526,13.052739566763345,True,0.8499042987823486,422.5,365.5,True,OFFBOARD
48.652,ACQUIRE,True,-2.8944892199461476,-3.3628707295868314,15.006088167240858,0.8041786569725832,0.21291219772412742,-0.7869449978634678,-0.008453059211293794,0.03100068627257392,-0.0018808111274109813,10.000000042395602,1.059852694943169e-07,0.049999993795609265,5.1840679091238506e-09,1.3726623223492274e-09,0.004999403227878692,5.362719640033861e-09,-2.899703601707058e-07,13.325792794178817,10.061880111694336,2.628507375717163,14.811305046081543,0.7995272874832153,0.22032809257507324,-0.8892411589622498,22.810399068844,5.139137312300985,12.993382865107732,True,0.8499042987823486,422.5,365.5,True,OFFBOARD
48.752,ACQUIRE,True,-2.8172872106337956,-3.3424248719312564,14.930566238742319,0.8043242634674443,0.21305240496234254,-0.7860884806639516,-0.00851048693935138,0.031761381436661434,-0.001856593503038143,10.000000042751138,1.0623079029866097e-07,0.049999993795609265,5.184067933489554e-09,1.3726623605131438e-09,0.004999403227881206,5.362719673356437e-09,-2.92401909095961e-07,13.245929837894563,10.137884140014648,2.64872670173645,14.732476234436035,0.7979671359062195,0.21968144178390503,-0.8899868130683899,22.797091961654417,5.143084564232048,12.902610736500542,True,0.8499042987823486,422.5,365.5,True,OFFBOARD
48.852,ACQUIRE,True,-2.733601325597852,-3.32025892592679,14.84894354528359,0.8050134307563693,0.21319052608964886,-0.7834274553406749,-0.00836188545198457,0.03190456800327921,-0.0017762814913367506,10.000000043106684,1.0647630843843546e-07,0.04999999651757947,1.9973222923309645e-13,-1.886319174441102e-12,6.63645100910774e-08,1.8968639886029213e-12,-2.94833458235013e-07,13.159358793623968,10.220020294189453,2.670680046081543,14.649657249450684,0.796401858329773,0.2195768505334854,-0.888702929019928,22.809641043380005,5.1507739180935985,12.83157886709352,True,0.8499042987823486,422.5,365.5,True,OFFBOARD
48.956,ACQUIRE,True,-2.6530700024476856,-3.2989438253680454,14.770609138253601,0.8055482133716589,0.2130682183591659,-0.7840973877636758,-0.008123878580696015,0.031814827759561556,-0.001702003136815909,10.000000043446539,1.0674108485787722e-07,0.0499275534484257,-3.9218168761388865e-09,4.793128069793817e-09,-0.018110213579285623,6.1931191094159635e-09,-2.972742342170964e-07,13.076054934631673,10.295272827148438,2.6907269954681396,14.577820777893066,0.7947989106178284,0.21830999851226807,-0.8871243596076965,22.801914625846152,5.152175115775108,12.746560945207753,True,0.8582560420036316,423.0,370.0,True,OFFBOARD
49.052,ACQUIRE,True,-2.575710806613504,-3.2784966183384627,14.695174336871743,0.8061262833200199,0.2129518940797243,-0.7874028831263661,-0.008313312383975872,0.032124293981916824,-0.0016408974711537786,10.000000043802073,1.0698660567190423e-07,0.04992755344844613,-3.9218169430118995e-09,4.793128076732711e-09,-0.01811021357417879,6.1931191571338765e-09,-2.9970578307280855e-07,12.99603955715845,10.376998901367188,2.712609052658081,14.497331619262695,0.7934699058532715,0.2157009392976761,-0.889416515827179,22.76905766597822,5.153055425172192,12.630079133666994,True,0.8582560420036316,423.0,370.0,True,OFFBOARD
49.152,ACQUIRE,True,-2.4950618285071737,-3.257198004546002,14.616265109737643,0.8067698882863186,0.2130778248619867,-0.790301851770535,-0.008659123764925659,0.031726876053192674,-0.0015831960605291139,10.000000044232559,1.0725379368436665e-07,0.04999999379560904,5.184068035818869e-09,1.3726625044951923e-09,0.0049994032278867055,5.362719809130989e-09,-3.025333626966597e-07,12.912626020415301,10.452634811401367,2.7328073978424072,14.421195983886719,0.7930850386619568,0.21466340124607086,-0.8927858471870422,22.77818175396836,5.159939622622229,12.562248137574231,True,0.8582560420036316,423.0,370.0,True,OFFBOARD
49.252,ACQUIRE,True,-2.411153082784717,-3.235018922986908,14.534019531677988,0.806740869938907,0.21343439092523211,-0.7909998357015441,-0.008691726437367625,0.030987199313662363,-0.001476386605582116,10.000000044588106,1.0749931183760119e-07,0.04999999651757958,1.997322371139305e-13,-1.8863191763998658e-12,6.636451077125554e-08,1.8968639913806164e-12,-3.049649117366141e-07,12.825836038196659,10.542009353637695,2.7568070888519287,14.33399486541748,0.7932674884796143,0.2136555016040802,-0.894394040107727,22.77087322818722,5.163389767439067,12.463416540063887,True,0.8582560420036316,423.0,370.0,True,OFFBOARD
49.352,ACQUIRE,True,-2.3337315756265573,-3.2145149276134974,14.457998078303614,0.806136395635371,0.2136913954136287,-0.7929952986896682,-0.008507124045172797,0.0304413962021192,-0.0014001434256571735,10.000000044943642,1.0774483266187554e-07,0.04999999651757936,1.9973223823616901e-13,-1.8863191694647835e-12,6.636451044512752e-08,1.896863984602254e-12,-3.073964605159796e-07,12.745746059011138,10.612954139709473,2.775966167449951,14.266386985778809,0.7921741604804993,0.21375873684883118,-0.8958592414855957,22.758838180967697,5.16684882769638,12.378966800131515,True,0.8207040429115295,423.5,372.0,True,OFFBOARD
49.452,ACQUIRE,True,-2.2531678165379647,-3.1931452580002606,14.37856739764556,0.8051276652540621,0.21362707467635197,-0.79535129447997,-0.008021474020340862,0.030093054001683998,-0.0013098467582660582,10.000000045283493,1.0800960909834739e-07,0.049927553448435136,-3.9218172558818555e-09,4.793128083671605e-09,-0.01811021357691446,6.193119360630322e-09,-3.098372363767008e-07,12.662397086588483,10.697240829467773,2.7984378337860107,14.186635971069336,0.7906742095947266,0.2141273021697998,-0.8984256982803345,22.800296282360023,5.177665285924954,12.334693938837574,True,0.8207040429115295,423.5,372.0,True,OFFBOARD
49.552,ACQUIRE,True,-2.172717671380394,-3.1718062984210165,14.29883697696039,0.8039271190558529,0.21311381070825142,-0.7996380630501462,-0.007663617286481026,0.030172476707262513,-0.0012398264351237422,10.00000004571398,1.0827679712654572e-07,0.04999999379560904,5.184068138069224e-09,1.3726626484772408e-09,0.004999403227877949,5.362719944829215e-09,-3.126648158841758e-07,12.579165811039799,10.776070594787598,2.818845748901367,14.115095138549805,0.7896695137023926,0.2122534066438675,-0.8999013304710388,22.74292172915895,5.172648284137512,12.196143343167506,True,0.8207040429115295,423.5,372.0,True,OFFBOARD
49.652,ACQUIRE,True,-2.0923710609944646,-3.15052604647614,14.21860397834633,0.803141712455736,0.21256448726955066,-0.8045412699843493,-0.007961021219833072,0.030742338255520286,-0.0012114970335633886,10.000000046069518,1.0852232282766112e-07,0.049999996287036774,-1.2859194483376621e-13,1.2151300649400272e-12,6.321574937188009e-07,1.2219152847056482e-12,-3.150963641571782e-07,12.496049537525257,10.860535621643066,2.840768814086914,14.033829689025879,0.7884827256202698,0.21019844710826874,-0.9051798582077026,22.797137272173316,5.187604355031832,12.165118002702798,True,0.8207040429115295,423.5,372.0,True,OFFBOARD
49.752,ACQUIRE,True,-2.008866657022187,-3.128430260485414,14.13478816305032,0.8027908201152888,0.21244622357743836,-0.8066807891300727,-0.00851508658893957,0.031107038643515574,-0.001216973595747717,10.000000046409365,1.0878709173963043e-07,0.04992755344842703,-3.921817493519652e-09,4.793128092345222e-09,-0.018110213578993343,6.193119517828291e-09,-3.175371406103722e-07,12.409671876249327,10.937822341918945,2.8608474731445312,13.95633602142334,0.7873140573501587,0.20759981870651245,-0.9083617329597473,22.759130780849848,5.190561325580179,12.04868871880129,True,0.8005678653717041,425.0,373.5,True,OFFBOARD
49.852,ACQUIRE,True,-1.9285823809832578,-3.107162307872048,14.054154427266663,0.8030168990608427,0.21301367907871613,-0.8057272390672121,-0.009264057999205301,0.03190688204101247,-0.0012139345072890116,10.000000046839855,1.0905427977973235e-07,0.049999993795609154,5.184068215950457e-09,1.3726627629689903e-09,0.004999403227881822,5.362720049421695e-09,-3.2036472003023644e-07,12.326619042646277,11.021553039550781,2.8818483352661133,13.873550415039062,0.786064624786377,0.20597009360790253,-0.9079287052154541,22.8113770571726,5.207679657176387,12.017047961311928,True,0.8005678653717041,425.0,373.5,True,OFFBOARD
49.952,ACQUIRE,True,-1.8482328069983074,-3.0858060831649703,13.973553032976001,0.8040435239827588,0.214159951744142,-0.8068338436184656,-0.00993069217659193,0.032716964445794076,-0.00122758599500025,10.000000047195396,1.0929980549126462e-07,0.04999999628703666,-1.2859198260448734e-13,1.2151290334656557e-12,6.321574938435344e-07,1.2219142629339144e-12,-3.227962682280006e-07,12.24348078058887,11.099056243896484,2.900383234024048,13.799444198608398,0.7862054705619812,0.2034592479467392,-0.9059281349182129,22.844411703613638,5.2172368361944335,11.971682650696911,True,0.8005678653717041,425.0,373.5,True,OFFBOARD
50.052,ACQUIRE,True,-1.770972398138663,-3.065167337635756,13.89597295559905,0.8055500557545283,0.2158311395194708,-0.8090642513151657,-0.010529674559106998,0.03314608949250209,-0.0012621065260969737,10.00000004755093,1.095453263389647e-07,0.04999999628703666,-1.285919843002076e-13,1.2151298065949783e-12,6.321574938782289e-07,1.2219150319485452e-12,-3.252278168320715e-07,12.163512806604933,11.182548522949219,2.920581340789795,13.716357231140137,0.7880147099494934,0.20153574645519257,-0.9083261489868164,22.837959621470624,5.222307025935173,11.88051131076411,True,0.8005678653717041,425.0,373.5,True,OFFBOARD
50.152,ACQUIRE,True,-1.6903312679706544,-3.0434798875489926,13.815032959601904,0.8071621185339136,0.21783662048950872,-0.8092809739615433,-0.010599625479865713,0.032917755173928955,-0.0012902238431889363,10.000000047906472,1.0979083965545197e-07,0.04999999651757958,1.997322495588628e-13,-1.88631913145418e-12,6.636451062537223e-08,1.896863947995189e-12,-3.2765936608021417e-07,12.080008972231148,11.259353637695312,2.9393060207366943,13.637895584106445,0.7894680500030518,0.20015893876552582,-0.9106552004814148,22.829840584169027,5.224698715376969,11.794031878337186,True,0.757365345954895,427.0,377.5,True,OFFBOARD
50.252,ACQUIRE,True,-1.6095431036040102,-3.021593444772198,13.734201548394644,0.8084790527649546,0.219791279405379,-0.8072557711560968,-0.010520687783267993,0.032518296782008425,-0.0013094825858973823,10.000000048246328,1.1005561611872263e-07,0.049927553448413375,-3.921817881963396e-09,4.793128099284116e-09,-0.018110213582385317,6.193119769182154e-09,-3.301001417453529e-07,11.99631275872933,11.343744277954102,2.960423707962036,13.553719520568848,0.7909308671951294,0.20048046112060547,-0.9086105823516846,22.837702592008,5.230346680536355,11.715956129425773,True,0.757365345954895,427.0,377.5,True,OFFBOARD
50.352,ACQUIRE,True,-1.5254078994409233,-2.9986379998915877,13.650294029595422,0.809424794167239,0.22151117884199845,-0.8068371214147492,-0.010102966302089915,0.03231940280611062,-0.0012828793629244034,10.000000048676805,1.1032280904505396e-07,0.049999996287036774,-1.2859199540428014e-13,1.2151299328028875e-12,6.32157494003129e-07,1.2219151586242001e-12,-3.3292772058992186e-07,11.909108232213084,11.422929763793945,2.9807822704315186,13.478089332580566,0.7927700877189636,0.20061799883842468,-0.9065644145011902,22.82957335875459,5.231260810537252,11.626528792461366,True,0.757365345954895,427.0,377.5,True,OFFBOARD
50.452,ACQUIRE,True,-1.4476644612429839,-2.977312822019261,13.572821631651149,0.810228939889624,0.22267268799655401,-0.8069286251493861,-0.00982636534282808,0.0325595701925296,-0.0012781276622421964,10.00000004903234,1.1056832990626243e-07,0.049999996287036774,-1.2859198761389313e-13,1.2151300189884898e-12,6.321574940378235e-07,1.2219152435113735e-12,-3.353592690948985e-07,11.828500117866614,11.507955551147461,3.00254487991333,13.393407821655273,0.7939108610153198,0.20021377503871918,-0.9071473479270935,22.79834409015247,5.2290966852633405,11.507841079177407,True,0.7521007061004639,425.0,375.5,True,OFFBOARD
50.556,ACQUIRE,True,-1.3600901136107753,-2.953204830184441,13.485747322092728,0.8115425106516674,0.22370801401238125,-0.8053384229424503,-0.009754763379393312,0.033084663425317844,-0.0012754499523296371,10.000000049447143,1.1085476604829933e-07,0.049999993795609265,5.184068397440498e-09,1.372663031851129e-09,0.004999403227877242,5.362720293689763e-09,-3.3819607608441954e-07,11.737677280304808,11.5858793258667,3.0223371982574463,13.314615249633789,0.7945952415466309,0.19851374626159668,-0.9070364236831665,22.78531289771518,5.231054532244112,11.415154164167035,True,0.7521007061004639,425.0,375.5,True,OFFBOARD
50.652,ACQUIRE,True,-1.2853530007686356,-2.932576832502376,13.411773769798787,0.8131868767543848,0.2247254932909818,-0.8027202168910706,-0.010036460067025259,0.03360818330576216,-0.0012357088470228666,10.000000049727737,1.1107861971302739e-07,0.049927553448402495,-3.9218181947189765e-09,4.793128114896628e-09,-0.018110213585120976,6.193119979319092e-09,-3.402315938106928e-07,11.660154415974542,11.671235084533691,3.044886827468872,13.230426788330078,0.7961062788963318,0.1982550323009491,-0.9051930904388428,22.830020964372736,5.245906019555677,11.373785112970515,True,0.7521007061004639,425.0,375.5,True,OFFBOARD
50.752,ACQUIRE,True,-1.2039381684674269,-2.9100459770640006,13.331595459938395,0.8149514757601319,0.22576660139948046,-0.8014066788242248,-0.009579894214646124,0.03318586129801511,-0.001211423828951125,10.000000050158214,1.1134580778819965e-07,0.049999993795609154,5.184068444751677e-09,1.372663104709515e-09,0.004999403227880781,5.362720358073954e-09,-3.430591729690493e-07,11.575690037464268,11.757925987243652,3.06886887550354,13.147531509399414,0.7986294627189636,0.1978914886713028,-0.9035383462905884,22.81222783035838,5.24720055492163,11.266885911566076,True,0.7521007061004639,425.0,375.5,True,OFFBOARD
50.852,ACQUIRE,True,-1.122383270496703,-2.887444027747943,13.251495674317088,0.8159371140877489,0.22610255173874452,-0.8004350309551485,-0.008586295882161811,0.032189699326777184,-0.0011898839221788247,10.000000050513757,1.1159133352971401e-07,0.04999999628703655,-1.2859198455001615e-13,1.2151293847725706e-12,6.321574942180682e-07,1.221914612494784e-12,-3.4549072094474404e-07,11.4910723780375,11.837104797363281,3.090261220932007,13.069070816040039,0.798600435256958,0.19898481667041779,-0.9030607342720032,22.83405566844854,5.255251130828328,11.208037730620633,True,0.7594922184944153,425.5,378.0,True,OFFBOARD
50.952,ACQUIRE,True,-1.0407742833058837,-2.864863601062716,13.171549942321146,0.816164328291125,0.22536689181649602,-0.7983414550840715,-0.007540549702038103,0.03173301971732213,-0.0012039160414582123,10.0000000508693,1.1183684687292831e-07,0.04999999651757947,1.9973226449481076e-13,-1.8863191278807598e-12,6.636451149967286e-08,1.8968639460143303e-12,-3.4792226999467463e-07,11.406407935527739,11.915584564208984,3.111057996749878,12.989508628845215,0.7981228828430176,0.1977176070213318,-0.9027190208435059,22.805398638683613,5.2518690392337,11.098248622924535,True,0.7594922184944153,425.5,378.0,True,OFFBOARD
51.052,ACQUIRE,True,-0.9591550249725193,-2.842394010187822,13.091915569812315,0.8162526823673844,0.2240512874737551,-0.7941851994558711,-0.0073315047701914635,0.03193255877435558,-0.0012278145956858696,10.000000051209145,1.12101623363216e-07,0.049927553448391504,-3.921818507968807e-09,4.7931281253049685e-09,-0.018110213587857558,6.193120185741288e-09,-3.5036304546310415e-07,11.321761538304184,12.000864028930664,3.134941577911377,12.905913352966309,0.798323392868042,0.1967158019542694,-0.9008345007896423,22.784535939302113,5.254568203311775,10.990013507800638,True,0.7594922184944153,425.5,378.0,True,OFFBOARD
51.152,ACQUIRE,True,-0.8775113936863297,-2.8200560688607483,13.012607998423263,0.8166180549189718,0.2227656912679307,-0.792755738169403,-0.00730040269989159,0.032094849636275534,-0.0011976728012262007,10.000000051639628,1.1236881145404624e-07,0.04999999379560904,5.184068546930543e-09,1.3726632486915635e-09,0.004999403227886591,5.362720493703082e-09,-3.5319062450509156e-07,11.237124726035937,12.080068588256836,3.1586806774139404,12.831183433532715,0.7986099123954773,0.19576488435268402,-0.8978159427642822,22.794039800108514,5.264398540708811,10.918938906697191,True,0.7579238414764404,425.5,380.5,True,OFFBOARD
51.252,ACQUIRE,True,-0.7958381902394044,-2.797853618326541,12.933303129496581,0.8167518420815784,0.22127830798837014,-0.7932926372107566,-0.0068272248711364145,0.03152398984798136,-0.0011540047586450165,10.00000005199517,1.1261433720904636e-07,0.04999999628703655,-1.2859199070258554e-13,1.2151294116658667e-12,6.321574943986461e-07,1.2219146398862277e-12,-3.556221723816789e-07,11.152493391714444,12.165117263793945,3.182875871658325,12.747416496276855,0.7987625002861023,0.1948658674955368,-0.8988503813743591,22.83219286002458,5.2770188183459705,10.870691627346476,True,0.7579238414764404,425.5,380.5,True,OFFBOARD
51.352,ACQUIRE,True,-0.7141895856848088,-2.7758262306793036,12.85398939021556,0.8160613981593816,0.21923283856397147,-0.7927059886923837,-0.006011557508003502,0.03032380892218407,-0.0010724086278403652,10.000000052350707,1.1285985056575474e-07,0.04999999651757936,1.9973226926397228e-13,-1.88631910024631e-12,6.636451113174495e-08,1.896863919035676e-12,-3.5805372133250644e-07,11.067929864670878,12.249582290649414,3.205895185470581,12.661567687988281,0.798910915851593,0.19407731294631958,-0.8984938859939575,22.799635349490416,5.2726863339643515,10.75059278346327,True,0.7579238414764404,425.5,380.5,True,OFFBOARD
51.452,ACQUIRE,True,-0.6326655054943383,-2.7540370417423197,12.774832938438458,0.8143815000263782,0.21657846940866557,-0.7902759057156682,-0.005399325467808219,0.029576295962257925,-0.000998244350090688,10.000000052690552,1.1312462706943754e-07,0.049927553448380624,-3.921818821314375e-09,4.793128133978586e-09,-0.0181102135905923,6.19312039088154e-09,-3.6049449670258865e-07,10.983546673210748,12.328411102294922,3.2271838188171387,12.584954261779785,0.7972363233566284,0.1930825263261795,-0.8966571688652039,22.837431063193815,5.2855928416530205,10.708713659626142,True,0.7579238414764404,425.5,380.5,True,OFFBOARD
51.552,ACQUIRE,True,-0.5513311284520775,-2.732533268704541,12.695835273346017,0.8123927799173591,0.21361128417750153,-0.790403052121942,-0.005277227546147866,0.02958505215040361,-0.0009921381614125908,10.000000053121042,1.1339181517574956e-07,0.049999993795609154,5.184068649187177e-09,1.3726634004798677e-09,0.004999403227878254,5.36272063140551e-09,-3.633220756282137e-07,10.899418717872441,12.408114433288574,3.248582601547241,12.51121711730957,0.7962843179702759,0.19069264829158783,-0.8954377174377441,22.82758495414506,5.289800649001339,10.617529705738978,True,0.7110859751701355,426.5,384.0,True,OFFBOARD
51.652,ACQUIRE,True,-0.46694820765236256,-2.7104753494850136,12.613531547872498,0.8104545291373546,0.2107608017409279,-0.7921574382760311,-0.005638143606399562,0.029644812243991646,-0.0009545897236792125,10.00000005347658,1.1363733340959966e-07,0.04999999651757947,1.9973227405015563e-13,-1.886319090267203e-12,6.636451129133951e-08,1.89686390961601e-12,-3.6575362407354657e-07,10.812200661166925,12.49336051940918,3.2705955505371094,12.427959442138672,0.7949584722518921,0.18733051419258118,-0.8968991041183472,22.841915491103997,5.297477374854134,10.545180886638986,True,0.7110859751701355,426.5,384.0,True,OFFBOARD
51.752,ACQUIRE,True,-0.38599908515607106,-2.6895154070012777,12.53428617867276,0.8085271221734208,0.20863633500345233,-0.7923086510665103,-0.0062086820968286095,0.02907569537130056,-0.0009093592033350502,10.000000053816425,1.1390210992354946e-07,0.049927553448349205,-3.921819067324811e-09,4.793128133978586e-09,-0.018110213598435263,6.1931205466686575e-09,-3.6819439936716156e-07,10.728582005648168,12.571247100830078,3.2900238037109375,12.34982681274414,0.793755829334259,0.18601368367671967,-0.8987154960632324,22.791825915515254,5.295629221750554,10.415502119440106,True,0.7110859751701355,426.5,384.0,True,OFFBOARD
51.852,ACQUIRE,True,-0.3084943668827689,-2.6695708106786604,12.458303101482118,0.8061915958979133,0.206966427705465,-0.7905831452351149,-0.006299478096487625,0.028636148830391995,-0.0008874824138740948,10.000000054171968,1.1414763083164456e-07,0.04992755344836963,-3.9218191338498624e-09,4.79312814091748e-09,-0.018110213593327963,6.193120594166235e-09,-3.7062594752915333e-07,10.64855230308771,12.65510368347168,3.3108673095703125,12.267271995544434,0.7907145023345947,0.1833173930644989,-0.8966184258460999,22.83316930189858,5.3074358682102325,10.372044434071482,True,0.6560004353523254,426.5,388.0,True,OFFBOARD
51.952,ACQUIRE,True,-0.22800409403899705,-2.6489555669440845,12.379214138318135,0.8037523339136227,0.20546547635569193,-0.7919228234326559,-0.006649392366638448,0.028837543958897312,-0.0008923024667480667,10.000000054602449,1.1441481895361795e-07,0.04999999379560904,5.1840687507473145e-09,1.3726635487987249e-09,0.004999403227885141,5.3627207675465945e-09,-3.734535263383528e-07,10.565464261755386,12.738466262817383,3.3316526412963867,12.187342643737793,0.7880616188049316,0.18164882063865662,-0.895789384841919,22.82430094144948,5.31159224070326,10.278337510609255,True,0.6560004353523254,426.5,388.0,True,OFFBOARD
52.052,ACQUIRE,True,-0.14774040829932625,-2.628471090436482,12.299863479369948,0.801711573788116,0.20432361496566723,-0.7947927727372188,-0.0069357291143677105,0.02934160659016758,-0.000862347270442133,10.000000054957983,1.1466034473552629e-07,0.04999999628703666,-1.2859200672176528e-13,1.2151288865054394e-12,6.321574947384855e-07,1.221914119327819e-12,-3.7588507401673365e-07,10.482628362469635,12.814760208129883,3.3501358032226562,12.11159610748291,0.7849655747413635,0.17882221937179565,-0.8987709879875183,22.86365502398352,5.322128767384701,10.240558738213199,True,0.6560004353523254,426.5,388.0,True,OFFBOARD
52.152,ACQUIRE,True,-0.06765440826123825,-2.6080820734169206,12.220335015604624,0.8001528934059339,0.20360123453503595,-0.7952667301355985,-0.007612509652841913,0.029790698012876666,-0.0008393123578303139,10.00000005531352,1.1490585811920044e-07,0.04999999651757947,1.9973228383711107e-13,-1.8863190931788787e-12,6.636451200604558e-08,1.8968639135420273e-12,-3.7831662276936076e-07,10.399988418213903,12.890470504760742,3.368011713027954,12.03336238861084,0.781695544719696,0.17716361582279205,-0.9007611274719238,22.841183965956198,5.32390795661414,10.141115742485686,True,0.6560004353523254,426.5,388.0,True,OFFBOARD
52.252,ACQUIRE,True,0.012307283812689189,-2.587726543633283,12.140889721888097,0.7991792610746536,0.2036148828730488,-0.7934955039299106,-0.008294465961612194,0.030103717373985765,-0.0008325940768949849,10.000000055653375,1.1517063464990484e-07,0.04992755344833688,-3.921819455590411e-09,4.793128147856374e-09,-0.018110213601499194,6.193120803280082e-09,-3.8075739794275583e-07,10.31747721903776,12.973348617553711,3.3887734413146973,11.951265335083008,0.7805075645446777,0.17648416757583618,-0.8990227580070496,22.83096872813481,5.324921850758187,10.045961621861965,True,0.6395292282104492,424.0,393.0,True,OFFBOARD
52.352,ACQUIRE,True,0.09537244228698935,-2.5665241100843326,12.058318634855643,0.7982519853939979,0.20413576935416305,-0.7952555702908004,-0.008474587065072151,0.03003230943854275,-0.0007513254191021247,10.000000056083852,1.1543782765439212e-07,0.049999996287036885,-1.2859201865136408e-13,1.2151296647169597e-12,6.321574948772634e-07,1.2219148944734177e-12,-3.8358497620570205e-07,10.231749350339829,13.051029205322266,3.409637451171875,11.878256797790527,0.7808710336685181,0.17759805917739868,-0.8979604244232178,22.84720909972983,5.333963972881264,9.983394867766634,True,0.6395292282104492,424.0,393.0,True,OFFBOARD
52.452,ACQUIRE,True,0.1719518395300331,-2.546910067927348,11.981808886160175,0.7971635817224001,0.20441689492165407,-0.7983217854437644,-0.008056539957588423,0.02983144031000394,-0.0006683030286685998,10.000000056439386,1.1568334858284415e-07,0.049999996287036774,-1.2859201853390443e-13,1.215128771732475e-12,6.32157494905019e-07,1.2219140064352718e-12,-3.860165242151568e-07,10.15269832297183,13.134243965148926,3.431189775466919,11.795477867126465,0.7796884775161743,0.17940418422222137,-0.9001908898353577,22.844317392551318,5.336932240903163,9.895321132237854,True,0.6395292282104492,424.0,393.0,True,OFFBOARD
52.552,ACQUIRE,True,0.25161652665123474,-2.52647225666592,11.901878842585628,0.7962438215503214,0.20428869091986052,-0.7998392940593715,-0.007752086235985794,0.030248743144305448,-0.0005904768538719641,10.000000056794931,1.1592886197999196e-07,0.04999999651757947,1.997322904349492e-13,-1.8863190824056784e-12,6.636451217951793e-08,1.8968639035234423e-12,-3.884480728686814e-07,10.070454016590393,13.210436820983887,3.450331926345825,11.717679023742676,0.7790303826332092,0.17832891643047333,-0.9028643369674683,22.836238648594097,5.335999907200092,9.808761622062342,True,0.6395292282104492,424.0,393.0,True,OFFBOARD
52.652,ACQUIRE,True,0.3312157308935669,-2.5060479739547525,11.821945030319219,0.7958898684622789,0.204272886410257,-0.7984292001641391,-0.008235123412214529,0.031089846612372695,-0.0005439040278647333,10.000000057134779,1.1619363852410995e-07,0.04992755344834765,-3.9218197599157365e-09,4.7931281582647145e-09,-0.01811021359879975,6.193121004050835e-09,-3.908888479437067e-07,9.9882764968489,13.294265747070312,3.4711172580718994,11.634761810302734,0.7791656851768494,0.17883747816085815,-0.9029985070228577,22.848280720420448,5.344270297298736,9.735907991521042,True,0.6061654090881348,423.0,393.5,True,OFFBOARD
52.752,ACQUIRE,True,0.4140111578876906,-2.4847814533976433,11.738923314624785,0.7963613723608474,0.2047093521101142,-0.7987324200106561,-0.008422400337052995,0.031445112648975836,-0.0004920823593350126,10.000000057565256,1.1646083154431283e-07,0.049999996287036774,-1.2859201184035891e-13,1.2151301161855205e-12,6.321574950437969e-07,1.221915342718221e-12,-3.937164260900357e-07,9.902793678283409,13.373373031616211,3.490729808807373,11.559678077697754,0.7807690501213074,0.1794339269399643,-0.9016922116279602,22.846726985315755,5.347627038464411,9.653626388750641,True,0.6061654090881348,423.0,393.5,True,OFFBOARD
52.852,ACQUIRE,True,0.4904799702041243,-2.465111367068087,11.662197310375358,0.7966903458863814,0.20505259143448476,-0.7993575711470515,-0.008331573897493423,0.031185340115493135,-0.00046618183402615974,10.000000057920795,1.1670635248619423e-07,0.049999996287036885,-1.2859200569606132e-13,1.2151295518498194e-12,6.321574950854303e-07,1.2219147808696311e-12,-3.961479740003901e-07,9.82383565243859,13.457844734191895,3.511221408843994,11.475812911987305,0.7811799049377441,0.1791054606437683,-0.9044743180274963,22.840094692803767,5.349129794226772,9.560571192085378,True,0.6061654090881348,423.0,393.5,True,OFFBOARD
52.952,ACQUIRE,True,0.5701566643328008,-2.4445863495165625,11.58233840554102,0.7968048585493546,0.20546757332450644,-0.7974702302709921,-0.008596961789988299,0.030932646512064534,-0.00043102575387968483,10.000000058276335,1.1695186589673423e-07,0.04999999651757947,1.9973229683176953e-13,-1.8863190706530963e-12,6.636451235282374e-08,1.896863892509754e-12,-3.985795225548083e-07,9.74155785418026,13.535011291503906,3.5295281410217285,11.396199226379395,0.7824863791465759,0.17819394171237946,-0.9044807553291321,22.858943615666664,5.357552958913638,9.501441402250284,True,0.6061654090881348,423.0,393.5,True,OFFBOARD
53.052,ACQUIRE,True,0.6530286385156243,-2.42317309647839,11.499618241356329,0.7969291432836914,0.20641564525456596,-0.7934027893502517,-0.009349783647505792,0.031147385128944084,-0.00033547778721049524,10.000000058691123,1.1723830967126256e-07,0.04999999379560904,5.184069033852002e-09,1.3726639581934652e-09,0.004999403227884148,5.362721146010352e-09,-4.014163281564934e-07,9.655964123444727,13.618348121643066,3.549429416656494,11.311691284179688,0.7840974926948547,0.17842133343219757,-0.9010282754898071,22.857295092323383,5.361078752576754,9.41489322527788,True,0.6089024543762207,433.0,394.5,True,OFFBOARD
53.152,ACQUIRE,True,0.7295483340528209,-2.403289504594261,11.423548206597866,0.7972796751409778,0.20783164021021377,-0.792097845640526,-0.009821460461998818,0.031606605554150895,-0.0002702384385962687,10.00000005904666,1.1748383062339355e-07,0.049999993795609154,5.184069058039917e-09,1.3726639972247434e-09,0.004999403227886202,5.362721179383083e-09,-4.0384787599160863e-07,9.576903267394398,13.695147514343262,3.5680832862854004,11.236737251281738,0.7847251296043396,0.17811547219753265,-0.8976670503616333,22.85916340228818,5.364022471088102,9.338339507108138,True,0.6089024543762207,433.0,394.5,True,OFFBOARD
53.252,ACQUIRE,True,0.8093099354289998,-2.3824207639915387,11.344291056790807,0.7979274525810776,0.20945877593901385,-0.7928297547278756,-0.009798006966297935,0.03161289173194465,-0.00017741912664661407,10.0000000594022,1.1772935644563338e-07,0.049999996287036774,-1.2859200661754053e-13,1.2151301894538705e-12,6.321574957722142e-07,1.2219154150300766e-12,-4.062794233726801e-07,9.494457025683895,13.777873992919922,3.5877087116241455,11.153239250183105,0.7849530577659607,0.17759297788143158,-0.8997398018836975,22.847871843527923,5.36542924008277,9.242572763432106,True,0.6089024543762207,433.0,394.5,True,OFFBOARD
53.352,ACQUIRE,True,0.8891297036906823,-2.361392012102796,11.265057811728697,0.7984229764874025,0.21105509450515278,-0.7915974787499692,-0.009837874425586268,0.03142833011104696,-9.871488258207842e-05,10.000000059757737,1.1797486986972655e-07,0.04999999651757947,1.9973230241967183e-13,-1.8863190513036874e-12,6.636451216564014e-08,1.8968638738562942e-12,-4.0871097182887493e-07,9.411914334345278,13.853896141052246,3.6054232120513916,11.07422924041748,0.785831868648529,0.1774301677942276,-0.9000953435897827,22.852676861181475,5.369232880751186,9.170009759884032,True,0.5994375944137573,436.0,395.0,True,OFFBOARD
53.452,ACQUIRE,True,0.9721892757427089,-2.339355859030178,11.182901119387902,0.7988844700630456,0.21264247312031248,-0.7883903390257879,-0.009809016322950791,0.03160092126989923,-5.030683213590543e-05,10.000000060172525,1.1826131365963558e-07,0.049999993795609154,5.184069135841994e-09,1.3726641004407902e-09,0.004999403227887047,5.362721281012886e-09,-4.1154777731328465e-07,9.32598273362956,13.936731338500977,3.625870704650879,10.991353034973145,0.787116289138794,0.17750611901283264,-0.897631049156189,22.86536193383674,5.372801402685483,9.097923453827338,True,0.5994375944137573,436.0,395.0,True,OFFBOARD
53.552,ACQUIRE,True,1.0489101054304428,-2.318872968929646,11.10724059123148,0.7994143971647902,0.21399565008853919,-0.7885445335493193,-0.009638450209906457,0.031532387631420064,-3.3967409952029383e-05,10.000000060528068,1.1850683462511919e-07,0.049999993795609265,5.184069160468166e-09,1.3726641368699832e-09,0.0049994032278781395,5.3627213141432345e-09,-4.139793250492735e-07,9.246576868219224,14.013748168945312,3.6462180614471436,10.917141914367676,0.7871946096420288,0.17932675778865814,-0.8953001499176025,22.85360264937104,5.374840640463065,9.007283900032599,True,0.5994375944137573,436.0,395.0,True,OFFBOARD
53.652,ACQUIRE,True,1.1320723245726638,-2.296556114309387,11.02512629527699,0.7998626784189734,0.21503207446036915,-0.7902500303375571,-0.009044150461513691,0.03162501480637672,-2.6684995899586597e-05,10.000000060883604,1.1875235292615433e-07,0.04999999651757936,1.9973230621338061e-13,-1.8863190318219296e-12,6.636451214465692e-08,1.8968638548822993e-12,-4.164108729990987e-07,9.160475580888123,14.096651077270508,3.667369842529297,10.83381462097168,0.7871100902557373,0.17978507280349731,-0.8976622223854065,22.84626088320322,5.377629887837865,8.915192716854346,True,0.5994375944137573,436.0,395.0,True,OFFBOARD
53.752,ACQUIRE,True,1.2088878343680365,-2.2758878524621378,10.949257581149476,0.8004890983570598,0.21549470725428213,-0.7900615147099139,-0.008778781192877422,0.03197504302868619,1.4948844331074107e-05,10.000000061239138,1.1899787389801719e-07,0.04999999651757947,1.9973230967682461e-13,-1.886319047015583e-12,6.636451269282954e-08,1.8968638703561772e-12,-4.188424206874738e-07,9.080931683702886,14.172798156738281,3.6861965656280518,10.755581855773926,0.786821722984314,0.17971175909042358,-0.898502767086029,22.852809642231378,5.380974150913721,8.843917144109776,True,0.5994375944137573,436.0,395.0,True,OFFBOARD
53.852,ACQUIRE,True,1.2921947123271822,-2.2534539218829837,10.867196572872963,0.801577831674633,0.21592138120009327,-0.7879852005883822,-0.008836212609847077,0.03229774748423877,6.132384850779966e-05,10.000000061653932,1.192843177036756e-07,0.049999993795609154,5.184069238329014e-09,1.3726642539638179e-09,0.004999403227881593,5.362721419382066e-09,-4.216792260579317e-07,8.994661145224805,14.255274772644043,3.7088022232055664,10.67333698272705,0.7872528433799744,0.17980803549289703,-0.8977553248405457,22.85011906571807,5.383443096128835,8.756470206393233,True,0.5994118452072144,437.0,396.0,True,OFFBOARD
53.952,ACQUIRE,True,1.3691946613644947,-2.2327093101168445,10.79153655432241,0.8024586793052605,0.2161486814304418,-0.7887747895967896,-0.008164817309141339,0.03182180730114621,6.135486559954828e-05,10.000000062009468,1.1952983868267108e-07,0.049999993795609154,5.184069262821478e-09,1.372664292995096e-09,0.0049994032278832205,5.362721453049203e-09,-4.2411077369483357e-07,8.914919700201212,14.331537246704102,3.732340097427368,10.600061416625977,0.7880553603172302,0.18118295073509216,-0.8967112898826599,22.87036966716019,5.394714843972129,8.699146446783256,True,0.5994118452072144,437.0,396.0,True,OFFBOARD
54.052,ACQUIRE,True,1.4494588681095935,-2.2111247856100986,10.712527172260597,0.8027068838305516,0.21541182443163384,-0.791292953425239,-0.0071812233069041866,0.031202767254354356,8.714468158530836e-06,10.000000062365002,1.1977536453180466e-07,0.049999996287036774,-1.2859202456074237e-13,1.2151298400527797e-12,6.321574956056809e-07,1.221915069457499e-12,-4.265423208777067e-07,8.831807745975599,14.413883209228516,3.755951404571533,10.518573760986328,0.7880801558494568,0.18065635859966278,-0.8993255496025085,22.866406292997034,5.397814105756773,8.610508673195966,True,0.5994118452072144,437.0,396.0,True,OFFBOARD
54.152,ACQUIRE,True,1.5297246337356223,-2.1896480508780827,10.633311327006714,0.8026030108401788,0.21413317774932453,-0.7926530398633311,-0.006881483958232741,0.031097565300138533,-3.230521424541648e-05,10.000000062720536,1.2002087798263248e-07,0.04999999651757936,1.9973231552717582e-13,-1.886319029730817e-12,6.636451249854051e-08,1.8968638537835175e-12,-4.2897386913481187e-07,8.748721332582651,14.489691734313965,3.776411533355713,10.441245079040527,0.7874859571456909,0.1801205277442932,-0.9021956920623779,22.86268489995933,5.40171535419503,8.529280571184117,True,0.5994118452072144,437.0,396.0,True,OFFBOARD
54.252,ACQUIRE,True,1.609980772720328,-2.168306326813355,10.554091142360363,0.8025255227701978,0.21276820606328162,-0.7915564309758057,-0.0069113892581009325,0.031164915899849138,1.9829584665013772e-06,10.000000063060389,1.2028565458074462e-07,0.04992755344830402,-3.921821011686166e-09,4.793128199898078e-09,-0.01811021360974194,6.193121828961649e-09,-4.3141464381560334e-07,8.66567807738145,14.572685241699219,3.800178050994873,10.35966968536377,0.786994218826294,0.18006832897663116,-0.9005361199378967,22.853790161039587,5.406066238409629,8.435376432359227,True,0.5917457342147827,438.0,396.5,True,OFFBOARD
54.352,ACQUIRE,True,1.6934471714390344,-2.146247349598174,10.471668734224655,0.8026214097776567,0.2115148479139454,-0.7942839779630904,-0.007025128713739549,0.03143663884659899,7.667990337049319e-05,10.000000063490866,1.205528476633882e-07,0.049999996287036774,-1.2859202463022555e-13,1.215131035851543e-12,6.321575234930956e-07,1.2219162586233742e-12,-4.3424222149644623e-07,8.579347245075484,14.650348663330078,3.8241963386535645,10.287643432617188,0.7873871922492981,0.18050913512706757,-0.899504542350769,22.879087940000105,5.419479382579412,8.38194953895866,True,0.5917457342147827,438.0,396.5,True,OFFBOARD
54.452,ACQUIRE,True,1.7705081557460012,-2.125998528920407,10.395180969187889,0.8028097117451221,0.21034703376059638,-0.7989709182599566,-0.006751967509981962,0.03146271836407929,0.00013852476266067935,10.0000000638464,1.2079836865894193e-07,0.049999996287036774,-1.2859201252030138e-13,1.2151291960959816e-12,6.321575235277901e-07,1.2219144278094468e-12,-4.366737690103943e-07,8.499671012697846,14.733763694763184,3.8481521606445312,10.206892013549805,0.7866610884666443,0.18005676567554474,-0.9040237069129944,22.865098544563878,5.424354509116302,8.282694023257845,True,0.5917457342147827,438.0,396.5,True,OFFBOARD
54.552,ACQUIRE,True,1.8507966914443883,-2.1050380278147327,10.315125450393921,0.8029489837141144,0.20889507544855307,-0.8015464170518724,-0.006514283859489011,0.03138611853889989,0.00016609858062296734,10.000000064201938,1.2104388212317485e-07,0.04999999651757947,1.9973232223695475e-13,-1.8863190205193337e-12,6.636451303266881e-08,1.896863845329755e-12,-4.391053171684048e-07,8.416691821536126,14.810201644897461,3.868727445602417,10.129765510559082,0.7855899930000305,0.17821557819843292,-0.9075539112091064,22.8548996991924,5.428893005809707,8.19458866326027,True,0.3524234890937805,409.5,402.0,True,OFFBOARD
54.652,ACQUIRE,True,1.931098486117638,-2.0842253648925895,10.234957910424914,0.8030646217993067,0.2074835451317178,-0.8014153736588419,-0.006909204183582484,0.03126406992580858,0.00020013906765280987,10.000000064541785,1.2130865873464678e-07,0.04992755344829303,-3.9218213249926646e-09,4.793128206836972e-09,-0.01811021361247762,6.193122032734655e-09,-4.4154609175166936e-07,8.333736770478566,14.89415454864502,3.8906354904174805,10.046443939208984,0.7859010100364685,0.17526568472385406,-0.9087439179420471,22.869585332658225,5.4371259552183915,8.123984794933188,True,0.3524234890937805,409.5,402.0,True,OFFBOARD
54.752,ACQUIRE,True,2.00819781127264,-2.064346023177822,10.158038717077009,0.803234643518935,0.20685140184999884,-0.8013342625611086,-0.00787735334312282,0.0317179228192925,0.00022800938400786353,10.00000006489732,1.2155417973994738e-07,0.049927553448291695,-3.921821400109833e-09,4.793128210306419e-09,-0.018110213612806132,6.193122082988084e-09,-4.439776391945423e-07,8.254115837950808,14.973112106323242,3.9108729362487793,9.970712661743164,0.7872633337974548,0.1737920641899109,-0.9070645570755005,22.8768347759801,5.446040449536802,8.05143287450766,True,0.3524234890937805,409.5,402.0,True,OFFBOARD
54.852,ACQUIRE,True,2.094976808962857,-2.0420051578485574,10.071435787455437,0.8037145008011561,0.20692436247515847,-0.8021624267832598,-0.008240640274408,0.03143599164980521,0.0003249023156690565,10.000000065327798,1.2182136530735143e-07,0.04999999651757958,1.997323256327509e-13,-1.8863189978347326e-12,6.636451265813507e-08,1.8968638231288236e-12,-4.468052173988534e-07,8.16450722615091,15.057743072509766,3.931551218032837,9.885977745056152,0.7886748909950256,0.17384429275989532,-0.9080173373222351,22.857009791032308,5.445645505831752,7.944875257610953,True,0.3524234890937805,409.5,402.0,True,OFFBOARD
54.952,ACQUIRE,True,2.17535179521102,-2.0213016515659685,9.991270865269577,0.8037792885570838,0.2071483772782415,-0.8007971205058919,-0.008319253821780108,0.031376534872024554,0.0003724482630789345,10.000000065667647,1.220861419289949e-07,0.0499275534482615,-3.921821571448865e-09,4.793128210306419e-09,-0.01811021362031965,6.19312219148927e-09,-4.4924599190566334e-07,8.081508610187152,15.13516616821289,3.9498140811920166,9.806578636169434,0.7890307903289795,0.1732136309146881,-0.908401608467102,22.86202561434336,5.4499118060116505,7.871127624696776,True,0.4306934177875519,408.5,403.0,True,OFFBOARD
55.052,ACQUIRE,True,2.2525256408193295,-2.0014000881168648,9.914543385108162,0.8040074497145592,0.20748150272663654,-0.7976759659194896,-0.008530387773929988,0.03140819959014838,0.0004100421063309486,10.000000066023182,1.2233166294446668e-07,0.04992755344829125,-3.921821673186409e-09,4.793128215510589e-09,-0.018110213612879393,6.193122259942748e-09,-4.5167753927409817e-07,8.001809968474081,15.21915054321289,3.970600128173828,9.721725463867188,0.7893837690353394,0.17191185057163239,-0.904862642288208,22.876091509028562,5.455042841451711,7.799507364121791,True,0.4306934177875519,408.5,403.0,True,OFFBOARD
55.152,ACQUIRE,True,2.332934653234713,-1.9806223524841635,9.834863473627838,0.804174680689112,0.20809613343534467,-0.7964680577355354,-0.008843724703869436,0.03148399118172154,0.0005015932511270415,10.000000066453659,1.2259885119148703e-07,0.049999993795609154,5.184069569381579e-09,1.3726647275433268e-09,0.004999403227872492,5.362721860625414e-09,-4.5450511715226024e-07,7.91875984225953,15.29694938659668,3.991086483001709,9.645248413085938,0.7899847626686096,0.17171020805835724,-0.902933657169342,22.872675617268772,5.460400703185596,7.7168978352526985,True,0.4306934177875519,408.5,403.0,True,OFFBOARD
55.252,ACQUIRE,True,2.413363511762953,-1.9597736020072554,9.755252899282063,0.8043784055018897,0.20884927145797844,-0.7955924270019049,-0.008911506622084868,0.031436205284804945,0.0005618646193457505,10.000000066809196,1.2284437708083649e-07,0.04999999628703666,-1.285920343082387e-13,1.2151295334268528e-12,6.32157524380941e-07,1.2219147655600583e-12,-4.569366640378169e-07,7.835672738889928,15.380587577819824,4.011970043182373,9.56058120727539,0.7901695370674133,0.1716403216123581,-0.903038740158081,22.86713976161397,5.462464616888525,7.6257719680714215,True,0.5740275979042053,439.5,405.5,True,OFFBOARD
55.352,ACQUIRE,True,2.4938182526400974,-1.9388447756556138,9.675790506890365,0.8047919888422966,0.20972599987620175,-0.7935598689132911,-0.009144972092740167,0.031948397078517474,0.0006025101437552872,10.00000006716473,1.230898905720971e-07,0.04999999651757947,1.9973233523032074e-13,-1.8863189984700073e-12,6.636451337250808e-08,1.8968638247711535e-12,-4.5936821199936487e-07,7.752540549658014,15.457244873046875,4.030288219451904,9.481152534484863,0.7894322276115417,0.17087103426456451,-0.9016551971435547,22.880446879786618,5.466835677817172,7.56092564657269,True,0.5740275979042053,439.5,405.5,True,OFFBOARD
55.452,ACQUIRE,True,2.5743353180433988,-1.9178205996363198,9.59658873677978,0.8055256162802992,0.2107179823473494,-0.7904292635711333,-0.009193644180697333,0.03200631104373102,0.0006942664815662388,10.000000067504578,1.2335466721056344e-07,0.049927553448271156,-3.921821950922567e-09,4.79312822591893e-09,-0.018110213617949393,6.193122443875855e-09,-4.6180898638592844e-07,7.669324174718658,15.541421890258789,4.051663398742676,9.397826194763184,0.7906505465507507,0.17220205068588257,-0.8987244963645935,22.88310826754453,5.468619007429213,7.477173400384081,True,0.5740275979042053,439.5,405.5,True,OFFBOARD
55.552,ACQUIRE,True,2.6549159646772384,-1.8967009486194033,9.517567355118317,0.8059422460396046,0.21157090048200647,-0.7909255451792578,-0.008806772904351686,0.0313253264981094,0.000814566067713406,10.000000067935057,1.2362185547319432e-07,0.04999999379560893,5.18406967159735e-09,1.3726648810663544e-09,0.004999403227877566,5.362721998732394e-09,-4.64636564147846e-07,7.586022372849413,15.620556831359863,4.073380947113037,9.32439136505127,0.7919009327888489,0.17373323440551758,-0.896549642086029,22.875908479103533,5.472963657222435,7.389110859559081,True,0.5740275979042053,439.5,405.5,True,OFFBOARD
55.652,ACQUIRE,True,2.7354922586069623,-1.8755266401406478,9.438337015580252,0.8054618088803599,0.21177935608756282,-0.793438217424805,-0.008011060763879927,0.030502349884418734,0.0009487311257142909,10.000000068290591,1.238673813759075e-07,0.049999996287036885,-1.2859204963920419e-13,1.2151291351096094e-12,6.321575245544134e-07,1.2219143710680544e-12,-4.67068110934303e-07,7.502711133947839,15.705276489257812,4.095463752746582,9.241683959960938,0.7916704416275024,0.17583978176116943,-0.8986902236938477,22.875323690894675,5.475970582526509,7.301737874011201,True,0.4202521741390228,393.5,406.5,True,OFFBOARD
55.752,ACQUIRE,True,2.8159979868178655,-1.8543677403096455,9.358938621017392,0.8047111402772632,0.21135036157109305,-0.7940646322478996,-0.007610361048935658,0.03064273122440233,0.001058161192006453,10.000000068646125,1.2411289488046887e-07,0.04999999651757947,1.9973234170306073e-13,-1.8863189869027136e-12,6.636451353920806e-08,1.8968638139497175e-12,-4.6949965879587146e-07,7.419472089597466,15.782755851745605,4.11475944519043,9.16295337677002,0.7908345460891724,0.17513571679592133,-0.9003551602363586,22.87937080923177,5.480897291973916,7.226913343276683,True,0.4202521741390228,393.5,406.5,True,OFFBOARD
55.852,ACQUIRE,True,2.8964431847872825,-1.8332570164922286,9.279612419732471,0.8042246631654142,0.21092644706261296,-0.792263857282845,-0.007867065219085579,0.03068249373407855,0.0011566405569408604,10.000000068985974,1.2437767153248306e-07,0.049927553448260165,-3.921822263757437e-09,4.7931282345925474e-09,-0.018110213620684608,6.193122648692805e-09,-4.7194043308408465e-07,7.336303711788186,15.867103576660156,4.1367950439453125,9.078400611877441,0.7909454703330994,0.17463262379169464,-0.899690568447113,22.872018442795316,5.483693807250087,7.133229882766522,True,0.4202521741390228,393.5,406.5,True,OFFBOARD
55.952,ACQUIRE,True,2.976834858061702,-1.8121753398870846,9.200466948169773,0.8035835591487351,0.2107200821412938,-0.7909370635120674,-0.007857547170482093,0.030374990555520693,0.0012701348706909727,10.000000069416451,1.2464485981083969e-07,0.04999999379560893,5.1840697739219824e-09,1.372665031119935e-09,0.004999403227883099,5.362722136056557e-09,-4.747680107296235e-07,7.25319443419485,15.945666313171387,4.15874719619751,9.001747131347656,0.7909647226333618,0.1759634166955948,-0.8988165259361267,22.884893450077154,5.493378563874434,7.0664074426229195,True,0.30534088611602783,409.0,415.5,True,OFFBOARD
56.052,ACQUIRE,True,3.057146787774662,-1.7911235667976249,9.121438951598172,0.8026577247400489,0.21027389409235292,-0.789533039024452,-0.007509986698684583,0.030175394494502548,0.001305872472816618,10.000000069771986,1.248903857268457e-07,0.04999999628703666,-1.2859204957799282e-13,1.2151294358063057e-12,6.321575242215131e-07,1.2219146700885538e-12,-4.771995574169879e-07,7.170169856723557,16.02984046936035,4.180933475494385,8.917121887207031,0.7897421717643738,0.176836758852005,-0.8982689380645752,22.87256905212334,5.494938956561584,6.967750344382052,True,0.30534088611602783,409.0,415.5,True,OFFBOARD
56.152,ACQUIRE,True,3.1373732657069473,-1.7701294406592023,9.042604626961644,0.8020182999508263,0.2096011837163452,-0.7869761395282959,-0.007275137661057564,0.030792342768927485,0.0013347194898184508,10.00000007012752,1.251358992448561e-07,0.04999999651757936,1.9973234629083705e-13,-1.8863189579712445e-12,6.636451317838558e-08,1.8968637856621556e-12,-4.796311051785759e-07,7.087242435281418,16.106769561767578,4.200284957885742,8.83780574798584,0.7880916595458984,0.1755664348602295,-0.8970999717712402,22.896522912714907,5.503879376544414,6.91376228800633,True,0.30534088611602783,409.0,415.5,True,OFFBOARD
56.252,ACQUIRE,True,3.2207706589652245,-1.7483748040721303,8.960924760089396,0.8018182744287095,0.2088065473896649,-0.7839916233534775,-0.0073685811742031145,0.031054341074413835,0.0013372421451104122,10.00000007054231,1.2542234314464437e-07,0.04999999379560893,5.184069851548659e-09,1.3726651464790462e-09,0.0049994032278724045,5.362722240625006e-09,-4.824679098544943e-07,7.001054656898245,16.190053939819336,4.222386837005615,8.75631332397461,0.7866483926773071,0.1751735359430313,-0.8927814960479736,22.88291733016802,5.506200173920078,6.814880559915127,True,0.30534088611602783,409.0,415.5,True,OFFBOARD
56.352,ACQUIRE,True,3.3009537659687704,-1.7275238705068399,8.88244259647359,0.8018774023906476,0.20826538504248104,-0.786715461844592,-0.007526072152890495,0.031344208796299164,0.001331697435357534,10.000000070897844,1.2566786907110972e-07,0.049999996287036885,-1.285920635987042e-13,1.2151296969042117e-12,6.32157524360291e-07,1.2219149312121094e-12,-4.848994564666111e-07,6.91820500946187,16.267148971557617,4.244417190551758,8.685189247131348,0.7856234312057495,0.17594878375530243,-0.8913908004760742,22.88242992739513,5.51446657808793,6.736094385580377,True,0.5251200795173645,424.0,417.0,True,OFFBOARD
56.452,ACQUIRE,True,3.3747294351932764,-1.708389515917076,8.809825417079992,0.8019350330074503,0.20768552882025007,-0.7916332198070998,-0.007252810608551472,0.031329157176030416,0.0013550062442025577,10.000000071253378,1.2591338526695635e-07,0.04999999379560893,5.1840698998303314e-09,1.3726652245416027e-09,0.004999403227880979,5.362722307279458e-09,-4.873310039152276e-07,6.841988466034844,16.34993553161621,4.266635894775391,8.605210304260254,0.7838280200958252,0.17647497355937958,-0.8962593078613281,22.891130029671288,5.521707484544603,6.660512754798374,True,0.5251200795173645,424.0,417.0,True,OFFBOARD
56.552,ACQUIRE,True,3.461340838416605,-1.686010277994309,8.72407644405659,0.8019263248941193,0.20671529162282418,-0.7954780366034226,-0.006847489770579167,0.030993247557547867,0.001366955728610746,10.000000071593224,1.261781592749086e-07,0.049927553448217865,-3.921822823148603e-09,4.793128245000888e-09,-0.018110213631262303,6.193123010985215e-09,-4.897717782663025e-07,6.752532536062573,16.43207359313965,4.287574768066406,8.52206802368164,0.7822452783584595,0.17556799948215485,-0.9009369611740112,22.90708225018204,5.529876887737867,6.593106374487985,True,0.5251200795173645,424.0,417.0,True,OFFBOARD
56.652,ACQUIRE,True,3.538313544899733,-1.6662197743273004,8.64767559173356,0.801677517237484,0.2056398475261479,-0.7958570161357787,-0.006877241636012491,0.030928669579720524,0.001396113328672858,10.000000071948758,1.2642368034415001e-07,0.04992755344823829,-3.92182288973832e-09,4.793128255409229e-09,-0.018110213626156398,6.19312306120892e-09,-4.922033252390725e-07,6.673056386057703,16.508766174316406,4.3081536293029785,8.446261405944824,0.7810407280921936,0.17516116797924042,-0.9018666744232178,22.889094209038504,5.531017298991605,6.49645914212543,True,0.5017756819725037,456.0,420.0,True,OFFBOARD
56.752,ACQUIRE,True,3.61847182703521,-1.6457030849352297,8.568026619110798,0.8015433591677532,0.20477894561609775,-0.7974335145184921,-0.007157280684830326,0.03127625078604609,0.0014373406236680517,10.000000072379235,1.2669086865371756e-07,0.04999999379560904,5.184069978354997e-09,1.3726653251555643e-09,0.004999403227880701,5.36272240894175e-09,-4.950309026518847e-07,6.590314241891661,16.586393356323242,4.330289363861084,8.371886253356934,0.7803398966789246,0.1760275661945343,-0.9013190269470215,22.893398154682465,5.54062892941969,6.422089332178654,True,0.5017756819725037,456.0,420.0,True,OFFBOARD
56.852,ACQUIRE,True,3.698644087806665,-1.6252613278243153,8.488189357320529,0.8020111017205435,0.20408728128995504,-0.7991420469066031,-0.007154822863157246,0.03196410458723227,0.001512697364034213,10.00000007273477,1.269363945968703e-07,0.049999996287036774,-1.2859205371389588e-13,1.2151299158622285e-12,6.321575245753968e-07,1.2219151479140047e-12,-4.974624491410338e-07,6.507577279227665,16.669559478759766,4.352526664733887,8.287790298461914,0.780105710029602,0.1751297414302826,-0.9032119512557983,22.90853990456447,5.5495027444066025,6.3527654205773185,True,0.5017756819725037,456.0,420.0,True,OFFBOARD
56.952,ACQUIRE,True,3.782095900006063,-1.6040734542710988,8.405081338760503,0.8028166957775732,0.20343267575240523,-0.798723603132562,-0.007346757770489268,0.03205877427750854,0.0015879332268213058,10.000000073074615,1.272011637512728e-07,0.049927553448229856,-3.921823127914247e-09,4.793128258878676e-09,-0.018110213628235297,6.19312321472005e-09,-4.999032238239092e-07,6.421478362514396,16.7457332611084,4.371804237365723,8.208425521850586,0.7804369330406189,0.1749211698770523,-0.9040071368217468,22.901890289445266,5.553672546604341,6.268578950441954,True,0.5017756819725037,456.0,420.0,True,OFFBOARD
57.052,ACQUIRE,True,3.8592084119049397,-1.5845611872497192,8.328514022589445,0.8036768642782285,0.20315373519733843,-0.7963763465271656,-0.007777951638623424,0.0321352636252417,0.0016361107248773384,10.000000073430149,1.274466848340871e-07,0.04992755344822719,-3.9218232032858495e-09,4.7931282640828465e-09,-0.018110213628892532,6.193123266477193e-09,-5.02334770696767e-07,6.34193635968463,16.828754425048828,4.393782138824463,8.125311851501465,0.7811174392700195,0.17416314780712128,-0.9008185863494873,22.891522859620984,5.556465613667416,6.173248249820947,True,0.48934629559516907,454.5,424.0,True,OFFBOARD
57.152,ACQUIRE,True,3.9428284753796383,-1.563431176697717,8.245657511727286,0.8042682250112234,0.2032247945678276,-0.797813602655664,-0.007990037889948447,0.03165895992919159,0.0017039050749387374,10.000000073860626,1.277138780262466e-07,0.04999999628703666,-1.285920460591665e-13,1.2151294823931178e-12,6.321575246931915e-07,1.2219147160463568e-12,-5.051623475630195e-07,6.255689028161396,16.906078338623047,4.415716648101807,8.051642417907715,0.7812833786010742,0.17590470612049103,-0.8988253474235535,22.898197806672066,5.566539869106058,6.101630094112118,True,0.48934629559516907,454.5,424.0,True,OFFBOARD
57.252,ACQUIRE,True,4.020051760897468,-1.5439169927998047,8.168924008382296,0.8045472146141404,0.20331084322410775,-0.8004955467268736,-0.007944334366660626,0.03174302732312835,0.0017657834775649855,10.000000074216157,1.2795939911588216e-07,0.049999996287036774,-1.285920663118566e-13,1.2151291960959816e-12,6.32157524727886e-07,1.2219144334703716e-12,-5.075938943832458e-07,6.176039338098198,16.989046096801758,4.437898635864258,7.968745708465576,0.780552864074707,0.1769893765449524,-0.9013909697532654,22.903497738313014,5.57287457857624,6.02236735929569,True,0.48934629559516907,454.5,424.0,True,OFFBOARD
57.352,ACQUIRE,True,4.103757436418768,-1.522768418108024,8.085603895731433,0.8052555494904399,0.20339330689323026,-0.8013754980654539,-0.007996265254945291,0.03235934121555845,0.001793232830611481,10.000000074556004,1.2822416828393423e-07,0.049927553448195994,-3.921823449531102e-09,4.7931282675522935e-09,-0.018110213636734103,6.193123425098266e-09,-5.10034668967783e-07,6.089704532527519,17.065044403076172,4.457264423370361,7.890525817871094,0.7805094718933105,0.17691949009895325,-0.9027137160301208,22.89641627661387,5.574873726076743,5.9375035562921905,True,0.48934629559516907,454.5,424.0,True,OFFBOARD
57.452,ACQUIRE,True,4.181115023260759,-1.5032301340255791,8.008690271778844,0.8063267699101029,0.20369110682438268,-0.801006160704106,-0.00832735447350673,0.032409276145358594,0.00183414654790596,10.000000074911538,1.2846968938009097e-07,0.04992755344819455,-3.921823524739386e-09,4.7931282675522935e-09,-0.01811021363706236,6.193123472724254e-09,-5.124662157423648e-07,6.009918840251213,17.148530960083008,4.478369235992432,7.80808162689209,0.7829393148422241,0.1766941249370575,-0.9006472229957581,22.89694043248062,5.581356045319683,5.853271851187205,False,,,,True,OFFBOARD
57.552,ACQUIRE,True,4.2617852658442885,-1.4828342930555258,7.928514298669423,0.8069191268577038,0.20423539627299092,-0.8029921189010283,-0.008576957264798681,0.03166051655038309,0.00187321168444451,10.000000075342012,1.2873687772099818e-07,0.04999999379560904,5.184070182882159e-09,1.372665630466896e-09,0.004999403227877459,5.362722684804142e-09,-5.152937929226601e-07,5.926711324367958,17.226978302001953,4.498379707336426,7.733704566955566,0.7837318778038025,0.1778348982334137,-0.8994107246398926,22.906951453078623,5.588754627241354,5.783685024524548,False,,,,True,OFFBOARD
57.652,ACQUIRE,True,4.342480744284356,-1.4623738028113593,7.848049916790226,0.8069391787782142,0.2049686434402739,-0.8057691675302523,-0.008737480702517281,0.03129252663817063,0.0019054359704622982,10.000000075697546,1.2898240369078395e-07,0.04999999628703666,-1.2859206769821132e-13,1.2151298176064066e-12,6.321575249084638e-07,1.2219150516754756e-12,-5.177253392136042e-07,5.843463228403504,17.310951232910156,4.519045352935791,7.6504926681518555,0.7841538786888123,0.1776277869939804,-0.902941107749939,22.903200217438673,5.592885697925732,5.694416720919566,False,,,,True,OFFBOARD
57.752,ACQUIRE,True,4.426398256622865,-1.4410107010459903,7.7642105077334165,0.8069181134534378,0.20586641154578475,-0.8061302109014444,-0.009021221511116426,0.03154464011864941,0.0019115692333613037,10.000000076037393,1.2924717287229653e-07,0.049927553448208095,-3.921823753954353e-09,4.793128279695358e-09,-0.01811021363370757,6.19312362727372e-09,-5.201661136997716e-07,5.7568697618065965,17.387784957885742,4.537339687347412,7.572005748748779,0.7845039963722229,0.17745865881443024,-0.903497040271759,22.897669674855408,5.595811221495306,5.61063201278584,False,,,,True,OFFBOARD
57.852,ACQUIRE,True,4.5038774827872246,-1.4211903069054672,7.686873380433344,0.8073218241039483,0.20710136723640443,-0.8049633606976704,-0.009633619310802472,0.03220700431635501,0.0019505649470387355,10.000000076392928,1.2949269398187027e-07,0.04992755344818367,-3.921823837627626e-09,4.793128283164805e-09,-0.018110213639798003,6.193123682945358e-09,-5.225976603744499e-07,5.676895790874858,17.472183227539062,4.558093070983887,7.489926338195801,0.784989595413208,0.17811785638332367,-0.9018159508705139,22.900673536066634,5.601225200252095,5.5278053211821225,False,,,,True,OFFBOARD
57.952,ACQUIRE,True,4.587885819301466,-1.3995618119524125,7.603075108689577,0.8081831973004235,0.20875121494902082,-0.8073866730696518,-0.009643404569911331,0.03233225580025345,0.0020312318289113685,10.000000076823401,1.2975988720520425e-07,0.049999996287036774,-1.2859208614433898e-13,1.2151292791052104e-12,6.321575250401364e-07,1.2219145181057884e-12,-5.254252370082024e-07,5.590147973458459,17.558177947998047,4.5802321434021,7.410813808441162,0.7872011661529541,0.18035325407981873,-0.9002954959869385,22.907238414241355,5.607697321202238,5.446846111569424,False,,,,True,OFFBOARD
58.052,ACQUIRE,True,4.665505855517201,-1.3794532032344455,7.525343859007547,0.8088477536117964,0.2100880633176422,-0.8116856773847873,-0.009444581946469027,0.03217858176611003,0.0020250800496189113,10.000000077178935,1.300054083217032e-07,0.049999996287036774,-1.285920796493168e-13,1.2151300071300286e-12,6.321575255952479e-07,1.2219152414043945e-12,-5.278567836302165e-07,5.509965526165202,17.63652229309082,4.599757194519043,7.335346221923828,0.7880727648735046,0.18096645176410675,-0.9029935002326965,22.9065959858116,5.61365411488954,5.366718149096745,False,,,,True,OFFBOARD
58.152,ACQUIRE,True,4.749660030726402,-1.357536782643682,7.440746540326949,0.8095037814844374,0.21132431487023862,-0.8146398156186431,-0.009403712786212012,0.03227519096309431,0.0020249688415935694,10.000000077518783,1.302701775164817e-07,0.04992755344817412,-3.921824075265939e-09,4.793128286634252e-09,-0.018110213642204973,6.193123836116062e-09,-5.302975580198095e-07,5.423004432680791,17.714126586914062,4.61855411529541,7.257098197937012,0.7893827557563782,0.180720716714859,-0.9047927260398865,22.90878784381235,5.61707069346766,5.2897581164742205,False,,,,True,OFFBOARD
58.252,ACQUIRE,True,4.830650104236853,-1.3363384996104843,7.359239211426328,0.810321348182331,0.21264582638347299,-0.815265968195622,-0.009774646750446732,0.03263595642532716,0.002035711676235941,10.000000077949252,1.3053736588473023e-07,0.04999999379560904,5.18407036308672e-09,1.3726658785323531e-09,0.0049994032278725745,5.362722922501317e-09,-5.33125134996703e-07,5.339286477156457,17.79826545715332,4.639355659484863,7.173995494842529,0.7902802228927612,0.18193691968917847,-0.9041824340820312,22.915418294906395,5.624761757624903,5.21116861588415,False,,,,True,OFFBOARD
58.352,ACQUIRE,True,4.911740130459299,-1.3149942067626035,7.277609753392147,0.8114655966402429,0.21417693954264794,-0.8176940281071643,-0.009829983212820316,0.03293080441481344,0.0020514263961355916,10.000000078304787,1.3078289187845894e-07,0.049999996287036774,-1.285920765473895e-13,1.215129835817615e-12,6.321575252136087e-07,1.221915070716829e-12,-5.355566811133103e-07,5.255435225043238,17.87610626220703,4.65934419631958,7.099902629852295,0.7907878756523132,0.1834258735179901,-0.9038370251655579,22.912086501807504,5.6285986288220045,5.128406295192692,False,,,,True,OFFBOARD
58.452,ACQUIRE,True,4.989701244257899,-1.2943672594255065,7.1989474224826475,0.8126977033994355,0.2154414705698773,-0.8209685333894357,-0.009528683539346276,0.0331282181622698,0.002100606912869949,10.000000078660321,1.310284130084186e-07,0.04999999628703666,-1.285920612098066e-13,1.215129193766641e-12,6.321575252411979e-07,1.2219144306170353e-12,-5.379882276362181e-07,5.174792880056627,17.959802627563477,4.680188179016113,7.0171732902526855,0.7920222282409668,0.1839086264371872,-0.9050039649009705,22.907538068698404,5.631588001359449,5.038377478654966,False,,,,True,OFFBOARD
58.552,ACQUIRE,True,5.074302115376864,-1.2719002533505421,7.113435047989849,0.8142264228619533,0.21655089073980474,-0.8229231508647058,-0.009416958796695662,0.033383057180961885,0.002145160016164547,10.000000079000163,1.3129318221690307e-07,0.04992755344816446,-3.921824388553194e-09,4.7931282970425926e-09,-0.018110213644612325,6.193124042562127e-09,-5.404290019265814e-07,5.087261642308126,18.036697387695312,4.698857307434082,6.938535690307617,0.7931500673294067,0.18442632257938385,-0.9069236516952515,22.918544975085936,5.636613530892134,4.971098731784148,False,,,,True,OFFBOARD
58.652,ACQUIRE,True,5.152546414061625,-1.2510649736116122,7.034459315065034,0.8158271771528838,0.21745934096322156,-0.8222353378766154,-0.009306846304231797,0.03363364495096272,0.0021993865834779593,10.000000079355695,1.3153870335324983e-07,0.04992755344818345,-3.9218244547889636e-09,4.793128302246763e-09,-0.018110213639833783,6.193124088533968e-09,-5.428605484038149e-07,5.00629313309735,18.121623992919922,4.7208099365234375,6.854753494262695,0.7957441210746765,0.18522226810455322,-0.9051589965820312,22.916055746463265,5.639316469580306,4.8816216660709015,False,,,,True,OFFBOARD
58.752,ACQUIRE,True,5.234225338250694,-1.2292770773852446,6.952182406119469,0.8177069224663966,0.2182323726400199,-0.8238969151327339,-0.009115423579358723,0.033939764417072256,0.0022666590152353385,10.000000079786172,1.318058917411174e-07,0.04999999379560893,5.184070489455323e-09,1.3726660780255528e-09,0.004999403227880596,5.362723095723254e-09,-5.45688125234761e-07,4.921761000302058,18.2019100189209,4.743106842041016,6.779594421386719,0.7984135150909424,0.18652591109275818,-0.90281081199646,22.921496830370312,5.646421277032737,4.805255106575681,False,,,,True,OFFBOARD
58.852,ACQUIRE,True,5.3128163693164785,-1.2083000501268315,6.8729429650450475,0.8195231780215895,0.21872077767685932,-0.8265575665267729,-0.00880423081431046,0.03401579897895564,0.0023648862793905464,10.000000080141705,1.3205141288436612e-07,0.04999999379560904,5.184070513305418e-09,1.3726661135873841e-09,0.0049994032278723646,5.362723127881374e-09,-5.481196716585914e-07,4.840421517727286,18.287870407104492,4.765876770019531,6.694965839385986,0.7995801568031311,0.18744197487831116,-0.9041625261306763,22.929554194777133,5.653048673423704,4.725706547272355,False,,,,True,OFFBOARD
58.952,ACQUIRE,True,5.398163403459184,-1.1855391058600355,6.786926813956906,0.8217318814334108,0.21892841607907026,-0.8271741567706639,-0.008483272610653427,0.03435301291777566,0.0024504220691673323,10.000000080497234,1.3229693136333256e-07,0.04999999651757936,1.9973239331593856e-13,-1.886318895105518e-12,6.63645149058371e-08,1.8968637280974652e-12,-5.505512182971657e-07,4.752094705216049,18.366493225097656,4.785921573638916,6.615079879760742,0.8003996014595032,0.18701063096523285,-0.9044251441955566,22.926729869543898,5.656277737593238,4.642550818836947,False,,,,True,OFFBOARD
59.052,ACQUIRE,True,5.480456915593516,-1.1636454053256817,6.704306431452733,0.8240860439614848,0.21895499342218622,-0.8250192009847913,-0.008545631368923928,0.03464610272129565,0.002504052461523661,10.000000080837083,1.3256170812299916e-07,0.04992755344817268,-3.921824767896287e-09,4.793128312655104e-09,-0.018110213642569848,6.1931242948661006e-09,-5.529919917977057e-07,4.666941328144706,18.451393127441406,4.808515548706055,6.5281596183776855,0.8020867705345154,0.18677839636802673,-0.9015718102455139,22.9226152095415,5.658463253130318,4.551289708172353,False,,,,True,OFFBOARD
59.156,ACQUIRE,True,5.566304937088002,-1.1408621892310162,6.6186210690522795,0.8268049926133816,0.2192230467053939,-0.823034537771343,-0.008838230330419054,0.03516403087924691,0.0025019347355228158,10.000000081267572,1.3282890139321982e-07,0.049999996287036774,-1.2859207920429364e-13,1.2151301261381577e-12,6.321575255534482e-07,1.2219153597048439e-12,-5.558195680820983e-07,4.578124012018182,18.529733657836914,4.830665111541748,6.448622703552246,0.8037651777267456,0.18729518353939056,-0.8977169394493103,22.926213249564377,5.6685310470474874,4.4756063417549345,False,,,,True,OFFBOARD
59.252,ACQUIRE,True,5.645822241099242,-1.1197966428936326,6.539707258706941,0.8297455690193215,0.21962428747153093,-0.820883476637288,-0.008777793380871106,0.03560044044579037,0.002545139789612827,10.000000081623108,1.3307442254994235e-07,0.049999996287036774,-1.2859208963834989e-13,1.2151293023986165e-12,6.321575256091258e-07,1.2219145416375505e-12,-5.582511144068053e-07,4.495865821660777,18.61421775817871,4.853318214416504,6.3610334396362305,0.8056033253669739,0.18841557204723358,-0.8962443470954895,22.920299129355566,5.673333587826755,4.3834646100801935,False,,,,True,OFFBOARD
59.352,ACQUIRE,True,5.728959211213674,-1.0978256186451965,6.45779793660455,0.8328149380136056,0.21971559914219213,-0.8172656840341849,-0.008271410771892737,0.03532546509790859,0.002636146533313912,10.000000081978653,1.3331993617536474e-07,0.04999999651757947,1.9973239959100823e-13,-1.8863188820559166e-12,6.636451507930944e-08,1.8968637157811486e-12,-5.606826613755929e-07,4.40987658573601,18.69208335876465,4.8733320236206055,6.279841423034668,0.8077648878097534,0.18970970809459686,-0.8926687836647034,22.92331972814663,5.676428017533777,4.3067765659504795,False,,,,True,OFFBOARD
59.452,ACQUIRE,True,5.812381297385363,-1.0758704532428824,6.3763002228077195,0.8354637524778201,0.21932075490316572,-0.8128797661253692,-0.007735612130825121,0.03499707016726694,0.0027027189446878295,10.000000082318511,1.3358471294838838e-07,0.049927553448139816,-3.921825089454786e-09,4.793128316124551e-09,-0.018110213650741145,6.193124501179676e-09,-5.631234347786703e-07,4.323615224268428,18.777708053588867,4.895933151245117,6.194021701812744,0.8102701306343079,0.19123575091362,-0.8881145715713501,22.918650633403047,5.681891050072356,4.214870729695876,False,,,,True,OFFBOARD
59.552,ACQUIRE,True,5.896040468826964,-1.0539812756267672,6.2951378957790425,0.8374880078642648,0.21840524671626907,-0.8108679986736432,-0.007144451696205014,0.03419199835571807,0.002728912018284518,10.000000082748992,1.338519013674567e-07,0.04999999379560893,5.184070694160934e-09,1.3726663668570116e-09,0.004999403227863466,5.362723367539917e-09,-5.659510113771122e-07,4.237140701490768,18.86490821838379,4.919668674468994,6.110687732696533,0.8135585188865662,0.19094347953796387,-0.8842400908470154,22.91982782107416,5.688774910571049,4.127214240464592,False,,,,True,OFFBOARD
59.652,ACQUIRE,True,5.979851142287791,-1.0322101126573267,6.214044596109245,0.838497399319414,0.2170165979525856,-0.8111939633564812,-0.006760749613807877,0.033108893071348094,0.002742328821774169,10.000000083104537,1.3409742740461957e-07,0.04999999628703666,-1.2859209897556464e-13,1.2151302625104622e-12,6.321575535242961e-07,1.2219154974005715e-12,-5.683825571725343e-07,4.150548819114829,18.944843292236328,4.94040060043335,6.033114433288574,0.8156050443649292,0.1906096339225769,-0.8830522298812866,22.921881802338618,5.695274461621498,4.04804518961211,False,,,,True,OFFBOARD
59.752,ACQUIRE,True,6.0637078783757685,-1.0105882367338885,6.132919816536674,0.83848895909111,0.21548248248082752,-0.8110014534541865,-0.006711575875083377,0.03219673668153945,0.002749447288381708,10.000000083460082,1.343429410435494e-07,0.04999999651757947,1.997324053523212e-13,-1.8863188635535407e-12,6.63645148919593e-08,1.8968636979882727e-12,-5.708141040422035e-07,4.063949455832742,19.0242919921875,4.960299015045166,5.954937934875488,0.8154781460762024,0.19114212691783905,-0.8834347128868103,22.91723046596738,5.69613698149503,3.961871713408282,False,,,,True,OFFBOARD
59.852,ACQUIRE,True,6.147528404589893,-0.9891176670843085,6.0518695108398175,0.837879454468341,0.21399254618540595,-0.8100795791275992,-0.006717417862640224,0.03173679411524447,0.0027412516346758758,10.000000083799934,1.3460771783016968e-07,0.0499275534481507,-3.92182539386596e-09,4.793128331737062e-09,-0.018110213648041246,6.193124706032683e-09,-5.732548773460836e-07,3.9774227918011813,19.112262725830078,4.9836015701293945,5.873319625854492,0.8163508772850037,0.19136594235897064,-0.8812045454978943,22.92073546379193,5.704643690736925,3.8761277501507694,False,,,,True,OFFBOARD
59.952,ACQUIRE,True,6.234615324817845,-0.966942657869954,5.967489396996762,0.8368329702678892,0.2124813872962551,-0.8133933873961486,-0.006520129026303087,0.031236669108723712,0.00274271214165012,10.000000084230418,1.3487491113186113e-07,0.049999996287036885,-1.2859211020205991e-13,1.2151298703342076e-12,6.321575814117107e-07,1.2219151085835083e-12,-5.760824533977194e-07,3.8875571701079488,19.19561767578125,5.00712251663208,5.800808429718018,0.8170182108879089,0.1917334645986557,-0.8804957866668701,22.92480148485905,5.713884576059472,3.795566425519919,False,,,,True,OFFBOARD
60.056,ACQUIRE,True,6.318214299661537,-0.9457811261752521,5.885872411164626,0.835060945822397,0.2107766487932384,-0.8186901100323707,-0.006210655803393012,0.030152998335295802,0.0027604170402355365,10.000000084585963,1.3512042478082174e-07,0.04999999651757958,1.9973240944792505e-13,-1.886318847539324e-12,6.63645148640372e-08,1.896863682494332e-12,-5.785140001920773e-07,3.801321975351419,19.284387588500977,5.030949592590332,5.71968936920166,0.8168023228645325,0.19224341213703156,-0.8842737078666687,22.92468297325022,5.721059747767668,3.7051319159384235,False,,,,True,OFFBOARD
60.152,ACQUIRE,True,6.398253427580497,-0.9256376824311273,5.807082100544566,0.8323880759188385,0.2089042530641644,-0.8223027455301859,-0.005823745925772572,0.029105493896991103,0.0027665176064144144,10.000000084941508,1.3536594596760862e-07,0.04999999651757947,1.9973241236835083e-13,-1.88631885765078e-12,6.636451540493785e-08,1.8968636928570868e-12,-5.809455462947947e-07,3.718788022131316,19.36519432067871,5.051880836486816,5.642279624938965,0.8156830668449402,0.19309864938259125,-0.8864548206329346,22.93093464440771,5.728131184515513,3.6293000137045603,False,,,,True,OFFBOARD
60.252,ACQUIRE,True,6.48132093875616,-0.9048598127130382,5.724742601349828,0.8290637926875458,0.20672522278405284,-0.8241847161932753,-0.0056597120968173145,0.02877404482763632,0.0027705214288093255,10.000000085281355,1.3563072276756376e-07,0.049927553448139816,-3.921825706722337e-09,4.793128338675956e-09,-0.01811021365077739,6.193124909520773e-09,-5.833863195011549e-07,3.6331631483196496,19.45244789123535,5.074855804443359,5.559812068939209,0.8130296468734741,0.19369664788246155,-0.8868751525878906,22.9288233689044,5.732089795063588,3.5379574587839935,False,,,,True,OFFBOARD
60.352,ACQUIRE,True,6.567359662897764,-0.8834814337586652,5.6388557850813115,0.8257347417779123,0.20451556869427528,-0.8279645504800803,-0.005794363220654083,0.029190370706035702,0.002787637766276701,10.000000085711843,1.3589791608475812e-07,0.049999996287036774,-1.2859211631823336e-13,1.2151285949143473e-12,6.321575815779112e-07,1.2219138408896585e-12,-5.862138954364462e-07,3.5445112436357253,19.532930374145508,5.096628189086914,5.486453533172607,0.8097851872444153,0.19354912638664246,-0.8869490623474121,22.933523852351893,5.74122414334507,3.461147201184281,False,,,,True,OFFBOARD
60.452,ACQUIRE,True,6.646505187486913,-0.8639362942699002,5.55914369996435,0.8234029517744402,0.2028363526515861,-0.8323468357613854,-0.006307145940300685,0.030223124493197452,0.0028318237902531566,10.000000086067388,1.3614343728182816e-07,0.04999999628703666,-1.285921031114677e-13,1.215130501161995e-12,6.321575816126057e-07,1.2219157351621395e-12,-5.886454414638626e-07,3.462992086418998,19.618896484375,5.119081497192383,5.403771877288818,0.8070576190948486,0.19398747384548187,-0.8897456526756287,22.93782734586278,5.749081606748121,3.3781951100219554,False,,,,True,OFFBOARD
60.552,ACQUIRE,True,6.728770345476246,-0.8437198951494974,5.475776329511706,0.8221566991061176,0.20161650337535034,-0.8343571227637537,-0.006758767206825078,0.03140535961994804,0.002856219084880245,10.000000086422926,1.3638895094747215e-07,0.04999999651757947,1.9973241907834949e-13,-1.8863188483069476e-12,6.636451558551563e-08,1.8968636842717344e-12,-5.910769881353389e-07,3.3782846993220277,19.697471618652344,5.139083385467529,5.324474811553955,0.8064014315605164,0.19428953528404236,-0.8925901055335999,22.93793801923848,5.755325358098432,3.298541596245179,False,,,,True,OFFBOARD
60.652,ACQUIRE,True,6.81096865654336,-0.8235982742158587,5.3924257791170245,0.8219354479094307,0.20094087797542895,-0.8322276862880393,-0.007318844694144633,0.032056536341255486,0.0028713498936786446,10.000000086762778,1.366537277610382e-07,0.04992755344813815,-3.9218260553795214e-09,4.79312834561485e-09,-0.01811021365117843,6.193125135679906e-09,-5.935177612434276e-07,3.2936660130186572,19.783382415771484,5.160558223724365,5.239701747894287,0.8078034520149231,0.19608916342258453,-0.8917527198791504,22.939892510535493,5.761497081144565,3.2132045513326086,False,,,,True,OFFBOARD
60.752,ACQUIRE,True,6.896452160500044,-0.8027141450611179,5.305921270696547,0.8219523847241352,0.20075568040541042,-0.8319610723262924,-0.007742616568310593,0.03204321430625927,0.002873867891158283,10.000000087193268,1.3692092109382133e-07,0.04999999628703666,-1.2859211085222388e-13,1.215129710668497e-12,6.321575817513836e-07,1.2219149498728361e-12,-5.963453370622077e-07,3.205676208193795,19.863807678222656,5.1804680824279785,5.163809776306152,0.8084195852279663,0.19769056141376495,-0.8886266946792603,22.940570453696463,5.768239904360364,3.132402415271543,False,,,,True,OFFBOARD
60.852,ACQUIRE,True,6.97536247610517,-0.7834368249018093,5.226007194412925,0.8220636628793525,0.20090081642852028,-0.8326182918415937,-0.008071037895482813,0.032363082797576416,0.002875110648405728,10.000000087548807,1.371664423043307e-07,0.04999999628703666,-1.2859210577333491e-13,1.2151300139062922e-12,6.321575817928504e-07,1.221915250892273e-12,-5.987768829905094e-07,3.124452936770564,19.95005226135254,5.2016377449035645,5.078704833984375,0.809636652469635,0.1981244683265686,-0.8894030451774597,22.944017897271866,5.774732274172136,3.0483220906825754,False,,,,True,OFFBOARD
60.952,ACQUIRE,True,7.057591625616357,-0.7633248094827196,5.142808213292728,0.8226062435079312,0.20138643343649007,-0.8309728044993845,-0.008515764399563393,0.03304111549697612,0.0028449421079534153,10.000000087904343,1.3741195598346966e-07,0.04999999651757947,1.9973242539073276e-13,-1.8863188356014534e-12,6.636451575898798e-08,1.8968636723015407e-12,-6.012084295628858e-07,3.0398079764181993,20.029085159301758,5.220914840698242,4.998734951019287,0.8107914924621582,0.19869142770767212,-0.8888599872589111,22.944971076804162,5.780137779433696,2.9690269414568733,False,,,,True,OFFBOARD
61.052,TAG_APPROACH,True,7.143222609756873,-0.7423247518134801,5.057256549849852,0.8249792777455269,0.2027548359271966,-0.7679784334317669,-0.008066337629200348,0.030389462973583914,0.0029091649198928807,10.000000088319144,1.3769840007115136e-07,0.04999999379560882,5.184071078598046e-09,1.3726669297747796e-09,0.004999403227855751,5.362723883256905e-09,-6.040452328521896e-07,2.9516476421838416,20.1147518157959,5.242319583892822,4.913013458251953,0.8129308223724365,0.19978752732276917,-0.8857462406158447,22.94427775733717,5.782158113642493,2.8805629123588496,False,,,,True,OFFBOARD
61.152,TAG_APPROACH,True,7.221728736680294,-0.7230737348817763,4.994314886988538,0.8027050896276243,0.19550982125640803,-0.6409639603551996,0.008955611314497309,-0.015732700704293282,0.0034752284971618615,10.000000088674687,1.3794392129199845e-07,0.04999999379560871,5.184071103013847e-09,1.3726669696734195e-09,0.004999403227857819,5.362723917071959e-09,-6.064767787052495e-07,2.8708234935077264,20.20064353942871,5.264615535736084,4.8416266441345215,0.8050849437713623,0.20046252012252808,-0.6866458058357239,22.913473350267463,5.782531069783544,2.7618258603654007,False,,,,True,OFFBOARD
61.252,TAG_APPROACH,True,7.299889928715799,-0.7043114322479318,4.925382525885204,0.7647965319883084,0.18066647898569294,-0.7319955412796935,0.007219644924255615,0.0012551964890984064,0.004394766912065961,10.000000089030223,1.3818944738271805e-07,0.049999996287036774,-1.2859209120668433e-13,1.2151288778233517e-12,6.32157581959384e-07,1.2219141195849838e-12,-6.089083241042699e-07,2.790456891995494,20.27652931213379,5.2840352058410645,4.778397083282471,0.7640057802200317,0.18904730677604675,-0.7705387473106384,22.950520035552454,5.796660475134717,2.722684531055235,False,,,,True,OFFBOARD
61.352,TAG_APPROACH,True,7.378558657706806,-0.6860983365328244,4.845965257633752,0.7541883220459947,0.17138630964645557,-0.7854927585959317,-0.001515324755389854,0.03621836941707399,0.005080188425393446,10.00000008937008,1.384542166853661e-07,0.049927553448086526,-3.9218265795222055e-09,4.793128357757914e-09,-0.018110213664091213,6.193125476993819e-09,-6.113490977061778e-07,2.709739156638575,20.348957061767578,5.302115440368652,4.706730365753174,0.7432025671005249,0.18121926486492157,-0.832390546798706,22.968886146777077,5.807169754346081,2.668165712722117,False,,,,True,OFFBOARD
61.452,TAG_APPROACH,True,7.4515477622044175,-0.6697884162215886,4.769432977073568,0.7682054646490011,0.16916685132213144,-0.8051764278425583,-0.005719235149371838,0.05174922377764523,0.0053696332851992275,10.000000089725624,1.386997379158216e-07,0.049927553448106954,-3.921826646084506e-09,4.793128362962085e-09,-0.018110213658983455,6.1931255231724515e-09,-6.137806434897055e-07,2.6350001848105924,20.428571701049805,5.3212361335754395,4.626866340637207,0.7523040771484375,0.1782873421907425,-0.8596037030220032,22.96219961505625,5.812210360556749,2.5807607595808917,False,,,,True,OFFBOARD
61.552,TAG_APPROACH,True,7.52944428432395,-0.6528845200866521,4.6883321118681645,0.7884632481157409,0.16895196907567278,-0.8154296867661478,-0.005846885862564579,0.049524590061066215,0.005499852304935487,10.000000090156103,1.3896692641299683e-07,0.04999999379560882,5.1840712052403e-09,1.3726671145228297e-09,0.004999403227863324,5.362724052969167e-09,-6.166082195060579e-07,2.555367755873598,20.505489349365234,5.338980197906494,4.553820610046387,0.7730915546417236,0.17896123230457306,-0.8707661032676697,22.95768900030764,5.8136410350426635,2.4977161644976515,False,,,,True,OFFBOARD
61.652,TAG_APPROACH,True,7.6090599756411015,-0.6360362960544202,4.606442338429817,0.8017238474847989,0.1677940710196305,-0.8216977196738922,-0.004213787523142066,0.04009583129482294,0.0055135526006506,10.000000090511644,1.3921245251726162e-07,0.04999999628703666,-1.2859212753480247e-13,1.2151289625266464e-12,6.321575821259174e-07,1.2219142076410318e-12,-6.190397648059713e-07,2.474093163137588,20.589616775512695,5.357949733734131,4.471548080444336,0.789438009262085,0.17938384413719177,-0.8768144249916077,22.950963569021358,5.823323413653131,2.4067678203713365,False,,,,True,OFFBOARD
61.752,TAG_APPROACH,True,7.689536466069009,-0.6193804112956344,4.524080264525603,0.8065378384660083,0.1652786569355555,-0.8247835630400504,-0.003292233400287716,0.03355440772949489,0.005452806961577379,10.00000009086719,1.3945796622325932e-07,0.04999999651757947,1.9973243834423898e-13,-1.8863188136050666e-12,6.636451609188835e-08,1.896863651791388e-12,-6.21471311180133e-07,2.392043985416527,20.667524337768555,5.375187873840332,4.392985820770264,0.7962018251419067,0.17825311422348022,-0.882014811038971,22.955415342894018,5.830087870373468,2.33267641523205,False,,,,True,OFFBOARD
61.852,TAG_APPROACH,True,7.77348203365235,-0.602346840110232,4.438343901693805,0.8074835938096093,0.16244378888241964,-0.8234300742170412,-0.003430604536726057,0.031902018643600406,0.005404517676499235,10.000000091281985,1.3974441034238765e-07,0.04999999379560882,5.184071282418812e-09,1.3726672220756853e-09,0.004999403227853974,5.362724155106284e-09,-6.243081142381783e-07,2.306556859279834,20.75208282470703,5.393712043762207,4.308140277862549,0.7984273433685303,0.17689058184623718,-0.8826038837432861,22.95908708949661,5.837333332658213,2.251148078816927,False,,,,True,OFFBOARD
61.952,TAG_APPROACH,True,7.851035182085706,-0.5868700103625676,4.359362522971991,0.8083640243478637,0.1601816102523513,-0.8223542159865382,-0.003973716197293961,0.03316709368497761,0.00537123186358286,10.00000009163752,1.3998993158998406e-07,0.04999999379560882,5.184071307444813e-09,1.37266725937224e-09,0.004999403227854994,5.362724188845169e-09,-6.267396598930056e-07,2.227659479332468,20.830265045166016,5.410760879516602,4.231586933135986,0.7995521426200867,0.17763006687164307,-0.8806394934654236,22.963619944174305,5.844239971098653,2.1769490687568847,False,,,,True,OFFBOARD
62.052,TAG_APPROACH,True,7.931977331095667,-0.5709441532480223,4.277138276187992,0.8105925305026751,0.15848461947768405,-0.8220189956523657,-0.004367065368470582,0.034417367465424245,0.005321110718756254,10.000000091993066,1.4023545770755545e-07,0.049999996287036774,-1.2859213154331972e-13,1.2151286484891812e-12,6.321575823063288e-07,1.2219138957692553e-12,-6.291712050938303e-07,2.1453893646261624,20.914518356323242,5.429120063781738,4.147779941558838,0.801555335521698,0.17767980694770813,-0.8801592588424683,22.965921311242457,5.851755560532005,2.0944867740247566,False,,,,True,OFFBOARD
62.152,TAG_APPROACH,True,8.013181674320087,-0.555174295348689,4.194971610722015,0.813391644855256,0.15700546471794247,-0.8212771192816378,-0.004518037370694573,0.03452155126216048,0.005285395242279739,10.000000092348609,1.4048097142706165e-07,0.04999999651757947,1.9973244470932917e-13,-1.8863188005554652e-12,6.636451627246612e-08,1.8968636394845502e-12,-6.316027513697626e-07,2.0629265814410696,20.99211311340332,5.4459919929504395,4.069446563720703,0.8043555617332458,0.17838653922080994,-0.8803147673606873,22.966628663683345,5.858572946418862,2.0171600584640133,False,,,,True,OFFBOARD
62.252,TAG_APPROACH,True,8.094652413245758,-0.5395397066899519,4.112925545793841,0.8158249883568143,0.15577322039313293,-0.8196386909197154,-0.004725343540104009,0.033975582316905055,0.005276835392146792,10.000000092688456,1.4074574829445885e-07,0.04992755344808508,-3.9218272721048756e-09,4.79312839071766e-09,-0.01811021366445526,6.193125941084134e-09,-6.340435240843631e-07,1.9802658979360865,21.07665252685547,5.4641828536987305,3.9847629070281982,0.8074484467506409,0.17899097502231598,-0.8786261677742004,22.96791148476142,5.866591533921203,1.9335959225696293,False,,,,True,OFFBOARD
62.352,TAG_APPROACH,True,8.179607225933077,-0.5233938703564553,4.027749562504231,0.8177812286716375,0.1548379460000916,-0.8186799409155744,-0.005151902210734868,0.03368543466492979,0.0052732385044142955,10.00000009311894,1.4101294168971245e-07,0.049999996287036885,-1.2859212464297905e-13,1.2151293909135595e-12,6.321575824451066e-07,1.2219146333447984e-12,-6.36871099437755e-07,1.894141357459499,21.15514373779297,5.480912208557129,3.907824993133545,0.8097007274627686,0.18080879747867584,-0.8765035271644592,22.967918351159202,5.874307092289691,1.854969361852657,False,,,,True,OFFBOARD
62.452,TAG_APPROACH,True,8.258194962207734,-0.5085581600372958,3.9491552340423413,0.8193713170324904,0.15428916728688968,-0.8186290544444901,-0.005336642228422537,0.0335678713998595,0.005227359384444951,10.000000093474485,1.412584629538606e-07,0.049999996287036774,-1.285921169948671e-13,1.2151300143298086e-12,6.321575824657569e-07,1.2219152524943712e-12,-6.39302644969644e-07,1.8145293222001162,21.240041732788086,5.4991888999938965,3.8231234550476074,0.812002420425415,0.1816287636756897,-0.8767156600952148,22.970075597736603,5.8823647498726555,1.771959623072437,False,,,,True,OFFBOARD
62.552,TAG_APPROACH,True,8.340210789974519,-0.49314879976583487,3.8673582129126323,0.8208570584371545,0.15395206233383063,-0.8170867427637826,-0.005552679586131316,0.03337549307009265,0.005202424825480068,10.00000009383002,1.4150397668672456e-07,0.04999999651757936,1.997324513025532e-13,-1.8863187905234187e-12,6.636451643189415e-08,1.8968636302025142e-12,-6.417341911456035e-07,1.7315012016942593,21.318387985229492,5.51627779006958,3.7431881427764893,0.8146685361862183,0.1837553083896637,-0.8761899471282959,22.971499617978225,5.890044502597553,1.6948391149968036,False,,,,True,OFFBOARD
62.652,TAG_APPROACH,True,8.422363406557231,-0.4777623482958406,3.7857924234147697,0.8221198999082302,0.1538411113051918,-0.814151364807507,-0.005894732595558105,0.033260772339652876,0.005227204895465174,10.000000094169868,1.4176875356760324e-07,0.04992755344807398,-3.921827585069706e-09,4.793128397656554e-09,-0.0181102136671909,6.193126144640957e-09,-6.441749637618486e-07,1.6483914932485229,21.403715133666992,5.534165382385254,3.6566786766052246,0.8153119087219238,0.18537931144237518,-0.8732860684394836,22.97233001319277,5.898081750940655,1.6102756793705304,False,,,,True,OFFBOARD
62.752,TAG_APPROACH,True,8.507935109617295,-0.4617496842890136,3.701289167659638,0.8234628595255965,0.15418674633679313,-0.8111088227790576,-0.0065399657241171525,0.03343460083397792,0.005240889751297285,10.000000094600356,1.420359469786216e-07,0.04999999628703666,-1.2859213368406314e-13,1.2151298231121208e-12,6.321575826185791e-07,1.221915064094847e-12,-6.470025389989043e-07,1.5618805400937787,21.482927322387695,5.549885272979736,3.577566146850586,0.8172207474708557,0.18591207265853882,-0.8708887696266174,22.974417729405136,5.90474916035946,1.533124917543023,False,,,,True,OFFBOARD
62.852,TAG_APPROACH,True,8.587048137799298,-0.4469040542866216,3.6235720357304184,0.8245950138107462,0.15516444916292077,-0.8078681481832309,-0.007267431562677295,0.032953863996185065,0.005243739556311343,10.000000094955894,1.42281468256098e-07,0.049999996287036774,-1.285921276704601e-13,1.2151298449232192e-12,6.321575826532736e-07,1.2219150851519686e-12,-6.494340844317033e-07,1.4819435192148258,21.5685977935791,5.5675787925720215,3.4911646842956543,0.8195666670799255,0.1886216551065445,-0.8697783946990967,22.97597401221127,5.912083269964552,1.4489275881543855,False,,,,True,OFFBOARD
62.952,TAG_APPROACH,True,8.669546224681197,-0.4313099893014969,3.5430240953916132,0.8253025412060737,0.15671711884630674,-0.802976881475171,-0.007703555352835822,0.03269399005048575,0.005246385188516078,10.00000009531143,1.4252698200239912e-07,0.04999999651757925,1.9973245711309633e-13,-1.886318772973955e-12,6.636451624471055e-08,1.896863613362437e-12,-6.518656305085679e-07,1.3986192947664025,21.647642135620117,5.584613800048828,3.4103636741638184,0.8214561939239502,0.19248059391975403,-0.8680427074432373,22.976951387381252,5.919784027623589,1.3709128959457142,False,,,,True,OFFBOARD
63.052,TAG_APPROACH,True,8.752109137621606,-0.41554368421772114,3.4630382750673503,0.8259414194368725,0.15859099361330542,-0.7970232785427113,-0.008121068219223641,0.03277184865522384,0.005239151474316343,10.000000095651286,1.42791758896767e-07,0.04992755344806321,-3.9218278983033e-09,4.793128404595448e-09,-0.01811021366992658,6.193126348367986e-09,-6.543064030256437e-07,1.3152598660713093,21.73402976989746,5.602906703948975,3.3246548175811768,0.8233795166015625,0.19521132111549377,-0.8633718490600586,22.978501886530086,5.928330059139592,1.286316916307799,False,,,,True,OFFBOARD
63.152,TAG_APPROACH,True,8.838045427314068,-0.3989280605711527,3.3803740223296197,0.8266473510038956,0.16094558245019136,-0.7933177759241661,-0.008815904843053965,0.032809867125317825,0.005247472642424568,10.00000009608177,1.4305895232338735e-07,0.04999999628703666,-1.2859213363774103e-13,1.2151300016243144e-12,6.32157582784946e-07,1.2219152416108956e-12,-6.571339781463257e-07,1.2285285360636125,21.81456184387207,5.619417190551758,3.2472853660583496,0.8250207304954529,0.1979258507490158,-0.8595917820930481,22.98128794363754,5.935428662815137,1.2087650898648639,False,,,,True,OFFBOARD
63.252,TAG_APPROACH,True,8.917429518190364,-0.38334121743492616,3.3043202233217843,0.8270734219654791,0.1637707242071635,-0.7912166091413865,-0.009575426651757037,0.03210234071746669,0.005282651749873438,10.000000096437304,1.4330447361443793e-07,0.049999996287036774,-1.2859214395268327e-13,1.2151291029223574e-12,6.321575833260133e-07,1.2219143489849198e-12,-6.595655234800032e-07,1.1484379198456702,21.90141487121582,5.638294696807861,3.163384199142456,0.8254585266113281,0.20210787653923035,-0.8588654398918152,22.983459391596796,5.943033853063765,1.1241380241954524,False,,,,True,OFFBOARD
63.352,TAG_APPROACH,True,9.000115620365836,-0.36679019414683184,3.22532275186244,0.8265492499335295,0.16718641796792547,-0.7888557270100705,-0.010190380492748242,0.03137696591726483,0.00532743563679579,10.000000096792846,1.4354998737428114e-07,0.04999999651757936,1.997324640448957e-13,-1.8863187659065237e-12,6.636451677867232e-08,1.8968636070641864e-12,-6.619970694586278e-07,1.0650371439660975,21.981245040893555,5.656581878662109,3.08526611328125,0.8262566328048706,0.20692101120948792,-0.8579126000404358,22.985000787715162,5.9508990453898685,1.0460153889441866,False,,,,True,OFFBOARD
63.452,TAG_APPROACH,True,9.082734247096154,-0.34987004008425987,3.146565363970393,0.8258633837475806,0.17114624295116065,-0.7863178186922094,-0.010912703971876683,0.03146997355914218,0.005336500104358702,10.000000097132702,1.438147642822212e-07,0.049927553448061435,-3.921828246457853e-09,4.7931284132690655e-09,-0.0181102136703281,6.193126575551472e-09,-6.644378418782595e-07,0.9817259216424961,22.06777572631836,5.675477981567383,3.0017249584198,0.826319694519043,0.21041133999824524,-0.856237530708313,22.985660885943073,5.954078764754736,0.9592348839840492,False,,,,True,OFFBOARD
63.552,TAG_APPROACH,True,9.165296614477146,-0.3325203379070298,3.068017702670976,0.8254708699912103,0.17584436300573184,-0.7850737248309141,-0.012224278440310434,0.03187533974789296,0.005324508170823432,10.00000009756318,1.4408195285739152e-07,0.04999999379560871,5.184071715731329e-09,1.3726678543823922e-09,0.004999403227851131,5.362724735831621e-09,-6.67265417312587e-07,0.8984986230474384,22.1543025970459,5.693159580230713,2.9197824001312256,0.8255578875541687,0.21492135524749756,-0.8545132279396057,22.985660885943073,5.954078764754736,0.8713411647401487,False,,,,True,OFFBOARD
63.652,TAG_APPROACH,True,9.247829237880355,-0.31464614196240037,2.989492993209631,0.8251509703420308,0.1815570272193275,-0.7854374271997165,-0.01334595534190486,0.03151721700720682,0.005310254371718148,10.000000097918715,1.4432747902870577e-07,0.049999996287036885,-1.2859215058667178e-13,1.2151302396405726e-12,6.321575829860075e-07,1.2219154800891347e-12,-6.696969621169978e-07,0.8153301712599988,22.23387908935547,5.710976600646973,2.84326434135437,0.8255667090415955,0.21932858228683472,-0.855639636516571,22.985660885943073,5.954078764754736,0.7901104554898407,False,,,,True,OFFBOARD
63.752,TAG_APPROACH,True,9.330282783716601,-0.2961667699789887,2.9109612615179543,0.8235688732746753,0.187784940502098,-0.7848072197679201,-0.01366948774979557,0.029073100899659136,0.005330045993403821,10.000000098274262,1.4457299280176685e-07,0.04999999651757947,1.9973246990152832e-13,-1.8863187492305626e-12,6.636451660569957e-08,1.8968635910976097e-12,-6.721285079956444e-07,0.7322814504639352,22.31329345703125,5.7300286293029785,2.7654733657836914,0.8251700401306152,0.2255427986383438,-0.8567176461219788,22.985660885943073,5.954078764754736,0.7087146270943235,False,,,,True,OFFBOARD
63.852,TAG_APPROACH,True,9.412479004339792,-0.2770638541562511,2.8325716751596617,0.8204654467330791,0.19403276462037725,-0.7830374508971865,-0.013978570938342075,0.028859492409379097,0.005364075873259083,10.00000009861411,1.448377697231391e-07,0.04992755344804123,-3.921828524359252e-09,4.793128421942683e-09,-0.01811021367539821,6.193126758246808e-09,-6.745692803151919e-07,0.6495733182296296,22.398488998413086,5.750545024871826,2.68161940574646,0.8215981721878052,0.23266291618347168,-0.8561874032020569,22.985660885943073,5.954078764754736,0.621447349963174,False,,,,True,OFFBOARD
63.952,TAG_DEAD_RECKON,False,9.494393961834755,-0.25733059850928547,2.7543398565772916,0.8181436986979436,0.2004192569747422,-0.7818503881353378,-0.014558838781008228,0.030053281555077176,0.0053345629016347375,10.00000009904459,1.45104958314025e-07,0.04999999379560882,5.184071818678139e-09,1.3726680053033347e-09,0.004999403227854879,5.362724873979301e-09,-6.77396855633322e-07,0.5673241380316106,22.476272583007812,5.768908500671387,2.6050288677215576,0.819075882434845,0.23704491555690765,-0.8547917604446411,22.985660885943073,5.954078764754736,0.542000433457356,False,,,,True,OFFBOARD
64.052,TAG_DEAD_RECKON,False,9.57612442771476,-0.2369321689119539,2.6762162848077233,0.8164365127797725,0.20739938798055063,-0.7803838197917868,-0.01565681498398468,0.02943153648297273,0.005286422387205418,10.00000009940013,1.4535048449878977e-07,0.04999999628703666,-1.2859214278801297e-13,1.2151303730482618e-12,6.321575831736908e-07,1.2219156119353006e-12,-6.798284003386254e-07,0.48560015093539605,22.56047248840332,5.790587425231934,2.521301507949829,0.8177289962768555,0.2440662533044815,-0.8549566268920898,22.985660885943073,5.954078764754736,0.4555376949291715,False,,,,True,OFFBOARD
64.152,TAG_DEAD_RECKON,False,9.657641884880166,-0.2157895808107887,2.598247804029291,0.8139611020962519,0.21534059150009896,-0.7789194459272418,-0.017164266901069713,0.028834701475026897,0.005304271050492118,10.000000099755674,1.4559599828553882e-07,0.04999999651757947,1.9973247690431014e-13,-1.8863187425072385e-12,6.636451711884465e-08,1.896863585149027e-12,-6.822599461181766e-07,0.4046904413443203,22.63815689086914,5.812109470367432,2.4439032077789307,0.8152781128883362,0.25144198536872864,-0.8548780083656311,22.985660885943073,5.954078764754736,0.37538554466198165,False,,,,True,OFFBOARD
64.252,DONE,False,9.738847955076912,-0.1938219501927823,2.5193413216495935,0.8093040770237773,0.2225931630410789,-0.8896392283240959,-0.017799772400026375,0.026320447193883052,0.005471572845447065,10.000000100095521,1.4586077522034066e-07,0.04992755344803035,-3.921828837038546e-09,4.7931284306163e-09,-0.018110213678133116,6.193126962965429e-09,-6.847007183410217e-07,0.32521907657210913,22.721731185913086,5.834689617156982,2.3637287616729736,0.8121435046195984,0.26019924879074097,-0.8510660529136658,22.985660885943073,5.954078764754736,0.289676811502124,False,,,,True,OFFBOARD
64.352,DONE,False,9.822806738480082,-0.17071210405060203,2.373735968330184,0.8066995704599864,0.2220579326208227,-1.8879256239095632,-0.018909985600748476,0.0248840277178432,0.005667219812987582,10.000000100526,1.4612796869392032e-07,0.049999996287036774,-1.2859215889983694e-13,1.2151297453968479e-12,6.321575833053633e-07,1.2219149894647866e-12,-6.87528293112587e-07,0.24604910061645535,22.797203063964844,5.853499889373779,2.2598724365234375,0.7874673008918762,0.2489350289106369,-1.6466131210327148,22.985660885943073,5.954078764754736,0.2136175574190378,False,,,,True,OFFBOARD
64.456,DONE,False,9.837659507194923,-0.16731773989999735,2.330116741158937,0.0007741875807804633,-0.00013954009004103868,0.004838108766161328,-0.0026850927289278036,-0.014111677351886958,0.004495370933531249,10.000000100913857,1.4640878162175379e-07,0.04999999628078422,2.2824854097094256e-11,9.714688627537923e-11,6.4508905246305e-07,9.979224156994924e-11,-6.899631940480086e-07,0.23313031430479705,22.83660316467285,5.8644938468933105,2.1020166873931885,-0.0025011294055730104,0.06877598911523819,-1.3066203594207764,22.985660885943073,5.954078764754736,0.17390704924904377,False,,,,True,OFFBOARD
64.552,DONE,False,9.837733080467924,-0.16671856635711452,2.3305763075026515,0.0007012468850310013,-0.00012939851750682363,0.004380870197905368,-0.002433716308530944,-0.012787610666371872,0.004492805784564958,10.000000101272047,1.4665829146494934e-07,0.04999999651330356,1.721407412010758e-11,7.0084002673673e-11,6.68597611345337e-08,7.21671100888484e-11,-6.92389571002902e-07,0.23264933980168293,22.835588455200195,5.868537425994873,1.9837617874145508,-0.001166804344393313,0.06826911866664886,-1.3065544366836548,22.985660885943073,5.954078764754736,0.17273984805453957,False,,,,True,OFFBOARD
64.652,DONE,False,9.83779972333231,-0.16618996181338702,2.3309075036000557,0.0006351340231019186,-0.018046569383839774,-0.01729314301170856,-0.0021295958725651813,-0.0115875483403875,0.004489786284096365,10.000000101613287,1.4692449207661724e-07,0.04992760691293818,-3.907817827913507e-09,4.8349586504597974e-09,-0.01809684710638138,6.2167407319120726e-09,-6.948260585413113e-07,0.2322242772769462,22.83601188659668,5.870357990264893,1.8932212591171265,0.0020818684715777636,0.07552651315927505,-1.2816386222839355,22.985660885943073,5.954078764754736,0.17147591984461258,False,,,,False,OFFBOARD
64.752,DONE,False,9.837860086236052,-0.16541483371033308,2.3313695441986213,0.0005753549865224407,0.011899856781330743,0.009462357602878696,-0.001999309222847881,-0.010499057597887418,0.004488944249729958,10.00000010204416,1.471890770581874e-07,0.04999999373721231,5.191395011626811e-09,1.3935470980289133e-09,0.00499939880654794,5.375179595247822e-09,-6.97649556620768e-07,0.231627935776766,22.834562301635742,5.875789165496826,2.170731544494629,0.009771732613444328,0.08613067120313644,-0.05344033241271973,22.985660885943073,5.954078764754736,0.17017650699095818,False,,,,False,OFFBOARD
64.852,DONE,False,9.837916832647894,-0.1648129563052745,2.3317239957298312,0.0005190187447771272,-9.561157652724426e-05,0.0032424771105854077,-0.0018049999629379614,-0.009475304754978046,0.004487484566333439,10.00000010239947,1.4743208014695176e-07,0.04999999651329179,7.0882371592979334e-12,2.7445909593136867e-11,6.686051327799768e-08,2.8346447033466017e-11,-7.000778783122736e-07,0.23115870197096708,22.83582878112793,5.877237319946289,2.1720337867736816,0.009423520416021347,0.0822746604681015,-0.05535092577338219,22.985660885943073,5.954078764754736,0.16838725389288123,False,,,,False,OFFBOARD
64.952,DONE,False,9.837964270836169,-0.16420952762647223,2.3320203268948223,0.00047194361534621496,-8.688501470389021e-05,0.0029486540007695548,-0.0016424472202805631,-0.008618904114626185,0.0044863782712913055,10.000000102754127,1.476792836160684e-07,0.049999996513288014,5.3794954190073936e-12,2.0204060227611034e-11,6.686070317577347e-08,2.0907965483137177e-11,-7.025061597080925e-07,0.23069553157650557,22.83719253540039,5.880651950836182,2.17275071144104,0.011494831182062626,0.0940212830901146,-0.041817620396614075,22.985660885943073,5.954078764754736,0.16563317335333153,False,,,,False,OFFBOARD
65.052,DONE,False,9.838010818786712,-0.16350413706430356,2.33231111964268,0.00042576580977477657,0.01193251900245279,0.008518688157874495,-0.001482863251741205,-0.007778080091143365,0.004485388169293144,10.00000010316743,1.4796700102126793e-07,0.04999999373723152,5.1856935249154865e-09,1.3713679436824777e-09,0.0049993992783052155,5.363960045648206e-09,-7.05339434675065e-07,0.23016120324193498,22.83952522277832,5.8810715675354,2.174435615539551,0.008757096715271473,0.07240163534879684,-0.056004561483860016,22.985660885943073,5.954078764754736,0.16335753087759677,False,,,,False,OFFBOARD
65.152,DONE,False,9.83804973148319,-0.16289951869789898,2.332554248780924,0.00038714163855570866,0.011940955537085227,0.008274505318737338,-0.0013493965296186143,-0.007074801374277698,0.004484642535419608,10.000000103521447,1.4821339541641657e-07,0.04999999373724007,5.184729682601713e-09,1.3675968222465196e-09,0.004999399357164299,5.362065175831979e-09,-7.07768096456471e-07,0.22970464619406494,22.842565536499023,5.877116680145264,2.1773760318756104,0.008504475466907024,0.06349102407693863,-0.057066481560468674,22.985660885943073,5.954078764754736,0.16247904941853333,False,,,,False,OFFBOARD
65.252,DONE,False,9.838086516995114,-0.162294684357738,2.3327841222790355,0.0003506726540436864,-6.102512994770089e-05,0.0021927667958086656,-0.001223173723472037,-0.006409655133904858,0.004484003672574983,10.000000103875278,1.4845957714366112e-07,0.049999996280771675,1.9637498764918197e-12,1.0168530626157571e-11,6.450880544788364e-07,1.0356414856142358e-11,-7.101968629894829e-07,0.22925013059014981,22.844980239868164,5.875186443328857,2.178927421569824,0.008390720933675766,0.05569158494472504,-0.05797147378325462,22.985660885943073,5.954078764754736,0.16129179321967343,False,,,,False,OFFBOARD
65.352,DONE,False,9.838119833231575,-0.1616894228005192,2.3329923424429095,0.0003175540320120579,-5.82753696703591e-05,0.0019851738891915136,-0.001108809609903725,-0.005806972251002334,0.004483478428398874,10.000000104228969,1.4870553956759008e-07,0.049999996513272804,1.7857890225605176e-12,4.902482610621447e-12,6.686132835409902e-08,5.21760272352575e-12,-7.12625715438279e-07,0.22879846955782382,22.84707260131836,5.87482213973999,2.1787314414978027,0.009324528276920319,0.06415445357561111,-0.045890308916568756,22.985660885943073,5.954078764754736,0.15965063496256013,False,,,,False,OFFBOARD
65.452,DONE,False,9.838151153581766,-0.1609821715174818,2.333188109881632,0.00028648065233870143,0.011962949124394474,0.007636241067882851,-0.0010012569015763644,-0.005240163116895439,0.004483027032127719,10.000000104641446,1.4899225468662765e-07,0.04999999373723474,5.1829910453726834e-09,1.3607659599818023e-09,0.004999399495072556,5.358645367465421e-09,-7.15459462578867e-07,0.22827700382609323,22.849340438842773,5.874550819396973,2.1800479888916016,0.008249440230429173,0.04201144352555275,-0.06008593738079071,22.985660885943073,5.954078764754736,0.15782255349110572,False,,,,False,OFFBOARD
65.552,DONE,False,9.838178375145121,-0.16037622816727448,2.3333582934357864,0.0002595177581932348,-4.413741784486021e-05,0.0016237948203051261,-0.0009077481234479202,-0.0047473538353233705,0.004482675173619914,10.000000104994925,1.492379586293371e-07,0.049999996280758685,7.055235393151651e-13,4.777236188219561e-12,6.450874899415635e-07,4.8290526050730036e-12,-7.178884248545064e-07,0.2278307588566753,22.851707458496094,5.873533725738525,2.182126045227051,0.007888649590313435,0.034467656165361404,-0.060969386249780655,22.985660885943073,5.954078764754736,0.1563042674878584,False,,,,False,OFFBOARD
65.652,DONE,False,9.838202090031476,-0.1597698733098223,2.333506570331738,0.0002359894015588567,-3.9779248304968844e-05,0.0014768867739710547,-0.0008262609138169596,-0.004317888533607462,0.00448239534464619,10.00000010534835,1.49483562924121e-07,0.04999999628075469,4.929867056706446e-13,3.8630741146786956e-12,6.450870036265831e-07,3.894403357058509e-12,-7.203174204516366e-07,0.22738746215189234,22.853504180908203,5.873335838317871,2.181985378265381,0.007510329131036997,0.02742905542254448,-0.062301021069288254,22.985660885943073,5.954078764754736,0.1548703162496369,False,,,,False,AUTO.LAND
65.752,DONE,False,9.83822450933382,-0.15916350348757793,2.333646766844503,0.00021369449662366106,-3.9037619405455514e-05,0.001336759907442755,-0.0007492044058433076,-0.003911767713096564,0.004482155360098109,10.000000105701734,1.4972911027307647e-07,0.04999999651325748,6.933595612751393e-13,2.1770733666677585e-13,6.686177331781431e-08,7.267351413343066e-13,-7.227464365747327e-07,0.22694583513577934,22.85499382019043,5.873711109161377,2.1811351776123047,0.0077889361418783665,0.03607611730694771,-0.04950679838657379,22.985660885943073,5.954078764754736,0.15340417901080253,False,,,,False,AUTO.LAND
65.852,DONE,False,9.838245586430428,-0.15845544581491583,2.333778580427774,0.00019279041352359143,0.011983430829067249,0.0070379510065624925,-0.0006767430992597558,-0.003529853828234362,0.0044819486817999354,10.000000106113962,1.5001551647973162e-07,0.04999999373722397,5.182158813885032e-09,1.357489382187993e-09,0.004999399559829076,5.357009183777779e-09,-7.255803095887894e-07,0.22643475989350226,22.856521606445312,5.873946666717529,2.180506467819214,0.007345734164118767,0.03060818463563919,-0.05042579770088196,22.985660885943073,5.954078764754736,0.15198061272756197,False,,,,False,AUTO.LAND
65.952,DONE,False,9.8382632075613,-0.15784869771460158,2.3338887998752056,0.00017531364887130903,0.011987252824413916,0.006925580138437222,-0.000616148814890156,-0.0032104859530174027,0.004481792789826354,10.00000010646728,1.5026098314230327e-07,0.049999993737220305,5.182066294341901e-09,1.357127264733915e-09,0.004999399567048455,5.356827931867754e-09,-7.28009351844875e-07,0.22599797183811743,22.858530044555664,5.8734564781188965,2.181680917739868,0.004214511718600988,0.00863699708133936,-0.06316392868757248,22.985660885943073,5.954078764754736,0.1505397088288069,False,,,,False,AUTO.LAND
66.052,DONE,False,9.8382798668619,-0.15724199638037545,2.3339930200725294,0.00015884645300290654,-2.549211370872709e-05,0.0009950022848104105,-0.0005588500371306719,-0.002908488168963367,0.004481658926426916,10.000000106820577,1.5050643242106438e-07,0.04999999628073837,4.553020851812563e-14,1.9322760270937408e-12,6.45086264996185e-07,1.9328123666742396e-12,-7.304383989394874e-07,0.22556269365713993,22.859676361083984,5.87310266494751,2.181586265563965,0.0016717370599508286,0.0014586382312700152,-0.06556965410709381,22.985660885943073,5.954078764754736,0.14976391168756292,False,,,,False,AUTO.LAND
66.152,DONE,False,9.83829495622444,-0.15663526217496773,2.334087426274457,0.0001438304228604645,-2.6100219291906364e-05,0.0009002657907765855,-0.0005069407651070697,-0.002634892638517777,0.0044815485006205105,10.000000107173861,1.5075185051038509e-07,0.04999999651324227,3.6085538911599174e-13,-1.2156655224292273e-12,6.686208654981813e-08,1.268092770374936e-12,-7.328674503464746e-07,0.22512931489774943,22.860361099243164,5.872646331787109,2.1791744232177734,0.0008407825953327119,0.009626501239836216,-0.05398811772465706,22.985660885943073,5.954078764754736,0.14943653397368947,False,,,,False,AUTO.LAND
66.252,DONE,False,9.838308623542584,-0.15610105062104424,2.334088673129557,0.00013017899601480882,-0.018157973367838764,-0.02025294810981685,-0.00038368409204576274,-0.002387372217064214,0.004481273856378265,10.000000107511172,1.5101666264782986e-07,0.049927608120654,-3.992075889205266e-09,4.830233473612777e-09,-0.018096545179996888,6.2664044965820214e-09,-7.353059029638588e-07,0.22474812822513102,22.861392974853516,5.8720526695251465,2.178375720977783,0.00024157145526260138,0.0031015134882181883,-0.05538330227136612,22.985660885943073,5.954078764754736,0.1488986031673091,False,,,,False,AUTO.LAND
