t,phase,tag_visible,uav_x_gt,uav_y_gt,uav_z_gt,uav_vx_gt,uav_vy_gt,uav_vz_gt,uav_roll_gt,uav_pitch_gt,uav_yaw_gt,vehicle_x_gt,vehicle_y_gt,vehicle_z_gt,vehicle_vx_gt,vehicle_vy_gt,vehicle_vz_gt,vehicle_speed_gt,vehicle_yaw_gt,horizontal_error_gt,uav_x_mavros,uav_y_mavros,uav_z_mavros,uav_vx_mavros,uav_vy_mavros,uav_vz_mavros,tag_x_map_visual,tag_y_map_visual,tag_error_visual,yolo_detected,yolo_confidence,yolo_center_x,yolo_center_y,armed,flight_mode
0.056,WAIT_FCU,True,,,,,,,,,,,,,,,,,,,,,,,,,,,,False,,,,False,
0.152,WAIT_FCU,True,-12.999999998076058,-6.000000000103772,0.039940163804208985,3.313369078550242e-09,-1.381981017550843e-09,0.009997333450644685,1.8826172535447227e-09,3.4962551825500496e-08,1.6713400147568683e-13,,,,,,,,,,,,,,,,,,,False,,,,False,
0.252,WAIT_FCU,True,-12.999999999950706,-5.999999999995474,0.05399683486622452,-1.4295183230295325e-10,2.277109398178063e-09,0.00031274336494448136,-8.394265946919875e-11,8.691891733468315e-10,4.717824292856756e-14,,,,,,,,,,,,,,,,,,,False,,,,False,
0.352,WAIT_FCU,True,-12.999999999951509,-6.000000000004746,0.05399996152462717,-2.1761491491065777e-11,-2.3145515643511197e-09,9.668753837338561e-08,8.449213752850938e-11,8.50285065891197e-10,5.6400302136090005e-14,10.000000000027248,7.672698336552804e-08,0.049999991681922595,3.825621133097166e-09,1.1909978012494826e-09,0.004998832011037343,4.006725947276748e-09,-2.1062211997025505e-10,23.769728667357636,,,,,,,,,,False,,,,False,
0.452,WAIT_FCU,True,-12.999999999951287,-5.999999999995443,0.05399996221972537,-2.1772092218442433e-11,2.315242677929539e-09,2.717437400567846e-08,-8.452539946946874e-11,8.502912863695364e-10,4.761028934404731e-14,10.000000000382837,7.697216138425901e-08,0.04999999651757947,1.9973200029340066e-13,-1.8863191018609664e-12,6.636452019166441e-08,1.896863892319838e-12,-2.642200138861667e-09,23.76972866776104,,,,,,,,,,False,,,,False,
0.552,WAIT_FCU,True,-12.999999999951065,-6.000000000004749,0.05399996221987914,-2.1775694974838708e-11,-2.315252593454531e-09,2.7158862587139953e-08,8.452396296610639e-11,8.502912752659869e-10,5.638234310486859e-14,10.000000000722691,7.723693741678884e-08,0.04992755344959976,-3.921807992750009e-09,4.793127953567344e-09,-0.01811021328577047,6.1931133940261845e-09,-5.082978905321839e-09,23.769728668158862,,,,,,,,,,False,,,,False,
0.652,WAIT_FCU,False,-12.999999999950843,-5.999999999995443,0.05399996221987914,-2.177169939501143e-11,2.3152529160382317e-09,2.715884877180219e-08,-8.452561513949662e-11,8.502914227161024e-10,4.7606398025516845e-14,10.000000001153168,7.75041249748547e-08,0.0499999937956096,5.1840650016357235e-09,1.3726581832990137e-09,0.0049994032279413545,5.3627157699585515e-09,-7.910561851421401e-09,23.769728668640276,,,,,,,,,,False,,,,False,
0.752,WAIT_FCU,False,-12.99999999995062,-6.000000000004749,0.05399996221987916,-2.177570184539887e-11,-2.3152528396993567e-09,2.7158858000531083e-08,8.45239738177618e-11,8.502912772514548e-10,5.637829463282967e-14,10.000000001508708,7.774965027273895e-08,0.04999999628703666,-1.285919003082882e-13,1.2151298078655277e-12,6.32157364624841e-07,1.2219150243728944e-12,-1.034211305266869e-08,23.76972866904841,,,,,,,,,,False,,,,False,
0.852,WAIT_FCU,False,-12.999999999950399,-5.999999999995443,0.05399996221987914,-2.1771698275935207e-11,2.315252918854934e-09,2.7158848730168827e-08,-8.452561515285582e-11,8.502914224506596e-10,4.760235449785094e-14,10.000000001864253,7.799516317249027e-08,0.04999999651757947,1.9973200609281564e-13,-1.8863190847085492e-12,6.63645201986033e-08,1.8968638758734267e-12,-1.2773665327983818e-08,23.769728669451855,,,,,,,,,,False,,,,False,
0.952,WAIT_FCU,False,-12.999999999950177,-6.000000000004749,0.05399996221987916,-2.1775700365033903e-11,-2.315252841664411e-09,2.7158858000531083e-08,8.452397433573241e-11,8.502912770090073e-10,5.63742510471024e-14,10.0000000022041,7.825993921841952e-08,0.04992755344959987,-3.921808307404797e-09,4.793127965710409e-09,-0.01811021328577028,6.1931136026803574e-09,-1.5214443995416972e-08,23.769728669849663,,,,,,,,,,False,,,,False,
1.052,WAIT_FCU,False,-12.999999999949955,-5.999999999995443,0.05399996221987914,-2.177170027140158e-11,2.315252915803722e-09,2.7158848723229933e-08,-8.452561498004747e-11,8.50291422831118e-10,4.7598310895331665e-14,10.000000002634579,7.852712679215352e-08,0.04999999379560949,5.184065103502818e-09,1.37265832120953e-09,0.004999403227941483,5.362715903732124e-09,-1.804202682433453e-08,23.769728670331084,,,,,,,,,,False,,,,False,
1.152,WAIT_FCU,False,-12.999999999949733,-6.000000000004749,0.05399996221987916,-2.177570051159406e-11,-2.3152528396922905e-09,2.7158858000531083e-08,8.452397403528488e-11,8.502912770672221e-10,5.637020743339406e-14,10.000000002990122,7.877265210347425e-08,0.04999999628703655,-1.2859188288124706e-13,1.215129372702351e-12,6.321573646387188e-07,1.2219145897921645e-12,-2.0473577925782718e-08,23.769728670739223,,,,,,,,,,False,,,,False,
1.252,WAIT_FCU,False,-12.99999999994951,-5.999999999995443,0.05399996221987914,-2.1771696353340267e-11,2.315252915774355e-09,2.715884874421315e-08,-8.452561508436389e-11,8.502914226749877e-10,4.759426726737615e-14,10.000000003345662,7.901816501674002e-08,0.04999999651757958,1.9973201185999641e-13,-1.8863190663120524e-12,6.636452019133134e-08,1.896863858186458e-12,-2.2905130101289908e-08,23.769728671142655,,,,,,,,,,False,,,,False,
1.3519999999999999,WAIT_FCU,False,-12.999999999949289,-6.000000000004749,0.05399996221987916,-2.177570043469751e-11,-2.315252840275835e-09,2.7158858000531083e-08,8.452397398633597e-11,8.502912771191947e-10,5.636616380297566e-14,10.000000003626253,7.924202100084607e-08,0.04992755344959976,0.0,0.0,0.0,0.0,-2.4940650090687922e-08,23.769728671472805,,,,,,,,,,False,,,,False,
1.452,WAIT_FCU,False,-12.999999999949067,-5.999999999995443,0.05399996221987914,-2.177169773961735e-11,2.315252917890535e-09,2.7158848730168827e-08,-8.45256149770777e-11,8.502914226672861e-10,4.759022364672112e-14,10.000000003626253,7.924202100084607e-08,0.04992755344959976,0.0,0.0,0.0,0.0,-2.4940650090687922e-08,23.769728671470236,,,,,,,,,,False,,,,False,CMODE(65536)
1.552,WAIT_FCU,False,-12.999999999948836,-5.999999999995443,0.05399996221987914,-2.1771697921793082e-11,2.3152529139012557e-09,2.715884874421315e-08,-8.452561498457002e-11,8.502914227225516e-10,4.758812097138334e-14,10.000000003626253,7.924202100084607e-08,0.04992755344959976,0.0,0.0,0.0,0.0,-2.4940650090687922e-08,23.769728671470013,,,,,,,,,,False,,,,False,CMODE(65536)
1.6520000000000001,WAIT_FCU,False,-12.999999999948622,-5.999999999995443,0.05399996221987914,-2.1771697086532944e-11,2.315252916059499e-09,2.715884874421315e-08,-8.452561498578142e-11,8.502914226078174e-10,4.758618003943953e-14,10.000000003626253,7.924202100084607e-08,0.04992755344959976,0.0,0.0,0.0,0.0,-2.4940650090687922e-08,23.769728671469807,,,,,,,,,,False,,,,False,CMODE(65536)
1.752,WAIT_FCU,False,-12.999999999948392,-5.999999999995443,0.05399996221987914,-2.1771696664436426e-11,2.3152529205850645e-09,2.7158848730168827e-08,-8.452561513104344e-11,8.502914226171986e-10,4.758407736467212e-14,10.000000003626253,7.924202100084607e-08,0.04992755344959976,0.0,0.0,0.0,0.0,-2.4940650090687922e-08,23.769728671469583,,,,,,,,,,False,,,,False,CMODE(65536)
1.8519999999999999,WAIT_FCU,False,-12.999999999948178,-5.999999999995443,0.05399996221987914,-2.177169764377817e-11,2.315252915038903e-09,2.715884874421315e-08,-8.452561523178623e-11,8.502914226949707e-10,4.7582136459560366e-14,10.000000003626253,7.924202100084607e-08,0.04992755344959976,0.0,0.0,0.0,0.0,-2.4940650090687922e-08,23.76972867146938,,,,,,,,,,False,,,,False,CMODE(65536)
1.952,WAIT_FCU,False,-12.999999999947956,-6.000000000004749,0.05399996221987916,-2.1775699798064007e-11,-2.3152528424053247e-09,2.7158858000697617e-08,8.452397410506364e-11,8.502912770088047e-10,5.6354033010929864e-14,10.000000003626253,7.924202100084607e-08,0.04992755344959976,0.0,0.0,0.0,0.0,-2.4940650090687922e-08,23.769728671471512,,,,,,,,,,False,,,,False,CMODE(65536)
2.052,WAIT_FCU,False,-12.999999999947725,-6.000000000004749,0.05399996221987916,-2.1775700219391295e-11,-2.315252839007855e-09,2.7158858000531083e-08,8.452397398733901e-11,8.502912770740939e-10,5.635193033940759e-14,10.000000003626253,7.924202100084607e-08,0.04992755344959976,0.0,0.0,0.0,0.0,-2.4940650090687922e-08,23.769728671471288,,,,,,,,,,False,,,,False,CMODE(65536)
2.152,WAIT_FCU,False,-12.999999999947503,-5.999999999995443,0.05399996221987914,-2.1771695851749895e-11,2.315252920329717e-09,2.7158848730168827e-08,-8.452561518902771e-11,8.502914225668528e-10,4.757599018550352e-14,10.000000003626253,7.924202100084607e-08,0.04992755344959976,0.0,0.0,0.0,0.0,-2.4940650090687922e-08,23.769728671468723,,,,,,,,,,False,,,,False,CMODE(65536)
2.252,WAIT_FCU,False,-12.999999999947281,-6.000000000004749,0.05399996221987916,-2.1775701024119053e-11,-2.315252838560999e-09,2.7158858000697617e-08,8.452397382998405e-11,8.502912772576699e-10,5.6347886732827405e-14,10.000000003626253,7.924202100084607e-08,0.04992755344959976,0.0,0.0,0.0,0.0,-2.4940650090687922e-08,23.769728671470855,,,,,,,,,,False,,,,False,CMODE(65536)
2.352,WAIT_FCU,False,-12.99999999994706,-5.999999999995443,0.05399996221987914,-2.177169546810855e-11,2.315252919369237e-09,2.7158848730168827e-08,-8.452561484660834e-11,8.502914226248202e-10,4.757194658451555e-14,10.000000003626253,7.924202100084607e-08,0.04992755344959976,0.0,0.0,0.0,0.0,-2.4940650090687922e-08,23.769728671468293,,,,,,,,,,False,,,,False,CMODE(65536)
2.452,WAIT_FCU,False,-12.999999999946846,-5.999999999995443,0.05399996221987914,-2.1771697369111406e-11,2.3152529159101333e-09,2.715884874421315e-08,-8.452561510901709e-11,8.502914227155808e-10,4.7570005672607084e-14,10.000000003626253,7.924202100084607e-08,0.04992755344959976,0.0,0.0,0.0,0.0,-2.4940650090687922e-08,23.76972867146809,,,,,,,,,,False,,,,False,MANUAL
2.552,WAIT_FCU,False,-12.999999999946624,-6.000000000004749,0.05399996221987916,-2.1775701079291602e-11,-2.3152528407071808e-09,2.7158858000531083e-08,8.45239739764503e-11,8.502912772568848e-10,5.6341902207090794e-14,10.000000003626253,7.924202100084607e-08,0.04992755344959976,0.0,0.0,0.0,0.0,-2.4940650090687922e-08,23.769728671470226,,,,,,,,,,False,,,,False,MANUAL
2.652,WAIT_FCU,False,-12.999999999946402,-5.999999999995443,0.05399996221987914,-2.177169665137892e-11,2.315252918552077e-09,2.7158848730168827e-08,-8.452561501981598e-11,8.502914226375763e-10,4.756596206491528e-14,10.000000003626253,7.924202100084607e-08,0.04992755344959976,0.0,0.0,0.0,0.0,-2.4940650090687922e-08,23.76972867146766,,,,,,,,,,False,,,,False,MANUAL
2.752,WAIT_FCU,False,-12.99999999994618,-6.000000000004749,0.05399996221987916,-2.1775699622452684e-11,-2.315252843201244e-09,2.715885800036455e-08,8.452397391381549e-11,8.502912769095718e-10,5.633785863147477e-14,10.000000003626253,7.924202100084607e-08,0.04992755344959976,0.0,0.0,0.0,0.0,-2.4940650090687922e-08,23.769728671469796,,,,,,,,,,False,,,,False,MANUAL
2.852,WAIT_FCU,False,-12.999999999945958,-5.999999999995443,0.05399996221987914,-2.1771697932165264e-11,2.3152529145913402e-09,2.715884874421315e-08,-8.452561495541322e-11,8.502914226199697e-10,4.7561918493631545e-14,10.000000003626253,7.924202100084607e-08,0.04992755344959976,0.0,0.0,0.0,0.0,-2.4940650090687922e-08,23.769728671467234,,,,,,,,,,False,,,,False,MANUAL
2.952,WAIT_FCU,False,-12.999999999945727,-5.999999999995443,0.05399996221987914,-2.177169847589526e-11,2.315252915635928e-09,2.715884874421315e-08,-8.452561508903927e-11,8.502914226830398e-10,4.755981583159187e-14,10.000000003626253,7.924202100084607e-08,0.04992755344959976,0.0,0.0,0.0,0.0,-2.4940650090687922e-08,23.769728671467004,,,,,,,,,,False,,,,False,MANUAL
3.052,WAIT_FCU,False,-12.999999999945514,-5.999999999995443,0.05399996221987914,-2.1771697939372754e-11,2.3152529197995307e-09,2.7158848730168827e-08,-8.452561488060105e-11,8.502914224733221e-10,4.75578748919944e-14,10.000000003626253,7.924202100084607e-08,0.04992755344959976,0.0,0.0,0.0,0.0,-2.4940650090687922e-08,23.7697286714668,,,,,,,,,,False,,,,False,MANUAL
3.152,WAIT_FCU,False,-12.999999999945292,-6.000000000004749,0.05399996221987916,-2.177570026719419e-11,-2.3152528384011083e-09,2.7158858000531083e-08,8.452397373855882e-11,8.502912771425159e-10,5.6329771431705445e-14,10.000000003626253,7.924202100084607e-08,0.04992755344959976,0.0,0.0,0.0,0.0,-2.4940650090687922e-08,23.769728671468933,,,,,,,,,,False,,,,False,MANUAL
3.252,WAIT_FCU,False,-12.99999999994507,-5.999999999995443,0.05399996221987914,-2.177169808068015e-11,2.315252918305349e-09,2.7158848730168827e-08,-8.452561508863382e-11,8.502914225980158e-10,4.7553831285223964e-14,10.000000003626253,7.924202100084607e-08,0.04992755344959976,0.0,0.0,0.0,0.0,-2.4940650090687922e-08,23.76972867146637,,,,,,,,,,False,,,,False,MANUAL
3.352,WAIT_FCU,False,-12.999999999944839,-5.999999999995443,0.05399996221987914,-2.1771698138824337e-11,2.3152529199004302e-09,2.7158848730168827e-08,-8.452561495054039e-11,8.502914223688466e-10,4.7551728607647074e-14,10.000000003626253,7.924202100084607e-08,0.04992755344959976,0.0,0.0,0.0,0.0,-2.4940650090687922e-08,23.769728671466147,,,,,,,,,,False,,,,False,MANUAL
3.452,WAIT_FCU,False,-12.999999999944626,-5.999999999995443,0.05399996221987914,-2.1771695466491714e-11,2.315252918830446e-09,2.7158848730002296e-08,-8.452561514589933e-11,8.502914223695241e-10,4.754978768550812e-14,10.000000003626253,7.924202100084607e-08,0.04992755344959976,0.0,0.0,0.0,0.0,-2.4940650090687922e-08,23.769728671465938,,,,,,,,,,False,,,,False,MANUAL
3.552,WAIT_FCU,False,-12.999999999944404,-6.000000000004749,0.05399996221987916,-2.1775701496046362e-11,-2.315252839468384e-09,2.7158858000531083e-08,8.452397387710524e-11,8.502912770117895e-10,5.6321684240950703e-14,10.000000003626253,7.924202100084607e-08,0.04992755344959976,0.0,0.0,0.0,0.0,-2.4940650090687922e-08,23.76972867146807,,,,,,,,,,False,,,,False,MANUAL
3.652,WAIT_FCU,False,-12.999999999944182,-5.999999999995443,0.05399996221987914,-2.177169518375504e-11,2.3152529197060908e-09,2.7158848730168827e-08,-8.452561491778011e-11,8.502914225183372e-10,4.7545744076169423e-14,10.000000003626253,7.924202100084607e-08,0.04992755344959976,0.0,0.0,0.0,0.0,-2.4940650090687922e-08,23.769728671465508,,,,,,,,,,False,,,,False,MANUAL
3.752,WAIT_FCU,False,-12.99999999994395,-5.999999999995443,0.05399996221987914,-2.177169896413729e-11,2.315252919745182e-09,2.7158848730168827e-08,-8.452561508175238e-11,8.502914225654889e-10,4.7543641398992283e-14,10.000000003626253,7.924202100084607e-08,0.04992755344959976,0.0,0.0,0.0,0.0,-2.4940650090687922e-08,23.769728671465288,,,,,,,,,,False,,,,False,MANUAL
3.852,WAIT_FCU,False,-12.999999999943737,-5.999999999995443,0.05399996221987914,-2.17716959581132e-11,2.3152529186473786e-09,2.7158848730168827e-08,-8.452561506509472e-11,8.502914226444542e-10,4.754170047372015e-14,10.000000003626253,7.924202100084607e-08,0.04992755344959976,0.0,0.0,0.0,0.0,-2.4940650090687922e-08,23.76972867146508,,,,,,,,,,False,,,,False,MANUAL
3.952,WAIT_FCU,False,-12.999999999943515,-6.000000000004749,0.05399996221987916,-2.177570036773034e-11,-2.315252839756247e-09,2.7158858000531083e-08,8.452397382219648e-11,8.50291277180547e-10,5.631359700930188e-14,10.000000003626253,7.924202100084607e-08,0.04992755344959976,0.0,0.0,0.0,0.0,-2.4940650090687922e-08,23.769728671467213,,,,,,,,,,False,,,,False,MANUAL
4.052,WAIT_FCU,False,-12.999999999943293,-5.999999999995443,0.05399996221987914,-2.177169653028312e-11,2.315252919740414e-09,2.7158848730168827e-08,-8.452561493611514e-11,8.502914225501598e-10,4.753765686380167e-14,10.000000003626253,7.924202100084607e-08,0.04992755344959976,0.0,0.0,0.0,0.0,-2.4940650090687922e-08,23.76972867146465,,,,,,,,,,False,,,,False,MANUAL
4.152,WAIT_FCU,False,-12.999999999943062,-5.999999999995443,0.05399996221987914,-2.177169842218669e-11,2.3152529189699306e-09,2.7158848730168827e-08,-8.45256148797763e-11,8.502914224224042e-10,4.753555418514793e-14,10.000000003626253,7.924202100084607e-08,0.04992755344959976,0.0,0.0,0.0,0.0,-2.4940650090687922e-08,23.769728671464428,,,,,,,,,,False,,,,False,MANUAL
4.252,WAIT_FCU,False,-12.99999999994284,-6.000000000004749,0.05399996221987916,-2.177570147341572e-11,-2.3152528407020887e-09,2.7158858000531083e-08,8.452397415635494e-11,8.502912772482735e-10,5.630745072351685e-14,10.000000003626253,7.924202100084607e-08,0.04992755344959976,0.0,0.0,0.0,0.0,-2.4940650090687922e-08,23.769728671466563,,,,,,,,,,False,,,,False,MANUAL
4.352,WAIT_FCU,False,-12.999999999942618,-5.999999999995443,0.05399996221987914,-2.1771698384034316e-11,2.3152529166593546e-09,2.7158848723063402e-08,-8.45256149763894e-11,8.50291422608544e-10,4.753151056470997e-14,10.000000003626253,7.924202100084607e-08,0.04992755344959976,0.0,0.0,0.0,0.0,-2.4940650090687922e-08,23.769728671464,,,,,,,,,,False,,,,False,MANUAL
4.452,WAIT_FCU,False,-12.999999999942405,-5.999999999995443,0.05399996221987914,-2.1771697878094245e-11,2.3152529176425187e-09,2.7158848723063402e-08,-8.452561510957249e-11,8.502914224898419e-10,4.752956961533387e-14,10.000000003626253,7.924202100084607e-08,0.04992755344959976,0.0,0.0,0.0,0.0,-2.4940650090687922e-08,23.769728671463792,,,,,,,,,,False,,,,False,MANUAL
4.552,WAIT_FCU,False,-12.999999999942183,-6.000000000004749,0.05399996221987916,-2.177569847069212e-11,-2.3152528396617415e-09,2.7158858000531083e-08,8.452397397310481e-11,8.502912772320424e-10,5.630146615694675e-14,10.000000003626253,7.924202100084607e-08,0.04992755344959976,0.0,0.0,0.0,0.0,-2.4940650090687922e-08,23.769728671465927,,,,,,,,,,False,,,,False,MANUAL
4.652,WAIT_FCU,False,-12.999999999941952,-6.000000000004749,0.05399996221987916,-2.1775698059339833e-11,-2.315252841093717e-09,2.7158858000531083e-08,8.452397411043594e-11,8.502912767506788e-10,5.629936347279964e-14,10.000000003626253,7.924202100084607e-08,0.04992755344959976,0.0,0.0,0.0,0.0,-2.4940650090687922e-08,23.7697286714657,,,,,,,,,,False,,,,False,MANUAL
4.752,WAIT_FCU,False,-12.99999999994173,-5.999999999995443,0.05399996221987914,-2.1771697321346737e-11,2.31525292035356e-09,2.7158848730168827e-08,-8.4525615192502e-11,8.50291422699357e-10,4.752342332265759e-14,10.000000003626253,7.924202100084607e-08,0.04992755344959976,0.0,0.0,0.0,0.0,-2.4940650090687922e-08,23.769728671463138,,,,,,,,,,False,,,,False,MANUAL
4.852,WAIT_FCU,False,-12.999999999941508,-6.000000000004749,0.05399996221987916,-2.1775701331505434e-11,-2.3152528380097167e-09,2.7158858000531083e-08,8.45239741246766e-11,8.502912771331078e-10,5.629531987891522e-14,10.000000003626253,7.924202100084607e-08,0.04992755344959976,0.0,0.0,0.0,0.0,-2.4940650090687922e-08,23.769728671465277,,,,,,,,,,False,,,,False,MANUAL
4.952,WAIT_FCU,False,-12.999999999941295,-6.000000000004749,0.05399996221987916,-2.177570075566846e-11,-2.315252840316026e-09,2.7158858000531083e-08,8.452397400296825e-11,8.502912771545398e-10,5.6293378954841875e-14,10.000000003626253,7.924202100084607e-08,0.04992755344959976,0.0,0.0,0.0,0.0,-2.4940650090687922e-08,23.76972867146507,,,,,,,,,,False,,,,False,MANUAL
5.052,WAIT_FCU,False,-12.999999999941073,-5.999999999995443,0.05399996221987914,-2.1771697810979666e-11,2.3152529173032514e-09,2.7158848730168827e-08,-8.452561502929252e-11,8.502914225864544e-10,4.7517438796329067e-14,10.000000003626253,7.924202100084607e-08,0.04992755344959976,0.0,0.0,0.0,0.0,-2.4940650090687922e-08,23.769728671462502,,,,,,,,,,False,,,,False,MANUAL
5.152,WAIT_FCU,False,-12.999999999940842,-5.999999999995443,0.05399996221987914,-2.1771698090195645e-11,2.3152529161409295e-09,2.715884873033536e-08,-8.452561489745317e-11,8.502914227736231e-10,4.751533611616733e-14,10.000000003626253,7.924202100084607e-08,0.04992755344959976,0.0,0.0,0.0,0.0,-2.4940650090687922e-08,23.76972867146228,,,,,,,,,,False,,,,False,MANUAL
5.252,WAIT_FCU,False,-12.999999999940629,-5.999999999995443,0.05399996221987914,-2.1771697272345262e-11,2.3152529206715086e-09,2.7158848730168827e-08,-8.452561520271848e-11,8.502914225704634e-10,4.751339518150248e-14,10.000000003626253,7.924202100084607e-08,0.04992755344959976,0.0,0.0,0.0,0.0,-2.4940650090687922e-08,23.769728671462072,,,,,,,,,,False,,,,False,MANUAL
5.352,WAIT_FCU,False,-12.999999999940398,-5.999999999995443,0.05399996221987914,-2.177169727422849e-11,2.315252918488313e-09,2.7158848723063402e-08,-8.45256150254306e-11,8.502914225772999e-10,4.751129249670424e-14,10.000000003626253,7.924202100084607e-08,0.04992755344959976,0.0,0.0,0.0,0.0,-2.4940650090687922e-08,23.76972867146185,,,,,,,,,,False,,,,False,MANUAL
5.452,WAIT_FCU,False,-12.999999999940185,-5.999999999995443,0.05399996221987914,-2.1771696329161018e-11,2.315252919845714e-09,2.7158848730168827e-08,-8.45256150639724e-11,8.502914225286075e-10,4.7509351557583146e-14,10.000000003626253,7.924202100084607e-08,0.04992755344959976,0.0,0.0,0.0,0.0,-2.4940650090687922e-08,23.769728671461646,,,,,,,,,,False,,,,False,MANUAL
5.552,WAIT_FCU,False,-12.999999999939963,-6.000000000004749,0.05399996221987916,-2.1775699084278082e-11,-2.3152528420974336e-09,2.715885800036455e-08,8.452397418308304e-11,8.502912769104896e-10,5.628124809770466e-14,10.000000003626253,7.924202100084607e-08,0.04992755344959976,0.0,0.0,0.0,0.0,-2.4940650090687922e-08,23.769728671463778,,,,,,,,,,False,,,,False,MANUAL
5.652,WAIT_FCU,False,-12.999999999939732,-6.000000000004749,0.05399996221987916,-2.177570006055925e-11,-2.315252838669265e-09,2.7158858000697617e-08,8.452397392704365e-11,8.502912773361683e-10,5.627914542765517e-14,10.000000003626253,7.924202100084607e-08,0.04992755344959976,0.0,0.0,0.0,0.0,-2.4940650090687922e-08,23.769728671463554,,,,,,,,,,False,,,,False,MANUAL
5.752,WAIT_FCU,False,-12.99999999993951,-5.999999999995443,0.05399996221987914,-2.1771697948518454e-11,2.3152529139136866e-09,2.715884874421315e-08,-8.452561500500541e-11,8.502914226934212e-10,4.750320528169235e-14,10.000000003626253,7.924202100084607e-08,0.04992755344959976,0.0,0.0,0.0,0.0,-2.4940650090687922e-08,23.76972867146099,,,,,,,,,,False,,,,False,MANUAL
5.852,TAKEOFF,False,-12.999999999939297,-5.999999999995443,0.05399996221987914,-2.177169511250638e-11,2.3152529199734103e-09,2.7158848730168827e-08,-8.452561484812761e-11,8.502914224591e-10,4.7501264336159133e-14,10.000000003626253,7.924202100084607e-08,0.04992755344959976,0.0,0.0,0.0,0.0,-2.4940650090687922e-08,23.769728671460783,0.0014517948729917407,0.000512222177349031,-0.006134990602731705,-0.019301345571875572,0.0015181283233687282,0.0007389964303001761,,,,False,,,,False,MANUAL
5.952,TAKEOFF,False,-12.999999999939066,-5.999999999995443,0.05399996221987914,-2.1771698791698103e-11,2.3152529201678466e-09,2.7158848730168827e-08,-8.452561520721947e-11,8.502914225604659e-10,4.7499161661033113e-14,10.000000003626253,7.924202100084607e-08,0.04992755344959976,0.0,0.0,0.0,0.0,-2.4940650090687922e-08,23.76972867146056,-0.0007388343219645321,0.0005823451792821288,-0.0056084138341248035,-0.01929687336087227,0.001179164508357644,0.0016043265350162983,,,,False,,,,False,MANUAL
6.052,TAKEOFF,False,-12.999999999938852,-5.999999999995443,0.05399996221987914,-2.1771697345089603e-11,2.3152529144412243e-09,2.7158848723063402e-08,-8.452561498671083e-11,8.502914225833377e-10,4.749722072884176e-14,10.000000003626253,7.924202100084607e-08,0.04992755344959976,0.0,0.0,0.0,0.0,-2.4940650090687922e-08,23.769728671460353,-0.0017944189021363854,0.000609824201092124,-0.006414367351680994,-0.017110129818320274,0.0016232902416959405,-0.0007044409867376089,,,,False,,,,False,MANUAL
6.152,TAKEOFF,False,-12.999999999938622,-5.999999999995443,0.05399996221987914,-2.1771698589362378e-11,2.3152529164227086e-09,2.715884873033536e-08,-8.452561497153033e-11,8.50291422817231e-10,4.7495118062020694e-14,10.000000003626253,7.924202100084607e-08,0.04992755344959976,0.0,0.0,0.0,0.0,-2.4940650090687922e-08,23.769728671460133,-0.0020479029044508934,0.000637166085653007,-0.008397819474339485,-0.01474340446293354,0.001627683755941689,-0.004172916989773512,,,,False,,,,False,MANUAL
6.252,TAKEOFF,False,-12.999999999938408,-5.999999999995443,0.05399996221987914,-2.177169888912909e-11,2.3152529199087752e-09,2.7158848730168827e-08,-8.452561528084718e-11,8.502914226009679e-10,4.74931771240971e-14,10.000000003626253,7.924202100084607e-08,0.04992755344959976,0.0,0.0,0.0,0.0,-2.4940650090687922e-08,23.769728671459927,-0.002373351017013192,0.0006226031109690666,-0.01034185104072094,-0.01463951263576746,0.0010385187342762947,-0.006268166936933994,,,,False,,,,False,MANUAL
6.352,TAKEOFF,False,-12.999999999938186,-6.000000000004749,0.05399996221987916,-2.1775697662550198e-11,-2.3152528430443837e-09,2.7158858000531083e-08,8.452397419811966e-11,8.502912771899472e-10,5.626507366736215e-14,10.000000003626253,7.924202100084607e-08,0.04992755344959976,0.0,0.0,0.0,0.0,-2.4940650090687922e-08,23.769728671462058,-0.0028744058217853308,0.0006494804401881993,-0.012385720387101173,-0.014004911296069622,0.0014147365000098944,-0.008329681120812893,,,,False,,,,False,MANUAL
6.452,TAKEOFF,False,-12.999999999937955,-6.000000000004749,0.05399996221987916,-2.1775698098801124e-11,-2.315252836129049e-09,2.71588580215143e-08,8.452397399285414e-11,8.502912769722417e-10,5.626297098888373e-14,10.000000003626253,7.924202100084607e-08,0.04992755344959976,0.0,0.0,0.0,0.0,-2.4940650090687922e-08,23.76972867146184,-0.0023524558637291193,0.0022658829111605883,-0.014889540150761604,-0.012450897134840488,0.0021706977859139442,-0.010846464894711971,,,,False,,,,False,MANUAL
6.552,TAKEOFF,False,-12.999999999937724,-6.000000000004749,0.05399996221987916,-2.1775698941325924e-11,-2.3152528370174267e-09,2.715885799359219e-08,8.45239738941807e-11,8.502912773056189e-10,5.6260868322555183e-14,10.000000003626253,7.924202100084607e-08,0.04992755344959976,0.0,0.0,0.0,0.0,-2.4940650090687922e-08,23.769728671461614,-0.0013131360756233335,0.004899480380117893,-0.01777813397347927,-0.010649646632373333,0.0038518384099006653,-0.013042747043073177,,,,False,,,,False,MANUAL
6.652,TAKEOFF,False,-12.99999999993752,-5.999999999995443,0.05399996221987914,-2.1771696185091433e-11,2.3152529166821033e-09,2.7158848723229933e-08,-8.452561500289671e-11,8.502914227814821e-10,4.748508992140982e-14,10.000000003626253,7.924202100084607e-08,0.04992755344959976,0.0,0.0,0.0,0.0,-2.4940650090687922e-08,23.769728671459063,-0.0007100061047822237,0.007012154441326857,-0.020361818373203278,-0.009746083058416843,0.0035139587707817554,-0.01504113432019949,,,,False,,,,False,MANUAL
6.752,TAKEOFF,False,-12.99999999993729,-5.999999999995443,0.05399996221987914,-2.177169784281156e-11,2.3152529176934056e-09,2.7158848730168827e-08,-8.452561485636337e-11,8.502914225295942e-10,4.748298723145306e-14,10.000000003626253,7.924202100084607e-08,0.04992755344959976,0.0,0.0,0.0,0.0,-2.4940650090687922e-08,23.76972867145884,-0.00042227638186886907,0.008577045053243637,-0.022408954799175262,-0.008625599555671215,0.0040792799554765224,-0.017178554087877274,,,,False,,,,False,MANUAL
6.852,TAKEOFF,False,-12.999999999937067,-6.000000000004749,0.05399996221987916,-2.1775696408506414e-11,-2.315252842127387e-09,2.715885799359219e-08,8.452397426315339e-11,8.502912772023883e-10,5.625488376765164e-14,10.000000003626253,7.924202100084607e-08,0.04992755344959976,0.0,0.0,0.0,0.0,-2.4940650090687922e-08,23.769728671460978,0.0007103948155418038,0.008977160789072514,-0.02260364219546318,-0.007415500935167074,0.00203800480812788,-0.015628373250365257,,,,False,,,,False,MANUAL
6.952,TAKEOFF,False,-12.999999999936854,-6.000000000004749,0.05399996221987916,-2.1775698447782608e-11,-2.3152528360431e-09,2.715885801440887e-08,8.4523973936358e-11,8.502912769915998e-10,5.625294282045133e-14,10.000000003626253,7.924202100084607e-08,0.04992755344959976,0.0,0.0,0.0,0.0,-2.4940650090687922e-08,23.769728671460772,0.002314968965947628,0.008682481944561005,-0.02173166163265705,-0.004738194402307272,0.0006498458096757531,-0.01462242379784584,,,,False,,,,False,MANUAL
7.052,TAKEOFF,False,-12.999999999936623,-6.000000000004749,0.05399996221987916,-2.1775701958078508e-11,-2.3152528392182656e-09,2.7158858000531083e-08,8.45239740198251e-11,8.502912772955511e-10,5.6250840146777335e-14,10.000000003626253,7.924202100084607e-08,0.04992755344959976,0.0,0.0,0.0,0.0,-2.4940650090687922e-08,23.769728671460545,0.003474536817520857,0.008333181031048298,-0.021171770989894867,-0.0038355004508048296,-0.001186216133646667,-0.01395556889474392,,,,False,,,,False,MANUAL
7.104,TAKEOFF,False,-12.999999999936517,-6.000000000004749,0.05399996221987916,-2.1775699891028894e-11,-2.3152528378574393e-09,2.715885799359219e-08,8.45239739352768e-11,8.50291277088564e-10,5.624986968331481e-14,10.000000003626253,7.924202100084607e-08,0.04992755344959976,0.0,0.0,0.0,0.0,-2.4940650090687922e-08,23.76972867146044,0.003843922633677721,0.008160093799233437,-0.021115710958838463,-0.003454767167568207,-0.0015626995591446757,-0.013475954532623291,,,,False,,,,False,MANUAL
7.2,TAKEOFF,False,-12.999999999936303,-6.000000000004749,0.05399996221987916,-2.1775698586830645e-11,-2.315252837984523e-09,2.7158858000697617e-08,8.452397398322404e-11,8.502912772022148e-10,5.624792874751458e-14,10.000000003626253,7.924202100084607e-08,0.04992755344959976,0.0,0.0,0.0,0.0,-2.4940650090687922e-08,23.769728671460236,0.004605859983712435,0.007711888290941715,-0.021279893815517426,-0.0018461283762007952,-0.002990605542436242,-0.012920022010803223,,,,False,,,,False,MANUAL
7.252,TAKEOFF,False,-12.999999999936188,-5.999999999995443,0.05399996221987914,-2.177169569657269e-11,2.315252916457883e-09,2.7158848744046615e-08,-8.452561503227956e-11,8.502914226318924e-10,4.747295906376796e-14,10.000000003626253,7.924202100084607e-08,0.04992755344959976,0.0,0.0,0.0,0.0,-2.4940650090687922e-08,23.769728671457774,0.00486750528216362,0.008160601370036602,-0.023070836439728737,-0.001029200037010014,-0.0034320377744734287,-0.013354574330151081,,,,False,,,,False,MANUAL
7.352,TAKEOFF,False,-12.999999999935957,-5.999999999995443,0.05399996221987914,-2.1771699241332423e-11,2.3152529177949793e-09,2.715884873033536e-08,-8.452561507149043e-11,8.502914227933432e-10,4.7470856396486895e-14,10.000000003626253,7.924202100084607e-08,0.04992755344959976,0.0,0.0,0.0,0.0,-2.4940650090687922e-08,23.76972867145755,0.005161142908036709,0.008676419965922832,-0.025348901748657227,-0.0001046104880515486,-0.003278810530900955,-0.015017709694802761,,,,False,,,,False,MANUAL
7.452,TAKEOFF,False,-12.999999999935744,-5.999999999995443,0.05399996221987914,-2.1771698332956628e-11,2.315252917137037e-09,2.7158848730168827e-08,-8.452561515295721e-11,8.502914226103501e-10,4.746891546401354e-14,10.000000003626253,7.924202100084607e-08,0.04992755344959976,0.0,0.0,0.0,0.0,-2.4940650090687922e-08,23.769728671457347,0.0053995088674128056,0.00902801938354969,-0.02766667865216732,0.00015129380335565656,-0.002963288454338908,-0.016287045553326607,,,,False,,,,False,OFFBOARD
7.552,TAKEOFF,False,-13.000000000000641,-6.000000000005686,0.0539999627399924,2.1738916843139278e-10,1.0897361809517287e-09,2.6465163525890568e-08,1.0114208447781522e-10,-3.306807718479923e-10,6.93034976469011e-14,10.000000003626253,7.924202100084607e-08,0.04992755344959976,0.0,0.0,0.0,0.0,-2.4940650090687922e-08,23.76972867152273,0.005571358371526003,0.009171206504106522,-0.02975638583302498,0.0005367769044823945,-0.0038746639620512724,-0.016114158555865288,,,,False,,,,False,OFFBOARD
7.652,TAKEOFF,False,-13.00000000012418,-6.00000000000533,0.053999962481657005,-2.2472590686040692e-10,-2.6072546485694543e-09,2.6328343505188647e-08,9.491290833141087e-11,-2.567024964146754e-09,8.755622864300751e-14,10.000000003626253,7.924202100084607e-08,0.04992755344959976,0.0,0.0,0.0,0.0,-2.4940650090687922e-08,23.769728671642177,0.004202176816761494,0.008466898463666439,-0.030781066045165062,-0.0005629477673210204,-0.004577299579977989,-0.016189351677894592,,,,False,,,,False,OFFBOARD
7.752,TAKEOFF,False,-12.999999999977659,-5.999999999999741,0.053999962785252396,1.7531715114369692e-09,4.846252774063967e-11,3.025335424883258e-08,-7.141195574745352e-12,1.0654601390079725e-10,6.012243056224376e-14,10.000000003626253,7.924202100084607e-08,0.04992755344959976,0.0,0.0,0.0,0.0,-2.4940650090687922e-08,23.76972867149899,0.0017944513820111752,0.007177914027124643,-0.030963271856307983,-0.0030032594222575426,-0.006679368671029806,-0.015032069757580757,,,,False,,,,False,OFFBOARD
7.852,TAKEOFF,False,-12.999999999996867,-6.000000000000803,0.05399996274441537,1.2292423712141334e-09,-2.7583527497211827e-10,2.950252400857334e-08,1.1946875026576609e-11,-2.341734212464603e-10,5.89219783830859e-14,10.000000003626253,7.924202100084607e-08,0.04992755344959976,0.0,0.0,0.0,0.0,-2.4940650090687922e-08,23.769728671517846,-0.00013581549865193665,0.005982648115605116,-0.0312111247330904,-0.0034149102866649628,-0.007549063768237829,-0.014259629882872105,,,,False,,,,False,OFFBOARD
7.952,TAKEOFF,False,-13.000000000123896,-5.9999999999949445,0.05399996248561788,-4.0361586422033144e-10,2.609129893727913e-09,2.5926529726549852e-08,-9.438706571759383e-11,-2.5345334887569e-09,7.377278675305236e-14,10.000000003626253,7.924202100084607e-08,0.04992755344959976,0.0,0.0,0.0,0.0,-2.4940650090687922e-08,23.76972867163928,-0.001970299519598484,0.00475117564201355,-0.03104938380420208,-0.005496568512171507,-0.00798978190869093,-0.013728935271501541,,,,False,,,,False,OFFBOARD
8.052,TAKEOFF,False,-13.000000000001876,-6.0000000000003775,0.05399996273963075,2.1855640779959217e-09,-2.1030548837355446e-10,3.1219466358867186e-08,4.198027235849868e-12,-3.0666148820446745e-10,5.88979231389953e-14,10.000000003626253,7.924202100084607e-08,0.04992755344959976,0.0,0.0,0.0,0.0,-2.4940650090687922e-08,23.769728671522582,-0.0030309557914733887,0.003816567361354828,-0.03013676404953003,-0.006264023948460817,-0.009675871580839157,-0.011448554694652557,,,,False,,,,False,OFFBOARD
8.152,TAKEOFF,False,-13.000000000027597,-6.00000000000042,0.053999962682627835,4.256429829441336e-09,-1.9880695377703426e-10,3.5580937932988556e-08,5.608555515160534e-12,-7.659889058294987e-10,8.830279372406135e-14,10.000000003626253,7.924202100084607e-08,0.04992755344959976,0.0,0.0,0.0,0.0,-2.4940650090687922e-08,23.769728671547487,-0.003716282779350877,0.002962596481665969,-0.028808841481804848,-0.006876223720610142,-0.011157411150634289,-0.009758636355400085,,,,False,,,,False,OFFBOARD
8.252,TAKEOFF,False,-13.000000000114312,-6.000000000005348,0.05399996250935455,-1.3335107669187353e-09,-2.6543535813564483e-09,2.3935722562151707e-08,9.518352820550278e-11,-2.3338493638728387e-09,8.754352339534991e-14,10.000000003626253,7.924202100084607e-08,0.04992755344959976,0.0,0.0,0.0,0.0,-2.4940650090687922e-08,23.769728671632635,-0.004366840235888958,0.00228767073713243,-0.026326468214392662,-0.005704251583665609,-0.01140316016972065,-0.009063501842319965,,,,False,,,,False,OFFBOARD
8.352,TAKEOFF,False,-13.000000000035335,-5.999999999998536,0.05399996267445323,1.9405670056415653e-09,8.90410114059448e-10,3.075885692682689e-08,-2.8433139510031622e-11,-8.884348476634381e-10,1.0252517455734595e-13,10.000000003626253,7.924202100084607e-08,0.04992755344959976,0.0,0.0,0.0,0.0,-2.4940650090687922e-08,23.769728671554496,-0.005050026811659336,0.0016819563461467624,-0.02292039804160595,-0.00627556536346674,-0.011461575515568256,-0.0078121074475348,,,,False,,,,False,OFFBOARD
8.452,TAKEOFF,False,-13.000000000077836,-6.000000000002247,0.05399996258360234,3.0917983789064757e-09,-1.2094949437149356e-09,3.304754303390389e-08,3.916843082726286e-11,-1.6523388835474142e-09,1.1610229571183612e-13,10.000000003626253,7.924202100084607e-08,0.04992755344959976,0.0,0.0,0.0,0.0,-2.4940650090687922e-08,23.769728671596553,-0.005702788010239601,0.0009623291552998126,-0.020469719544053078,-0.005956380628049374,-0.01203804649412632,-0.007084170822054148,,,,False,,,,True,OFFBOARD
8.552,TAKEOFF,False,-13.000000000101014,-6.000000000005759,0.053999962565479655,-1.7362342853081945e-09,-2.786135350432545e-09,2.4589400224761527e-08,1.030276184553616e-10,-2.0651494627255532e-09,1.1549514024016304e-13,10.000000003626253,7.924202100084607e-08,0.04992755344959976,0.0,0.0,0.0,0.0,-2.4940650090687922e-08,23.769728671619866,-0.006362101063132286,-0.00010186329018324614,-0.01840064860880375,-0.005571410525590181,-0.014294994994997978,-0.006005656905472279,,,,False,,,,True,OFFBOARD
8.652,TAKEOFF,False,-13.000000000060473,-6.000000000000551,0.05399996285488898,2.008578151464398e-09,-9.652134690594323e-10,3.319277223656769e-08,8.135097673891001e-12,-1.3185970586396338e-09,1.0104749406882688e-13,10.000000003626253,7.924202100084607e-08,0.04992755344959976,0.0,0.0,0.0,0.0,-2.4940650090687922e-08,23.76972867157933,-0.006555857136845589,-0.0005377316265366971,-0.015318530611693859,-0.00497609144076705,-0.014657472260296345,-0.005133217200636864,,,,False,,,,True,OFFBOARD
8.752,TAKEOFF,False,-13.000000000105477,-5.999999999992209,0.053999962992081506,-4.032739029909742e-10,-1.1374232418065444e-09,2.8740325868248372e-08,-1.4853784798594008e-10,-2.1276381804061135e-09,-2.2042333062099277e-13,10.000000003626253,7.924202100084607e-08,0.04992755344959976,0.0,0.0,0.0,0.0,-2.4940650090687922e-08,23.769728671620765,-0.0063801975920796394,-0.0006451515364460647,-0.01086635421961546,-0.0030494732782244682,-0.016084440052509308,-0.002713106106966734,,,,False,,,,True,OFFBOARD
8.852,TAKEOFF,False,-13.000000000121204,-6.000000000000334,0.053999963217619434,4.76661252473011e-10,-4.870513359613523e-10,3.04244700570222e-08,-5.264256035185645e-12,-2.4048132802865815e-09,-5.138017626379527e-13,10.000000003626253,7.924202100084607e-08,0.04992755344959976,0.0,0.0,0.0,0.0,-2.4940650090687922e-08,23.769728671638042,-0.00625645974650979,-0.0012549315579235554,-0.008056973107159138,-0.002748688217252493,-0.017360743135213852,-0.001064900541678071,,,,False,,,,True,OFFBOARD
8.952,TAKEOFF,False,-13.000000000077705,-5.999999999995518,0.053999963657766194,-7.800916476660762e-10,-4.00802044312443e-10,2.8383252736186028e-08,-9.799320649022317e-11,-1.6048975516966553e-09,-8.526628709222216e-13,10.000000003626253,7.924202100084607e-08,0.04992755344959976,0.0,0.0,0.0,0.0,-2.4940650090687922e-08,23.76972867159473,-0.0061242724768817425,-0.002324380911886692,-0.0056320191361010075,-0.001033186330460012,-0.018400391563773155,-0.0011906852014362812,,,,False,,,,True,OFFBOARD
9.052,TAKEOFF,False,-13.000000000133525,-5.999999999993876,0.05399996395543443,-1.809200847698221e-09,-1.8876341442247184e-10,2.6259489522117985e-08,-1.3304465118804803e-10,-2.610792837878671e-09,-1.1914280341144055e-12,10.000000003626253,7.924202100084607e-08,0.04992755344959976,0.0,0.0,0.0,0.0,-2.4940650090687922e-08,23.76972867164833,-0.005633876193314791,-0.004121484700590372,-0.0032334988936781883,-0.00012271486048121005,-0.02015889436006546,-0.0002209730155300349,,,,False,,,,True,OFFBOARD
9.152,TAKEOFF,False,-13.00000000011357,-5.999999999998215,0.05399996450967908,2.043846634573044e-09,-4.1831873978807e-11,3.53569817145849e-08,-5.974305684469179e-11,-2.238956084939531e-09,-1.5616148176313733e-12,10.000000003626253,7.924202100084607e-08,0.04992755344959976,0.0,0.0,0.0,0.0,-2.4940650090687922e-08,23.769728671630112,-0.004859550390392542,-0.006894484627991915,-0.0003753902856260538,0.0007440183544531465,-0.022991416975855827,0.0015280816005542874,,,,False,,,,True,OFFBOARD
9.252,TAKEOFF,False,-13.000000000147018,-5.99999999999679,0.053999965097190086,6.045938090845902e-10,-3.630955477377052e-11,3.318222006082339e-08,-9.19084802423952e-11,-2.837856113540669e-09,-1.9764459612373502e-12,10.000000003626253,7.924202100084607e-08,0.04992755344959976,0.0,0.0,0.0,0.0,-2.4940650090687922e-08,23.769728671662122,-0.0042306482791900635,-0.00981195643544197,0.001584970741532743,0.0016977702034637332,-0.025402529165148735,0.0022991090081632137,,,,False,,,,True,OFFBOARD
9.352,TAKEOFF,False,-13.00000000016305,-5.999999999994811,0.053999965815369234,-2.049977439672753e-09,-2.8272622448321385e-10,2.8168508810988424e-08,-1.3337090761124159e-10,-3.1205623264891047e-09,-2.337129898674073e-12,10.000000003626253,7.924202100084607e-08,0.04992755344959976,0.0,0.0,0.0,0.0,-2.4940650090687922e-08,23.769728671677132,-0.0037405863404273987,-0.012726236134767532,0.00277530075982213,0.0022757858969271183,-0.027887975797057152,0.0026661332231014967,,,,False,,,,True,OFFBOARD
9.452,TAKEOFF,False,-13.000000000145127,-5.9999999999872635,0.053999966747541435,-1.9954021406836958e-09,-2.452739319697998e-10,3.053887336451622e-08,-2.762030548104082e-10,-2.78625449226295e-09,-2.7107594768743482e-12,10.000000003626253,7.924202100084607e-08,0.04992755344959976,0.0,0.0,0.0,0.0,-2.4940650090687922e-08,23.769728671657884,-0.0030485664028674364,-0.013630484230816364,0.004450281150639057,0.003969606012105942,-0.028302397578954697,0.0023005709517747164,,,,False,,,,True,OFFBOARD
9.552,TAKEOFF,False,-13.00000000014748,-5.999999999974642,0.05399996783345336,-9.068446349023224e-10,-2.262660692245138e-10,3.3330053756497336e-08,-5.11485454076295e-10,-2.820258683520518e-09,-3.0958890020293146e-12,10.000000003626253,7.924202100084607e-08,0.04992755344959976,0.0,0.0,0.0,0.0,-2.4940650090687922e-08,23.769728671656978,-0.002171096857637167,-0.013706847093999386,0.0073393587954342365,0.005040508229285479,-0.028742443770170212,0.002830401761457324,,,,False,,,,True,OFFBOARD
9.652,TAKEOFF,False,-13.000000000200274,-5.999999999973636,0.05399996902707509,-2.4399805712118543e-09,-5.975132411356532e-10,3.0888853184418696e-08,-5.356679932399146e-10,-3.771170978853293e-09,-3.4916090762211377e-12,10.000000003626253,7.924202100084607e-08,0.04992755344959976,0.0,0.0,0.0,0.0,-2.4940650090687922e-08,23.769728671707806,-0.0013925444800406694,-0.014556394889950752,0.009320728480815887,0.006175661459565163,-0.02969134971499443,0.0029749658424407244,,,,False,,,,True,OFFBOARD
9.752,TAKEOFF,False,-13.000000000226388,-5.9999999999682565,0.05399997046892722,-1.1775346850383943e-09,-2.859092381243569e-10,3.389211538679105e-08,-6.390160138273188e-10,-4.2375553248925275e-09,-3.863784030391296e-12,10.000000003626253,7.924202100084607e-08,0.04992755344959976,0.0,0.0,0.0,0.0,-2.4940650090687922e-08,23.769728671731716,-0.0005131240468472242,-0.01609193906188011,0.01086408831179142,0.007590004708617926,-0.030187804251909256,0.002771644853055477,,,,False,,,,True,OFFBOARD
9.852,TAKEOFF,False,-13.00000000028291,-5.999999999959146,0.05399997199034725,-2.42886769336389e-09,3.1654948351423006e-11,3.203244772093106e-08,-8.098339798245539e-10,-5.257112718041975e-09,-4.213651995006247e-12,10.000000003626253,7.924202100084607e-08,0.04992755344959976,0.0,0.0,0.0,0.0,-2.4940650090687922e-08,23.76972867178411,0.0005491098272614181,-0.016251757740974426,0.014299167320132256,0.007231883704662323,-0.02978517860174179,0.0035346653312444687,,,,False,,,,True,OFFBOARD
9.952,TAKEOFF,False,-13.000000000335426,-5.999999999942143,0.053999973889879135,-1.6623089402659347e-09,-8.087170255014655e-10,3.5163886683786676e-08,-1.1243908039776836e-09,-6.2033843720394154e-09,-4.5836226008721595e-12,10.000000003626253,7.924202100084607e-08,0.04992755344959976,0.0,0.0,0.0,0.0,-2.4940650090687922e-08,23.76972867183063,0.0015899939462542534,-0.016156647354364395,0.01776273176074028,0.007648029364645481,-0.029798584058880806,0.0036517048720270395,,,,False,,,,True,OFFBOARD
10.052,TAKEOFF,False,-13.000000000345363,-5.9999999999306315,0.053999975988278874,-1.4583569971635193e-09,4.636817278701929e-10,3.6191812515185e-08,-1.3385001829643507e-09,-6.376399929990566e-09,-4.912793011187517e-12,10.000000003626253,7.924202100084607e-08,0.04992755344959976,0.0,0.0,0.0,0.0,-2.4940650090687922e-08,23.76972867183734,0.0026054452173411846,-0.01684984192252159,0.020331887528300285,0.008702416904270649,-0.02931325137615204,0.003620566800236702,,,,False,,,,True,OFFBOARD
10.152,TAKEOFF,False,-13.000000000389837,-5.999999999910542,0.05399997851769475,-1.3799093471556649e-09,-2.1534763666167164e-10,3.739136604136162e-08,-1.7086875600440826e-09,-7.176817585752645e-09,-5.258813113759595e-12,10.000000003626253,7.924202100084607e-08,0.04992755344959976,0.0,0.0,0.0,0.0,-2.4940650090687922e-08,23.769728671875306,0.003668003948405385,-0.0182049460709095,0.022433746606111526,0.008720993995666504,-0.029321765527129173,0.004951166920363903,,,,False,,,,True,OFFBOARD
10.252,TAKEOFF,False,-13.000000000440142,-5.999999999890332,0.05399998130009474,7.83447149413276e-10,7.412655888438745e-10,4.4522198083041254e-08,-2.080633679447428e-09,-8.083803070413829e-09,-5.577613267145252e-12,10.000000003626253,7.924202100084607e-08,0.04992755344959976,0.0,0.0,0.0,0.0,-2.4940650090687922e-08,23.769728671918877,0.0031896010041236877,-0.018387265503406525,0.02431839518249035,0.00869347807019949,-0.02843722328543663,0.005886312574148178,,,,False,,,,True,OFFBOARD
10.352,TAKEOFF,False,-13.000000000489248,-5.999999999867265,0.053999984245627464,-2.3255794202772573e-10,-7.403143527611794e-11,4.441250797498908e-08,-2.504037905068697e-09,-8.969556684958698e-09,-5.869153524919839e-12,10.000000003626253,7.924202100084607e-08,0.04992755344959976,0.0,0.0,0.0,0.0,-2.4940650090687922e-08,23.76972867196057,0.001507252804003656,-0.017850523814558983,0.02644231729209423,0.006577711086720228,-0.02762506529688835,0.005420950707048178,,,,False,,,,True,OFFBOARD
10.452,TAKEOFF,False,-13.00000000053931,-5.999999999850825,0.053999987780608286,-5.977714355367358e-10,4.84690843242177e-10,4.331790131623103e-08,-2.8068136019926447e-09,-9.872667200646547e-09,-6.155397118686828e-12,10.000000003626253,7.924202100084607e-08,0.04992755344959976,0.0,0.0,0.0,0.0,-2.4940650090687922e-08,23.769728672004863,0.00025432842085137963,-0.0182004664093256,0.027973182499408722,0.004911279305815697,-0.0277097187936306,0.0043623424135148525,,,,False,,,,True,OFFBOARD
10.552,TAKEOFF,False,-13.000000000607608,-5.99999999984,0.05399999123881872,-1.6936569809954605e-09,-1.0621381519260872e-09,2.2191625084322375e-08,-3.0071316701458997e-09,-1.1107663754230108e-08,-6.42317024554789e-12,10.000000003626253,7.924202100084607e-08,0.04992755344959976,0.0,0.0,0.0,0.0,-2.4940650090687922e-08,23.769728672068215,-0.0007282292353920639,-0.01932264119386673,0.029200512915849686,0.004467565566301346,-0.02827608399093151,0.003948690835386515,,,,False,,,,True,OFFBOARD
10.652,TAKEOFF,False,-13.00000000065181,-5.999999999820269,0.05399999240617537,-2.7003503068791857e-10,-1.0587004689105331e-10,1.4039873776683365e-08,-3.3692135333209333e-09,-1.1904721193795345e-08,-6.680905520185476e-12,10.000000003626253,7.924202100084607e-08,0.04992755344959976,0.0,0.0,0.0,0.0,-2.4940650090687922e-08,23.76972867210601,-0.0019992815796285868,-0.0190911665558815,0.030221909284591675,0.004726484417915344,-0.026802165433764458,0.0031120292842388153,,,,False,,,,True,OFFBOARD
10.752,TAKEOFF,False,-13.000000000692634,-5.999999999799682,0.05399999346113871,4.10559573311897e-10,-1.2140892782702058e-10,1.622402976692028e-08,-3.746720486978693e-09,-1.2640443970447459e-08,-6.9336561813320445e-12,10.000000003626253,7.924202100084607e-08,0.04992755344959976,0.0,0.0,0.0,0.0,-2.4940650090687922e-08,23.76972867214031,-0.0034539520274847746,-0.018366578966379166,0.031092526391148567,0.003966072574257851,-0.025238078087568283,0.0020609828643500805,,,,False,,,,True,OFFBOARD
10.852,TAKEOFF,False,-13.000000000696064,-5.999999999841985,0.05399999462779562,-9.433571008450604e-10,-7.134885724755188e-10,1.257439886670486e-08,-2.9806447965061608e-09,-1.2696044565248305e-08,-7.186908472682681e-12,10.000000003626253,7.924202100084607e-08,0.04992755344959976,0.0,0.0,0.0,0.0,-2.4940650090687922e-08,23.76972867215431,-0.004452541936188936,-0.018541399389505386,0.03172946348786354,0.00252793962135911,-0.024773992598056793,0.0008795412140898407,,,,False,,,,True,OFFBOARD
10.952,TAKEOFF,False,-13.000000000733174,-5.999999999882995,0.05399999567665464,-8.33465575709927e-10,-1.4255729235199863e-09,1.1979626256819475e-08,-2.237615966200385e-09,-1.3364504109544799e-08,-7.414559103084511e-12,10.000000003626253,7.924202100084607e-08,0.04992755344959976,0.0,0.0,0.0,0.0,-2.4940650090687922e-08,23.769728672200568,-0.0053084115497767925,-0.01940118707716465,0.032253656536340714,0.0013328989734873176,-0.024594992399215698,-0.000359372264938429,,,,False,,,,True,OFFBOARD
11.052,TAKEOFF,False,-13.00000000079476,-5.999999999816717,0.05399999695218524,-3.917040042423431e-09,8.698386204714869e-09,2.0503017940376455e-08,-3.445113806722472e-09,-1.4477669041730272e-08,-7.642763512604156e-12,10.000000003626253,7.924202100084607e-08,0.04992755344959976,0.0,0.0,0.0,0.0,-2.4940650090687922e-08,23.769728672243428,-0.005840258672833443,-0.01930231787264347,0.032120298594236374,0.0010058956686407328,-0.02403666451573372,-0.001480605686083436,,,,False,,,,True,OFFBOARD
11.152,TAKEOFF,False,-13.000007702040874,-6.000000000710548,0.05403289454684879,-0.0004702922790148321,-3.686102570264175e-09,0.0020084770664072467,1.2534257643567346e-08,-0.00014000016452455486,-1.2004186910675004e-11,10.000000003626253,7.924202100084607e-08,0.04992755344959976,0.0,0.0,0.0,0.0,-2.4940650090687922e-08,23.769736124327885,-0.006128800567239523,-0.018987739458680153,0.031610049307346344,5.765334208263084e-06,-0.02299223095178604,-0.0023889110889285803,,,,False,,,,True,OFFBOARD
11.252,TAKEOFF,False,-13.0002396728273,-6.000000002333681,0.05501462656856551,-0.004447659213323631,-6.537780581022239e-08,0.01866631575077605,4.007040383132131e-08,-0.00431971192458007,-1.566003451086006e-10,10.000000003626253,7.924202100084607e-08,0.04992755344959976,0.0,0.0,0.0,0.0,-2.4940650090687922e-08,23.769960583753956,-0.006478204857558012,-0.019332773983478546,0.03165173903107643,-0.002930663526058197,-0.021454134956002235,0.010365115478634834,,,,False,,,,True,OFFBOARD
11.352,TAKEOFF,False,-13.000980896213107,-6.000064331099451,0.05829407388237073,-0.010094129636353026,-0.0011638221756996652,0.044591160774521965,0.0020454553454186887,-0.01625909873518086,0.00020721401840109583,10.000000003626253,7.924202100084607e-08,0.04992755344959976,0.0,0.0,0.0,0.0,-2.4940650090687922e-08,23.770694042939127,-0.007210056763142347,-0.02020295523107052,0.03357449918985367,-0.00754957040771842,-0.021469274535775185,0.0325113870203495,,,,False,,,,True,OFFBOARD
11.452,TAKEOFF,False,-13.002440436613309,-6.0001758025093554,0.06416755815658388,-0.019694544364230834,-0.001265826856760736,0.07138362771061212,0.011722944216335534,-0.03168601729133899,0.002077637116434908,10.000000003626253,7.924202100084607e-08,0.04992755344959976,0.0,0.0,0.0,0.0,-2.4940650090687922e-08,23.772134460723528,-0.008489619940519333,-0.018790222704410553,0.037076931446790695,-0.01459279004484415,-0.01857789047062397,0.056265152990818024,,,,False,,,,True,OFFBOARD
11.552,TAKEOFF,False,-13.005771722292682,-6.000900405143562,0.0720615864934447,-0.053054557607237214,-0.01731358736262778,0.09252677324686169,0.027869712643055523,-0.04706130833665467,0.0041953625707525696,10.000000003626253,7.924202100084607e-08,0.04992755344959976,0.0,0.0,0.0,0.0,-2.4940650090687922e-08,23.7755407788885,-0.011476521380245686,-0.016483528539538383,0.04374087601900101,-0.04484713822603226,-0.025886312127113342,0.07773727178573608,,,,False,,,,True,OFFBOARD
11.652,TAKEOFF,False,-13.01395818746144,-6.00445506594538,0.08341440906073011,-0.10260307565570659,-0.05086466226161386,0.1267582787072531,0.03444312987873397,-0.048662708181536424,0.005045980544154946,10.000000003626253,7.924202100084607e-08,0.04992755344959976,0.0,0.0,0.0,0.0,-2.4940650090687922e-08,23.78435942403536,-0.01809578388929367,-0.017245765775442123,0.05243168771266937,-0.09098657220602036,-0.05175222456455231,0.10551998764276505,,,,False,,,,True,OFFBOARD
11.752,TAKEOFF,False,-13.026398489735588,-6.011196205536232,0.09830022693030177,-0.14209235866728787,-0.08131750526215775,0.17045707882368977,0.02706193212366448,-0.035118385903285865,0.005472289266749442,10.000000003626253,7.924202100084607e-08,0.04992755344959976,0.0,0.0,0.0,0.0,-2.4940650090687922e-08,23.798098838966702,-0.03007020242512226,-0.021949343383312225,0.06559578329324722,-0.13503922522068024,-0.08105833828449249,0.14859861135482788,,,,False,,,,True,OFFBOARD
11.852,TAKEOFF,False,-13.041256748800329,-6.020032844917009,0.11696900457968261,-0.16387308721298088,-0.10011038157659287,0.216793861270778,0.016511092178092004,-0.019882718594156433,0.005560599561668109,10.000000003626253,7.924202100084607e-08,0.04992755344959976,0.0,0.0,0.0,0.0,-2.4940650090687922e-08,23.814707832329212,-0.04266226664185524,-0.027454808354377747,0.08050870895385742,-0.15956822037696838,-0.09967704117298126,0.19422762095928192,,,,False,,,,True,OFFBOARD
11.952,TAKEOFF,False,-13.05817327807654,-6.030580353707768,0.14121371086929044,-0.17226925390459663,-0.10899160275346537,0.26633264395323464,0.008388234793216627,-0.009507675813076258,0.005337233175854997,10.000000003626253,7.924202100084607e-08,0.04992755344959976,0.0,0.0,0.0,0.0,-2.4940650090687922e-08,23.833741952268205,-0.056722406297922134,-0.03405635431408882,0.10049013048410416,-0.1671687513589859,-0.10669371485710144,0.2425858974456787,,,,False,,,,True,OFFBOARD
12.052,TAKEOFF,False,-13.0754773337988,-6.04163949134654,0.17043935233223562,-0.173032913408318,-0.11138531166612303,0.31588359080783845,0.004414675488014923,-0.005201588830319524,0.005014618747866659,10.000000003626253,7.924202100084607e-08,0.04992755344959976,0.0,0.0,0.0,0.0,-2.4940650090687922e-08,23.85328201843341,-0.07179899513721466,-0.04228278249502182,0.12645657360553741,-0.1660929024219513,-0.10719487071037292,0.29297202825546265,,,,False,,,,True,OFFBOARD
12.152,TAKEOFF,False,-13.092691060593747,-6.052764610810067,0.20450450911115123,-0.1710674708784098,-0.11084465561116796,0.36306333610672453,0.002669544968255267,-0.0036273577825108854,0.004711497485045972,10.000000003626253,7.924202100084607e-08,0.04992755344959976,0.0,0.0,0.0,0.0,-2.4940650090687922e-08,23.872753108526204,-0.08598191291093826,-0.050578124821186066,0.1563659906387329,-0.16206204891204834,-0.10495951026678085,0.33700406551361084,,,,False,,,,True,OFFBOARD
12.252,TAKEOFF,False,-13.109639525272652,-6.0637572244029165,0.24314050434712237,-0.16781512222646386,-0.10886592100264737,0.40745942744418695,0.0013289161088215567,-0.002217897126147111,0.004373119819378254,10.000000003626253,7.924202100084607e-08,0.04992755344959976,0.0,0.0,0.0,0.0,-2.4940650090687922e-08,23.89193570628286,-0.10206584632396698,-0.05875995755195618,0.1903282105922699,-0.15816275775432587,-0.10148611664772034,0.37906429171562195,,,,False,,,,True,OFFBOARD
12.352,TAKEOFF,False,-13.12683186042593,-6.074904436315123,0.2879073293683044,-0.16261493292539023,-0.10540842003798151,0.45139142092612694,-7.9866782698347e-05,0.00013881477914192732,0.004060396874126302,10.000000003626253,7.924202100084607e-08,0.04992755344959976,0.0,0.0,0.0,0.0,-2.4940650090687922e-08,23.911395127454945,-0.12020999938249588,-0.06753741949796677,0.2319154143333435,-0.15356558561325073,-0.09822826087474823,0.4217466115951538,,,,False,,,,True,OFFBOARD
12.452,TAKEOFF,False,-13.142108222106556,-6.084808822202595,0.3331759881214927,-0.15558806216659585,-0.10089307037673399,0.48981456188820194,-0.0016027825018898522,0.0024236739859256878,0.003776820304338749,10.000000003626253,7.924202100084607e-08,0.04992755344959976,0.0,0.0,0.0,0.0,-2.4940650090687922e-08,23.928687228902252,-0.13595643639564514,-0.07589888572692871,0.2747573256492615,-0.1460353136062622,-0.09534919261932373,0.459203839302063,,,,False,,,,True,OFFBOARD
12.552,TAKEOFF,False,-13.157207726525439,-6.094593180091125,0.38413165996693327,-0.14653509714022162,-0.09483605012510887,0.5273264738214967,-0.002973539476284272,0.0040533991955354265,0.0034824712673480625,10.000000003626253,7.924202100084607e-08,0.04992755344959976,0.0,0.0,0.0,0.0,-2.4940650090687922e-08,23.945779103092597,-0.15174272656440735,-0.08498694747686386,0.3255566954612732,-0.13518401980400085,-0.09088750183582306,0.497514933347702,,,,False,,,,True,OFFBOARD
12.652,TAKEOFF,False,-13.171892993736831,-6.10406416980405,0.4409561291969833,-0.13621673345418608,-0.08741945271234304,0.563686716889131,-0.004118941670825694,0.004748057633703511,0.00313793836213861,10.000000003626253,7.924202100084607e-08,0.04992755344959976,0.0,0.0,0.0,0.0,-2.4940650090687922e-08,23.962391897256975,-0.16690845787525177,-0.09367396682500839,0.3761930763721466,-0.1263466626405716,-0.08648556470870972,0.5301782488822937,,,,False,,,,True,OFFBOARD
12.752,TAKEOFF,False,-13.184487848865446,-6.11208568320467,0.4966611353770202,-0.12652885512012385,-0.07991964550459242,0.5952589284922732,-0.004892706237545787,0.005408191550040007,0.002814460960480359,10.000000003626253,7.924202100084607e-08,0.04992755344959976,0.0,0.0,0.0,0.0,-2.4940650090687922e-08,23.976615051959246,-0.18301242589950562,-0.10293196886777878,0.4345671832561493,-0.11709245294332504,-0.07945618778467178,0.5636557936668396,,,,False,,,,True,OFFBOARD
12.852,TAKEOFF,False,-13.19705776526005,-6.119938516246166,0.5603328483590211,-0.11553094295553003,-0.07138423891590404,0.6275864635489106,-0.005410725360607175,0.006289522269428586,0.0024962392081791128,10.000000003626253,7.924202100084607e-08,0.04992755344959976,0.0,0.0,0.0,0.0,-2.4940650090687922e-08,23.99077192475462,-0.19617325067520142,-0.11083347350358963,0.49122998118400574,-0.10758903622627258,-0.07351531833410263,0.5933737754821777,,,,False,,,,True,OFFBOARD
12.952,TAKEOFF,False,-13.207627114398354,-6.1263935727715,0.6220119411018585,-0.10508154841963871,-0.06342289392079055,0.6559473265472369,-0.005692814045917387,0.00676206323214325,0.0022208487949741864,10.000000003626253,7.924202100084607e-08,0.04992755344959976,0.0,0.0,0.0,0.0,-2.4940650090687922e-08,24.00263851389473,-0.20872095227241516,-0.11867424845695496,0.5556380748748779,-0.09657330065965652,-0.06596431881189346,0.6236657500267029,,,,False,,,,True,OFFBOARD
13.052,TAKEOFF,False,-13.217572176199354,-6.132311921860184,0.6890663372947261,-0.09432085103607127,-0.05534873785309177,0.6837783151042525,-0.005537855680209961,0.006737169677092833,0.0019231229322824752,10.000000003626253,7.924202100084607e-08,0.04992755344959976,0.0,0.0,0.0,0.0,-2.4940650090687922e-08,24.013764977701314,-0.21826232969760895,-0.12414698302745819,0.6192765831947327,-0.08464439958333969,-0.05865577608346939,0.6498245000839233,,,,False,,,,True,OFFBOARD
13.152,TAKEOFF,False,-13.226810210892953,-6.1376390935366505,0.7616559625194097,-0.08392257928522609,-0.04748970137265179,0.7107034267556641,-0.005326266985560945,0.006101736438596376,0.0016405245156108108,10.000000003626253,7.924202100084607e-08,0.04992755344959976,0.0,0.0,0.0,0.0,-2.4940650090687922e-08,24.024057262596607,-0.2267938107252121,-0.1288871318101883,0.6911577582359314,-0.07258777320384979,-0.0520445853471756,0.6770104169845581,,,,False,,,,True,OFFBOARD
13.252,TAKEOFF,False,-13.234428917592352,-6.141855369180725,0.831035629782852,-0.07529900815589938,-0.04069065542456462,0.7335267455625119,-0.005219361449042555,0.005567735152686526,0.001389472769718849,10.000000003626253,7.924202100084607e-08,0.04992755344959976,0.0,0.0,0.0,0.0,-2.4940650090687922e-08,24.032500403505246,-0.23349682986736298,-0.13305477797985077,0.7589887380599976,-0.0624600350856781,-0.04628077521920204,0.6997239589691162,,,,False,,,,True,OFFBOARD
13.352,TAKEOFF,False,-13.241794090861742,-6.145706698604976,0.908634831753731,-0.06679095945735768,-0.033726838238548704,0.7577441766866992,-0.0050250315887719514,0.005184039692634627,0.0010879842360711587,10.000000003626253,7.924202100084607e-08,0.04992755344959976,0.0,0.0,0.0,0.0,-2.4940650090687922e-08,24.040605327858355,-0.23956961929798126,-0.13718125224113464,0.8345911502838135,-0.05148463323712349,-0.04063735157251358,0.7243177890777588,,,,False,,,,True,OFFBOARD
13.452,TAKEOFF,False,-13.247839498264282,-6.148639332805644,0.9824627280788604,-0.059568928260124,-0.027664529355811637,0.779272790587192,-0.00498949303787108,0.004779822293871788,0.0008258744217666271,10.000000003626253,7.924202100084607e-08,0.04992755344959976,0.0,0.0,0.0,0.0,-2.4940650090687922e-08,24.047199590078005,-0.24514974653720856,-0.13990245759487152,0.9070919752120972,-0.042857661843299866,-0.03498544171452522,0.7456397414207458,,,,False,,,,True,OFFBOARD
13.552,TAKEOFF,False,-13.253436090335901,-6.151089060850516,1.0614936045366299,-0.05274541971945486,-0.02163675860061371,0.800286205238637,-0.004830691282543818,0.004409726808177101,0.0006023511569374987,10.000000003626253,7.924202100084607e-08,0.04992755344959976,0.0,0.0,0.0,0.0,-2.4940650090687922e-08,24.0532365345154,-0.25066396594047546,-0.14201316237449646,0.9881855249404907,-0.03474365919828415,-0.028115585446357727,0.7671681642532349,,,,False,,,,True,OFFBOARD
13.652,TAKEOFF,False,-13.25856310067511,-6.153022947226352,1.1458542231805653,-0.04616870075866134,-0.015865089277606884,0.8210580928114081,-0.004525249004586605,0.0042793604977362084,0.00041037051208417304,10.000000003626253,7.924202100084607e-08,0.04992755344959976,0.0,0.0,0.0,0.0,-2.4940650090687922e-08,24.058687620920193,-0.25571200251579285,-0.14254264533519745,1.0649385452270508,-0.02854728326201439,-0.021931873634457588,0.7865990996360779,,,,False,,,,True,OFFBOARD
13.752,TAKEOFF,False,-13.262864510177076,-6.154347090742848,1.22894689064584,-0.04010579866136827,-0.010932038555643037,0.8398530916657958,-0.0040006775521629154,0.004489151997878257,0.00020914025624477488,10.000000003626253,7.924202100084607e-08,0.04992755344959976,0.0,0.0,0.0,0.0,-2.4940650090687922e-08,24.063184628728404,-0.26079005002975464,-0.1422993540763855,1.1502459049224854,-0.0240012276917696,-0.015856096521019936,0.8066919445991516,,,,False,,,,True,OFFBOARD
13.852,TAKEOFF,False,-13.26641614405254,-6.155191721495824,1.3104427255652902,-0.0340995786978186,-0.006953698259797452,0.857192727797286,-0.0033938908966396875,0.004907822114100237,-1.924602311709918e-05,10.000000003626253,7.924202100084607e-08,0.04992755344959976,0.0,0.0,0.0,0.0,-2.4940650090687922e-08,24.06683415949923,-0.26437172293663025,-0.14211700856685638,1.2303828001022339,-0.017756979912519455,-0.010390814393758774,0.8233131170272827,,,,False,,,,True,OFFBOARD
13.952,TAKEOFF,False,-13.269499213992834,-6.155703693837915,1.3970791794598083,-0.027855433975444495,-0.003512753277605005,0.8748440874983817,-0.003011017969257743,0.004885266419902687,-0.00024599031385940664,10.000000003626253,7.924202100084607e-08,0.04992755344959976,0.0,0.0,0.0,0.0,-2.4940650090687922e-08,24.069945633106148,-0.2670982778072357,-0.14194512367248535,1.318751335144043,-0.011173568665981293,-0.006907282397150993,0.8397179841995239,,,,False,,,,True,OFFBOARD
14.052,TAKEOFF,False,-13.272064046064209,-6.155889157893756,1.4890487846346272,-0.02180418315372856,-0.00018024375324758956,0.8929348634460703,-0.003119224379018916,0.004530902945987361,-0.0004168882154698355,10.000000003626253,7.924202100084607e-08,0.04992755344959976,0.0,0.0,0.0,0.0,-2.4940650090687922e-08,24.072472607374163,-0.2684768736362457,-0.1421653926372528,1.4014825820922852,-0.00374193605966866,-0.003160971449688077,0.8563986420631409,,,,False,,,,True,OFFBOARD
14.152,TAKEOFF,False,-13.273906526809876,-6.155751067808157,1.5755670853132062,-0.016923613320494125,0.0029340158659394663,0.90880198855627,-0.0032704347618975308,0.003878221229326506,-0.0005820331474347988,10.000000003626253,7.924202100084607e-08,0.04992755344959976,0.0,0.0,0.0,0.0,-2.4940650090687922e-08,24.07421852048135,-0.2689092457294464,-0.14245736598968506,1.4922196865081787,0.002903964137658477,0.00013360547018237412,0.8733035326004028,,,,False,,,,True,OFFBOARD
14.252,TAKEOFF,False,-13.275372151125845,-6.1552890612387285,1.6672993781052363,-0.012685365464560736,0.006147585614304998,0.9251261844491065,-0.0032295301828088557,0.003306732954631794,-0.0007808269133724056,10.000000003626253,7.924202100084607e-08,0.04992755344959976,0.0,0.0,0.0,0.0,-2.4940650090687922e-08,24.07551730171399,-0.2685438096523285,-0.1425350308418274,1.5765018463134766,0.00851958617568016,0.002288831165060401,0.8882445096969604,,,,False,,,,True,OFFBOARD
14.352,TAKEOFF,False,-13.27644676022745,-6.154515761598263,1.760643027941189,-0.009023061116634284,0.009170269501232417,0.941152252646175,-0.0031931319674043763,0.003037367511304043,-0.0010190840619509524,10.000000003626253,7.924202100084607e-08,0.04992755344959976,0.0,0.0,0.0,0.0,-2.4940650090687922e-08,24.076358511736565,-0.2674698531627655,-0.14235933125019073,1.669064998626709,0.013411268591880798,0.0054310704581439495,0.9041909575462341,,,,False,,,,True,OFFBOARD
14.452,TAKEOFF,False,-13.277172555539437,-6.153447490821514,1.855595927778572,-0.005663800875613687,0.012058341264235573,0.9571887925780832,-0.0031713525464094937,0.002971000584390761,-0.001277402441067957,10.000000003626253,7.924202100084607e-08,0.04992755344959976,0.0,0.0,0.0,0.0,-2.4940650090687922e-08,24.076787147514036,-0.2697754204273224,-0.1393503099679947,1.7646862268447876,0.016462037339806557,0.009726033546030521,0.9205869436264038,,,,False,,,,True,OFFBOARD
14.552,TAKEOFF,False,-13.277566172537599,-6.152100204104567,1.9520840655155662,-0.002284010120869197,0.014709610049395055,0.9716370676914746,-0.002834623703530854,0.0034530007741057364,-0.0014885001032050762,10.000000003626253,7.924202100084607e-08,0.04992755344959976,0.0,0.0,0.0,0.0,-2.4940650090687922e-08,24.07682339890461,-0.27275368571281433,-0.13543137907981873,1.8553977012634277,0.018308501690626144,0.014713125303387642,0.9357293844223022,,,,False,,,,True,OFFBOARD
14.652,TAKEOFF,False,-13.27759512151002,-6.15051889357076,2.049905376131474,0.0016293104437020932,0.01669356623401506,0.9840283315282975,-0.0020959236331740006,0.004071800915931586,-0.0016532327624259728,10.000000003626253,7.924202100084607e-08,0.04992755344959976,0.0,0.0,0.0,0.0,-2.4940650090687922e-08,24.076447380057918,-0.27434414625167847,-0.1317974030971527,1.9475687742233276,0.020132746547460556,0.017657887190580368,0.9480239152908325,,,,False,,,,True,OFFBOARD
14.752,TAKEOFF,False,-13.277186168039698,-6.148707487833923,2.1529095059353605,0.006125658657972583,0.01801202649759567,0.9961779628769486,-0.0016813686138520687,0.004571431492363401,-0.0017686860659425487,10.000000003626253,7.924202100084607e-08,0.04992755344959976,0.0,0.0,0.0,0.0,-2.4940650090687922e-08,24.075589313988008,-0.2748388946056366,-0.12824776768684387,2.048804759979248,0.02317822352051735,0.020493673160672188,0.9609503149986267,,,,False,,,,True,OFFBOARD
14.852,TAKEOFF,False,-13.276343135428556,-6.1468567031371055,2.253063489108676,0.010504495272348629,0.018946997785766095,1.006376687075326,-0.0016134974356192774,0.004398168017897979,-0.0018718491352425056,10.000000003626253,7.924202100084607e-08,0.04992755344959976,0.0,0.0,0.0,0.0,-2.4940650090687922e-08,24.074301614586957,-0.27535751461982727,-0.12535077333450317,2.1527302265167236,0.02539937198162079,0.021603241562843323,0.9721367359161377,,,,False,,,,True,OFFBOARD
14.952,TAKEOFF,False,-13.275142507486775,-6.144988359122602,2.3501236855964396,0.014319700495210228,0.020000036448975068,1.0151167910880166,-0.0020481959416063116,0.004371953537373593,-0.0019950274499934964,10.000000003626253,7.924202100084607e-08,0.04992755344959976,0.0,0.0,0.0,0.0,-2.4940650090687922e-08,24.072663787380403,-0.2758069634437561,-0.12311285734176636,2.2500977516174316,0.026166129857301712,0.02214149385690689,0.9812342524528503,,,,False,,,,True,OFFBOARD
15.052,TAKEOFF,False,-13.273424313862542,-6.14282473657498,2.456168278163269,0.018634509144938274,0.021607272447746115,1.0239136834658722,-0.00246208373001604,0.004951554823438803,-0.002124297349786626,10.000000003626253,7.924202100084607e-08,0.04992755344959976,0.0,0.0,0.0,0.0,-2.4940650090687922e-08,24.07045026956696,-0.27530330419540405,-0.12180373072624207,2.347933530807495,0.028096167370676994,0.022911669686436653,0.9888737201690674,,,,False,,,,True,OFFBOARD
15.152,TAKEOFF,False,-13.271417530290627,-6.140663317986936,2.554851060302705,0.0230525433474152,0.023413144672767672,1.0315905398984166,-0.002962441747727614,0.005490836759754974,-0.0022126534584441613,10.000000003626253,7.924202100084607e-08,0.04992755344959976,0.0,0.0,0.0,0.0,-2.4940650090687922e-08,24.06795838861206,-0.2738509178161621,-0.12121877074241638,2.4545929431915283,0.030770879238843918,0.022890247404575348,0.99745112657547,,,,False,,,,True,OFFBOARD
15.252,TAKEOFF,False,-13.268861686407304,-6.1382003514735395,2.6584123038673986,0.027853613229370328,0.02584134421033511,1.0393308155949919,-0.0035837785534176404,0.005543216936927131,-0.002348260634814463,10.000000003626253,7.924202100084607e-08,0.04992755344959976,0.0,0.0,0.0,0.0,-2.4940650090687922e-08,24.06485879612735,-0.2717069387435913,-0.12043999880552292,2.5531165599823,0.03514900803565979,0.022472117096185684,1.0046275854110718,,,,False,,,,True,OFFBOARD
15.352,TAKEOFF,False,-13.265843728764619,-6.1354677700446745,2.7627573871078956,0.03221604876446109,0.02878640581299215,1.0473102220566142,-0.004192537971754792,0.005030134563342871,-0.002492447318701799,10.000000003626253,7.924202100084607e-08,0.04992755344959976,0.0,0.0,0.0,0.0,-2.4940650090687922e-08,24.061243739874755,-0.268574595451355,-0.11936014890670776,2.660250186920166,0.039386093616485596,0.02288423851132393,1.0125075578689575,,,,False,,,,True,OFFBOARD
15.452,TAKEOFF,False,-13.262427858850195,-6.13241812225665,2.8679092767972927,0.03583869621801754,0.032101576855943656,1.055309973845352,-0.004474912343476266,0.004499915662988279,-0.0025803721501959868,10.000000003626253,7.924202100084607e-08,0.04992755344959976,0.0,0.0,0.0,0.0,-2.4940650090687922e-08,24.057163237900532,-0.2670896351337433,-0.11783237010240555,2.769491672515869,0.039998479187488556,0.02508668601512909,1.020971655845642,,,,False,,,,True,OFFBOARD
15.552,TAKEOFF,False,-13.258516512228073,-6.128889479011873,2.9780685162499316,0.039328581309911556,0.03559516375522164,1.062783827342943,-0.0044054350875166294,0.005145715625613198,-0.002661449813446949,10.000000003626253,7.924202100084607e-08,0.04992755344959976,0.0,0.0,0.0,0.0,-2.4940650090687922e-08,24.052481737557606,-0.2666693925857544,-0.11591802537441254,2.8712313175201416,0.03539130836725235,0.028482427820563316,1.02669358253479,,,,False,,,,True,OFFBOARD
15.652,TAKEOFF,False,-13.254532969012455,-6.125328072631799,3.0804383213675766,0.043765052465075435,0.038390705639863784,1.0697084367197625,-0.003954971355152468,0.00698501338829185,-0.0027453361723749335,10.000000003626253,7.924202100084607e-08,0.04992755344959976,0.0,0.0,0.0,0.0,-2.4940650090687922e-08,24.047722319248425,-0.2659047842025757,-0.11366068571805954,2.9720876216888428,0.034348051995038986,0.030238807201385498,1.033337116241455,,,,False,,,,True,OFFBOARD
15.752,TAKEOFF,False,-13.24964699119762,-6.121196652237568,3.192096987393497,0.05009478021748526,0.040893098341532645,1.077201577105502,-0.0036399219427929734,0.007970839347978586,-0.0027930742599118793,10.000000003626253,7.924202100084607e-08,0.04992755344959976,0.0,0.0,0.0,0.0,-2.4940650090687922e-08,24.041945320822087,-0.2643117606639862,-0.11091397702693939,3.0817134380340576,0.037487246096134186,0.03255830332636833,1.0419189929962158,,,,False,,,,True,OFFBOARD
15.852,TAKEOFF,False,-13.244317504015783,-6.11700237181549,3.300172122811089,0.05610547520686196,0.04280786381427389,1.0839997027250352,-0.0030810857981823214,0.007328918277519632,-0.002877580853906956,10.000000003626253,7.924202100084607e-08,0.04992755344959976,0.0,0.0,0.0,0.0,-2.4940650090687922e-08,24.03572373327497,-0.26254719495773315,-0.10944574326276779,3.184520959854126,0.0395476333796978,0.032592494040727615,1.048255443572998,,,,False,,,,True,OFFBOARD
15.952,TAKEOFF,False,-13.23868786842863,-6.112824319471982,3.404542935868025,0.060819088390918374,0.04416583833371107,1.0901595450464467,-0.0030562031331207136,0.006547858388611114,-0.002943475962852536,10.000000003626253,7.924202100084607e-08,0.04992755344959976,0.0,0.0,0.0,0.0,-2.4940650090687922e-08,24.029216303165278,-0.26042598485946655,-0.10864175111055374,3.2969069480895996,0.04004807770252228,0.030157361179590225,1.0535928010940552,,,,False,,,,True,OFFBOARD
16.052,TAKEOFF,False,-13.232121455497378,-6.108139483471116,3.518272787410079,0.06521198127554706,0.04595543641717464,1.0966191703698265,-0.0036252753436541913,0.0062628155980703135,-0.003058637733453587,10.000000003626253,7.924202100084607e-08,0.04992755344959976,0.0,0.0,0.0,0.0,-2.4940650090687922e-08,24.02167430486589,-0.2578662931919098,-0.10764843225479126,3.4011831283569336,0.04164164513349533,0.028981471434235573,1.0598678588867188,,,,False,,,,True,OFFBOARD
16.152,TAKEOFF,False,-13.225674732046624,-6.103626125221479,3.6238236343119734,0.06888182901661608,0.04804329862400791,1.1021022711818451,-0.004010507147883952,0.006025952887976407,-0.0031716058346024194,10.000000003626253,7.924202100084607e-08,0.04992755344959976,0.0,0.0,0.0,0.0,-2.4940650090687922e-08,24.014291989794053,-0.2544998824596405,-0.10624484717845917,3.514390468597412,0.042604729533195496,0.02890218421816826,1.0652141571044922,,,,False,,,,True,OFFBOARD
16.252,TAKEOFF,False,-13.218314748094043,-6.098501949803698,3.7387450125955684,0.0724403555231143,0.05036226520828661,1.107504158552945,-0.003804546487364171,0.005689030159556545,-0.0033309606187891267,10.000000003626253,7.924202100084607e-08,0.04992755344959976,0.0,0.0,0.0,0.0,-2.4940650090687922e-08,24.005871509033515,-0.24938975274562836,-0.10299976915121078,3.6211273670196533,0.0461512915790081,0.03245556354522705,1.07101571559906,,,,False,,,,True,OFFBOARD
16.352,TAKEOFF,False,-13.210919759922687,-6.093377747444291,3.849675567626946,0.07520770589150372,0.05185906416165985,1.110805194225896,-0.002689040972409148,0.004975318759650934,-0.003437731678556893,10.000000003626253,7.924202100084607e-08,0.04992755344959976,0.0,0.0,0.0,0.0,-2.4940650090687922e-08,23.99741756124311,-0.242585688829422,-0.09796256572008133,3.738055467605591,0.0485050342977047,0.03712780773639679,1.0742286443710327,,,,False,,,,True,OFFBOARD
16.452,TAKEOFF,False,-13.203602785074555,-6.088382300785349,3.956462310900039,0.07702381514748133,0.0519823309137831,1.1138717304359131,-0.0013894032890893976,0.004253680348317552,-0.0034986182041845944,10.000000003626253,7.924202100084607e-08,0.04992755344959976,0.0,0.0,0.0,0.0,-2.4940650090687922e-08,23.989072145067045,-0.23338308930397034,-0.09239551424980164,3.8551106452941895,0.05299951508641243,0.03931369632482529,1.0771225690841675,,,,False,,,,True,OFFBOARD
16.552,TAKEOFF,False,-13.195528684790798,-6.083020014586377,4.072464865829891,0.07797263486446952,0.051057128542885036,1.1167870820506403,-0.0007074735862810056,0.0029598757354319517,-0.003571241129255792,10.000000003626253,7.924202100084607e-08,0.04992755344959976,0.0,0.0,0.0,0.0,-2.4940650090687922e-08,23.97990168030508,-0.22342529892921448,-0.08709631860256195,3.9631617069244385,0.05723002552986145,0.040051594376564026,1.07948637008667,,,,False,,,,True,OFFBOARD
16.652,TAKEOFF,False,-13.188059431243364,-6.0781810990027685,4.17982053403535,0.07743395729671798,0.04974341002117343,1.119793300568098,-0.00025998060095443583,0.001617742510046519,-0.0036337126481562074,10.000000003626253,7.924202100084607e-08,0.04992755344959976,0.0,0.0,0.0,0.0,-2.4940650090687922e-08,23.971449409466565,-0.21331915259361267,-0.08158627152442932,4.080090045928955,0.05934876203536987,0.04107567295432091,1.0828335285186768,,,,False,,,,True,OFFBOARD
16.752,TAKEOFF,False,-13.180090631041354,-6.073104506560652,4.296461995322546,0.0757640685763642,0.04789310598961783,1.1231641868749485,0.00015381052660114433,0.000941859031502784,-0.0037084703797114417,10.000000003626253,7.924202100084607e-08,0.04992755344959976,0.0,0.0,0.0,0.0,-2.4940650090687922e-08,23.96245398830225,-0.2046697586774826,-0.07673891633749008,4.188320159912109,0.05948083847761154,0.041159652173519135,1.0848582983016968,,,,False,,,,True,OFFBOARD
16.852,TAKEOFF,False,-13.172907845322774,-6.068603481231105,4.40446130206489,0.07396032790102826,0.04593815853739443,1.1267048055463877,0.0003289648393388135,0.000905327156224417,-0.003745700846638106,10.000000003626253,7.924202100084607e-08,0.04992755344959976,0.0,0.0,0.0,0.0,-2.4940650090687922e-08,23.954365100124665,-0.1955854296684265,-0.07235521078109741,4.29663610458374,0.06038499251008034,0.039451681077480316,1.0884225368499756,,,,False,,,,True,OFFBOARD
16.951999999999998,TAKEOFF,False,-13.165605737921348,-6.064111603395776,4.517305721471048,0.07215994323373663,0.04403699404687475,1.1301329604382113,6.245774902408949e-05,0.0008835358195076937,-0.003747407552316542,10.000000003626253,7.924202100084607e-08,0.04992755344959976,0.0,0.0,0.0,0.0,-2.4940650090687922e-08,23.94616336435395,-0.18581795692443848,-0.06800848990678787,4.413336277008057,0.06032421439886093,0.03917054459452629,1.0913625955581665,,,,False,,,,True,OFFBOARD
17.052,TAKEOFF,False,-13.15848291716336,-6.059793103114868,4.630540468132551,0.07034735159935789,0.042430454376873566,1.1344676062186825,-9.650957825204977e-05,0.0006952007334579137,-0.003753693093674826,10.000000003626253,7.924202100084607e-08,0.04992755344959976,0.0,0.0,0.0,0.0,-2.4940650090687922e-08,23.93817922494197,-0.17750880122184753,-0.06417886912822723,4.5206522941589355,0.05989809334278107,0.03787428140640259,1.0951863527297974,,,,False,,,,True,OFFBOARD
17.152,TAKEOFF,False,-13.151549371015225,-6.055622391876759,4.744217695167628,0.06839471532859635,0.04108196534766794,1.1388635501355067,-0.00027457057333903664,0.0005548505259955731,-0.0037590227557759417,10.000000003626253,7.924202100084607e-08,0.04992755344959976,0.0,0.0,0.0,0.0,-2.4940650090687922e-08,23.93041583339456,-0.16921654343605042,-0.060151416808366776,4.637772560119629,0.05929480493068695,0.03823699802160263,1.0989947319030762,,,,False,,,,True,OFFBOARD
17.252,TAKEOFF,False,-13.14481378081553,-6.051581008126501,4.858340383649257,0.06640810195978661,0.03975939257192812,1.1432576995589923,-5.971666191772355e-06,0.0005933738509466698,-0.003797488648875696,10.000000003626253,7.924202100084607e-08,0.04992755344959976,0.0,0.0,0.0,0.0,-2.4940650090687922e-08,23.922876891659225,-0.16267262399196625,-0.05683733895421028,4.747199535369873,0.056358594447374344,0.03686266392469406,1.1033183336257935,,,,False,,,,True,OFFBOARD
17.352,TAKEOFF,False,-13.138002224013952,-6.0475320405948665,4.97741513657018,0.06475873694857347,0.03816484874575088,1.1462905472412408,1.622892416863488e-05,0.001149625534493284,-0.0038542036193195107,10.000000003626253,7.924202100084607e-08,0.04992755344959976,0.0,0.0,0.0,0.0,-2.4940650090687922e-08,23.915262737982665,-0.1565520018339157,-0.05369505286216736,4.8660993576049805,0.053808800876140594,0.03409518301486969,1.1070977449417114,,,,False,,,,True,OFFBOARD
17.452,TAKEOFF,False,-13.13158171402168,-6.043780241002734,5.0921793822383155,0.06377131366317157,0.03704811226420889,1.1489249102396022,-0.0007028304501372473,0.0015650472033698103,-0.003929868716907226,10.000000003626253,7.924202100084607e-08,0.04992755344959976,0.0,0.0,0.0,0.0,-2.4940650090687922e-08,23.90810225257542,-0.15123289823532104,-0.05095914006233215,4.975823879241943,0.05137454345822334,0.03260837495326996,1.110625147819519,,,,False,,,,True,OFFBOARD
17.552,TAKEOFF,False,-13.125492228554851,-6.0402447259319985,5.202574989772284,0.06315826413252142,0.03671530541934948,1.150787484787453,-0.001255020843794155,0.0017797529517762994,-0.0040472038824035635,10.000000003626253,7.924202100084607e-08,0.04992755344959976,0.0,0.0,0.0,0.0,-2.4940650090687922e-08,23.90131687349256,-0.1457977294921875,-0.04804462566971779,5.0945281982421875,0.04978085681796074,0.03202556446194649,1.1139438152313232,,,,False,,,,True,OFFBOARD
17.652,TAKEOFF,False,-13.118950614359603,-6.036426862446654,5.322387978414814,0.06267662064119452,0.036732156569781356,1.1533237530348242,-0.0014249332064713658,0.001854960939871757,-0.004177454109389637,10.000000003626253,7.924202100084607e-08,0.04992755344959976,0.0,0.0,0.0,0.0,-2.4940650090687922e-08,23.89402284880496,-0.14126276969909668,-0.04504384845495224,5.20539665222168,0.04808840900659561,0.03071710281074047,1.1168400049209595,,,,False,,,,True,OFFBOARD
17.752,TAKEOFF,False,-13.11295114796989,-6.032896442097012,5.433165368228264,0.06237629447869096,0.03680490508107973,1.1541948063060818,-0.0013633451234716602,0.0021452166827561564,-0.004261619878110857,10.000000003626253,7.924202100084607e-08,0.04992755344959976,0.0,0.0,0.0,0.0,-2.4940650090687922e-08,23.887326166259253,-0.13674011826515198,-0.04164664447307587,5.326844215393066,0.04673962667584419,0.031188461929559708,1.1197655200958252,,,,False,,,,True,OFFBOARD
17.852,TAKEOFF,False,-13.10646526261118,-6.0290704821666505,5.55321397609129,0.06238261834753544,0.03675415656436316,1.1545914122889027,-0.0012309692395147897,0.002323008717862978,-0.004281549360536844,10.000000003626253,7.924202100084607e-08,0.04992755344959976,0.0,0.0,0.0,0.0,-2.4940650090687922e-08,23.880084357771473,-0.1325664222240448,-0.03858722373843193,5.437522888183594,0.04630030691623688,0.03128804638981819,1.1197031736373901,,,,False,,,,True,OFFBOARD
17.951999999999998,TAKEOFF,False,-13.100472700302033,-6.025551698828657,5.664145508155152,0.06245864196493229,0.03650175481530268,1.156659933521617,-0.000810305883922107,0.002302633643542258,-0.004299425495305771,10.000000003626253,7.924202100084607e-08,0.04992755344959976,0.0,0.0,0.0,0.0,-2.4940650090687922e-08,23.873397608533786,-0.1280377358198166,-0.03525933250784874,5.55678129196167,0.045877814292907715,0.032076019793748856,1.1210428476333618,,,,False,,,,True,OFFBOARD
18.052,TAKEOFF,False,-13.093979754701987,-6.021797334715325,5.78461285946088,0.06235966540517604,0.03564713840327051,1.1598930869909516,-0.00032437715089286275,0.0019863177495534697,-0.004315271042662559,10.000000003626253,7.924202100084607e-08,0.04992755344959976,0.0,0.0,0.0,0.0,-2.4940650090687922e-08,23.86616737502731,-0.1215498223900795,-0.03128662705421448,5.669557571411133,0.04869934916496277,0.03268266096711159,1.1231077909469604,,,,False,,,,True,OFFBOARD
18.152,TAKEOFF,False,-13.087770367119344,-6.018289166707619,5.900660830576385,0.061710660184894406,0.034501725424524385,1.1605417339263908,7.11658141939503e-05,0.0011366887985664411,-0.004354766708180928,10.000000003626253,7.924202100084607e-08,0.04992755344959976,0.0,0.0,0.0,0.0,-2.4940650090687922e-08,23.859273797418712,-0.11331828683614731,-0.026534950360655785,5.792593479156494,0.0510190948843956,0.03474270924925804,1.1255059242248535,,,,False,,,,True,OFFBOARD
18.252,TAKEOFF,False,-13.081913917617415,-6.015048024603845,6.012069850612921,0.06023629846859024,0.03302624546814226,1.1604963542911948,0.0004903412055534955,0.0003415200311273892,-0.0043920412366031695,10.000000003626253,7.924202100084607e-08,0.04992755344959976,0.0,0.0,0.0,0.0,-2.4940650090687922e-08,23.852789228081527,-0.10623333603143692,-0.022325800731778145,5.904551029205322,0.05230678990483284,0.03477896377444267,1.1267553567886353,,,,False,,,,True,OFFBOARD
18.352,TAKEOFF,False,-13.075997422155607,-6.011840323184253,6.128148883114401,0.058113066083598966,0.031183402440790417,1.1614834033532688,0.0006570961686986995,-8.887445380064321e-05,-0.004440462924735074,10.000000003626253,7.924202100084607e-08,0.04992755344959976,0.0,0.0,0.0,0.0,-2.4940650090687922e-08,23.846255098420293,-0.09916090965270996,-0.018110137432813644,6.0245256423950195,0.050612952560186386,0.03391990810632706,1.1262637376785278,,,,False,,,,True,OFFBOARD
18.452,TAKEOFF,False,-13.070077343564478,-6.008696987606245,6.249094064324558,0.05587955424766647,0.029370488469268218,1.164335532270135,0.0005255441941778862,0.00014499912709432864,-0.004464356607953301,10.000000003626253,7.924202100084607e-08,0.04992755344959976,0.0,0.0,0.0,0.0,-2.4940650090687922e-08,23.839733833382326,-0.09115974605083466,-0.015982380136847496,6.136438369750977,0.05080186203122139,0.03213755413889885,1.1290141344070435,,,,False,,,,True,OFFBOARD
18.552,TAKEOFF,False,-13.06480109534298,-6.005951617695522,6.360960338573986,0.05413455287824077,0.02793590128598421,1.1660558484189127,0.00026957650654313236,0.00016904913167700554,-0.0044689069701582575,10.000000003626253,7.924202100084607e-08,0.04992755344959976,0.0,0.0,0.0,0.0,-2.4940650090687922e-08,23.833936005640346,-0.08186257630586624,-0.014610333368182182,6.258147716522217,0.05260242521762848,0.031025510281324387,1.1317521333694458,,,,False,,,,True,OFFBOARD
18.652,TAKEOFF,False,-13.05928197415528,-6.0031140687912865,6.482294294385591,0.05200106542794219,0.026739410502662497,1.167301763098609,-6.119569892773034e-06,-0.000362393004312399,-0.004471887762504475,10.000000003626253,7.924202100084607e-08,0.04992755344959976,0.0,0.0,0.0,0.0,-2.4940650090687922e-08,23.82787998973383,-0.07408811897039413,-0.01307424996048212,6.369921684265137,0.05271799862384796,0.030426250770688057,1.1323373317718506,,,,False,,,,True,OFFBOARD
18.752,TAKEOFF,False,-13.054406307005916,-6.00059249588523,6.594446893227766,0.04963064448539101,0.025847804975543516,1.1691494269345475,-8.334907812259228e-05,-0.0007130606180780018,-0.004475973105920882,10.000000003626253,7.924202100084607e-08,0.04992755344959976,0.0,0.0,0.0,0.0,-2.4940650090687922e-08,23.82252634773207,-0.06646618247032166,-0.011128561571240425,6.491051197052002,0.052338626235723495,0.030215512961149216,1.134223461151123,,,,False,,,,True,OFFBOARD
18.852,TAKEOFF,False,-13.04957766775749,-5.99805342777274,6.7114767605250645,0.04706734694513199,0.02495600827383344,1.171264588331885,3.325514964025891e-05,-0.0006376990569786601,-0.004511013219570177,10.000000003626253,7.924202100084607e-08,0.04992755344959976,0.0,0.0,0.0,0.0,-2.4940650090687922e-08,23.81721387362855,-0.05901280790567398,-0.009981817565858364,6.6044206619262695,0.04950324818491936,0.029496153816580772,1.1361918449401855,,,,False,,,,True,OFFBOARD
18.951999999999998,TAKEOFF,False,-13.04498688635872,-5.995609779629032,6.8286570506155755,0.04492399376007957,0.023950149489504018,1.1720515345349338,7.722298678432697e-05,-0.0002217167029206705,-0.004614039830267209,10.000000003626253,7.924202100084607e-08,0.04992755344959976,0.0,0.0,0.0,0.0,-2.4940650090687922e-08,23.81215568442662,-0.05111435428261757,-0.009069181978702545,6.727591037750244,0.04875165596604347,0.027610814198851585,1.1378216743469238,,,,False,,,,True,OFFBOARD
19.052,TAKEOFF,False,-13.040417260378558,-5.993168336102,6.950572801344188,0.043041340053436586,0.023104272955035966,1.1724684868402682,-0.0002997122755645021,-0.00020232677219565528,-0.004696885066689014,10.000000003626253,7.924202100084607e-08,0.04992755344959976,0.0,0.0,0.0,0.0,-2.4940650090687922e-08,23.807118585711457,-0.04452567175030708,-0.007935532368719578,6.839946269989014,0.04896719753742218,0.02616831287741661,1.138506531715393,,,,False,,,,True,OFFBOARD
19.152,TAKEOFF,False,-13.036373505776442,-5.990972503334649,7.0631856290435895,0.041268148544151007,0.022681630209548515,1.17370785084559,-0.0004381179902747996,-0.0003341941150502476,-0.004779652217918781,10.000000003626253,7.924202100084607e-08,0.04992755344959976,0.0,0.0,0.0,0.0,-2.4940650090687922e-08,23.802652309141845,-0.037988532334566116,-0.0063997055403888226,6.961081504821777,0.04801717773079872,0.025457940995693207,1.1393234729766846,,,,False,,,,True,OFFBOARD
19.252,TAKEOFF,False,-13.03234402437828,-5.988722973380384,7.180666070128674,0.039405333651039,0.022331180262076228,1.1757679357169466,-0.00045335610663943353,-0.0003573294390951295,-0.004914516484699824,10.000000003626253,7.924202100084607e-08,0.04992755344959976,0.0,0.0,0.0,0.0,-2.4940650090687922e-08,23.798186385213622,-0.03373869135975838,-0.0053017898462712765,7.074296474456787,0.047758474946022034,0.025535056367516518,1.1419954299926758,,,,False,,,,True,OFFBOARD
19.352,TAKEOFF,False,-13.028498696825464,-5.986510199687479,7.298290526903951,0.037574731620847714,0.021923968578960458,1.1765101911638935,-0.00032796484527896404,-0.0004130650497766889,-0.005058942290589811,10.000000003626253,7.924202100084607e-08,0.04992755344959976,0.0,0.0,0.0,0.0,-2.4940650090687922e-08,23.79390799588069,-0.030085720121860504,-0.004091181792318821,7.197162628173828,0.04588819295167923,0.025465315207839012,1.1442257165908813,,,,False,,,,True,OFFBOARD
19.452,TAKEOFF,False,-13.024833463632392,-5.984344597894811,7.415942818160144,0.035844825337586435,0.021406857707221352,1.1766010378760814,-0.00032744225124263607,-0.00021359943948578384,-0.005152355565327105,10.000000003626253,7.924202100084607e-08,0.04992755344959976,0.0,0.0,0.0,0.0,-2.4940650090687922e-08,23.78981583387668,-0.026679787784814835,-0.0027235194575041533,7.309978485107422,0.04430786520242691,0.024683451279997826,1.144871711730957,,,,False,,,,True,OFFBOARD
19.552,TAKEOFF,False,-13.021184133407699,-5.982142941922854,7.538349670406898,0.03446658638974522,0.02094461382373694,1.1775300718499941,-0.00031465829338964954,0.00014828756823711926,-0.005215546702677629,10.000000003626253,7.924202100084607e-08,0.04992755344959976,0.0,0.0,0.0,0.0,-2.4940650090687922e-08,23.785730053897762,-0.022932415828108788,-0.000961042009294033,7.431886196136475,0.04281199350953102,0.024197669699788094,1.1452194452285767,,,,False,,,,True,OFFBOARD
19.652,TAKEOFF,False,-13.017925722604502,-5.980154812367639,7.651476174686187,0.03350151758639914,0.02048792101228232,1.1792027956427102,-0.0002692868743064358,0.00037168415500822474,-0.005244786676963214,10.000000003626253,7.924202100084607e-08,0.04992755344959976,0.0,0.0,0.0,0.0,-2.4940650090687922e-08,23.782076386764857,-0.021579019725322723,0.0017735627479851246,7.545458793640137,0.04048639535903931,0.02422073855996132,1.1466705799102783,,,,False,,,,True,OFFBOARD
19.752,TAKEOFF,False,-13.014483355317367,-5.978053187226757,7.774183774515515,0.03280569110245923,0.01992981053410723,1.1803560606672587,-0.00010832194380107138,0.000774752345143882,-0.0052670509505957554,10.000000003626253,7.924202100084607e-08,0.04992755344959976,0.0,0.0,0.0,0.0,-2.4940650090687922e-08,23.778216189105333,-0.021045928820967674,0.0053055379539728165,7.668291091918945,0.038782838732004166,0.024786340072751045,1.148620367050171,,,,False,,,,True,OFFBOARD
19.852,TAKEOFF,False,-13.011349899963845,-5.976174449008949,7.887540168508716,0.03252087440399854,0.019203615904121563,1.1812734329293793,0.00014311233197956437,0.0010071313432977885,-0.005254533554704333,10.000000003626253,7.924202100084607e-08,0.04992755344959976,0.0,0.0,0.0,0.0,-2.4940650090687922e-08,23.774711068224818,-0.019933005794882774,0.008380189538002014,7.780512809753418,0.03709268569946289,0.02512958273291588,1.1492714881896973,,,,False,,,,True,OFFBOARD
19.951999999999998,TAKEOFF,False,-13.008103467491887,-5.974301067164669,8.005753172214543,0.032430412066332584,0.01827637060290604,1.1829975882793238,0.0003185647104009328,0.0011036645922775858,-0.005209709064752391,10.000000003626253,7.924202100084607e-08,0.04992755344959976,0.0,0.0,0.0,0.0,-2.4940650090687922e-08,23.77109798738028,-0.018080051988363266,0.011585250496864319,7.901627063751221,0.03716043755412102,0.025572994723916054,1.1502928733825684,,,,False,,,,True,OFFBOARD
20.052,TAKEOFF,False,-13.004866079374846,-5.972527784788015,8.124195728166692,0.03231024122602638,0.017233411911515274,1.185645473754175,0.0003438328501975531,0.0010279872287089528,-0.005185763965109328,10.000000003626253,7.924202100084607e-08,0.04992755344959976,0.0,0.0,0.0,0.0,-2.4940650090687922e-08,23.76751885627588,-0.016620980575680733,0.013777573592960835,8.015469551086426,0.0359310582280159,0.02499261312186718,1.1532639265060425,,,,False,,,,True,OFFBOARD
20.152,TAKEOFF,False,-13.001513850877929,-5.970786349202461,8.247573431119122,0.032173246074737455,0.016358905278045555,1.1866755324031781,-1.0070667822097076e-05,0.0010981523889031686,-0.005163437074289245,10.000000003626253,7.924202100084607e-08,0.04992755344959976,0.0,0.0,0.0,0.0,-2.4940650090687922e-08,23.76383660466139,-0.015054396353662014,0.015615733340382576,8.139352798461914,0.03486359864473343,0.023139482364058495,1.1553903818130493,,,,False,,,,True,OFFBOARD
20.252,TAKEOFF,False,-12.998424833234663,-5.969237459591501,8.361504697444404,0.032226505397764206,0.01599074396436345,1.1870100133794002,-0.00035726780349886703,0.0014046261638861256,-0.00516224365621605,10.000000003626253,7.924202100084607e-08,0.04992755344959976,0.0,0.0,0.0,0.0,-2.4940650090687922e-08,23.76045752446195,-0.01327383704483509,0.017397228628396988,8.252429008483887,0.03323565050959587,0.023382825776934624,1.1546236276626587,,,,False,,,,True,OFFBOARD
20.352,TAKEOFF,False,-12.995182611756814,-5.9676522138435075,8.480282251352126,0.03265531430285993,0.015708642912516918,1.1886440823854876,-0.00027151654089512645,0.00171877913917986,-0.005180720277583528,10.000000003626253,7.924202100084607e-08,0.04992755344959976,0.0,0.0,0.0,0.0,-2.4940650090687922e-08,23.75692104221388,-0.011037476360797882,0.01941366121172905,8.37424373626709,0.03234422951936722,0.02234809473156929,1.155930995941162,,,,False,,,,True,OFFBOARD
20.452,TAKEOFF,False,-12.991889445451354,-5.966097688068018,8.599240310864205,0.03317096293594761,0.015404049316758432,1.1903302985272646,-0.00030870319354971707,0.001648217049910286,-0.005208045163628023,10.000000003626253,7.924202100084607e-08,0.04992755344959976,0.0,0.0,0.0,0.0,-2.4940650090687922e-08,23.753342985940062,-0.008530206978321075,0.02151339501142502,8.489192008972168,0.031751908361911774,0.022672170773148537,1.1580103635787964,,,,False,,,,True,OFFBOARD
20.552,TAKEOFF,False,-12.988549654956108,-5.964570985771371,8.71828451214838,0.03359936879879441,0.015129332126765347,1.1903158824054736,-0.0002261259028252364,0.0016003060311135936,-0.005197421901708147,10.000000003626253,7.924202100084607e-08,0.04992755344959976,0.0,0.0,0.0,0.0,-2.4940650090687922e-08,23.749726806738266,-0.0056101661175489426,0.023916499689221382,8.614435195922852,0.03033825196325779,0.022540858015418053,1.158036708831787,,,,False,,,,True,OFFBOARD
20.652,TAKEOFF,False,-12.98516992491452,-5.963077746381613,8.837299785252254,0.03397878896814602,0.01473611112033787,1.1900449692763877,-0.00011705227906798736,0.001593580434482097,-0.005189391879398837,10.000000003626253,7.924202100084607e-08,0.04992755344959976,0.0,0.0,0.0,0.0,-2.4940650090687922e-08,23.74608038810488,-0.002944882959127426,0.026147516444325447,8.72860050201416,0.02963913045823574,0.022371690720319748,1.158005952835083,,,,False,,,,True,OFFBOARD
20.752,TAKEOFF,False,-12.98161466910637,-5.9615710013399745,8.961071573064169,0.034393988225083987,0.014256119731159617,1.1902757674263842,-0.00011324374586260345,0.0017014402998058674,-0.005214884973207005,10.000000003626253,7.924202100084607e-08,0.04992755344959976,0.0,0.0,0.0,0.0,-2.4940650090687922e-08,23.742260690902857,-6.105775537434965e-05,0.02847924269735813,8.851852416992188,0.028914455324411392,0.021149877458810806,1.157434105873108,,,,False,,,,True,OFFBOARD
20.852,TAKEOFF,False,-12.978147742843621,-5.960164447942125,9.080168124241197,0.034948193738036246,0.013918513733043064,1.1918369521757528,-0.00026788695636145975,0.0018619945529349954,-0.005270093785078447,10.000000003626253,7.924202100084607e-08,0.04992755344959976,0.0,0.0,0.0,0.0,-2.4940650090687922e-08,23.738551662847982,0.0012003234587609768,0.030729681253433228,8.964956283569336,0.027724578976631165,0.020445657894015312,1.1576390266418457,,,,False,,,,True,OFFBOARD
20.951999999999998,TAKEOFF,False,-12.97476060036983,-5.958839243277351,9.194692541218043,0.035637346051432116,0.013709348946278746,1.1941191051902385,-0.00032609103846103213,0.0021876831869583314,-0.005302889297408978,10.000000003626253,7.924202100084607e-08,0.04992755344959976,0.0,0.0,0.0,0.0,-2.4940650090687922e-08,23.734940296586668,0.0018479254795238376,0.03317289054393768,9.086606979370117,0.025769727304577827,0.019882431253790855,1.159592866897583,,,,False,,,,True,OFFBOARD
21.052,TAKEOFF,False,-12.971142675469236,-5.95747616416659,9.314238395820999,0.036727345555983344,0.01357826760222166,1.1968286810415099,-0.0004363768997787501,0.0025417508145973633,-0.0052920710721756315,10.000000003626253,7.924202100084607e-08,0.04992755344959976,0.0,0.0,0.0,0.0,-2.4940650090687922e-08,23.731096038197233,0.0027487969491630793,0.035351477563381195,9.198826789855957,0.024522460997104645,0.020627163350582123,1.1604347229003906,,,,False,,,,True,OFFBOARD
21.152,TAKEOFF,False,-12.96724836078343,-5.956068864541392,9.438904038958638,0.03813045738065011,0.013473701608498824,1.200370708787961,-0.0003709183269275287,0.002736649833351779,-0.0052870784053964115,10.000000003626253,7.924202100084607e-08,0.04992755344959976,0.0,0.0,0.0,0.0,-2.4940650090687922e-08,23.726973146517878,0.004079580307006836,0.037645600736141205,9.320276260375977,0.02382785826921463,0.019541891291737556,1.163710594177246,,,,False,,,,True,OFFBOARD
21.252,TAKEOFF,False,-12.963361866224203,-5.954728934443106,9.559082931743754,0.03954507065897538,0.013319062569918395,1.202956818271457,-0.0002948094109154393,0.002783514413583196,-0.0052822583414279265,10.000000003626253,7.924202100084607e-08,0.04992755344959976,0.0,0.0,0.0,0.0,-2.4940650090687922e-08,23.722874741315085,0.007448943331837654,0.03928844630718231,9.445090293884277,0.0241648331284523,0.018626537173986435,1.1664248704910278,,,,False,,,,True,OFFBOARD
21.352,TAKEOFF,False,-12.959503336908275,-5.953460835270226,9.674589937925582,0.040736932776743194,0.013119698699768307,1.202941956026126,-0.0003628546239692157,0.0024801394410178374,-0.005301248400575867,10.000000003626253,7.924202100084607e-08,0.04992755344959976,0.0,0.0,0.0,0.0,-2.4940650090687922e-08,23.71882144004295,0.011627848260104656,0.040448252111673355,9.561203002929688,0.02511836774647236,0.018400920554995537,1.1670581102371216,,,,False,,,,True,OFFBOARD
21.452,TAKEOFF,False,-12.955386953891562,-5.952154029957796,9.794828549388367,0.0414583017877486,0.013026731561410598,1.2018171521184577,-0.00038092393739622566,0.001904863582795058,-0.005343350024453926,10.000000003626253,7.924202100084607e-08,0.04992755344959976,0.0,0.0,0.0,0.0,-2.4940650090687922e-08,23.714508827067103,0.015438156202435493,0.041769225150346756,9.676913261413574,0.025575483217835426,0.018596071749925613,1.1671842336654663,,,,False,,,,True,OFFBOARD
21.552,TAKEOFF,False,-12.951227328467748,-5.950858266259999,9.91494831622941,0.041679193059288244,0.012876553492110341,1.200659268415126,-0.0002430633155643394,0.001639331995311893,-0.005395515644475721,10.000000003626253,7.924202100084607e-08,0.04992755344959976,0.0,0.0,0.0,0.0,-2.4940650090687922e-08,23.71015712933362,0.01920630782842636,0.04338328540325165,9.801812171936035,0.025456830859184265,0.019070511683821678,1.1662665605545044,,,,False,,,,True,OFFBOARD
21.652,TAKEOFF,False,-12.947055107178606,-5.949587575968341,10.034974026964962,0.04174639845020531,0.012518711917313496,1.199985812326433,-6.594384203227845e-05,0.0015636121038890883,-0.005477432576951524,10.000000003626253,7.924202100084607e-08,0.04992755344959976,0.0,0.0,0.0,0.0,-2.4940650090687922e-08,23.705799533560285,0.0239457618445158,0.04402952641248703,9.91733169555664,0.025905312970280647,0.0174205731600523,1.1656943559646606,,,,False,,,,True,OFFBOARD
21.752,TAKEOFF,False,-12.94287750342942,-5.948353430340583,10.154923153960969,0.04180525656935999,0.012226612979098776,1.1990547327492358,-0.00033465817227728846,0.0015852823571427244,-0.005559753108452477,10.000000003626253,7.924202100084607e-08,0.04992755344959976,0.0,0.0,0.0,0.0,-2.4940650090687922e-08,23.70144590059275,0.029416171833872795,0.04427454248070717,10.042187690734863,0.024585837498307228,0.016622396185994148,1.1652987003326416,,,,False,,,,True,OFFBOARD
21.852,TAKEOFF,False,-12.938522711016933,-5.9470821827349525,10.279602793156274,0.04197686145252502,0.012284139510888544,1.1987620948078428,-0.0007076430271977791,0.0018088549149094728,-0.005620092925179613,10.000000003626253,7.924202100084607e-08,0.04992755344959976,0.0,0.0,0.0,0.0,-2.4940650090687922e-08,23.69691143927669,0.03398045897483826,0.044841207563877106,10.166314125061035,0.024311920627951622,0.015419982373714447,1.1641710996627808,,,,False,,,,True,OFFBOARD
21.951999999999998,TAKEOFF,False,-12.934306493292977,-5.945835922359423,10.399503161898767,0.042362105924287054,0.012653856184223157,1.199398674725494,-0.0008875494380591361,0.002006896196929547,-0.0056543804262955515,10.000000003626253,7.924202100084607e-08,0.04992755344959976,0.0,0.0,0.0,0.0,-2.4940650090687922e-08,23.692517389517125,0.03758447989821434,0.0455901212990284,10.280266761779785,0.022601431235671043,0.015754135325551033,1.1638312339782715,,,,False,,,,True,OFFBOARD
22.052,TAKEOFF,False,-12.930041866978998,-5.944548619245472,10.519508926193767,0.04293622189941368,0.013055411462865438,1.2005977817704494,-0.0007906196496914452,0.002190268778329453,-0.005720757599678072,10.000000003626253,7.924202100084607e-08,0.04992755344959976,0.0,0.0,0.0,0.0,-2.4940650090687922e-08,23.68806618144249,0.04174720495939255,0.04590260609984398,10.396614074707031,0.02311628684401512,0.01587347686290741,1.1652902364730835,,,,False,,,,True,OFFBOARD
22.152,TAKEOFF,False,-12.925889353995085,-5.943282778823488,10.634716562347498,0.04352466625522133,0.013293520691195883,1.199164965646812,-0.0007324012209731789,0.0020746230785219613,-0.005798523943360767,10.000000003626253,7.924202100084607e-08,0.04992755344959976,0.0,0.0,0.0,0.0,-2.4940650090687922e-08,23.683728886492315,0.04634694755077362,0.046091433614492416,10.523816108703613,0.022680651396512985,0.015136564150452614,1.1652816534042358,,,,False,,,,True,OFFBOARD
22.252,TAKEOFF,False,-12.921513400664516,-5.9419376244639635,10.754519976290597,0.0439605325364888,0.013642130626147445,1.1971716652657087,-0.0010053937200487832,0.0020242386215142505,-0.005879992923754975,10.000000003626253,7.924202100084607e-08,0.04992755344959976,0.0,0.0,0.0,0.0,-2.4940650090687922e-08,23.679155399164987,0.04989951476454735,0.04657560959458351,10.639369010925293,0.02130468562245369,0.014849552884697914,1.1625218391418457,,,,False,,,,True,OFFBOARD
22.352,TAKEOFF,False,-12.91709100469817,-5.940544148266811,10.874207927385275,0.044501696823801215,0.014221316668537798,1.1968805880187763,-0.0011333948050085705,0.0022380676367448615,-0.005917925619435571,10.000000003626253,7.924202100084607e-08,0.04992755344959976,0.0,0.0,0.0,0.0,-2.4940650090687922e-08,23.67452483161621,0.053189609199762344,0.047367390245199203,10.76347827911377,0.020584657788276672,0.01468990370631218,1.1611379384994507,,,,False,,,,True,OFFBOARD
22.452,TAKEOFF,False,-12.91260494961166,-5.939090296042793,10.993933461168545,0.04521709444244557,0.014813879235779964,1.1975047559366414,-0.0010531282891621816,0.0024007111348751916,-0.005972753635702808,10.000000003626253,7.924202100084607e-08,0.04992755344959976,0.0,0.0,0.0,0.0,-2.4940650090687922e-08,23.669817494626848,0.05773938447237015,0.049144770950078964,10.879707336425781,0.02156435139477253,0.015189049765467644,1.1621774435043335,,,,False,,,,True,OFFBOARD
22.552,TAKEOFF,False,-12.907860499788178,-5.937524279250661,11.11843203607709,0.04594888098166583,0.015243824212440166,1.1965741244538373,-0.0008056555290580554,0.0021724193175149988,-0.006045300579019549,10.000000003626253,7.924202100084607e-08,0.04992755344959976,0.0,0.0,0.0,0.0,-2.4940650090687922e-08,23.664831889358286,0.06323524564504623,0.051636893302202225,11.006209373474121,0.022697044536471367,0.016608597710728645,1.1608754396438599,,,,False,,,,True,OFFBOARD
22.652,TAKEOFF,False,-12.903432027638893,-5.936056513573918,11.233266430019798,0.04622589343456151,0.015258557582920303,1.1959769277050243,-0.0003290154418278826,0.001759437184755331,-0.006063809888174664,10.000000003626253,7.924202100084607e-08,0.04992755344959976,0.0,0.0,0.0,0.0,-2.4940650090687922e-08,23.660176810072574,0.06756719946861267,0.053884539753198624,11.121588706970215,0.023508988320827484,0.01741059683263302,1.1593787670135498,,,,False,,,,True,OFFBOARD
22.752,TAKEOFF,False,-12.898809415320592,-5.934550717097152,11.352852916992758,0.04618604482912337,0.01481746625287559,1.1959792077751417,2.7929099088046893e-05,0.0015117263919709372,-0.006106051400193526,10.000000003626253,7.924202100084607e-08,0.04992755344959976,0.0,0.0,0.0,0.0,-2.4940650090687922e-08,23.655324262406104,0.07171475887298584,0.05621835216879845,11.245731353759766,0.024544045329093933,0.017832374200224876,1.157913327217102,,,,False,,,,True,OFFBOARD
22.852,TAKEOFF,False,-12.894202565515661,-5.933102442577854,11.472515915010757,0.04594157513751157,0.014150731920962006,1.1973285307843924,0.00018804678990708574,0.0013933966230569856,-0.006174670475195974,10.000000003626253,7.924202100084607e-08,0.04992755344959976,0.0,0.0,0.0,0.0,-2.4940650090687922e-08,23.65050140718648,0.075963094830513,0.05796452984213829,11.360184669494629,0.023708710446953773,0.017904648557305336,1.1576950550079346,,,,False,,,,True,OFFBOARD
22.951999999999998,TAKEOFF,False,-12.88944010833419,-5.931672515857383,11.597128621768558,0.04566007996591969,0.013378649779251477,1.1989431889179278,0.00020571318512772893,0.0014168234596037995,-0.00621637066202534,10.000000003626253,7.924202100084607e-08,0.04992755344959976,0.0,0.0,0.0,0.0,-2.4940650090687922e-08,23.64553252549997,0.08049079775810242,0.05960109829902649,11.483915328979492,0.024583062157034874,0.017459137365221977,1.1592081785202026,,,,False,,,,True,OFFBOARD
23.052,TAKEOFF,False,-12.884886386478005,-5.930370205330972,11.71709306136179,0.045417502988566574,0.012724006456064916,1.2003654540195599,5.733088482946451e-05,0.0013673442436694207,-0.006257747333795833,10.000000003626253,7.924202100084607e-08,0.04992755344959976,0.0,0.0,0.0,0.0,-2.4940650090687922e-08,23.64079771919986,0.08418045192956924,0.06112286075949669,11.59794807434082,0.02467653527855873,0.016862688586115837,1.1592681407928467,,,,False,,,,True,OFFBOARD
23.152,TAKEOFF,False,-12.880540634278736,-5.929173514794759,11.83242242845476,0.04513212753941222,0.012238135862943166,1.2023329326491554,-2.442732767803327e-05,0.001342887421828585,-0.0063178944158615025,10.000000003626253,7.924202100084607e-08,0.04992755344959976,0.0,0.0,0.0,0.0,-2.4940650090687922e-08,23.636290728264548,0.08767562359571457,0.06274610012769699,11.72134017944336,0.023478250950574875,0.01583821326494217,1.1594046354293823,,,,False,,,,True,OFFBOARD
23.252,TAKEOFF,False,-12.875862509939076,-5.927919504020359,11.957606005164646,0.04486741972984131,0.011946706029029771,1.20501109520287,-0.00031852418133516237,0.001462228517523561,-0.006375355045996505,10.000000003626253,7.924202100084607e-08,0.04992755344959976,0.0,0.0,0.0,0.0,-2.4940650090687922e-08,23.631447613829526,0.0914776474237442,0.06414119154214859,11.834688186645508,0.022883599624037743,0.014793409034609795,1.1604183912277222,,,,False,,,,True,OFFBOARD
23.352,TAKEOFF,False,-12.871559569485365,-5.926776038985371,12.073420825895337,0.044822082161055245,0.011905424572494843,1.2076469419742377,-0.0004978825024392391,0.001687793978691004,-0.006399827700927174,10.000000003626253,7.924202100084607e-08,0.04992755344959976,0.0,0.0,0.0,0.0,-2.4940650090687922e-08,23.626995417572342,0.09594863653182983,0.06555669754743576,11.957114219665527,0.02348998375236988,0.014689568430185318,1.1620473861694336,,,,False,,,,True,OFFBOARD
23.452,TAKEOFF,False,-12.866894317011274,-5.925532969995177,12.199184361947326,0.044886971154005834,0.012005627994824205,1.2107303370170968,-0.0005609768474549372,0.001673253625727008,-0.006452498402665511,10.000000003626253,7.924202100084607e-08,0.04992755344959976,0.0,0.0,0.0,0.0,-2.4940650090687922e-08,23.62216750827085,0.09953386336565018,0.06687718629837036,12.070018768310547,0.023387344554066658,0.014669223688542843,1.1645729541778564,,,,False,,,,True,OFFBOARD
23.552,TAKEOFF,False,-12.8625834920174,-5.92437377221694,12.315545350242393,0.04491100922252326,0.012142058537205522,1.2133439292163077,-0.0005580626806281965,0.0016192233917958702,-0.006480670798615292,10.000000003626253,7.924202100084607e-08,0.04992755344959976,0.0,0.0,0.0,0.0,-2.4940650090687922e-08,23.61770373315595,0.10294157266616821,0.06838345527648926,12.192798614501953,0.02372768148779869,0.014490028843283653,1.165419101715088,,,,False,,,,True,OFFBOARD
23.652,TAKEOFF,False,-12.858096172459135,-5.923155688150053,12.437032065548964,0.04479567252015891,0.012209356892334785,1.2162989311383305,-0.0005341511920723721,0.001398833172061275,-0.006508967621583049,10.000000003626253,7.924202100084607e-08,0.04992755344959976,0.0,0.0,0.0,0.0,-2.4940650090687922e-08,23.61305433526039,0.10679926723241806,0.06902345269918442,12.306676864624023,0.024252954870462418,0.013698556460440159,1.1671990156173706,,,,False,,,,True,OFFBOARD
23.752,TAKEOFF,False,-12.853631460870739,-5.921928895309308,12.558781346134996,0.04446571263253077,0.012332283014909788,1.2184765938827455,-0.0006273501126647789,0.0011460977736999823,-0.006585237986753528,10.000000003626253,7.924202100084607e-08,0.04992755344959976,0.0,0.0,0.0,0.0,-2.4940650090687922e-08,23.608424638138764,0.11117041856050491,0.06941080093383789,12.430516242980957,0.024354059249162674,0.013639337383210659,1.168172836303711,,,,False,,,,True,OFFBOARD
23.852,TAKEOFF,False,-12.849036638132437,-5.920634810847915,12.685619576675618,0.043907804204700265,0.012553878342862887,1.2204728238253875,-0.0007221643309479463,0.0010907759684829434,-0.006664422445570581,10.000000003626253,7.924202100084607e-08,0.04992755344959976,0.0,0.0,0.0,0.0,-2.4940650090687922e-08,23.603652110598937,0.11463166028261185,0.06997325271368027,12.544565200805664,0.023291660472750664,0.013086474500596523,1.1694949865341187,,,,False,,,,True,OFFBOARD
23.951999999999998,TAKEOFF,False,-12.844842015627796,-5.919414846905231,12.802866482422507,0.04355409308758627,0.012857160050770089,1.222073031613239,-0.0007783995945457998,0.0014461242578083936,-0.006739031732017639,10.000000003626253,7.924202100084607e-08,0.04992755344959976,0.0,0.0,0.0,0.0,-2.4940650090687922e-08,23.599285581402043,0.11786165833473206,0.07082930207252502,12.667850494384766,0.022105524316430092,0.013469278812408447,1.1714978218078613,,,,False,,,,True,OFFBOARD
24.052,TAKEOFF,False,-12.840311598721275,-5.918061328283128,12.930033701829936,0.043625295572355755,0.013147646759835771,1.2233746508365033,-0.0007068862180579198,0.0017528528064686736,-0.00680961235975778,10.000000003626253,7.924202100084607e-08,0.04992755344959976,0.0,0.0,0.0,0.0,-2.4940650090687922e-08,23.594560494223444,0.12410488724708557,0.07218103110790253,12.792586326599121,0.02254500798881054,0.014405856840312481,1.1724039316177368,,,,False,,,,True,OFFBOARD
24.152,TAKEOFF,False,-12.835940942469485,-5.916737627400837,13.052396985779318,0.043758999992454334,0.013288272370493293,1.223698967725703,-0.00049450429814437,0.0016011831626577923,-0.006837749213281791,10.000000003626253,7.924202100084607e-08,0.04992755344959976,0.0,0.0,0.0,0.0,-2.4940650090687922e-08,23.58999754096599,0.130564883351326,0.0736393928527832,12.907943725585938,0.02280188724398613,0.014302650466561317,1.1726011037826538,,,,False,,,,True,OFFBOARD
24.252,TAKEOFF,False,-12.831568790031993,-5.915413130126119,13.174769031879672,0.04365029475526808,0.013168798934654946,1.2237517661279178,-0.0002719618383551156,0.001369308883551708,-0.006841309354787893,10.000000003626253,7.924202100084607e-08,0.04992755344959976,0.0,0.0,0.0,0.0,-2.4940650090687922e-08,23.58543294105741,0.13628150522708893,0.07526431232690811,13.03332805633545,0.023116230964660645,0.015453008934855461,1.1724469661712646,,,,False,,,,True,OFFBOARD
24.352,TAKEOFF,False,-12.827392519945452,-5.914160648949729,13.292239057039005,0.043337188489785364,0.012923713744847194,1.2235734260729363,-0.0001938032570760336,0.0011939893821657176,-0.006867173277419568,10.000000003626253,7.924202100084607e-08,0.04992755344959976,0.0,0.0,0.0,0.0,-2.4940650090687922e-08,23.58107602600235,0.14062653481960297,0.0768171027302742,13.148751258850098,0.021913763135671616,0.016247805207967758,1.1713967323303223,,,,False,,,,True,OFFBOARD
24.404,TAKEOFF,False,-12.825144631369456,-5.913492914840425,13.35586654679299,0.04313909296422296,0.012769469255101529,1.2236476839021124,-0.0001720846148727718,0.001234902155537547,-0.006888186573044819,10.000000003626253,7.924202100084607e-08,0.04992755344959976,0.0,0.0,0.0,0.0,-2.4940650090687922e-08,23.578732514695012,0.14189709722995758,0.07735557109117508,13.187170028686523,0.021688729524612427,0.01627766713500023,1.1709635257720947,,,,False,,,,True,OFFBOARD
24.5,TAKEOFF,False,-12.821016860436973,-5.91228447047521,13.473323309699092,0.04289626594570764,0.012392433334705116,1.222870238173794,-3.843019317805393e-06,0.0014301938756302744,-0.006896662644600766,10.000000003626253,7.924202100084607e-08,0.04992755344959976,0.0,0.0,0.0,0.0,-2.4940650090687922e-08,23.57443359461014,0.1460105925798416,0.0779748484492302,13.3067045211792,0.020846830680966377,0.016032682731747627,1.1714680194854736,,,,False,,,,True,OFFBOARD
24.552,TAKEOFF,False,-12.818616019817492,-5.9115983160182255,13.541755227360925,0.042867730730114954,0.012133185056019952,1.2211965732984915,-7.674197149253343e-06,0.0016065208343583291,-0.00689971342736055,10.000000003626253,7.924202100084607e-08,0.04992755344959976,0.0,0.0,0.0,0.0,-2.4940650090687922e-08,23.571937400481257,0.1487017273902893,0.07846138626337051,13.395642280578613,0.02042730525135994,0.015386434271931648,1.169777750968933,,,,False,,,,True,OFFBOARD
24.652,TAKEOFF,False,-12.81449477452713,-5.910453296887339,13.658838809726879,0.04301623643023417,0.011770373990042046,1.218212854882097,-0.00021342000481910993,0.0017785283564257987,-0.006908084613405566,10.000000003626253,7.924202100084607e-08,0.04992755344959976,0.0,0.0,0.0,0.0,-2.4940650090687922e-08,23.567660704740867,0.1517840176820755,0.07917924970388412,13.513219833374023,0.019726965576410294,0.013949034735560417,1.1670091152191162,,,,False,,,,True,OFFBOARD
24.752,TAKEOFF,False,-12.810182603268974,-5.9092812251466,13.780530536821932,0.043215198393769964,0.011740597192903246,1.21595880211941,-0.0005863148025147682,0.0017830340445526786,-0.006889732390429272,10.000000003626253,7.924202100084607e-08,0.04992755344959976,0.0,0.0,0.0,0.0,-2.4940650090687922e-08,23.56319240031584,0.15459643304347992,0.08010748773813248,13.63908576965332,0.018988678231835365,0.013982950709760189,1.1634430885314941,,,,False,,,,True,OFFBOARD
24.852,TAKEOFF,False,-12.805849082402682,-5.9080980304277775,13.902070817117615,0.04344890058603584,0.01192115284446828,1.2147645934103135,-0.0006155494427012872,0.0018265007663978245,-0.006836134542754115,10.000000003626253,7.924202100084607e-08,0.04992755344959976,0.0,0.0,0.0,0.0,-2.4940650090687922e-08,23.558700639216305,0.16013851761817932,0.08172331750392914,13.758468627929688,0.019177956506609917,0.014582157135009766,1.1633944511413574,,,,False,,,,True,OFFBOARD
24.951999999999998,TAKEOFF,False,-12.801316790648563,-5.9068521588129945,14.028213111290214,0.04367209389876938,0.01198796048766361,1.210683455766544,-0.00034786494621108613,0.0016359836927256617,-0.006808365732222995,10.000000003626253,7.924202100084607e-08,0.04992755344959976,0.0,0.0,0.0,0.0,-2.4940650090687922e-08,23.554000741171222,0.16725942492485046,0.08385467529296875,13.888279914855957,0.020377565175294876,0.014635477215051651,1.1609687805175781,,,,False,,,,True,OFFBOARD
25.052,TAKEOFF,False,-12.79713061948713,-5.905709744241193,14.144217881070364,0.04345650553893244,0.01179421707891462,1.2066090836932128,-0.00017796737809385534,0.0010726399943817597,-0.006810535543270242,10.000000003626253,7.924202100084607e-08,0.04992755344959976,0.0,0.0,0.0,0.0,-2.4940650090687922e-08,23.549661848240625,0.17260468006134033,0.08567684888839722,14.005022048950195,0.02128899283707142,0.01440225075930357,1.1562328338623047,,,,False,,,,True,OFFBOARD
25.152,TAKEOFF,True,-12.793161930910156,-5.904636665790889,14.255129764458225,0.04279335042476904,0.01154286986050811,1.2050619523635608,-0.0001506955138844376,0.0007005428530331753,-0.00681674540243304,10.000000003626253,7.924202100084607e-08,0.04992755344959976,0.0,0.0,0.0,0.0,-2.4940650090687922e-08,23.545550876222716,0.17595715820789337,0.08696869015693665,14.091056823730469,0.02006962150335312,0.014006874524056911,1.154041051864624,22.859412724038666,4.827226969692704,23.173459063414047,False,,,,True,OFFBOARD
25.252,TAKEOFF,True,-12.788929242438194,-5.903495874136795,14.375634265626001,0.04191389937995906,0.011302061450140543,1.2051361426056257,-0.00024832712629003237,0.0007493378972521901,-0.006800463721468355,10.000000003626253,7.924202100084607e-08,0.04992755344959976,0.0,0.0,0.0,0.0,-2.4940650090687922e-08,23.541167359621138,0.18044927716255188,0.08830420672893524,14.205911636352539,0.02001248486340046,0.01336707640439272,1.1537106037139893,22.952138584947,4.844123491096506,23.263010359706822,False,,,,True,OFFBOARD
25.352,TAKEOFF,True,-12.784942802873886,-5.902416400863001,14.491335338100578,0.041175964364120056,0.01122934812090217,1.2052681103174645,-0.0005030732890966566,0.0007809659288621257,-0.006742485086023425,10.000000003626253,7.924202100084607e-08,0.04992755344959976,0.0,0.0,0.0,0.0,-2.4940650090687922e-08,23.537037600345926,0.186558797955513,0.08887145668268204,14.330564498901367,0.019161975011229515,0.012221917510032654,1.1545398235321045,22.94058387099859,4.839545597758386,23.24466738457142,False,,,,True,OFFBOARD
25.452,TAKEOFF,True,-12.780861330630103,-5.901280616766731,14.611878540904128,0.04051144236718644,0.011550206300184754,1.2058648956734435,-0.0009519758858496178,0.0009264061079296775,-0.006681567568158555,10.000000003626253,7.924202100084607e-08,0.04992755344959976,0.0,0.0,0.0,0.0,-2.4940650090687922e-08,23.532801724055336,0.1910019814968109,0.08946643024682999,14.444161415100098,0.018551509827375412,0.011151233687996864,1.1541653871536255,22.863193436021742,4.821510771588628,23.160753636249797,False,,,,True,OFFBOARD
25.552,TAKEOFF,True,-12.776836778439074,-5.900091701721599,14.732568401042323,0.04001308561252109,0.012234939836520882,1.2079829413494958,-0.001154436745002436,0.0009903123979281914,-0.006669323621566355,10.000000003626253,7.924202100084607e-08,0.04992755344959976,0.0,0.0,0.0,0.0,-2.4940650090687922e-08,23.52860762605043,0.19488510489463806,0.09025657922029495,14.567069053649902,0.017245914787054062,0.011608702130615711,1.1538151502609253,22.880317006008042,4.821644896264322,23.173580991005995,False,,,,True,OFFBOARD
25.652,TAKEOFF,True,-12.772698229334466,-5.898781566626173,14.85835417541687,0.03963685497967504,0.012907567051570434,1.2108432471038593,-0.00105072476883591,0.0011944693734595444,-0.006662564818302876,10.000000003626253,7.924202100084607e-08,0.04992755344959976,0.0,0.0,0.0,0.0,-2.4940650090687922e-08,23.524272777604068,0.1977773904800415,0.0916546955704689,14.681015968322754,0.01674453727900982,0.011210414581000805,1.156127691268921,22.889187123633583,4.818512198624571,23.178508526909884,False,,,,True,OFFBOARD
25.752,TAKEOFF,True,-12.76874493497213,-5.8974625983083,14.979501328728238,0.03947077585414705,0.013417692291078857,1.2117398452431607,-0.0008575695765775573,0.0013946891303737113,-0.006636407451543257,10.000000003626253,7.924202100084607e-08,0.04992755344959976,0.0,0.0,0.0,0.0,-2.4940650090687922e-08,23.520115053120985,0.20040839910507202,0.09479794651269913,14.806402206420898,0.015193261206150055,0.012058962136507034,1.1576145887374878,22.89010660274795,4.814001568178276,23.175273189223386,False,,,,True,OFFBOARD
25.852,TAKEOFF,True,-12.7647961775907,-5.896108737085596,15.10071741537939,0.0395354609403459,0.013581848443611473,1.2127137029109962,-0.00047648855629057595,0.0016157872903102915,-0.006663499724626974,10.000000003626253,7.924202100084607e-08,0.04992755344959976,0.0,0.0,0.0,0.0,-2.4940650090687922e-08,23.51595297550848,0.20233747363090515,0.09731365740299225,14.921538352966309,0.01391882449388504,0.0124855050817132,1.156970500946045,22.745295255805075,4.783152370499828,23.02481335459734,False,,,,True,OFFBOARD
25.951999999999998,TAKEOFF,True,-12.760826950568743,-5.894754006512115,15.222042003569486,0.039892118559050005,0.01352592571101731,1.2137155558755732,-0.0005457415434215846,0.001971593123767376,-0.006735593291215908,10.000000003626253,7.924202100084607e-08,0.04992755344959976,0.0,0.0,0.0,0.0,-2.4940650090687922e-08,23.511770868446394,0.20397818088531494,0.09959997981786728,15.046106338500977,0.01233263872563839,0.010686873458325863,1.156598687171936,22.79922656398198,4.795959680302995,23.07815079095752,False,,,,True,OFFBOARD
26.052,TAKEOFF,True,-12.75696706998022,-5.893448132614059,15.338653606754283,0.04053970250159356,0.013731203475440726,1.2156767553326475,-0.0009250512826099073,0.0022877068903850474,-0.00678339091943444,10.000000003626253,7.924202100084607e-08,0.04992755344959976,0.0,0.0,0.0,0.0,-2.4940650090687922e-08,23.507706868493976,0.20607908070087433,0.10164184868335724,15.160901069641113,0.011503427289426327,0.0101826973259449,1.1565883159637451,22.76033457565266,4.784650749351997,23.03529928816434,False,,,,True,OFFBOARD
26.152,TAKEOFF,True,-12.752700195932691,-5.89199084937421,15.46514274550488,0.0414640707112198,0.01430592795758177,1.2164814184301287,-0.0011282527490213306,0.002211210176115288,-0.0067808941030111525,10.000000003626253,7.924202100084607e-08,0.04992755344959976,0.0,0.0,0.0,0.0,-2.4940650090687922e-08,23.503210918381036,0.21060119569301605,0.10439933091402054,15.286885261535645,0.012839388102293015,0.010085848160088062,1.1582173109054565,23.034892487123464,4.838329849478711,23.3100487153216,False,,,,True,OFFBOARD
26.252,TAKEOFF,True,-12.748692501184303,-5.890590829480531,15.581933065025218,0.04193379009396259,0.014804523941606154,1.2166723572075426,-0.0009279803125908274,0.0017754801243668543,-0.006773955032236881,10.000000003626253,7.924202100084607e-08,0.04992755344959976,0.0,0.0,0.0,0.0,-2.4940650090687922e-08,23.498980231753652,0.21392817795276642,0.10656280815601349,15.401901245117188,0.013212345540523529,0.010857685469090939,1.1574419736862183,22.857812746116306,4.797622032933392,23.124695565275747,True,0.7133806943893433,374.5,97.5,True,OFFBOARD
26.352,TAKEOFF,True,-12.744490274375494,-5.889095173572344,15.703638742460628,0.04207535563469827,0.015041560579013444,1.217667848791805,-0.0006024231684011076,0.0016168272870220486,-0.006802360753953293,10.000000003626253,7.924202100084607e-08,0.04992755344959976,0.0,0.0,0.0,0.0,-2.4940650090687922e-08,23.4945372566228,0.21678629517555237,0.10867234319448471,15.52597713470459,0.012399615719914436,0.011533225886523724,1.15621817111969,22.820593537855025,4.787338778180454,23.08293788654454,True,0.7133806943893433,374.5,97.5,True,OFFBOARD
26.452,TAKEOFF,True,-12.740275714394375,-5.887593202794231,15.825504727002667,0.04224902687461978,0.014961514864767211,1.219509072223009,-0.00040597975329722885,0.0018706883478604803,-0.006807759831291508,10.000000003626253,7.924202100084607e-08,0.04992755344959976,0.0,0.0,0.0,0.0,-2.4940650090687922e-08,23.49008076585257,0.22095969319343567,0.11011584848165512,15.651571273803711,0.01159223634749651,0.011052356101572514,1.1571325063705444,22.892528859193156,4.798702449901503,23.15130434268711,True,0.7133806943893433,374.5,97.5,True,OFFBOARD
26.556,TAKEOFF,True,-12.735686743983214,-5.885982021161512,15.957220797195301,0.04273230505080091,0.01494230672737241,1.2191215869943746,-0.0007377424855556669,0.0019813978056442663,-0.00686606058568813,10.000000003626253,7.924202100084607e-08,0.04992755344959976,0.0,0.0,0.0,0.0,-2.4940650090687922e-08,23.485234450004867,0.22754934430122375,0.11049316823482513,15.76999282836914,0.012935390695929527,0.00931274238973856,1.158103108406067,22.820574842270478,4.7886983596385475,23.072286513580867,True,0.763393223285675,377.0,112.5,True,OFFBOARD
26.652,TAKEOFF,True,-12.731565489803732,-5.884533154496806,16.07416501351915,0.043080826326889275,0.015298912948347756,1.2174001570327766,-0.0011905811847494447,0.0017784265261092673,-0.0069544396581757845,10.000000003626253,7.924202100084607e-08,0.04992755344959976,0.0,0.0,0.0,0.0,-2.4940650090687922e-08,23.48088160953659,0.2327585518360138,0.11083821207284927,15.887237548828125,0.013461676426231861,0.007797436788678169,1.155126690864563,22.82126532885356,4.803905014491792,23.070880226539565,True,0.763393223285675,377.0,112.5,True,OFFBOARD
26.752,TAKEOFF,True,-12.727424007530564,-5.88302686983057,16.1909808721049,0.04315357972217781,0.016122180476827234,1.2163962514928703,-0.0016865095287949645,0.0015500351944228938,-0.007000411479416974,10.000000003626253,7.924202100084607e-08,0.04992755344959976,0.0,0.0,0.0,0.0,-2.4940650090687922e-08,23.476494803663126,0.23713645339012146,0.11119090765714645,16.01348876953125,0.012832879088819027,0.006476170849055052,1.153196930885315,22.899045191125193,4.818239131497114,23.145591602268198,True,0.763393223285675,377.0,112.5,True,OFFBOARD
26.852,TAKEOFF,True,-12.723107671006046,-5.881350560167856,16.312597696250922,0.043198697213351296,0.01739216182988598,1.2161058793552129,-0.001954457273067711,0.0017067816924437634,-0.006981736197003611,10.000000003626253,7.924202100084607e-08,0.04992755344959976,0.0,0.0,0.0,0.0,-2.4940650090687922e-08,23.471896125720654,0.24190688133239746,0.11200147122144699,16.13028335571289,0.012571047060191631,0.006026462651789188,1.1512141227722168,22.872158287953106,4.8092664031317085,23.11260644253288,True,0.763393223285675,377.0,112.5,True,OFFBOARD
26.951999999999998,TAKEOFF,True,-12.71877927241866,-5.879544852562236,16.43414626315495,0.04334291611548285,0.018612478504957734,1.2146443508876243,-0.001658581852701507,0.0016007215890956013,-0.006972293048345279,10.000000003626253,7.924202100084607e-08,0.04992755344959976,0.0,0.0,0.0,0.0,-2.4940650090687922e-08,23.467253362904508,0.2506202757358551,0.11420662701129913,16.258134841918945,0.01413341797888279,0.005906202830374241,1.1510446071624756,22.766457017512142,4.776039653929926,22.993381468439832,True,0.8151504993438721,380.0,125.0,True,OFFBOARD
27.052,TAKEOFF,True,-12.714449022115986,-5.877637915395283,16.555513880687894,0.043195822444705316,0.019442022350767422,1.2131044478908228,-0.0013951720673560813,0.0011891799521593625,-0.007002354296754342,10.000000003626253,7.924202100084607e-08,0.04992755344959976,0.0,0.0,0.0,0.0,-2.4940650090687922e-08,23.462583466853058,0.25685057044029236,0.11585898697376251,16.37465476989746,0.014578577131032944,0.006355778779834509,1.1474932432174683,22.925060009938264,4.805656878360199,23.14825962043362,True,0.8151504993438721,380.0,125.0,True,OFFBOARD
27.152,TAKEOFF,True,-12.710155362504437,-5.875659586167229,16.676830138320426,0.04263764309880373,0.020076851429142634,1.213383545427456,-0.0012850409793232196,0.0008051703240851809,-0.007008882034848256,10.000000003626253,7.924202100084607e-08,0.04992755344959976,0.0,0.0,0.0,0.0,-2.4940650090687922e-08,23.457931137624044,0.26214054226875305,0.11739654839038849,16.499267578125,0.01615205407142639,0.006382604595273733,1.1463171243667603,22.803911991485574,4.778862866909977,23.01870387983257,True,0.8151504993438721,380.0,125.0,True,OFFBOARD
27.252,TAKEOFF,True,-12.705934626354194,-5.873621822971183,16.798215936696995,0.041787057904948174,0.020689471993536195,1.2144948908249151,-0.001503162971086948,0.0006540672013049229,-0.007046373529858724,10.000000003626253,7.924202100084607e-08,0.04992755344959976,0.0,0.0,0.0,0.0,-2.4940650090687922e-08,23.45333455334452,0.2669117748737335,0.11898083984851837,16.61370849609375,0.015168525278568268,0.004865667317062616,1.1457651853561401,22.802330778581844,4.775070161196665,23.01139451317675,True,0.8281997442245483,382.0,140.0,True,OFFBOARD
27.352,TAKEOFF,True,-12.701634322297382,-5.871421016899831,16.92463374027089,0.04098464134967667,0.02165239988577809,1.2167660786159966,-0.0018471812711914279,0.0008610111722749644,-0.007077109911917752,10.000000003626253,7.924202100084607e-08,0.04992755344959976,0.0,0.0,0.0,0.0,-2.4940650090687922e-08,23.44862014610186,0.273438036441803,0.12168671190738678,16.73694610595703,0.014275379478931427,0.004233693704009056,1.145696997642517,22.81871589032223,4.781117372706522,23.02172555634061,True,0.8281997442245483,382.0,140.0,True,OFFBOARD
27.452,TAKEOFF,True,-12.697565647917903,-5.869196360015756,17.04647035120621,0.04041189450907308,0.022805244799122014,1.2199988806098137,-0.0019360244788544944,0.0008486412281423387,-0.007099562286196701,10.000000003626253,7.924202100084607e-08,0.04992755344959976,0.0,0.0,0.0,0.0,-2.4940650090687922e-08,23.4441240687033,0.2780925929546356,0.12362002581357956,16.85042381286621,0.01485181599855423,0.004678412340581417,1.1457798480987549,22.91307033460428,4.79718181701711,23.112429495428913,True,0.8281997442245483,382.0,140.0,True,OFFBOARD
27.552,TAKEOFF,True,-12.693558527310756,-5.866857952428928,17.168685974752677,0.039751682562010254,0.02390566054083703,1.2243818220338971,-0.0019021457589826778,0.000809323776879286,-0.007119668079778479,10.000000003626253,7.924202100084607e-08,0.04992755344959976,0.0,0.0,0.0,0.0,-2.4940650090687922e-08,23.43965916904181,0.28191983699798584,0.12526774406433105,16.9729061126709,0.013253469951450825,0.004321548622101545,1.1458290815353394,22.73096084652898,4.752616081256342,22.920990268339587,True,0.8281997442245483,382.0,140.0,True,OFFBOARD
27.652,TAKEOFF,True,-12.689769299223343,-5.864513000004757,17.28646734049445,0.03925693167379504,0.02489347677247399,1.229187063916561,-0.001898622266411386,0.0010546985267846686,-0.007150159937914132,10.000000003626253,7.924202100084607e-08,0.04992755344959976,0.0,0.0,0.0,0.0,-2.4940650090687922e-08,23.43540365927569,0.28647756576538086,0.12680421769618988,17.096784591674805,0.012424935586750507,0.004270046949386597,1.1479700803756714,22.789296670868904,4.76192603668135,22.97523061807747,True,0.8390434384346008,387.5,158.0,True,OFFBOARD
27.752,TAKEOFF,True,-12.68585982108294,-5.86196938983625,17.409541326442543,0.038964635418560815,0.02595206578883049,1.2316670642464134,-0.0020113129356079933,0.0011581744583068323,-0.007120102481197526,10.000000003626253,7.924202100084607e-08,0.04992755344959976,0.0,0.0,0.0,0.0,-2.4940650090687922e-08,23.43098209727369,0.2928132712841034,0.1284027397632599,17.214210510253906,0.01299765333533287,0.004316145088523626,1.150173306465149,22.889105561835898,4.777411076464973,23.069583953655787,True,0.8390434384346008,387.5,158.0,True,OFFBOARD
27.852,TAKEOFF,True,-12.681823265666686,-5.859210211469091,17.537650089883353,0.03864113369486798,0.027050930599103132,1.2317261910497632,-0.0019593909948398647,0.0009851570208402546,-0.007086288666905926,10.000000003626253,7.924202100084607e-08,0.04992755344959976,0.0,0.0,0.0,0.0,-2.4940650090687922e-08,23.42638367418697,0.2977375090122223,0.12965133786201477,17.331130981445312,0.013207289390265942,0.003766943933442235,1.1501975059509277,22.795819205803415,4.757205926088577,22.969064880889416,True,0.8390434384346008,387.5,158.0,True,OFFBOARD
27.951999999999998,TAKEOFF,True,-12.67798469868954,-5.856453394986516,17.660814921558075,0.038114654163343496,0.02805629683342438,1.2316892717800472,-0.002044727663057964,0.0008066642132130279,-0.0070682132937333435,10.000000003626253,7.924202100084607e-08,0.04992755344959976,0.0,0.0,0.0,0.0,-2.4940650090687922e-08,23.42197765890559,0.3018004596233368,0.13072441518306732,17.456493377685547,0.012254288420081139,0.004114365205168724,1.1482309103012085,22.780250190392113,4.755668240171401,22.949309525190436,True,0.8359145522117615,389.0,173.0,True,OFFBOARD
28.052,TAKEOFF,True,-12.674349251029923,-5.853710188359208,17.779103729891553,0.037696734073782434,0.02904614409806449,1.2327277784027293,-0.0020619394693446487,0.0010678564096633836,-0.007040071234644372,10.000000003626253,7.924202100084607e-08,0.04992755344959976,0.0,0.0,0.0,0.0,-2.4940650090687922e-08,23.417771841470046,0.30473971366882324,0.13181565701961517,17.572402954101562,0.01198290754109621,0.003691610414534807,1.1477317810058594,22.793310285740763,4.759181809059008,22.95971088407038,True,0.8359145522117615,389.0,173.0,True,OFFBOARD
28.152,TAKEOFF,True,-12.670443936811251,-5.850630615066898,17.907303075854575,0.03742281603354585,0.03014284793178252,1.2323409385019621,-0.0021377896009411855,0.001097068804994308,-0.007005396869398144,10.000000003626253,7.924202100084607e-08,0.04992755344959976,0.0,0.0,0.0,0.0,-2.4940650090687922e-08,23.41322079462177,0.30750343203544617,0.1335299015045166,17.700218200683594,0.011358331888914108,0.0037260944955050945,1.1476279497146606,22.801395887075497,4.758532846327882,22.964447522606164,True,0.8359145522117615,389.0,173.0,True,OFFBOARD
28.252,TAKEOFF,True,-12.666863925745806,-5.847686991243502,18.02555056372542,0.037171376162210515,0.031127862144739917,1.231296769738254,-0.002077426702024007,0.001122690857307745,-0.007039379584111227,10.000000003626253,7.924202100084607e-08,0.04992755344959976,0.0,0.0,0.0,0.0,-2.4940650090687922e-08,23.40901887023443,0.3093995749950409,0.1347798854112625,17.816722869873047,0.010061406530439854,0.0038178490940481424,1.1450045108795166,22.860559610677107,4.772252178675382,23.023052973611826,True,0.8291792869567871,392.0,186.0,True,OFFBOARD
28.352,TAKEOFF,True,-12.663003179511009,-5.8443996893581405,18.153605763477177,0.03717032592630277,0.0320234723566559,1.2315485870477192,-0.0019398004371385118,0.0016402145035144785,-0.007081266114354905,10.000000003626253,7.924202100084607e-08,0.04992755344959976,0.0,0.0,0.0,0.0,-2.4940650090687922e-08,23.404459445458322,0.3107781708240509,0.1358732283115387,17.941713333129883,0.0076330131851136684,0.004338487982749939,1.1433746814727783,22.879144837311106,4.7705472950828005,23.039344124740317,True,0.8291792869567871,392.0,186.0,True,OFFBOARD
28.452,TAKEOFF,True,-12.65926113373417,-5.841156988871424,18.27680197753539,0.03773440736696663,0.0328061615938081,1.2321892524456526,-0.002013329448374529,0.0021468356490314208,-0.007115947166350753,10.000000003626253,7.924202100084607e-08,0.04992755344959976,0.0,0.0,0.0,0.0,-2.4940650090687922e-08,23.40002630736692,0.31288403272628784,0.13737206161022186,18.06788444519043,0.005984551273286343,0.004201700910925865,1.1443705558776855,22.762573573364374,4.744040392596845,22.91745957960328,True,0.8291792869567871,392.0,186.0,True,OFFBOARD
28.552,TAKEOFF,True,-12.655596534092123,-5.8379660961771505,18.395047352757317,0.038582799274764684,0.03365260263331536,1.2310469282402334,-0.002139639387448535,0.0021916938674544943,-0.007117652972751517,10.000000003626253,7.924202100084607e-08,0.04992755344959976,0.0,0.0,0.0,0.0,-2.4940650090687922e-08,23.395681301155033,0.3178185820579529,0.1401246041059494,18.186946868896484,0.007880361750721931,0.004292844329029322,1.143041729927063,22.774027034256815,4.743216574852447,22.923127049766975,True,0.8291792869567871,392.0,186.0,True,OFFBOARD
28.652,TAKEOFF,True,-12.651703469152409,-5.834553509118917,18.51805311358367,0.03916207492325238,0.03455238702904437,1.2292668250675052,-0.002105343765157901,0.0017103267254674765,-0.007119743022802926,10.000000003626253,7.924202100084607e-08,0.04992755344959976,0.0,0.0,0.0,0.0,-2.4940650090687922e-08,23.391059954481506,0.3216056823730469,0.14225082099437714,18.304180145263672,0.007190925069153309,0.004291518125683069,1.1399109363555908,22.863040606222512,4.76354148639258,23.010271963630437,True,0.8373727798461914,394.5,197.5,True,OFFBOARD
28.752,TAKEOFF,True,-12.647775462186534,-5.831056699825296,18.64095232518576,0.03936456534392052,0.03532151492617105,1.2290787142873503,-0.0019371810457845706,0.0015678149972191328,-0.007144654130462469,10.000000003626253,7.924202100084607e-08,0.04992755344959976,0.0,0.0,0.0,0.0,-2.4940650090687922e-08,23.386384002461313,0.3245401382446289,0.14405183494091034,18.42902946472168,0.005839825142174959,0.004227518569678068,1.137255311012268,22.793674808159714,4.74827181043469,22.936016532901174,True,0.8373727798461914,394.5,197.5,True,OFFBOARD
28.852,TAKEOFF,True,-12.643828000842566,-5.827493164185252,18.763933249030615,0.039618791372893064,0.03589833323995488,1.2305892735528756,-0.0017850422749584479,0.0017941795046592598,-0.00720916483436876,10.000000003626253,7.924202100084607e-08,0.04992755344959976,0.0,0.0,0.0,0.0,-2.4940650090687922e-08,23.38167282719859,0.32773104310035706,0.14574122428894043,18.5458927154541,0.0065101757645606995,0.005450794938951731,1.137060284614563,22.836406871073645,4.756710278359931,22.976107658748237,True,0.8373727798461914,394.5,197.5,True,OFFBOARD
28.951999999999998,TAKEOFF,True,-12.639846827447768,-5.8238812403458295,18.886933257434364,0.03996003811779638,0.03630254862909216,1.2287564609774622,-0.0016945213480911428,0.0016378595651631586,-0.007253675682672654,10.000000003626253,7.924202100084607e-08,0.04992755344959976,0.0,0.0,0.0,0.0,-2.4940650090687922e-08,23.376917208202126,0.33394619822502136,0.1481810063123703,18.676755905151367,0.008586856536567211,0.004660537466406822,1.1371535062789917,22.744068874193022,4.736701594576291,22.875054525418232,True,0.8235632181167603,397.5,208.0,True,OFFBOARD
29.052,TAKEOFF,True,-12.635846801324107,-5.82023041898691,19.00961218758677,0.03997433654856505,0.036723078434412026,1.2249939007830206,-0.0018809091548740045,0.0012434191377342395,-0.007276079437523267,10.000000003626253,7.924202100084607e-08,0.04992755344959976,0.0,0.0,0.0,0.0,-2.4940650090687922e-08,23.372133912625433,0.3383243680000305,0.14980222284793854,18.79505729675293,0.009041156619787216,0.0027971863746643066,1.1338056325912476,22.66567835243474,4.715861518169782,22.7894632107614,True,0.8235632181167603,397.5,208.0,True,OFFBOARD
29.152,TAKEOFF,True,-12.631866900792856,-5.816523574111894,19.13195712693749,0.03958186575795714,0.03742984000678004,1.2222628888601281,-0.0021451272278209164,0.0009259411799097279,-0.007332513317268425,10.000000003626253,7.924202100084607e-08,0.04992755344959976,0.0,0.0,0.0,0.0,-2.4940650090687922e-08,23.367356439900654,0.34187817573547363,0.15106497704982758,18.92155647277832,0.008343445137143135,0.003283813362941146,1.1307398080825806,22.73963516524655,4.72357244610664,22.85973190384727,True,0.8235632181167603,397.5,208.0,True,OFFBOARD
29.252,TAKEOFF,True,-12.627933307864101,-5.812739670399201,19.254128882486313,0.03915411374671905,0.038200027779981556,1.2213711806665388,-0.002025850037062665,0.0011773803311128795,-0.007382220297911551,10.000000003626253,7.924202100084607e-08,0.04992755344959976,0.0,0.0,0.0,0.0,-2.4940650090687922e-08,23.362604934944944,0.3456447124481201,0.15292692184448242,19.038578033447266,0.007642710115760565,0.005965501070022583,1.1291441917419434,22.828291989969546,4.731753092310283,22.94417306648431,True,0.8408569097518921,400.0,223.5,True,OFFBOARD
29.352,TAKEOFF,True,-12.623870440420992,-5.808740840560043,19.38100964458713,0.038988096367193054,0.038573816605293076,1.2183380006918993,-0.0014258861630801337,0.0011877553159859089,-0.007442856620354425,10.000000003626253,7.924202100084607e-08,0.04992755344959976,0.0,0.0,0.0,0.0,-2.4940650090687922e-08,23.35767507570943,0.3528459668159485,0.1570282280445099,19.169010162353516,0.009321323595941067,0.007068115286529064,1.1275516748428345,22.714354075436546,4.702328849404092,22.81878179549549,True,0.8408569097518921,400.0,223.5,True,OFFBOARD
29.452,TAKEOFF,True,-12.620143323631837,-5.805042521065239,19.49778622570515,0.03861523149178156,0.0384546750438042,1.2148785285449277,-0.0012543357926771,0.0008143445031614734,-0.007469766080367647,10.000000003626253,7.924202100084607e-08,0.04992755344959976,0.0,0.0,0.0,0.0,-2.4940650090687922e-08,23.353145478437817,0.3578662872314453,0.1598745882511139,19.28618621826172,0.01033334992825985,0.0061670695431530476,1.1246718168258667,22.653452683033372,4.686714065875575,22.750504354603816,True,0.8408569097518921,400.0,223.5,True,OFFBOARD
29.552,TAKEOFF,True,-12.61631951330266,-5.801205034951776,19.619164214115177,0.0378331753317438,0.03830041667664305,1.2131439078866018,-0.0012492252444316896,0.0004813911481412517,-0.007467216583747301,10.000000003626253,7.924202100084607e-08,0.04992755344959976,0.0,0.0,0.0,0.0,-2.4940650090687922e-08,23.348487943949774,0.3619531989097595,0.16227297484874725,19.41107177734375,0.009202158078551292,0.006944430526345968,1.1217079162597656,22.87123755892363,4.728123768584262,22.967692001387956,True,0.8597958087921143,401.5,235.5,True,OFFBOARD
29.652,TAKEOFF,True,-12.612433602610523,-5.797230628274118,19.74532936820239,0.036974470245270265,0.038131206096744016,1.2133406693548483,-0.0012173656584965155,0.0007219464965557132,-0.0074618021505633465,10.000000003626253,7.924202100084607e-08,0.04992755344959976,0.0,0.0,0.0,0.0,-2.4940650090687922e-08,23.34373657906194,0.3655347228050232,0.1647929549217224,19.526264190673828,0.007805508095771074,0.008035813458263874,1.1214174032211304,22.860269961788617,4.722717774339516,22.951858141149163,True,0.8597958087921143,401.5,235.5,True,OFFBOARD
29.752,TAKEOFF,True,-12.608761900673008,-5.793430116686579,19.866647256720412,0.036531353630448404,0.037848946638882205,1.2127527660877286,-0.000987261310150931,0.0010451226354309306,-0.00747197204585179,10.000000003626253,7.924202100084607e-08,0.04992755344959976,0.0,0.0,0.0,0.0,-2.4940650090687922e-08,23.339236240296955,0.37080127000808716,0.16901689767837524,19.6533260345459,0.006767668761312962,0.008710360154509544,1.1221883296966553,22.82252060397126,4.711797196378564,22.906692338557182,True,0.8597958087921143,401.5,235.5,True,OFFBOARD
29.852,TAKEOFF,True,-12.605263618841738,-5.789819914642434,19.983020453609797,0.036408348539035865,0.03735076331107256,1.2119245423413105,-0.0007938304530072361,0.0013383603357004052,-0.007456877057407134,10.000000003626253,7.924202100084607e-08,0.04992755344959976,0.0,0.0,0.0,0.0,-2.4940650090687922e-08,23.334951446336003,0.3742414116859436,0.17202430963516235,19.768848419189453,0.00574510870501399,0.008186956867575645,1.120560646057129,22.756177524936184,4.691421326771104,22.83365966235182,True,0.8670724034309387,406.5,248.5,True,OFFBOARD
29.951999999999998,TAKEOFF,True,-12.6016169776596,-5.786114317574487,20.104215054433723,0.03657974245372315,0.036802947972162596,1.2122223914465273,-0.0008730628215056479,0.0016722390561121944,-0.007395668827130724,10.000000003626253,7.924202100084607e-08,0.04992755344959976,0.0,0.0,0.0,0.0,-2.4940650090687922e-08,23.330499565628596,0.37678518891334534,0.1745082139968872,19.892452239990234,0.004433118272572756,0.008129906840622425,1.1195971965789795,22.788624879714533,4.690341462608625,22.86226822201679,True,0.8670724034309387,406.5,248.5,True,OFFBOARD
30.052,TAKEOFF,True,-12.59793584385232,-5.782459426204345,20.225536639846933,0.037061149830139674,0.03631561128003143,1.214124362539236,-0.0008675643017242583,0.0018836819687834208,-0.007333714915438003,10.000000003626253,7.924202100084607e-08,0.04992755344959976,0.0,0.0,0.0,0.0,-2.4940650090687922e-08,23.32602714777817,0.37965115904808044,0.1770012378692627,20.00652503967285,0.004957891069352627,0.008748384192585945,1.121335744857788,22.760379372789448,4.681436068406319,22.829518797379727,True,0.8670724034309387,406.5,248.5,True,OFFBOARD
30.152,TAKEOFF,True,-12.594054769146585,-5.778711993966697,20.351837883381528,0.037485337256695006,0.03573293718386373,1.2143757271173135,-0.0005995858327515748,0.001515980887806048,-0.007303382515044717,10.000000003626253,7.924202100084607e-08,0.04992755344959976,0.0,0.0,0.0,0.0,-2.4940650090687922e-08,23.32133838998326,0.38557350635528564,0.18116119503974915,20.132415771484375,0.006248572841286659,0.010195829905569553,1.123147964477539,22.74396937919128,4.672924594995103,22.805126714132243,True,0.8677066564559937,407.0,257.5,True,OFFBOARD
30.252,TAKEOFF,True,-12.59045613383033,-5.775323449535047,20.468402010288106,0.03740453847618193,0.03482510177899949,1.2141330148147709,-0.00012643238171507773,0.0010047602657083988,-0.007238941621638033,10.000000003626253,7.924202100084607e-08,0.04992755344959976,0.0,0.0,0.0,0.0,-2.4940650090687922e-08,23.317012466445952,0.38965103030204773,0.1842605620622635,20.247358322143555,0.007653384003788233,0.010949378833174706,1.1228103637695312,22.728935231903876,4.660080552580808,22.783252253079727,True,0.8677066564559937,407.0,257.5,True,OFFBOARD
30.352,TAKEOFF,True,-12.586594725018584,-5.771771406894266,20.59470034256765,0.036836674235199846,0.03351083731111327,1.2148518742364756,8.816072348770595e-05,0.0007738968336020762,-0.007205807052460048,10.000000003626253,7.924202100084607e-08,0.04992755344959976,0.0,0.0,0.0,0.0,-2.4940650090687922e-08,23.31239171608573,0.39290863275527954,0.18694819509983063,20.370943069458008,0.006484595593065023,0.011266530491411686,1.1223071813583374,22.741600016459856,4.6520784830361155,22.790379440727115,True,0.8677066564559937,407.0,257.5,True,OFFBOARD
30.452,TAKEOFF,True,-12.583082864310247,-5.768620478020793,20.71141126436592,0.03639005573557047,0.03218164471478415,1.2167717218153224,0.00017019455369791646,0.0010126557611768554,-0.007158297929360745,10.000000003626253,7.924202100084607e-08,0.04992755344959976,0.0,0.0,0.0,0.0,-2.4940650090687922e-08,23.308209175176074,0.3955833315849304,0.18967385590076447,20.48555564880371,0.005506138317286968,0.011757858097553253,1.1224232912063599,22.7438173536687,4.647001497455305,22.78840348971355,True,0.8677066564559937,407.0,257.5,True,OFFBOARD
30.552,TAKEOFF,True,-12.579310740262796,-5.765351773201853,20.837981965922356,0.036214411039392,0.03070450714881063,1.2166793165877188,0.00040646182431996764,0.0013205090337429593,-0.007079082099105641,10.000000003626253,7.924202100084607e-08,0.04992755344959976,0.0,0.0,0.0,0.0,-2.4940650090687922e-08,23.303745528381945,0.4005260467529297,0.19530145823955536,20.61428451538086,0.005435798317193985,0.013486943207681179,1.1239317655563354,22.787719337852696,4.652680986019105,22.826621644644014,True,0.8684175610542297,411.0,270.5,True,OFFBOARD
30.652,TAKEOFF,True,-12.575831983686273,-5.762483571828464,20.9547051762432,0.036273265306192376,0.029090652340242,1.2150982697539374,0.0006357484619045539,0.001431541443674729,-0.007075849437638064,10.000000003626253,7.924202100084607e-08,0.04992755344959976,0.0,0.0,0.0,0.0,-2.4940650090687922e-08,23.29966539991976,0.4038126468658447,0.19940707087516785,20.730810165405273,0.005127207841724157,0.013690353371202946,1.1230124235153198,22.86131136995245,4.662289347819857,22.896649691937544,True,0.8684175610542297,411.0,270.5,True,OFFBOARD
30.752,TAKEOFF,True,-12.572052074296812,-5.759557283231776,21.08100481918229,0.0364064884428985,0.027261337729315296,1.21394185758272,0.0006568650703668788,0.0013718910523125888,-0.007115756882384371,10.000000003626253,7.924202100084607e-08,0.04992755344959976,0.0,0.0,0.0,0.0,-2.4940650090687922e-08,23.295279264694322,0.4063570201396942,0.202898770570755,20.85542869567871,0.00538732809945941,0.012503870762884617,1.1217995882034302,22.782165818396315,4.644455014599085,22.812370355686532,True,0.8684175610542297,411.0,270.5,True,OFFBOARD
30.852,TAKEOFF,True,-12.568413868252396,-5.75691686408091,21.202409739508273,0.0363256253751009,0.025652696976923395,1.2142604285913356,0.00047342247399512113,0.0011872662596745863,-0.007109181929987414,10.000000003626253,7.924202100084607e-08,0.04992755344959976,0.0,0.0,0.0,0.0,-2.4940650090687922e-08,23.291101248861615,0.40872296690940857,0.20598137378692627,20.972021102905273,0.005518890451639891,0.011769396252930164,1.1213698387145996,22.855062280382146,4.656658905469073,22.88332753483575,True,0.8557467460632324,414.5,284.0,True,OFFBOARD
30.951999999999998,TAKEOFF,True,-12.564932818281468,-5.754522324327902,21.318853844997456,0.03620608298300544,0.024283287966481607,1.211076196282561,0.0005545658231180357,0.0012142859126434463,-0.007085641863671747,10.000000003626253,7.924202100084607e-08,0.04992755344959976,0.0,0.0,0.0,0.0,-2.4940650090687922e-08,23.28713639223158,0.4125211834907532,0.2103629857301712,21.10320472717285,0.00511635048314929,0.01206299103796482,1.1226208209991455,22.619169616374386,4.60854456053625,22.638004235944848,True,0.8557467460632324,414.5,284.0,True,OFFBOARD
31.052,TAKEOFF,True,-12.561172658281688,-5.752083370398991,21.4445209128198,0.03612391573390295,0.022647540471388714,1.2060628029384934,0.0007834136326450408,0.0012708118028338822,-0.007056760994686285,10.000000003626253,7.924202100084607e-08,0.04992755344959976,0.0,0.0,0.0,0.0,-2.4940650090687922e-08,23.282890196280533,0.41500407457351685,0.21352922916412354,21.221309661865234,0.005040327552706003,0.012175261043012142,1.1179835796356201,22.720909163329917,4.625962576383204,22.738139103107358,True,0.8557467460632324,414.5,284.0,True,OFFBOARD
31.152,TAKEOFF,True,-12.557562610600536,-5.749905190249143,21.56498523795842,0.036096983116801366,0.020986399502125608,1.2036995777225583,0.0008064796529663416,0.0013966774564972192,-0.007057182276435075,10.000000003626253,7.924202100084607e-08,0.04992755344959976,0.0,0.0,0.0,0.0,-2.4940650090687922e-08,23.278853960255095,0.4168037474155426,0.2162165343761444,21.346519470214844,0.0028592085000127554,0.012269021943211555,1.1143503189086914,22.871059111813658,4.662002180139887,22.890141851410192,True,0.8557467460632324,414.5,284.0,True,OFFBOARD
31.252,TAKEOFF,True,-12.554086897574544,-5.747965443361855,21.680530081563965,0.03638367715632507,0.019511307489720527,1.203827439157149,0.0007338941555727974,0.001890851003599154,-0.007072749232164744,10.000000003626253,7.924202100084607e-08,0.04992755344959976,0.0,0.0,0.0,0.0,-2.4940650090687922e-08,23.2750068441657,0.4184924066066742,0.21832479536533356,21.461105346679688,0.0016320310533046722,0.012531532905995846,1.113188624382019,22.737393588140087,4.637253794940516,22.75214898541103,True,0.8570063710212708,417.5,295.5,True,OFFBOARD
31.352,TAKEOFF,True,-12.550412177842682,-5.74609171813191,21.8008898456544,0.037109741128842647,0.01802174556317741,1.2029599537720057,0.0008102577351394294,0.002048494627434675,-0.007112566422419394,10.000000003626253,7.924202100084607e-08,0.04992755344959976,0.0,0.0,0.0,0.0,-2.4940650090687922e-08,23.270983230151458,0.42326289415359497,0.22052724659442902,21.588483810424805,0.0025798561982810497,0.0126081807538867,1.1150879859924316,22.761761659082744,4.640408639122774,22.7715585455796,True,0.8570063710212708,417.5,295.5,True,OFFBOARD
31.452,TAKEOFF,True,-12.546668969152945,-5.744367104035804,21.92109723018783,0.03768764136491173,0.016560825517396738,1.2015274993131022,0.0007044741139487131,0.0018127811051723876,-0.007137861310033546,10.000000003626253,7.924202100084607e-08,0.04992755344959976,0.0,0.0,0.0,0.0,-2.4940650090687922e-08,23.26693009626331,0.4264190196990967,0.22213159501552582,21.703371047973633,0.0027403454296290874,0.011776965111494064,1.1133912801742554,22.746057500816605,4.632692832223077,22.751248588922305,True,0.8570063710212708,417.5,295.5,True,OFFBOARD
31.552,TAKEOFF,True,-12.542729189859205,-5.742717466998844,22.046059161863624,0.038015241802792143,0.015237808615338612,1.2019131374315875,0.0006304139639880021,0.001572928167803826,-0.007179168294274526,10.000000003626253,7.924202100084607e-08,0.04992755344959976,0.0,0.0,0.0,0.0,-2.4940650090687922e-08,23.26270500837605,0.4288250803947449,0.22358903288841248,21.826017379760742,0.0031929812394082546,0.01150851882994175,1.112843632698059,22.704913579936708,4.619657329066983,22.70571591701288,True,0.8709499835968018,420.0,308.0,True,OFFBOARD
31.652,TAKEOFF,True,-12.539070824104908,-5.741312812297067,22.161534397965987,0.0382055240335261,0.014094735627122728,1.2037883457381149,0.0005509628217297156,0.0016403613884800206,-0.007248092029660262,10.000000003626253,7.924202100084607e-08,0.04992755344959976,0.0,0.0,0.0,0.0,-2.4940650090687922e-08,23.258813114517142,0.4314620792865753,0.22467324137687683,21.940425872802734,0.0030426366720348597,0.011769085191190243,1.1145424842834473,22.832974447899712,4.6414658824565675,22.832779367291735,True,0.8709499835968018,420.0,308.0,True,OFFBOARD
31.752,TAKEOFF,True,-12.53508211297415,-5.739904538425847,22.286707152761917,0.0384860244521967,0.013070179371013584,1.2027191395204315,0.000377850912362301,0.0016211759122042998,-0.007324152183477624,10.000000003626253,7.924202100084607e-08,0.04992755344959976,0.0,0.0,0.0,0.0,-2.4940650090687922e-08,23.254600212040803,0.4366005063056946,0.22541143000125885,22.06880760192871,0.004736048635095358,0.010842222720384598,1.1170997619628906,22.715510109394863,4.6189069042654785,22.707985722758394,True,0.8709499835968018,420.0,308.0,True,OFFBOARD
31.852,TAKEOFF,True,-12.53137956248441,-5.738691832498271,22.402047039065508,0.03860829303103134,0.012232094423042312,1.200442892154572,0.00040068093725375523,0.0014002935292060231,-0.007342744256970519,10.000000003626253,7.924202100084607e-08,0.04992755344959976,0.0,0.0,0.0,0.0,-2.4940650090687922e-08,23.250712892511974,0.4400707483291626,0.22603656351566315,22.184528350830078,0.004357601050287485,0.011143239215016365,1.1157982349395752,22.740194885944337,4.617298558021715,22.72836814330145,True,0.8645725846290588,422.0,318.5,True,OFFBOARD
31.951999999999998,TAKEOFF,True,-12.527369214536536,-5.737469869321237,22.526841057089868,0.03848627200321437,0.01129932360016988,1.1999495941885001,0.00045661926128068775,0.0012445698316114332,-0.007318826844087935,10.000000003626253,7.924202100084607e-08,0.04992755344959976,0.0,0.0,0.0,0.0,-2.4940650090687922e-08,23.246525015625345,0.442693829536438,0.2267146110534668,22.30803680419922,0.0034073463175445795,0.01049946341663599,1.1138170957565308,22.637968506206214,4.590129503583407,22.620115107955808,True,0.8645725846290588,422.0,318.5,True,OFFBOARD
32.052,TAKEOFF,True,-12.523527247297439,-5.736384975381262,22.646893171936348,0.038387308760727046,0.010455736355803484,1.201159804747876,0.0003415416040465878,0.0014284874953786066,-0.007297109630936378,10.000000003626253,7.924202100084607e-08,0.04992755344959976,0.0,0.0,0.0,0.0,-2.4940650090687922e-08,23.2425341414831,0.4451014995574951,0.22750408947467804,22.423032760620117,0.0024722437374293804,0.009691297076642513,1.1145089864730835,22.658776330818476,4.5882547158970475,22.637656582226892,True,0.8645725846290588,422.0,318.5,True,OFFBOARD
32.152,TAKEOFF,True,-12.51968150266063,-5.735374513874438,22.766978070479006,0.0385669011631626,0.009818297692794546,1.2000119155131974,0.00016042933383919478,0.0016850759337070026,-0.007280497785964637,10.000000003626253,7.924202100084607e-08,0.04992755344959976,0.0,0.0,0.0,0.0,-2.4940650090687922e-08,23.23855797737814,0.44914451241493225,0.22880995273590088,22.551513671875,0.002505682175979018,0.010069482028484344,1.1163402795791626,22.755602487578145,4.604166734631671,22.731515883605383,True,0.8645725846290588,422.0,318.5,True,OFFBOARD
32.252,TAKEOFF,True,-12.515966202861813,-5.734459522029424,22.882055660192446,0.03880214533267644,0.009232263035625314,1.1977258609046002,0.0004195836720519481,0.001585429018391795,-0.007307486886800513,10.000000003626253,7.924202100084607e-08,0.04992755344959976,0.0,0.0,0.0,0.0,-2.4940650090687922e-08,23.234731785203092,0.45181235671043396,0.22997529804706573,22.667762756347656,0.002905254252254963,0.012201587669551373,1.1134603023529053,22.719077012343387,4.599032436898565,22.691842929267548,True,0.8838633894920349,424.5,330.5,True,OFFBOARD
32.352,TAKEOFF,True,-12.512076060458416,-5.733586864098159,23.00178800962278,0.03900438399156166,0.008164299839199914,1.1972510687605793,0.0010413311521295307,0.0016244142084703413,-0.007373591439448756,10.000000003626253,7.924202100084607e-08,0.04992755344959976,0.0,0.0,0.0,0.0,-2.4940650090687922e-08,23.23074660771743,0.4537939131259918,0.2312881052494049,22.791303634643555,0.002503206254914403,0.01348519790917635,1.112518072128296,22.736122604189664,4.606452554298534,22.707801211319925,True,0.8838633894920349,424.5,330.5,True,OFFBOARD
32.452,TAKEOFF,True,-12.508008182708565,-5.732821397082096,23.126367760297384,0.03924826226074066,0.006572406045067974,1.1987564505465098,0.0013720629015462078,0.0018104976907717405,-0.007403131596743355,10.000000003626253,7.924202100084607e-08,0.04992755344959976,0.0,0.0,0.0,0.0,-2.4940650090687922e-08,23.22661565091906,0.4557376801967621,0.23255376517772675,22.90468406677246,0.0022820851299911737,0.01374190766364336,1.1128038167953491,22.754709091570188,4.609482668546992,22.724472108948948,True,0.8838633894920349,424.5,330.5,True,OFFBOARD
32.552,TAKEOFF,True,-12.504060811565543,-5.732252217760605,23.24628857562289,0.039676812104047374,0.004878301653715861,1.1991870730795025,0.0014455841028422397,0.0017864862088575928,-0.00740635742742064,10.000000003626253,7.924202100084607e-08,0.04992755344959976,0.0,0.0,0.0,0.0,-2.4940650090687922e-08,23.222649925672624,0.46103236079216003,0.2339657098054886,23.030534744262695,0.0036503083538264036,0.013931043446063995,1.1154999732971191,22.736713054075715,4.603289918345377,22.70015295958286,True,0.8864826560020447,425.0,339.0,True,OFFBOARD
32.652,TAKEOFF,True,-12.5002412727316,-5.7318616672264335,23.361382970468682,0.03981829982645467,0.0033606357480447015,1.198844292556556,0.0012697272563434593,0.0013519830869016668,-0.0073435900373973306,10.000000003626253,7.924202100084607e-08,0.04992755344959976,0.0,0.0,0.0,0.0,-2.4940650090687922e-08,23.218852180393114,0.46459659934043884,0.2351091504096985,23.14484214782715,0.004186547361314297,0.012653559446334839,1.1150213479995728,22.741995253973524,4.600603466363865,22.70110198735022,True,0.8864826560020447,425.0,339.0,True,OFFBOARD
32.752,TAKEOFF,True,-12.496270872615323,-5.731595930849894,23.48132825415685,0.039559726098456455,0.002040722918997253,1.2002807392412582,0.0011398680336324393,0.0010857406209990018,-0.007268829532833967,10.000000003626253,7.924202100084607e-08,0.04992755344959976,0.0,0.0,0.0,0.0,-2.4940650090687922e-08,23.214939072936126,0.4673478603363037,0.23628175258636475,23.266847610473633,0.004653926007449627,0.013397028669714928,1.115243911743164,22.727415641015845,4.595135848070885,22.682817872261143,True,0.8864826560020447,425.0,339.0,True,OFFBOARD
32.852,TAKEOFF,True,-12.492336786422007,-5.731458709887148,23.60142767417052,0.03911932078797914,0.0007400067173949184,1.1991018760408483,0.0012996079329594522,0.0009770872211778533,-0.007229868768838967,10.000000003626253,7.924202100084607e-08,0.04992755344959976,0.0,0.0,0.0,0.0,-2.4940650090687922e-08,23.211092911115678,0.47054052352905273,0.237798810005188,23.380746841430664,0.004099081736057997,0.014294877648353577,1.116225242614746,22.667774807392696,4.582204481057713,22.618379041996025,True,0.8714614510536194,428.5,351.0,True,OFFBOARD
32.952,TAKEOFF,True,-12.488292545321183,-5.731460599049255,23.72429193697547,0.038690726203281615,-0.0007678141001113201,1.1566471594550112,0.0017061957423221022,0.0010748467142095526,-0.007192743300080972,10.000000003626253,7.924202100084607e-08,0.04992755344959976,0.0,0.0,0.0,0.0,-2.4940650090687922e-08,23.207174392283175,0.4768891930580139,0.24045559763908386,23.50899314880371,0.0042833127081394196,0.014994327910244465,1.0967819690704346,22.7382839486445,4.594942664025023,22.683281378040874,True,0.8714614510536194,428.5,351.0,True,OFFBOARD
33.052,TAKEOFF,True,-12.484443508861073,-5.731623696371239,23.836186507892812,0.03830177891512054,-0.0024369451881313675,1.081434402613007,0.0018627602955869531,0.0010632650805856608,-0.007131164082336716,10.000000003626253,7.924202100084607e-08,0.04992755344959976,0.0,0.0,0.0,0.0,-2.4940650090687922e-08,23.20348489282178,0.48104327917099,0.24254606664180756,23.62123680114746,0.0026122615672647953,0.014108166098594666,1.0350825786590576,22.82196672303554,4.607547029036998,22.763349791415315,True,0.8714614510536194,428.5,351.0,True,OFFBOARD
33.152,TAKEOFF,True,-12.480780940749991,-5.731935234413655,23.935937969633272,0.038073209953254174,-0.0039586408055957735,0.9994459652990954,0.0017075855024292136,0.0014926425989968228,-0.007096119312683204,10.000000003626253,7.924202100084607e-08,0.04992755344959976,0.0,0.0,0.0,0.0,-2.4940650090687922e-08,23.200012808379288,0.4839198887348175,0.2444368302822113,23.73349952697754,-0.0010264201555401087,0.013108914718031883,0.9508134126663208,22.732307793507243,4.589539742456084,22.668715968898763,True,0.8780159950256348,431.5,359.5,True,OFFBOARD
33.252,TAKEOFF,True,-12.476960875121847,-5.7324022071685485,24.031707419144322,0.038415358563278226,-0.00527883323826322,0.9197129596567206,0.0014540761216269343,0.00213809410513255,-0.007104005339337932,10.000000003626253,7.924202100084607e-08,0.04992755344959976,0.0,0.0,0.0,0.0,-2.4940650090687922e-08,23.1964265851018,0.4867537319660187,0.24560460448265076,23.830585479736328,-0.0026337220333516598,0.012061400339007378,0.8724167943000793,22.804947733097382,4.607508672819999,22.740448337126377,True,0.8780159950256348,431.5,359.5,True,OFFBOARD
33.352,TAKEOFF,True,-12.47308283405895,-5.7329891170459035,24.119531439150627,0.03912514008188429,-0.0063862264852307836,0.8393205382304781,0.0013145688997807299,0.0022126952179197315,-0.007160513412802115,10.000000003626253,7.924202100084607e-08,0.04992755344959976,0.0,0.0,0.0,0.0,-2.4940650090687922e-08,23.192813916258963,0.4923896789550781,0.2459627091884613,23.931116104125977,-0.0018313504988327622,0.011441978625953197,0.7932538986206055,22.850542332698833,4.619135507806797,22.781826757630398,True,0.8780159950256348,431.5,359.5,True,OFFBOARD
33.452,TAKEOFF,True,-12.469140323942582,-5.7336754985187,24.199541336082206,0.03965525137445479,-0.0072418350359324665,0.7645709775121562,0.0009716843130436363,0.0019126607193525,-0.00716521728364715,10.000000003626253,7.924202100084607e-08,0.04992755344959976,0.0,0.0,0.0,0.0,-2.4940650090687922e-08,23.189163475446673,0.49727362394332886,0.2461855411529541,24.01447868347168,-0.0009119331953115761,0.010059220716357231,0.7209104299545288,22.647540799488155,4.583264081948631,22.57087916358264,True,0.8811624050140381,433.0,369.5,True,OFFBOARD
33.552,TAKEOFF,True,-12.465162513398885,-5.734430217046566,24.272359261406542,0.0398129380628768,-0.007783391629573135,0.6955430944455336,0.0006981325374200253,0.0014353199060348838,-0.00712248760748978,10.000000003626253,7.924202100084607e-08,0.04992755344959976,0.0,0.0,0.0,0.0,-2.4940650090687922e-08,23.18549584846836,0.5044963359832764,0.245982363820076,24.09784698486328,1.7074431525543332e-05,0.007921198382973671,0.6500780582427979,22.619768246508364,4.576638001956547,22.535301860249913,True,0.8811624050140381,433.0,369.5,True,OFFBOARD
33.652,TAKEOFF,True,-12.461189961455645,-5.735225469748299,24.33883896300299,0.03960547251049029,-0.008090402377666747,0.6374892797382795,0.0006009193205961705,0.0011902988870027592,-0.0070705618524587385,10.000000003626253,7.924202100084607e-08,0.04992755344959976,0.0,0.0,0.0,0.0,-2.4940650090687922e-08,23.181843471675997,0.5091742873191833,0.24592077732086182,24.165334701538086,-0.00025205081328749657,0.008138961158692837,0.5906667709350586,22.798176241999634,4.611461264774307,22.712497702440043,True,0.8811624050140381,433.0,369.5,True,OFFBOARD
33.752,TAKEOFF,True,-12.457085944260958,-5.73608331641995,24.402396720763317,0.03936410011700732,-0.0084178941858454,0.5883571354028178,0.0007860943435025147,0.0013875353595369916,-0.0070495385081880005,10.000000003626253,7.924202100084607e-08,0.04992755344959976,0.0,0.0,0.0,0.0,-2.4940650090687922e-08,23.178079342188436,0.5125395059585571,0.2460615634918213,24.230512619018555,-0.0017328079557046294,0.008517861366271973,0.5367345213890076,22.67114633381475,4.585769017163976,22.579568581684036,True,0.8811624050140381,433.0,369.5,True,OFFBOARD
33.852,TAKEOFF,True,-12.453148789067786,-5.736955006019423,24.459173867538528,0.039430959847137646,-0.009034192974998984,0.5489027000831721,0.0010420099700499408,0.0017191325010732694,-0.007046512709052639,10.000000003626253,7.924202100084607e-08,0.04992755344959976,0.0,0.0,0.0,0.0,-2.4940650090687922e-08,23.174480454956587,0.5155883431434631,0.24611173570156097,24.28596305847168,-0.002329076174646616,0.008178068324923515,0.4972652792930603,22.62752428607641,4.572274340058449,22.5311649504349,True,0.8710338473320007,434.0,374.0,True,OFFBOARD
33.952,TAKEOFF,True,-12.449350160651958,-5.737852955378498,24.51011033773418,0.039712547942814896,-0.00962567752835392,0.5138606113997203,0.0009569549014681332,0.0018399233731817373,-0.007027301494920484,10.000000003626253,7.924202100084607e-08,0.04992755344959976,0.0,0.0,0.0,0.0,-2.4940650090687922e-08,23.171022425548728,0.5207566022872925,0.24574236571788788,24.34343147277832,-0.001708406489342451,0.00856828037649393,0.45954200625419617,22.66569724348947,4.578373325989817,22.564797518264474,True,0.8710338473320007,434.0,374.0,True,OFFBOARD
34.052,TAKEOFF,True,-12.445362123111634,-5.738847779027555,24.559721087176985,0.04002927336719848,-0.01027003620928918,0.479848096586725,0.0011462511246760388,0.0018475374211904007,-0.007041761712084315,10.000000003626253,7.924202100084607e-08,0.04992755344959976,0.0,0.0,0.0,0.0,-2.4940650090687922e-08,23.167405028202122,0.5239952206611633,0.2456899732351303,24.391544342041016,-0.0019019205356016755,0.00874333456158638,0.42659804224967957,22.768030037606305,4.597997624240375,22.665825968326555,True,0.8710338473320007,434.0,374.0,True,OFFBOARD
34.152,TAKEOFF,True,-12.44134029343067,-5.739917218144092,24.606052373614503,0.04041614331995458,-0.011117931246606049,0.44856217319064545,0.001373150625585588,0.002049971896466978,-0.007034083002151303,10.000000003626253,7.924202100084607e-08,0.04992755344959976,0.0,0.0,0.0,0.0,-2.4940650090687922e-08,23.163773546405242,0.5261945724487305,0.24592122435569763,24.438467025756836,-0.0034504495561122894,0.009331118315458298,0.39309263229370117,22.663085055176655,4.573349583579351,22.555898484620453,True,0.8788628578186035,434.5,382.5,True,OFFBOARD
34.252,TAKEOFF,True,-12.43726604372935,-5.741079102191979,24.6494711867758,0.04109907891799287,-0.01208885658712285,0.42108338347483576,0.0014341351209046815,0.0024307121985777075,-0.007021433150750988,10.000000003626253,7.924202100084607e-08,0.04992755344959976,0.0,0.0,0.0,0.0,-2.4940650090687922e-08,23.16011437465954,0.5281198024749756,0.24631230533123016,24.479562759399414,-0.0040738265961408615,0.009260345250368118,0.36682620644569397,22.703833778772275,4.58672945749532,22.596493343289964,True,0.8788628578186035,434.5,382.5,True,OFFBOARD
34.352,TAKEOFF,True,-12.433109350745141,-5.742336163192067,24.690076067904986,0.04199656633406965,-0.013002539208250811,0.3913918653448623,0.0014052527468155914,0.002429297684555243,-0.007000763792302409,10.000000003626253,7.924202100084607e-08,0.04992755344959976,0.0,0.0,0.0,0.0,-2.4940650090687922e-08,23.156399133422223,0.5334373712539673,0.24687810242176056,24.527711868286133,-0.0022563699167221785,0.010120858438313007,0.34127742052078247,22.7183723769237,4.594807316573649,22.6069863019613,True,0.8788628578186035,434.5,382.5,True,OFFBOARD
34.452,TAKEOFF,True,-12.428705256851117,-5.743740952021566,24.728991291007535,0.042591985716093954,-0.014006911056740573,0.3586799110241078,0.0016185007209432046,0.0019933926294628665,-0.00701590363760345,10.000000003626253,7.924202100084607e-08,0.04992755344959976,0.0,0.0,0.0,0.0,-2.4940650090687922e-08,23.152481091571723,0.536789059638977,0.24753603339195251,24.567012786865234,-0.002273890422657132,0.009584791958332062,0.31278762221336365,22.786970996127977,4.6141089162873,22.6746015389135,True,0.8763744235038757,435.5,386.0,True,OFFBOARD
34.552,TAKEOFF,True,-12.424602616171203,-5.74513680481253,24.762071227723627,0.04283235293037746,-0.015023975742789311,0.33230129550764137,0.0016282895359228282,0.0017958690195775246,-0.006994169602615886,10.000000003626253,7.924202100084607e-08,0.04992755344959976,0.0,0.0,0.0,0.0,-2.4940650090687922e-08,23.148853113542167,0.5390844941139221,0.24825774133205414,24.604564666748047,-0.0034005800262093544,0.009115483611822128,0.2835489809513092,22.688854096316483,4.592593496177625,22.57178651727608,True,0.8763744235038757,435.5,386.0,True,OFFBOARD
34.652,TAKEOFF,True,-12.420305009076039,-5.746692086180152,24.79401707002774,0.04318898787293598,-0.016032242378814194,0.30787403726975476,0.001591246125315818,0.0022854391423527266,-0.006975970674505581,10.000000003626253,7.924202100084607e-08,0.04992755344959976,0.0,0.0,0.0,0.0,-2.4940650090687922e-08,23.14507610068993,0.5414928197860718,0.24894683063030243,24.637046813964844,-0.004799896385520697,0.009338067844510078,0.26061293482780457,22.606070945373883,4.573896636984025,22.484456824385312,True,0.8763744235038757,435.5,386.0,True,OFFBOARD
34.752,TAKEOFF,True,-12.415770021295039,-5.748412785365888,24.824688554125814,0.04404160365980656,-0.01702212852914339,0.2825881030541817,0.001625781317377088,0.0026336870918744117,-0.006933782920016524,10.000000003626253,7.924202100084607e-08,0.04992755344959976,0.0,0.0,0.0,0.0,-2.4940650090687922e-08,23.14111052374431,0.5466745495796204,0.24958154559135437,24.672136306762695,-0.0041429572738707066,0.008666539564728737,0.2394239604473114,22.77462728705962,4.606411888318892,22.650912863170788,True,0.8745908737182617,436.0,388.0,True,OFFBOARD
34.852,TAKEOFF,True,-12.411497889876665,-5.75009230087509,24.850647273998124,0.044897807572340964,-0.01790952286855943,0.2595169889515108,0.001531160594114777,0.0025096379396073874,-0.006931879145801077,10.000000003626253,7.924202100084607e-08,0.04992755344959976,0.0,0.0,0.0,0.0,-2.4940650090687922e-08,23.137389658523855,0.5498659014701843,0.2501533329486847,24.70047378540039,-0.004338471218943596,0.007871084846556187,0.2172897905111313,22.617150175100914,4.577319356825955,22.48753879399495,True,0.8745908737182617,436.0,388.0,True,OFFBOARD
34.952,TAKEOFF,True,-12.406785619411389,-5.751998925163355,24.876440466459893,0.04568818775322892,-0.018684243643020595,0.23789869944938963,0.0012854004558997241,0.0025016998035539166,-0.0069418429482704935,10.000000003626253,7.924202100084607e-08,0.04992755344959976,0.0,0.0,0.0,0.0,-2.4940650090687922e-08,23.133299256773707,0.5519794821739197,0.25071364641189575,24.72785186767578,-0.005014217924326658,0.006960692349821329,0.19531074166297913,22.728015056936762,4.5992468958347805,22.598369304763644,True,0.8745908737182617,436.0,388.0,True,OFFBOARD
35.052,TRANSIT,True,-12.402362709367127,-5.753816448875741,24.898425808035363,0.046433700474920014,-0.019137001069234407,0.22107895473064643,0.0011441921803113802,0.002611103109382208,-0.0069303275160030025,10.000000003626253,7.924202100084607e-08,0.04992755344959976,0.0,0.0,0.0,0.0,-2.4940650090687922e-08,23.129467347169008,0.5556647777557373,0.250130295753479,24.75273323059082,-0.005106999073177576,0.007183290086686611,0.17654205858707428,22.739212988872076,4.601879164819437,22.60636037610521,True,0.8745908737182617,436.0,388.0,True,OFFBOARD
35.152,TRANSIT,True,-12.397687028623047,-5.75576045915791,24.91992005963954,0.046269048163909934,-0.020142249049043832,0.21223590299777143,0.0056272861202564415,-0.005789096759348881,-0.006806027217499761,10.000000003626253,7.924202100084607e-08,0.04992755344959976,0.0,0.0,0.0,0.0,-2.4940650090687922e-08,23.12542245603289,0.5625882744789124,0.2477494478225708,24.77518081665039,-0.0036367604043334723,0.006743330508470535,0.16609176993370056,22.62954336966749,4.5789426326380775,22.487991052498696,True,0.8734912276268005,436.5,392.0,True,OFFBOARD
35.252,TRANSIT,True,-12.393992945582754,-5.758457549795442,24.9414190409606,0.018473312091519915,-0.03453903894383229,0.1993734481037594,0.025654330331481526,-0.04868328344071875,-0.006819504511403533,10.000000003626253,7.924202100084607e-08,0.04992755344959976,0.0,0.0,0.0,0.0,-2.4940650090687922e-08,23.122516179573594,0.5673511624336243,0.24569647014141083,24.797414779663086,-0.01858244091272354,-0.0012655527098104358,0.15744303166866302,22.56997606800004,4.520634197223438,22.414071368349855,True,0.8734912276268005,436.5,392.0,True,OFFBOARD
35.352,TRANSIT,True,-12.394930369807579,-5.763043262540579,24.959563717999824,-0.038760796601056434,-0.06099837304761109,0.17915034714059805,0.03361588986623134,-0.07034505616629469,-0.007053408728652778,10.000000003626253,7.924202100084607e-08,0.04992755344959976,0.0,0.0,0.0,0.0,-2.4940650090687922e-08,23.124566482211378,0.5669293403625488,0.24298200011253357,24.81637954711914,-0.06830159574747086,-0.022807719185948372,0.13942399621009827,22.61898601750635,4.54279744442894,22.46734556077207,True,0.8734912276268005,436.5,392.0,True,OFFBOARD
35.452,TRANSIT,True,-12.402694568059136,-5.7710232595932665,24.977132962206188,-0.10659608863580246,-0.09051624614668154,0.16014667077304306,0.0297518434086802,-0.06472030836888187,-0.006690150864230755,10.000000003626253,7.924202100084607e-08,0.04992755344959976,0.0,0.0,0.0,0.0,-2.4940650090687922e-08,23.134075180339575,0.5619215369224548,0.2377157360315323,24.83529281616211,-0.13221338391304016,-0.048640910536050797,0.12191548943519592,22.66816707301201,4.5830087495472664,22.52926237308244,True,0.8665509819984436,436.5,393.5,True,OFFBOARD
35.552,TRANSIT,True,-12.41613919806347,-5.781255617147077,24.992346868648088,-0.15717448854148103,-0.11190846223208943,0.14472166666697994,0.02214159801381573,-0.04793409915411734,-0.006168726988743039,10.000000003626253,7.924202100084607e-08,0.04992755344959976,0.0,0.0,0.0,0.0,-2.4940650090687922e-08,23.149648250817165,0.5545918345451355,0.22817428410053253,24.856565475463867,-0.19050325453281403,-0.07108224183320999,0.1069968044757843,22.762113421892266,4.614439097559039,22.636548634150767,True,0.8665509819984436,436.5,393.5,True,OFFBOARD
35.652,TRANSIT,True,-12.43295596157179,-5.792723980012843,25.00552860259152,-0.189560309329874,-0.12549136271774752,0.13062977204710025,0.01643069549847892,-0.03479404741862519,-0.005912405522291749,10.000000003626253,7.924202100084607e-08,0.04992755344959976,0.0,0.0,0.0,0.0,-2.4940650090687922e-08,23.168797236006547,0.5406160950660706,0.21839135885238647,24.872652053833008,-0.2290167361497879,-0.08617068082094193,0.09396065771579742,22.742795193011816,4.609122559001815,22.632173496357446,True,0.8665509819984436,436.5,393.5,True,OFFBOARD
35.752,TRANSIT,True,-12.454010100745363,-5.806322717889021,25.01839764346544,-0.21301475122252614,-0.13493994801622117,0.11780884843351903,0.012489210888745226,-0.027279264607690198,-0.0057930215041527055,10.000000003626253,7.924202100084607e-08,0.04992755344959976,0.0,0.0,0.0,0.0,-2.4940650090687922e-08,23.192584034378452,0.5200017690658569,0.207175150513649,24.887205123901367,-0.25596627593040466,-0.09595423936843872,0.08125242590904236,22.72109078624532,4.605166584112776,22.63251382853301,True,0.8943213224411011,464.5,480.5,True,OFFBOARD
35.852,TRANSIT,True,-12.475300428100242,-5.81958047345466,25.02921719694998,-0.2292621005441977,-0.14065748429803948,0.10840192333799137,0.010274641594804465,-0.024003833633688812,-0.005785025930880789,10.000000003626253,7.924202100084607e-08,0.04992755344959976,0.0,0.0,0.0,0.0,-2.4940650090687922e-08,23.21651669190903,0.49884429574012756,0.19600558280944824,24.89956283569336,-0.2729109525680542,-0.10235770791769028,0.07107606530189514,22.653933072215082,4.59692096071964,22.58796172426837,True,0.8943213224411011,464.5,480.5,True,OFFBOARD
35.952,TRANSIT,True,-12.498961095858006,-5.833858482599595,25.039554950803275,-0.2428724853160807,-0.14438876763219707,0.09825098829111371,0.008183533890006596,-0.02126885772391179,-0.005794664556196452,10.000000003626253,7.924202100084607e-08,0.04992755344959976,0.0,0.0,0.0,0.0,-2.4940650090687922e-08,23.243002307698514,0.4791284203529358,0.1813270002603531,24.918018341064453,-0.2866848409175873,-0.1065993681550026,0.06498770415782928,22.625991258299216,4.592502947664732,22.58189555377858,True,0.8943213224411011,464.5,480.5,True,OFFBOARD
36.052,TRANSIT,True,-12.523811558170015,-5.848398151124517,25.048757713709467,-0.2531346301895887,-0.14598659601486744,0.08626789419472278,0.006080185956179634,-0.018011672800260153,-0.005782515879180354,10.000000003626253,7.924202100084607e-08,0.04992755344959976,0.0,0.0,0.0,0.0,-2.4940650090687922e-08,23.270707963709693,0.45879027247428894,0.1685604602098465,24.93099594116211,-0.29533296823501587,-0.10812438279390335,0.055616434663534164,22.704855951484017,4.604569678091566,22.68403879330015,True,0.8713851571083069,450.5,439.0,True,OFFBOARD
36.152,TRANSIT,True,-12.550537598581846,-5.863579366599871,25.05710753451014,-0.2599032450448775,-0.1456835293266792,0.07516475660771764,0.004310577086453603,-0.014297852191686583,-0.005822283816616257,10.000000003626253,7.924202100084607e-08,0.04992755344959976,0.0,0.0,0.0,0.0,-2.4940650090687922e-08,23.300392916564753,0.4377691149711609,0.15571720898151398,24.941905975341797,-0.3019849956035614,-0.10849889367818832,0.04458466172218323,22.79184343793587,4.619044422231435,22.795304969426653,True,0.8713851571083069,450.5,439.0,True,OFFBOARD
36.252,ACQUIRE,True,-12.576701939066446,-5.878061617411294,25.064199714720658,-0.26266978138644914,-0.1437704134632704,0.06746045878655367,0.0025408350651230332,-0.010687899388188675,-0.005893120402367583,10.000000003626253,7.924202100084607e-08,0.04992755344959976,0.0,0.0,0.0,0.0,-2.4940650090687922e-08,23.329360898208233,0.41512295603752136,0.14429327845573425,24.949874877929688,-0.3050394356250763,-0.10789798945188522,0.03553244471549988,22.65683028359906,4.587568694074312,22.68118694565928,True,0.8713851571083069,450.5,439.0,True,OFFBOARD
36.352,ACQUIRE,True,-12.602944983780327,-5.892272398720484,25.065846926630243,-0.2613120879869858,-0.1404748884803413,-0.13121460663193152,-0.00032751932408434315,-0.003915792345602528,-0.005945840948344784,10.000000003626253,7.924202100084607e-08,0.04992755344959976,0.0,0.0,0.0,0.0,-2.4940650090687922e-08,23.358338919073045,0.3881857097148895,0.1324755996465683,24.956085205078125,-0.3053344488143921,-0.10519571602344513,-0.0006839116686023772,22.72720052990332,4.604248213783008,22.782193341492366,True,0.8933302760124207,441.0,422.5,True,OFFBOARD
36.452,ACQUIRE,True,-12.627620365161617,-5.905510989072105,25.03163301921769,-0.2506053607838554,-0.1346249508556604,-0.5376452420311949,-0.009134894894467702,0.02134452981128887,-0.005955973445805259,10.000000003626253,7.924202100084607e-08,0.04992755344959976,0.0,0.0,0.0,0.0,-2.4940650090687922e-08,23.385556750523694,0.3630656898021698,0.12064596265554428,24.939762115478516,-0.3081676661968231,-0.10975167155265808,-0.42331913113594055,22.858718127795093,4.639246279922352,22.944980441006713,True,0.8933302760124207,441.0,422.5,True,OFFBOARD
36.552,ACQUIRE,True,-12.652010054253067,-5.918779785759616,24.961162613269256,-0.2151847537663578,-0.11933089641117607,-0.7786350451866517,-0.02018311865669635,0.04956150300980127,-0.006120324772467865,10.000000003626253,7.924202100084607e-08,0.04992755344959976,0.0,0.0,0.0,0.0,-2.4940650090687922e-08,23.412507656221162,0.339037150144577,0.1050756499171257,24.884586334228516,-0.287295401096344,-0.10644201189279556,-0.7385858297348022,22.892035792727878,4.652107991711082,23.00680879413059,True,0.8933302760124207,441.0,422.5,True,OFFBOARD
36.652,ACQUIRE,True,-12.670766583273846,-5.929539022094879,24.877207019680018,-0.15949542813226927,-0.09558039894722746,-0.8813415656642252,-0.027384569990344197,0.06495038855227005,-0.006281034347912856,10.000000003626253,7.924202100084607e-08,0.04992755344959976,0.0,0.0,0.0,0.0,-2.4940650090687922e-08,23.433375591066454,0.317982017993927,0.09263111650943756,24.811182022094727,-0.24301783740520477,-0.09267139434814453,-0.8772541284561157,22.851465609499314,4.640095468300392,22.987764458499484,True,0.8685917258262634,436.0,408.0,True,OFFBOARD
36.752,ACQUIRE,True,-12.682815643293477,-5.937306258339942,24.790466905715377,-0.09201766534839029,-0.06646170617564677,-0.9170369569107678,-0.03393301510181776,0.08015868411126843,-0.0065548024313931315,10.000000003626253,7.924202100084607e-08,0.04992755344959976,0.0,0.0,0.0,0.0,-2.4940650090687922e-08,23.44699836265694,0.2992881238460541,0.08193749934434891,24.72041130065918,-0.17644102871418,-0.06939298659563065,-0.9386990070343018,22.84792830968051,4.641080525713341,23.00493337015166,True,0.8685917258262634,436.0,408.0,True,OFFBOARD
36.852,ACQUIRE,True,-12.687664876849581,-5.942105770285348,24.69829384647616,-0.005500149471691822,-0.029996846144402328,-0.9226862700122668,-0.04095754122314414,0.10011057862267439,-0.006909833255341578,10.000000003626253,7.924202100084607e-08,0.04992755344959976,0.0,0.0,0.0,0.0,-2.4940650090687922e-08,23.45290514319631,0.28933438658714294,0.0745733231306076,24.633798599243164,-0.0984460785984993,-0.04153461009263992,-0.9528599977493286,22.856194977761817,4.641498750309771,23.02433505660757,True,0.8685917258262634,436.0,408.0,True,OFFBOARD
36.952,ACQUIRE,True,-12.682952771720451,-5.942966569807185,24.60622879485648,0.09840678206145291,0.011930919674291168,-0.9181162993267149,-0.04762873789283295,0.12111421491533185,-0.007304968179273202,10.000000003626253,7.924202100084607e-08,0.04992755344959976,0.0,0.0,0.0,0.0,-2.4940650090687922e-08,23.448564971023707,0.29112789034843445,0.06885728985071182,24.542720794677734,0.0058799926191568375,-0.005237055942416191,-0.9480809569358826,22.805018267813466,4.626901102931742,22.970655700925885,True,0.884687602519989,415.5,328.0,True,OFFBOARD
37.052,ACQUIRE,True,-12.66702991117517,-5.939408267034082,24.514728945484535,0.21736939851226908,0.057879775761008605,-0.912028162021818,-0.05235941634058515,0.13822132563384465,-0.007605091600869114,10.000000003626253,7.924202100084607e-08,0.04992755344959976,0.0,0.0,0.0,0.0,-2.4940650090687922e-08,23.43226016973858,0.30119940638542175,0.06801913678646088,24.457305908203125,0.11858238279819489,0.03249816969037056,-0.9418370127677917,22.70933510888375,4.600707527274282,22.861973005557576,True,0.884687602519989,415.5,328.0,True,OFFBOARD
37.152,ACQUIRE,True,-12.637283360952766,-5.930721486538485,24.420275296317136,0.3505598851265335,0.10732608705122659,-0.904411031906718,-0.05449215881311685,0.14889449979170663,-0.007733325341740134,10.000000003626253,7.924202100084607e-08,0.04992755344959976,0.0,0.0,0.0,0.0,-2.4940650090687922e-08,23.401283221632525,0.323336124420166,0.07204744219779968,24.363712310791016,0.25167158246040344,0.07552949339151382,-0.934162437915802,22.793263404765113,4.609480330015837,22.923479866622408,True,0.884687602519989,415.5,328.0,True,OFFBOARD
37.252,ACQUIRE,True,-12.597362182274898,-5.918155571184702,24.333812237910912,0.4757588156264532,0.1523387064328027,-0.8972411879158416,-0.0545377735549395,0.15260298315986037,-0.007653456708324557,10.000000003626253,7.924202100084607e-08,0.04992755344959976,0.0,0.0,0.0,0.0,-2.4940650090687922e-08,23.359480817506903,0.3555205762386322,0.07977316528558731,24.277442932128906,0.37841489911079407,0.1148163229227066,-0.9255358576774597,22.727928426621393,4.591725736236065,22.822847084147387,True,0.8846294283866882,396.0,259.0,True,OFFBOARD
37.352,ACQUIRE,True,-12.540711920316145,-5.899789933713078,24.240866710451467,0.6075248962549282,0.1984937037318865,-0.8909811858034979,-0.052912164794071105,0.15157751889507096,-0.0074309248623839275,10.000000003626253,7.924202100084607e-08,0.04992755344959976,0.0,0.0,0.0,0.0,-2.4940650090687922e-08,23.30002609945155,0.40412843227386475,0.09158388525247574,24.18618392944336,0.5151591897010803,0.15520967543125153,-0.9167541265487671,22.64348177112171,4.570013652464428,22.685792252199896,True,0.8846294283866882,396.0,259.0,True,OFFBOARD
37.452,ACQUIRE,True,-12.476599954736745,-5.87875170027074,24.155565116385237,0.722018672531402,0.23754536053893882,-0.886263264119325,-0.050235870852707136,0.14716862040843845,-0.007165067294386111,10.000000003626253,7.924202100084607e-08,0.04992755344959976,0.0,0.0,0.0,0.0,-2.4940650090687922e-08,23.23267673285642,0.4655904471874237,0.10813481360673904,24.094379425048828,0.6436466574668884,0.192869633436203,-0.9125989079475403,22.68741267594317,4.5741287879245105,22.666152857180368,True,0.8846294283866882,396.0,259.0,True,OFFBOARD
37.552,ACQUIRE,True,-12.395258475566248,-5.85196840800125,24.0636940563307,0.835998695744185,0.27519617484153996,-0.880688841400937,-0.04635961505610401,0.14039805645714573,-0.006863834053971697,10.000000003626253,7.924202100084607e-08,0.04992755344959976,0.0,0.0,0.0,0.0,-2.4940650090687922e-08,23.14720582544537,0.533153235912323,0.12726996839046478,24.0091495513916,0.7529236078262329,0.22453701496124268,-0.9081494808197021,22.68267317984188,4.574148103930124,22.591501917731673,True,0.8628235459327698,387.5,202.0,True,OFFBOARD
37.652,ACQUIRE,True,-12.31018944634087,-5.82402488606219,23.979376651101997,0.9304434446546352,0.3047962767363179,-0.8763154809091955,-0.04143060367714442,0.13192400976588528,-0.006549600956116704,10.000000003626253,7.924202100084607e-08,0.04992755344959976,0.0,0.0,0.0,0.0,-2.4940650090687922e-08,23.057836413894325,0.6098766326904297,0.15054965019226074,23.92520523071289,0.8529446125030518,0.25324931740760803,-0.9029471278190613,22.654007713747973,4.569748685662954,22.48272748653847,True,0.8628235459327698,387.5,202.0,True,OFFBOARD
37.752,ACQUIRE,True,-12.208515973942017,-5.790895081094685,23.888335280587317,1.018913944389179,0.33013700021755066,-0.8753344347365947,-0.03518648236013073,0.12083016946392397,-0.006218799356082688,10.000000003626253,7.924202100084607e-08,0.04992755344959976,0.0,0.0,0.0,0.0,-2.4940650090687922e-08,22.951092537914533,0.7014685869216919,0.18124279379844666,23.837976455688477,0.9461988806724548,0.2801612317562103,-0.8990458250045776,22.666069340895127,4.576527211196682,22.400049361357983,True,0.8628235459327698,387.5,202.0,True,OFFBOARD
37.852,ACQUIRE,True,-12.102833180279788,-5.756920271472501,23.800723689762666,1.0895022319488137,0.3475389561411046,-0.8769206020653164,-0.028804852420763794,0.1084949400650265,-0.005995682653679284,10.000000003626253,7.924202100084607e-08,0.04992755344959976,0.0,0.0,0.0,0.0,-2.4940650090687922e-08,22.840257587865533,0.7942686080932617,0.21114633977413177,23.756179809570312,1.0196791887283325,0.2978954315185547,-0.8990588784217834,22.640395094805996,4.574029289973384,22.27752208192354,True,0.8628235459327698,387.5,202.0,True,OFFBOARD
37.952,ACQUIRE,True,-11.990848778789548,-5.721536043097453,23.712956255288674,1.145546514835483,0.3587461465445784,-0.8781100595877089,-0.02316139466377074,0.09552235812134327,-0.005853126209933977,10.000000003626253,7.924202100084607e-08,0.04992755344959976,0.0,0.0,0.0,0.0,-2.4940650090687922e-08,22.722970883454344,0.9021656513214111,0.24460282921791077,23.666152954101562,1.083359718322754,0.30999061465263367,-0.9007139205932617,22.562456612081764,4.562000539256354,22.086378777233758,True,0.8836838006973267,392.0,210.5,True,OFFBOARD
38.052,ACQUIRE,True,-11.87875681415394,-5.68677798011174,23.628654817068735,1.1858230063585276,0.364330689399618,-0.8778345520024026,-0.017935181279307513,0.0825511853017599,-0.005768190712376496,10.000000003626253,7.924202100084607e-08,0.04992755344959976,0.0,0.0,0.0,0.0,-2.4940650090687922e-08,22.605739195786335,1.0078777074813843,0.276675283908844,23.582443237304688,1.1294513940811157,0.31723225116729736,-0.9020789265632629,22.58658688231354,4.573445088522761,22.0023389757959,True,0.8836838006973267,392.0,210.5,True,OFFBOARD
38.104,ACQUIRE,True,-11.821429330052716,-5.669259687877846,23.58653048806642,1.2010145242986037,0.36531850688487,-0.8773899608193942,-0.015331334474142738,0.07606305827638683,-0.0057253784610720474,10.000000003626253,7.924202100084607e-08,0.04992755344959976,0.0,0.0,0.0,0.0,-2.4940650090687922e-08,22.545848497491264,1.0920445919036865,0.30303046107292175,23.52023696899414,1.1561365127563477,0.3204985558986664,-0.9019753336906433,22.62115521290391,4.578976447219978,21.949631391158068,True,0.8836838006973267,392.0,210.5,True,OFFBOARD
38.2,ACQUIRE,True,-11.695215379802875,-5.631324685239053,23.495324752636545,1.2228612395892167,0.3633416246493851,-0.8766206492301545,-0.009510980348149633,0.06205306692217316,-0.005709571380796658,10.000000003997405,7.946904647343339e-08,0.049999996287036885,-1.2859186330353632e-13,1.215129911838822e-12,6.321574060536463e-07,1.2219151238745264e-12,-2.736293577365439e-08,22.414151537702676,1.2060160636901855,0.3374447226524353,23.436771392822266,1.1803333759307861,0.3214637041091919,-0.9011139869689941,22.50250528408438,4.56416621873561,21.711877572421454,True,0.8836838006973267,392.0,210.5,True,OFFBOARD
38.252,ACQUIRE,True,-11.636369456053673,-5.61395200582541,23.45325351869585,1.2281266179819175,0.36056559473028665,-0.8763437970073414,-0.0069314434231085445,0.05584417762500187,-0.005736079572576691,10.000000004175178,7.959180670119046e-08,0.049999996287036885,-1.2859184236924938e-13,1.2151298758399218e-12,6.321574060605852e-07,1.2219150858724437e-12,-2.8578711524447773e-08,22.352828488513122,1.2538872957229614,0.351493239402771,23.401756286621094,1.1863292455673218,0.32039114832878113,-0.9016311168670654,22.591273811654602,4.587348093785657,21.753770470372725,True,0.8648176193237305,406.5,249.5,True,OFFBOARD
38.304,ACQUIRE,True,-11.567502091094163,-5.593891230885577,23.404205145953693,1.230593945130705,0.3559924129331664,-0.8754069510968919,-0.004187374467530014,0.048610743899223374,-0.005774326182935081,10.000000004337263,7.973381500310333e-08,0.04992755344873767,-3.921808604518041e-09,4.793127823463084e-09,-0.01811021350130107,6.19311368073667e-09,-2.9803715021769036e-08,22.28113028173082,1.3210902214050293,0.37085211277008057,23.352680206298828,1.191795825958252,0.3181384205818176,-0.9011772274971008,22.51088796326341,4.570350111605892,21.601928427413434,True,0.8648176193237305,406.5,249.5,True,OFFBOARD
38.4,ACQUIRE,True,-11.454407328144171,-5.56160586479466,23.32376329734233,1.2266452263424694,0.34581041660431705,-0.8732428397456632,-0.0003958169570703843,0.03817235918415514,-0.0058269388996259105,10.000000004708484,7.99600798545675e-08,0.04999999651757947,1.997320632023474e-13,-1.886319484084584e-12,6.636450581094559e-08,1.896864279042704e-12,-3.222603940737011e-08,22.163552393258016,1.4457156658172607,0.4057493507862091,23.261371612548828,1.1897093057632446,0.3105093240737915,-0.9005863666534424,22.473241147417713,4.571875052663178,21.43626439571961,True,0.8648176193237305,406.5,249.5,True,OFFBOARD
38.452,ACQUIRE,True,-11.390774697953544,-5.5438136952541965,23.278405080060814,1.2208313048778363,0.33891919164783807,-0.8714192037029435,0.0013016089805697204,0.0333341880029288,-0.005848802532167379,10.000000004870564,8.010209569336927e-08,0.04992755344873501,-3.921808717317968e-09,4.793127828667254e-09,-0.01811021350195806,6.193113756195317e-09,-3.345104221845608e-08,22.097491114667523,1.4851146936416626,0.417163223028183,23.233776092529297,1.1879160404205322,0.3082761764526367,-0.8997268676757812,22.53181665769812,4.589487292234406,21.45628000614961,True,0.8648176193237305,406.5,249.5,True,OFFBOARD
38.552,ACQUIRE,True,-11.264722602089494,-5.509395759696617,23.18790998328423,1.2025025678559145,0.3231400456576171,-0.8692809938716438,0.004642943639063951,0.0239057062469831,-0.005898060613487326,10.000000005301047,8.036928816183749e-08,0.049999996287036774,-1.2859185865643564e-13,1.2151296179183893e-12,6.321574334555049e-07,1.2219148310971626e-12,-3.6278624470255774e-08,21.96683568682121,1.6149680614471436,0.45554980635643005,23.145143508911133,1.1751292943954468,0.29999738931655884,-0.8971506953239441,22.453853857254703,4.579918355379487,21.24310657928545,True,0.8688218593597412,421.5,306.0,True,OFFBOARD
38.652,ACQUIRE,True,-11.145728465202762,-5.477980126899048,23.101066366744085,1.177235050929189,0.3054887767677147,-0.8676619553903362,0.007823890462239013,0.01565606455148087,-0.00596643735900658,10.00000000565659,8.061480109513893e-08,0.04999999651757936,1.9973206790625213e-13,-1.886319482496397e-12,6.636450629650163e-08,1.896864277958648e-12,-3.871017654479523e-08,21.84376569452312,1.7313871383666992,0.488477885723114,23.061931610107422,1.1551967859268188,0.28934240341186523,-0.8959856629371643,22.518581735121476,4.601876293129879,21.1902691266866,True,0.8688218593597412,421.5,306.0,True,OFFBOARD
38.752,ACQUIRE,True,-11.0296035054993,-5.448437236579789,23.014444620927772,1.1455595087064712,0.2859248676040114,-0.8646059466827689,0.009998991449638882,0.008366782913535294,-0.006017613496733441,10.000000005996437,8.087957717436625e-08,0.04992755344872557,-3.921808955123614e-09,4.7931278373408714e-09,-0.0181102135043655,6.193113913499392e-09,-4.115095501408818e-08,21.723942852369078,1.8534796237945557,0.5215614438056946,22.970748901367188,1.1260857582092285,0.2754421532154083,-0.8961421847343445,22.596728841925838,4.625233342114569,21.14527160323258,True,0.8688218593597412,421.5,306.0,True,OFFBOARD
38.852,ACQUIRE,True,-10.921355175506083,-5.421961636859441,22.931689409697594,1.1104864552457747,0.26646112152800716,-0.8596582642360745,0.010805025121621742,0.0031453300697775973,-0.00608491287876287,10.000000006351973,8.112509764868561e-08,0.049927553448733564,-3.921809066099059e-09,4.793127839075595e-09,-0.018110213502359227,6.193113985117524e-09,-4.358250637356059e-08,21.612514234043868,1.963036060333252,0.5499963164329529,22.8869686126709,1.0936099290847778,0.26154476404190063,-0.8936320543289185,22.591793621918548,4.633704116481661,21.029082431975986,True,0.8649740219116211,433.5,348.0,True,OFFBOARD
38.952,ACQUIRE,True,-10.812341443236443,-5.396357195505291,22.846013909262616,1.0710051690557152,0.2465553612879576,-0.8539806283889897,0.010757417560424686,-0.0006345204603257303,-0.006170045851132783,10.00000000678246,8.139228526575441e-08,0.049999993795609265,5.184065450476125e-09,1.3726587470841434e-09,0.004999403227897238,5.362716348154808e-09,-4.641008893908375e-08,21.50056344592161,2.079333782196045,0.5790274143218994,22.79663848876953,1.0550463199615479,0.24622662365436554,-0.891473650932312,22.58880128051188,4.638564920294501,20.907369557810753,True,0.8649740219116211,433.5,348.0,True,OFFBOARD
39.052,ACQUIRE,True,-10.707363942225331,-5.372690129159772,22.760948042670634,1.0300420234239125,0.22777086434621835,-0.8475134311860082,0.01003102848971339,-0.0030644521489659885,-0.0062579936639905,10.000000007137993,8.163781061391469e-08,0.049999996287036774,-1.2859185453873055e-13,1.2151298758399218e-12,6.321574341561667e-07,1.2219150871531352e-12,-4.884163981824039e-08,21.39300637667815,2.1816415786743164,0.603791356086731,22.712718963623047,1.0170272588729858,0.23375585675239563,-0.8879584670066833,22.670359420125592,4.664661319964861,20.887274203450563,True,0.8649740219116211,433.5,348.0,True,OFFBOARD
39.152,ACQUIRE,True,-10.60650101068671,-5.350822541365009,22.676564650168924,0.9889605892289332,0.21057204811258845,-0.8403817450043378,0.008814034069027275,-0.003994452925273008,-0.006328408153795668,10.00000000749353,8.188332356396478e-08,0.04999999651757947,1.997320758444072e-13,-1.8863194673027436e-12,6.636450648385175e-08,1.8968642636853124e-12,-5.127319177164212e-08,21.289884615885764,2.28725266456604,0.6287619471549988,22.621870040893555,0.9748067855834961,0.22114819288253784,-0.883086621761322,22.54907892705364,4.65053745207758,20.65711213367511,True,0.8649740219116211,433.5,348.0,True,OFFBOARD
39.252,ACQUIRE,True,-10.505902761901643,-5.329800366342433,22.589581291385027,0.947503030756192,0.19466526440097626,-0.8326444001941502,0.0072549642539474,-0.003918829471873429,-0.006389903669027666,10.000000007908328,8.216976680089821e-08,0.049999993795609265,5.184065528123286e-09,1.3726588633106163e-09,0.004999403227898483,5.3627164529649854e-09,-5.411000133504256e-08,21.187232505116405,2.381706476211548,0.6499931812286377,22.5388240814209,0.9385111927986145,0.20986047387123108,-0.8778234124183655,22.52752630239688,4.656939903288492,20.540440075678713,True,0.8846083879470825,440.0,378.5,True,OFFBOARD
39.352,ACQUIRE,True,-10.413150068892337,-5.311030972207001,22.506624226950596,0.9093908848499445,0.18164136402963335,-0.8271573227538361,0.005281029948513336,-0.0034657971326804266,-0.006458346646820745,10.000000008263862,8.241529215920152e-08,0.049999996287036774,-1.2859185133919594e-13,1.2151289521504928e-12,6.321574338093886e-07,1.2219141682561818e-12,-5.654155213714674e-08,21.092741569925533,2.4832208156585693,0.6709399819374084,22.450803756713867,0.899911642074585,0.19989876449108124,-0.8721214532852173,22.575691044589238,4.67247734747189,20.48706082355968,True,0.8846083879470825,440.0,378.5,True,OFFBOARD
39.452,ACQUIRE,True,-10.324098007761203,-5.293439104138148,22.42416190113592,0.8735610986221404,0.1710221217506839,-0.8222348830750741,0.003149643214872575,-0.0018834171314295444,-0.006495250838313393,10.000000008619399,8.266080511939003e-08,0.04999999651757947,1.997320803424215e-13,-1.8863194549678263e-12,6.636450627585148e-08,1.8968642518925885e-12,-5.8973104013490265e-08,21.00212985874968,2.5717709064483643,0.6894245147705078,22.369291305541992,0.8651623129844666,0.19223693013191223,-0.8691017627716064,22.55084450132064,4.666868540850411,20.37114240021706,True,0.8846083879470825,440.0,378.5,True,OFFBOARD
39.56,ACQUIRE,True,-10.231752556406663,-5.275480510863251,22.335673544755213,0.8385229344784161,0.16238022669545663,-0.8164424247993216,0.0004942637776911717,0.0007188797682722667,-0.0065342644254889415,10.000000009034192,8.294725323553531e-08,0.049999996287036774,-1.2859186354672742e-13,1.2151282546188607e-12,6.321574340312667e-07,1.2219134758826007e-12,-6.180991305892533e-08,20.908240178572992,2.6898999214172363,0.7146276235580444,22.253896713256836,0.8234907388687134,0.18484070897102356,-0.8662014007568359,22.579345958915933,4.677755322191811,20.280444887483384,True,0.8742583990097046,438.5,394.5,True,OFFBOARD
39.652,ACQUIRE,True,-10.159153444229048,-5.261427041220574,22.26408054373077,0.8130832728663488,0.15754410903651647,-0.8109926297070973,-0.001522837706128046,0.0030282530883956474,-0.006536446713709191,10.00000000931479,8.317110172694273e-08,0.049927553448702366,-3.921809656375888e-09,4.79312785642283e-09,-0.01811021351016411,6.193114372338014e-09,-6.384543344643622e-08,20.834444637398253,2.7451298236846924,0.7262495756149292,22.200498580932617,0.8066469430923462,0.18269185721874237,-0.8629806637763977,22.603659313909994,4.693244497408412,20.250882504811567,True,0.8742583990097046,438.5,394.5,True,OFFBOARD
39.752,ACQUIRE,True,-10.079208209546566,-5.245866247774484,22.183216067588926,0.787385370701794,0.15416763191914773,-0.8067341321959538,-0.003685335864436927,0.00539255150255669,-0.006568212285336971,10.000000009745268,8.34382893755511e-08,0.049999993795609265,5.1840656550695e-09,1.3726590419871343e-09,0.004999403227897016,5.362716621416817e-09,-6.667301577930004e-08,20.75316159717908,2.8362514972686768,0.7449837327003479,22.11504554748535,0.7837314605712891,0.18161900341510773,-0.859710693359375,22.658560522120975,4.713070889906034,20.215579407079122,True,0.8742583990097046,438.5,394.5,True,OFFBOARD
39.852,ACQUIRE,True,-9.998607825905294,-5.229921419091699,22.09953492229767,0.7641246031569268,0.15285663076808498,-0.8025717724691591,-0.005705921213688824,0.00817954086630727,-0.0065765588963105515,10.000000010100802,8.368380721615645e-08,0.04999999651757936,1.9973208679074674e-13,-1.886319443241714e-12,6.636450645626271e-08,1.8968642409106447e-12,-6.91045671281069e-08,20.671148838503342,2.9160399436950684,0.7622751593589783,22.0354061126709,0.76433926820755,0.18283258378505707,-0.8582373261451721,22.648335078410053,4.715968842987806,20.12449167128112,True,0.8346217274665833,432.5,392.5,True,OFFBOARD
39.904,ACQUIRE,True,-9.959163066010607,-5.221973176362427,22.057868069391123,0.7539314826333707,0.15291436545263257,-0.800152414484874,-0.006631675403849232,0.009816674179416781,-0.006562087841791401,10.000000010262887,8.382582307956278e-08,0.04992755344867095,-3.921809864924261e-09,4.793127859892277e-09,-0.018110213518006856,6.193114507087106e-09,-7.032956976157606e-08,20.630976599167578,2.967332363128662,0.7738756537437439,21.982318878173828,0.7530518174171448,0.1836312711238861,-0.8574641942977905,22.69329832615713,4.727567653813778,20.118285553346126,True,0.8346217274665833,432.5,392.5,True,OFFBOARD
40.0,ACQUIRE,True,-9.8876154384842,-5.2072387357313215,21.98130126316004,0.7379776652032822,0.15427369432383678,-0.79514920169458,-0.008499273450322016,0.013582356477066543,-0.006542885153517878,10.000000010618425,8.407134359260848e-08,0.049927553448691375,-3.921809931795169e-09,4.793127865096447e-09,-0.01811021351290027,6.193114553461066e-09,-7.276112083636835e-08,20.55802968131541,3.0479576587677,0.7929619550704956,21.89575958251953,0.7366946339607239,0.1875920593738556,-0.8545864224433899,22.60719103999943,4.714755480332562,19.94853565844564,True,0.8346217274665833,432.5,392.5,True,OFFBOARD
40.052,ACQUIRE,True,-9.84943843826114,-5.199179398757485,21.940024456428354,0.7310952759662003,0.15565631150272927,-0.7926943058143908,-0.00931851885338549,0.015692888450457528,-0.006533505420592922,10.000000010871135,8.421577099604533e-08,0.049999993795609265,5.184065733275605e-09,1.3726591573462454e-09,0.004999403227893873,5.36271672654531e-09,-7.437292754687175e-08,20.51905636334334,3.073284387588501,0.7980120778083801,21.869722366333008,0.7333219051361084,0.189232736825943,-0.853350043296814,22.60719103999943,4.714755480332562,19.922710357436827,True,0.8346217274665833,432.5,392.5,True,OFFBOARD
40.152,ACQUIRE,True,-9.776892681084243,-5.183436956128802,21.860944623972514,0.7208069793270778,0.15924911837469993,-0.7893337416335585,-0.010760790707682209,0.018910282331727812,-0.006491980252699035,10.000000011226668,8.446129638121171e-08,0.049999996287036774,-1.2859186348551605e-13,1.2151292594116944e-12,6.321574346559338e-07,1.2219144750894352e-12,-7.680447815076957e-08,20.444889437630668,3.1546146869659424,0.8143669962882996,21.78605079650879,0.7237877249717712,0.19293378293514252,-0.8507372736930847,22.59391497307594,4.71286645247674,19.826363600606587,True,0.875413715839386,425.5,385.0,True,OFFBOARD
40.252,ACQUIRE,True,-9.705208030681941,-5.167270717142347,21.782135992272536,0.713674970538859,0.16408158559510294,-0.7869286493700047,-0.012211781508472961,0.02183752535356458,-0.006431995353804764,10.00000001158221,8.4706809368416e-08,0.04999999651757936,1.997320937617855e-13,-1.8863194369419064e-12,6.636450697651322e-08,1.89686423537988e-12,-7.923602983064517e-08,20.371448439631255,3.227304220199585,0.8306890726089478,21.708621978759766,0.7178637981414795,0.1979648917913437,-0.8502619862556458,22.609829647439923,4.725097471135964,19.769893998505303,True,0.875413715839386,425.5,385.0,True,OFFBOARD
40.352,ACQUIRE,True,-9.634073091343774,-5.150563859802121,21.703581738101438,0.7097264144401336,0.1699645947462986,-0.7841725221781707,-0.013324810822924518,0.025043115548357826,-0.006349230520819299,10.00000001192206,8.497158550135772e-08,0.049927553448681716,-3.921810207014157e-09,4.793127878974235e-09,-0.018110213515307665,6.193114738485028e-09,-8.167680790653614e-08,20.298402291155572,3.304311990737915,0.8496930003166199,21.62346649169922,0.7150909900665283,0.20530623197555542,-0.849651575088501,22.772647079501372,4.761509348086901,19.857451454480792,True,0.875413715839386,425.5,385.0,True,OFFBOARD
40.452,ACQUIRE,True,-9.563171010197456,-5.133236815193052,21.625367378589342,0.7088246908320123,0.17633948494571744,-0.780010880659683,-0.01372118485111909,0.027997795396001977,-0.006298603576085575,10.000000012352537,8.523877317723628e-08,0.049999993795609377,5.184065834954546e-09,1.3726593056651026e-09,0.0049994032278868825,5.362716862801166e-09,-8.4504390034637e-08,20.225424137295484,3.3744723796844482,0.86750328540802,21.54464340209961,0.714086651802063,0.2120954394340515,-0.8493682742118835,22.716936325488202,4.750912338753643,19.728450962260695,True,0.875413715839386,425.5,385.0,True,OFFBOARD
40.552,ACQUIRE,True,-9.495050789783816,-5.115997097034362,21.550676602812565,0.7107347034818056,0.18261050386816488,-0.7763227308569458,-0.01430527939002906,0.03108368811603177,-0.006264391526518804,10.000000012708075,8.548429370907291e-08,0.04999999379560949,5.184065859581613e-09,1.372659337757487e-09,0.004999403227891604,5.362716894822295e-09,-8.693594096959857e-08,20.15515896646014,3.4500887393951416,0.8855599761009216,21.460460662841797,0.7161566615104675,0.21869556605815887,-0.8477358818054199,22.606150485945193,4.725988702651241,19.53723610036361,True,0.8745030760765076,422.0,366.5,True,OFFBOARD
40.652,ACQUIRE,True,-9.420891652598243,-5.09662423128569,21.470166087767545,0.7156304122526099,0.1896989484814791,-0.7721104608041005,-0.01475268146582146,0.033706192402869616,-0.0062674889196568774,10.000000013063614,8.572981157644722e-08,0.04999999651757958,1.997321003903198e-13,-1.8863194267245715e-12,6.636450714998558e-08,1.8968642259173018e-12,-8.936749211845407e-08,20.07851121269124,3.5254452228546143,0.9054581522941589,21.375572204589844,0.7215133309364319,0.22444169223308563,-0.8464564681053162,22.615394197750657,4.730301193468215,19.469349659240084,True,0.8745030760765076,422.0,366.5,True,OFFBOARD
40.752,ACQUIRE,True,-9.351894685008636,-5.078084104407359,21.396243160255516,0.7217022640065828,0.19624990804028994,-0.7681676760790408,-0.014791667530735918,0.03493562947652179,-0.006248506425496404,10.000000013419148,8.597533211485936e-08,0.04999999651757947,1.997321017242907e-13,-1.8863194220129507e-12,6.636450717063572e-08,1.896864221372335e-12,-9.1799043007597e-08,20.007067937697716,3.595123291015625,0.925230860710144,21.29681968688965,0.7265326380729675,0.2320043295621872,-0.8445892930030823,22.748203969612554,4.762368630260586,19.533666469543128,True,0.8745030760765076,422.0,366.5,True,OFFBOARD
40.852,ACQUIRE,True,-9.276444086473017,-5.057311688417108,21.316574639890902,0.7291269195136799,0.2028359276831399,-0.7642170787525937,-0.014262976004183088,0.03606840930062657,-0.006228496397385621,10.000000013833938,8.626177541445678e-08,0.049999993795609377,5.1840659372423105e-09,1.3726594513818746e-09,0.004999403227892132,5.362716998979527e-09,-9.463585210855676e-08,19.928815808736967,3.665228843688965,0.944762110710144,21.2193603515625,0.7316617965698242,0.23712345957756042,-0.8422027826309204,22.711127653156982,4.761139656663518,19.424494820554596,True,0.8549262285232544,418.0,355.0,True,OFFBOARD
40.952,ACQUIRE,True,-9.20607554763353,-5.037569351860076,21.243275567291402,0.7366671482774179,0.20811489627039412,-0.7634234509386844,-0.013680678990491243,0.037041739958303954,-0.006190609182685109,10.00000001418948,8.650729595962231e-08,0.049999993795609377,5.184065961573429e-09,1.3726594912805146e-09,0.004999403227885839,5.362717032712683e-09,-9.706740294442574e-08,19.85574084069461,3.7420434951782227,0.9632599949836731,21.139522552490234,0.73953777551651,0.24193058907985687,-0.8408758640289307,22.779323724575807,4.7723079965412705,19.414604946039518,True,0.8549262285232544,418.0,355.0,True,OFFBOARD
41.052,ACQUIRE,True,-9.131978043338407,-5.016501702390718,21.166891133523897,0.7450174604402332,0.2129394221918812,-0.76433912647588,-0.013184566696160827,0.03773106847055038,-0.006163763927411706,10.000000014545012,8.675282137489346e-08,0.04999999628703666,-1.2859187065055452e-13,1.2151295624377313e-12,6.32157434509884e-07,1.2219147771868223e-12,-9.949895332632953e-08,19.778722774937034,3.813788652420044,0.9812816977500916,21.065120697021484,0.7475549578666687,0.24502046406269073,-0.8421462178230286,22.764400124525856,4.772624448554833,19.32614692639969,True,0.8549262285232544,418.0,355.0,True,OFFBOARD
41.152,ACQUIRE,True,-9.057045374152644,-4.994986165551882,21.0903516707323,0.7531964506901248,0.2171348983991653,-0.7663752469475793,-0.012927979668048572,0.03740504637308584,-0.0061417140213343106,10.000000014900548,8.699833439207555e-08,0.04999999651757936,1.997321082424093e-13,-1.886319411186811e-12,6.636450733700264e-08,1.8968642112927098e-12,-1.0193050478340168e-07,19.700783401266033,3.89306640625,0.9995598196983337,20.985790252685547,0.7564569711685181,0.24581250548362732,-0.8460306525230408,22.71493080520068,4.764810596027701,19.194782959469375,True,0.8541560173034668,416.5,348.5,True,OFFBOARD
41.252,ACQUIRE,True,-8.981330435616343,-4.97306291178448,21.013620528456666,0.7606813286644335,0.22115374685681047,-0.7680502870453135,-0.01294765354605169,0.03694301703310374,-0.006118277025565363,10.000000015240401,8.726311055515408e-08,0.0499275534486584,-3.921810907964172e-09,4.793127894586746e-09,-0.018110213521107206,6.193115194447164e-09,-1.0437128263816557e-07,19.621984132016767,3.966549873352051,1.0183573961257935,20.91080665588379,0.7642616629600525,0.24707907438278198,-0.8494768738746643,22.63043349722602,4.7545042955703325,19.034162592027524,True,0.8541560173034668,416.5,348.5,True,OFFBOARD
41.352,ACQUIRE,True,-8.901828068760404,-4.94985124544234,20.933711563767837,0.767877340972096,0.22495635323279667,-0.7684192131317201,-0.012330592226672684,0.03684230332572101,-0.006049792144586201,10.000000015670878,8.753030313310763e-08,0.049999996287036774,-1.2859190012299974e-13,1.2151295762020167e-12,6.321574346557674e-07,1.2219147939762968e-12,-1.0719886407537171e-07,19.53919479282414,4.046628952026367,1.0404213666915894,20.82837677001953,0.7726373076438904,0.25008624792099,-0.852534830570221,22.6909700528045,4.770726292674141,19.013853631575437,True,0.8541560173034668,416.5,348.5,True,OFFBOARD
41.452,ACQUIRE,True,-8.824691033723504,-4.927205289741133,20.856910098464468,0.7745412402622637,0.22765065073947763,-0.7675814627853498,-0.011124751271352066,0.03668316778393867,-0.006029776500493261,10.000000016026414,8.77758161604423e-08,0.04999999651757947,1.99732113054623e-13,-1.8863194015253413e-12,6.636450748982484e-08,1.8968642021916555e-12,-1.0963041545620507e-07,19.458837219905167,4.1215009689331055,1.061547875404358,20.752910614013672,0.7797003984451294,0.25178736448287964,-0.8536914587020874,22.731091395932935,4.777200886041519,18.976905257605647,True,0.8504308462142944,418.0,346.0,True,OFFBOARD
41.552,ACQUIRE,True,-8.750044623354345,-4.905277417760695,20.78316352668546,0.780172286878583,0.22891636252497008,-0.7693050413247116,-0.00984519962839905,0.035775294114926616,-0.0060349446568567,10.000000016381948,8.802133672566027e-08,0.04999999651757936,1.9973211467802957e-13,-1.8863193995665776e-12,6.636450751774694e-08,1.896864200414719e-12,-1.1206196614713633e-07,19.381071213966347,4.20418643951416,1.0842143297195435,20.67436981201172,0.786064863204956,0.25146862864494324,-0.8535101413726807,22.6741482879442,4.764399422319717,18.83303621294925,True,0.8504308462142944,418.0,346.0,True,OFFBOARD
41.652,ACQUIRE,True,-8.671777153276468,-4.882363515241777,20.706061284189616,0.7847854483902451,0.22921665187378235,-0.7724885143142723,-0.009011299410297973,0.034688430596514976,-0.006000705105912772,10.000000016721799,8.828611290219267e-08,0.049927553448647743,-3.92181122138066e-09,4.79312790152564e-09,-0.018110213523843344,6.193115398289528e-09,-1.145027439035541e-07,19.299552767956108,4.280599117279053,1.1060458421707153,20.599475860595703,0.7918384671211243,0.2512655258178711,-0.8571156859397888,22.647193172768706,4.761769678334548,18.72688158678439,True,0.8504308462142944,418.0,346.0,True,OFFBOARD
41.752,ACQUIRE,True,-8.589947484944693,-4.85854085873769,20.62562063557291,0.7885765099787257,0.22882978399162784,-0.7738043482328991,-0.008351403475530627,0.03387961399647954,-0.005992856804872251,10.000000017152274,8.855330549570314e-08,0.04999999628703666,-1.2859191140408894e-13,1.2151299461436564e-12,6.321574348290732e-07,1.2219151630508731e-12,-1.1733032522439055e-07,19.21435838812279,4.36362361907959,1.1304295063018799,20.51595687866211,0.7974379658699036,0.2509291470050812,-0.8608218431472778,22.718836524590152,4.778693342084013,18.71426380657538,True,0.860836923122406,418.5,347.5,True,OFFBOARD
41.852,ACQUIRE,True,-8.514105899750327,-4.836617669843583,20.55138377486132,0.7911967504253526,0.22782483358271144,-0.7726734977201493,-0.00749690050347961,0.03295756336514603,-0.00597452854013258,10.000000017507809,8.879882607101286e-08,0.049999996287036774,-1.2859188753992827e-13,1.2151290957225773e-12,6.321574348566623e-07,1.2219143148407132e-12,-1.197618758382726e-07,19.135438047211455,4.440476894378662,1.1534397602081299,20.439170837402344,0.8016529679298401,0.2507678270339966,-0.8621630072593689,22.7030288287607,4.780024912331444,18.619154734348236,True,0.860836923122406,418.5,347.5,True,OFFBOARD
41.952,ACQUIRE,True,-8.434890281600778,-4.8139260451555925,20.47411932019786,0.7928611031565255,0.22593626346624174,-0.7730423387375117,-0.00651216725011014,0.03187826554096658,-0.006006905942009397,10.000000017863348,8.904433911514836e-08,0.04999999651757958,1.9973212106024498e-13,-1.886319387125781e-12,6.636450767700843e-08,1.8968641887151033e-12,-1.2219342709794973e-07,19.053059207875506,4.523988246917725,1.1786739826202393,20.35855484008789,0.8054748773574829,0.24920520186424255,-0.8614373207092285,22.70421413089696,4.785707544588797,18.534597495216243,True,0.860836923122406,418.5,347.5,True,OFFBOARD
42.052,ACQUIRE,True,-8.352391715444524,-4.790572621058494,20.39366362542071,0.7934686348121304,0.22316839429636395,-0.7739678272834287,-0.00576460492929553,0.030930877411051324,-0.006010156510991345,10.000000018278138,8.933078246200409e-08,0.049999993795609377,5.184066244428924e-09,1.372659906746787e-09,0.004999403227893761,5.362717412489446e-09,-1.2503023585209022e-07,18.96733690430837,4.607712745666504,1.2040534019470215,20.275894165039062,0.8083574771881104,0.24654699862003326,-0.8638905882835388,22.672999547450345,4.7838583623442075,18.416557517223186,True,0.8668411374092102,422.5,350.0,True,OFFBOARD
42.152,ACQUIRE,True,-8.273046589219657,-4.76841214199562,20.31628496944909,0.7933814671060235,0.22015180996565242,-0.7732399468982335,-0.005598313908105232,0.0305499171082711,-0.0060374997828872975,10.00000001863367,8.957630791444173e-08,0.049999996287036774,-1.2859189298608542e-13,1.2151296822928933e-12,6.321574350025457e-07,1.2219148987269828e-12,-1.2746178596046955e-07,18.884967237011157,4.685092926025391,1.2274357080459595,20.19825553894043,0.8098211884498596,0.2442403882741928,-0.8657829165458679,22.707091815063922,4.801729852371416,18.373024317914165,True,0.8668411374092102,422.5,350.0,True,OFFBOARD
42.252,ACQUIRE,True,-8.196894186552353,-4.7474195635032,20.242160916913942,0.7930648982357483,0.21729178298757956,-0.7709959178827176,-0.005331682117258926,0.030034012905459807,-0.005989112226949766,10.000000018989208,8.982182850314962e-08,0.049999996287036774,-1.2859189822544742e-13,1.2151304929034238e-12,6.32157435536674e-07,1.221915705387627e-12,-1.298933364761187e-07,18.805981816763747,4.762117385864258,1.2506381273269653,20.120182037353516,0.8118361830711365,0.24244071543216705,-0.8649374842643738,22.667659579942537,4.798225488481909,18.25359738103544,True,0.869466245174408,425.0,351.5,True,OFFBOARD
42.352,ACQUIRE,True,-8.117634695724796,-4.725860245264815,20.165098847607368,0.7920557557110397,0.21395241626943143,-0.7707844435738574,-0.004765364102776271,0.029418694439102794,-0.005948540302163107,10.000000019344744,9.00673415607617e-08,0.04999999651757936,1.997321275953337e-13,-1.886319376564339e-12,6.636450785064733e-08,1.8968641789004915e-12,-1.3232488763670085e-07,18.723846922514582,4.843342304229736,1.2749607563018799,20.039804458618164,0.810600757598877,0.2398066520690918,-0.8631430864334106,22.65877187671288,4.800091751966283,18.160839170828556,True,0.869466245174408,425.0,351.5,True,OFFBOARD
42.452,ACQUIRE,True,-8.03849155291188,-4.704648269185999,20.08794751658366,0.7909028251616846,0.21044995045061604,-0.7722683232377509,-0.00477503077781943,0.02967984411207914,-0.0058754300883343494,10.000000019684592,9.033211776426019e-08,0.04992755344862554,-3.921811847586797e-09,4.793127920607598e-09,-0.018110213529314658,6.193115809605072e-09,-1.3476566519641776e-07,18.641912305376568,4.918829917907715,1.2974530458450317,19.963632583618164,0.8089017271995544,0.23724007606506348,-0.8637874126434326,22.772544535973037,4.828054964663679,18.19945811205612,True,0.869466245174408,425.0,351.5,True,OFFBOARD
42.552,ACQUIRE,True,-7.959442229364071,-4.683772370947392,20.010698338492713,0.7902175541321486,0.20728217018228265,-0.7722817763458685,-0.005187112432518277,0.030187764437264588,-0.005818259756822486,10.000000020115069,9.059930552224402e-08,0.049999993795609265,5.184066370598819e-09,1.3726600966990077e-09,0.004999403227891478,5.362717583077011e-09,-1.3759324671468137e-07,18.560153296347515,5.000993728637695,1.3217177391052246,19.87942123413086,0.8081290125846863,0.23405954241752625,-0.8659862279891968,22.670218945291115,4.815304968910249,18.01129288777121,True,0.869466245174408,425.0,351.5,True,OFFBOARD
42.652,ACQUIRE,True,-7.880444376238883,-4.6631861845683655,19.933548722410524,0.7896926284670297,0.20461586952967678,-0.7706119830240079,-0.005454294619822919,0.029716717120965828,-0.005746827978700768,10.000000020470603,9.084483099125599e-08,0.04999999628703666,-1.2859190215455533e-13,1.215129354702901e-12,6.321574352037736e-07,1.2219145739209494e-12,-1.4002479670105022e-07,18.4785172041217,5.076445579528809,1.3429996967315674,19.803083419799805,0.8084223866462708,0.2320372313261032,-0.8655118942260742,22.711362167332712,4.832515632487691,17.97684634536039,True,0.8688434362411499,426.0,355.0,True,OFFBOARD
42.752,ACQUIRE,True,-7.801532701968806,-4.642855382781164,19.856444309639375,0.7884825345558127,0.20213510364239487,-0.7722243627150813,-0.005651934870493719,0.029084122087081915,-0.005702716131038901,10.000000020826139,9.109034406220239e-08,0.04999999651757947,1.9973213387000272e-13,-1.8863193633294493e-12,6.636450802411967e-08,1.8968641663998727e-12,-1.424563477625297e-07,18.397028951219212,5.156446933746338,1.3632662296295166,19.725196838378906,0.8066350221633911,0.22771507501602173,-0.864327073097229,22.71230325683873,4.836002034500266,17.89603266669723,True,0.8688434362411499,426.0,355.0,True,OFFBOARD
42.852,ACQUIRE,True,-7.719616023845258,-4.6219447041115,19.77591257133356,0.7869020515027808,0.2002173354831639,-0.776104087591058,-0.006485452337772521,0.029017496340447684,-0.005720670105062048,10.000000021240929,9.137678744046017e-08,0.049999993795609377,5.184066449057323e-09,1.3726601990476928e-09,0.004999403227890496,5.3627176851193136e-09,-1.452931562854254e-07,18.31248662737579,5.230968475341797,1.382563591003418,19.650314331054688,0.8047571182250977,0.2246389240026474,-0.8682465553283691,22.655622414480987,4.836108102764399,17.763601397055535,True,0.8688434362411499,426.0,355.0,True,OFFBOARD
42.952,ACQUIRE,True,-7.640999332852404,-4.601984340158326,19.69820636015838,0.7855048311631125,0.1991164494016497,-0.777390439906391,-0.006944999879692205,0.029010782547267626,-0.005736511115642216,10.000000021596463,9.162231291972826e-08,0.049999996287036885,-1.285918911993753e-13,1.2151285688680841e-12,6.321574353564294e-07,1.221913791296927e-12,-1.4772470619559253e-07,18.231377318623426,5.312308311462402,1.4040536880493164,19.5667724609375,0.8041028380393982,0.22308237850666046,-0.8725781440734863,22.70659939785101,4.852063372679611,17.732741840542385,True,0.8728093504905701,426.0,355.5,True,OFFBOARD
43.052,ACQUIRE,True,-7.562520417118543,-4.582114891760097,19.62055503411393,0.7841338898779334,0.19834633294806087,-0.7754642655858426,-0.00717094358296562,0.028984594460503613,-0.005749545398937185,10.000000021952,9.186782600068377e-08,0.04999999651757947,1.9973213902704732e-13,-1.886319357135521e-12,6.63645081766088e-08,1.8968641607833927e-12,-1.5015625718002075e-07,18.150424289695213,5.387413501739502,1.4234237670898438,19.48944091796875,0.8028028011322021,0.22270724177360535,-0.8731393218040466,22.693742919772916,4.854852049166444,17.6432349069133,True,0.8728093504905701,426.0,355.5,True,OFFBOARD
43.152,ACQUIRE,True,-7.484169641092732,-4.5623098575003365,19.54305941710263,0.7830123271130123,0.1978320084804213,-0.7749353896900604,-0.007538646770145354,0.029451494132951714,-0.005725904266327953,10.000000022291847,9.21326022279906e-08,0.04992755344861444,-3.9218124336471894e-09,4.7931279362201096e-09,-0.01811021353212286,6.19311619281306e-09,-1.5259703456836005e-07,18.069611531367723,5.468069553375244,1.4425314664840698,19.40890884399414,0.801730751991272,0.22159403562545776,-0.8716728091239929,22.64465668233166,4.8504145235627085,17.511390930744334,True,0.8728093504905701,426.0,355.5,True,OFFBOARD
43.252,ACQUIRE,True,-7.405908803431116,-4.542533125906012,19.46552676572675,0.7822653892755326,0.19779143719903264,-0.7755633824821448,-0.008109170751246463,0.02960612041720711,-0.005668134916583642,10.000000022722324,9.2399790013536e-08,0.049999993795609265,5.184066551190128e-09,1.3726603447644647e-09,0.004999403227896471,5.362717821147892e-09,-1.55424615881786e-07,17.98889296493194,5.5430779457092285,1.461108922958374,19.332643508911133,0.8011395335197449,0.21962092816829681,-0.8730209469795227,22.752801512671677,4.877570220560427,17.545563343742355,True,0.866830587387085,425.0,357.0,True,OFFBOARD
43.352,ACQUIRE,True,-7.327714257987251,-4.5227294845680825,19.387980041524244,0.7816700751483232,0.1983520686759945,-0.7751369443784878,-0.008661857291240102,0.029626380695022887,-0.00558150656209502,10.000000023077856,9.264531550613405e-08,0.049999996287036774,-1.2859190349458792e-13,1.2151301216912347e-12,6.321574355299017e-07,1.2219153367912674e-12,-1.5785616569286596e-07,17.9082317673976,5.624875068664551,1.4820582866668701,19.24839210510254,0.8022545576095581,0.22080743312835693,-0.8746812343597412,22.657176191367732,4.860731784810472,17.364179109347322,True,0.866830587387085,425.0,357.0,True,OFFBOARD
43.452,ACQUIRE,True,-7.252708970914332,-4.50365074783397,19.313670975039617,0.7809117032499971,0.19909011554949518,-0.7727616570067012,-0.008692506996219214,0.029220614547370304,-0.00552530369859272,10.00000002343339,9.28908361351255e-08,0.049999996287036774,-1.2859192251808765e-13,1.2151294921339967e-12,6.321574355439461e-07,1.2219147127319166e-12,-1.6028771591033676e-07,17.83083953544555,5.700600624084473,1.5013949871063232,19.17070960998535,0.8038459420204163,0.22059719264507294,-0.8749644160270691,22.6481153377908,4.8607465221624295,17.277253766365078,True,0.866830587387085,425.0,357.0,True,OFFBOARD
43.552,ACQUIRE,True,-7.174670801183675,-4.48369868408958,19.23650315506037,0.7798688547801065,0.19996163932532748,-0.7709677019207632,-0.009052734105561976,0.0290954615265132,-0.005503317756781769,10.000000023788926,9.313634923299126e-08,0.04999999651757936,1.997321468471999e-13,-1.8863193411742438e-12,6.63645083637924e-08,1.896864145734276e-12,-1.6271926677359392e-07,17.750292185512393,5.781696319580078,1.519850254058838,19.088565826416016,0.8031352758407593,0.21989861130714417,-0.8733556270599365,22.723669520770873,4.876906234028726,17.27137171166548,True,0.872066855430603,424.5,356.5,True,OFFBOARD
43.652,ACQUIRE,True,-7.0936178421297855,-4.462833002411357,19.15638068994396,0.7789500199204488,0.20130657468462965,-0.7698970802052826,-0.009410937516842435,0.029443454333427897,-0.0054580135604700535,10.000000024203715,9.342279264253633e-08,0.049999993795609265,5.184066652993434e-09,1.3726604939506837e-09,0.004999403227889458,5.362717957746005e-09,-1.6555607506521133e-07,17.666597040785994,5.857078552246094,1.5380947589874268,19.0113468170166,0.8029599785804749,0.2204892337322235,-0.8728119134902954,22.708085919537954,4.880095044018705,17.179214626916846,True,0.872066855430603,424.5,356.5,True,OFFBOARD
43.752,ACQUIRE,True,-7.0188685793633265,-4.443443328648958,19.082550708106847,0.7783693104939979,0.2025712634519456,-0.7681480674204444,-0.009343801111636726,0.029516463407777242,-0.0053817340714129745,10.000000024559249,9.366831328196308e-08,0.049999993795609265,5.18406667728084e-09,1.3726605321146002e-09,0.004999403227893739,5.362717990992884e-09,-1.679876252073556e-07,17.589374008330037,5.939206600189209,1.5588467121124268,18.92633819580078,0.8031299114227295,0.22016094624996185,-0.8732330799102783,22.629517287199327,4.865437829229029,17.014699986914803,True,0.872066855430603,424.5,356.5,True,OFFBOARD
43.852,ACQUIRE,True,-6.937952474278538,-4.422301042368791,19.002836610328362,0.777690802756047,0.2039890537432663,-0.7647713080287016,-0.00955772134845175,0.029222816996673787,-0.005266053945750725,10.000000024914783,9.391383125682203e-08,0.04999999651757958,1.9973215098559744e-13,-1.886319325160027e-12,6.63645081417478e-08,1.89686413024484e-12,-1.704191755642576e-07,17.505741406889793,6.014759063720703,1.5774471759796143,18.848142623901367,0.8037493228912354,0.21963588893413544,-0.8723247647285461,22.65956596658379,4.875008935419068,16.96830900210496,True,0.8701769113540649,424.0,357.0,True,OFFBOARD
43.904,ACQUIRE,True,-6.903743064361445,-4.413310262441401,18.96921302060981,0.7773097123873814,0.20462793921791866,-0.7637733561426419,-0.009658352372750067,0.02913321974947538,-0.005242029736820374,10.000000025092548,9.403659911389972e-08,0.049999996287036774,-1.2859190224389083e-13,1.215130167642772e-12,6.321574636461334e-07,1.2219153823560179e-12,-1.7163494994671394e-07,17.470370309093614,6.0641093254089355,1.58802330493927,18.7987117767334,0.8027552962303162,0.21783968806266785,-0.8702085018157959,22.67752821513886,4.880698911524418,16.936569896405704,True,0.8701769113540649,424.0,357.0,True,OFFBOARD
44.0,ACQUIRE,True,-6.822953344770304,-4.391935764853951,18.889824653336756,0.7763928400436534,0.206449996811965,-0.7632220555487389,-0.010304158704548882,0.02927502340386173,-0.005204338141850114,10.000000025432396,9.430136783530543e-08,0.04992755344859123,-3.921813096987734e-09,4.793127953567344e-09,-0.01811021353792274,6.193116626301591e-09,-1.7407572779275539e-07,17.386801335695672,6.144894123077393,1.606439471244812,18.716962814331055,0.8011303544044495,0.21712665259838104,-0.870720386505127,22.683615704517337,4.888217346402805,16.86117960198111,True,0.8701769113540649,424.0,357.0,True,OFFBOARD
44.052,ACQUIRE,True,-6.785694840953288,-4.382000054247381,18.85319330849136,0.7760933495239851,0.20746316488709898,-0.763047742555035,-0.010467491998142356,0.029548468045304897,-0.005179176446266903,10.000000025610166,9.442412816017368e-08,0.04992755344859123,-3.921813134750488e-09,4.793127951832621e-09,-0.0181102135379228,6.19311664887241e-09,-1.7529150282528246e-07,17.348241336121994,6.1698689460754395,1.6123765707015991,18.691438674926758,0.8005906939506531,0.21717114746570587,-0.871511697769165,22.683615704517337,4.888217346402805,16.835526864036567,True,0.8701769113540649,424.0,357.0,True,OFFBOARD
44.152,ACQUIRE,True,-6.708102640302431,-4.361139256851487,18.776946059118085,0.7758165610156703,0.20966046427773596,-0.7619885252151206,-0.010508371256747633,0.02987313448927865,-0.005183348649272381,10.000000026040654,9.46913159805387e-08,0.049999993795609154,5.184066779713316e-09,1.3726606830355426e-09,0.004999403227888139,5.362718128643235e-09,-1.781190838779709e-07,17.2678959677384,6.2513508796691895,1.6324520111083984,18.608230590820312,0.7995203733444214,0.2182254195213318,-0.8715090155601501,22.71148741108978,4.895215005789397,16.780396806764326,True,0.8763564229011536,423.0,357.5,True,OFFBOARD
44.252,ACQUIRE,True,-6.630526864238502,-4.340068748421685,18.700814052371047,0.7757169762618439,0.21160468828965687,-0.7607096419351856,-0.01014883986880802,0.029918277141726353,-0.00515072925826491,10.000000026396195,9.493684150324642e-08,0.049999996287036774,-1.2859190784555794e-13,1.2151295135215786e-12,6.321574636462999e-07,1.2219147324566264e-12,-1.80550633467056e-07,17.187513555637278,6.326309680938721,1.6513735055923462,18.532894134521484,0.7998723387718201,0.219233900308609,-0.871244490146637,22.721017456305166,4.898151887552407,16.713109013622336,True,0.8763564229011536,423.0,357.5,True,OFFBOARD
44.352,ACQUIRE,True,-6.5529655933710895,-4.318831385001829,18.624672366937112,0.7754850420267014,0.21296516600699703,-0.7626961073210125,-0.009481461676635519,0.029809011064324653,-0.005097564430589917,10.000000026751742,9.518235462797453e-08,0.04999999651757936,1.997321591555828e-13,-1.886319312666291e-12,6.636450835008115e-08,1.8968641186808244e-12,-1.8298218413047028e-07,17.107103091265873,6.406096935272217,1.6714062690734863,18.45488166809082,0.799330472946167,0.21961916983127594,-0.8716583251953125,22.797305873813585,4.91185065524806,16.708447273364712,True,0.8763564229011536,423.0,357.5,True,OFFBOARD
44.452,ACQUIRE,True,-6.47232572256229,-4.296634860138901,18.54519015265343,0.7753089003090003,0.21378947553186037,-0.7656445716038381,-0.00909274659492842,0.029878036495918858,-0.0050531447536211445,10.000000027166543,9.546879806886955e-08,0.049999993795609265,5.184066857903523e-09,1.3726607957925685e-09,0.004999403227885274,5.3627182330903414e-09,-1.8581899219085643e-07,17.02347166552491,6.480543613433838,1.6907473802566528,18.380075454711914,0.7989882230758667,0.22020694613456726,-0.8745731711387634,22.77533821591382,4.908997543776991,16.609559453881054,True,0.8794998526573181,422.5,359.0,True,OFFBOARD
44.552,ACQUIRE,True,-6.394807612759222,-4.275230684437437,18.468530841137188,0.775058710016908,0.2142104430620372,-0.7671770468457321,-0.008672977321736356,0.029804083582957372,-0.004991067031472927,10.000000027522088,9.571432360189059e-08,0.049999996287036774,-1.285919201606229e-13,1.2151303184146367e-12,6.321574637849114e-07,1.2219155341761772e-12,-1.8825054170461856e-07,16.94306099219924,6.561794757843018,1.7123981714248657,18.29668617248535,0.7978106141090393,0.21999000012874603,-0.8769515752792358,22.668692331368828,4.892388824597149,16.417810146250158,True,0.8794998526573181,422.5,359.0,True,OFFBOARD
44.652,ACQUIRE,True,-6.3173101503157545,-4.253806866414162,18.39182157310068,0.7749298573116865,0.21417898255918694,-0.7668071788417083,-0.008128500493053675,0.030016631445073567,-0.0049298143601742795,10.00000002787763,9.595983673674633e-08,0.04999999651757958,1.997321645908832e-13,-1.8863193086958242e-12,6.636450884934845e-08,1.8968641153047445e-12,-1.9068209229264046e-07,16.862665421709433,6.636002063751221,1.7326393127441406,18.220308303833008,0.7969914078712463,0.2197207659482956,-0.8776469826698303,22.65746304917562,4.891574339411116,16.329913735540053,True,0.8794998526573181,422.5,359.0,True,OFFBOARD
44.752,ACQUIRE,True,-6.242912688858373,-4.23326636591605,18.31812976266874,0.775082985811787,0.21372681073584435,-0.7690242984624953,-0.007865169513529748,0.030557717138285093,-0.004859070611444584,10.000000028233176,9.620535740951947e-08,0.04999999651757947,1.9973216619730673e-13,-1.886319306657651e-12,6.636450887033166e-08,1.896864113447052e-12,-1.9311364219075803e-07,16.785492500203155,6.713584899902344,1.7542730569839478,18.142108917236328,0.7944486141204834,0.21936465799808502,-0.8767219185829163,22.703474989921173,4.897088902637817,16.295823898489314,True,0.8794998526573181,422.5,359.0,True,OFFBOARD
44.852,ACQUIRE,True,-6.1622703175234514,-4.211075012444777,18.23791951178972,0.7757860653636738,0.21300447303289702,-0.7734518981767172,-0.007551140909135277,0.031127572903540325,-0.004826508831637108,10.000000028647976,9.64918008660398e-08,0.049999993795609154,5.184066959535353e-09,1.3726609449787874e-09,0.004999403227892175,5.362718369522697e-09,-1.9595045013551693e-07,16.70186026512728,6.786063194274902,1.7746139764785767,18.06984519958496,0.7931932210922241,0.2187536060810089,-0.8788692355155945,22.70431075892723,4.902203377797333,16.22258983617601,True,0.8821154832839966,424.0,359.5,True,OFFBOARD
44.952,ACQUIRE,True,-6.087746887578672,-4.190669815170924,18.16335345000469,0.7767747423877803,0.21211391507199295,-0.7800957309471491,-0.007331549375178577,0.03143567024868195,-0.004771299318490669,10.000000029003518,9.673732154560236e-08,0.049999993795609265,5.1840669840379505e-09,1.3726609822753422e-09,0.004999403227885599,5.362718402755588e-09,-1.983819999803559e-07,16.624599699318264,6.864850044250488,1.7968206405639648,17.994354248046875,0.7923712134361267,0.21655882894992828,-0.8831352591514587,22.677861066860338,4.900988981614626,16.114812400110708,True,0.8821154832839966,424.0,359.5,True,OFFBOARD
45.052,ACQUIRE,True,-6.010007342208223,-4.169513107189785,18.084963941248976,0.7780204130657512,0.21105709975000667,-0.7871776392826579,-0.007221778146611514,0.031787265142565704,-0.004712181448662881,10.000000029359063,9.698284709531184e-08,0.04999999628703666,-1.2859194453432683e-13,1.21512954697938e-12,6.321574645136619e-07,1.221914769589693e-12,-2.0081354937297883e-07,16.544037487790238,6.9385223388671875,1.8174275159835815,17.920948028564453,0.7931226491928101,0.21687692403793335,-0.8886948227882385,22.75925899583121,4.925113015691834,16.123070970944156,True,0.8821154832839966,424.0,359.5,True,OFFBOARD
45.152,ACQUIRE,True,-5.932126852898778,-4.148466986146471,18.006009045654935,0.7795771758076355,0.20989043973158594,-0.7910079504601192,-0.007042674256373156,0.03212020015258379,-0.004619595965513748,10.00000002971461,9.722836024678604e-08,0.04999999651757947,1.9973217071941267e-13,-1.8863192770909074e-12,6.636450853049238e-08,1.8968640845208315e-12,-2.032450998389663e-07,16.46336679253477,7.019184589385986,1.8399088382720947,17.838247299194336,0.7944821119308472,0.21530167758464813,-0.8951660990715027,22.765389609341547,4.930535246500968,16.046648999891392,True,0.8857043981552124,425.5,358.5,True,OFFBOARD
45.252,ACQUIRE,True,-5.854073968261092,-4.127538267217455,17.9268813606967,0.7814221880148345,0.20876150388097048,-0.791066507562813,-0.007137986812897855,0.03224198964130653,-0.0045882331978779,10.000000030054462,9.749313654472435e-08,0.049927553448549156,-3.921814038400613e-09,4.79312798652709e-09,-0.018110213548463816,6.19311724796369e-09,-2.0568587671020913e-07,16.382558875103218,7.093894958496094,1.8607012033462524,17.761795043945312,0.7964259386062622,0.21455034613609314,-0.8974127769470215,22.719106039223462,4.927093874348136,15.923252975760304,True,0.8857043981552124,425.5,358.5,True,OFFBOARD
45.352,ACQUIRE,True,-5.7727051054561365,-4.105888483329398,17.844492484770946,0.7833150562042088,0.20761298277831633,-0.7944068720008131,-0.0070856308291352395,0.032619312141370066,-0.004572603962269197,10.00000003048495,9.776032927899046e-08,0.049999996287036885,-1.2859192769292956e-13,1.2151283933205058e-12,6.321574641386285e-07,1.221913620564669e-12,-2.085134569837051e-07,16.298360296228125,7.173240661621094,1.883395791053772,17.686141967773438,0.7959271669387817,0.2131718546152115,-0.89481520652771,22.677713353112676,4.923533057912019,15.79971860643564,True,0.8857043981552124,425.5,358.5,True,OFFBOARD
45.452,ACQUIRE,True,-5.694252374313903,-4.085178502038269,17.76472207647536,0.785855526702921,0.20669176562733305,-0.8006537065653182,-0.007437411861237414,0.033983132271632514,-0.004546760155962673,10.000000030840496,9.800584244061902e-08,0.04999999651757947,1.9973217661469012e-13,-1.886319277249726e-12,6.636450884257609e-08,1.896864085299516e-12,-2.109450073735017e-07,16.21722056182726,7.247368335723877,1.9042713642120361,17.612564086914062,0.7966377139091492,0.21321716904640198,-0.8988997340202332,22.71975298745957,4.938711157248263,15.767133907873937,True,0.8813309669494629,426.5,358.5,True,OFFBOARD
45.552,ACQUIRE,True,-5.615487309713899,-4.064546584466844,17.684421585642585,0.7894215817575841,0.2059833798864466,-0.8046496013343137,-0.007437742630732987,0.03481208980050594,-0.004510860777906555,10.000000031180353,9.827061874885707e-08,0.04992755344854871,-3.9218143114860206e-09,4.793127988261814e-09,-0.018110213548536817,6.1931174222386025e-09,-2.1338578417090754e-07,16.13579823342436,7.3285417556762695,1.9268608093261719,17.529512405395508,0.7981367707252502,0.2126966267824173,-0.9035082459449768,22.754488600393863,4.952305553368673,15.719833076572636,True,0.8813309669494629,426.5,358.5,True,OFFBOARD
45.652,ACQUIRE,True,-5.536336638865445,-4.04398540590888,17.603890688792777,0.7934667145682051,0.20527433887442217,-0.8056896651052996,-0.007489016205453276,0.0352078630663674,-0.004455761491376669,10.000000031610837,9.85378066281911e-08,0.049999993795609265,5.184067164759475e-09,1.3726612398817784e-09,0.004999403227887985,5.362718643394516e-09,-2.1621336478610214e-07,16.0540205524523,7.403929233551025,1.9468486309051514,17.452796936035156,0.801303505897522,0.21194353699684143,-0.9040309190750122,22.760080435128604,4.957960289262659,15.648583742460819,True,0.8813309669494629,426.5,358.5,True,OFFBOARD
45.752,ACQUIRE,True,-5.456774322895361,-4.023482753639357,17.523208626375514,0.797607782862255,0.20488400124299866,-0.8080874108616061,-0.00803471796601701,0.03539647965671216,-0.004400041183939834,10.000000031966382,9.87833322014758e-08,0.04999999628703666,-1.2859194059694712e-13,1.2151301007271693e-12,6.32157464825579e-07,1.2219153198481922e-12,-2.186449140025558e-07,15.971859244335054,7.485592842102051,1.9662548303604126,17.372222900390625,0.8035086989402771,0.21047571301460266,-0.9040335416793823,22.765046431203736,4.963027762537344,15.57056036205957,True,0.892637312412262,426.0,357.5,True,OFFBOARD
45.852,ACQUIRE,True,-5.380004878276024,-4.003810398807892,17.445527729402166,0.8015729517453246,0.205026487844089,-0.8098635425360697,-0.008522675776230991,0.035382830117474826,-0.0043541221686325534,10.000000032321926,9.902885291112725e-08,0.04999999628703666,-1.2859192849198603e-13,1.2151300467288189e-12,6.321574643258123e-07,1.2219152648757891e-12,-2.2107646362627668e-07,15.892609903744722,7.568212509155273,1.9863755702972412,17.28832244873047,0.8080568313598633,0.21019810438156128,-0.9062780737876892,22.766253802170112,4.971447595337638,15.488418710083446,True,0.892637312412262,426.0,357.5,True,OFFBOARD
45.952,ACQUIRE,True,-5.299641577982763,-3.9832820590917786,17.364540949341883,0.805541320863599,0.20558681865329864,-0.8094034566717481,-0.008942508300180571,0.03552251776602637,-0.004288862271189595,10.000000032677464,9.927436608962262e-08,0.04999999651757947,1.9973218466689272e-13,-1.8863192637766082e-12,6.636450902298733e-08,1.896864072749161e-12,-2.2350801389328914e-07,15.809666984721845,7.6452202796936035,2.005491256713867,17.20872688293457,0.811621904373169,0.2114008218050003,-0.90672367811203,22.774886106079165,4.975256705753487,15.418375233480623,True,0.892637312412262,426.0,357.5,True,OFFBOARD
46.052,ACQUIRE,True,-5.218869061275204,-3.962680854508846,17.283730439991913,0.8097925026114234,0.2064064465254821,-0.806769993122995,-0.00897464711309494,0.0359383070963433,-0.004205053815769803,10.000000033017322,9.953914241451036e-08,0.04992755344852706,-3.921814664470259e-09,4.793128005609049e-09,-0.018110213553935606,6.193117659192965e-09,-2.2594879056783346e-07,15.72630970230419,7.723015785217285,2.025127649307251,17.129236221313477,0.8153682947158813,0.21241696178913116,-0.90390944480896,22.74722700311526,4.973871235585114,15.310846203186362,True,0.8925241827964783,425.5,355.0,True,OFFBOARD
46.152,ACQUIRE,True,-5.137672288905104,-3.9420037877424314,17.203109343634527,0.8138970671237618,0.2070735186659888,-0.806031536708053,-0.008799660292244028,0.03566147498708264,-0.0041003431734199505,10.00000003344781,9.980633031313477e-08,0.049999993795609265,5.184067290909273e-09,1.3726614202930199e-09,0.004999403227885282,5.362718811520538e-09,-2.2877637103875933e-07,15.642522750131418,7.80828332901001,2.0468387603759766,17.046791076660156,0.8193589448928833,0.21331040561199188,-0.9013023376464844,22.78271797989231,4.978342551939419,15.258683022905203,True,0.8925241827964783,425.5,355.0,True,OFFBOARD
46.252,ACQUIRE,True,-5.05282249337646,-3.9204375181526694,17.119288505595016,0.8175534328914956,0.20763142293628825,-0.8056536079156188,-0.008738578768829906,0.03495292385369925,-0.00405500132254108,10.000000033803351,1.0005184836860173e-07,0.04999999651757947,1.9973218963231576e-13,-1.8863192552268694e-12,6.636450917564299e-08,1.89686406476979e-12,-2.3120792080105114e-07,15.554976604064857,7.887394428253174,2.0671944618225098,16.968618392944336,0.8234391212463379,0.21497251093387604,-0.9020981192588806,22.728252221705375,4.974334588381758,15.122913864759063,True,0.8925241827964783,425.5,355.0,True,OFFBOARD
46.352,ACQUIRE,True,-4.974204421523758,-3.900482116670472,17.04205239266443,0.8200645841920365,0.2080690111077233,-0.8031577467905832,-0.008630633956145651,0.034041488975434374,-0.00401570580539628,10.000000034158893,1.0029736909517278e-07,0.04999999651757936,1.9973219178267516e-13,-1.886319258376773e-12,6.636450955017673e-08,1.896864068128608e-12,-2.3363947030192386e-07,15.473867021706905,7.9735236167907715,2.089536190032959,16.882596969604492,0.8268548846244812,0.2163141667842865,-0.9017801880836487,22.739147629878193,4.984114180429361,15.046668542848652,True,0.8925241827964783,425.5,355.0,True,OFFBOARD
46.452,ACQUIRE,True,-4.892093414491926,-3.8796547039322506,16.96193681975116,0.8220122869100148,0.20844786285379216,-0.7992709331732327,-0.008507780142416214,0.03365368852194939,-0.003933068373804006,10.00000003449875,1.0056214543342225e-07,0.049927553448516404,-3.921814977388721e-09,4.793128017752113e-09,-0.018110213556670786,6.1931178667477984e-09,-2.3608024687835117e-07,15.389157504408987,8.053228378295898,2.1099729537963867,16.804086685180664,0.8288744688034058,0.21821291744709015,-0.8991677761077881,22.735448248802435,4.987408386679689,14.961524487708775,True,0.8946813344955444,424.5,356.5,True,OFFBOARD
46.552,ACQUIRE,True,-4.809811359861612,-3.858800708584787,16.882097474699282,0.8235101210440214,0.20857400820375746,-0.7981988640092925,-0.008192628294904079,0.03339831956840259,-0.0038683822811716867,10.000000034929236,1.0082933334772158e-07,0.049999993795609265,5.184067393237348e-09,1.3726615642750684e-09,0.004999403227893395,5.362718947293877e-09,-2.3890782723292e-07,15.304275782800435,8.139613151550293,2.13114333152771,16.722469329833984,0.8302238583564758,0.21934333443641663,-0.895000696182251,22.73628932920768,4.989127583808159,14.873837077959195,True,0.8946813344955444,424.5,356.5,True,OFFBOARD
46.652,ACQUIRE,True,-4.724097344727018,-3.8371159600374343,16.799058668996253,0.8247145594130827,0.20840939220982857,-0.798681249782659,-0.007974805670806025,0.03297421143417679,-0.0038228501464117877,10.000000035284776,1.0107485141653345e-07,0.04999999651757947,1.9973219603677458e-13,-1.886319243288999e-12,6.636450934928188e-08,1.896864053572647e-12,-2.413393768952471e-07,15.215863541794663,8.219454765319824,2.1512866020202637,16.64531898498535,0.8309693932533264,0.22068889439105988,-0.8953120708465576,22.778266820305927,5.0027474574242685,14.835425085325666,True,0.8946813344955444,424.5,356.5,True,OFFBOARD
46.752,ACQUIRE,True,-4.641590513347604,-3.8162881098411536,16.71920411852858,0.8252664191192055,0.2081533856884631,-0.798302529575318,-0.00792382497967687,0.03214573138741319,-0.0037739080081053314,10.000000035624634,1.0133962776519268e-07,0.04992755344851596,-3.9218152506238945e-09,4.793128022956283e-09,-0.018110213556743318,6.193118043802732e-09,-2.4378015339760394e-07,15.130770949113947,8.306160926818848,2.1736340522766113,16.560590744018555,0.8330141305923462,0.2223852425813675,-0.894737720489502,22.768875622635512,5.006898272411786,14.737622010137505,True,0.8909226655960083,424.5,358.5,True,OFFBOARD
46.852,ACQUIRE,True,-4.559068821792679,-3.79548642114171,16.63940877981236,0.8250884208032695,0.20790523823743903,-0.7979099004861465,-0.00801238933166483,0.03163815895167401,-0.00370040362173666,10.000000036055122,1.0160681569131767e-07,0.049999993795609154,5.184067470883233e-09,1.37266168483835e-09,0.004999403227892054,5.362719053212925e-09,-2.4660773366366486e-07,15.045670604925503,8.386098861694336,2.194582939147949,16.48421287536621,0.8314982652664185,0.22269034385681152,-0.8918682932853699,22.77924710563849,5.014161955840432,14.666722271984467,True,0.8909226655960083,424.5,358.5,True,OFFBOARD
46.952,ACQUIRE,True,-4.476585347232484,-3.7747031914207554,16.559427878366947,0.8245670849073401,0.20777636826853527,-0.8023491250600424,-0.008090158583357404,0.031452166372420605,-0.003616062973103204,10.000000036410656,1.0185234130488457e-07,0.04999999628703666,-1.285919453118766e-13,1.2151298301001426e-12,6.321574648254128e-07,1.2219150512201305e-12,-2.490392825828257e-07,14.96061193007014,8.472183227539062,2.2173912525177,16.40679931640625,0.8300741910934448,0.22308747470378876,-0.8902913928031921,22.757797641608065,5.014502747725195,14.556875073451648,True,0.8909226655960083,424.5,358.5,True,OFFBOARD
47.052,ACQUIRE,True,-4.3974632171788075,-3.75476406167023,16.48210603217452,0.8237833015689794,0.2076128432244171,-0.8080807073318618,-0.007991031709847614,0.031024915692516964,-0.003529924135460454,10.0000000367662,1.0209786205490423e-07,0.04999999628703666,-1.2859194820866311e-13,1.215129427971251e-12,6.321574648462295e-07,1.2219146516290893e-12,-2.514708319083723e-07,14.87901885455536,8.551600456237793,2.238640069961548,16.331396102905273,0.8277068138122559,0.22305023670196533,-0.8943567872047424,22.81635322755256,5.03047972632954,14.535389237774174,True,0.8677576780319214,425.5,360.5,True,OFFBOARD
47.152,ACQUIRE,True,-4.31514127654563,-3.7340121704986133,16.401123047401327,0.8226678490420574,0.20743830267128338,-0.8109973838794953,-0.007996764045741072,0.030732941276147743,-0.0034695243297101536,10.000000037121747,1.0234337527368364e-07,0.04999999651757958,1.997322040053544e-13,-1.8863192289159085e-12,6.636450954340437e-08,1.8968640401185173e-12,-2.5390238187807e-07,14.794124458175995,8.637523651123047,2.2618536949157715,16.247211456298828,0.826768159866333,0.22432000935077667,-0.8982690572738647,22.767037631864344,5.031051408492607,14.3983200863449,True,0.8677576780319214,425.5,360.5,True,OFFBOARD
47.256,ACQUIRE,True,-4.2329392976512885,-3.713278168106067,16.320007193710897,0.8214095842343577,0.20724440501637267,-0.810951133655131,-0.007990899263422446,0.030618981936175346,-0.0034313586777412995,10.000000037461598,1.026081516388366e-07,0.04992755344850375,-3.921815639030068e-09,4.793128031629901e-09,-0.018110213559807145,6.1931182964753024e-09,-2.563431582575891e-07,14.709350686986904,8.743217468261719,2.288994789123535,16.1461181640625,0.8256641626358032,0.2239411324262619,-0.8981468081474304,22.800148113784065,5.040964662514572,14.323778738764332,True,0.8677576780319214,425.5,360.5,True,OFFBOARD
47.352,ACQUIRE,True,-4.150857829264126,-3.6925580595127214,16.238837560666596,0.8203347504722027,0.20721613436249825,-0.8129001235890585,-0.008373057847154202,0.03106069592217901,-0.0034149580274600152,10.000000037892082,1.0287533958440784e-07,0.049999993795609265,5.18406759763082e-09,1.3726618695864001e-09,0.004999403227891011,5.362719223026897e-09,-2.591707383792971e-07,14.624697062130053,8.80256462097168,2.303438901901245,16.090919494628906,0.8243690133094788,0.22331805527210236,-0.8977484107017517,22.798297273650583,5.047026831732577,14.262110896146428,True,0.8677576780319214,425.5,360.5,True,OFFBOARD
47.452,ACQUIRE,True,-4.068858409211052,-3.6718177070034903,16.157372960404523,0.8197591751656772,0.20767314656507158,-0.8161594162424732,-0.00901393659636062,0.0315176529160613,-0.003449371341636966,10.000000038247627,1.0312086521471062e-07,0.04999999628703666,-1.2859193624432273e-13,1.2151301235970588e-12,6.321574655260746e-07,1.221915342133025e-12,-2.616022871764416e-07,14.540117745237689,8.88160228729248,2.323202133178711,16.01464080810547,0.8225448727607727,0.22277364134788513,-0.8994259238243103,22.734287491396802,5.042360336702696,14.117036115977127,True,0.8627545237541199,425.5,362.5,True,OFFBOARD
47.552,ACQUIRE,True,-3.983616452625884,-3.6501669562586083,16.072391214996717,0.8195798131360588,0.20873593336358537,-0.8175181478125316,-0.009544523315371818,0.031810351613798894,-0.003474576075202846,10.000000038587482,1.033856340556288e-07,0.04992755344849398,-3.921815876848448e-09,4.793128031629901e-09,-0.01811021356221559,6.193118447074696e-09,-2.640430641507635e-07,14.452171108060073,8.96707820892334,2.345150947570801,15.929702758789062,0.8209496140480042,0.2231103926897049,-0.9020678997039795,22.81974219545049,5.064436935526178,14.117039909553164,True,0.8627545237541199,425.5,362.5,True,OFFBOARD
47.652,ACQUIRE,True,-3.9016590060336735,-3.629227020026205,15.990741301037987,0.8195975730657548,0.21001573540481508,-0.8150797340447118,-0.009653948443588786,0.03202589854633981,-0.0034562661043720695,10.000000039017962,1.0365282201310701e-07,0.049999993795609265,5.184067675932568e-09,1.3726619806087026e-09,0.004999403227887416,5.36271932713782e-09,-2.66870644184119e-07,14.367582041530632,9.046216011047363,2.3655388355255127,15.850099563598633,0.8195018172264099,0.22397491335868835,-0.9020248055458069,22.768733401141848,5.059575296682855,13.984466953569976,True,0.8627545237541199,425.5,362.5,True,OFFBOARD
47.752,ACQUIRE,True,-3.819677211851211,-3.60815271925583,15.909372557380753,0.8201125690304444,0.21145642757869462,-0.8124755743511081,-0.009968976082182886,0.03263781318401822,-0.003434807464550145,10.000000039373507,1.0389834765353543e-07,0.049999996287036885,-1.2859194172687583e-13,1.2151297072803653e-12,6.32157465172191e-07,1.2219149287050856e-12,-2.693021929050615e-07,14.282935486910716,9.132699966430664,2.387073040008545,15.76513385772705,0.8201681971549988,0.22404716908931732,-0.8992762565612793,22.867469256355623,5.083473476961592,13.996944765335982,True,0.8716585040092468,425.0,364.0,True,OFFBOARD
47.852,ACQUIRE,True,-3.737623425121924,-3.5869255682837644,15.828261988024682,0.8209394862594334,0.2130148457346763,-0.8096516100005553,-0.009935917789568281,0.03268122155400805,-0.0033464705198500734,10.000000039729054,1.0414386089579967e-07,0.04999999651757936,1.997322159829038e-13,-1.8863192139075435e-12,6.63645102020997e-08,1.896864026454773e-12,-2.7173374270024836e-07,14.198180666604598,9.212348937988281,2.4075992107391357,15.685436248779297,0.8203132748603821,0.2263830453157425,-0.8981711268424988,22.793662675596345,5.07244276038804,13.840284461796543,True,0.8716585040092468,425.0,364.0,True,OFFBOARD
47.952,ACQUIRE,True,-3.6554910143698716,-3.5655534980423154,15.747531180597283,0.8216496579526288,0.21429762295139518,-0.8049228516752189,-0.009526616473472147,0.032483204547895425,-0.0032555594407254595,10.0000000400689,1.044086372847946e-07,0.04992755344847377,-3.9218161540106485e-09,4.7931280524465825e-09,-0.01811021356728567,6.193118638699669e-09,-2.741745189074648e-07,14.113313162748437,9.298355102539062,2.430408000946045,15.597846031188965,0.8195481896400452,0.22769194841384888,-0.8961163759231567,22.82488425481256,5.08000499083891,13.7835900663127,True,0.8716585040092468,425.0,364.0,True,OFFBOARD
48.052,ACQUIRE,True,-3.5765851826747306,-3.5449356231125693,15.670513132159444,0.8221623598653864,0.2151414837454553,-0.7998880003423423,-0.009117812321551367,0.032259125114190136,-0.0032126227484109817,10.000000040424442,1.0465415806822e-07,0.049927553448481876,-3.921816264626167e-09,4.793128050711859e-09,-0.01811021356527941,6.193118707404792e-09,-2.7660606798756007e-07,14.031758109163366,9.377192497253418,2.451688528060913,15.518221855163574,0.819581925868988,0.2284211963415146,-0.8915700316429138,22.740822395401466,5.068448412705649,13.617416654731628,True,0.8716585040092468,425.0,364.0,True,OFFBOARD
48.152,ACQUIRE,True,-3.4943541009552246,-3.523394152142054,15.590694554815371,0.8224033917442984,0.2156170333257551,-0.7971692781964737,-0.00881752147239296,0.03201613264041071,-0.0031718733603679754,10.00000004085493,1.0492134604512075e-07,0.049999993795609265,5.184067802260148e-09,1.372662164489391e-09,0.0049994032278855875,5.362719496323769e-09,-2.794336478765317e-07,13.946752338637701,9.46148681640625,2.474541187286377,15.435247421264648,0.8190104365348816,0.22899705171585083,-0.8877232074737549,22.7736551726601,5.079853073244127,13.56471438580109,True,0.8486910462379456,422.5,365.0,True,OFFBOARD
48.252,ACQUIRE,True,-3.408823038227107,-3.5009526320237287,15.507871907645233,0.8223820386655804,0.21594205422630394,-0.7956124646609338,-0.008812706361480462,0.03173339172369573,-0.003166371244247902,10.00000004121047,1.0516686416778545e-07,0.04999999651757947,1.997322219599429e-13,-1.8863191986344806e-12,6.636451002202151e-08,1.8968640118959727e-12,-2.8186519714242734e-07,13.858326249720783,9.53946590423584,2.4959828853607178,15.357124328613281,0.8179947733879089,0.22941505908966064,-0.8867285847663879,22.822173443188348,5.099292285466621,13.535417961704232,True,0.8486910462379456,422.5,365.0,True,OFFBOARD
48.352,ACQUIRE,True,-3.32988581297845,-3.480209609023634,15.431587390269351,0.8221260263113478,0.21616064251477,-0.7935736753785085,-0.008604325839500115,0.031516661610554095,-0.003153508237647846,10.000000041566008,1.054123849613362e-07,0.04999999651757936,1.9973222400496601e-13,-1.886319200513835e-12,6.636451041059957e-08,1.8968640139802126e-12,-2.8429674614779123e-07,13.7767092061798,9.6240234375,2.519498586654663,15.271204948425293,0.8161836862564087,0.22991196811199188,-0.8857459425926208,22.793798014334406,5.102546355678321,13.420696635484015,True,0.8486910462379456,422.5,365.0,True,OFFBOARD
48.452,ACQUIRE,True,-3.244403679874523,-3.457725913059494,15.349262096266697,0.8217879657743683,0.2161853759957961,-0.7895696722484017,-0.008375665010419527,0.031539407344424154,-0.0031131268120636137,10.000000041980808,1.0569882855885187e-07,0.049999993795609265,5.184067879633897e-09,1.3726622824505874e-09,0.004999403227886392,5.362719601313717e-09,-2.871335530519643e-07,13.688319808080669,9.702309608459473,2.540802478790283,15.192741394042969,0.8134005665779114,0.23047956824302673,-0.883787214756012,22.751630116451526,5.10073408500492,13.298045553719486,True,0.8507569432258606,422.0,366.5,True,OFFBOARD
48.552,ACQUIRE,True,-3.1655284041681737,-3.436982335700663,15.273521841546192,0.8214299824522123,0.21593805823154055,-0.789051608832786,-0.00811610733590616,0.03140388047699854,-0.0030921507746575557,10.000000042336348,1.0594434935931992e-07,0.04999999379560904,5.184067904215733e-09,1.3726623110735248e-09,0.004999403227891107,5.362719632403079e-09,-2.8956510200487715e-07,13.6067625679254,9.787863731384277,2.5623764991760254,15.112781524658203,0.812146008014679,0.22926639020442963,-0.8799081444740295,22.860204758214003,5.125463488015468,13.321242991331316,True,0.8507569432258606,422.0,366.5,True,OFFBOARD
48.652,ACQUIRE,True,-3.0834159175481215,-3.415407195671784,15.194510766192526,0.8207606808151288,0.21557488157989596,-0.7911334304334752,-0.008057523183534471,0.030848609825229373,-0.003025822649782388,10.000000042691882,1.0618987502991287e-07,0.049999996287036774,-1.285919536531659e-13,1.2151299715546448e-12,6.321574655328471e-07,1.2219151927669653e-12,-2.9199665050383086e-07,13.52186304568541,9.866487503051758,2.5828475952148438,15.037558555603027,0.8102789521217346,0.22858107089996338,-0.8819562196731567,22.82146800190796,5.123907492965527,13.201837187668282,True,0.8507569432258606,422.0,366.5,True,OFFBOARD
48.752,ACQUIRE,True,-3.001402848713614,-3.393872214909566,15.11533979564002,0.8194530822882211,0.21513015086038514,-0.7919797532310743,-0.007955593953502713,0.030163405444284277,-0.002936832338308722,10.000000043047429,1.0643538830230303e-07,0.04999999651757947,1.9973223062626247e-13,-1.886319190428849e-12,6.636451056986108e-08,1.8968640046484856e-12,-2.9442820007876925e-07,13.437069862417319,9.95120906829834,2.6054420471191406,14.95457935333252,0.8076443672180176,0.22760702669620514,-0.884448766708374,22.772671835951066,5.117858542768612,13.065303063837312,True,0.8507569432258606,422.0,366.5,True,OFFBOARD
48.852,ACQUIRE,True,-2.919546422538226,-3.3723831431635527,15.036159016768941,0.8176775489403143,0.214668703525511,-0.7916056390169597,-0.007919215023941205,0.0296732312262362,-0.0028609470486570276,10.000000043387285,1.0670016472137596e-07,0.04992755344845046,-3.921816855533847e-09,4.793128073263264e-09,-0.018110213573084767,6.1931190990529e-09,-2.9686897606482865e-07,13.352439839563768,10.029386520385742,2.6259870529174805,14.878179550170898,0.8051326870918274,0.22556740045547485,-0.8846257328987122,22.7609733447835,5.1232162463000455,12.974184240693544,True,0.8608460426330566,421.5,370.0,True,OFFBOARD
48.952,ACQUIRE,True,-2.8378883138364466,-3.3509398506214527,14.956903460520559,0.8154999939570646,0.21426268212586616,-0.7942020035862732,-0.008247541893212347,0.029246794258694867,-0.002802568153977799,10.000000043817762,1.0696735272942665e-07,0.04999999379560904,5.184068006480316e-09,1.3726624576576585e-09,0.004999403227885356,5.362719768781096e-09,-2.996965557211733e-07,13.268013268118128,10.115291595458984,2.6458165645599365,14.800942420959473,0.8031358122825623,0.2222774475812912,-0.8835981488227844,22.774453532663195,5.129215705081949,12.900451629439388,True,0.8608460426330566,421.5,370.0,True,OFFBOARD
49.052,ACQUIRE,True,-2.7532125474430877,-3.3286547889790192,14.874044254025536,0.8129542448094258,0.21439329679973598,-0.7988044857265625,-0.008838800156210481,0.028950552041142334,-0.0027000068362715355,10.000000044173305,1.0721287087888713e-07,0.04999999651757947,1.9973223533370857e-13,-1.8863191792850717e-12,6.636451072978869e-08,1.896863994062333e-12,-3.0212810478887664e-07,13.18045427232708,10.193869590759277,2.664839029312134,14.726480484008789,0.8014248013496399,0.22038456797599792,-0.8882343173027039,22.794917341515166,5.140464164366307,12.841928368673534,True,0.8395491242408752,423.0,374.0,True,OFFBOARD
49.152,ACQUIRE,True,-2.672054307117165,-3.3071913957936605,14.794044622224876,0.8102774200423465,0.21486991520992801,-0.8004427620141966,-0.008917321288763625,0.02858085007932885,-0.0026095846640659844,10.000000044513163,1.0747764730827949e-07,0.04992755344844091,-3.921817093411741e-09,4.7931280819368816e-09,-0.01811021357549219,6.193119256402904e-09,-3.045688807010439e-07,13.096506294809432,10.278322219848633,2.686032772064209,14.642425537109375,0.7983072400093079,0.21974970400333405,-0.8928446769714355,22.760609485570605,5.138170162698875,12.720867626327754,True,0.8395491242408752,423.0,374.0,True,OFFBOARD
49.252,ACQUIRE,True,-2.5943989731537456,-3.286545878924033,14.717258270789799,0.8076717829355129,0.21517107362876262,-0.7989674728055278,-0.008513691176774122,0.028619013208415017,-0.0025248738139329297,10.000000044868699,1.0772316813209142e-07,0.04992755344843969,-3.9218171684083924e-09,4.7931280819368816e-09,-0.018110213575819958,6.193119303894827e-09,-3.070004294837774e-07,13.016154238004079,10.357170104980469,2.7056119441986084,14.564840316772461,0.7957026362419128,0.2198956310749054,-0.8936529159545898,22.79936904948255,5.148528948130084,12.67975386443547,True,0.8395491242408752,423.0,374.0,True,OFFBOARD
49.352,ACQUIRE,True,-2.5105390928602542,-3.264171138433124,14.63421406045418,0.8051825971203189,0.21507015924808395,-0.7985546978374196,-0.008250833428068378,0.02894527922674547,-0.002459989957438088,10.00000004529918,1.0799036102265731e-07,0.049999996287036774,-1.285919688765979e-13,1.2151289288570867e-12,6.321574941209235e-07,1.2219141574615342e-12,-3.0982800859356526e-07,12.929362066760945,10.445928573608398,2.7259252071380615,14.483716011047363,0.7950398325920105,0.21761079132556915,-0.8917397260665894,22.81419130359898,5.151319581778241,12.603827229481142,True,0.8395491242408752,423.0,374.0,True,OFFBOARD
49.452,ACQUIRE,True,-2.433346241138086,-3.243529268568905,14.557518284767971,0.803107859305162,0.21503595763257452,-0.7990869916159182,-0.00867263228861328,0.02899190605240884,-0.00243011849595516,10.000000045654724,1.0823588185326418e-07,0.04999999628703666,-1.2859196555960364e-13,1.2151301627723326e-12,6.321574936353675e-07,1.221915384175843e-12,-3.1225955732536367e-07,12.849458459620008,10.526325225830078,2.7450976371765137,14.406828880310059,0.793971836566925,0.2155022770166397,-0.8933465480804443,22.76822934130262,5.1479262729321,12.475488039561043,True,0.8124853372573853,423.5,374.5,True,OFFBOARD
49.552,ACQUIRE,True,-2.3531407555324932,-3.22200464565591,14.477645213495892,0.8011294546569746,0.21552389898111546,-0.7981072131717383,-0.009225647329901252,0.02918106297221072,-0.002428632256443417,10.000000046010266,1.084813951526186e-07,0.04999999651757936,1.9973224343405566e-13,-1.8863191662090006e-12,6.636451090970034e-08,1.896863981911887e-12,-3.146911067020972e-07,12.766416971821963,10.612066268920898,2.7662172317504883,14.321844100952148,0.7922916412353516,0.21335162222385406,-0.8937554955482483,22.8083921347469,5.1636727026574025,12.429728772599903,True,0.8124853372573853,423.5,374.5,True,OFFBOARD
49.652,ACQUIRE,True,-2.26991546978537,-3.199538657231644,14.394808098059814,0.7995515820373743,0.21656126320730168,-0.7948096415761908,-0.009719796494975053,0.02985065518940223,-0.0024261844340045884,10.000000046425054,1.0876783879722311e-07,0.049999993795609154,5.184068186420068e-09,1.3726627282745207e-09,0.004999403227888676,5.362720011994539e-09,-3.175279132594175e-07,12.680215892881115,10.69068431854248,2.7853310108184814,14.243143081665039,0.790224552154541,0.2123856097459793,-0.8924360871315002,22.850009517945537,5.176996188503866,12.392306146435823,True,0.8124853372573853,423.5,374.5,True,OFFBOARD
49.752,ACQUIRE,True,-2.1932015790361548,-3.1786893029411325,14.318633231820785,0.7987965797670558,0.21779893411582354,-0.79262439649449,-0.010114882589227736,0.03058262963986959,-0.002413910194711173,10.000000046780599,1.0901335963811156e-07,0.04999999379560904,5.18406821091502e-09,1.3726627647037137e-09,0.004999403227882981,5.362720044998032e-09,-3.199594619150266e-07,12.600723481828016,10.77630615234375,2.8045549392700195,14.159814834594727,0.7891554832458496,0.20938299596309662,-0.8889188766479492,22.8146329174768,5.171481594289883,12.268808136667648,True,0.8052116632461548,424.0,377.0,True,OFFBOARD
49.852,ACQUIRE,True,-2.110140550060136,-3.1559485970112604,14.236274033944321,0.7985564094452262,0.2194838126689962,-0.7911514199540354,-0.010331577106546775,0.030652709882907237,-0.0024241243854613843,10.000000047136144,1.0925887781451802e-07,0.04999999651757936,1.9973224766478723e-13,-1.886319151280045e-12,6.63645107018666e-08,1.896863967511402e-12,-3.2239101078451797e-07,12.514612160209746,10.854450225830078,2.8228073120117188,14.08154296875,0.7900224924087524,0.20731014013290405,-0.8885959982872009,22.807658135258073,5.173614154335919,12.182178464294894,True,0.8052116632461548,424.0,377.0,True,OFFBOARD
49.952,ACQUIRE,True,-2.0334982589027537,-3.134801269756949,14.160432554481535,0.7981588470427792,0.2209983161364318,-0.7887180898408238,-0.010249327889773629,0.030519553328652128,-0.0024459984451247687,10.000000047491678,1.0950439866189803e-07,0.04999999651757947,1.9973224972455742e-13,-1.886319153318218e-12,6.636451108350576e-08,1.8968639697551304e-12,-3.2482255939347114e-07,12.435114039582286,10.938417434692383,2.8429675102233887,13.996248245239258,0.7900101542472839,0.20525754988193512,-0.888538658618927,22.853939287581518,5.185496436990272,12.143603369651784,True,0.8052116632461548,424.0,377.0,True,OFFBOARD
50.052,ACQUIRE,True,-1.9537025235823673,-3.1126211571113664,14.08174303100079,0.7977499245817322,0.22252787255909412,-0.7852859437463517,-0.0102026216177264,0.03040041749048738,-0.0024587010721390723,10.000000047831529,1.0976917512137038e-07,0.04992755344842714,-3.9218178298360425e-09,4.793128104488287e-09,-0.01811021357895771,6.193119740200036e-09,-3.272633350845228e-07,12.352304089394181,11.015825271606445,2.862126350402832,13.91828441619873,0.7898634076118469,0.20497499406337738,-0.8859643936157227,22.871724811546784,5.19276175867569,12.082806598942678,True,0.7967326045036316,423.5,377.5,True,OFFBOARD
50.152,ACQUIRE,True,-1.8739545871526493,-3.090301626861204,14.003293066962609,0.7972123834396176,0.22371421205097644,-0.7843035416073504,-0.009626819054800586,0.03029383445092787,-0.0024446043051020152,10.000000048262017,1.100363631761951e-07,0.049999993795609154,5.184068313259767e-09,1.3726629138899327e-09,0.0049994032278885,5.362720182119589e-09,-3.300909143916542e-07,12.269505430495458,11.100165367126465,2.8837857246398926,13.83708667755127,0.7900513410568237,0.20465876162052155,-0.8832845687866211,22.874030854399827,5.196303812945251,11.99881862606258,True,0.7967326045036316,423.5,377.5,True,OFFBOARD
50.252,ACQUIRE,True,-1.7942690198573374,-3.0678991375628457,13.924840570659788,0.7964946302618866,0.22421076788383576,-0.784606612869206,-0.008954180222120006,0.030057740411652573,-0.0024599180688135145,10.00000004861755,1.1028188890053757e-07,0.04999999628703666,-1.2859199188379946e-13,1.215130204276947e-12,6.321574939895843e-07,1.2219154282202916e-12,-3.325224624950649e-07,12.186746434324043,11.177413940429688,2.9037065505981445,13.760185241699219,0.7893708348274231,0.20383885502815247,-0.8838258385658264,22.852022265198883,5.193603185829869,11.897062920604219,True,0.7967326045036316,423.5,377.5,True,OFFBOARD
50.352,ACQUIRE,True,-1.7114816853408148,-3.0445816166879496,13.843266041654072,0.7955883620164416,0.22414434920298293,-0.7839304084846273,-0.008586890882803924,0.029943819866062583,-0.0024713188841905035,10.000000048957398,1.1054665783580996e-07,0.04992755344841748,-3.9218180677881115e-09,4.793128104488287e-09,-0.018110213581365216,6.193119890884138e-09,-3.349632387801122e-07,12.100755443632911,11.260519027709961,2.9251081943511963,13.675905227661133,0.7879666090011597,0.2010951042175293,-0.8848558068275452,22.83964961260824,5.19551302445435,11.799618773277487,True,0.7967326045036316,423.5,377.5,True,OFFBOARD
50.452,ACQUIRE,True,-1.6319647328601834,-3.0221751438977953,13.76496855988615,0.7948198174840286,0.22400838679872978,-0.7819739141711699,-0.008649831309651286,0.030136608951946933,-0.002462757459197155,10.000000049387888,1.1081384590274493e-07,0.04999999379560904,5.184068391589844e-09,1.3726630231775117e-09,0.004999403227884486,5.362720285813884e-09,-3.3779081799886054e-07,12.018159092209205,11.343629837036133,2.9471209049224854,13.59203052520752,0.7865921854972839,0.19923818111419678,-0.8846055865287781,22.892331370688712,5.211672167203288,11.768632016206771,True,0.7955524921417236,423.0,379.0,True,OFFBOARD
50.552,ACQUIRE,True,-1.555689455347636,-3.000678170787499,13.689959835141483,0.7943162664076957,0.22381141833525048,-0.7810711759829972,-0.008377331709490128,0.030464838871390513,-0.0024840876040411433,10.000000049743425,1.1105936677037253e-07,0.049999993795609154,5.184068415353436e-09,1.3726630578719812e-09,0.0049994032278797155,5.362720317666355e-09,-3.4022236645625426e-07,11.93892918519995,11.421332359313965,2.9694881439208984,13.516692161560059,0.7861840128898621,0.19798524677753448,-0.8833914995193481,22.849104554408715,5.209697510376854,11.645278671999982,True,0.7955524921417236,423.0,379.0,True,OFFBOARD
50.652,ACQUIRE,True,-1.476269583374459,-2.9783226045143403,13.611866632464453,0.7941262462911945,0.22323034962984908,-0.780790223358634,-0.007706859304006603,0.030670936194941302,-0.002484946870416819,10.00000005009896,1.1130489250824357e-07,0.049999996287036774,-1.2859198751463146e-13,1.215129293928287e-12,6.321574941486793e-07,1.2219145224669441e-12,-3.426539144596868e-07,11.856440060142376,11.498418807983398,2.9918859004974365,13.44052505493164,0.7846328616142273,0.19881558418273926,-0.8833074569702148,22.81083125629432,5.2068675123593255,11.527220781332602,True,0.7955524921417236,423.0,379.0,True,OFFBOARD
50.752,ACQUIRE,True,-1.3936901143668583,-2.955184489061322,13.530601378777103,0.7939339047298127,0.22156939202600445,-0.7823394904313593,-0.006320786304346101,0.03061425154620608,-0.0025008870415894765,10.000000050438816,1.115696614569284e-07,0.04992755344840649,-3.9218183806643805e-09,4.793128120100798e-09,-0.01811021358410069,6.193120101097506e-09,-3.4509469064555917e-07,11.770696308859389,11.581449508666992,3.0176823139190674,13.359989166259766,0.7835398316383362,0.19812266528606415,-0.883185625076294,22.83566653085154,5.216938382516643,11.467088908598019,True,0.7955524921417236,423.0,379.0,True,OFFBOARD
50.852,ACQUIRE,True,-1.317484198514396,-2.934033477488571,13.455426588631042,0.7937042011372231,0.2190786288867965,-0.7834081079851796,-0.0055657238641010146,0.03057962514877413,-0.0025217600898884683,10.000000050794357,1.1181518233427959e-07,0.049927553448395945,-3.921818420320316e-09,4.7931281183660746e-09,-0.018110213586762607,6.1931201248672105e-09,-3.475262390317656e-07,11.691621052553593,11.657586097717285,3.04015851020813,13.283740997314453,0.7830321788787842,0.1964612603187561,-0.8871429562568665,22.8585083746957,5.229525345005643,11.412886882477306,True,0.7483611106872559,424.0,384.5,True,OFFBOARD
50.952,ACQUIRE,True,-1.2381282489830987,-2.91227698535909,13.377115737968788,0.7933994220029277,0.21617889581639108,-0.7825265331014866,-0.005524334677017073,0.030383529096964207,-0.002497991186794929,10.000000051224834,1.120823704204643e-07,0.049999993795609154,5.18406851765334e-09,1.3726632070582001e-09,0.004999403227885235,5.36272045474457e-09,-3.50353818106245e-07,11.609344752578265,11.739617347717285,3.0632779598236084,13.199451446533203,0.7816362380981445,0.19307607412338257,-0.888227105140686,22.841681421625935,5.234103715846287,11.312307950377967,True,0.7483611106872559,424.0,384.5,True,OFFBOARD
51.052,ACQUIRE,True,-1.1588083234524402,-2.8907981678571866,13.298992108747695,0.7930061628338108,0.21357175136876286,-0.7799599202215131,-0.0058588936818184,0.030307798091875966,-0.0024718600036018677,10.000000051580372,1.123278961717475e-07,0.049999996287036774,-1.285919833274432e-13,1.21512937524345e-12,6.321574948354634e-07,1.2219146028899164e-12,-3.5278536601144124e-07,11.527173072675863,11.815328598022461,3.0840401649475098,13.12182903289795,0.7809154987335205,0.1906200647354126,-0.8873047232627869,22.834858958862537,5.235595273792284,11.227610554337565,True,0.7483611106872559,424.0,384.5,True,OFFBOARD
51.152,ACQUIRE,True,-1.0763599900568745,-2.868716132570078,13.21792301647327,0.7925381666544645,0.21118759579881521,-0.7795993451090143,-0.005833957446394307,0.030213500781797117,-0.002402591704795192,10.00000005192023,1.125926651339849e-07,0.04992755344839561,-3.921818693632202e-09,4.7931281218355215e-09,-0.0181102135868359,6.193120300628231e-09,-3.552261420997738e-07,11.441821737589152,11.897917747497559,3.106891393661499,13.04047966003418,0.7809725403785706,0.1891704499721527,-0.8843475580215454,22.866734207103512,5.246153327995572,11.175481025361426,True,0.7143283486366272,424.0,383.0,True,OFFBOARD
51.204,ACQUIRE,True,-1.0383251877445974,-2.8586085188098025,13.180488942428285,0.7922612919986546,0.21004744541200035,-0.7800847022997385,-0.005635651463921185,0.03011175041755829,-0.0023491962289121705,10.000000052097997,1.1271542557896242e-07,0.049927553448384954,-3.921818695619192e-09,4.793128128774415e-09,-0.01811021358949843,6.1931203072568165e-09,-3.564419162462372e-07,11.402467601742027,11.948486328125,3.1204612255096436,12.98943042755127,0.7799456119537354,0.188658207654953,-0.8853871822357178,22.85470634435923,5.2460127089343,11.11141773812851,True,0.7143283486366272,424.0,383.0,True,OFFBOARD
51.3,ACQUIRE,True,-0.9622976735794586,-2.8385684156729725,13.105595531712144,0.791708366762865,0.20751013417857128,-0.7799044732432547,-0.005258038560493375,0.030374143513919018,-0.0023120598061143285,10.000000052453531,1.1296094647136369e-07,0.049927553448392836,-3.921818806254497e-09,4.793128128774415e-09,-0.018110213587493453,6.193120377317074e-09,-3.5887346452161734e-07,11.32384399071,12.023964881896973,3.1401960849761963,12.911681175231934,0.7786023616790771,0.1860048770904541,-0.886940062046051,22.812051106906626,5.241254103999216,10.99078019057537,True,0.7143283486366272,424.0,383.0,True,OFFBOARD
51.352,ACQUIRE,True,-0.9179654648684864,-2.826992940952114,13.061948447520546,0.7916177441406147,0.20602617995057954,-0.7788922031718899,-0.005425808550914863,0.03061786560926531,-0.0023320156639032676,10.000000052706241,1.1310537899348697e-07,0.049999996287036774,-1.285919921981281e-13,1.2151297941012424e-12,6.321574944819129e-07,1.2219150203553482e-12,-3.604852689148036e-07,11.27802557057928,12.055312156677246,3.1481993198394775,12.878883361816406,0.7784168720245361,0.18511725962162018,-0.8872401714324951,22.83762528171475,5.248503935874794,10.984969540535618,True,0.7143283486366272,424.0,383.0,True,OFFBOARD
51.452,ACQUIRE,True,-0.8388087708205436,-2.806514177250743,12.984203551165756,0.7914808691840858,0.20370443702783478,-0.7760790725019757,-0.005760482035817998,0.030360535369783715,-0.0023351928782188703,10.000000053061788,1.1335089235667095e-07,0.04999999651757947,1.997322736099663e-13,-1.8863191069961037e-12,6.636451138865056e-08,1.8968639262055635e-12,-3.6291681781894657e-07,11.196262732895326,12.130477905273438,3.167736291885376,12.801384925842285,0.7782638669013977,0.18278232216835022,-0.8855733871459961,22.84462721620971,5.256502979630893,10.915857352167606,True,0.7035307288169861,429.5,386.5,True,OFFBOARD
51.552,ACQUIRE,True,-0.7628483661188552,-2.7870509532301893,12.909718863566898,0.7909890479956365,0.20195303625959268,-0.7762743620946836,-0.006313613835045527,0.03007025340559203,-0.002302953914457855,10.000000053417326,1.135964132578888e-07,0.04999999651757936,1.997322747256003e-13,-1.8863190993463374e-12,6.63645114093007e-08,1.8968639187157945e-12,-3.653483660306614e-07,11.11784870157045,12.21192455291748,3.1902265548706055,12.722251892089844,0.7774752378463745,0.18190902471542358,-0.8832218050956726,22.847069354890138,5.262914844139106,10.835236116642628,True,0.7035307288169861,429.5,386.5,True,OFFBOARD
51.652,ACQUIRE,True,-0.6806175551267761,-2.7661283798696634,12.828850858532231,0.7904454712701208,0.2004824766060758,-0.7788061114026655,-0.0063876648229307465,0.03032316784899495,-0.0022528297460640574,10.000000053832114,1.1388285698090868e-07,0.049999993795609265,5.184068698187522e-09,1.3726634742056154e-09,0.0049994032278871895,5.362720697644611e-09,-3.681851720099286e-07,11.032998656428466,12.286787033081055,3.2100045680999756,12.647135734558105,0.7758601903915405,0.17993506789207458,-0.8848530650138855,22.83902780837252,5.266702349743067,10.750804209208697,True,0.7035307288169861,429.5,386.5,True,OFFBOARD
51.752,ACQUIRE,True,-0.6015899619334231,-2.7461498368669104,12.750898758699108,0.7901549385341671,0.19919366125673804,-0.7799171231968792,-0.006646665548777359,0.030496615762890936,-0.0022464360036560447,10.000000054187655,1.1412838275568891e-07,0.049999996287036774,-1.2859200263052997e-13,1.2151305276317747e-12,6.321574951546525e-07,1.2219157509105139e-12,-3.706167197398498e-07,10.951486219836536,12.367547988891602,3.230531692504883,12.563459396362305,0.7742725014686584,0.17859713733196259,-0.8873791694641113,22.858806771988874,5.275912183421086,10.688783476454946,True,0.7035307288169861,429.5,386.5,True,OFFBOARD
51.852,ACQUIRE,True,-0.5225800743766318,-2.726281755689359,12.672932131514312,0.7900853045531522,0.19826562074453613,-0.7792644464449696,-0.007016953882537259,0.030739941783279906,-0.0022375237518410555,10.000000054543198,1.1437389613253679e-07,0.04999999651757947,1.9973228044194824e-13,-1.8863190984993044e-12,6.636451192294539e-08,1.896863918475379e-12,-3.7304826854573956e-07,10.8700186478485,12.442479133605957,3.2494893074035645,12.488164901733398,0.7733392715454102,0.176946759223938,-0.8877899646759033,22.835561618608452,5.277806263578324,10.589156397691541,True,0.692595899105072,428.5,387.0,True,OFFBOARD
51.952,ACQUIRE,True,-0.44672332133848064,-2.7072736333162357,12.598021532550392,0.7902933012239076,0.1978484363557495,-0.7821477350339557,-0.007615932955543806,0.03107210409675717,-0.0022195340798654354,10.000000054898733,1.1461941704709847e-07,0.04999999651757947,1.9973228143743426e-13,-1.8863190908230683e-12,6.636451158277305e-08,1.8968639109466363e-12,-3.754798166591864e-07,10.791819144420582,12.524872779846191,3.271073341369629,12.411477088928223,0.7722450494766235,0.1761762797832489,-0.8869525194168091,22.86015486088287,5.289217881162644,10.530477818128396,True,0.692595899105072,428.5,387.0,True,OFFBOARD
52.052,ACQUIRE,True,-0.36451855987504145,-2.686699332407363,12.516387462840433,0.7905026907722625,0.19786526081813094,-0.7872547338445508,-0.007975847276129431,0.030789710115712788,-0.0022112687495709736,10.000000055313523,1.1490586078575676e-07,0.049999993795609154,5.184068800757387e-09,1.3726636164529404e-09,0.004999403227878852,5.362720833207692e-09,-3.783166225228382e-07,10.70708177071528,12.600321769714355,3.290152072906494,12.337636947631836,0.7718692421913147,0.17577271163463593,-0.8917497992515564,22.843203565416495,5.294681159967658,10.43718181989758,True,0.692595899105072,428.5,387.0,True,OFFBOARD
52.152,ACQUIRE,True,-0.2854677072212491,-2.666895749945531,12.437511656335493,0.790501778006409,0.19825943466062915,-0.7897090702396622,-0.008373224275455875,0.030651695827874335,-0.0021287589882461417,10.000000055669066,1.1515138657401792e-07,0.04999999628703666,-1.285920083248413e-13,1.215129972613436e-12,6.321574948288577e-07,1.2219151995734177e-12,-3.807481701536557e-07,10.625590838006465,12.681580543518066,3.3101112842559814,12.254302978515625,0.7718889117240906,0.17581282556056976,-0.8957921862602234,22.830787004874814,5.295825218690041,10.341636796206448,True,0.6723563075065613,425.5,388.5,True,OFFBOARD
52.252,ACQUIRE,True,-0.20642408186626438,-2.6470369983492756,12.358550543708153,0.7903472726545908,0.19891969140912114,-0.7891472819414169,-0.00854328305426628,0.030464634428890268,-0.0020412841613192062,10.000000056024602,1.1539689996422827e-07,0.04999999651757936,1.9973228638967412e-13,-1.8863190822997993e-12,6.636451173559525e-08,1.8968639029922005e-12,-3.8317971885957846e-07,10.544093093484666,12.756610870361328,3.3278822898864746,12.17674732208252,0.770987331867218,0.17650729417800903,-0.8964119553565979,22.8080890180911,5.294704217234371,10.242099464864888,True,0.6723563075065613,425.5,388.5,True,OFFBOARD
52.352,ACQUIRE,True,-0.1273978264266689,-2.6271079435206786,12.279533086522527,0.7902383591900881,0.19965777340859622,-0.791936633172167,-0.0088176059523489,0.03086599731339454,-0.0019726756773496743,10.000000056364447,1.1566167650131127e-07,0.04992755344835342,-3.921819597186318e-09,4.7931281582647145e-09,-0.01811021359737629,6.193120901001751e-09,-3.8562049398492835e-07,10.462594545856343,12.839386940002441,3.3458762168884277,12.099939346313477,0.7717039585113525,0.17517317831516266,-0.8945407867431641,22.85063765851808,5.303962410303518,10.200943215694457,True,0.6723563075065613,425.5,388.5,True,OFFBOARD
52.452,ACQUIRE,True,-0.051526476040299626,-2.6078866789832693,12.203271812470746,0.7904482604574989,0.20083705868677434,-0.7964874139179752,-0.00953285710227271,0.031176947070576107,-0.0019258666345148992,10.00000005671999,1.1590719743250665e-07,0.04992755344836142,-3.9218197077497864e-09,4.7931281582647145e-09,-0.018110213595371228,6.1931209710165295e-09,-3.8805204197490816e-07,10.384327574462786,12.915079116821289,3.3623764514923096,12.025799751281738,0.7717628479003906,0.17503367364406586,-0.8987531065940857,22.86513317810813,5.309524897739065,10.138785079793927,True,0.6634707450866699,423.0,390.0,True,OFFBOARD
52.552,ACQUIRE,True,0.030708799957302475,-2.586903849544802,12.120279650963372,0.7910415143741004,0.2026568080930537,-0.798922363012748,-0.009864016006667604,0.03150686221555174,-0.0018652861869919775,10.00000005715047,1.1617439044809412e-07,0.049999996287036774,-1.28592005241112e-13,1.215129580013665e-12,6.321574955085363e-07,1.2219148088292064e-12,-3.9087962015362225e-07,10.299458252675322,12.996566772460938,3.380345344543457,11.942333221435547,0.7714335918426514,0.17575223743915558,-0.9028134942054749,22.852485976181583,5.309220442297333,10.0428931336047,True,0.6634707450866699,423.0,390.0,True,OFFBOARD
52.652,ACQUIRE,True,0.10985307120869778,-2.5665448884726145,12.04042280816942,0.7918444435655829,0.20443404161721176,-0.7977074545444,-0.009844161569343205,0.03172600264558018,-0.001826256422736629,10.000000057506005,1.164199038515584e-07,0.04999999651757936,1.9973229281469613e-13,-1.8863190706266265e-12,6.636451190212871e-08,1.896863892060449e-12,-3.9331116876045397e-07,10.217737551567103,13.07168960571289,3.398000717163086,11.864107131958008,0.7705468535423279,0.1761792153120041,-0.904737651348114,22.89814636364202,5.318845230774036,10.012437069011737,True,0.6634707450866699,423.0,390.0,True,OFFBOARD
52.752,ACQUIRE,True,0.18592438451980609,-2.5468336490203467,11.96392123293035,0.7930174419433444,0.20614639656260544,-0.7963911670921359,-0.009941971582516317,0.032367257157703694,-0.001781213446103416,10.000000057861543,1.1666542479293744e-07,0.04999999651757947,1.997322947151048e-13,-1.88631907142072e-12,6.636451229054023e-08,1.896863893050234e-12,-3.957427166756939e-07,10.139153986014575,13.15362548828125,3.4196977615356445,11.781723022460938,0.7727289199829102,0.17752940952777863,-0.9028577208518982,22.842695269784564,5.312688380001743,9.872258440318575,True,0.6634707450866699,423.0,390.0,True,OFFBOARD
52.852,ACQUIRE,True,0.26530900784646927,-2.526125356732791,11.884314425628308,0.7946384205452339,0.2079620509402912,-0.795617790268094,-0.010083642918334582,0.032592661866118665,-0.0016811101981185448,10.000000058201394,1.1693020134680691e-07,0.04992755344835054,-3.9218200213150274e-09,4.793128163468885e-09,-0.01811021359810736,6.193121173610767e-09,-3.981834916783099e-07,10.057112893596718,13.228973388671875,3.438955307006836,11.703291893005371,0.7750105261802673,0.17888765037059784,-0.9025678634643555,22.869419229335683,5.321584498090927,9.822550008928133,True,0.6634707450866699,423.0,390.0,True,OFFBOARD
52.952,ACQUIRE,True,0.3448575316812552,-2.50523326454349,11.80486313640081,0.7962469533166748,0.2097996631748213,-0.7931817600791686,-0.01012041663021218,0.032554286822314066,-0.0016140896601619088,10.000000058631871,1.1719738951122729e-07,0.04999999379560904,5.184069028906183e-09,1.3726639477851243e-09,0.004999403227882536,5.362721138565135e-09,-4.010110701708371e-07,9.974866992231986,13.310395240783691,3.4592320919036865,11.617185592651367,0.776175856590271,0.17940664291381836,-0.9015072584152222,22.849724874194635,5.323234208836079,9.719738357939509,True,0.6480143666267395,422.0,389.0,True,OFFBOARD
53.052,ACQUIRE,True,0.4245679070339198,-2.484157620651944,11.725732506348743,0.7979133086475985,0.21163548545196914,-0.7894922577059015,-0.010178763806377783,0.032684738768340216,-0.0015259740898175055,10.000000058987405,1.1744291532971299e-07,0.04999999628703666,-1.2859202471625233e-13,1.2151290997459838e-12,6.321574951824083e-07,1.2219143332779553e-12,-4.03442617580529e-07,9.892418337514902,13.386548042297363,3.4788501262664795,11.539518356323242,0.778041660785675,0.17961061000823975,-0.8997217416763306,22.849746529138685,5.327400265213961,9.642057001364316,True,0.6480143666267395,422.0,389.0,True,OFFBOARD
53.152,ACQUIRE,True,0.5044420958930314,-2.462898956022929,11.646850150408282,0.7994732151934145,0.2134425701018353,-0.7890229990881047,-0.010071664588966042,0.032570546913849155,-0.001436589574240369,10.00000005934295,1.1768842875011088e-07,0.04999999651757947,1.9973230122113882e-13,-1.8863190599593053e-12,6.636451245690715e-08,1.8968638823375935e-12,-4.05874166064508e-07,9.809765179887101,13.471811294555664,3.503236770629883,11.46000862121582,0.7812134027481079,0.1821271926164627,-0.8961172699928284,22.862295815239538,5.3352810737283,9.567527677604012,True,0.6480143666267395,422.0,389.0,True,OFFBOARD
53.252,ACQUIRE,True,0.5876559923303863,-2.4406229364056276,11.564681023808557,0.8006220930239281,0.2147352888787202,-0.7910142067178573,-0.009212753621721092,0.03191818623832906,-0.0013822772654837007,10.000000059757738,1.1797487253586835e-07,0.049999993795609154,5.184069106584511e-09,1.3726640692157677e-09,0.004999403227885514,5.362721244737593e-09,-4.087109715812057e-07,9.723623899411601,13.549711227416992,3.5245048999786377,11.384295463562012,0.7839078307151794,0.183391273021698,-0.8978369235992432,22.862174339840955,5.339778253206358,9.48773874889036,True,0.6366487741470337,421.5,389.0,True,OFFBOARD
53.352,ACQUIRE,True,0.6677488726918291,-2.4191186372417133,11.485524528670569,0.8011197655675583,0.2152447884409057,-0.791757345010168,-0.008670177232461171,0.03134769220098506,-0.0013571744379794214,10.000000060113273,1.1822039836437287e-07,0.04999999628703666,-1.2859200761015726e-13,1.2151297574670674e-12,6.321574953421695e-07,1.2219149855465335e-12,-4.11142518914717e-07,9.64069747363527,13.633410453796387,3.5464696884155273,11.300394058227539,0.7842683792114258,0.18388578295707703,-0.8995265364646912,22.844858771754303,5.340722664775889,9.38456838952052,True,0.6366487741470337,421.5,389.0,True,OFFBOARD
53.452,ACQUIRE,True,0.7446652426277514,-2.398446900675068,11.409561640328276,0.8013082100588409,0.21537042504959145,-0.790606792602809,-0.008386578367808628,0.0313774942791703,-0.0013564769396304536,10.000000060468814,1.1846591932929543e-07,0.049999996287036885,-1.2859202779667293e-13,1.2151296952101458e-12,6.321574958693589e-07,1.2219149257597117e-12,-4.1357406665547946e-07,9.5610548944124,13.710587501525879,3.566697835922241,11.2235107421875,0.7845684885978699,0.18408110737800598,-0.8991867303848267,22.888872277968744,5.355387266552251,9.350952963026302,True,0.6366487741470337,421.5,389.0,True,OFFBOARD
53.552,ACQUIRE,True,0.8248091438876713,-2.376915336496901,11.330445469032036,0.8015448544362002,0.21521926522191193,-0.792320721586037,-0.008092918999827472,0.03137480314317977,-0.0013166231126689183,10.000000060824352,1.1871143276299337e-07,0.04999999651757947,1.9973230756448967e-13,-1.886319047492039e-12,6.63645126234406e-08,1.896863870607564e-12,-4.160056150403704e-07,9.478072348502389,13.79502010345459,3.5897057056427,11.144617080688477,0.7847895622253418,0.18437187373638153,-0.897449254989624,22.859586550175976,5.354622747474872,9.234787330067585,True,0.6027773022651672,433.0,395.0,True,OFFBOARD
53.652,ACQUIRE,True,0.9081837377436105,-2.3545525971297616,11.247863816744378,0.801855113114016,0.2148381160487796,-0.7954933497098682,-0.008001771581475648,0.03162842034525933,-0.0012534451785803783,10.00000006123914,1.189978765643975e-07,0.049999993795609154,5.184069209350661e-09,1.3726642218714336e-09,0.0049994032278731955,5.362721383154591e-09,-4.188424204415462e-07,9.39175396575122,13.872184753417969,3.6098523139953613,11.069271087646484,0.7848241329193115,0.18337105214595795,-0.9006885290145874,22.871859057854994,5.360536145358058,9.168371254663437,True,0.6027773022651672,433.0,395.0,True,OFFBOARD
53.752,ACQUIRE,True,0.9851820144586971,-2.3339461992077433,11.171451295178652,0.8022615247425342,0.21446780293952955,-0.7959416050605245,-0.007892455934436745,0.03164654965365081,-0.0012405119253495272,10.000000061594678,1.1924339753948308e-07,0.049999993795609154,5.184069233440981e-09,1.3726642444228387e-09,0.0049994032278792636,5.362721412214723e-09,-4.2127396810612455e-07,9.312048638209543,13.9552001953125,3.630765676498413,10.98527717590332,0.7852992415428162,0.18202172219753265,-0.9038512706756592,22.859178353785296,5.363682606180571,9.071043387160026,True,0.6027773022651672,433.0,395.0,True,OFFBOARD
53.852,ACQUIRE,True,1.0686477008898667,-2.3116676409654824,11.088750188287134,0.8028516574791285,0.21400304416737884,-0.794517145716667,-0.008009172219534335,0.031868306200946786,-0.0012957094390986395,10.000000061950216,1.1948891585014704e-07,0.04999999651757947,1.9973231211902367e-13,-1.8863190351835916e-12,6.636451241544032e-08,1.896863858847115e-12,-4.237055159845849e-07,9.225663273290571,14.03170108795166,3.6504151821136475,10.908658981323242,0.7857682704925537,0.17990905046463013,-0.9031698107719421,22.869439583246432,5.3680988132616,9.003113837330321,True,0.6027773022651672,433.0,395.0,True,OFFBOARD
53.952,ACQUIRE,True,1.148974183661585,-2.2902796597952144,11.009268098573573,0.8037158900553629,0.21378617305751738,-0.7955695825505023,-0.008116035207082734,0.032307735127394537,-0.0013042217193388775,10.000000062290063,1.197536924413129e-07,0.049927553448318784,-3.921820884619812e-09,4.793128189489737e-09,-0.018110213605985533,6.193121740440865e-09,-4.2614629071579554e-07,9.142540159756566,14.115035057067871,3.673985242843628,10.828614234924316,0.7862638235092163,0.18109381198883057,-0.9028623104095459,22.8726774233693,5.375083778179695,8.921324791921894,True,0.5915195345878601,437.0,396.0,True,OFFBOARD
54.052,ACQUIRE,True,1.22939212986869,-2.2689189103765055,10.929618237172166,0.8045276996349772,0.21337459477760878,-0.7971797238614934,-0.007634040800904724,0.03185774556273266,-0.0012321611881603465,10.00000006272054,1.2002088064885117e-07,0.04999999379560893,5.184069310962719e-09,1.3726643597819499e-09,0.004999403227880523,5.362721516681719e-09,-4.2897386888716713e-07,9.05933535521802,14.19150161743164,3.694509506225586,10.751827239990234,0.7864081263542175,0.1812949776649475,-0.9041847586631775,22.862982076403224,5.377779097811262,8.83334420637411,True,0.5915195345878601,437.0,396.0,True,OFFBOARD
54.152,ACQUIRE,True,1.3066505282120522,-2.2484725493625426,10.85309802842522,0.8049791857820269,0.21259255407888641,-0.7965828244931324,-0.007412260526103019,0.031617439139546406,-0.001151943424142022,10.00000006307608,1.2026640163741135e-07,0.04999999379560904,5.184069335611508e-09,1.3726643918743342e-09,0.0049994032278739605,5.362721548723863e-09,-4.314054164526487e-07,8.979418437815943,14.273999214172363,3.7156307697296143,10.66660213470459,0.7869359850883484,0.17979396879673004,-0.9054039120674133,22.865355558296876,5.383855592729013,8.751821404244941,True,0.5915195345878601,437.0,396.0,True,OFFBOARD
54.252,ACQUIRE,True,1.3871602105107337,-2.227254836933981,10.773547140503767,0.8051447971832234,0.21181184057222233,-0.7943409871753577,-0.007527051464625142,0.03123922971935931,-0.0010894237521782086,10.000000063431614,1.2051192749612272e-07,0.049999996287036774,-1.2859203497329193e-13,1.215129728456189e-12,6.321575234584011e-07,1.2219149595763954e-12,-4.3383696356415774e-07,8.896160687483649,14.349984169006348,3.7354769706726074,10.589043617248535,0.7857081294059753,0.17876827716827393,-0.9040402173995972,22.85804374518557,5.387386328800604,8.666941921997966,True,0.5917168259620667,437.5,396.5,True,OFFBOARD
54.352,ACQUIRE,True,1.46767390996155,-2.206104429922043,10.694116380986749,0.8051496197690738,0.2112491658114103,-0.7951816139875895,-0.007638081204677551,0.031440482843552234,-0.0010630609115764263,10.000000063787148,1.2075744095671748e-07,0.04999999651757936,1.9973232056056984e-13,-1.886319024807438e-12,6.636451295650751e-08,1.8968638494175048e-12,-4.3626851175166225e-07,8.8129159126696,14.432540893554688,3.7615036964416504,10.510936737060547,0.7845937013626099,0.17940600216388702,-0.9015490412712097,22.859076721240804,5.397002994611219,8.583784946606649,True,0.5917168259620667,437.5,396.5,True,OFFBOARD
54.452,ACQUIRE,True,1.5514209754818518,-2.1841728972309267,10.611218912425112,0.8054402599034813,0.21051490180240048,-0.7987553815681875,-0.007496120986221251,0.031948445802646275,-0.0010096519363270416,10.000000064201942,1.2104388478933096e-07,0.04999999379560904,5.184069413848561e-09,1.372664511570254e-09,0.004999403227884257,5.362721654992413e-09,-4.391053169215411e-07,8.726345190978757,14.508834838867188,3.7840137481689453,10.436853408813477,0.783871591091156,0.1785758137702942,-0.9041104316711426,22.859411048963082,5.402433458221024,8.505962931879292,True,0.5917168259620667,437.5,396.5,True,OFFBOARD
54.552,ACQUIRE,True,1.6319976353831873,-2.1631554220759033,10.531109359963802,0.8060580897435811,0.2098722349943145,-0.8036700789863235,-0.007555602163151549,0.03195045372535443,-0.0009333399419164614,10.000000064557476,1.2128941065823132e-07,0.04999999628703666,-1.285920466051057e-13,1.2151293140453195e-12,6.321575236251011e-07,1.2219145486908399e-12,-4.4153686395774325e-07,8.643072749864997,14.593507766723633,3.808668613433838,10.359131813049316,0.7855544686317444,0.17792201042175293,-0.9052836894989014,22.894053285750786,5.417818274332522,8.455082409096443,True,0.5917168259620667,437.5,396.5,True,OFFBOARD
54.652,ACQUIRE,True,1.7126222382306455,-2.1422016439103944,10.450453724473897,0.8063362763172709,0.2092136936359427,-0.8088699846732762,-0.0074276850884290365,0.0313770603269701,-0.0008505028352137628,10.00000006491301,1.2153492412881944e-07,0.04999999651757936,1.9973232563125162e-13,-1.886319018084114e-12,6.636451311593554e-08,1.896863843265479e-12,-4.4396841206818423e-07,8.559769836044866,14.67099666595459,3.829765558242798,10.283642768859863,0.786637008190155,0.17791911959648132,-0.9098748564720154,22.872608471706585,5.420290796216706,8.354412411706909,True,0.5979853868484497,445.5,401.5,True,OFFBOARD
54.752,ACQUIRE,True,1.793249590747751,-2.1213182787378093,10.369448505193148,0.8062260956137709,0.208491880614957,-0.8104954612989554,-0.00745355813742409,0.03136984859544652,-0.0008120369640322528,10.00000006525286,1.217997007468404e-07,0.049927553448297024,-3.9218215108666135e-09,4.793128208571695e-09,-0.018110213611456868,6.193122151782718e-09,-4.4640918660352024e-07,8.47648188267095,14.754279136657715,3.8512721061706543,10.198613166809082,0.7864117622375488,0.17737500369548798,-0.9134572744369507,22.86678895707518,5.424636985330414,8.263673071300873,True,0.5979853868484497,445.5,401.5,True,OFFBOARD
54.852,ACQUIRE,True,1.8738857426248199,-2.1004958015959825,10.288465711709938,0.8066212743276218,0.20806938100830916,-0.809020816887215,-0.008038613811469005,0.032194187593488244,-0.0007712623241941672,10.000000065683338,1.2206688898557942e-07,0.04999999379560893,5.1840695161343325e-09,1.3726646581543878e-09,0.004999403227876333,5.3627217913909495e-09,-4.4923676454219493e-07,8.393200647949573,14.831300735473633,3.870892286300659,10.120074272155762,0.7866094708442688,0.17559859156608582,-0.9125614762306213,22.866374802127723,5.429332121432045,8.184812152782825,True,0.5979853868484497,445.5,401.5,True,OFFBOARD
54.952,ACQUIRE,True,1.951367165381967,-2.0805151342752226,10.210829861864843,0.8075854146807366,0.20827704153714074,-0.8085867147245134,-0.008645697672215154,0.03255128381670245,-0.0006684834995087182,10.000000066038872,1.2231241000101426e-07,0.04999999379560893,5.1840695425056255e-09,1.372664693716219e-09,0.004999403227870393,5.3627218259862715e-09,-4.5166831191033006e-07,8.313184426104756,14.915935516357422,3.893293619155884,10.03692626953125,0.787844717502594,0.17461225390434265,-0.9108556509017944,22.874575191598097,5.4363280548539255,8.106842834918226,True,0.32035472989082336,409.0,401.5,True,OFFBOARD
55.004,ACQUIRE,True,1.9901448305038936,-2.070510849026921,10.172025054003,0.8081019917945502,0.2085585234089124,-0.8082521978519209,-0.008830422918727508,0.032492350250372525,-0.0006203225577110947,10.00000006621664,1.2243517050999375e-07,0.04999999379560904,5.184069552350422e-09,1.3726647093287303e-09,0.004999403227872969,5.3627218394993446e-09,-4.5288408558504646e-07,8.273137045886509,14.967658996582031,3.906362533569336,9.98448657989502,0.788898766040802,0.1745365560054779,-0.9113539457321167,22.866136083048325,5.437475385963994,8.045510975208547,True,0.32035472989082336,409.0,401.5,True,OFFBOARD
55.1,ACQUIRE,True,2.0710052832093564,-2.049617053778121,10.091288156657521,0.8090271856603345,0.20930104683256676,-0.8063101803288019,-0.008939066379514882,0.032274019013786015,-0.0005603497039510008,10.000000066572175,1.226806963972457e-07,0.049999996287036774,-1.2859203051809715e-13,1.2151303539900205e-12,6.321575239717128e-07,1.2219155811678155e-12,-4.553156324873849e-07,8.1896207998069,15.044788360595703,3.925187349319458,9.90466594696045,0.7888861298561096,0.17369809746742249,-0.9097729325294495,22.872165517921104,5.443552181920863,7.973284450457049,True,0.32035472989082336,409.0,401.5,True,OFFBOARD
55.152,ACQUIRE,True,2.116325013446497,-2.0378832916020135,10.046185568735536,0.8095138813170032,0.20973777651771314,-0.8045208205673252,-0.009040917237012796,0.03243375364921354,-0.0005344167993960188,10.000000066734257,1.2282270498358239e-07,0.04992755344827682,-3.921821788570435e-09,4.79312822071476e-09,-0.0181102136165264,6.193122337037921e-09,-4.5654063392924676e-07,8.14280671246832,15.07677936553955,3.9327876567840576,9.871026992797852,0.789057731628418,0.1732284426689148,-0.909115731716156,22.882948365224028,5.44800642959135,7.951865339723918,True,0.32035472989082336,409.0,401.5,True,OFFBOARD
55.252,ACQUIRE,True,2.1940934116956465,-2.017704198088092,9.969161474514022,0.8106966037735694,0.21065213912879768,-0.8000648716393253,-0.009274843302487575,0.032963568129564955,-0.00044547629235167937,10.000000067089792,1.2306822600887974e-07,0.049927553448275375,-3.921821863473059e-09,4.7931282276536535e-09,-0.018110213616854928,6.193122389840649e-09,-4.5897218122544545e-07,8.062462988463233,15.154077529907227,3.951794385910034,9.791467666625977,0.7905615568161011,0.17382360994815826,-0.906126856803894,22.881398846780904,5.44917966175861,7.871064565771166,True,0.32035472989082336,409.0,401.5,True,OFFBOARD
55.352,ACQUIRE,True,2.2784845997798273,-1.9957372306231154,9.886079635601462,0.8120867221143531,0.21173341017068603,-0.7985563078867828,-0.009250935530315295,0.03272801646266349,-0.0003276958353651531,10.000000067520268,1.2333541913400987e-07,0.049999996287036774,-1.2859204875412093e-13,1.2151288121782982e-12,6.321575244643743e-07,1.2219140498368224e-12,-4.6179975858970877e-07,7.975259789156733,15.239582061767578,3.9749794006347656,9.70992660522461,0.7928355932235718,0.17565050721168518,-0.9014386534690857,22.883827637871207,5.45540841531471,7.786280273358141,True,0.40426450967788696,409.0,403.5,True,OFFBOARD
55.452,ACQUIRE,True,2.3564891403719073,-1.9753711158812604,9.809392352621371,0.8128812941250899,0.21244142505805874,-0.7988791600693657,-0.008676255724637481,0.032188628324366884,-0.00020359281808452688,10.000000067875805,1.2358094016618998e-07,0.049999996287036774,-1.2859203937223842e-13,1.2151303815185913e-12,6.321575239715463e-07,1.2219156094753143e-12,-4.642313058349669e-07,7.894640639862332,15.31773853302002,3.995185613632202,9.631906509399414,0.7929734587669373,0.1778695434331894,-0.9015601873397827,22.884954804529784,5.460273270498858,7.70773922380001,True,0.40426450967788696,409.0,403.5,True,OFFBOARD
55.552,ACQUIRE,True,2.441053816588747,-1.9532668665053665,9.726373995419147,0.8132596927801332,0.21254300922050332,-0.7974244500939908,-0.008110110711995583,0.03165153725974646,-8.788250312270753e-05,10.000000068215652,1.2384570927651993e-07,0.04992755344827515,-3.921822136647196e-09,4.7931282276536535e-09,-0.018110213616928373,6.193122562829371e-09,-4.6667208084226766e-07,7.807235129710108,15.401803016662598,4.016077041625977,9.545448303222656,0.7938809990882874,0.17779311537742615,-0.9011258482933044,22.872155627265585,5.461325451903878,7.608870553121118,True,0.40426450967788696,409.0,403.5,True,OFFBOARD
55.604,ACQUIRE,True,2.4833433873202444,-1.942216925044448,9.684949300124584,0.8132464180236386,0.21245912944301387,-0.7958141926226797,-0.008088681022361491,0.03143784764911052,-4.3064891912311185e-05,10.000000068468362,1.2399013702669917e-07,0.04999999379560904,5.184069707658638e-09,1.3726649443837613e-09,0.004999403227874755,5.362722049799336e-09,-4.682838849547018e-07,7.763525921114017,15.453274726867676,4.028481483459473,9.49190616607666,0.7940607070922852,0.1773892641067505,-0.9008470177650452,22.872329865018,5.464132451650223,7.556683984750306,True,0.5606163740158081,439.5,405.5,True,OFFBOARD
55.7,ACQUIRE,True,2.5614106539246766,-1.9218234337919249,9.60869482664171,0.813167376296947,0.2124549054839726,-0.7938194713357984,-0.008370577933181208,0.03149417170970856,5.10540420695703e-05,10.000000068823896,1.24235658067423e-07,0.04999999379560904,5.184069732503863e-09,1.3726649712719752e-09,0.00499940322787714,5.3627220806992936e-09,-4.70715432135656e-07,7.682839206415848,15.532539367675781,4.051239013671875,9.419989585876465,0.7949869632720947,0.17873072624206543,-0.8959661722183228,22.88231660832385,5.471949989707355,7.485829624335305,True,0.5606163740158081,439.5,405.5,True,OFFBOARD
55.752,ACQUIRE,True,2.6036927489711643,-1.9107745899762218,9.567384984959807,0.8130544280223754,0.2124842471930153,-0.7951021627930198,-0.008194786633306401,0.03125682774024537,0.00010868283623290497,10.000000069001663,1.2435842345587526e-07,0.049999996287036774,-1.285920648742167e-13,1.2151297460321226e-12,6.321575241314741e-07,1.2219149802014482e-12,-4.719312052870369e-07,7.639137515536514,15.565404891967773,4.0604329109191895,9.389363288879395,0.7953475117683411,0.17932093143463135,-0.8960143327713013,22.884587226759926,5.4746344305091394,7.454555384994066,True,0.5606163740158081,439.5,405.5,True,OFFBOARD
55.852,ACQUIRE,True,2.6817189837364066,-1.890387414824178,9.490900597854155,0.8124372716844731,0.21218213675165642,-0.7980632097279851,-0.0076882816986980065,0.030712415650601208,0.00014727112985985196,10.000000069357199,1.2460394450152893e-07,0.04999999628703666,-1.285920552276364e-13,1.2151293146805942e-12,6.32157524651558e-07,1.2219145502300059e-12,-4.74362752433186e-07,7.558492117967721,15.643719673156738,4.081517219543457,9.313923835754395,0.7944707870483398,0.17995433509349823,-0.8985517024993896,22.879137513363435,5.4799068912679765,7.369312382873123,True,0.5606163740158081,439.5,405.5,True,OFFBOARD
55.952,ACQUIRE,True,2.7661627346675184,-1.8683579959195549,9.407814439486577,0.8115378315264369,0.21141547842324024,-0.7991618344291931,-0.007256025269521009,0.03080463702430893,0.00017088286655878233,10.000000069697046,1.2486871362539552e-07,0.04992755344826427,-3.921822449568444e-09,4.793128236327271e-09,-0.01811021361966387,6.193122767701025e-09,-4.7680352734049874e-07,7.471222433924891,15.727699279785156,4.103113174438477,9.229782104492188,0.7927189469337463,0.17949724197387695,-0.9008890986442566,22.8792733870547,5.48523368665537,7.2839048128087756,True,0.5725592970848083,439.0,408.0,True,OFFBOARD
56.052,ACQUIRE,True,2.8472873012216677,-1.8472626131297152,9.327907087330802,0.8110289236350698,0.21055693635289716,-0.7989292602578394,-0.007400850650973579,0.03112157004706974,0.00014054875600713276,10.000000070127523,1.2513590191126094e-07,0.04999999379560893,5.184069822269093e-09,1.3726651031109594e-09,0.004999403227880417,5.362722201220171e-09,-4.796311049300136e-07,7.387400055408767,15.804814338684082,4.122915744781494,9.153607368469238,0.7902042865753174,0.17845135927200317,-0.8996313810348511,22.88408114804592,5.491087599618842,7.210264404479297,True,0.5725592970848083,439.0,408.0,True,OFFBOARD
56.152,ACQUIRE,True,2.925126400049519,-1.8270821987629122,9.251079404844507,0.8106176611266841,0.20991999443918577,-0.802228873235134,-0.0075563897431146125,0.03107535228686725,0.00011148683143736282,10.000000070483058,1.2538142296686206e-07,0.04999999379560904,5.184069847005355e-09,1.3726651395401523e-09,0.004999403227873825,5.362722234456947e-09,-4.820626519999863e-07,7.306987564776224,15.888504028320312,4.145757675170898,9.075928688049316,0.7888906598091125,0.17873015999794006,-0.8988135457038879,22.88071217700385,5.497937428831699,7.121752935950998,True,0.5725592970848083,439.0,408.0,True,OFFBOARD
56.252,ACQUIRE,True,3.0061649203236915,-1.8061194138025016,9.170606503889621,0.8102129300288058,0.2093654318201333,-0.8069359681128911,-0.007575316988301326,0.03130255683398359,0.00011724090813756231,10.000000070838592,1.2562694889273338e-07,0.049999996287036774,-1.2859203823900098e-13,1.2151293784198235e-12,6.321575243117187e-07,1.2219146118274416e-12,-4.844941986159895e-07,7.223281657479974,15.965069770812988,4.165592193603516,9.001225471496582,0.7865561246871948,0.17841434478759766,-0.9023541212081909,22.88085949814434,5.503541381050541,7.04402268457818,True,0.33595287799835205,409.5,416.5,True,OFFBOARD
56.352,ACQUIRE,True,3.087180463957215,-1.7852109694394167,9.08977384421242,0.8102003269448439,0.20883553382782216,-0.8089677128018697,-0.0076074084013309186,0.03184855592817911,9.633060152315982e-05,10.000000071194126,1.2587246242036555e-07,0.04999999651757947,1.9973235282683051e-13,-1.8863189676856536e-12,6.636451381659729e-08,1.896863796010776e-12,-4.869257463071554e-07,7.139611584464783,16.047351837158203,4.18609619140625,8.91650676727295,0.7844995260238647,0.1778249591588974,-0.9066063761711121,22.879316634332348,5.508837357363726,6.958835188589057,True,0.33595287799835205,409.5,416.5,True,OFFBOARD
56.452,ACQUIRE,True,3.1682251680868396,-1.76434947003435,9.00892385437937,0.8107335063264135,0.20845572660480394,-0.8077023669069506,-0.007882666070604623,0.03223277769283893,0.00011661008851867757,10.000000071533972,1.2613723909540517e-07,0.04992755344825206,-3.9218228380680165e-09,4.793128245000888e-09,-0.018110213622728334,6.193123020433e-09,-4.893665204245858e-07,7.055925015820456,16.123598098754883,4.2057719230651855,8.838247299194336,0.783724844455719,0.1774018257856369,-0.9068481922149658,22.888768784027157,5.514702641109637,6.890633789827151,True,0.33595287799835205,409.5,416.5,True,OFFBOARD
56.556,ACQUIRE,True,3.2525829968590467,-1.7426768210894306,8.924960016852076,0.811521709664646,0.20833887926718153,-0.8074358774295595,-0.007912478159314515,0.03242584776986211,0.0001610394343021059,10.000000071964449,1.2640443226744113e-07,0.049999996287036885,-1.285920695295892e-13,1.2151301996182658e-12,6.321575244711469e-07,1.2219154317587733e-12,-4.921940974395971e-07,6.968827744230048,16.233322143554688,4.237695217132568,8.730250358581543,0.7841026186943054,0.1794527918100357,-0.9044966697692871,22.88241786034142,5.520558053131411,6.771721413863587,True,0.512378454208374,424.0,417.0,True,OFFBOARD
56.652,ACQUIRE,True,3.33378137667441,-1.7218591391200089,8.844212143367635,0.8124823440216963,0.20797495006428848,-0.8070501299037948,-0.0076069017400858755,0.03291404785780428,0.00022659528205202993,10.000000072319983,1.266499458052836e-07,0.04999999651757936,1.9973235760805078e-13,-1.886318957891835e-12,6.636451397635838e-08,1.8968637867748464e-12,-4.946256450545291e-07,6.88500334272195,16.290891647338867,4.253378391265869,8.67080020904541,0.7841879725456238,0.17921166121959686,-0.9047951698303223,22.88384863789524,5.526041040012809,6.7146669386382625,True,0.512378454208374,424.0,417.0,True,OFFBOARD
56.752,ACQUIRE,True,3.415101259668564,-1.701081986739972,8.763601433318339,0.8138534823378805,0.20760723327025193,-0.8049221112704974,-0.007714630626015449,0.03290678802811537,0.0002856750028500756,10.000000072659832,1.2691472249067628e-07,0.049927553448233075,-3.921823040025374e-09,4.793128258878676e-09,-0.018110213627469052,6.193123159064027e-09,-4.970664190988297e-07,6.801071440201885,16.36724090576172,4.273260593414307,8.590375900268555,0.7846128940582275,0.17928746342658997,-0.903738260269165,22.885705675383655,5.532448752812175,6.638971138178728,True,0.512378454208374,424.0,417.0,True,OFFBOARD
56.852,ACQUIRE,True,3.4965467242035295,-1.6803360862229793,8.683319224439611,0.8149706660865784,0.20736029898592584,-0.800912383292209,-0.007956854910025126,0.03266591842669165,0.0003435116997742405,10.000000073090305,1.2718191080768485e-07,0.04999999379560904,5.184070026713734e-09,1.3726654075549294e-09,0.004999403227877138,5.36272247678077e-09,-4.998939964557326e-07,6.717025774196978,16.444042205810547,4.293323516845703,8.511249542236328,0.7853680849075317,0.1784384846687317,-0.9001750946044922,22.89185547859525,5.538785073146151,6.566998590598366,True,0.512378454208374,424.0,417.0,True,OFFBOARD
56.952,ACQUIRE,True,3.5748257898773255,-1.6604285358338864,8.60647958043547,0.8157731019673413,0.2074231212224918,-0.8006046204454564,-0.008240521615283096,0.03253479848560594,0.0004079888584366201,10.00000007344584,1.2742743189023856e-07,0.04999999379560904,5.1840700513051705e-09,1.3726654344431433e-09,0.004999403227881853,5.362722507435396e-09,-5.023255433274974e-07,6.636255564699867,16.52891731262207,4.317173004150391,8.4302396774292,0.786165714263916,0.1797313690185547,-0.896115779876709,22.88653690910784,5.5447138225833585,6.4750431191258455,True,0.5281709432601929,424.0,418.0,True,OFFBOARD
57.052,ACQUIRE,True,3.656447063662972,-1.6396753999870384,8.52636055088154,0.8166659281459304,0.2076473207367166,-0.801700523957064,-0.008303347183710544,0.03275721675548689,0.00048197452676432696,10.000000073801374,1.2767295784295981e-07,0.049999996287036774,-1.2859206503303539e-13,1.2151293892194936e-12,6.321575246722083e-07,1.2219146253868968e-12,-5.047570897452912e-07,6.5520378988863515,16.606426239013672,4.337804794311523,8.353113174438477,0.7866954207420349,0.1808888018131256,-0.896819531917572,22.886784170846877,5.550418537985962,6.396352698474997,True,0.5281709432601929,424.0,418.0,True,OFFBOARD
57.152,ACQUIRE,True,3.7414244006093216,-1.618073942135969,8.442962927137296,0.8173707204536452,0.20768374013785554,-0.8017769035796759,-0.007858471624957213,0.03207257958793931,0.0005330721356343085,10.000000074141218,1.2793772700733216e-07,0.049927553448222084,-3.921823353009071e-09,4.793128272756464e-09,-0.018110213630205,6.193123368002988e-09,-5.071978643574468e-07,6.464358681073481,16.68970489501953,4.3590497970581055,8.267781257629395,0.7866792678833008,0.18081973493099213,-0.8975188732147217,22.88867514524997,5.556119980288734,6.313494213731556,True,0.5281709432601929,424.0,418.0,True,OFFBOARD
57.252,ACQUIRE,True,3.819895282887362,-1.5981458680756122,8.366062647395689,0.8173342412476283,0.20749949479915042,-0.8003686100208454,-0.007934812332395754,0.03141017526818146,0.0005653281325268274,10.000000074496752,1.2818324809967386e-07,0.049927553448229856,-3.921823463839021e-09,4.793128269287017e-09,-0.01811021362819965,6.193123435501398e-09,-5.096294111581885e-07,6.383397673702584,16.76721954345703,4.3783278465271,8.19013786315918,0.788043200969696,0.18013951182365417,-0.8954484462738037,22.88870963368224,5.563628769510975,6.235188786456417,True,0.5446028709411621,439.5,420.0,True,OFFBOARD
57.352,ACQUIRE,True,3.901601672922534,-1.577394737906185,8.285994356471118,0.8167125294323265,0.20757976839222478,-0.8015430923113932,-0.008321731644728604,0.030773185168537637,0.0005873962717777572,10.000000074927229,1.2845043643612528e-07,0.04999999379560893,5.184070153576128e-09,1.3726655818946387e-09,0.004999403227873495,5.362722644041641e-09,-5.124569883706398e-07,6.299098160370391,16.8535213470459,4.3998284339904785,8.10918140411377,0.788309633731842,0.18055149912834167,-0.8928568959236145,22.898518933145105,5.568762428092295,6.156979981980782,True,0.5446028709411621,439.5,420.0,True,OFFBOARD
57.452,ACQUIRE,True,3.986474266645425,-1.5557902027482935,8.202506280946256,0.8154191567257423,0.20788219706518835,-0.8035604776245145,-0.008341417502301687,0.030201669790226277,0.0006128606693672187,10.00000007528276,1.286959548677473e-07,0.04999999651757936,1.997323707206988e-13,-1.8863189368218906e-12,6.636451430925875e-08,1.896863767202742e-12,-5.148885353571791e-07,6.211519637460926,16.931964874267578,4.418844699859619,8.032684326171875,0.7878516912460327,0.1800031214952469,-0.8957263827323914,22.88991671260577,5.571276241638165,6.068384345642876,True,0.3318367302417755,456.0,434.0,True,OFFBOARD
57.552,ACQUIRE,True,4.067940760439888,-1.5349877682474609,8.12212646835828,0.8140003204705965,0.20819374130860727,-0.803725902147868,-0.008621117119113265,0.030303741042465433,0.000597170771546318,10.000000075622607,1.289607315800413e-07,0.04992755344821109,-3.921823666173678e-09,4.793128279695358e-09,-0.018110213632940637,6.1931235716862075e-09,-5.173293092039612e-07,6.127439560160646,17.015941619873047,4.438649654388428,7.948034286499023,0.7868902683258057,0.17940054833889008,-0.8959767818450928,22.890299464213317,5.577162058392108,5.983668655384613,True,0.3318367302417755,456.0,434.0,True,OFFBOARD
57.652,ACQUIRE,True,4.146031674123807,-1.5149666782570155,8.045030952853466,0.8130247771490144,0.20897383156845128,-0.8022735693815886,-0.009238037366617251,0.03083226537806459,0.0006020844357294058,10.000000075978141,1.2920625268584743e-07,0.0499275534482192,-3.921823777044944e-09,4.793128279695358e-09,-0.018110213630934856,6.193123641895942e-09,-5.197608559055916e-07,6.046823172346321,17.093711853027344,4.457091331481934,7.869790554046631,0.7855519652366638,0.178709477186203,-0.8958333730697632,22.89909660938859,5.581578652875272,5.913287064346352,True,0.3318367302417755,456.0,434.0,True,OFFBOARD
57.752,ACQUIRE,True,4.230555659446351,-1.4931676768264133,7.961656902982554,0.8125123382240205,0.21020698891051154,-0.8012716775460346,-0.00936225188979224,0.031080545983019188,0.0006549859059820287,10.000000076408618,1.2947344590475846e-07,0.04999999628703666,-1.2859207057349113e-13,1.2151294309358662e-12,6.321575255050422e-07,1.2219146674546877e-12,-5.22588432571495e-07,5.959533453063874,17.179941177368164,4.47845983505249,7.786022186279297,0.7865996360778809,0.18003368377685547,-0.8937472105026245,22.88614586956517,5.583228373112881,5.812167023747615,False,,,,True,OFFBOARD
57.852,ACQUIRE,True,4.3085268062562285,-1.4729363805647169,7.884772400056248,0.8118410400475621,0.2111952935867866,-0.8003570789195321,-0.009117679473166792,0.030579383477541057,0.0006494517128915557,10.000000076764149,1.297189670173235e-07,0.04999999628703655,-1.2859207208723165e-13,1.2151296812341021e-12,6.321575250054419e-07,1.2219149165223325e-12,-5.250199792221471e-07,5.8789803497063,17.258329391479492,4.497427463531494,7.7074875831604,0.7862107157707214,0.18052904307842255,-0.8930283784866333,22.891723862953455,5.589019051654252,5.738179630030222,False,,,,True,OFFBOARD
57.952,ACQUIRE,True,4.389659874856805,-1.4517721957908747,7.80481834970233,0.8108304259349312,0.21205547066659197,-0.7987432668285595,-0.009138604200319563,0.030294104111557755,0.0006436764721573715,10.000000077119683,1.299644805988122e-07,0.04999999651757947,1.9973237848756285e-13,-1.8863189201194597e-12,6.636451448933693e-08,1.8968637514109817e-12,-5.274515265177225e-07,5.795132446368779,17.34223747253418,4.517278671264648,7.6213908195495605,0.7861636877059937,0.17985153198242188,-0.8910060524940491,22.894123613438083,5.593743664680733,5.655282186028485,False,,,,True,OFFBOARD
58.052,ACQUIRE,True,4.4739164073616475,-1.4296658408709906,7.721868629174046,0.8095105687429154,0.2130670915660684,-0.7964287377049001,-0.009373959359815174,0.030056400234913395,0.0006408031928199022,10.000000077534473,1.3025092457262692e-07,0.04999999379560904,5.184070334214559e-09,1.3726658473073305e-09,0.004999403227878915,5.362722886598505e-09,-5.302883306470751e-07,5.708024659962038,17.4195499420166,4.535731792449951,7.5424418449401855,0.7858225107192993,0.18033067882061005,-0.8886640071868896,22.893984107733683,5.596907687740422,5.576336047577836,False,,,,True,OFFBOARD
58.152,ACQUIRE,True,4.554797501985337,-1.4083052437551882,7.642274502661858,0.8081572261353847,0.21406194925603528,-0.7959047064524815,-0.00914949242517622,0.029983027350460805,0.0006722423933923803,10.00000007789,1.3049645056230462e-07,0.049999996287036885,-1.285920735447239e-13,1.215130137149586e-12,6.321575251650365e-07,1.221915370059524e-12,-5.327198767913585e-07,5.62437153109437,17.50490379333496,4.5582122802734375,7.460821151733398,0.7847568988800049,0.18221515417099,-0.8860892057418823,22.90060563143608,5.601851076859228,5.495705620157144,False,,,,True,OFFBOARD
58.252,ACQUIRE,True,4.635543028051385,-1.3868667522584803,7.562619712192886,0.8068488661164618,0.21457995927272433,-0.7974463827298686,-0.008539116614287802,0.03019918073167083,0.0007093005320094726,10.000000078245534,1.307419641540324e-07,0.04999999651757936,1.9973238349863593e-13,-1.8863189125755725e-12,6.636451464215913e-08,1.8968637444366782e-12,-5.351514240098704e-07,5.540830190011337,17.583127975463867,4.578495502471924,7.386075019836426,0.7841074466705322,0.18273307383060455,-0.8848242163658142,22.90073169161396,5.60543799634069,5.415858211560442,False,,,,True,OFFBOARD
58.352,ACQUIRE,True,4.7129450458965225,-1.3662640169136846,7.485855700106072,0.8057167036806905,0.2145736861727369,-0.8021334581140386,-0.008081198748719032,0.030073738963637325,0.0007406011230968598,10.000000078601069,1.3098748528341266e-07,0.04999999651757936,1.9973238491005162e-13,-1.886318908684515e-12,6.636451466297581e-08,1.8968637407158684e-12,-5.375829705385005e-07,5.460735174011516,17.669618606567383,4.601782321929932,7.3081254959106445,0.7846313714981079,0.1837557703256607,-0.8854977488517761,22.897631871587247,5.610236342382228,5.324387496284438,False,,,,True,OFFBOARD
58.452,ACQUIRE,True,4.796665079979108,-1.343971133339811,7.402116133264134,0.8043417992474499,0.21409387238236582,-0.8077840133183996,-0.007709081386267144,0.030011307838791818,0.0008237678526015027,10.000000079015853,1.3127392927293114e-07,0.049999993795609154,5.184070436575344e-09,1.372665994758826e-09,0.004999403227870123,5.362723023291592e-09,-5.404197745522328e-07,5.374100284913577,17.74812126159668,4.622093200683594,7.233458042144775,0.7847254276275635,0.18388694524765015,-0.8898990750312805,22.902207917501006,5.61495804089342,5.248846525427841,False,,,,True,OFFBOARD
58.552,ACQUIRE,True,4.877033251258722,-1.32259277486519,7.3211248147462475,0.8031040904238815,0.2135103623480919,-0.8114437260467262,-0.007795219136803323,0.03021812593735725,0.0009163694362433377,10.000000079371386,1.315194552761403e-07,0.049999996287036774,-1.2859205467838848e-13,1.2151295118275127e-12,6.321575253244646e-07,1.221914746224375e-12,-5.428513205974096e-07,5.29093953074137,17.832054138183594,4.643052577972412,7.150033950805664,0.7839991450309753,0.18256066739559174,-0.8925639986991882,22.902391815500028,5.61925603686707,5.16345788742123,False,,,,True,OFFBOARD
58.652,ACQUIRE,True,4.957305687818007,-1.3012581322908128,7.239897949172178,0.8025129550983995,0.21326673092671034,-0.8127123473419469,-0.008196863905382035,0.03105068652657088,0.0009997843376121443,10.00000007972692,1.3176496888106983e-07,0.04999999651757947,1.9973238906006845e-13,-1.8863188929879356e-12,6.636451445464246e-08,1.896863725543528e-12,-5.452828677168236e-07,5.207882467948281,17.908857345581055,4.662184715270996,7.072103500366211,0.7822768092155457,0.1818111389875412,-0.8936988115310669,22.90876778796792,5.623796177948508,5.091542107951383,False,,,,True,OFFBOARD
58.752,ACQUIRE,True,5.0375560553928045,-1.2799343135820342,7.158494976335354,0.8025718133849699,0.21320668541706672,-0.8158325351678304,-0.008171541327353357,0.03162899634054526,0.0010585332812215,10.000000080066766,1.3202974563365473e-07,0.04992755344818767,-3.921824640694802e-09,4.793128302246763e-09,-0.018110213638813696,6.1931242062597e-09,-5.477236412686388e-07,5.12484954736096,17.992122650146484,4.684802055358887,6.992962837219238,0.7809019088745117,0.181893989443779,-0.8919095396995544,22.9042462993713,5.627451265875727,5.001754320172249,False,,,,True,OFFBOARD
58.852,ACQUIRE,True,5.11783877813354,-1.2586209220296811,7.0766961445887295,0.8031661962256653,0.21306365003220223,-0.8198788371291734,-0.008153665066200527,0.03230642252101591,0.0010919447346360485,10.000000080497237,1.3229693402881763e-07,0.04999999379560893,5.1840705379795756e-09,1.372666143945045e-09,0.004999403227877457,5.362723159504022e-09,-5.505512180435591e-07,5.0417879706203275,18.068456649780273,4.7054972648620605,6.917367458343506,0.7799967527389526,0.18152259290218353,-0.8933366537094116,22.909782406005196,5.633366186707651,4.9294397058908945,False,,,,True,OFFBOARD
58.952,ACQUIRE,True,5.194996191393671,-1.238171507303208,6.997784105847666,0.8043389721923329,0.21297189065801253,-0.8238699496067218,-0.008162216646468714,0.03305664500490663,0.0010978627790592008,10.000000080852772,1.3254245517854447e-07,0.04999999379560904,5.1840705624776395e-09,1.3726661838436849e-09,0.0049994032278708874,5.362723193398594e-09,-5.529827644198134e-07,4.961968499238501,18.15118408203125,4.729485988616943,6.834995269775391,0.7805491089820862,0.18266569077968597,-0.8946244716644287,22.912947094054346,5.64146263927892,4.848307786643078,False,,,,True,OFFBOARD
59.052,ACQUIRE,True,5.275531313988212,-1.2168776306916576,6.915264854283606,0.8064943664753612,0.21293597753233892,-0.8258804887666665,-0.008282761030941894,0.03438322923276612,0.0011459113095089641,10.000000081208317,1.327879811984136e-07,0.04999999628703666,-1.285920766929733e-13,1.2151300854805762e-12,6.321575255187537e-07,1.2219153190087454e-12,-5.554143103420974e-07,4.878667504933029,18.22698211669922,4.750255107879639,6.7562785148620605,0.7809773087501526,0.18298406898975372,-0.8974040150642395,22.909138180238017,5.646640333365353,4.767189095872137,False,,,,True,OFFBOARD
59.152,ACQUIRE,True,5.359585240536568,-1.194730045022172,6.829413410984002,0.8099499022452956,0.21298576374043182,-0.8247953531992143,-0.008300621473632794,0.03534662872676013,0.0012330541126486056,10.000000081548166,1.3305275043003478e-07,0.04992755344816724,-3.921824918151068e-09,4.793128317859274e-09,-0.018110213643882586,6.193124394043374e-09,-5.578550844641435e-07,4.791746038249902,18.30882453918457,4.771665573120117,6.669515132904053,0.7831336855888367,0.18421374261379242,-0.8966965675354004,22.907502567483363,5.651338447068296,4.682057664437541,False,,,,True,OFFBOARD
59.252,ACQUIRE,True,5.440772985783487,-1.1734302674497123,6.747066537097169,0.8136809432877975,0.21297985481443177,-0.8220489364016053,-0.008111163607096121,0.03562273254569885,0.0012880173204519788,10.000000081978653,1.333199388408997e-07,0.04999999379560893,5.184070640959667e-09,1.372666295733349e-09,0.0049994032278534205,5.3627232979058575e-09,-5.606826611228663e-07,4.707811659373242,18.38515853881836,4.7918314933776855,6.589682102203369,0.786124050617218,0.18597765266895294,-0.8944246172904968,22.900829680258678,5.65535352213542,4.597494551577716,False,,,,True,OFFBOARD
59.352,ACQUIRE,True,5.519070275479838,-1.152992818283775,6.6682448805792065,0.8173553580390704,0.21277152500347396,-0.8203949827201572,-0.007872004065868682,0.03573310466343156,0.0013017750826690537,10.000000082334198,1.335654600040198e-07,0.04999999379560882,5.184070664663855e-09,1.3726663295604569e-09,0.004999403227875989,5.362723329478906e-09,-5.631142074000134e-07,4.626891470627971,18.47014617919922,4.8157267570495605,6.505720615386963,0.7912002205848694,0.1866595447063446,-0.8909024596214294,22.912575657363732,5.663712169268893,4.522638491832153,False,,,,True,OFFBOARD
59.452,ACQUIRE,True,5.600996376459929,-1.1317352606061077,6.586242943042848,0.8209741973317964,0.21239396237868355,-0.8198537801265884,-0.007858454290986772,0.03559547134109926,0.0012972282266226788,10.00000008268974,1.3381098603744334e-07,0.049999996287036774,-1.2859209076331552e-13,1.2151298881218995e-12,6.321575534616796e-07,1.2219151242267282e-12,-5.655457532231852e-07,4.542252592095691,18.548213958740234,4.8365278244018555,6.427551746368408,0.7960816621780396,0.18722222745418549,-0.8886405229568481,22.912387749812,5.669737040486153,4.443000166154119,False,,,,True,OFFBOARD
59.552,ACQUIRE,True,5.686564984463722,-1.1096643702328595,6.50102501857581,0.8243586211580824,0.21206505695759878,-0.8187429150242815,-0.007877946784386167,0.03517169729480563,0.001286155919423375,10.000000083029594,1.340757552825426e-07,0.04992755344815636,-3.92182523134068e-09,4.793128328267615e-09,-0.01811021364661898,6.193124600427629e-09,-5.679865272460602e-07,4.453883436021026,18.63252830505371,4.8581013679504395,6.341989517211914,0.7995352745056152,0.18861570954322815,-0.8883323073387146,22.910742966788064,5.674604924041406,4.355433244694261,False,,,,True,OFFBOARD
59.652,ACQUIRE,True,5.765837495281631,-1.0893224988972519,6.422517755982386,0.8269525455247447,0.2117106130017761,-0.8168677472834737,-0.007716321312451072,0.034657141739226426,0.0012532960927729717,10.000000083385139,1.3432127645549474e-07,0.049927553448155026,-3.9218253067001225e-09,4.793128321328721e-09,-0.018110213646946757,6.193124642779039e-09,-5.704180734521224e-07,4.3720426143551645,18.71095848083496,4.877856731414795,6.264167785644531,0.8029574751853943,0.189192995429039,-0.886505126953125,22.91343097456572,5.680492529611421,4.278434209510573,False,,,,True,OFFBOARD
59.752,ACQUIRE,True,5.848646125915951,-1.0681759187759101,6.340824883955788,0.8290528720882685,0.2112299715311401,-0.8174905054862807,-0.007688270624632285,0.034291362596450416,0.001223611866367103,10.000000083815623,1.3458846488570088e-07,0.04999999379560882,5.184070767047597e-09,1.3726664770119523e-09,0.004999403227865477,5.362723466194194e-09,-5.732456499664381e-07,4.286576695307149,18.797679901123047,4.899673938751221,6.1826372146606445,0.806021511554718,0.1886012852191925,-0.8839304447174072,22.90760786554825,5.684789540338213,4.1842459751572445,False,,,,True,OFFBOARD
59.852,ACQUIRE,True,5.934969996749338,-1.0462282020437832,6.255722667706817,0.8309152383699558,0.21092562033295667,-0.8189833927173978,-0.008121398864954544,0.03412508115680049,0.0011914947032373054,10.000000084171162,1.348339833980106e-07,0.04999999651757936,1.9973240912396752e-13,-1.886318864612332e-12,6.636451533588198e-08,1.896863699438318e-12,-5.756771963600982e-07,4.197506801010655,18.87709617614746,4.919036388397217,6.105742931365967,0.8084176182746887,0.18839505314826965,-0.8845131397247314,22.911380811560825,5.6906413144408186,4.107411189718786,False,,,,True,OFFBOARD
59.952,ACQUIRE,True,6.014811527064168,-1.0259770732179316,6.177059849050887,0.8323082918527109,0.21098651763848378,-0.819726765606431,-0.008227111609461261,0.03360996004768043,0.0011840030802702187,10.000000084526707,1.3507950458106803e-07,0.04999999651757947,1.9973241069539097e-13,-1.8863188622300517e-12,6.636451534975977e-08,1.8968636972347455e-12,-5.781087424923071e-07,4.115137551829362,18.962657928466797,4.939533233642578,6.020844459533691,0.8108102679252625,0.1901647299528122,-0.8841765522956848,22.910238616887064,5.694863348787319,4.019193560209958,False,,,,True,OFFBOARD
60.052,ACQUIRE,True,6.098088717100966,-1.0048802448196024,6.095086856670911,0.8330832826672124,0.21089784276195594,-0.819541989341552,-0.007911282048774648,0.03293502776436952,0.0011937333397154023,10.000000084866565,1.3534428137740507e-07,0.049927553448144035,-3.921825619488343e-09,4.793128338675956e-09,-0.01811021364968335,6.193124854279434e-09,-5.805495157245578e-07,4.029230311155807,19.041790008544922,4.958472728729248,5.942826747894287,0.8118228316307068,0.19165898859500885,-0.8834162950515747,22.917243808268587,5.699441512683779,3.9456529108105354,False,,,,True,OFFBOARD
60.152,ACQUIRE,True,6.18475490673805,-0.982962413906709,6.0097884388205856,0.8335398558140946,0.21060097651198315,-0.8214672243349038,-0.007852086524108097,0.03287465724448254,0.0012278822904835272,10.000000085297044,1.356114746900504e-07,0.04999999628703666,-1.2859208676307008e-13,1.2151300706574996e-12,6.321575820358782e-07,1.2219153053277387e-12,-5.833770916923368e-07,3.9398364364872993,19.129192352294922,4.979836940765381,5.862563133239746,0.8122583031654358,0.19187727570533752,-0.8810862898826599,22.914015905307114,5.703485994556377,3.85338257645,False,,,,True,OFFBOARD
60.252,ACQUIRE,True,6.268121795992641,-0.9619172143024948,5.927456847523391,0.8337391253138815,0.21032385903885606,-0.8248826793660947,-0.007911466850030656,0.0325792667170078,0.0012680564369754825,10.000000085652587,1.358569883487881e-07,0.04999999651757936,1.997324151426629e-13,-1.8863188490745712e-12,6.636451514869838e-08,1.896863684620678e-12,-5.858086384162199e-07,3.853855284954675,19.20905303955078,4.999046802520752,5.785783290863037,0.8126589059829712,0.1930144727230072,-0.8826186656951904,22.917854493224667,5.7084121466590565,3.7760306426508223,False,,,,True,OFFBOARD
60.352,ACQUIRE,True,6.348165736820711,-0.9417357257330704,5.848192799766335,0.8338718407443014,0.21014951448945252,-0.8259070832831541,-0.008015966809876492,0.03267031560711752,0.001290266294206881,10.000000086008132,1.3610250954538453e-07,0.04999999651757947,1.997324171332989e-13,-1.8863188506098184e-12,6.636451551612669e-08,1.8968636863569973e-12,-5.882401844485062e-07,3.7713075381586583,19.294946670532227,5.0195465087890625,5.700173854827881,0.8136785626411438,0.19309327006340027,-0.8847551345825195,22.917605711611255,5.712428708316231,3.688325401904397,False,,,,True,OFFBOARD
60.452,ACQUIRE,True,6.434895869623557,-0.9198832854304357,5.762394322431489,0.8339815432693992,0.2101231251893942,-0.823788117923767,-0.008183385839612546,0.032439124868995146,0.0013183165031872297,10.000000086422926,1.3638895361299783e-07,0.04999999379560882,5.184070946932998e-09,1.3726667424246441e-09,0.004999403227857489,5.362723708023141e-09,-5.910769878840504e-07,3.681868219583475,19.3747501373291,5.038923740386963,5.621623516082764,0.8152127861976624,0.19493305683135986,-0.8849043846130371,22.91828589580262,5.71711491465136,3.6078510141676587,False,,,,True,OFFBOARD
60.552,ACQUIRE,True,6.514949905112244,-0.899709701138187,5.683334031090813,0.8337198021011321,0.2101282319058734,-0.8238856637436094,-0.007966091229589162,0.031841696241022566,0.0013116017083109606,10.000000086778465,1.3663447481652142e-07,0.04999999379560882,5.184070971433189e-09,1.3726667753843902e-09,0.004999403227864806,5.362723740143662e-09,-5.935085338638839e-07,3.599312790091557,19.463266372680664,5.061529159545898,5.539913654327393,0.8160258531570435,0.1974727064371109,-0.8812172412872314,22.917029761762553,5.722595163405433,3.5164598404106973,False,,,,True,OFFBOARD
60.652,ACQUIRE,True,6.6016115998341744,-0.877875115797339,5.59756457775207,0.8328087697702314,0.20970591625560261,-0.8251871365045905,-0.007484706515944122,0.03131996637083575,0.001302474739120913,10.000000087134012,1.3687999335552897e-07,0.04999999651757947,1.9973242206911146e-13,-1.886318841901261e-12,6.636451566184346e-08,1.896863678216573e-12,-5.959400800576084e-07,3.5099443399967707,19.543968200683594,5.081827163696289,5.462275981903076,0.8166873455047607,0.19804631173610687,-0.8823530077934265,22.918295122815,5.728376382417919,3.4357107080850615,False,,,,True,OFFBOARD
60.752,ACQUIRE,True,6.684835634766058,-0.8569394318432328,5.515066271717458,0.8317230982216072,0.20902139731174874,-0.8244295779751002,-0.007413246896089934,0.03129796344434724,0.0012637996118254073,10.000000087473865,1.371447701755928e-07,0.04992755344813282,-3.921826205662648e-09,4.793128354288467e-09,-0.01811021365249157,6.193125237560303e-09,-5.983808531184894e-07,3.4241291992848044,19.63057518005371,5.103302955627441,5.376400947570801,0.816070020198822,0.19784994423389435,-0.882785439491272,22.9270904541869,5.734651837138065,3.3564288109206375,False,,,,True,OFFBOARD
60.852,ACQUIRE,True,6.764635907590077,-0.8368974869200497,5.436032316377973,0.8308480287388824,0.2086236844036614,-0.8221445964900762,-0.007981283537758233,0.03142351456946141,0.0012687912985920196,10.0000000878294,1.3739029138885015e-07,0.049927553448122164,-3.921826246062139e-09,4.793128352553744e-09,-0.018110213655154223,6.193125261800896e-09,-6.008123990271291e-07,3.3418526317526274,19.710350036621094,5.123500823974609,5.297295093536377,0.8166741728782654,0.19749727845191956,-0.8809288740158081,22.9254171847984,5.739936969828981,3.273629528398829,False,,,,True,OFFBOARD
60.952,ACQUIRE,True,6.847676613672908,-0.8160302123348676,5.353897893541934,0.8300014277889664,0.2087835946098407,-0.8207607542724272,-0.008373500971781937,0.031420985570495004,0.0013412021134648442,10.000000088259888,1.3765747986595565e-07,0.04999999379560882,5.184071073718613e-09,1.3726669211011622e-09,0.004999403227856726,5.362723876319888e-09,-6.036399751923427e-07,3.256232304449541,19.797210693359375,5.147189617156982,5.213654041290283,0.8159605264663696,0.19958330690860748,-0.8786868453025818,22.923998017595913,5.746756172930509,3.1837523499494145,False,,,,True,OFFBOARD
61.052,ACQUIRE,True,6.933954662301067,-0.7943022765490813,5.268606383609197,0.829301851574243,0.2090361988906174,-0.8193487404490087,-0.008266162178158315,0.031911423495830746,0.001437963301389953,10.000000088615435,1.3790299841856364e-07,0.04999999651757947,1.997324282675506e-13,-1.8863188278722778e-12,6.636451584242124e-08,1.89686366491825e-12,-6.060715212878277e-07,3.167262363907931,19.876659393310547,5.168344020843506,5.135715961456299,0.8155205249786377,0.20176886022090912,-0.8782397508621216,22.924870436545625,5.753012765982497,3.103776426491233,False,,,,True,OFFBOARD
61.152,ACQUIRE,True,7.016878314067122,-0.7733933161342812,5.186784149263429,0.8292710929085441,0.20909802909570624,-0.8171393211490338,-0.008022597519290992,0.03253327176059484,0.0014909407758628577,10.000000088955282,1.381677752520426e-07,0.049927553448112616,-3.921826483443268e-09,4.793128362962085e-09,-0.01811021365756118,6.193125420179103e-09,-6.085122942494447e-07,3.081745115834396,19.962146759033203,5.190793037414551,5.050577640533447,0.8145806193351746,0.20435960590839386,-0.8769470453262329,22.928690098967504,5.759259943092312,3.0205188313532174,False,,,,True,OFFBOARD
61.252,ACQUIRE,True,7.099825571528466,-0.7524913542605169,5.10518972390013,0.8296967503454924,0.20888034404400746,-0.8148988557293466,-0.007575615325642162,0.03277031767530355,0.0016010592441923351,10.000000089385766,1.3843496374098393e-07,0.04999999379560882,5.184071151350351e-09,1.3726670390623585e-09,0.004999403227854964,5.362723981559295e-09,-6.113398703262723e-07,2.9962068821441377,20.041492462158203,5.2116265296936035,4.9724440574646,0.8144387006759644,0.20621182024478912,-0.8747155070304871,22.92777883058652,5.764880774081182,2.9388329757759264,False,,,,True,OFFBOARD
61.352,TAG_APPROACH,True,7.182846307982425,-0.7316310393072616,5.027153811061425,0.8297926097522743,0.20788084923502298,-0.6999373413039883,-0.0018627799019622691,0.017652575997793424,0.001841578677600893,10.000000089741313,1.3868048983813362e-07,0.049999996287036774,-1.2859212779950027e-13,1.2151287380629154e-12,6.321575825561288e-07,1.2219139844515964e-12,-6.137714156777299e-07,2.910608116988983,20.130718231201172,5.235542297363281,4.891892910003662,0.8177550435066223,0.20922397077083588,-0.8510226011276245,22.930267796216615,5.771699250582983,2.850428396831604,False,,,,True,OFFBOARD
61.452,TAG_APPROACH,True,7.26138525670452,-0.7121429166957618,4.960071731930205,0.8048450341772538,0.19730805936076257,-0.7213502416007576,0.007422195852076052,-0.0004985498121373166,0.0023725829951741382,10.00000009009685,1.3892601107172246e-07,0.049999996287036774,-1.2859211236431004e-13,1.2151299920951938e-12,6.321575820705728e-07,1.2219152298959126e-12,-6.162029614364454e-07,2.829692375037757,20.21195411682129,5.25711727142334,4.825810432434082,0.8068161010742188,0.20782220363616943,-0.7540262341499329,22.912015178817356,5.771681938681774,2.7486554049749694,False,,,,True,OFFBOARD
61.552,TAG_APPROACH,True,7.340586282323256,-0.6931042284126795,4.884849945971527,0.78321415656184,0.18444871936799606,-0.775587973135194,0.004528048272700568,0.019395719738636314,0.002976964169587319,10.000000090452389,1.3917152477402442e-07,0.04999999651757947,1.9973243588217466e-13,-1.886318810296344e-12,6.636451567572125e-08,1.8968636482418136e-12,-6.186345078392816e-07,2.7482495278326153,20.296337127685547,5.279145240783691,4.750223636627197,0.7771667242050171,0.19686849415302277,-0.8191990852355957,22.93969430947625,5.785004325456702,2.6913250647349707,False,,,,True,OFFBOARD
61.652,TAG_APPROACH,True,7.421845025921631,-0.6744255492702287,4.802695268209638,0.7829256061145426,0.17605673280564213,-0.7991836731369508,-0.001067172159984641,0.039933167556569296,0.0033309484650757976,10.000000090867191,1.3945796888886033e-07,0.04999999379560882,5.184071253696422e-09,1.3726671821770453e-09,0.004999403227862814,5.36272411712811e-09,-6.214713109280106e-07,2.6649077936245646,20.3720703125,5.298155307769775,4.675091743469238,0.7682217955589294,0.1892496645450592,-0.8528958559036255,22.9503876011097,5.794800554083983,2.6257144820848617,False,,,,True,OFFBOARD
61.752,TAG_APPROACH,True,7.500733178261746,-0.6570429893142771,4.722241547481039,0.7951609682914063,0.1721899966297359,-0.8083634866681727,-0.003636670790761136,0.04523210721406137,0.003452190674127044,10.00000009122273,1.3970349499953285e-07,0.04999999628703666,-1.2859211208968607e-13,1.215129779489924e-12,6.321575827294347e-07,1.221915018442329e-12,-6.239028561803572e-07,2.5841905455308427,20.45548439025879,5.3177289962768555,4.594655513763428,0.7780184745788574,0.1858249306678772,-0.8655615448951721,22.949932507154223,5.801362917538986,2.540900072352032,False,,,,True,OFFBOARD
61.852,TAG_APPROACH,True,7.580895029534951,-0.6399587769919882,4.6411520177613905,0.806807727130768,0.1696031025154961,-0.8127400767386863,-0.003601973771407017,0.040630609405467116,0.003476620039272973,10.000000091578265,1.3994900871210953e-07,0.04999999651757936,1.997324414849016e-13,-1.886318807914064e-12,6.63645161822605e-08,1.8968636464627218e-12,-6.263344025086939e-07,2.502322264732478,20.532699584960938,5.33541202545166,4.5189008712768555,0.7902200222015381,0.1839173138141632,-0.8712802529335022,22.94435670718067,5.807070881312682,2.4573465672276047,False,,,,True,OFFBOARD
61.952,TAG_APPROACH,True,7.65867436345688,-0.6238153623049106,4.5630240935850335,0.8124423708738018,0.16675488597572408,-0.8145365467952151,-0.0030029833522618307,0.03490736350029342,0.003465761283549045,10.00000009193381,1.4019452996244852e-07,0.04999999651757936,1.9973244233052575e-13,-1.8863187983849433e-12,6.636451585646556e-08,1.8968636370756157e-12,-6.287659481445784e-07,2.4230047354445383,20.616729736328125,5.354269027709961,4.43494176864624,0.798665463924408,0.18263958394527435,-0.8745177984237671,22.94427370175653,5.813070547355272,2.3723321321920814,False,,,,True,OFFBOARD
62.052,TAG_APPROACH,True,7.743273422341399,-0.6066580739504995,4.478314000226968,0.8138998841192463,0.16328926568639884,-0.8141892536158625,-0.0027016865328915425,0.03189107827631188,0.0034689133664889925,10.00000009234861,1.4048097409274596e-07,0.04999999379560882,5.184071356032427e-09,1.3726673304959025e-09,0.0049994032278522895,5.3627242540192784e-09,-6.316027511176842e-07,2.336846048044035,20.694536209106445,5.371176242828369,4.35645866394043,0.8017446994781494,0.181486114859581,-0.8754302263259888,22.945102882969085,5.820119378592175,2.2949074693003606,False,,,,True,OFFBOARD
62.152,TAG_APPROACH,True,7.8246620312051895,-0.5904976906961437,4.396908346560442,0.8138528317557908,0.16013921503627465,-0.8141629968196766,-0.003179532484998926,0.03179351379146391,0.0034614203369099277,10.000000092704145,1.407265002168938e-07,0.049999996287036774,-1.2859211749779292e-13,1.2151304052355138e-12,6.321575829030736e-07,1.2219156412823227e-12,-6.34034296270932e-07,2.254059309494956,20.779306411743164,5.387749671936035,4.27426815032959,0.8021860718727112,0.17984096705913544,-0.8738154768943787,22.94741049582111,5.826090757617795,2.2119715700686875,False,,,,True,OFFBOARD
62.252,TAG_APPROACH,True,7.902809964677492,-0.5752476694934429,4.318716495437626,0.814356373806777,0.15778930057624604,-0.8146805703664572,-0.003893899169603146,0.03273469448820105,0.003414884829214259,10.000000093059684,1.409720214774316e-07,0.049999996287036774,-1.285921371466412e-13,1.2151296424823448e-12,6.321575829309958e-07,1.221914884832496e-12,-6.364658418323123e-07,2.1746531856893934,20.85710334777832,5.403286933898926,4.196950912475586,0.8025863170623779,0.17774444818496704,-0.8745744228363037,22.94894222219795,5.832294638864118,2.135377598330722,False,,,,True,OFFBOARD
62.352,TAG_APPROACH,True,7.984306546632935,-0.5595611084190197,4.237274663095635,0.8155997402953025,0.15611622256726854,-0.8139896989573847,-0.004454903257489175,0.033193604940479876,0.003398366687911881,10.00000009341523,1.4121753520647823e-07,0.04999999651757947,1.9973244920415107e-13,-1.886318791449861e-12,6.63645163694441e-08,1.8968636309028523e-12,-6.3889738803694e-07,2.0919199952757777,20.941125869750977,5.420389175415039,4.1112799644470215,0.8048206567764282,0.17822672426700592,-0.874348521232605,22.95039125955942,5.8381967577064575,2.0522452539845917,False,,,,True,OFFBOARD
62.452,TAG_APPROACH,True,8.069206429869475,-0.5433997325298142,4.1527338146359325,0.817002324615475,0.15479101172736068,-0.8117583273787043,-0.004729905493455915,0.033009705991428134,0.003451906937761684,10.000000093830021,1.4150397935254252e-07,0.04999999379560871,5.18407145810489e-09,1.372667477947398e-09,0.0049994032278573835,5.362724390433675e-09,-6.41734190894427e-07,2.005803478880754,21.019317626953125,5.4361186027526855,4.032392501831055,0.8057173490524292,0.17817337810993195,-0.872394859790802,22.95047370537786,5.844512963182407,1.9738667008862583,False,,,,True,OFFBOARD
62.552,TAG_APPROACH,True,8.14768963419666,-0.5285893667465951,4.0748627462690274,0.817969020012304,0.1538607534972941,-0.8109039277288639,-0.005118953243655262,0.03270757859891523,0.0034869763743846224,10.000000094185557,1.4174950062302915e-07,0.04999999379560871,5.184071482696216e-09,1.372667517846038e-09,0.0049994032278508,5.3627244244184085e-09,-6.441657363787564e-07,1.9262556706409524,21.105712890625,5.452431678771973,3.9492924213409424,0.8077046871185303,0.17723628878593445,-0.870181143283844,22.954078260772423,5.850799455993218,1.8908070836255124,False,,,,True,OFFBOARD
62.652,TAG_APPROACH,True,8.22952197712918,-0.5132307168290453,3.9937920978836767,0.8185661556289882,0.15343141284907613,-0.8102639012310704,-0.005734214534964434,0.032152848570284005,0.0034987775720775973,10.0000000945411,1.4199502676369736e-07,0.049999996287036774,-1.2859213265835918e-13,1.2151299200973933e-12,6.321575825840512e-07,1.2219151604336212e-12,-6.465972814091172e-07,1.8433661271390862,21.184906005859375,5.467904567718506,3.8710954189300537,0.8096140623092651,0.17814692854881287,-0.871128261089325,22.956185819328844,5.857081271444858,1.8135298961769961,False,,,,True,OFFBOARD
62.752,TAG_APPROACH,True,8.311383579312832,-0.49788651250623017,3.9128897354410554,0.8185644011594395,0.15350576750443853,-0.8075621009206893,-0.006078102604777576,0.03149486273953575,0.003505676851702137,10.000000094896642,1.4224054050615683e-07,0.04999999651757947,1.997324556704158e-13,-1.886318779909037e-12,6.636451654291645e-08,1.896863620107058e-12,-6.490288275154616e-07,1.7604876760935697,21.270292282104492,5.485230922698975,3.7849886417388916,0.8113259673118591,0.18056365847587585,-0.8714112639427185,22.957444396252637,5.863708989594615,1.7290829660243647,False,,,,True,OFFBOARD
62.852,TAG_APPROACH,True,8.393218855933943,-0.4825223900374822,3.832357204424158,0.8181012354788469,0.15377774660956872,-0.8031405849080684,-0.006178121111471738,0.031106084431278328,0.003506365317033346,10.000000095236489,1.425053173967583e-07,0.04992755344807687,-3.9218278456043416e-09,4.793128397656554e-09,-0.018110213666498058,6.193126309625799e-09,-6.514696000592993e-07,1.67766920022576,21.356077194213867,5.502859592437744,3.6991426944732666,0.8123737573623657,0.18195496499538422,-0.8688783049583435,22.959116087158485,5.871264910305276,1.644827094416365,False,,,,True,OFFBOARD
62.952,TAG_APPROACH,True,8.474992881194021,-0.46712671343977424,3.7522102219749773,0.8173748075877705,0.1541599823769399,-0.8002508679918466,-0.006476410348578492,0.03092246032428617,0.0035087672274200085,10.000000095666975,1.427725059519809e-07,0.04999999379560882,5.1840715847590996e-09,1.3726676678996186e-09,0.004999403227854025,5.362724561489588e-09,-6.542971756425585e-07,1.594946552079199,21.436100006103516,5.519104957580566,3.6218807697296143,0.8127845525741577,0.18321648240089417,-0.8656067848205566,22.961964504161717,5.878548669532618,1.5676294997531386,False,,,,True,OFFBOARD
63.052,TAG_APPROACH,True,8.559954120233666,-0.451053081975541,3.6690848367767863,0.8165157279818083,0.1549983162866989,-0.7983469014558998,-0.006989615844187658,0.03081998424716264,0.0035340133718640703,10.000000096022518,1.4301802457164356e-07,0.04999999651757947,1.9973245993720726e-13,-1.8863187645036254e-12,6.63645163420216e-08,1.896863605236563e-12,-6.567287212425356e-07,1.5090332747036306,21.515485763549805,5.535784721374512,3.5443174839019775,0.8119989037513733,0.185356006026268,-0.8650768399238586,22.96466348924705,5.886130913115754,1.4909253954254842,False,,,,True,OFFBOARD
63.152,TAG_APPROACH,True,8.641562254744372,-0.4354932782098486,3.589364990645656,0.8157168319941757,0.15621398387314303,-0.7961566785561034,-0.007417572566469372,0.031025471069401536,0.003578143025492226,10.000000096362365,1.4328280147249503e-07,0.04992755344805788,-3.921828048252183e-09,4.7931284097996185e-09,-0.018110213671239234,6.193126447351591e-09,-6.591694937123966e-07,1.4265370271055455,21.600854873657227,5.554347515106201,3.459573745727539,0.8119948506355286,0.18855807185173035,-0.8638424277305603,22.96665847600262,5.8937015772717825,1.407331041257862,False,,,,True,OFFBOARD
63.252,TAG_APPROACH,True,8.71984145265787,-0.42042668953780477,3.51306198896672,0.8151036480584695,0.1576369975433023,-0.7935063277518157,-0.007641508550822705,0.030904595099779546,0.003606660311083249,10.000000096717903,1.4352832276627472e-07,0.04992755344806599,-3.9218281586687016e-09,4.7931284097996185e-09,-0.01811021366923418,6.1931265172734e-09,-6.616010390266016e-07,1.3474289873398295,21.67971420288086,5.5713677406311035,3.3816165924072266,0.8122243285179138,0.1900641918182373,-0.862890899181366,22.968384136679965,5.9020757582886745,1.3304277474634965,False,,,,True,OFFBOARD
63.352,TAG_APPROACH,True,8.801312346522202,-0.40457383428158217,3.4338106889627613,0.8143344875401415,0.15947038429333288,-0.7918602445093219,-0.008494871708278631,0.03084526113521575,0.0035993772424388255,10.000000097148392,1.4379551133716543e-07,0.04999999379560882,5.18407168709044e-09,1.3726678162184758e-09,0.004999403227862151,5.362724698376257e-09,-6.644286144934848e-07,1.2651215069069057,21.765779495239258,5.58877420425415,3.299056053161621,0.8116048574447632,0.19182774424552917,-0.8604658842086792,22.970851578186764,5.9088984627807095,1.2468673810781241,False,,,,True,OFFBOARD
63.452,TAG_APPROACH,True,8.882706785135268,-0.38849306473695555,3.354642070874549,0.8135947659142678,0.16218539547058303,-0.7916053813359976,-0.009529269398891897,0.03085591889310967,0.00357833866102978,10.000000097503925,1.4404103750485005e-07,0.049999996287036774,-1.2859215251731133e-13,1.2151297826662976e-12,6.321575829379349e-07,1.2219150258555948e-12,-6.668601593256363e-07,1.182907992673288,21.844629287719727,5.6055989265441895,3.222367763519287,0.8111522793769836,0.19415175914764404,-0.8605839610099792,22.973203064323478,5.916158795847494,1.1705239005075203,False,,,,True,OFFBOARD
63.552,TAG_APPROACH,True,8.964023950187059,-0.3720971593246779,3.2755260084365103,0.8127474938894218,0.16572107812206593,-0.7905177986162831,-0.010475862811445772,0.03056938286641503,0.00355795385237854,10.000000097859461,1.442865512743156e-07,0.04999999651757936,1.9973246799442464e-13,-1.8863187509510982e-12,6.636451652903866e-08,1.8968635926077697e-12,-6.69291705232953e-07,1.1007738105082705,21.929622650146484,5.624536991119385,3.137532949447632,0.8109219670295715,0.19773545861244202,-0.8609475493431091,22.97513616536961,5.9234734215547515,1.0874104560632352,False,,,,True,OFFBOARD
63.652,TAG_APPROACH,True,9.045245041164161,-0.3553124192277459,3.1965992648471175,0.8116806837261206,0.1698417232195879,-0.7880239867172256,-0.010868806799720111,0.03027566734010487,0.0035670804964801476,10.000000098199319,1.4455132819185117e-07,0.049927553448054884,-3.921828471924362e-09,4.793128415003789e-09,-0.018110213671969855,6.1931267196718425e-09,-6.717324775800904e-07,1.0187267724534708,22.00872230529785,5.641745090484619,3.059107542037964,0.8100187182426453,0.20268917083740234,-0.8602672815322876,22.976537229087878,5.931457170212993,1.0102469083601466,False,,,,True,OFFBOARD
63.752,TAG_APPROACH,True,9.129586233992697,-0.3374094621012197,3.1147698988243495,0.810250883294327,0.1743643281549294,-0.7859796263001203,-0.011707421042582888,0.029821032850062653,0.0035309678852219035,10.0000000986298,1.4481852164513992e-07,0.049999996287036774,-1.2859213219348368e-13,1.2151299459318981e-12,6.321575835896912e-07,1.2219151860757458e-12,-6.745600525004284e-07,0.933523185890008,22.09663200378418,5.658360004425049,2.9756312370300293,0.8111950755119324,0.2051643282175064,-0.8578945398330688,22.976537229087878,5.931457170212993,0.9213117102686582,False,,,,True,OFFBOARD
63.852,TAG_APPROACH,True,9.207286646490536,-0.32041967735324745,3.039381688044827,0.8084704643444353,0.17958948813446873,-0.7846607087380214,-0.013289428214653684,0.028966492175565836,0.00347285303330691,10.000000098985334,1.4506404295947946e-07,0.049999996287036774,-1.2859214970324289e-13,1.2151287361570912e-12,6.32157583610508e-07,1.2219139848614676e-12,-6.769915976654053e-07,0.8550225028408027,22.176809310913086,5.675093173980713,2.8982036113739014,0.8110184073448181,0.20952297747135162,-0.8575688004493713,22.976537229087878,5.931457170212993,0.8398138136946615,False,,,,True,OFFBOARD
63.952,TAG_APPROACH,True,9.291212820853488,-0.3013833005947557,2.957857921416843,0.8054011873097436,0.18635659137969415,-0.7831677886096051,-0.014254772538660572,0.02759074907888138,0.0034680328808301673,10.00000009932519,1.4532881235282652e-07,0.0499275534480359,-3.921828674181506e-09,4.793128432351024e-09,-0.018110213676711315,6.1931268611779666e-09,-6.794323706064108e-07,0.7702021731987556,22.262840270996094,5.694671154022217,2.814175605773926,0.8099795579910278,0.2158389538526535,-0.8573372960090637,22.976537229087878,5.931457170212993,0.7519514382278717,False,,,,True,OFFBOARD
64.052,TAG_APPROACH,True,9.368347555703828,-0.28316890226665536,2.8827483657283084,0.8015915153580785,0.19279895671283898,-0.7817604101897279,-0.014235489492705899,0.02655821448213059,0.0035464673597354725,10.000000099680731,1.455743336735893e-07,0.049927553448044004,-3.921828784959939e-09,4.7931284306163e-09,-0.018110213674705514,6.193126929986389e-09,-6.818639157224059e-07,0.6922208072339825,22.341068267822266,5.713025093078613,2.738682508468628,0.8075940012931824,0.2227781116962433,-0.8557723760604858,22.976537229087878,5.931457170212993,0.6719623300849803,False,,,,True,OFFBOARD
64.152,TAG_APPROACH,True,9.448268072758593,-0.26355777124493723,2.8044506350872247,0.7969295913430277,0.1991313479985743,-0.7850613797079978,-0.014407603650433875,0.025996110528881077,0.0035853008799595657,10.00000010011121,1.458415222757485e-07,0.04999999379560882,5.184071891446126e-09,1.3726681189277223e-09,0.004999403227856444,5.362724973406932e-09,-6.846914909565463e-07,0.6114499208157463,22.42385482788086,5.7313618659973145,2.662254810333252,0.8030686974525452,0.22688253223896027,-0.8544246554374695,22.976537229087878,5.931457170212993,0.5877890500622829,False,,,,True,OFFBOARD
64.252,TAG_DEAD_RECKON,False,9.527710458899694,-0.24329954426413034,2.725623733804977,0.7921100872314362,0.20591039852549425,-0.7912951613099511,-0.015612207928268373,0.025791235061321013,0.0036149325739593817,10.000000100466744,1.4608704847033515e-07,0.049999996287036774,-1.2859213573050798e-13,1.2151296681050914e-12,6.321575837909193e-07,1.221914910163929e-12,-6.871230355922422e-07,0.5312741710797846,22.499916076660156,5.750013828277588,2.5894346237182617,0.7987701892852783,0.23304924368858337,-0.8585121631622314,22.976537229087878,5.931457170212993,0.5099896168298115,False,,,,True,OFFBOARD
64.352,TAG_DEAD_RECKON,False,9.609813915030072,-0.22145815273712138,2.6430326766800114,0.7869909343800199,0.21399305245250752,-0.7965233622017435,-0.01703115630354961,0.02554425634653841,0.0036810104971949395,10.000000100806602,1.463518178769976e-07,0.04992755344802513,-3.921828986986416e-09,4.793128434085747e-09,-0.01811021367944717,6.193127060605828e-09,-6.895638084348997e-07,0.4486524688511174,22.581939697265625,5.77197790145874,2.508620023727417,0.7939491868019104,0.24073269963264465,-0.8637462258338928,22.976537229087878,5.931457170212993,0.42560644882638365,False,,,,True,OFFBOARD
64.452,TAG_DEAD_RECKON,False,9.688256037011849,-0.19961133964299674,2.563211299889267,0.7819596382922896,0.22271102118882677,-0.7995235834470548,-0.018059387905208404,0.02468346540853648,0.003746751151586154,10.000000101237081,1.466190064910604e-07,0.04999999379560882,5.184071970200327e-09,1.3726682238784926e-09,0.004999403227855895,5.362725076401218e-09,-6.92391383580785e-07,0.3701744278409728,22.657745361328125,5.792544841766357,2.4331252574920654,0.7908526062965393,0.24882984161376953,-0.8667630553245544,22.976537229087878,5.931457170212993,0.3477425627446514,False,,,,True,OFFBOARD
64.552,DONE,False,9.76303395336925,-0.17804511508940107,2.4644707943228674,0.7769849651675447,0.22457105406496053,-1.4316264207882377,-0.010660259693246963,0.007942004635628873,0.004120586569114486,10.000000101592615,1.4686452782879806e-07,0.04999999379560871,5.184071993814663e-09,1.3726682611750474e-09,0.004999403227850977,5.362725108775468e-09,-6.948229285696037e-07,0.2964001867544299,22.740297317504883,5.81310510635376,2.34845232963562,0.7781504988670349,0.24985551834106445,-1.1495543718338013,22.976537229087878,5.931457170212993,0.2642281340896184,False,,,,True,OFFBOARD
64.652,DONE,False,9.82070762393588,-0.1616152961185809,2.3282126925766597,-0.0008496986840659932,2.2290473534017748e-05,0.006450800074179933,-0.003409226358868639,0.01998081799663588,0.005058317632603947,10.000000101939126,1.4710165162093242e-07,0.04999999627841889,1.172123815192848e-10,-1.8850456751492078e-09,7.1401000653821e-07,1.8886862999927106e-09,-6.97260336026881e-07,0.24138215376414363,22.81414031982422,5.832806587219238,2.2011585235595703,0.7533005475997925,0.23853173851966858,-2.0866427421569824,22.976537229087878,5.931457170212993,0.19001235134431882,False,,,,True,OFFBOARD
64.752,DONE,False,9.820602433227197,-0.16110016857797746,2.3287914351090926,-0.0008868901399599552,-0.0182185451297917,-0.015098688512840856,-0.003001622232967066,0.018039528463373176,0.005070041017561927,10.000000102260707,1.4737614130223853e-07,0.04992760799461249,-4.130908062712456e-09,4.8292154667534115e-09,-0.018096606047300037,6.3549762742997825e-09,-6.997054398443617e-07,0.24111581336605326,22.822507858276367,5.838837146759033,2.059784412384033,-0.04527768865227699,0.06749160587787628,-1.295573353767395,22.976537229087878,5.931457170212993,0.17973178855506322,False,,,,True,OFFBOARD
64.852,DONE,False,9.820510733485806,-0.16033372955349684,2.3294526256198176,-0.000874449087343733,0.011837645766042522,0.011337429104700692,-0.0027896654458848995,0.016350058152649533,0.005076740851760441,10.000000102678383,1.4764989945840145e-07,0.04999999373665154,5.136459783161333e-09,1.405514741051328e-09,0.004999402369291865,5.3252878599514556e-09,-7.025342535444019e-07,0.2406727775055231,22.820289611816406,5.841713905334473,1.9648680686950684,-0.045625198632478714,0.0659974217414856,-1.2875057458877563,22.976537229087878,5.931457170212993,0.1801864908756164,False,,,,True,OFFBOARD
64.952,DONE,False,9.820430635722332,-0.15973855856418887,2.3299548867395443,-0.0007971106670396589,0.011854842606563824,0.01083582516947805,-0.002538382939605075,0.014875779692037796,0.005083149136928405,10.00000010302397,1.4790007490539537e-07,0.0499999937364729,5.1479291594448894e-09,1.3858389973780971e-09,0.004999401615567842,5.331202899657533e-09,-7.049665576912216e-07,0.24033653057716864,22.829639434814453,5.847503662109375,2.175868511199951,9.565093205310404e-05,0.08100085705518723,-0.05219721421599388,22.976537229087878,5.931457170212993,0.16919560716904475,False,,,,True,OFFBOARD
65.004,DONE,False,9.820390254590315,-0.15944104193478426,2.330207657583169,-0.0007587561526184094,-0.00012964385166732304,0.004747746431948751,-0.0024118575654866765,0.014133137358114074,0.005086125701549184,10.000000103197385,1.4802489256292167e-07,0.04999999628076801,-3.088725855498979e-11,6.430773256790092e-11,6.452991945074071e-07,7.134078222915316e-11,-7.061824208524544e-07,0.2401690878785452,22.830589294433594,5.848754405975342,2.1780807971954346,-0.00028960974304936826,0.0791362002491951,-0.05244433507323265,22.976537229087878,5.931457170212993,0.1677514436373045,False,,,,True,OFFBOARD
65.1,DONE,False,9.820320847168825,-0.1588441081057092,2.330641443525436,-0.0006912716467444937,-0.00011770561369934977,0.004317366050804346,-0.0021946123207318767,0.0128575985229461,0.005090918245696421,10.000000103545647,1.4827312207827708e-07,0.04999999628076246,-2.3321619430996578e-11,4.87348734073998e-11,6.453339251131652e-07,5.4027639397992595e-11,-7.08613629797626e-07,0.2398252133464529,22.8315372467041,5.851798057556152,2.1795501708984375,-0.0006208541453815997,0.07747513800859451,-0.053462181240320206,22.976537229087878,5.931457170212993,0.16544053046509102,False,,,,True,OFFBOARD
65.152,DONE,False,9.820283246639216,-0.15861848058261088,2.3307916208738577,-0.0006548738836090175,-0.018188472292893706,-0.01703323859876139,-0.002000798475523169,0.012166730445587312,0.005094275446757448,10.000000103703828,1.4841643491323814e-07,0.04992760767759297,-4.0881709660325146e-09,4.825113100737077e-09,-0.018096655942528208,6.3241488188068276e-09,-7.098386662365196e-07,0.23970402203283778,22.83180046081543,5.853442192077637,2.179755210876465,-0.0002925544395111501,0.07969167828559875,-0.04677548259496689,22.976537229087878,5.931457170212993,0.16442344389840677,False,,,,True,OFFBOARD
65.252,DONE,False,9.820220997085055,-0.15784669267191234,2.3312640535199174,-0.0005934970596674166,0.011899550064068322,0.009527100009195696,-0.0018825852607249507,0.011024675502207497,0.005097021560421834,10.000000104128727,1.4868484128937e-07,0.049999993736236426,5.168773404392491e-09,1.349540019665585e-09,0.004999400247585646,5.342047994040687e-09,-7.126645740705665e-07,0.23924078384699396,22.83284568786621,5.856402397155762,2.180382490158081,0.0005302715580910444,0.07802557200193405,-0.04695301130414009,22.976537229087878,5.931457170212993,0.1621125472544631,False,,,,True,OFFBOARD
65.352,DONE,False,9.820164525735786,-0.15724778711987425,2.331615472117202,-0.0005386911028336396,-9.07735969971212e-05,0.0033512901538591687,-0.001706357684184414,0.009989138116210118,0.005100035022761609,10.000000104479582,1.4893117550638046e-07,0.049999996280749026,-1.1044186809457099e-11,2.3479495609290827e-11,6.4527107218571e-07,2.5947269150122394e-11,-7.150947068976917e-07,0.2388885697860643,22.836517333984375,5.852693557739258,2.183413505554199,0.0017281812615692616,0.06572803854942322,-0.054987888783216476,22.976537229087878,5.931457170212993,0.16065266158613345,False,,,,True,OFFBOARD
65.452,DONE,False,9.820113306805045,-0.15664812006434123,2.3319337739185064,-0.0004885909031570939,-8.53058916235369e-05,0.003034448744655037,-0.0015466642355329919,0.009050594376498602,0.005102510759541972,10.000000104831052,1.4917684896556162e-07,0.04999999651324494,-7.892245165278346e-12,1.4797301508890304e-11,6.686029186515086e-08,1.6770440235541427e-11,-7.175246122308362e-07,0.23853289156908758,22.83908462524414,5.851219654083252,2.1836798191070557,0.0033812473993748426,0.0587347038090229,-0.055930424481630325,22.976537229087878,5.931457170212993,0.159158026181823,False,,,,False,OFFBOARD
65.552,DONE,False,9.820068631052196,-0.15604746672259842,2.332211093719595,-0.00044478269779424964,-7.759315251612306e-05,0.0027595134490371845,-0.0014074767720718563,0.008232469169115133,0.0051044776080511,10.000000105183014,1.4942177377966436e-07,0.04999999651324105,-5.8905322390089414e-12,1.0686124990443269e-11,6.686047254615038e-08,1.2202116102143096e-11,-7.199543603407393e-07,0.23817261363815648,22.841251373291016,5.85118293762207,2.183281183242798,0.004602830857038498,0.05559049919247627,-0.04868581146001816,22.976537229087878,5.931457170212993,0.15730929787126696,False,,,,False,OFFBOARD
65.652,DONE,False,9.820024743357687,-0.15534549483127325,2.332483233488743,-0.0004015215969146556,0.011940989828837685,0.008305154963981765,-0.001270839276646827,0.007429250150758878,0.005106238720593208,10.000000105594106,1.497063812743942e-07,0.04999999373696218,5.182979123519128e-09,1.2055157063567412e-09,0.004999399805970543,5.321328848427609e-09,-7.227889562393889e-07,0.23774650426231222,22.84320068359375,5.851370811462402,2.1829206943511963,0.00578022375702858,0.050945013761520386,-0.04953576996922493,22.976537229087878,5.931457170212993,0.15553925299497864,False,,,,False,OFFBOARD
65.752,DONE,False,9.81998801584321,-0.15474383113860843,2.332710769799832,-0.0003655041788275457,0.011948882644593359,0.008076466977896149,-0.0011565581411672591,0.006757446478579568,0.005107562101096277,10.000000105946718,1.4994906304602513e-07,0.04999999373704933,5.183753673130021e-09,1.119957099282587e-09,0.004999399752568009,5.3033579973373895e-09,-7.252186022617272e-07,0.2373816594985704,22.845779418945312,5.8498759269714355,2.18399715423584,0.005552646238356829,0.040037851780653,-0.055965960025787354,22.976537229087878,5.931457170212993,0.15412042097696646,False,,,,False,OFFBOARD
65.852,DONE,False,9.819953263514618,-0.15414199549861285,2.3329259028352936,-0.00033136423619854413,-5.4277801490113924e-05,0.0020522425045756475,-0.0010484706256236838,0.006122086992919437,0.005108694994370725,10.000000106299508,1.5019025996884818e-07,0.04999999628072538,-2.6667116051964817e-12,6.2569737317474575e-12,6.451127681643428e-07,6.801549166555169e-12,-7.276482915879749e-07,0.23701617386662988,22.847476959228516,5.849355220794678,2.1837105751037598,0.0044424571096897125,0.03253990784287453,-0.058284174650907516,22.976537229087878,5.931457170212993,0.15296170551631227,False,,,,False,OFFBOARD
65.952,DONE,False,9.819921760160502,-0.15353979781271976,2.333120772318601,-0.0003004099548320627,-5.2202575237468315e-05,0.0018579083521565638,-0.000950520230996073,0.005546405055636806,0.005109622302021679,10.000000106652337,1.5043445776573512e-07,0.04999999651322462,-1.6561629553966497e-12,1.9925959444557883e-12,6.686102728274093e-08,2.5910064323906684e-12,-7.300776620219346e-07,0.23664895221187662,22.848791122436523,5.849413871765137,2.1816885471343994,0.004123669117689133,0.029379213228821754,-0.05221722275018692,22.976537229087878,5.931457170212993,0.15182282629691515,False,,,,False,OFFBOARD
66.052,DONE,False,9.819893204714022,-0.15301005311594634,2.333213254451937,-0.00027240112105414053,-0.018237410324589684,-0.019326551669974983,-0.0007855429071113795,0.005024418265442167,0.005110774774456083,10.000000106989255,1.5069945223647658e-07,0.049927608390464284,-4.000194671376537e-09,4.829328140512623e-09,-0.018096477726089143,6.270882529409744e-09,-7.325162664247667e-07,0.23632735499474028,22.85002326965332,5.849235534667969,2.180403232574463,0.0047454205341637135,0.022961746901273727,-0.05331261828541756,22.976537229087878,5.931457170212993,0.15088465556015862,False,,,,False,OFFBOARD
66.152,DONE,False,9.819867324340638,-0.1522333606835416,2.3334571833324182,-0.00024676066204674924,0.011974133915048236,0.007323622113905142,-0.0007813730270879007,0.004552231092328517,0.005111013104244064,10.000000107417094,1.5096649135560112e-07,0.04999999373720532,5.180728346158749e-09,1.358250485174184e-09,0.004999399644617067,5.355818385379463e-09,-7.353408517170547e-07,0.2358449948762325,22.85189437866211,5.847355365753174,2.1818320751190186,0.004047515336424112,0.010653234086930752,-0.06068615987896919,22.976537229087878,5.931457170212993,0.15036274031706856,False,,,,False,OFFBOARD
66.252,DONE,False,9.819842977883537,-0.15163057749102127,2.3336075367440023,-0.00022276957268108075,-3.8561375418079516e-05,0.001375624607577949,-0.0007057653717601331,0.004107809451359267,0.005111540086004165,10.000000107770143,1.5121198666475492e-07,0.04999999651321274,-5.46167510654941e-13,-2.852446750768587e-13,6.686142586480705e-08,6.161683814954462e-13,-7.377699715363792e-07,0.2354749866461076,22.853164672851562,5.845749855041504,2.181774616241455,0.004395024850964546,0.002359471982344985,-0.06110909581184387,22.976537229087878,5.931457170212993,0.1502216079869597,False,,,,False,OFFBOARD
66.352,DONE,False,9.81982261220392,-0.15102734229803066,2.3337332446316776,-0.00020267848023664532,-3.503319630962775e-05,0.0012510922628336716,-0.0006425421718940574,0.0037361634603229926,0.00511194191064778,10.000000108123238,1.5145743621802617e-07,0.04999999651320908,-3.579427393728576e-13,-6.713846598683218e-13,6.686152549494523e-08,7.608418798779728e-13,-7.401990688321132e-07,0.23510260293287616,22.85433578491211,5.8440117835998535,2.180786609649658,0.006062207277864218,-0.0026826050598174334,-0.05428330600261688,22.976537229087878,5.931457170212993,0.15026605936992202,False,,,,False,OFFBOARD
66.452,DONE,False,9.819803348521877,-0.15049710634467278,2.333768257079966,-0.00018377872342088686,-0.01827192501585652,-0.019828243835995206,-0.0005065294738216165,0.0033843344052074775,0.005112548134949008,10.000000108460384,1.5172226133839637e-07,0.0499276086803655,-3.995432958743893e-09,4.8294626839306964e-09,-0.018096405251193073,6.267949771918731e-09,-7.426375571706884e-07,0.23477712192205052,22.855470657348633,5.842770099639893,2.1799213886260986,0.006347151007503271,-0.00940762460231781,-0.05485238507390022,22.976537229087878,5.931457170212993,0.15007501883901894,False,,,,False,AUTO.LAND
