t,phase,tag_visible,uav_x_gt,uav_y_gt,uav_z_gt,uav_vx_gt,uav_vy_gt,uav_vz_gt,uav_roll_gt,uav_pitch_gt,uav_yaw_gt,vehicle_x_gt,vehicle_y_gt,vehicle_z_gt,vehicle_vx_gt,vehicle_vy_gt,vehicle_vz_gt,vehicle_speed_gt,vehicle_yaw_gt,horizontal_error_gt,uav_x_mavros,uav_y_mavros,uav_z_mavros,uav_vx_mavros,uav_vy_mavros,uav_vz_mavros,tag_x_map_visual,tag_y_map_visual,tag_error_visual,yolo_detected,yolo_confidence,yolo_center_x,yolo_center_y,armed,flight_mode
0.096,WAIT_FCU,True,,,,,,,,,,,,,,,,,,,,,,,,,,,,False,,,,False,
0.152,WAIT_FCU,True,-12.999999998076058,-6.000000000103772,0.039940163804208985,3.313369078550242e-09,-1.381981017550843e-09,0.009997333450644685,1.8826172535447227e-09,3.4962551825500496e-08,1.6713400147568683e-13,,,,,,,,,,,,,,,,,,,False,,,,False,
0.252,WAIT_FCU,True,-12.999999999950706,-5.999999999995474,0.05399683486622452,-1.4295183230295325e-10,2.277109398178063e-09,0.00031274336494448136,-8.394265946919875e-11,8.691891733468315e-10,4.717824292856756e-14,,,,,,,,,,,,,,,,,,,False,,,,False,
0.352,WAIT_FCU,True,-12.999999999951509,-6.000000000004746,0.05399996152462717,-2.1761491491065777e-11,-2.3145515643511197e-09,9.668753837338561e-08,8.449213752850938e-11,8.50285065891197e-10,5.6400302136090005e-14,10.000000000027248,7.672698336552804e-08,0.049999991681922595,3.825621133097166e-09,1.1909978012494826e-09,0.004998832011037343,4.006725947276748e-09,-2.1062211997025505e-10,23.769728667357636,,,,,,,,,,False,,,,False,
0.452,WAIT_FCU,True,-12.999999999951287,-5.999999999995443,0.05399996221972537,-2.1772092218442433e-11,2.315242677929539e-09,2.717437400567846e-08,-8.452539946946874e-11,8.502912863695364e-10,4.761028934404731e-14,10.000000000382837,7.697216138425901e-08,0.04999999651757947,1.9973200029340066e-13,-1.8863191018609664e-12,6.636452019166441e-08,1.896863892319838e-12,-2.642200138861667e-09,23.76972866776104,,,,,,,,,,False,,,,False,
0.552,WAIT_FCU,True,-12.999999999951065,-6.000000000004749,0.05399996221987914,-2.1775694974838708e-11,-2.315252593454531e-09,2.7158862587139953e-08,8.452396296610639e-11,8.502912752659869e-10,5.638234310486859e-14,10.000000000722691,7.723693741678884e-08,0.04992755344959976,-3.921807992750009e-09,4.793127953567344e-09,-0.01811021328577047,6.1931133940261845e-09,-5.082978905321839e-09,23.769728668158862,,,,,,,,,,False,,,,False,
0.652,WAIT_FCU,False,-12.999999999950834,-6.000000000004749,0.05399996221987916,-2.177570089637909e-11,-2.315252836295174e-09,2.7158858028453193e-08,8.45239735476498e-11,8.502912773252232e-10,5.63802356299309e-14,10.000000001153168,7.750412984173147e-08,0.04999999628703666,-1.2859188916616535e-13,1.2151300185649734e-12,6.321573646319465e-07,1.2219152327297651e-12,-7.910561421242471e-09,23.769728668642614,,,,,,,,,,False,,,,False,
0.752,WAIT_FCU,False,-12.99999999995062,-6.000000000004749,0.05399996221987916,-2.177570184539887e-11,-2.3152528396993567e-09,2.7158858000531083e-08,8.45239738177618e-11,8.502912772514548e-10,5.637829463282967e-14,10.000000001508708,7.774965027273895e-08,0.04999999628703666,-1.285919003082882e-13,1.2151298078655277e-12,6.32157364624841e-07,1.2219150243728944e-12,-1.034211305266869e-08,23.76972866904841,,,,,,,,,,False,,,,False,
0.852,WAIT_FCU,False,-12.99999999995039,-6.000000000004749,0.05399996221987916,-2.1775698465685052e-11,-2.3152528421164323e-09,2.7158858000531083e-08,8.452397411112643e-11,8.502912769692273e-10,5.637619197339939e-14,10.000000001848566,7.80144187809427e-08,0.04992755344959976,-3.921808232060859e-09,4.793127958771515e-09,-0.018110213285769377,6.193113549598256e-09,-1.278289241171386e-08,23.769728669443875,,,,,,,,,,False,,,,False,
0.952,WAIT_FCU,False,-12.999999999950177,-6.000000000004749,0.05399996221987916,-2.1775700365033903e-11,-2.315252841664411e-09,2.7158858000531083e-08,8.452397433573241e-11,8.502912770090073e-10,5.63742510471024e-14,10.0000000022041,7.825993921841952e-08,0.04992755344959987,-3.921808307404797e-09,4.793127965710409e-09,-0.01811021328577028,6.1931136026803574e-09,-1.5214443995416972e-08,23.769728669849663,,,,,,,,,,False,,,,False,
1.052,WAIT_FCU,False,-12.999999999949946,-6.000000000004749,0.05399996221987916,-2.177570081904371e-11,-2.3152528407676105e-09,2.7158857993425657e-08,8.45239741004906e-11,8.502912772319913e-10,5.6372148370541676e-14,10.000000002634577,7.852713165903204e-08,0.04999999628703655,-1.2859188635871435e-13,1.215130012000468e-12,6.321573646246745e-07,1.2219152259062616e-12,-1.8042026394155422e-08,23.769728670333418,,,,,,,,,,False,,,,False,
1.152,WAIT_FCU,False,-12.999999999949724,-5.999999999995443,0.05399996221987914,-2.177169774418213e-11,2.3152529185377966e-09,2.7158848730002296e-08,-8.4525615029656e-11,8.502914223866495e-10,4.7596208210850184e-14,10.000000002990124,7.877264456893159e-08,0.04999999651757936,1.9973201044408293e-13,-1.886319069964882e-12,6.636452019843677e-08,1.8968638616698914e-12,-2.0473578593632284e-08,23.769728670736864,,,,,,,,,,False,,,,False,
1.252,WAIT_FCU,False,-12.99999999994951,-5.999999999995443,0.05399996221987914,-2.1771696353340267e-11,2.315252915774355e-09,2.715884874421315e-08,-8.452561508436389e-11,8.502914226749877e-10,4.759426726737615e-14,10.000000003345662,7.901816501674002e-08,0.04999999651757958,1.9973201185999641e-13,-1.8863190663120524e-12,6.636452019133134e-08,1.896863858186458e-12,-2.2905130101289908e-08,23.769728671142655,,,,,,,,,,False,,,,False,
1.3519999999999999,WAIT_FCU,False,-12.999999999949289,-6.000000000004749,0.05399996221987916,-2.177570043469751e-11,-2.315252840275835e-09,2.7158858000531083e-08,8.452397398633597e-11,8.502912771191947e-10,5.636616380297566e-14,10.000000003626253,7.924202100084607e-08,0.04992755344959976,0.0,0.0,0.0,0.0,-2.4940650090687922e-08,23.769728671472805,,,,,,,,,,False,,,,False,
1.452,WAIT_FCU,False,-12.999999999949067,-5.999999999995443,0.05399996221987914,-2.177169773961735e-11,2.315252917890535e-09,2.7158848730168827e-08,-8.45256149770777e-11,8.502914226672861e-10,4.759022364672112e-14,10.000000003626253,7.924202100084607e-08,0.04992755344959976,0.0,0.0,0.0,0.0,-2.4940650090687922e-08,23.769728671470236,,,,,,,,,,False,,,,False,CMODE(65536)
1.552,WAIT_FCU,False,-12.999999999948844,-6.000000000004749,0.05399996221987916,-2.1775698294756198e-11,-2.315252842390431e-09,2.7158858000531083e-08,8.452397384934551e-11,8.502912771013614e-10,5.636212018968754e-14,10.000000003626253,7.924202100084607e-08,0.04992755344959976,0.0,0.0,0.0,0.0,-2.4940650090687922e-08,23.769728671472368,,,,,,,,,,False,,,,False,CMODE(65536)
1.6520000000000001,WAIT_FCU,False,-12.999999999948622,-5.999999999995443,0.05399996221987914,-2.1771697086532944e-11,2.315252916059499e-09,2.715884874421315e-08,-8.452561498578142e-11,8.502914226078174e-10,4.758618003943953e-14,10.000000003626253,7.924202100084607e-08,0.04992755344959976,0.0,0.0,0.0,0.0,-2.4940650090687922e-08,23.769728671469807,,,,,,,,,,False,,,,False,CMODE(65536)
1.752,WAIT_FCU,False,-12.9999999999484,-6.000000000004749,0.05399996221987916,-2.17757010444513e-11,-2.315252837677423e-09,2.7158858000697617e-08,8.452397395842217e-11,8.502912770673152e-10,5.6358076584785686e-14,10.000000003626253,7.924202100084607e-08,0.04992755344959976,0.0,0.0,0.0,0.0,-2.4940650090687922e-08,23.769728671471945,,,,,,,,,,False,,,,False,CMODE(65536)
1.8519999999999999,WAIT_FCU,False,-12.99999999994817,-6.000000000004749,0.05399996221987916,-2.1775699080040222e-11,-2.31525283876741e-09,2.7158858000531083e-08,8.452397384929841e-11,8.50291277156098e-10,5.635597393431394e-14,10.000000003626253,7.924202100084607e-08,0.04992755344959976,0.0,0.0,0.0,0.0,-2.4940650090687922e-08,23.769728671471718,,,,,,,,,,False,,,,False,CMODE(65536)
1.952,WAIT_FCU,False,-12.999999999947956,-6.000000000004749,0.05399996221987916,-2.1775699798064007e-11,-2.3152528424053247e-09,2.7158858000697617e-08,8.452397410506364e-11,8.502912770088047e-10,5.6354033010929864e-14,10.000000003626253,7.924202100084607e-08,0.04992755344959976,0.0,0.0,0.0,0.0,-2.4940650090687922e-08,23.769728671471512,,,,,,,,,,False,,,,False,CMODE(65536)
2.052,WAIT_FCU,False,-12.999999999947734,-5.999999999995443,0.05399996221987914,-2.177169774950385e-11,2.3152529192225044e-09,2.7158848730168827e-08,-8.452561500231759e-11,8.502914225351625e-10,4.757809286496398e-14,10.000000003626253,7.924202100084607e-08,0.04992755344959976,0.0,0.0,0.0,0.0,-2.4940650090687922e-08,23.769728671468947,,,,,,,,,,False,,,,False,CMODE(65536)
2.152,WAIT_FCU,False,-12.999999999947503,-5.999999999995443,0.05399996221987914,-2.1771695851749895e-11,2.315252920329717e-09,2.7158848730168827e-08,-8.452561518902771e-11,8.502914225668528e-10,4.757599018550352e-14,10.000000003626253,7.924202100084607e-08,0.04992755344959976,0.0,0.0,0.0,0.0,-2.4940650090687922e-08,23.769728671468723,,,,,,,,,,False,,,,False,CMODE(65536)
2.252,WAIT_FCU,False,-12.999999999947281,-6.000000000004749,0.05399996221987916,-2.1775701024119053e-11,-2.315252838560999e-09,2.7158858000697617e-08,8.452397382998405e-11,8.502912772576699e-10,5.6347886732827405e-14,10.000000003626253,7.924202100084607e-08,0.04992755344959976,0.0,0.0,0.0,0.0,-2.4940650090687922e-08,23.769728671470855,,,,,,,,,,False,,,,False,CMODE(65536)
2.352,WAIT_FCU,False,-12.99999999994706,-5.999999999995443,0.05399996221987914,-2.177169546810855e-11,2.315252919369237e-09,2.7158848730168827e-08,-8.452561484660834e-11,8.502914226248202e-10,4.757194658451555e-14,10.000000003626253,7.924202100084607e-08,0.04992755344959976,0.0,0.0,0.0,0.0,-2.4940650090687922e-08,23.769728671468293,,,,,,,,,,False,,,,False,CMODE(65536)
2.452,WAIT_FCU,False,-12.999999999946846,-5.999999999995443,0.05399996221987914,-2.1771697369111406e-11,2.3152529159101333e-09,2.715884874421315e-08,-8.452561510901709e-11,8.502914227155808e-10,4.7570005672607084e-14,10.000000003626253,7.924202100084607e-08,0.04992755344959976,0.0,0.0,0.0,0.0,-2.4940650090687922e-08,23.76972867146809,,,,,,,,,,False,,,,False,MANUAL
2.552,WAIT_FCU,False,-12.999999999946624,-6.000000000004749,0.05399996221987916,-2.1775701079291602e-11,-2.3152528407071808e-09,2.7158858000531083e-08,8.45239739764503e-11,8.502912772568848e-10,5.6341902207090794e-14,10.000000003626253,7.924202100084607e-08,0.04992755344959976,0.0,0.0,0.0,0.0,-2.4940650090687922e-08,23.769728671470226,,,,,,,,,,False,,,,False,MANUAL
2.652,WAIT_FCU,False,-12.999999999946393,-6.000000000004749,0.05399996221987916,-2.17757010493042e-11,-2.3152528404353452e-09,2.7158858000531083e-08,8.452397402103916e-11,8.502912771238419e-10,5.6339799540819485e-14,10.000000003626253,7.924202100084607e-08,0.04992755344959976,0.0,0.0,0.0,0.0,-2.4940650090687922e-08,23.76972867147,,,,,,,,,,False,,,,False,MANUAL
2.752,WAIT_FCU,False,-12.999999999946171,-5.999999999995443,0.05399996221987914,-2.177169778475437e-11,2.315252913185786e-09,2.715884874421315e-08,-8.452561490541199e-11,8.502914225669859e-10,4.756385941527925e-14,10.000000003626253,7.924202100084607e-08,0.04992755344959976,0.0,0.0,0.0,0.0,-2.4940650090687922e-08,23.769728671467437,,,,,,,,,,False,,,,False,MANUAL
2.852,WAIT_FCU,False,-12.999999999945958,-5.999999999995443,0.05399996221987914,-2.1771697932165264e-11,2.3152529145913402e-09,2.715884874421315e-08,-8.452561495541322e-11,8.502914226199697e-10,4.7561918493631545e-14,10.000000003626253,7.924202100084607e-08,0.04992755344959976,0.0,0.0,0.0,0.0,-2.4940650090687922e-08,23.769728671467234,,,,,,,,,,False,,,,False,MANUAL
2.952,WAIT_FCU,False,-12.999999999945727,-5.999999999995443,0.05399996221987914,-2.177169847589526e-11,2.315252915635928e-09,2.715884874421315e-08,-8.452561508903927e-11,8.502914226830398e-10,4.755981583159187e-14,10.000000003626253,7.924202100084607e-08,0.04992755344959976,0.0,0.0,0.0,0.0,-2.4940650090687922e-08,23.769728671467004,,,,,,,,,,False,,,,False,MANUAL
3.004,WAIT_FCU,False,-12.99999999994562,-5.999999999995443,0.05399996221987914,-2.1771697218654636e-11,2.315252920356155e-09,2.7158848730168827e-08,-8.452561531036207e-11,8.502914226588973e-10,4.755884536222178e-14,10.000000003626253,7.924202100084607e-08,0.04992755344959976,0.0,0.0,0.0,0.0,-2.4940650090687922e-08,23.769728671466904,,,,,,,,,,False,,,,False,MANUAL
3.1,WAIT_FCU,False,-12.999999999945407,-5.999999999995443,0.05399996221987914,-2.177170086295066e-11,2.3152529191414486e-09,2.7158848730168827e-08,-8.45256152200424e-11,8.502914225537267e-10,4.7556904424103825e-14,10.000000003626253,7.924202100084607e-08,0.04992755344959976,0.0,0.0,0.0,0.0,-2.4940650090687922e-08,23.769728671466694,,,,,,,,,,False,,,,False,MANUAL
3.152,WAIT_FCU,False,-12.999999999945292,-6.000000000004749,0.05399996221987916,-2.177570026719419e-11,-2.3152528384011083e-09,2.7158858000531083e-08,8.452397373855882e-11,8.502912771425159e-10,5.6329771431705445e-14,10.000000003626253,7.924202100084607e-08,0.04992755344959976,0.0,0.0,0.0,0.0,-2.4940650090687922e-08,23.769728671468933,,,,,,,,,,False,,,,False,MANUAL
3.252,WAIT_FCU,False,-12.99999999994507,-5.999999999995443,0.05399996221987914,-2.177169808068015e-11,2.315252918305349e-09,2.7158848730168827e-08,-8.452561508863382e-11,8.502914225980158e-10,4.7553831285223964e-14,10.000000003626253,7.924202100084607e-08,0.04992755344959976,0.0,0.0,0.0,0.0,-2.4940650090687922e-08,23.76972867146637,,,,,,,,,,False,,,,False,MANUAL
3.352,WAIT_FCU,False,-12.999999999944848,-6.000000000004749,0.05399996221987916,-2.1775698994561717e-11,-2.31525284145306e-09,2.715885800036455e-08,8.452397411156775e-11,8.502912769109197e-10,5.632572782803544e-14,10.000000003626253,7.924202100084607e-08,0.04992755344959976,0.0,0.0,0.0,0.0,-2.4940650090687922e-08,23.769728671468506,,,,,,,,,,False,,,,False,MANUAL
3.452,WAIT_FCU,False,-12.999999999944626,-5.999999999995443,0.05399996221987914,-2.1771695466491714e-11,2.315252918830446e-09,2.7158848730002296e-08,-8.452561514589933e-11,8.502914223695241e-10,4.754978768550812e-14,10.000000003626253,7.924202100084607e-08,0.04992755344959976,0.0,0.0,0.0,0.0,-2.4940650090687922e-08,23.769728671465938,,,,,,,,,,False,,,,False,MANUAL
3.552,WAIT_FCU,False,-12.999999999944404,-6.000000000004749,0.05399996221987916,-2.1775701496046362e-11,-2.315252839468384e-09,2.7158858000531083e-08,8.452397387710524e-11,8.502912770117895e-10,5.6321684240950703e-14,10.000000003626253,7.924202100084607e-08,0.04992755344959976,0.0,0.0,0.0,0.0,-2.4940650090687922e-08,23.76972867146807,,,,,,,,,,False,,,,False,MANUAL
3.652,WAIT_FCU,False,-12.999999999944182,-5.999999999995443,0.05399996221987914,-2.177169518375504e-11,2.3152529197060908e-09,2.7158848730168827e-08,-8.452561491778011e-11,8.502914225183372e-10,4.7545744076169423e-14,10.000000003626253,7.924202100084607e-08,0.04992755344959976,0.0,0.0,0.0,0.0,-2.4940650090687922e-08,23.769728671465508,,,,,,,,,,False,,,,False,MANUAL
3.752,WAIT_FCU,False,-12.99999999994396,-6.000000000004749,0.05399996221987916,-2.177569910017468e-11,-2.315252842586126e-09,2.7158858000531083e-08,8.452397404385533e-11,8.502912771467344e-10,5.631764061881819e-14,10.000000003626253,7.924202100084607e-08,0.04992755344959976,0.0,0.0,0.0,0.0,-2.4940650090687922e-08,23.769728671467647,,,,,,,,,,False,,,,False,MANUAL
3.852,WAIT_FCU,False,-12.999999999943737,-5.999999999995443,0.05399996221987914,-2.17716959581132e-11,2.3152529186473786e-09,2.7158848730168827e-08,-8.452561506509472e-11,8.502914226444542e-10,4.754170047372015e-14,10.000000003626253,7.924202100084607e-08,0.04992755344959976,0.0,0.0,0.0,0.0,-2.4940650090687922e-08,23.76972867146508,,,,,,,,,,False,,,,False,MANUAL
3.952,WAIT_FCU,False,-12.999999999943507,-5.999999999995443,0.05399996221987914,-2.177169630986361e-11,2.315252915692055e-09,2.715884874421315e-08,-8.452561504576594e-11,8.502914227666361e-10,4.753959779314119e-14,10.000000003626253,7.924202100084607e-08,0.04992755344959976,0.0,0.0,0.0,0.0,-2.4940650090687922e-08,23.769728671464858,,,,,,,,,,False,,,,False,MANUAL
4.052,WAIT_FCU,False,-12.999999999943293,-5.999999999995443,0.05399996221987914,-2.177169653028312e-11,2.315252919740414e-09,2.7158848730168827e-08,-8.452561493611514e-11,8.502914225501598e-10,4.753765686380167e-14,10.000000003626253,7.924202100084607e-08,0.04992755344959976,0.0,0.0,0.0,0.0,-2.4940650090687922e-08,23.76972867146465,,,,,,,,,,False,,,,False,MANUAL
4.152,WAIT_FCU,False,-12.999999999943062,-5.999999999995443,0.05399996221987914,-2.177169842218669e-11,2.3152529189699306e-09,2.7158848730168827e-08,-8.45256148797763e-11,8.502914224224042e-10,4.753555418514793e-14,10.000000003626253,7.924202100084607e-08,0.04992755344959976,0.0,0.0,0.0,0.0,-2.4940650090687922e-08,23.769728671464428,,,,,,,,,,False,,,,False,MANUAL
4.252,WAIT_FCU,False,-12.99999999994285,-5.999999999995443,0.05399996221987914,-2.1771699685290365e-11,2.3152529168818364e-09,2.7158848730168827e-08,-8.45256149065668e-11,8.502914227668365e-10,4.7533613246994855e-14,10.000000003626253,7.924202100084607e-08,0.04992755344959976,0.0,0.0,0.0,0.0,-2.4940650090687922e-08,23.769728671464218,,,,,,,,,,False,,,,False,MANUAL
4.352,WAIT_FCU,False,-12.999999999942627,-6.000000000004749,0.05399996221987916,-2.1775699852853817e-11,-2.3152528378131087e-09,2.7158858000697617e-08,8.452397400085142e-11,8.502912772872312e-10,5.630550978692919e-14,10.000000003626253,7.924202100084607e-08,0.04992755344959976,0.0,0.0,0.0,0.0,-2.4940650090687922e-08,23.769728671466353,,,,,,,,,,False,,,,False,MANUAL
4.452,WAIT_FCU,False,-12.999999999942396,-6.000000000004749,0.05399996221987916,-2.1775699253932315e-11,-2.315252842104796e-09,2.715885800036455e-08,8.452397413073532e-11,8.502912770008834e-10,5.630340709243821e-14,10.000000003626253,7.924202100084607e-08,0.04992755344959976,0.0,0.0,0.0,0.0,-2.4940650090687922e-08,23.769728671466133,,,,,,,,,,False,,,,False,MANUAL
4.552,WAIT_FCU,False,-12.999999999942183,-6.000000000004749,0.05399996221987916,-2.177569847069212e-11,-2.3152528396617415e-09,2.7158858000531083e-08,8.452397397310481e-11,8.502912772320424e-10,5.630146615694675e-14,10.000000003626253,7.924202100084607e-08,0.04992755344959976,0.0,0.0,0.0,0.0,-2.4940650090687922e-08,23.769728671465927,,,,,,,,,,False,,,,False,MANUAL
4.652,WAIT_FCU,False,-12.999999999941961,-5.999999999995443,0.05399996221987914,-2.177169784121053e-11,2.3152529208254245e-09,2.7158848730168827e-08,-8.452561505888271e-11,8.502914222834121e-10,4.752552599467373e-14,10.000000003626253,7.924202100084607e-08,0.04992755344959976,0.0,0.0,0.0,0.0,-2.4940650090687922e-08,23.769728671463362,,,,,,,,,,False,,,,False,MANUAL
4.752,WAIT_FCU,False,-12.99999999994173,-5.999999999995443,0.05399996221987914,-2.1771697321346737e-11,2.31525292035356e-09,2.7158848730168827e-08,-8.4525615192502e-11,8.50291422699357e-10,4.752342332265759e-14,10.000000003626253,7.924202100084607e-08,0.04992755344959976,0.0,0.0,0.0,0.0,-2.4940650090687922e-08,23.769728671463138,,,,,,,,,,False,,,,False,MANUAL
4.852,WAIT_FCU,False,-12.999999999941517,-5.999999999995443,0.05399996221987914,-2.1771696236076784e-11,2.315252916081038e-09,2.7158848723063402e-08,-8.452561489196394e-11,8.502914228518755e-10,4.7521482401401024e-14,10.000000003626253,7.924202100084607e-08,0.04992755344959976,0.0,0.0,0.0,0.0,-2.4940650090687922e-08,23.769728671462936,,,,,,,,,,False,,,,False,MANUAL
4.952,WAIT_FCU,False,-12.999999999941286,-5.999999999995443,0.05399996221987914,-2.1771699323209058e-11,2.3152529200473454e-09,2.7158848730168827e-08,-8.452561512362916e-11,8.502914225282901e-10,4.75193797338626e-14,10.000000003626253,7.924202100084607e-08,0.04992755344959976,0.0,0.0,0.0,0.0,-2.4940650090687922e-08,23.769728671462712,,,,,,,,,,False,,,,False,MANUAL
5.052,WAIT_FCU,False,-12.999999999941073,-5.999999999995443,0.05399996221987914,-2.1771697810979666e-11,2.3152529173032514e-09,2.7158848730168827e-08,-8.452561502929252e-11,8.502914225864544e-10,4.7517438796329067e-14,10.000000003626253,7.924202100084607e-08,0.04992755344959976,0.0,0.0,0.0,0.0,-2.4940650090687922e-08,23.769728671462502,,,,,,,,,,False,,,,False,MANUAL
5.152,WAIT_FCU,False,-12.99999999994085,-6.000000000004749,0.05399996221987916,-2.1775701341281335e-11,-2.3152528394757582e-09,2.7158858000697617e-08,8.452397409940942e-11,8.50291277256218e-10,5.628933533214029e-14,10.000000003626253,7.924202100084607e-08,0.04992755344959976,0.0,0.0,0.0,0.0,-2.4940650090687922e-08,23.769728671464634,,,,,,,,,,False,,,,False,MANUAL
5.252,WAIT_FCU,False,-12.999999999940629,-5.999999999995443,0.05399996221987914,-2.1771697272345262e-11,2.3152529206715086e-09,2.7158848730168827e-08,-8.452561520271848e-11,8.502914225704634e-10,4.751339518150248e-14,10.000000003626253,7.924202100084607e-08,0.04992755344959976,0.0,0.0,0.0,0.0,-2.4940650090687922e-08,23.769728671462072,,,,,,,,,,False,,,,False,MANUAL
5.352,WAIT_FCU,False,-12.999999999940407,-6.000000000004749,0.05399996221987916,-2.1775699209019907e-11,-2.3152528398374488e-09,2.7158857993425657e-08,8.45239740364524e-11,8.50291277080996e-10,5.628529171690594e-14,10.000000003626253,7.924202100084607e-08,0.04992755344959976,0.0,0.0,0.0,0.0,-2.4940650090687922e-08,23.76972867146421,,,,,,,,,,False,,,,False,MANUAL
5.452,WAIT_FCU,False,-12.999999999940185,-5.999999999995443,0.05399996221987914,-2.1771696329161018e-11,2.315252919845714e-09,2.7158848730168827e-08,-8.45256150639724e-11,8.502914225286075e-10,4.7509351557583146e-14,10.000000003626253,7.924202100084607e-08,0.04992755344959976,0.0,0.0,0.0,0.0,-2.4940650090687922e-08,23.769728671461646,,,,,,,,,,False,,,,False,MANUAL
5.552,WAIT_FCU,False,-12.999999999939963,-6.000000000004749,0.05399996221987916,-2.1775699084278082e-11,-2.3152528420974336e-09,2.715885800036455e-08,8.452397418308304e-11,8.502912769104896e-10,5.628124809770466e-14,10.000000003626253,7.924202100084607e-08,0.04992755344959976,0.0,0.0,0.0,0.0,-2.4940650090687922e-08,23.769728671463778,,,,,,,,,,False,,,,False,MANUAL
5.652,WAIT_FCU,False,-12.999999999939732,-6.000000000004749,0.05399996221987916,-2.177570006055925e-11,-2.315252838669265e-09,2.7158858000697617e-08,8.452397392704365e-11,8.502912773361683e-10,5.627914542765517e-14,10.000000003626253,7.924202100084607e-08,0.04992755344959976,0.0,0.0,0.0,0.0,-2.4940650090687922e-08,23.769728671463554,,,,,,,,,,False,,,,False,MANUAL
5.752,WAIT_FCU,False,-12.99999999993951,-5.999999999995443,0.05399996221987914,-2.1771697948518454e-11,2.3152529139136866e-09,2.715884874421315e-08,-8.452561500500541e-11,8.502914226934212e-10,4.750320528169235e-14,10.000000003626253,7.924202100084607e-08,0.04992755344959976,0.0,0.0,0.0,0.0,-2.4940650090687922e-08,23.76972867146099,,,,,,,,,,False,,,,False,MANUAL
5.852,TAKEOFF,False,-12.999999999939288,-6.000000000004749,0.05399996221987916,-2.1775699176531823e-11,-2.315252836190579e-09,2.7158858007469977e-08,8.452397406636905e-11,8.502912771967118e-10,5.627510180979966e-14,10.000000003626253,7.924202100084607e-08,0.04992755344959976,0.0,0.0,0.0,0.0,-2.4940650090687922e-08,23.76972867146312,0.0016176572535187006,0.0005090131890028715,0.0031515059527009726,-0.019611140713095665,0.0016872660489752889,0.0006941808387637138,,,,False,,,,False,MANUAL
5.952,TAKEOFF,False,-12.999999999939075,-6.000000000004749,0.05399996221987916,-2.1775700863891063e-11,-2.3152528408563156e-09,2.7158858000531083e-08,8.452397403303046e-11,8.502912771627567e-10,5.627316088113352e-14,10.000000003626253,7.924202100084607e-08,0.04992755344959976,0.0,0.0,0.0,0.0,-2.4940650090687922e-08,23.769728671462914,-0.0005787272239103913,0.0005806536646559834,0.0036673713475465775,-0.01945194974541664,0.0010166930733248591,0.0015771035104990005,,,,False,,,,False,MANUAL
6.052,TAKEOFF,False,-12.999999999938852,-5.999999999995443,0.05399996221987914,-2.1771697345089603e-11,2.3152529144412243e-09,2.7158848723063402e-08,-8.452561498671083e-11,8.502914225833377e-10,4.749722072884176e-14,10.000000003626253,7.924202100084607e-08,0.04992755344959976,0.0,0.0,0.0,0.0,-2.4940650090687922e-08,23.769728671460353,-0.0017708436353132129,0.0006112445844337344,0.003336918307468295,-0.017603347077965736,0.0017552532954141498,-9.256743942387402e-05,,,,False,,,,False,MANUAL
6.152,TAKEOFF,False,-12.99999999993863,-6.000000000004749,0.05399996221987916,-2.1775702053153445e-11,-2.3152528391676533e-09,2.7158858000531083e-08,8.452397402515348e-11,8.502912773456777e-10,5.6269117278122483e-14,10.000000003626253,7.924202100084607e-08,0.04992755344959976,0.0,0.0,0.0,0.0,-2.4940650090687922e-08,23.76972867146249,-0.0020334485452622175,0.0006348513998091221,0.0014143583830446005,-0.01483340747654438,0.0017157912952825427,-0.004057450219988823,,,,False,,,,False,MANUAL
6.252,TAKEOFF,False,-12.999999999938408,-5.999999999995443,0.05399996221987914,-2.177169888912909e-11,2.3152529199087752e-09,2.7158848730168827e-08,-8.452561528084718e-11,8.502914226009679e-10,4.74931771240971e-14,10.000000003626253,7.924202100084607e-08,0.04992755344959976,0.0,0.0,0.0,0.0,-2.4940650090687922e-08,23.769728671459927,-0.0022064836230129004,0.0005781290237791836,-0.0008982954313978553,-0.014398935250937939,0.0007138876826502383,-0.006087630055844784,,,,False,,,,False,MANUAL
6.356,TAKEOFF,False,-12.999999999938177,-5.999999999995443,0.05399996221987914,-2.1771694631752806e-11,2.315252920101969e-09,2.7158848730168827e-08,-8.452561489505386e-11,8.502914227212422e-10,4.7491074446820804e-14,10.000000003626253,7.924202100084607e-08,0.04992755344959976,0.0,0.0,0.0,0.0,-2.4940650090687922e-08,23.769728671459703,-0.0023006016854196787,0.0004981961683370173,-0.0036567652132362127,-0.012812764383852482,0.0012524147750809789,-0.008281503804028034,,,,False,,,,False,MANUAL
6.452,TAKEOFF,False,-12.999999999937955,-6.000000000004749,0.05399996221987916,-2.1775698098801124e-11,-2.315252836129049e-09,2.71588580215143e-08,8.452397399285414e-11,8.502912769722417e-10,5.626297098888373e-14,10.000000003626253,7.924202100084607e-08,0.04992755344959976,0.0,0.0,0.0,0.0,-2.4940650090687922e-08,23.76972867146184,-0.0024256519973278046,0.0004205683362670243,-0.005773360375314951,-0.01132248155772686,0.0004053404845762998,-0.009661650285124779,,,,False,,,,False,MANUAL
6.552,TAKEOFF,False,-12.999999999937742,-6.000000000004749,0.05399996221987916,-2.1775699714771055e-11,-2.315252840198634e-09,2.7158858000697617e-08,8.452397393948926e-11,8.502912772151862e-10,5.6261030063293954e-14,10.000000003626253,7.924202100084607e-08,0.04992755344959976,0.0,0.0,0.0,0.0,-2.4940650090687922e-08,23.76972867146163,-0.0026354610454291105,0.00035230041248723865,-0.007539709098637104,-0.010175196453928947,0.00012732391769532114,-0.009818563237786293,,,,False,,,,False,MANUAL
6.652,TAKEOFF,False,-12.999999999937511,-6.000000000004749,0.05399996221987916,-2.1775700771511978e-11,-2.3152528385845832e-09,2.7158857993425657e-08,8.452397400259011e-11,8.502912771872243e-10,5.625892739712425e-14,10.000000003626253,7.924202100084607e-08,0.04992755344959976,0.0,0.0,0.0,0.0,-2.4940650090687922e-08,23.769728671461408,-0.0026483910623937845,0.0002019349776674062,-0.008571891114115715,-0.009664284065365791,-0.0013206382282078266,-0.00968825165182352,,,,False,,,,False,MANUAL
6.752,TAKEOFF,False,-12.999999999937298,-6.000000000004749,0.05399996221987916,-2.1775701759118464e-11,-2.3152528415804283e-09,2.7158858000531083e-08,8.452397422482172e-11,8.502912770550792e-10,5.6256986449538046e-14,10.000000003626253,7.924202100084607e-08,0.04992755344959976,0.0,0.0,0.0,0.0,-2.4940650090687922e-08,23.7697286714612,-0.0024609051179140806,-6.0989281337242573e-05,-0.009081377647817135,-0.00782654620707035,-0.0020349982660263777,-0.011085845530033112,,,,False,,,,False,MANUAL
6.852,TAKEOFF,False,-12.999999999937076,-5.999999999995443,0.05399996221987914,-2.1771697765535356e-11,2.3152529183277212e-09,2.715884873710772e-08,-8.452561500218572e-11,8.502914224643364e-10,4.7481046296875594e-14,10.000000003626253,7.924202100084607e-08,0.04992755344959976,0.0,0.0,0.0,0.0,-2.4940650090687922e-08,23.769728671458637,-0.002423026831820607,-0.0004085228138137609,-0.009716788306832314,-0.007346932776272297,-0.0041556088253855705,-0.010228786617517471,,,,False,,,,False,MANUAL
6.952,TAKEOFF,False,-12.999999999936854,-6.000000000004749,0.05399996221987916,-2.1775698447782608e-11,-2.3152528360431e-09,2.715885801440887e-08,8.4523973936358e-11,8.502912769915998e-10,5.625294282045133e-14,10.000000003626253,7.924202100084607e-08,0.04992755344959976,0.0,0.0,0.0,0.0,-2.4940650090687922e-08,23.769728671460772,-0.002541537396609783,-0.0009616160532459617,-0.01027908269315958,-0.006344023626297712,-0.005515040829777718,-0.010559670627117157,,,,False,,,,False,MANUAL
7.052,TAKEOFF,False,-12.999999999936632,-5.999999999995443,0.05399996221987914,-2.17716979062586e-11,2.3152529162143116e-09,2.715884873033536e-08,-8.4525614965868e-11,8.502914228057941e-10,4.747700267237735e-14,10.000000003626253,7.924202100084607e-08,0.04992755344959976,0.0,0.0,0.0,0.0,-2.4940650090687922e-08,23.769728671458207,-0.00284804729744792,-0.0009549733949825168,-0.009723114781081676,-0.006558573339134455,-0.007225514855235815,-0.009831600822508335,,,,False,,,,False,MANUAL
7.152,TAKEOFF,False,-12.999999999936401,-5.999999999995443,0.05399996221987914,-2.1771698274408723e-11,2.315252919623877e-09,2.7158848730168827e-08,-8.452561513310212e-11,8.502914226365424e-10,4.747489999045222e-14,10.000000003626253,7.924202100084607e-08,0.04992755344959976,0.0,0.0,0.0,0.0,-2.4940650090687922e-08,23.76972867145798,-0.003438577288761735,-0.0007437799358740449,-0.008896413259208202,-0.006167295854538679,-0.008306898176670074,-0.00813095923513174,,,,False,,,,False,MANUAL
7.252,TAKEOFF,False,-12.999999999936188,-5.999999999995443,0.05399996221987914,-2.177169569657269e-11,2.315252916457883e-09,2.7158848744046615e-08,-8.452561503227956e-11,8.502914226318924e-10,4.747295906376796e-14,10.000000003626253,7.924202100084607e-08,0.04992755344959976,0.0,0.0,0.0,0.0,-2.4940650090687922e-08,23.769728671457774,-0.004115418531000614,-0.0008813179447315633,-0.008387252688407898,-0.006726459134370089,-0.009319623932242393,-0.0072064632549881935,,,,False,,,,False,MANUAL
7.352,TAKEOFF,False,-12.999999999935966,-6.000000000004749,0.05399996221987916,-2.177570157727505e-11,-2.315252840501561e-09,2.7158858000697617e-08,8.452397402202055e-11,8.502912772662223e-10,5.624485561019636e-14,10.000000003626253,7.924202100084607e-08,0.04992755344959976,0.0,0.0,0.0,0.0,-2.4940650090687922e-08,23.769728671459912,-0.0048941969871521,-0.0013484361115843058,-0.00823130365461111,-0.006271463818848133,-0.00989675335586071,-0.00759341474622488,,,,False,,,,False,MANUAL
7.452,TAKEOFF,False,-12.999999999935735,-6.000000000004749,0.05399996221987916,-2.1775701526803077e-11,-2.315252839657184e-09,2.7158858000531083e-08,8.452397392213427e-11,8.502912770268497e-10,5.6242752941171946e-14,10.000000003626253,7.924202100084607e-08,0.04992755344959976,0.0,0.0,0.0,0.0,-2.4940650090687922e-08,23.769728671459685,-0.005857146345078945,-0.0007202444830909371,-0.007210482377558947,-0.00686771422624588,-0.0088655361905694,-0.006751878187060356,,,,False,,,,False,OFFBOARD
7.552,TAKEOFF,False,-13.000000000002041,-6.000000000015455,0.05399996274695317,-4.953228441723574e-09,-3.739764914534578e-09,2.194213746348206e-08,2.784729063527558e-10,-3.572246497122451e-10,4.2511713634839715e-14,10.000000003626253,7.924202100084607e-08,0.04992755344959976,0.0,0.0,0.0,0.0,-2.4940650090687922e-08,23.769728671526547,-0.00727692199870944,0.001314209890551865,-0.004700470250099897,-0.007982430048286915,-0.0073225488886237144,-0.004684819374233484,,,,False,,,,False,OFFBOARD
7.652,TAKEOFF,False,-13.000000000122233,-6.000000000005342,0.05399996248557183,-4.129164605731249e-10,-2.609108042072574e-09,2.5926224725913994e-08,9.514650304692661e-11,-2.5327292183819715e-09,8.760710916261614e-14,10.000000003626253,7.924202100084607e-08,0.04992755344959976,0.0,0.0,0.0,0.0,-2.4940650090687922e-08,23.769728671640298,-0.008551962673664093,0.0027224873192608356,-0.0027951460797339678,-0.008580641821026802,-0.006249821279197931,-0.00355362962000072,,,,False,,,,False,OFFBOARD
7.752,TAKEOFF,False,-13.000000000002277,-5.999999999999836,0.05399996273572259,2.2355966247672584e-09,2.4185901807527496e-10,3.1333027122437685e-08,-4.800522303991235e-12,-3.4235828657417036e-10,1.023363212037379e-13,10.000000003626253,7.924202100084607e-08,0.04992755344959976,0.0,0.0,0.0,0.0,-2.4940650090687922e-08,23.769728671522834,-0.009951004758477211,0.0037471435498446226,-0.0010187518782913685,-0.009609092026948929,-0.006726686377078295,-0.002031993819400668,,,,False,,,,False,OFFBOARD
7.852,TAKEOFF,False,-13.000000000025375,-5.999999999999989,0.05399996268366256,4.716074178603953e-09,1.0175673579415642e-10,3.6545621235617444e-08,-2.6541318725235804e-12,-7.538586888779715e-10,7.275363413657335e-14,10.000000003626253,7.924202100084607e-08,0.04992755344959976,0.0,0.0,0.0,0.0,-2.4940650090687922e-08,23.769728671545224,-0.010504239238798618,0.003869269974529743,-0.0009655902395024896,-0.008819454349577427,-0.0067639476619660854,-0.0016813490074127913,,,,False,,,,False,OFFBOARD
7.952,TAKEOFF,False,-13.000000000117275,-6.000000000005336,0.05399996249968125,-1.0520031219579048e-09,-2.6124048666210873e-09,2.453231580851201e-08,9.435910064491971e-11,-2.4156381592799312e-09,5.821052387868374e-14,10.000000003626253,7.924202100084607e-08,0.04992755344959976,0.0,0.0,0.0,0.0,-2.4940650090687922e-08,23.7697286716355,-0.010534563101828098,0.003416717052459717,-0.002542424714192748,-0.009249042719602585,-0.006689579226076603,-0.0022523945663124323,,,,False,,,,False,OFFBOARD
8.052,TAKEOFF,False,-13.000000000027969,-5.999999999998843,0.05399996268638874,2.0097809112769396e-09,7.570842017040534e-10,3.09000124412151e-08,-2.3517185067404538e-11,-7.824554730267938e-10,7.31524562115016e-14,10.000000003626253,7.924202100084607e-08,0.04992755344959976,0.0,0.0,0.0,0.0,-2.4940650090687922e-08,23.769728671547444,-0.010815276764333248,0.0028747424948960543,-0.0034575508907437325,-0.009197134524583817,-0.007742641493678093,-0.0016270456835627556,,,,False,,,,False,OFFBOARD
8.152,TAKEOFF,False,-13.00000000008356,-5.999999999998369,0.05399996256817313,4.074378493863e-09,1.1743137868424127e-09,3.4951706804065004e-08,-3.148498226661988e-11,-1.784755157949919e-09,1.0168473834706516e-13,10.000000003626253,7.924202100084607e-08,0.04992755344959976,0.0,0.0,0.0,0.0,-2.4940650090687922e-08,23.76972867160112,-0.011362146586179733,0.0020285360515117645,-0.003303399309515953,-0.010029325261712074,-0.009851300157606602,-0.0002813205064740032,,,,False,,,,False,OFFBOARD
8.252,TAKEOFF,False,-13.000000000102998,-6.000000000005498,0.053999962533398976,-1.7049323798361495e-09,-2.7035635670282805e-09,2.3182263098553425e-08,9.791895832953242e-11,-2.1292420602160993e-09,8.75870892563302e-14,10.000000003626253,7.924202100084607e-08,0.04992755344959976,0.0,0.0,0.0,0.0,-2.4940650090687922e-08,23.769728671621724,-0.011290124617516994,0.0014250462409108877,-0.002879786305129528,-0.008266548626124859,-0.010386866517364979,-0.000734746630769223,,,,False,,,,False,OFFBOARD
8.352,TAKEOFF,False,-13.000000000050685,-5.999999999997829,0.053999962642928855,1.7763564200925421e-09,1.2403333233770812e-09,3.042974944611476e-08,-4.127823021835273e-11,-1.1685744271773687e-09,1.0262859565195424e-13,10.000000003626253,7.924202100084607e-08,0.04992755344959976,0.0,0.0,0.0,0.0,-2.4940650090687922e-08,23.76972867156917,-0.01073388196527958,0.0009884756291285157,-0.0023898270446807146,-0.007651330903172493,-0.010318632237613201,-0.0012691367883235216,,,,False,,,,False,OFFBOARD
8.452,TAKEOFF,False,-13.000000000102029,-6.000000000003166,0.05399996253450894,2.723859836584967e-09,-1.668016080378954e-09,3.224078481522952e-08,5.588208474116758e-11,-2.093223986718981e-09,1.1581758860843684e-13,10.000000003626253,7.924202100084607e-08,0.04992755344959976,0.0,0.0,0.0,0.0,-2.4940650090687922e-08,23.769728671620197,-0.010504488833248615,0.00038773694541305304,-0.001935184933245182,-0.006795893423259258,-0.010683570057153702,-0.0015412488719448447,,,,False,,,,True,OFFBOARD
8.552,TAKEOFF,False,-13.000000000089502,-6.000000000005671,0.05399996260216483,-2.003105484680947e-09,-2.7475057593477047e-09,2.425254383575659e-08,1.0138580990622664e-10,-1.856957962794131e-09,1.1552608704941686e-13,10.000000003626253,7.924202100084607e-08,0.04992755344959976,0.0,0.0,0.0,0.0,-2.4940650090687922e-08,23.769728671608707,-0.010422248393297195,-0.0005566005129367113,-0.0012375679798424244,-0.005794560071080923,-0.01277296245098114,-0.0010863057104870677,,,,False,,,,True,OFFBOARD
8.652,TAKEOFF,False,-13.000000000066045,-5.999999999999504,0.05399996287133866,1.990077729225679e-09,-6.724277946364106e-10,3.325245479296468e-08,-1.121271237379201e-11,-1.4206545932740818e-09,8.462504486849495e-14,10.000000003626253,7.924202100084607e-08,0.04992755344959976,0.0,0.0,0.0,0.0,-2.4940650090687922e-08,23.769728671584456,-0.009989570826292038,-0.0008408328285440803,0.001065870514139533,-0.004848236218094826,-0.013374030590057373,-0.00041506963316351175,,,,False,,,,True,OFFBOARD
8.752,TAKEOFF,False,-13.000000000104656,-5.999999999999763,0.05399996300910854,-1.1605785168751902e-09,-2.8665755651296e-10,2.6492901778474298e-08,-1.2001689454442839e-11,-2.1141606763276e-09,-2.694071725367097e-13,10.000000003626253,7.924202100084607e-08,0.04992755344959976,0.0,0.0,0.0,0.0,-2.4940650090687922e-08,23.769728671621884,-0.009211217053234577,-0.0007403783383779228,0.004849561490118504,-0.0026108494494110346,-0.01465914398431778,0.0012818691320717335,,,,False,,,,True,OFFBOARD
8.852,TAKEOFF,False,-13.00000000012187,-6.000000000000008,0.05399996324672585,2.7016160923246817e-10,-4.528095716155481e-10,2.983135605039156e-08,-1.230217358064832e-11,-2.418034054611009e-09,-5.793448085659301e-13,10.000000003626253,7.924202100084607e-08,0.04992755344959976,0.0,0.0,0.0,0.0,-2.4940650090687922e-08,23.7697286716386,-0.008435525931417942,-0.0011222190223634243,0.007016401272267103,-0.0018907985650002956,-0.015760086476802826,0.0024288203567266464,,,,False,,,,True,OFFBOARD
8.952,TAKEOFF,False,-13.000000000080023,-5.999999999993466,0.0539999636839139,-9.154590528861239e-10,-5.110002729945626e-10,2.8503306268023997e-08,-1.3638989463126292e-10,-1.648193198002129e-09,-9.191734923036864e-13,10.000000003626253,7.924202100084607e-08,0.04992755344959976,0.0,0.0,0.0,0.0,-2.4940650090687922e-08,23.769728671596454,-0.007480868604034185,-0.0018740070518106222,0.009028129279613495,0.00023310532560572028,-0.016732947900891304,0.0022637690417468548,,,,False,,,,True,OFFBOARD
9.052,TAKEOFF,False,-13.000000000135493,-5.9999999999917835,0.05399996399595513,-1.778128922131887e-09,-4.900545423308652e-11,2.6478418407971382e-08,-1.7268691960359324e-10,-2.6477365315889646e-09,-1.290910246943205e-12,10.000000003626253,7.924202100084607e-08,0.04992755344959976,0.0,0.0,0.0,0.0,-2.4940650090687922e-08,23.769728671649702,-0.006734324619174004,-0.002902394626289606,0.010750138200819492,0.0014667148934677243,-0.01772443763911724,0.00269383005797863,,,,False,,,,True,OFFBOARD
9.152,TAKEOFF,False,-13.00000000011472,-5.999999999989762,0.053999964558950286,2.3384599840436705e-09,-4.774968440722785e-10,3.647801647627124e-08,-2.1508424242563967e-10,-2.2609642193269118e-09,-1.6619623067341616e-12,10.000000003626253,7.924202100084607e-08,0.04992755344959976,0.0,0.0,0.0,0.0,-2.4940650090687922e-08,23.769728671629093,-0.006028365343809128,-0.0044247861951589584,0.011907829903066158,0.0025820790324360132,-0.01961018145084381,0.004157880321145058,,,,False,,,,True,OFFBOARD
9.252,TAKEOFF,False,-13.000000000152596,-5.999999999991994,0.05399996512476293,8.47291693825505e-10,7.241582040186519e-11,3.3100115965634116e-08,-1.8051661456968656e-10,-2.9407046362207077e-09,-2.059352981605054e-12,10.000000003626253,7.924202100084607e-08,0.04992755344959976,0.0,0.0,0.0,0.0,-2.4940650090687922e-08,23.769728671666304,-0.005260071717202663,-0.005126031581312418,0.013686795718967915,0.0035189639311283827,-0.019888989627361298,0.004559898283332586,,,,False,,,,True,OFFBOARD
9.352,TAKEOFF,False,-13.000000000163924,-5.999999999983972,0.05399996585041354,-1.956013991532662e-09,-1.8257052101976978e-10,2.8117019747475602e-08,-3.3230137879403366e-10,-3.1378051548061614e-09,-2.4522544617267997e-12,10.000000003626253,7.924202100084607e-08,0.04992755344959976,0.0,0.0,0.0,0.0,-2.4940650090687922e-08,23.769728671675242,-0.004377786535769701,-0.005434128921478987,0.016110042110085487,0.00428014574572444,-0.020662087947130203,0.0054690781980752945,,,,False,,,,True,OFFBOARD
9.452,TAKEOFF,False,-13.00000000015816,-5.999999999977447,0.05399996680031846,-3.4541616585899287e-09,-6.50426370748908e-10,2.5941745135094062e-08,-4.568131598210158e-10,-3.024253760330842e-09,-2.842173788954986e-12,10.000000003626253,7.924202100084607e-08,0.04992755344959976,0.0,0.0,0.0,0.0,-2.4940650090687922e-08,23.76972867166802,-0.0036328029818832874,-0.006169382948428392,0.017787212505936623,0.0055936602875590324,-0.02074848860502243,0.005326783750206232,,,,False,,,,True,OFFBOARD
9.552,TAKEOFF,False,-13.000000000178051,-5.999999999971939,0.053999967902596015,-4.448831386633754e-09,-1.0699693306584154e-09,2.4602868686995905e-08,-5.629620947574204e-10,-3.376844944672852e-09,-3.2429323684745474e-12,10.000000003626253,7.924202100084607e-08,0.04992755344959976,0.0,0.0,0.0,0.0,-2.4940650090687922e-08,23.769728671685872,-0.0027858989778906107,-0.007403729949146509,0.019406428560614586,0.006982725579291582,-0.02200637385249138,0.0055028717033565044,,,,False,,,,True,OFFBOARD
9.652,TAKEOFF,False,-13.000000000202753,-5.999999999962824,0.05399996907883256,-5.699033392744033e-10,-3.919013181982591e-10,3.437389229499211e-08,-7.34099889551651e-10,-3.817716512808893e-09,-3.6079008819925448e-12,10.000000003626253,7.924202100084607e-08,0.04992755344959976,0.0,0.0,0.0,0.0,-2.4940650090687922e-08,23.769728671707476,-0.0015523943584412336,-0.007871839217841625,0.019328715279698372,0.008373920805752277,-0.02297826297581196,0.004899387713521719,,,,False,,,,True,OFFBOARD
9.752,TAKEOFF,False,-13.000000000231799,-5.9999999999495355,0.05399997061693558,-7.81662542644771e-10,5.645908570763011e-11,3.4941246697728356e-08,-9.815086188198005e-10,-4.337090860540907e-09,-3.9947169955917215e-12,10.000000003626253,7.924202100084607e-08,0.04992755344959976,0.0,0.0,0.0,0.0,-2.4940650090687922e-08,23.769728671732228,0.00017203758761752397,-0.007803579326719046,0.01804085075855255,0.010629347525537014,-0.022376906126737595,0.0036093390081077814,,,,False,,,,True,OFFBOARD
9.852,TAKEOFF,False,-13.00000000029593,-5.999999999932003,0.05399997222138884,4.2178165349900834e-10,9.335049794935125e-10,3.8702312821548014e-08,-1.3056267400589822e-09,-5.4947522194911034e-09,-4.358866258779032e-12,10.000000003626253,7.924202100084607e-08,0.04992755344959976,0.0,0.0,0.0,0.0,-2.4940650090687922e-08,23.769728671789853,0.0016260974807664752,-0.008271599188446999,0.017291372641921043,0.010029027238488197,-0.02187604084610939,0.0030913727823644876,,,,False,,,,True,OFFBOARD
9.952,TAKEOFF,False,-13.00000000034267,-5.9999999999216165,0.05399997407189508,-6.595252234427553e-10,-8.386810872418114e-10,4.015599260809299e-08,-1.4994334901508915e-09,-6.336724073761654e-09,-4.70012403597738e-12,10.000000003626253,7.924202100084607e-08,0.04992755344959976,0.0,0.0,0.0,0.0,-2.4940650090687922e-08,23.769728671832457,0.003069031983613968,-0.009286767803132534,0.016702478751540184,0.010921147651970387,-0.02258077636361122,0.0016358444700017571,,,,False,,,,True,OFFBOARD
10.052,TAKEOFF,False,-13.000000000373614,-5.999999999905869,0.05399997627897505,-1.9103192839149157e-09,1.7644960670505025e-10,3.646189508654807e-08,-1.7907791079135151e-09,-6.8913880179412165e-09,-5.0429320570601034e-12,10.000000003626253,7.924202100084607e-08,0.04992755344959976,0.0,0.0,0.0,0.0,-2.4940650090687922e-08,23.769728671858424,0.003938119858503342,-0.009188778698444366,0.016226261854171753,0.01157804299145937,-0.021855246275663376,0.0001268919004360214,,,,False,,,,True,OFFBOARD
10.152,TAKEOFF,False,-13.000000000405581,-5.999999999873663,0.05399997880076754,1.4175388816550588e-09,1.9791559513132839e-10,4.543348039526274e-08,-2.38108213468799e-09,-7.464773697517102e-09,-5.374668860811909e-12,10.000000003626253,7.924202100084607e-08,0.04992755344959976,0.0,0.0,0.0,0.0,-2.4940650090687922e-08,23.76972867188123,0.004472766071557999,-0.008210485801100731,0.015427733771502972,0.01106263417750597,-0.02019326575100422,-4.0410035580862314e-05,,,,False,,,,True,OFFBOARD
10.252,TAKEOFF,False,-13.000000000471504,-5.999999999842096,0.05399998174655952,4.212312245084483e-10,9.2302177026538e-10,4.756038609443625e-08,-2.9596900823280722e-09,-8.655436867518329e-09,-5.70611352326465e-12,10.000000003626253,7.924202100084607e-08,0.04992755344959976,0.0,0.0,0.0,0.0,-2.4940650090687922e-08,23.769728671937045,0.005175089463591576,-0.006485927850008011,0.013808164745569229,0.011563200503587723,-0.017997734248638153,-0.00027002376737073064,,,,False,,,,True,OFFBOARD
10.352,TAKEOFF,False,-13.000000000538533,-5.999999999815616,0.053999984920751566,3.992641444138321e-11,-6.949549495845458e-11,4.279352553310245e-08,-3.445308705171101e-09,-9.866891344491613e-09,-6.008408845879387e-12,10.000000003626253,7.924202100084607e-08,0.04992755344959976,0.0,0.0,0.0,0.0,-2.4940650090687922e-08,23.769728671995225,0.006187478080391884,-0.0040094489231705666,0.011408231221139431,0.011687826365232468,-0.015810653567314148,-0.002025315538048744,,,,False,,,,True,OFFBOARD
10.452,TAKEOFF,False,-13.000000000604496,-5.999999999785154,0.05399998850891021,-1.9424627254602296e-09,-1.070358797137128e-10,4.4117360091022736e-08,-4.003044224885028e-09,-1.1059250600769189e-08,-6.293275099243453e-12,10.000000003626253,7.924202100084607e-08,0.04992755344959976,0.0,0.0,0.0,0.0,-2.4940650090687922e-08,23.769728672051365,0.007111473008990288,-0.0026080503594130278,0.009652487933635712,0.01179076824337244,-0.014804267324507236,-0.004060013219714165,,,,False,,,,True,OFFBOARD
10.552,TAKEOFF,False,-13.000000000675051,-5.9999999997630145,0.053999991962200525,-8.863893829153298e-10,-2.224952904421904e-10,2.3631726108142015e-08,-4.408913684387541e-09,-1.2335576049996766e-08,-6.5491491771742904e-12,10.000000003626253,7.924202100084607e-08,0.04992755344959976,0.0,0.0,0.0,0.0,-2.4940650090687922e-08,23.76972867211405,0.00821186974644661,-0.0018768340814858675,0.00819103978574276,0.012558193877339363,-0.014434725046157837,-0.005107619799673557,,,,False,,,,True,OFFBOARD
10.652,TAKEOFF,False,-13.000000000721098,-5.999999999728454,0.05399999315813318,-1.4482954819034302e-11,1.1990120218841474e-10,1.3850427861561432e-08,-5.040545569234879e-09,-1.3166130732210189e-08,-6.805085196500518e-12,10.000000003626253,7.924202100084607e-08,0.04992755344959976,0.0,0.0,0.0,0.0,-2.4940650090687922e-08,23.769728672149874,0.008168919943273067,8.349100244231522e-05,0.006516346707940102,0.013371421955525875,-0.011676398105919361,-0.006763890851289034,,,,False,,,,True,OFFBOARD
10.752,TAKEOFF,False,-13.000000000717424,-5.999999999804603,0.053999994332298705,2.271284406627771e-09,-8.389007550975975e-10,2.0619018911205434e-08,-3.6589937450001667e-09,-1.3092866031762561e-08,-7.05102984395513e-12,10.000000003626253,7.924202100084607e-08,0.04992755344959976,0.0,0.0,0.0,0.0,-2.4940650090687922e-08,23.76972867216554,0.0073094977997243404,0.003304545534774661,0.0045099444687366486,0.012801640667021275,-0.008719263598322868,-0.008640600368380547,,,,False,,,,True,OFFBOARD
10.852,TAKEOFF,False,-13.000000000762865,-5.99999999984679,0.05399999542395906,-1.0036451827341268e-09,-1.181281237206325e-09,1.1760696995877229e-08,-2.894695268274377e-09,-1.3912635315150097e-08,-7.287671245462051e-12,10.000000003626253,7.924202100084607e-08,0.04992755344959976,0.0,0.0,0.0,0.0,-2.4940650090687922e-08,23.76972867222016,0.0069245328195393085,0.005410782061517239,0.003109430428594351,0.011760088615119457,-0.006855821702629328,-0.010271504521369934,,,,False,,,,True,OFFBOARD
10.952,TAKEOFF,False,-13.000000000836662,-5.999999999774833,0.05399999676991702,-2.318379484329172e-09,6.717114042844674e-09,2.4541683554979432e-08,-4.205486348117162e-09,-1.5247848797219393e-08,-7.516275525438667e-12,10.000000003626253,7.924202100084607e-08,0.04992755344959976,0.0,0.0,0.0,0.0,-2.4940650090687922e-08,23.769728672273406,0.006790099665522575,0.006992309354245663,0.002339345868676901,0.010866498574614525,-0.005440987646579742,-0.011698306538164616,,,,False,,,,True,OFFBOARD
11.052,TAKEOFF,False,-13.000002185324432,-6.000000000678446,0.054009330902454904,-0.00019648897765314876,-2.418019612824864e-08,0.0008394688870709368,1.2167401493265979e-08,-3.972947292693518e-05,-1.6465495809698076e-11,10.000000003626253,7.924202100084607e-08,0.04992755344959976,0.0,0.0,0.0,0.0,-2.4940650090687922e-08,23.769730786249596,0.006305622402578592,0.007537646684795618,0.0015927592758089304,0.009873217903077602,-0.004524588584899902,-0.013008849695324898,,,,False,,,,True,OFFBOARD
11.152,TAKEOFF,False,-13.000176765834748,-6.000003531195559,0.054765027625766946,-0.0035171405657423247,-0.00028063077141538635,0.016011243780861675,6.350059187397236e-05,-0.00319315447441942,-1.691765698376727e-07,10.000000003626253,7.924202100084607e-08,0.04992755344959976,0.0,0.0,0.0,0.0,-2.4940650090687922e-08,23.7699006045822,0.005565024446696043,0.007366757374256849,0.0012992784613743424,0.006523782387375832,-0.004278966225683689,-0.003649558173492551,,,,False,,,,True,OFFBOARD
11.252,TAKEOFF,False,-13.000715417611065,-6.00016593452638,0.057643658940034016,-0.007463856996633262,-0.002897184969083214,0.04154108425782258,0.003214556243885767,-0.012309677986688647,5.057641882242581e-05,10.000000003626253,7.924202100084607e-08,0.04992755344959976,0.0,0.0,0.0,0.0,-2.4940650090687922e-08,23.770462807474438,0.004828328732401133,0.006950252689421177,0.00271178362891078,0.0027951395604759455,-0.005475853104144335,0.02025565877556801,,,,False,,,,True,OFFBOARD
11.352,TAKEOFF,False,-13.00179497151384,-6.000555031688391,0.06324696157949287,-0.014236272258110852,-0.004682677910043554,0.06907187398341447,0.013274745087451762,-0.0261812751998066,0.0008330703558514853,10.000000003626253,7.924202100084607e-08,0.04992755344959976,0.0,0.0,0.0,0.0,-2.4940650090687922e-08,23.77160561926125,0.004003031179308891,0.0063215624541044235,0.0062441290356218815,-0.0023998834658414125,-0.006570409517735243,0.04454983398318291,,,,False,,,,True,OFFBOARD
11.452,TAKEOFF,False,-13.004024787215466,-6.001353709657328,0.07133816144592174,-0.03640523419810549,-0.016226667268608816,0.08968829810857959,0.030104122819967983,-0.04391294963227985,0.0021835907385406067,10.000000003626253,7.924202100084607e-08,0.04992755344959976,0.0,0.0,0.0,0.0,-2.4940650090687922e-08,23.773964832925888,0.002221076050773263,0.005895138252526522,0.011922692880034447,-0.015156669542193413,-0.009633725509047508,0.06466636061668396,,,,False,,,,True,OFFBOARD
11.552,TAKEOFF,False,-13.010119425467805,-6.004774904488848,0.08148479952746841,-0.08523122159719708,-0.05273994962414038,0.11466286953060616,0.041883440197093176,-0.05421920060014482,0.002570001726388052,10.000000003626253,7.924202100084607e-08,0.04992755344959976,0.0,0.0,0.0,0.0,-2.4940650090687922e-08,23.780725782583087,-0.00310286576859653,0.00401074206456542,0.019963210448622704,-0.06438501179218292,-0.03930019214749336,0.08545984327793121,,,,False,,,,True,OFFBOARD
11.652,TAKEOFF,False,-13.021245256437133,-6.012130855246203,0.0948538634016455,-0.1336170538469616,-0.09173989597345514,0.15315611174489113,0.03641490492332936,-0.04521779145952007,0.0030768734048579978,10.000000003626253,7.924202100084607e-08,0.04992755344959976,0.0,0.0,0.0,0.0,-2.4940650090687922e-08,23.793348896223524,-0.012595352716743946,-0.0012412478681653738,0.029950277879834175,-0.114115409553051,-0.0748966634273529,0.11800578981637955,,,,False,,,,True,OFFBOARD
11.752,TAKEOFF,False,-13.036460001392015,-6.022865762539077,0.1125657846811227,-0.16618779081201762,-0.11946996496761711,0.19989983623321067,0.023649736864056577,-0.02793137463770835,0.0034951160850409313,10.000000003626253,7.924202100084607e-08,0.04992755344959976,0.0,0.0,0.0,0.0,-2.4940650090687922e-08,23.81078332417688,-0.027356313541531563,-0.010551514104008675,0.0450439490377903,-0.15306195616722107,-0.10431020706892014,0.16450847685337067,,,,False,,,,True,OFFBOARD
11.852,TAKEOFF,False,-13.053972386886382,-6.0356474490579775,0.13508202139441913,-0.18092207992377826,-0.13361515544485994,0.24846564628214957,0.012851334400797571,-0.013862261169176798,0.003554189069274117,10.000000003626253,7.924202100084607e-08,0.04992755344959976,0.0,0.0,0.0,0.0,-2.4940650090687922e-08,23.83096061992451,-0.04378007724881172,-0.02168995328247547,0.06416120380163193,-0.17136156558990479,-0.12076697498559952,0.21475687623023987,,,,False,,,,True,OFFBOARD
11.952,TAKEOFF,False,-13.072302609439785,-6.049312492479175,0.16244177778256097,-0.1843154439484012,-0.13834246843207945,0.2968545815802702,0.006469934519293098,-0.006860778421628425,0.0033825985251644953,10.000000003626253,7.924202100084607e-08,0.04992755344959976,0.0,0.0,0.0,0.0,-2.4940650090687922e-08,23.8521556774074,-0.0592116117477417,-0.032693490386009216,0.08577176183462143,-0.17401158809661865,-0.12484833598136902,0.25872570276260376,,,,False,,,,True,OFFBOARD
12.052,TAKEOFF,False,-13.090686730785443,-6.063168042405716,0.1946226795494063,-0.18300465928826024,-0.1382625925570108,0.3445387199644943,0.0035202109532125685,-0.004368131719419991,0.0031822395249714508,10.000000003626253,7.924202100084607e-08,0.04992755344959976,0.0,0.0,0.0,0.0,-2.4940650090687922e-08,23.87345432772773,-0.07483629137277603,-0.04416388273239136,0.11211036890745163,-0.17154435813426971,-0.12430491298437119,0.3038085401058197,,,,False,,,,True,OFFBOARD
12.152,TAKEOFF,False,-13.108844385001726,-6.076884957497548,0.23145113352336155,-0.18005898580652493,-0.13589686971709264,0.3897541155679609,0.0018365092420230575,-0.0030367675889210084,0.0030094544261207576,10.000000003626253,7.924202100084607e-08,0.04992755344959976,0.0,0.0,0.0,0.0,-2.4940650090687922e-08,23.89450189327185,-0.09161686152219772,-0.05659446492791176,0.14654262363910675,-0.1662348359823227,-0.12073283642530441,0.3500012159347534,,,,False,,,,True,OFFBOARD
12.252,TAKEOFF,False,-13.126639528333218,-6.090287012956689,0.27267060142323235,-0.17576443790642335,-0.13205914121247414,0.4324784866242252,0.0003084161408839402,-0.0014089249350434977,0.0028009824424986137,10.000000003626253,7.924202100084607e-08,0.04992755344959976,0.0,0.0,0.0,0.0,-2.4940650090687922e-08,23.915121845949116,-0.1088293194770813,-0.06849770247936249,0.18296827375888824,-0.16168199479579926,-0.11715808510780334,0.39087092876434326,,,,False,,,,True,OFFBOARD
12.352,TAKEOFF,False,-13.143916436311358,-6.103227724300902,0.31803621442441543,-0.16965077254805971,-0.12671631432377617,0.47275564608678766,-0.001359552911478226,0.0009417434366274164,0.00262821906613613,10.000000003626253,7.924202100084607e-08,0.04992755344959976,0.0,0.0,0.0,0.0,-2.4940650090687922e-08,23.935126024334064,-0.12851785123348236,-0.08145566284656525,0.22716468572616577,-0.15617315471172333,-0.11286307871341705,0.43222784996032715,,,,False,,,,True,OFFBOARD
12.452,TAKEOFF,False,-13.16046219181376,-6.115551932860122,0.36730213615750446,-0.1612495836787888,-0.1197752889717825,0.5107354012855368,-0.0031505030591851705,0.003219834910013797,0.0024651009720716805,10.000000003626253,7.924202100084607e-08,0.04992755344959976,0.0,0.0,0.0,0.0,-2.4940650090687922e-08,23.954268628349574,-0.14664822816848755,-0.09384534507989883,0.27555015683174133,-0.1471686214208603,-0.10858216881752014,0.470796138048172,,,,False,,,,True,OFFBOARD
12.552,TAKEOFF,False,-13.176077819228269,-6.127105694151948,0.4202629363663071,-0.15127212220085284,-0.11145459326688327,0.5466658949617689,-0.004471010620392547,0.004653282142095264,0.002296315404974777,10.000000003626253,7.924202100084607e-08,0.04992755344959976,0.0,0.0,0.0,0.0,-2.4940650090687922e-08,23.972317543561925,-0.16189241409301758,-0.10467369854450226,0.3239073157310486,-0.1363241970539093,-0.10301947593688965,0.504703938961029,,,,False,,,,True,OFFBOARD
12.652,TAKEOFF,False,-13.190655565129601,-6.137780941105924,0.4767072735934664,-0.1407047310827924,-0.10231207453379504,0.5805845927215211,-0.0053754867320573866,0.005058153130568815,0.002078524933397322,10.000000003626253,7.924202100084607e-08,0.04992755344959976,0.0,0.0,0.0,0.0,-2.4940650090687922e-08,23.989140492364672,-0.1766764521598816,-0.11570540070533752,0.3746926486492157,-0.1258992701768875,-0.09721674770116806,0.5359816551208496,,,,False,,,,True,OFFBOARD
12.752,TAKEOFF,False,-13.204184366293026,-6.147516834866764,0.5364939578000549,-0.130305744354765,-0.09272371267398602,0.6136696153551883,-0.0060663211907029495,0.005338135695592859,0.0018468632179053119,10.000000003626253,7.924202100084607e-08,0.04992755344959976,0.0,0.0,0.0,0.0,-2.4940650090687922e-08,24.004710714408947,-0.19200867414474487,-0.12749198079109192,0.4322756826877594,-0.1154308095574379,-0.0890122726559639,0.5687139630317688,,,,False,,,,True,OFFBOARD
12.852,TAKEOFF,False,-13.216672282112555,-6.156280544219573,0.5995264244203714,-0.11985113143844879,-0.08293899600861836,0.6454360777530128,-0.006451158247040269,0.005806582677417683,0.001643146075446699,10.000000003626253,7.924202100084607e-08,0.04992755344959976,0.0,0.0,0.0,0.0,-2.4940650090687922e-08,24.019027106404646,-0.20448093116283417,-0.1372116655111313,0.4890285134315491,-0.10514330118894577,-0.08209443837404251,0.5987416505813599,,,,False,,,,True,OFFBOARD
12.952,TAKEOFF,False,-13.228112822501483,-6.164064740125837,0.6656395695134258,-0.10938374948461539,-0.07313814166300472,0.6753470972636616,-0.0067646762136398635,0.006140939509810307,0.0014571592803135224,10.000000003626253,7.924202100084607e-08,0.04992755344959976,0.0,0.0,0.0,0.0,-2.4940650090687922e-08,24.032081070117258,-0.21633946895599365,-0.14657896757125854,0.5541642904281616,-0.0939328521490097,-0.07330425083637238,0.629282534122467,,,,False,,,,True,OFFBOARD
13.052,TAKEOFF,False,-13.238512242049456,-6.170878587032963,0.7346587969878894,-0.09908267596988363,-0.06361051130626762,0.7035748373625453,-0.00660292654308614,0.0061311486847151885,0.0012503844268357356,10.000000003626253,7.924202100084607e-08,0.04992755344959976,0.0,0.0,0.0,0.0,-2.4940650090687922e-08,24.043880612461617,-0.2269888073205948,-0.15388481318950653,0.6174867749214172,-0.08283594995737076,-0.06519965082406998,0.6555042862892151,,,,False,,,,True,OFFBOARD
13.152,TAKEOFF,False,-13.247909281159682,-6.1767702679285525,0.8064240219539494,-0.08935868674146069,-0.054678415226450686,0.7304093651303472,-0.006357972926689433,0.0058693432153346685,0.0010763828357792057,10.000000003626253,7.924202100084607e-08,0.04992755344959976,0.0,0.0,0.0,0.0,-2.4940650090687922e-08,24.054475218456165,-0.23838718235492706,-0.1604471653699875,0.6884889006614685,-0.07267904281616211,-0.05741453543305397,0.6823970079421997,,,,False,,,,True,OFFBOARD
13.252,TAKEOFF,False,-13.256363078329246,-6.181798783042441,0.8807877741616474,-0.08014210042688667,-0.04630785102286783,0.7556355272245207,-0.006202417176822482,0.005858489399146611,0.0009136290322083035,10.000000003626253,7.924202100084607e-08,0.04992755344959976,0.0,0.0,0.0,0.0,-2.4940650090687922e-08,24.063936938362435,-0.24717123806476593,-0.16584336757659912,0.7563832998275757,-0.0635189339518547,-0.050991177558898926,0.7060470581054688,,,,False,,,,True,OFFBOARD
13.352,TAKEOFF,False,-13.263913602208323,-6.186012817127063,0.9576129515600895,-0.07129509277978213,-0.03837678721401732,0.7797490230852654,-0.005995145513280422,0.0057602619562857746,0.0007118651281041102,10.000000003626253,7.924202100084607e-08,0.04992755344959976,0.0,0.0,0.0,0.0,-2.4940650090687922e-08,24.072316710565676,-0.2549824118614197,-0.17090944945812225,0.8327621817588806,-0.052758652716875076,-0.04386712610721588,0.7312618494033813,,,,False,,,,True,OFFBOARD
13.452,TAKEOFF,False,-13.270855934970479,-6.1895843244731195,1.0399831986959747,-0.0626772002732774,-0.03067796029760145,0.8030072463490747,-0.005866170640799993,0.005337979584731792,0.0005070709970411967,10.000000003626253,7.924202100084607e-08,0.04992755344959976,0.0,0.0,0.0,0.0,-2.4940650090687922e-08,24.07994375420417,-0.26036718487739563,-0.1759917289018631,0.9074931144714355,-0.04303698241710663,-0.03886844962835312,0.7531377077102661,,,,False,,,,True,OFFBOARD
13.552,TAKEOFF,False,-13.27651203730944,-6.192187597422928,1.1180136198438524,-0.055630171488803726,-0.02387868211938203,0.821395237797437,-0.005899038667504104,0.004547269913648798,0.00034617769744641483,10.000000003626253,7.924202100084607e-08,0.04992755344959976,0.0,0.0,0.0,0.0,-2.4940650090687922e-08,24.086078987972815,-0.2645111083984375,-0.181562602519989,0.9926924109458923,-0.03310096636414528,-0.03286072239279747,0.7746564149856567,,,,False,,,,True,OFFBOARD
13.652,TAKEOFF,False,-13.281741922512706,-6.194216891723542,1.2010584785671505,-0.0493925572050921,-0.017018396466762058,0.8385552260420538,-0.005943221749573802,0.0037611973286757893,0.00020969487125394802,10.000000003626253,7.924202100084607e-08,0.04992755344959976,0.0,0.0,0.0,0.0,-2.4940650090687922e-08,24.091654799924694,-0.2673214077949524,-0.18576326966285706,1.0725367069244385,-0.02496621198952198,-0.027694357559084892,0.7922519445419312,,,,False,,,,True,OFFBOARD
13.752,TAKEOFF,False,-13.286398967965821,-6.195571638247806,1.2857466186122644,-0.044079400351915696,-0.010383535925248214,0.8544660925504651,-0.005919951850083475,0.003297403270684418,6.522828383171156e-05,10.000000003626253,7.924202100084607e-08,0.04992755344959976,0.0,0.0,0.0,0.0,-2.4940650090687922e-08,24.096503604687637,-0.26954856514930725,-0.1894489824771881,1.1601858139038086,-0.019030092284083366,-0.02236052043735981,0.8097894191741943,,,,False,,,,True,OFFBOARD
13.852,TAKEOFF,False,-13.290703136469354,-6.196296617982804,1.3754851712031466,-0.038912562856344333,-0.0038871295038691947,0.8706629640200708,-0.0056788815451499315,0.003358928440100197,-0.00012261463853454366,10.000000003626253,7.924202100084607e-08,0.04992755344959976,0.0,0.0,0.0,0.0,-2.4940650090687922e-08,24.100849477147037,-0.2724522650241852,-0.19109143316745758,1.2430729866027832,-0.01343354769051075,-0.01613173447549343,0.8249098062515259,,,,False,,,,True,OFFBOARD
13.952,TAKEOFF,False,-13.294203494181778,-6.196394524648353,1.4597842699077057,-0.03420173852010299,0.0014991475138441865,0.8848899578579594,-0.005137476523996385,0.0035688417336476107,-0.00029389983859480024,10.000000003626253,7.924202100084607e-08,0.04992755344959976,0.0,0.0,0.0,0.0,-2.4940650090687922e-08,24.10425735600277,-0.2759966254234314,-0.19137436151504517,1.3349649906158447,-0.008304324932396412,-0.010480784811079502,0.8397189974784851,,,,False,,,,True,OFFBOARD
14.052,TAKEOFF,False,-13.297365600203706,-6.1959835616712775,1.549024647144984,-0.029237881176701466,0.006423236229897383,0.8992537418075419,-0.0047119251905034494,0.0037538899978533657,-0.0004046118650980073,10.000000003626253,7.924202100084607e-08,0.04992755344959976,0.0,0.0,0.0,0.0,-2.4940650090687922e-08,24.10720758107385,-0.27823495864868164,-0.19138124585151672,1.4270446300506592,-0.001613589352928102,-0.004765814170241356,0.8551958203315735,,,,False,,,,True,OFFBOARD
14.152,TAKEOFF,False,-13.300036561128906,-6.195111589220642,1.6396750947256067,-0.024437530219106954,0.010747077941069468,0.9131864926380772,-0.004323496147477342,0.003562055217165961,-0.000529521460871679,10.000000003626253,7.924202100084607e-08,0.04992755344959976,0.0,0.0,0.0,0.0,-2.4940650090687922e-08,24.10956475143526,-0.2792404890060425,-0.19111041724681854,1.5127159357070923,0.0038122176192700863,-0.0003719438973348588,0.8688737750053406,,,,False,,,,True,OFFBOARD
14.252,TAKEOFF,False,-13.30225136910867,-6.193832916539025,1.731729759637624,-0.02012196194025152,0.01460656323844309,0.9274216013824436,-0.004100199417548196,0.0032240343613920835,-0.0006604681829710692,10.000000003626253,7.924202100084607e-08,0.04992755344959976,0.0,0.0,0.0,0.0,-2.4940650090687922e-08,24.111376696857285,-0.2823394238948822,-0.19052818417549133,1.5991125106811523,0.007759890053421259,0.002502064686268568,0.8822401165962219,,,,False,,,,True,OFFBOARD
14.352,TAKEOFF,False,-13.30405431833637,-6.192184165412681,1.8252008727140745,-0.01610122925002583,0.018196701647168058,0.941327851566423,-0.00407766713333518,0.0033573691768942274,-0.0008048895429168372,10.000000003626253,7.924202100084607e-08,0.04992755344959976,0.0,0.0,0.0,0.0,-2.4940650090687922e-08,24.11269569253373,-0.2870418429374695,-0.1895781308412552,1.6941295862197876,0.00991684291511774,0.005984738003462553,0.896934986114502,,,,False,,,,True,OFFBOARD
14.452,TAKEOFF,False,-13.305448272565917,-6.190184737671032,1.9200460597629527,-0.011891003600928731,0.021627942982269166,0.9550533510548462,-0.004061561325383798,0.0038055996095570804,-0.0009946480116749849,10.000000003626253,7.924202100084607e-08,0.04992755344959976,0.0,0.0,0.0,0.0,-2.4940650090687922e-08,24.11352955130811,-0.2896800637245178,-0.1885632872581482,1.7828880548477173,0.014120383188128471,0.008591067045927048,0.9101461172103882,,,,False,,,,True,OFFBOARD
14.552,TAKEOFF,False,-13.306411321820637,-6.187847062012389,2.016258973365951,-0.00757429721209642,0.02499951587899486,0.9685099460530101,-0.004237807972148242,0.0037843411330575993,-0.0011536682119142258,10.000000003626253,7.924202100084607e-08,0.04992755344959976,0.0,0.0,0.0,0.0,-2.4940650090687922e-08,24.113860352802273,-0.2908540368080139,-0.18732638657093048,1.8806968927383423,0.019461356103420258,0.011356506496667862,0.9246671795845032,,,,False,,,,True,OFFBOARD
14.652,TAKEOFF,False,-13.306975051640796,-6.185054146549201,2.1176782468151756,-0.0035615860322253247,0.028557285355537174,0.9812569044034766,-0.004287291144647587,0.0031766227026429152,-0.0012702187855689188,10.000000003626253,7.924202100084607e-08,0.04992755344959976,0.0,0.0,0.0,0.0,-2.4940650090687922e-08,24.11368868511863,-0.29168078303337097,-0.18597903847694397,1.9726357460021973,0.023083478212356567,0.01376381330192089,0.9370107650756836,,,,False,,,,True,OFFBOARD
14.752,TAKEOFF,False,-13.307162037649483,-6.182025239842665,2.2164218891545837,-0.00034219069454101945,0.03189391492384808,0.9930516109206561,-0.004411567208760835,0.003090730006856561,-0.0013406838061657761,10.000000003626253,7.924202100084607e-08,0.04992755344959976,0.0,0.0,0.0,0.0,-2.4940650090687922e-08,24.113092698036244,-0.2924386262893677,-0.18439322710037231,2.0735411643981934,0.025386767461895943,0.016625551506876945,0.9499443173408508,,,,False,,,,True,OFFBOARD
14.852,TAKEOFF,False,-13.307026730075865,-6.178665085032314,2.3162889538979727,0.002948748540397533,0.03515441408809495,1.0037456010248833,-0.004394228972866289,0.0033605226527679377,-0.0014456463041488518,10.000000003626253,7.924202100084607e-08,0.04992755344959976,0.0,0.0,0.0,0.0,-2.4940650090687922e-08,24.11210066289792,-0.2920372188091278,-0.18273060023784637,2.167719602584839,0.027851058170199394,0.018442945554852486,0.9605974555015564,,,,False,,,,True,OFFBOARD
14.952,TAKEOFF,False,-13.306556492352977,-6.1749842765678915,2.417212368366038,0.006332189383324812,0.03833523540860122,1.014287206359701,-0.0045168750749633125,0.0035224954268612534,-0.0015646697560969152,10.000000003626253,7.924202100084607e-08,0.04992755344959976,0.0,0.0,0.0,0.0,-2.4940650090687922e-08,24.11070317296385,-0.29061105847358704,-0.1807985007762909,2.270782709121704,0.03070009872317314,0.019863445311784744,0.9706111550331116,,,,False,,,,True,OFFBOARD
15.052,TAKEOFF,False,-13.3057873807211,-6.171149364076836,2.5150930418591835,0.009528496645670367,0.041425867502683594,1.024426423984431,-0.004602261894709211,0.0034768561705533444,-0.001660656562406356,10.000000003626253,7.924202100084607e-08,0.04992755344959976,0.0,0.0,0.0,0.0,-2.4940650090687922e-08,24.10897781027182,-0.29024791717529297,-0.17844174802303314,2.368972063064575,0.03228507563471794,0.022709978744387627,0.9807244539260864,,,,False,,,,True,OFFBOARD
15.152,TAKEOFF,False,-13.304664093724506,-6.1668461162957,2.617987384858784,0.01287754866002583,0.04446070167397664,1.0326705221175818,-0.004425378532519545,0.0040641497014754615,-0.0017182976586794616,10.000000003626253,7.924202100084607e-08,0.04992755344959976,0.0,0.0,0.0,0.0,-2.4940650090687922e-08,24.10679075882494,-0.2908095717430115,-0.17535360157489777,2.4777352809906006,0.03129349648952484,0.025874726474285126,0.9914873838424683,,,,False,,,,True,OFFBOARD
15.252,TAKEOFF,False,-13.303168251798736,-6.162255033752112,2.721600856244405,0.017021966464658554,0.047206547303204026,1.0391949149214041,-0.004280064910440203,0.005065891454925882,-0.0018410704620705964,10.000000003626253,7.924202100084607e-08,0.04992755344959976,0.0,0.0,0.0,0.0,-2.4940650090687922e-08,24.104170568975597,-0.29040417075157166,-0.1724001169204712,2.577995777130127,0.03309404477477074,0.027749793604016304,0.998308002948761,,,,False,,,,True,OFFBOARD
15.352,TAKEOFF,False,-13.301220739056353,-6.157399617218007,2.8258413471448,0.02178598038314226,0.04981393288166326,1.0454067934236908,-0.004449361846726711,0.005501937946538405,-0.0019663785171465725,10.000000003626253,7.924202100084607e-08,0.04992755344959976,0.0,0.0,0.0,0.0,-2.4940650090687922e-08,24.101046846997914,-0.28894755244255066,-0.1691897064447403,2.686657667160034,0.036130793392658234,0.02899305708706379,1.004885196685791,,,,False,,,,True,OFFBOARD
15.452,TAKEOFF,False,-13.298686926713135,-6.152064601209257,2.9349282770914233,0.02669254866112174,0.05269904916615009,1.0521175187744944,-0.004674152547720561,0.005375564825740051,-0.0020499960421251394,10.000000003626253,7.924202100084607e-08,0.04992755344959976,0.0,0.0,0.0,0.0,-2.4940650090687922e-08,24.097234540719054,-0.28939926624298096,-0.1642792969942093,2.7970335483551025,0.03655259683728218,0.03287535905838013,1.012313723564148,,,,False,,,,True,OFFBOARD
15.552,TAKEOFF,False,-13.2957805439744,-6.146655538502067,3.040444032282051,0.031347045127262566,0.05524462096254423,1.0578773909426953,-0.003937569771777636,0.006171641576464291,-0.0021130210643490574,10.000000003626253,7.924202100084607e-08,0.04992755344959976,0.0,0.0,0.0,0.0,-2.4940650090687922e-08,24.093043946440513,-0.2912692725658417,-0.15837743878364563,2.899674415588379,0.03126497566699982,0.03934118524193764,1.0174155235290527,,,,False,,,,True,OFFBOARD
15.652,TAKEOFF,False,-13.292497647931384,-6.141277315546425,3.1422863264420977,0.03710476337067009,0.05655025568424383,1.0636383574268093,-0.0028089332732365384,0.008126377483176538,-0.0021756003345030856,10.000000003626253,7.924202100084607e-08,0.04992755344959976,0.0,0.0,0.0,0.0,-2.4940650090687922e-08,24.088497979067892,-0.2924130856990814,-0.15250875055789948,3.0015335083007812,0.029743948951363564,0.0426010861992836,1.0230622291564941,,,,False,,,,True,OFFBOARD
15.752,TAKEOFF,False,-13.28840460684107,-6.135597969584309,3.248978428344589,0.04458877663944775,0.05688567887052873,1.0699255863715598,-0.0020349457909610924,0.009132922401030598,-0.002217511167433879,10.000000003626253,7.924202100084607e-08,0.04992755344959976,0.0,0.0,0.0,0.0,-2.4940650090687922e-08,24.083092673442035,-0.2925039827823639,-0.14633643627166748,3.1115164756774902,0.03282040357589722,0.04513628035783768,1.0308605432510376,,,,False,,,,True,OFFBOARD
15.852,TAKEOFF,False,-13.283554498157338,-6.129920980546775,3.3562858167004306,0.051956338024203366,0.05657964476073749,1.076041456188977,-0.0015084346293493917,0.008453686051092405,-0.002296303854645246,10.000000003626253,7.924202100084607e-08,0.04992755344959976,0.0,0.0,0.0,0.0,-2.4940650090687922e-08,24.076956668914143,-0.2917962074279785,-0.14150065183639526,3.214254856109619,0.03591516986489296,0.04571029543876648,1.0367032289505005,,,,False,,,,True,OFFBOARD
15.952,TAKEOFF,False,-13.278032751890152,-6.12429722934992,3.4642137351083813,0.058007331484690054,0.05592616239021703,1.0823315830401172,-0.0015159815823551491,0.007382587763219391,-0.002360130314463786,10.000000003626253,7.924202100084607e-08,0.04992755344959976,0.0,0.0,0.0,0.0,-2.4940650090687922e-08,24.070185427015748,-0.2904374897480011,-0.13733996450901031,3.326685667037964,0.03737585246562958,0.04286212846636772,1.0421226024627686,,,,False,,,,True,OFFBOARD
16.052,TAKEOFF,False,-13.271964189844212,-6.118724239061342,3.5727741237996775,0.0630374083896113,0.055646753926593136,1.088475079614438,-0.0020568564430005058,0.006816517964072936,-0.0024668999432304896,10.000000003626253,7.924202100084607e-08,0.04992755344959976,0.0,0.0,0.0,0.0,-2.4940650090687922e-08,24.062898925640038,-0.2883106470108032,-0.13376040756702423,3.431260585784912,0.03989395126700401,0.04144249111413956,1.0486624240875244,,,,False,,,,True,OFFBOARD
16.152,TAKEOFF,False,-13.265161384845854,-6.112926628411939,3.6862782355510495,0.06748966659718796,0.055925325371369676,1.0939791326998922,-0.002521845493737736,0.006284415573233023,-0.002599044592010751,10.000000003626253,7.924202100084607e-08,0.04992755344959976,0.0,0.0,0.0,0.0,-2.4940650090687922e-08,24.054845818770122,-0.28519952297210693,-0.13001126050949097,3.545109748840332,0.04131924733519554,0.040626514703035355,1.0541181564331055,,,,False,,,,True,OFFBOARD
16.252,TAKEOFF,False,-13.25821674043102,-6.107309162689572,3.795934674949813,0.07116482292297323,0.056378654805695975,1.0986769409796404,-0.002363524861781074,0.005879535791879484,-0.0027400237951563018,10.000000003626253,7.924202100084607e-08,0.04992755344959976,0.0,0.0,0.0,0.0,-2.4940650090687922e-08,24.04670190047128,-0.28052300214767456,-0.1254194974899292,3.6521291732788086,0.04493378847837448,0.042093511670827866,1.0597755908966064,,,,False,,,,True,OFFBOARD
16.352,TAKEOFF,False,-13.251233168888835,-6.101892003507896,3.9015438892601364,0.07408720283308831,0.05635905996028224,1.1012859446854262,-0.0016454424610623207,0.005269765669036665,-0.002842988731817074,10.000000003626253,7.924202100084607e-08,0.04992755344959976,0.0,0.0,0.0,0.0,-2.4940650090687922e-08,24.038571734447785,-0.2739025354385376,-0.11937324702739716,3.769259452819824,0.04747103154659271,0.044962648302316666,1.0628135204315186,,,,False,,,,True,OFFBOARD
16.452,TAKEOFF,False,-13.243702401246555,-6.096294531084704,4.0118151691979875,0.07629090914872229,0.055451734042172816,1.1040989231496405,-0.0006472994120057513,0.00447273532065145,-0.002913742221749188,10.000000003626253,7.924202100084607e-08,0.04992755344959976,0.0,0.0,0.0,0.0,-2.4940650090687922e-08,24.02986702964019,-0.2658684253692627,-0.11300285160541534,3.8771820068359375,0.051878608763217926,0.045902203768491745,1.0656028985977173,,,,False,,,,True,OFFBOARD
16.552,TAKEOFF,False,-13.236003672948689,-6.090833242210018,4.122369388345059,0.07739853242182612,0.0537542062083174,1.1069335762522354,-9.179588293060113e-05,0.0031190277983910164,-0.0029853348519989133,10.000000003626253,7.924202100084607e-08,0.04992755344959976,0.0,0.0,0.0,0.0,-2.4940650090687922e-08,24.021034894598415,-0.25546106696128845,-0.10561908036470413,3.9941210746765137,0.05665532872080803,0.04681600630283356,1.068307638168335,,,,False,,,,True,OFFBOARD
16.652,TAKEOFF,False,-13.227965023448478,-6.085355851731815,4.2376555568066445,0.0769514109175341,0.05159797741028474,1.1101063125833464,0.0003519607699943109,0.0017047226867675771,-0.003062288857373297,10.000000003626253,7.924202100084607e-08,0.04992755344959976,0.0,0.0,0.0,0.0,-2.4940650090687922e-08,24.011870316692228,-0.24559487402439117,-0.09879723191261292,4.110620498657227,0.058591194450855255,0.04783044382929802,1.0717817544937134,,,,False,,,,True,OFFBOARD
16.752,TAKEOFF,False,-13.220642874959971,-6.080517713434952,4.344386694517743,0.0755644230540435,0.04924099809863978,1.1134198415721592,0.000760696684081481,0.0011506189859735467,-0.0031296527038997307,10.000000003626253,7.924202100084607e-08,0.04992755344959976,0.0,0.0,0.0,0.0,-2.4940650090687922e-08,24.003561242488548,-0.23706522583961487,-0.09292487055063248,4.217994689941406,0.05889834091067314,0.047990042716264725,1.0740654468536377,,,,False,,,,True,OFFBOARD
16.852,TAKEOFF,False,-13.213171694469416,-6.075733468740615,4.455962649068815,0.07394376762804523,0.04652900356916903,1.1180283673158053,0.0009660521332652047,0.0011865433290363778,-0.0031517360599882297,10.000000003626253,7.924202100084607e-08,0.04992755344959976,0.0,0.0,0.0,0.0,-2.4940650090687922e-08,23.995121971587295,-0.2288161814212799,-0.0876595675945282,4.325222015380859,0.059241268783807755,0.0459163598716259,1.0781776905059814,,,,False,,,,True,OFFBOARD
16.951999999999998,TAKEOFF,False,-13.20585423922781,-6.071217446936987,4.567996972654711,0.07250109101831334,0.043957570248251816,1.1224536036987045,0.0007110941338610301,0.0013577918590831875,-0.0031416577996424516,10.000000003626253,7.924202100084607e-08,0.04992755344959976,0.0,0.0,0.0,0.0,-2.4940650090687922e-08,23.986899620225433,-0.22026310861110687,-0.0826336145401001,4.441389560699463,0.05825190246105194,0.044968605041503906,1.0826877355575562,,,,False,,,,True,OFFBOARD
17.052,TAKEOFF,False,-13.198669150123338,-6.066938754904911,4.6804924881000245,0.07126811133735497,0.041768921533545035,1.1273059531177434,0.0003936524732628029,0.0014227826055470828,-0.0031606535239190763,10.000000003626253,7.924202100084607e-08,0.04992755344959976,0.0,0.0,0.0,0.0,-2.4940650090687922e-08,23.97886563877476,-0.21257740259170532,-0.07891236245632172,4.548568248748779,0.057912372052669525,0.04201945662498474,1.0870918035507202,,,,False,,,,True,OFFBOARD
17.152,TAKEOFF,False,-13.19160413386834,-6.062853894075565,4.793460866953669,0.07008053059134425,0.040113167134687516,1.131828597017983,-0.00021165823068131626,0.0013504400840575962,-0.0031935793955364953,10.000000003626253,7.924202100084607e-08,0.04992755344959976,0.0,0.0,0.0,0.0,-2.4940650090687922e-08,23.970997075049446,-0.20437176525592804,-0.0759923979640007,4.665353298187256,0.058024872094392776,0.0400984063744545,1.091691017150879,,,,False,,,,True,OFFBOARD
17.252,TAKEOFF,False,-13.184389266870053,-6.0587458540674906,4.911422504588443,0.06868758726148333,0.03898777062694024,1.1364679194135663,-0.0004927467923953507,0.0011508038256350472,-0.0032531933481595074,10.000000003626253,7.924202100084607e-08,0.04992755344959976,0.0,0.0,0.0,0.0,-2.4940650090687922e-08,23.96297786441198,-0.1973068118095398,-0.073309525847435,4.773398399353027,0.05640237405896187,0.038185201585292816,1.0957965850830078,,,,False,,,,True,OFFBOARD
17.352,TAKEOFF,False,-13.1778601020739,-6.055046753563924,5.020742974305501,0.06741111087642648,0.03814185207529036,1.1408009438828477,-0.0006816273025727211,0.0012399659821956237,-0.003302447001646809,10.000000003626253,7.924202100084607e-08,0.04992755344959976,0.0,0.0,0.0,0.0,-2.4940650090687922e-08,23.95572564600956,-0.1901976764202118,-0.0704580545425415,4.8904709815979,0.05511998012661934,0.03585561364889145,1.1002010107040405,,,,False,,,,True,OFFBOARD
17.452,TAKEOFF,False,-13.171180996267433,-6.051261919674658,5.135042590104429,0.06623882822525544,0.03766587180473067,1.1448117025686573,-0.001169120830117267,0.0013082751139096517,-0.0033481213554584876,10.000000003626253,7.924202100084607e-08,0.04992755344959976,0.0,0.0,0.0,0.0,-2.4940650090687922e-08,23.948306844312967,-0.18424956500530243,-0.06719671189785004,5.000398635864258,0.053457390516996384,0.03533570468425751,1.1057097911834717,,,,False,,,,True,OFFBOARD
17.552,TAKEOFF,False,-13.16461320622821,-6.0475029791760795,5.249622213946378,0.06519553898875716,0.03752489686946813,1.1463782597113714,-0.001212224061551231,0.0014930818905327106,-0.00344138192248406,10.000000003626253,7.924202100084607e-08,0.04992755344959976,0.0,0.0,0.0,0.0,-2.4940650090687922e-08,23.94100245193881,-0.17848847806453705,-0.06308148801326752,5.120508193969727,0.05118616297841072,0.035677846521139145,1.1099144220352173,,,,False,,,,True,OFFBOARD
17.652,TAKEOFF,False,-13.15787529341461,-6.043613895575892,5.3689027506543265,0.06447962056948896,0.037225354073391906,1.1477995245971877,-0.0009413888654145098,0.0018630370168604654,-0.0035417007028935503,10.000000003626253,7.924202100084607e-08,0.04992755344959976,0.0,0.0,0.0,0.0,-2.4940650090687922e-08,23.933500749992884,-0.17342402040958405,-0.05941309034824371,5.229354381561279,0.04933694750070572,0.034938663244247437,1.1107873916625977,,,,False,,,,True,OFFBOARD
17.752,TAKEOFF,False,-13.151703624368718,-6.040063647474687,5.479239264013621,0.0641637458401994,0.03673163223725525,1.1508731919343205,-0.0007628284263242291,0.0021639761348969462,-0.0035970267749738534,10.000000003626253,7.924202100084607e-08,0.04992755344959976,0.0,0.0,0.0,0.0,-2.4940650090687922e-08,23.926632665323268,-0.1681414246559143,-0.05555981770157814,5.347014904022217,0.04858923330903053,0.035458892583847046,1.113944411277771,,,,False,,,,True,OFFBOARD
17.852,TAKEOFF,False,-13.14529416152475,-6.036422514836111,5.594522092685423,0.06403310555971913,0.036110960754634804,1.1548199388013818,-0.0006855892199318112,0.0021923788069932253,-0.003610892356742442,10.000000003626253,7.924202100084607e-08,0.04992755344959976,0.0,0.0,0.0,0.0,-2.4940650090687922e-08,23.919511694967145,-0.1641424596309662,-0.05106216296553612,5.456694602966309,0.047631461173295975,0.0362623929977417,1.116983413696289,,,,False,,,,True,OFFBOARD
17.951999999999998,TAKEOFF,False,-13.13889611310394,-6.032850446593988,5.7101910110402105,0.0639519511372554,0.035280599299031275,1.1582259256994099,-0.00014140070363233523,0.00229076208038409,-0.0036381774072393445,10.000000003626253,7.924202100084607e-08,0.04992755344959976,0.0,0.0,0.0,0.0,-2.4940650090687922e-08,23.91241934576908,-0.16060513257980347,-0.04537399485707283,5.576654434204102,0.045906394720077515,0.03844060003757477,1.1207765340805054,,,,False,,,,True,OFFBOARD
18.052,TAKEOFF,False,-13.132502173799033,-6.029397364423954,5.826170344606127,0.06393608363801391,0.033723057455611605,1.1613806570438836,0.0005994924638175381,0.002309331281953216,-0.0036650391577873094,10.000000003626253,7.924202100084607e-08,0.04992755344959976,0.0,0.0,0.0,0.0,-2.4940650090687922e-08,23.90536112511734,-0.15711084008216858,-0.040404099971055984,5.687393665313721,0.04633673280477524,0.03930892422795296,1.1215832233428955,,,,False,,,,True,OFFBOARD
18.152,TAKEOFF,False,-13.126111622214994,-6.026129873208254,5.9424893653654625,0.06385678035843942,0.0316428179439211,1.1646744718857442,0.0010541604868459134,0.002194778109929219,-0.0036832296407992497,10.000000003626253,7.924202100084607e-08,0.04992755344959976,0.0,0.0,0.0,0.0,-2.4940650090687922e-08,23.898353105071656,-0.15307381749153137,-0.035298701375722885,5.807390213012695,0.04572494328022003,0.040525421500205994,1.1246700286865234,,,,False,,,,True,OFFBOARD
18.252,TAKEOFF,False,-13.119478792262715,-6.022969828057982,6.063786637424597,0.06369859915697437,0.029199898700036277,1.1677547790848797,0.001258725722404852,0.002153694361641166,-0.0037137016159261866,10.000000003626253,7.924202100084607e-08,0.04992755344959976,0.0,0.0,0.0,0.0,-2.4940650090687922e-08,23.89113781923751,-0.14857366681098938,-0.03166233375668526,5.918684005737305,0.04623403400182724,0.03949898108839989,1.1285051107406616,,,,False,,,,True,OFFBOARD
18.352,TAKEOFF,False,-13.113374197110991,-6.020278361338217,6.175992013813171,0.06345676532678568,0.027025784709634734,1.1698060996844648,0.000948167480823726,0.0019506383581575483,-0.0037890210642109933,10.000000003626253,7.924202100084607e-08,0.04992755344959976,0.0,0.0,0.0,0.0,-2.4940650090687922e-08,23.884551899615396,-0.14317317306995392,-0.02883933298289776,6.039834022521973,0.04524794593453407,0.03686254471540451,1.129887342453003,,,,False,,,,True,OFFBOARD
18.452,TAKEOFF,False,-13.106797057196864,-6.01756723640123,6.297775908548052,0.06303469950365037,0.02528223098470869,1.1721623455120642,0.0004348465757748243,0.0018783995862619639,-0.003854653321208916,10.000000003626253,7.924202100084607e-08,0.04992755344959976,0.0,0.0,0.0,0.0,-2.4940650090687922e-08,23.87750378093074,-0.13840529322624207,-0.026232408359646797,6.150950908660889,0.04464317485690117,0.03557930141687393,1.1315182447433472,,,,False,,,,True,OFFBOARD
18.552,TAKEOFF,False,-13.100765326739188,-6.015202966908678,6.410440797734214,0.0626492570242803,0.024044412237482892,1.175086830059739,0.0003693719435239877,0.0018905184290906965,-0.0038755165297251802,10.000000003626253,7.924202100084607e-08,0.04992755344959976,0.0,0.0,0.0,0.0,-2.4940650090687922e-08,23.871070913032675,-0.13335581123828888,-0.023257318884134293,6.270622730255127,0.04466496407985687,0.03592473641037941,1.1335002183914185,,,,False,,,,True,OFFBOARD
18.652,TAKEOFF,False,-13.094521572719666,-6.012868966131754,6.528132025692528,0.06223835127697185,0.02265069918972523,1.1785479455440193,0.0006565488661504573,0.0018709524658001434,-0.003870473584026862,10.000000003626253,7.924202100084607e-08,0.04992755344959976,0.0,0.0,0.0,0.0,-2.4940650090687922e-08,23.864440512970784,-0.12747281789779663,-0.0197652205824852,6.382462024688721,0.04466693475842476,0.03668864816427231,1.1361616849899292,,,,False,,,,True,OFFBOARD
18.752,TAKEOFF,False,-13.0883191532734,-6.010688325225519,6.646105337870283,0.06180874064156633,0.020975556383321985,1.1804466134971043,0.001021945802016341,0.0017330033947584045,-0.0038462377176159686,10.000000003626253,7.924202100084607e-08,0.04992755344959976,0.0,0.0,0.0,0.0,-2.4940650090687922e-08,23.857888770519068,-0.12027385085821152,-0.015411117114126682,6.505573272705078,0.045626964420080185,0.03709740191698074,1.1391273736953735,,,,False,,,,True,OFFBOARD
18.852,TAKEOFF,False,-13.081926769484864,-6.00861488436582,6.768919821131718,0.0611057786906,0.01892761118223641,1.1812836226452548,0.0013898047955552223,0.0015200455113755311,-0.003851423546239296,10.000000003626253,7.924202100084607e-08,0.04992755344959976,0.0,0.0,0.0,0.0,-2.4940650090687922e-08,23.851180208538025,-0.11426377296447754,-0.011472846381366253,6.6187543869018555,0.04315124452114105,0.03779904171824455,1.1396777629852295,,,,False,,,,True,OFFBOARD
18.951999999999998,TAKEOFF,False,-13.07584961339374,-6.00683714574328,6.887097956045763,0.06051767099135205,0.016689253977051424,1.1823040558123852,0.0016114060486597643,0.001816908786255262,-0.003919025847273387,10.000000003626253,7.924202100084607e-08,0.04992755344959976,0.0,0.0,0.0,0.0,-2.4940650090687922e-08,23.844851205130023,-0.10844360291957855,-0.007345529273152351,6.740640163421631,0.04186214134097099,0.03690832853317261,1.140308141708374,,,,False,,,,True,OFFBOARD
19.052,TAKEOFF,False,-13.070054680737897,-6.005344709332747,7.000673650328753,0.0602470150115098,0.014501125685946314,1.1838143098988279,0.0016097988950946264,0.001957580978369827,-0.003983765985062393,10.000000003626253,7.924202100084607e-08,0.04992755344959976,0.0,0.0,0.0,0.0,-2.4940650090687922e-08,23.838867195594982,-0.10214885324239731,-0.004907537251710892,6.8526530265808105,0.04283750429749489,0.034842658787965775,1.1414916515350342,,,,False,,,,True,OFFBOARD
19.152,TAKEOFF,False,-13.064045397825328,-6.004003125479042,7.1191503546677986,0.05991206728373669,0.01247280412412467,1.1856963460217138,0.0013222768625768997,0.0016939611327470632,-0.004073898142464154,10.000000003626253,7.924202100084607e-08,0.04992755344959976,0.0,0.0,0.0,0.0,-2.4940650090687922e-08,23.83271375153322,-0.09418179094791412,-0.0038217955734580755,6.974393367767334,0.04386649653315544,0.03222230449318886,1.1429924964904785,,,,False,,,,True,OFFBOARD
19.252,TAKEOFF,False,-13.05784993040921,-6.00279794205798,7.242584315796473,0.059194407489393884,0.010879759917763148,1.1879325690012683,0.0007629010782609768,0.0012876389066975068,-0.004228678471307353,10.000000003626253,7.924202100084607e-08,0.04992755344959976,0.0,0.0,0.0,0.0,-2.4940650090687922e-08,23.826414494527338,-0.08758780360221863,-0.002513312269002199,7.086503982543945,0.045172758400440216,0.031111137941479683,1.1448228359222412,,,,False,,,,True,OFFBOARD
19.352,TAKEOFF,False,-13.052217553379087,-6.001805333773103,7.356736738397242,0.05810658624951275,0.009870935202747597,1.1901920953322245,0.0006358872119608375,0.0007439189155680558,-0.00438654299997111,10.000000003626253,7.924202100084607e-08,0.04992755344959976,0.0,0.0,0.0,0.0,-2.4940650090687922e-08,23.820713727997383,-0.08098852634429932,-0.000647999404463917,7.20760440826416,0.04535534232854843,0.03139553219079971,1.1471613645553589,,,,False,,,,True,OFFBOARD
19.452,TAKEOFF,False,-13.046259894302395,-6.000837893485274,7.480640411854119,0.05649829175459384,0.008768716172772903,1.192527111177826,0.0007060734614805215,0.0005274222686888024,-0.004491077207019234,10.000000003626253,7.924202100084607e-08,0.04992755344959976,0.0,0.0,0.0,0.0,-2.4940650090687922e-08,23.81470452593943,-0.073609359562397,0.0008386883419007063,7.319027900695801,0.04556271433830261,0.03043530136346817,1.148871660232544,,,,False,,,,True,OFFBOARD
19.552,TAKEOFF,False,-13.040690053699153,-6.000018158837903,7.600029751299112,0.05496550427887776,0.007635180227290618,1.1953142446250866,0.0009093541178663587,0.00047141058631573827,-0.00456698136593377,10.000000003626253,7.924202100084607e-08,0.04992755344959976,0.0,0.0,0.0,0.0,-2.4940650090687922e-08,23.809107861804176,-0.06475432962179184,0.0023349900729954243,7.440211296081543,0.04617776349186897,0.029560623690485954,1.1505104303359985,,,,False,,,,True,OFFBOARD
19.652,TAKEOFF,False,-13.035491251562902,-5.999344416615366,7.714936431089054,0.05339213251896483,0.006448260017807589,1.1983758007815584,0.000965497002815287,0.0003106292094799059,-0.0046101767619695505,10.000000003626253,7.924202100084607e-08,0.04992755344959976,0.0,0.0,0.0,0.0,-2.4940650090687922e-08,23.80390706896392,-0.057612624019384384,0.0039986190386116505,7.552862644195557,0.04600641503930092,0.028855856508016586,1.1523655652999878,,,,False,,,,True,OFFBOARD
19.752,TAKEOFF,False,-13.03023857520346,-5.998763067778591,7.8349204252474784,0.051744365090046034,0.005243471033953068,1.2010877894390672,0.000931521710713003,0.0003244294582977743,-0.00464609799887934,10.000000003626253,7.924202100084607e-08,0.04992755344959976,0.0,0.0,0.0,0.0,-2.4940650090687922e-08,23.798677448376605,-0.050705377012491226,0.006076037418097258,7.6750383377075195,0.04589391127228737,0.02844644896686077,1.1547911167144775,,,,False,,,,True,OFFBOARD
19.852,TAKEOFF,False,-13.025147691226866,-5.998297172696888,7.955141321338079,0.05012759646825885,0.004143814916179081,1.2031062092051152,0.000832247402429977,0.00024065744641301397,-0.004658937165778444,10.000000003626253,7.924202100084607e-08,0.04992755344959976,0.0,0.0,0.0,0.0,-2.4940650090687922e-08,23.793633524378276,-0.0450323186814785,0.007286543492227793,7.789396286010742,0.04423946142196655,0.027786916121840477,1.1569948196411133,,,,False,,,,True,OFFBOARD
19.951999999999998,TAKEOFF,False,-13.020217578908063,-5.997931608539899,8.075455281812113,0.0485529179815809,0.003229774038794787,1.2027662720342944,0.0007208041199330837,0.00026266179003723184,-0.004631706260098745,10.000000003626253,7.924202100084607e-08,0.04992755344959976,0.0,0.0,0.0,0.0,-2.4940650090687922e-08,23.788770503717092,-0.03947220742702484,0.008112908340990543,7.914794921875,0.04397828131914139,0.026995083317160606,1.1580604314804077,,,,False,,,,True,OFFBOARD
20.052,TAKEOFF,False,-13.015253032843532,-5.997641212550482,8.200486014585298,0.04701409927357685,0.002428119554759327,1.2016654932060535,0.0005237882201354485,0.00040467200693030596,-0.004627699379869915,10.000000003626253,7.924202100084607e-08,0.04992755344959976,0.0,0.0,0.0,0.0,-2.4940650090687922e-08,23.78389315057033,-0.034673020243644714,0.008350939489901066,8.030545234680176,0.042102932929992676,0.02609715424478054,1.157608151435852,,,,False,,,,True,OFFBOARD
20.152,TAKEOFF,False,-13.010798573369446,-5.997433864263358,8.315761076091563,0.0458873767631364,0.001964885055800339,1.1998457365855828,0.00020165509940132413,0.0006859544483477369,-0.004634277771110598,10.000000003626253,7.924202100084607e-08,0.04992755344959976,0.0,0.0,0.0,0.0,-2.4940650090687922e-08,23.779530379252186,-0.029788287356495857,0.007807421498000622,8.156599044799805,0.04075121879577637,0.023710710927844048,1.1571629047393799,,,,False,,,,True,OFFBOARD
20.252,TAKEOFF,False,-13.006255842593994,-5.997243482530489,8.435630162360832,0.0450633055390416,0.0019250086571970383,1.1978199795690185,-0.0002371846168879591,0.0010470641745254112,-0.004645564072008054,10.000000003626253,7.924202100084607e-08,0.04992755344959976,0.0,0.0,0.0,0.0,-2.4940650090687922e-08,23.77508650669783,-0.025676969438791275,0.007961617782711983,8.271286010742188,0.038880854845047,0.023533770814538002,1.1549049615859985,,,,False,,,,True,OFFBOARD
20.352,TAKEOFF,False,-13.001595444538946,-5.997032841636515,8.560193635613098,0.04463850344187625,0.0021248487719290154,1.1978986984468305,-0.00028572093923077616,0.001379123464415252,-0.004673813212679275,10.000000003626253,7.924202100084607e-08,0.04992755344959976,0.0,0.0,0.0,0.0,-2.4940650090687922e-08,23.77052370090224,-0.021545618772506714,0.008727679960429668,8.393728256225586,0.03727599233388901,0.022923864424228668,1.15440034866333,,,,False,,,,True,OFFBOARD
20.452,TAKEOFF,False,-12.997143030913046,-5.9968116417969295,8.680025043985236,0.044428173819088174,0.0022699617802026,1.1985759586729032,-0.00014786910993610058,0.0014261939993220638,-0.004703465874567158,10.000000003626253,7.924202100084607e-08,0.04992755344959976,0.0,0.0,0.0,0.0,-2.4940650090687922e-08,23.766159525018963,-0.017497695982456207,0.008814642205834389,8.509231567382812,0.03606650233268738,0.023231545463204384,1.1554408073425293,,,,False,,,,True,OFFBOARD
20.552,TAKEOFF,False,-12.992887225705633,-5.99659321720266,8.795054807880279,0.04423951889990441,0.002257376430416602,1.1976553647955335,-1.192875277476394e-05,0.0013979238093845966,-0.004691645991582991,10.000000003626253,7.924202100084607e-08,0.04992755344959976,0.0,0.0,0.0,0.0,-2.4940650090687922e-08,23.761986329087446,-0.013040360994637012,0.008512045256793499,8.635430335998535,0.03423300385475159,0.022167405113577843,1.154941439628601,,,,False,,,,True,OFFBOARD
20.652,TAKEOFF,False,-12.988474162094475,-5.996371149355594,8.914750819434444,0.044039796636294974,0.002196902452551052,1.1964047446328927,-7.342476325411469e-05,0.0014387941931663403,-0.004697818321362181,10.000000003626253,7.924202100084607e-08,0.04992755344959976,0.0,0.0,0.0,0.0,-2.4940650090687922e-08,23.757660077944603,-0.009039661847054958,0.008930920623242855,8.760623931884766,0.03291553631424904,0.02170947939157486,1.1541324853897095,,,,False,,,,True,OFFBOARD
20.752,TAKEOFF,False,-12.983900377921517,-5.996140514398426,9.039117454813331,0.04396218652122893,0.0022664183355324084,1.1954158017292187,-0.0002558006033320983,0.00165035376647578,-0.004709084738939682,10.000000003626253,7.924202100084607e-08,0.04992755344959976,0.0,0.0,0.0,0.0,-2.4940650090687922e-08,23.75317618272585,-0.005641723517328501,0.009743361733853817,8.875118255615234,0.03165918216109276,0.02079969458281994,1.152738332748413,,,,False,,,,True,OFFBOARD
20.852,TAKEOFF,False,-12.979496661953412,-5.995902608801905,9.158684957531252,0.04414001460233575,0.002501363552901038,1.1961662819975876,-0.0003758900247474298,0.0018558238301067083,-0.0047643660963860735,10.000000003626253,7.924202100084607e-08,0.04992755344959976,0.0,0.0,0.0,0.0,-2.4940650090687922e-08,23.74885504709394,-0.003025114769116044,0.009776532649993896,8.98924446105957,0.030695317313075066,0.019640544429421425,1.152059555053711,,,,False,,,,True,OFFBOARD
20.951999999999998,TAKEOFF,False,-12.975243045084587,-5.99564825560009,9.27356562316515,0.04451872158016192,0.0027969362919317573,1.1972791036145145,-0.0004802021200547327,0.00221118676454466,-0.00479761597899399,10.000000003626253,7.924202100084607e-08,0.04992755344959976,0.0,0.0,0.0,0.0,-2.4940650090687922e-08,23.744675026254427,-0.0008950309129431844,0.009316172450780869,9.112289428710938,0.02867746166884899,0.018358655273914337,1.1532472372055054,,,,False,,,,True,OFFBOARD
21.052,TAKEOFF,False,-12.970752982000722,-5.99534401831347,9.393365110432315,0.04530360411512539,0.0033096479290671164,1.198717718979388,-0.00073066478426021,0.0025631917453205182,-0.0047915176855132125,10.000000003626253,7.924202100084607e-08,0.04992755344959976,0.0,0.0,0.0,0.0,-2.4940650090687922e-08,23.740253654390134,0.0011827971320599318,0.009534544311463833,9.234904289245605,0.027042321860790253,0.018893809989094734,1.153489589691162,,,,False,,,,True,OFFBOARD
21.152,TAKEOFF,False,-12.966169973131397,-5.99498182055022,9.513344046826548,0.046329596200517416,0.0038917496850491497,1.200886044590318,-0.0006609699583758723,0.0027101620796156412,-0.004797456648335987,10.000000003626253,7.924202100084607e-08,0.04992755344959976,0.0,0.0,0.0,0.0,-2.4940650090687922e-08,23.735727740690002,0.0031433769036084414,0.010224300436675549,9.347804069519043,0.025994470342993736,0.01823173090815544,1.1553446054458618,,,,False,,,,True,OFFBOARD
21.252,TAKEOFF,False,-12.961479741354198,-5.994566756285218,9.633535789936378,0.047446502357663956,0.004372981810362345,1.2026535905123563,-0.0005855231986615001,0.00281493400330003,-0.004819469461944153,10.000000003626253,7.924202100084607e-08,0.04992755344959976,0.0,0.0,0.0,0.0,-2.4940650090687922e-08,23.73108475448922,0.006841607857495546,0.01041083037853241,9.46340274810791,0.025910185649991035,0.01768183894455433,1.1574970483779907,,,,False,,,,True,OFFBOARD
21.352,TAKEOFF,False,-12.956681890043283,-5.994108438667806,9.753777630769838,0.0484079244406131,0.004778090081648887,1.2016771150072212,-0.000631502459886741,0.002462510812103674,-0.00485774898052254,10.000000003626253,7.924202100084607e-08,0.04992755344959976,0.0,0.0,0.0,0.0,-2.4940650090687922e-08,23.72632673827986,0.012741360813379288,0.009983976371586323,9.59024429321289,0.027325954288244247,0.017190605401992798,1.1579272747039795,,,,False,,,,True,OFFBOARD
21.452,TAKEOFF,False,-12.951814556805923,-5.993605050621443,9.8738514705164,0.04881681438798896,0.005274323462168913,1.1998314857129446,-0.0006512215487472323,0.0018641224206507746,-0.00492399250091174,10.000000003626253,7.924202100084607e-08,0.04992755344959976,0.0,0.0,0.0,0.0,-2.4940650090687922e-08,23.72149013171795,0.017467709258198738,0.010206569917500019,9.706271171569824,0.02757069654762745,0.01753232069313526,1.157562255859375,,,,False,,,,True,OFFBOARD
21.552,TAKEOFF,False,-12.94693561723333,-5.993057217308078,9.993734049263397,0.04871893722632018,0.005633370299185807,1.198009174867279,-0.0004427798664861706,0.0015866749510671631,-0.004978084526895227,10.000000003626253,7.924202100084607e-08,0.04992755344959976,0.0,0.0,0.0,0.0,-2.4940650090687922e-08,23.71663108764832,0.021940041333436966,0.011013521812856197,9.831318855285645,0.027277875691652298,0.018496597185730934,1.156213641166687,,,,False,,,,True,OFFBOARD
21.652,TAKEOFF,False,-12.942074449739966,-5.99248829224109,10.113476028949528,0.048516325164852436,0.005680648445944606,1.1970371929659334,-0.00011376569563544312,0.0016015456896258916,-0.005032850281127737,10.000000003626253,7.924202100084607e-08,0.04992755344959976,0.0,0.0,0.0,0.0,-2.4940650090687922e-08,23.71178392922302,0.02741437405347824,0.011143017560243607,9.946993827819824,0.027600467205047607,0.017472930252552032,1.1552681922912598,,,,False,,,,True,OFFBOARD
21.752,TAKEOFF,False,-12.937230480167955,-5.991924346564492,10.233112286458217,0.048370564893950516,0.0056385664951991085,1.1956234206914635,-0.0003200164300858191,0.00160577055454648,-0.005095714846354705,10.000000003626253,7.924202100084607e-08,0.04992755344959976,0.0,0.0,0.0,0.0,-2.4940650090687922e-08,23.706954688261316,0.03415954113006592,0.01076535601168871,10.072587966918945,0.026327399536967278,0.016533061861991882,1.1548261642456055,,,,False,,,,True,OFFBOARD
21.852,TAKEOFF,False,-12.932400287086887,-5.991348480019704,10.352609600376534,0.04826868449902423,0.0059364651168385,1.1944249172603032,-0.0007345344696944368,0.0017652482809089151,-0.005150556177441563,10.000000003626253,7.924202100084607e-08,0.04992755344959976,0.0,0.0,0.0,0.0,-2.4940650090687922e-08,23.702135782500015,0.03925026208162308,0.010942241176962852,10.187837600708008,0.025900201871991158,0.015741007402539253,1.15377676486969,,,,False,,,,True,OFFBOARD
21.951999999999998,TAKEOFF,False,-12.927569651650746,-5.990723350589903,10.472037054368265,0.04836963021583685,0.006562467396417648,1.194326203999404,-0.0008770089878487971,0.00195751564341087,-0.005188504680686419,10.000000003626253,7.924202100084607e-08,0.04992755344959976,0.0,0.0,0.0,0.0,-2.4940650090687922e-08,23.69730401354373,0.04384968429803848,0.011574894189834595,10.311627388000488,0.02417391911149025,0.016192231327295303,1.1525392532348633,,,,False,,,,True,OFFBOARD
22.052,TAKEOFF,False,-12.922717426578368,-5.990036779950156,10.591513826307592,0.048709895687705417,0.007096904872987959,1.1951416568799613,-0.0006192459671558737,0.0022439221453086906,-0.005260349249759719,10.000000003626253,7.924202100084607e-08,0.04992755344959976,0.0,0.0,0.0,0.0,-2.4940650090687922e-08,23.692435838458813,0.048767611384391785,0.011691289022564888,10.427675247192383,0.024417731910943985,0.0168742872774601,1.1536613702774048,,,,False,,,,True,OFFBOARD
22.152,TAKEOFF,False,-12.917820810556913,-5.989312221337889,10.710976622980935,0.04917511683153161,0.007366822090423478,1.1937100978767403,-0.0005325875067969984,0.002111114421052926,-0.005311657924572551,10.000000003626253,7.924202100084607e-08,0.04992755344959976,0.0,0.0,0.0,0.0,-2.4940650090687922e-08,23.687515123053434,0.054561980068683624,0.01148117147386074,10.555079460144043,0.024389270693063736,0.016077253967523575,1.153886318206787,,,,False,,,,True,OFFBOARD
22.252,TAKEOFF,False,-12.912890223876142,-5.988559639125904,10.8302199211542,0.04939760437098941,0.007701869087594799,1.1914689654693076,-0.0007136303394807042,0.0019625320648538826,-0.005382752482266707,10.000000003626253,7.924202100084607e-08,0.04992755344959976,0.0,0.0,0.0,0.0,-2.4940650090687922e-08,23.68255446690736,0.05893702432513237,0.011783103458583355,10.67090892791748,0.023085568100214005,0.01594492420554161,1.1514393091201782,,,,False,,,,True,OFFBOARD
22.352,TAKEOFF,False,-12.907939771375094,-5.987764517390917,10.949325573671484,0.04963077130312437,0.008203376911454827,1.190965259872382,-0.0008605679720615603,0.002123429792383121,-0.00541564380524473,10.000000003626253,7.924202100084607e-08,0.04992755344959976,0.0,0.0,0.0,0.0,-2.4940650090687922e-08,23.677563844276285,0.06286740303039551,0.012529002502560616,10.795339584350586,0.022240469232201576,0.015657303854823112,1.1498627662658691,,,,False,,,,True,OFFBOARD
22.452,TAKEOFF,False,-12.902956493979225,-5.9869142370691915,11.06843884842677,0.05005147034807316,0.00877242454370161,1.191197953503996,-0.0008316003866835936,0.0023320251113805633,-0.005429195182434929,10.000000003626253,7.924202100084607e-08,0.04992755344959976,0.0,0.0,0.0,0.0,-2.4940650090687922e-08,23.67252752373648,0.0674368143081665,0.013717656023800373,10.911026954650879,0.02244526520371437,0.016221117228269577,1.1506155729293823,,,,False,,,,True,OFFBOARD
22.552,TAKEOFF,False,-12.897922503305871,-5.986014115412995,11.187520510397334,0.0505938762549598,0.009168382282296812,1.1903505994952348,-0.0005536807533316482,0.002263903482306129,-0.005449507182105073,10.000000003626253,7.924202100084607e-08,0.04992755344959976,0.0,0.0,0.0,0.0,-2.4940650090687922e-08,23.667429540870724,0.07302098721265793,0.015447094105184078,11.03747844696045,0.02342425286769867,0.01753581315279007,1.1496250629425049,,,,False,,,,True,OFFBOARD
22.652,TAKEOFF,False,-12.892847959677292,-5.985094242195945,11.306523921205827,0.05081396217411846,0.009154403683779518,1.1899646519736429,-8.519814921582587e-05,0.0018728355141627638,-0.0054377438543097316,10.000000003626253,7.924202100084607e-08,0.04992755344959976,0.0,0.0,0.0,0.0,-2.4940650090687922e-08,23.662287334647935,0.07736168056726456,0.01726248301565647,11.152626991271973,0.02405991591513157,0.018439237028360367,1.1481225490570068,,,,False,,,,True,OFFBOARD
22.752,TAKEOFF,False,-12.887768304213557,-5.9842005036765755,11.425528677378159,0.05075080577079276,0.008676148997468436,1.1902913378999669,0.0003012761245183182,0.0016883824046690875,-0.00545650273294753,10.000000003626253,7.924202100084607e-08,0.04992755344959976,0.0,0.0,0.0,0.0,-2.4940650090687922e-08,23.657146800279182,0.08146002143621445,0.01934339851140976,11.276407241821289,0.024914229288697243,0.01883053034543991,1.1473323106765747,,,,False,,,,True,OFFBOARD
22.852,TAKEOFF,False,-12.882703951934381,-5.9833693444904,11.54463039456965,0.0505309620589255,0.007948552573214968,1.1917560366660005,0.0004736122345763411,0.0016056209927688028,-0.005530539732897258,10.000000003626253,7.924202100084607e-08,0.04992755344959976,0.0,0.0,0.0,0.0,-2.4940650090687922e-08,23.652036909718504,0.08565951883792877,0.020270884037017822,11.390499114990234,0.023923827335238457,0.01875564083456993,1.1472238302230835,,,,False,,,,True,OFFBOARD
22.951999999999998,TAKEOFF,False,-12.87766248344592,-5.982614180757452,11.663908141289845,0.05031150514634034,0.00721773537288138,1.1937332176197133,0.00030242698676918834,0.001619788859804547,-0.00559373150554416,10.000000003626253,7.924202100084607e-08,0.04992755344959976,0.0,0.0,0.0,0.0,-2.4940650090687922e-08,23.646968394623833,0.09033912420272827,0.020524485036730766,11.514134407043457,0.024720219895243645,0.01786927320063114,1.149308681488037,,,,False,,,,True,OFFBOARD
23.052,TAKEOFF,False,-12.872642659763052,-5.981916664848816,11.783358021587484,0.050081703786451756,0.006820689261550775,1.1951486384654824,-8.146207582814842e-05,0.0015306066475159843,-0.005656388759300978,10.000000003626253,7.924202100084607e-08,0.04992755344959976,0.0,0.0,0.0,0.0,-2.4940650090687922e-08,23.641935418665092,0.09409261494874954,0.021144673228263855,11.628294944763184,0.024836407974362373,0.01709729991853237,1.1496543884277344,,,,False,,,,True,OFFBOARD
23.152,TAKEOFF,False,-12.867650689760364,-5.981242715964956,11.90296653639516,0.049773271580361725,0.006664098042952501,1.1970285637237787,-0.00010448167353544112,0.0015140943175909456,-0.005727364680619668,10.000000003626253,7.924202100084607e-08,0.04992755344959976,0.0,0.0,0.0,0.0,-2.4940650090687922e-08,23.636935368400888,0.09759198874235153,0.02212907187640667,11.75169849395752,0.02364719659090042,0.016324983909726143,1.1499314308166504,,,,False,,,,True,OFFBOARD
23.252,TAKEOFF,False,-12.862686936299095,-5.980581189641954,12.022789532299296,0.049544269267754626,0.006605165481241762,1.1993077594989945,-0.00029774754532802466,0.0016726066717477643,-0.005770826570515394,10.000000003626253,7.924202100084607e-08,0.04992755344959976,0.0,0.0,0.0,0.0,-2.4940650090687922e-08,23.631965775761415,0.10240152478218079,0.02231539972126484,11.866463661193848,0.023405974730849266,0.015429775230586529,1.1512844562530518,,,,False,,,,True,OFFBOARD
23.352,TAKEOFF,False,-12.857737065792643,-5.979914572169886,12.142785258630541,0.049471080611990924,0.006766202915651806,1.200382905248041,-0.0005667734149806657,0.0017261024742640796,-0.00578304413727378,10.000000003626253,7.924202100084607e-08,0.04992755344959976,0.0,0.0,0.0,0.0,-2.4940650090687922e-08,23.627008341575063,0.1086895540356636,0.022006087005138397,11.990761756896973,0.024642441421747208,0.014463751576840878,1.1524654626846313,,,,False,,,,True,OFFBOARD
23.452,TAKEOFF,False,-12.85279839892376,-5.979218293200989,12.26286894965232,0.049259451764123593,0.007161616542695036,1.2013614883554256,-0.0006788079935419087,0.0014442194884527518,-0.0058229424643037085,10.000000003626253,7.924202100084607e-08,0.04992755344959976,0.0,0.0,0.0,0.0,-2.4940650090687922e-08,23.6220542538737,0.11356576532125473,0.022191647440195084,12.104374885559082,0.024909844622015953,0.014369647949934006,1.153340220451355,,,,False,,,,True,OFFBOARD
23.552,TAKEOFF,False,-12.847698988529803,-5.978450708708009,12.38788740228549,0.04878533103133151,0.007566354898361443,1.2028915161887428,-0.00058132693829493,0.0012194052142397874,-0.005837634943042835,10.000000003626253,7.924202100084607e-08,0.04992755344959976,0.0,0.0,0.0,0.0,-2.4940650090687922e-08,23.6169266218132,0.11802137643098831,0.022853687405586243,12.227309226989746,0.025309007614850998,0.014429555274546146,1.1532840728759766,,,,False,,,,True,OFFBOARD
23.652,TAKEOFF,False,-12.843045725528446,-5.9777122171944335,12.50348656051996,0.04815228466413012,0.007794012871671217,1.2054337071511179,-0.000514655564581349,0.0010323080293030429,-0.005833197276040716,10.000000003626253,7.924202100084607e-08,0.04992755344959976,0.0,0.0,0.0,0.0,-2.4940650090687922e-08,23.61223798125075,0.12233170121908188,0.022876612842082977,12.34056282043457,0.025590190663933754,0.013607011176645756,1.1545885801315308,,,,False,,,,True,OFFBOARD
23.752,TAKEOFF,False,-12.838269020905823,-5.976919465614174,12.62415744444187,0.0473976289721887,0.008063407534862153,1.2079068663918797,-0.0006227849085995217,0.0009350964347456366,-0.005890742220239961,10.000000003626253,7.924202100084607e-08,0.04992755344959976,0.0,0.0,0.0,0.0,-2.4940650090687922e-08,23.607416192429554,0.1270584911108017,0.022555042058229446,12.462890625,0.025596272200345993,0.013481855392456055,1.1558473110198975,,,,False,,,,True,OFFBOARD
23.852,TAKEOFF,False,-12.833570723804105,-5.976093782311506,12.745105363317482,0.046612277226777514,0.008446177767559411,1.210926336427137,-0.0007218195126956117,0.0009847048177098843,-0.005943823495263136,10.000000003626253,7.924202100084607e-08,0.04992755344959976,0.0,0.0,0.0,0.0,-2.4940650090687922e-08,23.602661926288363,0.130732461810112,0.022722307592630386,12.57530689239502,0.02432733215391636,0.013244755566120148,1.1579583883285522,,,,False,,,,True,OFFBOARD
23.951999999999998,TAKEOFF,False,-12.828941911391675,-5.975227125015786,12.866361211244639,0.046059121184895906,0.008859514490521164,1.2139137368054043,-0.000683425353393961,0.0013974741265063908,-0.005992837935562123,10.000000003626253,7.924202100084607e-08,0.04992755344959976,0.0,0.0,0.0,0.0,-2.4940650090687922e-08,23.597964511833748,0.13409152626991272,0.023347092792391777,12.697702407836914,0.022865626960992813,0.013619049452245235,1.1614372730255127,,,,False,,,,True,OFFBOARD
24.052,TAKEOFF,False,-12.82434246740979,-5.974322821029991,12.987875296092579,0.04598953008430972,0.009201494848494168,1.2161483572010088,-0.0006167344858658207,0.001709610244610974,-0.006052479359334442,10.000000003626253,7.924202100084607e-08,0.04992755344959976,0.0,0.0,0.0,0.0,-2.4940650090687922e-08,23.593285980377008,0.1393672078847885,0.02400616928935051,12.81233024597168,0.02297173999249935,0.014782053418457508,1.163050651550293,,,,False,,,,True,OFFBOARD
24.152,TAKEOFF,False,-12.81974195982278,-5.973391575543785,13.109533585668125,0.0460025090384261,0.009377187228408362,1.2166775175425846,-0.0003705732627750557,0.0015924512294560687,-0.0061107310831948515,10.000000003626253,7.924202100084607e-08,0.04992755344959976,0.0,0.0,0.0,0.0,-2.4940650090687922e-08,23.58859960107555,0.1465109884738922,0.024835240095853806,12.937457084655762,0.023096928372979164,0.014812598004937172,1.164640188217163,,,,False,,,,True,OFFBOARD
24.252,TAKEOFF,False,-12.814966239155604,-5.972419764395447,13.236064035173724,0.04581277496055069,0.00928781039802061,1.2165886828551888,-0.00020976945739626215,0.0013909584182191308,-0.006121660304738666,10.000000003626253,7.924202100084607e-08,0.04992755344959976,0.0,0.0,0.0,0.0,-2.4940650090687922e-08,23.5837334501548,0.15184274315834045,0.025890197604894638,13.053092002868652,0.023229794576764107,0.015898313373327255,1.1642787456512451,,,,False,,,,True,OFFBOARD
24.352,TAKEOFF,False,-12.810584769406416,-5.971535353062557,13.352830979447551,0.04545887842241908,0.009135252927521414,1.21611499958871,-0.00015251284418012296,0.0012575580082459152,-0.006157812487314307,10.000000003626253,7.924202100084607e-08,0.04992755344959976,0.0,0.0,0.0,0.0,-2.4940650090687922e-08,23.579270834929968,0.156559020280838,0.02730126678943634,13.178315162658691,0.02199641242623329,0.016818922013044357,1.1634392738342285,,,,False,,,,True,OFFBOARD
24.452,TAKEOFF,False,-12.80605773721584,-5.970632450846372,13.474450947506753,0.045130283907310144,0.008913947050385685,1.216239472058878,-3.18559780340957e-05,0.0014300142643474262,-0.006192086593507394,10.000000003626253,7.924202100084607e-08,0.04992755344959976,0.0,0.0,0.0,0.0,-2.4940650090687922e-08,23.57466272267693,0.16096487641334534,0.028119638562202454,13.295903205871582,0.02146056294441223,0.016727972775697708,1.1639782190322876,,,,False,,,,True,OFFBOARD
24.552,TAKEOFF,False,-12.801372811504905,-5.969724680678277,13.60082096799119,0.0450042597552808,0.008553851628294988,1.2136348136137534,2.0076040738022326e-05,0.001615967674481486,-0.006193082986076062,10.000000003626253,7.924202100084607e-08,0.04992755344959976,0.0,0.0,0.0,0.0,-2.4940650090687922e-08,23.569900635424997,0.16595864295959473,0.028388390317559242,13.424898147583008,0.021141210570931435,0.016375862061977386,1.1623446941375732,,,,False,,,,True,OFFBOARD
24.652,TAKEOFF,False,-12.797052476121408,-5.9689197012200825,13.717165573424616,0.04500388214296179,0.008244528739118177,1.2104319313117708,-7.817774944731347e-05,0.0016168673682011184,-0.00619783342553874,10.000000003626253,7.924202100084607e-08,0.04992755344959976,0.0,0.0,0.0,0.0,-2.4940650090687922e-08,23.56551728925043,0.1697292923927307,0.02893342450261116,13.542390823364258,0.02087969332933426,0.014647687785327435,1.159446358680725,,,,False,,,,True,OFFBOARD
24.752,TAKEOFF,False,-12.792555920628093,-5.968101652477658,13.838086968175798,0.044911521810728855,0.008180710604756863,1.2083307152567397,-0.0004164214097153477,0.0015211936094156081,-0.006179879623765317,10.000000003626253,7.924202100084607e-08,0.04992755344959976,0.0,0.0,0.0,0.0,-2.4940650090687922e-08,23.560960163805234,0.1730893850326538,0.029792094603180885,13.668264389038086,0.02013998106122017,0.01482983585447073,1.1559878587722778,,,,False,,,,True,OFFBOARD
24.852,TAKEOFF,False,-12.788070267654655,-5.967275876040493,13.958873559589659,0.044815277107525524,0.008336810018347296,1.2074110243390435,-0.00045546448001790166,0.001602037920350211,-0.006129663472463673,10.000000003626253,7.924202100084607e-08,0.04992755344959976,0.0,0.0,0.0,0.0,-2.4940650090687922e-08,23.55641163283002,0.17712078988552094,0.031092174351215363,13.785687446594238,0.019099634140729904,0.01537332683801651,1.1555246114730835,,,,False,,,,True,OFFBOARD
24.951999999999998,TAKEOFF,False,-12.783407004697525,-5.966404906074099,14.084327266791778,0.04488418952835808,0.008361525072625402,1.2050157790077545,-0.00017862864059045794,0.0017061478307101485,-0.006093207222586544,10.000000003626253,7.924202100084607e-08,0.04992755344959976,0.0,0.0,0.0,0.0,-2.4940650090687922e-08,23.551679841483537,0.18257588148117065,0.03298717364668846,13.913435935974121,0.019410105422139168,0.01537440437823534,1.153975486755371,,,,False,,,,True,OFFBOARD
25.052,TAKEOFF,False,-12.779097811775912,-5.965611698995416,14.19989811676933,0.04485601571392974,0.008154611932969617,1.203102131413101,-6.612546633851901e-05,0.0014875684947307844,-0.006076206874891092,10.000000003626253,7.924202100084607e-08,0.04992755344959976,0.0,0.0,0.0,0.0,-2.4940650090687922e-08,23.54731027468541,0.18665356934070587,0.034722473472356796,14.029229164123535,0.019637633115053177,0.015016072429716587,1.1510297060012817,,,,False,,,,True,OFFBOARD
25.152,TAKEOFF,True,-12.77515868052999,-5.964903324301384,14.305748927467922,0.044662274068172116,0.007961841666988259,1.202859671392814,-0.000101923098528485,0.0013705611192371219,-0.0060827558664076735,10.000000003626253,7.924202100084607e-08,0.04992755344959976,0.0,0.0,0.0,0.0,-2.4940650090687922e-08,23.543320192829672,0.19022268056869507,0.03657115623354912,14.15311050415039,0.017913375049829483,0.014838770031929016,1.1502128839492798,22.954176550219493,4.84509737258447,23.266274307523403,False,,,,True,OFFBOARD
25.252,TAKEOFF,True,-12.77070505776071,-5.964116112503829,14.426067777038853,0.04444478609966014,0.007814209054243067,1.2034686918869444,-0.0002420295261999009,0.0014886180458915333,-0.00607975732025221,10.000000003626253,7.924202100084607e-08,0.04992755344959976,0.0,0.0,0.0,0.0,-2.4940650090687922e-08,23.538812436937402,0.19528384506702423,0.03751282021403313,14.277474403381348,0.01789230853319168,0.013996941037476063,1.1503632068634033,22.845577071464614,4.821697527857362,23.1500368586886,False,,,,True,OFFBOARD
25.352,TAKEOFF,True,-12.766268922388795,-5.963334347303744,14.546446516853965,0.0442580356612797,0.007853480901524438,1.2040977001726738,-0.0004593129339985121,0.0013373312089878268,-0.006054183273806276,10.000000003626253,7.924202100084607e-08,0.04992755344959976,0.0,0.0,0.0,0.0,-2.4940650090687922e-08,23.534322983558805,0.2005213499069214,0.03788435459136963,14.391708374023438,0.017704376950860023,0.01312699168920517,1.1512528657913208,22.861322221596676,4.828164916144529,23.161577752924543,False,,,,True,OFFBOARD
25.452,TAKEOFF,True,-12.76185979640053,-5.962533853207021,14.666901744406834,0.04393038095969728,0.008195695869290512,1.2051587282167695,-0.0007716224037114188,0.0012759761779166559,-0.0060165102672702685,10.000000003626253,7.924202100084607e-08,0.04992755344959976,0.0,0.0,0.0,0.0,-2.4940650090687922e-08,23.529854917778,0.2047100067138672,0.038433998823165894,14.505239486694336,0.0181005597114563,0.012467479333281517,1.1510690450668335,22.845274121508858,4.825432896388416,23.141099841654754,False,,,,True,OFFBOARD
25.552,TAKEOFF,True,-12.757309629169734,-5.961650211426537,14.792354864089976,0.043578657768090924,0.008798346586810403,1.2074357148751917,-0.0009074277215081132,0.001223666298099113,-0.006022722997081089,10.000000003626253,7.924202100084607e-08,0.04992755344959976,0.0,0.0,0.0,0.0,-2.4940650090687922e-08,23.525229348747647,0.20832379162311554,0.03928385302424431,14.62850284576416,0.016388338059186935,0.01245932187885046,1.1515402793884277,22.846159124686082,4.826258255401111,23.13842502193884,False,,,,True,OFFBOARD
25.652,TAKEOFF,True,-12.752968417696005,-5.960741460656423,14.91323122415483,0.04329807581855502,0.00933957620538855,1.2098442713432385,-0.0008483691091407961,0.0014108623687681197,-0.00603787337802691,10.000000003626253,7.924202100084607e-08,0.04992755344959976,0.0,0.0,0.0,0.0,-2.4940650090687922e-08,23.520799554589097,0.2118224948644638,0.041121359914541245,14.743775367736816,0.015361162833869457,0.012150270864367485,1.1546088457107544,22.82707500814468,4.820733789432957,23.11480783428307,False,,,,True,OFFBOARD
25.752,TAKEOFF,True,-12.748817292971648,-5.9598216499935575,15.029398171358526,0.043215507399143885,0.009784169433947814,1.2099252709473645,-0.0007298348076327854,0.001567216313860354,-0.006017435244939808,10.000000003626253,7.924202100084607e-08,0.04992755344959976,0.0,0.0,0.0,0.0,-2.4940650090687922e-08,23.516550840594384,0.21558937430381775,0.043927181512117386,14.869978904724121,0.015011787414550781,0.012678781524300575,1.153793454170227,22.899566908118,4.83569307497285,23.18456074917789,False,,,,True,OFFBOARD
25.852,TAKEOFF,True,-12.744322230862375,-5.958788556700184,15.15521772978598,0.04323654495113264,0.010022520853314195,1.2098047411325796,-0.000465461439976091,0.0016617526858491152,-0.006045539525488169,10.000000003626253,7.924202100084607e-08,0.04992755344959976,0.0,0.0,0.0,0.0,-2.4940650090687922e-08,23.51194070922449,0.21830590069293976,0.04624084383249283,14.985858917236328,0.01380149181932211,0.012498727068305016,1.1531246900558472,22.871425702403787,4.831474119752309,23.15301911750678,False,,,,True,OFFBOARD
25.951999999999998,TAKEOFF,True,-12.740336171123152,-5.957863779773932,15.266530198014218,0.0434477763373459,0.010083469719534312,1.2101069898004235,-0.0005096954179910153,0.0019323027440210157,-0.0061253832597960725,10.000000003626253,7.924202100084607e-08,0.04992755344959976,0.0,0.0,0.0,0.0,-2.4940650090687922e-08,23.50785041434424,0.21993981301784515,0.04776125028729439,15.072101593017578,0.012933064252138138,0.011304646730422974,1.15239417552948,22.882076031247756,4.832251601823321,23.16168745790231,False,,,,True,OFFBOARD
26.052,TAKEOFF,True,-12.735792911566191,-5.956801035795839,15.392445896775097,0.04394163934698353,0.01041734459008189,1.2113836250300798,-0.0009488965383595644,0.0022020544557640374,-0.006202778980668012,10.000000003626253,7.924202100084607e-08,0.04992755344959976,0.0,0.0,0.0,0.0,-2.4940650090687922e-08,23.503186145853316,0.22456540167331696,0.050315048545598984,15.22654914855957,0.012810670770704746,0.010974828153848648,1.1521519422531128,22.904110096138094,4.838022906941692,23.179385110170053,False,,,,True,OFFBOARD
26.152,TAKEOFF,True,-12.731362925348224,-5.955724853499107,15.513600089460269,0.04462651740290904,0.01110661093159084,1.2114006414983063,-0.0011452035364809033,0.00217919992745859,-0.0062108185883336005,10.000000003626253,7.924202100084607e-08,0.04992755344959976,0.0,0.0,0.0,0.0,-2.4940650090687922e-08,23.49862804682923,0.2302759438753128,0.0524088516831398,15.352645874023438,0.013979693874716759,0.01058486569672823,1.152225136756897,22.92954615122351,4.842540295670227,23.199185916684215,False,,,,True,OFFBOARD
26.252,TAKEOFF,True,-12.72669834876291,-5.954529964968784,15.639559954970872,0.04497486114280676,0.01180551825288773,1.211030451240527,-0.0009359667379484645,0.0016972958761763011,-0.00621810994459083,10.000000003626253,7.924202100084607e-08,0.04992755344959976,0.0,0.0,0.0,0.0,-2.4940650090687922e-08,23.493812931235695,0.23443081974983215,0.05420279875397682,15.467670440673828,0.014284386299550533,0.01180972345173359,1.1510591506958008,22.871883667004088,4.830891021462733,23.13592491750923,False,,,,True,OFFBOARD
26.352,TAKEOFF,True,-12.7223829293781,-5.95337871061659,15.75583996079029,0.04489275677101629,0.012093849726084236,1.2117029376820674,-0.0005142309999476962,0.0014633527085961913,-0.0062695781924050715,10.000000003626253,7.924202100084607e-08,0.04992755344959976,0.0,0.0,0.0,0.0,-2.4940650090687922e-08,23.489346631390706,0.23795148730278015,0.05606750771403313,15.591635704040527,0.013754576444625854,0.012271479703485966,1.149703025817871,22.961934704951016,4.8474640527807225,23.22362792778156,True,0.5241948366165161,373.5,100.5,True,OFFBOARD
26.452,TAKEOFF,True,-12.717900928161228,-5.952170461538813,15.877105410558904,0.044788024248314434,0.012034190663810332,1.21353398481855,-0.0003027716146034519,0.001692612790788682,-0.0062989806427997405,10.000000003626253,7.924202100084607e-08,0.04992755344959976,0.0,0.0,0.0,0.0,-2.4940650090687922e-08,23.484704743578316,0.243153914809227,0.05671372264623642,15.7083101272583,0.013118010014295578,0.011289317160844803,1.151033878326416,22.865427862616077,4.827336896823839,23.11982102092533,True,0.5241948366165161,373.5,100.5,True,OFFBOARD
26.552,TAKEOFF,True,-12.71341360858649,-5.95097249933596,15.998458020453258,0.04497864724646045,0.011975231203434107,1.213019781713496,-0.0005660767285258335,0.0018489179620385984,-0.006363385371402791,10.000000003626253,7.924202100084607e-08,0.04992755344959976,0.0,0.0,0.0,0.0,-2.4940650090687922e-08,23.480060318287904,0.2500518560409546,0.05654316395521164,15.8366117477417,0.014174739830195904,0.009154431521892548,1.151160717010498,22.905030708885654,4.835291765614709,23.153498764132888,True,0.5241948366165161,373.5,100.5,True,OFFBOARD
26.652,TAKEOFF,True,-12.7089068292949,-5.9497612466250445,16.119649597867678,0.04511614163501718,0.012327118883279276,1.2110020191180266,-0.0011191094145330024,0.0016339682472289888,-0.0064558583330852825,10.000000003626253,7.924202100084607e-08,0.04992755344959976,0.0,0.0,0.0,0.0,-2.4940650090687922e-08,23.475393700235923,0.25501006841659546,0.056530117988586426,15.953924179077148,0.014394497498869896,0.007666772697120905,1.1479835510253906,22.891748769336225,4.837422695085294,23.136094589352172,True,0.7140828371047974,376.5,124.0,True,OFFBOARD
26.752,TAKEOFF,True,-12.704400388769177,-5.948484384149623,16.240673990982785,0.044976401700061786,0.013253991390917685,1.2095903032702162,-0.001634215164251803,0.0014088169241403808,-0.0065054208559177295,10.000000003626253,7.924202100084607e-08,0.04992755344959976,0.0,0.0,0.0,0.0,-2.4940650090687922e-08,23.47071078151272,0.25911882519721985,0.05664632469415665,16.07990837097168,0.013288485817611217,0.006608784664422274,1.1461189985275269,22.83060911276472,4.824360783746504,23.069531312205086,True,0.7140828371047974,376.5,124.0,True,OFFBOARD
26.852,TAKEOFF,True,-12.699912431877454,-5.947093243691676,16.361596864297464,0.04482844532815442,0.014554393983485781,1.2091784573552917,-0.001904773031750705,0.0016335528014162722,-0.006507502625375157,10.000000003626253,7.924202100084607e-08,0.04992755344959976,0.0,0.0,0.0,0.0,-2.4940650090687922e-08,23.466016781107488,0.2649826407432556,0.057568490505218506,16.206377029418945,0.012852435931563377,0.006467733066529036,1.1450215578079224,22.901351460923276,4.835038767333726,23.135025731760017,True,0.7140828371047974,376.5,124.0,True,OFFBOARD
26.951999999999998,TAKEOFF,True,-12.695424662247177,-5.945566662936704,16.482484370032257,0.044942756567505786,0.015882342619735666,1.2083518335630858,-0.0017270079433687644,0.001747701323083279,-0.006517140573554821,10.000000003626253,7.924202100084607e-08,0.04992755344959976,0.0,0.0,0.0,0.0,-2.4940650090687922e-08,23.46128864001374,0.27172723412513733,0.059038206934928894,16.32320213317871,0.013787324540317059,0.006240129936486483,1.1440099477767944,22.86688300828395,4.821629526511054,23.091629230866413,True,0.7140828371047974,376.5,124.0,True,OFFBOARD
27.052,TAKEOFF,True,-12.690748099229205,-5.943855237827679,16.60809247911812,0.044930020154192694,0.016937577954388956,1.2075237902433646,-0.0015009585762137544,0.0014329976510767278,-0.00656240548463345,10.000000003626253,7.924202100084607e-08,0.04992755344959976,0.0,0.0,0.0,0.0,-2.4940650090687922e-08,23.456331032313994,0.27696168422698975,0.0603276863694191,16.438968658447266,0.013975609093904495,0.006780409719794989,1.1411375999450684,22.886242415676215,4.822889928560935,23.1054446896014,True,0.6968786120414734,379.0,129.5,True,OFFBOARD
27.152,TAKEOFF,True,-12.686447876422841,-5.942186479118061,16.724046546425832,0.04462938086476566,0.017790190850426348,1.2082592045617222,-0.0015126279048539334,0.0011762179203879597,-0.006568251510727054,10.000000003626253,7.924202100084607e-08,0.04992755344959976,0.0,0.0,0.0,0.0,-2.4940650090687922e-08,23.45174830388002,0.28140789270401,0.06160248816013336,16.562808990478516,0.01493808813393116,0.006142434198409319,1.1411465406417847,22.848761776573344,4.809054112314842,23.0613043482688,True,0.6968786120414734,379.0,129.5,True,OFFBOARD
27.252,TAKEOFF,True,-12.681834880852486,-5.940285198659586,16.84977776173651,0.04407724653610411,0.018768720118845932,1.2097877938573933,-0.0017257890946923212,0.0010384915023861068,-0.006618001426288494,10.000000003626253,7.924202100084607e-08,0.04992755344959976,0.0,0.0,0.0,0.0,-2.4940650090687922e-08,23.446804108654366,0.2865884602069855,0.06325174123048782,16.67707061767578,0.013807675801217556,0.005282898433506489,1.1409721374511719,22.824433148591883,4.803162303372164,23.030874827823226,True,0.6968786120414734,379.0,129.5,True,OFFBOARD
27.352,TAKEOFF,True,-12.677628378042915,-5.938428847369197,16.966004908668975,0.043603979463236846,0.019892430615898016,1.2116657933198836,-0.001967652918706694,0.0011744000470475604,-0.006658763731189949,10.000000003626253,7.924202100084607e-08,0.04992755344959976,0.0,0.0,0.0,0.0,-2.4940650090687922e-08,23.442264547895107,0.2926918566226959,0.0653623715043068,16.800506591796875,0.014096517115831375,0.004706314764916897,1.1411616802215576,22.738820295288797,4.786381865974234,22.937234073712116,True,0.6968786120414734,379.0,129.5,True,OFFBOARD
27.452,TAKEOFF,True,-12.673287322273872,-5.9363715418535445,17.087325337304105,0.04322674422842284,0.02120361619399047,1.2147206597419962,-0.0020082693014725063,0.0011291818603829924,-0.006688786297964836,10.000000003626253,7.924202100084607e-08,0.04992755344959976,0.0,0.0,0.0,0.0,-2.4940650090687922e-08,23.437543945272342,0.29736384749412537,0.06706500798463821,16.92302894592285,0.013352632522583008,0.004789144266396761,1.1415601968765259,22.9069193082249,4.81928025830449,23.10358301037381,True,0.7738715410232544,383.0,147.0,True,OFFBOARD
27.552,TAKEOFF,True,-12.668989283366512,-5.934187249858367,17.20900851872954,0.04274595436928052,0.022417949674505548,1.2191019803143983,-0.001964400094296522,0.0010850313703530433,-0.0067132808972281965,10.000000003626253,7.924202100084607e-08,0.04992755344959976,0.0,0.0,0.0,0.0,-2.4940650090687922e-08,23.43283283238816,0.30057376623153687,0.06833840161561966,17.035465240478516,0.0120470579713583,0.004623916931450367,1.1418308019638062,22.92056325176673,4.815651527888944,23.11278663953375,True,0.7738715410232544,383.0,147.0,True,OFFBOARD
27.652,TAKEOFF,True,-12.664735188836875,-5.931883929994386,17.331194329576046,0.04239648895234919,0.023598889147455986,1.2244618454620508,-0.0020351282323169398,0.001332191765073625,-0.006743168350705703,10.000000003626253,7.924202100084607e-08,0.04992755344959976,0.0,0.0,0.0,0.0,-2.4940650090687922e-08,23.42813413918213,0.30566442012786865,0.06900821626186371,17.150772094726562,0.011981934309005737,0.0037486806977540255,1.1448556184768677,22.93646724989851,4.81848987617024,23.123814840068256,True,0.7738715410232544,383.0,147.0,True,OFFBOARD
27.752,TAKEOFF,True,-12.660503253810903,-5.929457820798829,17.453800861768794,0.042259579488151816,0.024908092994781195,1.226920063116153,-0.002284739667585945,0.001393613225736328,-0.00670163667386866,10.000000003626253,7.924202100084607e-08,0.04992755344959976,0.0,0.0,0.0,0.0,-2.4940650090687922e-08,23.423425856792957,0.31236228346824646,0.06927289068698883,17.278106689453125,0.012738163582980633,0.003299986943602562,1.1469508409500122,22.818547799766943,4.78743028253924,22.995421189192065,True,0.8417978286743164,386.5,166.5,True,OFFBOARD
27.852,TAKEOFF,True,-12.656118508590822,-5.926786570183589,17.581396453849386,0.0420240327818397,0.026414267422216118,1.2266109804810084,-0.002398218808456212,0.001137104732760213,-0.006648842949611657,10.000000003626253,7.924202100084607e-08,0.04992755344959976,0.0,0.0,0.0,0.0,-2.4940650090687922e-08,23.418507766880342,0.31710371375083923,0.06947249919176102,17.394981384277344,0.013056041672825813,0.002797000575810671,1.1460931301116943,22.84592319324777,4.790737611772747,23.018211298948376,True,0.8417978286743164,386.5,166.5,True,OFFBOARD
27.951999999999998,TAKEOFF,True,-12.652106869844745,-5.924178473087378,17.699120991896443,0.04153476880497375,0.02788548592577441,1.2261167126151706,-0.0025890060063402127,0.0009244770318101043,-0.006617109106229158,10.000000003626253,7.924202100084607e-08,0.04992755344959976,0.0,0.0,0.0,0.0,-2.4940650090687922e-08,23.413966714912526,0.3209676444530487,0.06970994174480438,17.52008056640625,0.011834324337542057,0.002756711095571518,1.1436049938201904,22.756786809080584,4.7716874814895895,22.923232197317475,True,0.8417978286743164,386.5,166.5,True,OFFBOARD
28.052,TAKEOFF,True,-12.647980145569806,-5.9213070411187045,17.821762646076234,0.041072875442833785,0.029461563760291545,1.2268534916377614,-0.0025673131322326076,0.0011671748398680533,-0.0065939998175063635,10.000000003626253,7.924202100084607e-08,0.04992755344959976,0.0,0.0,0.0,0.0,-2.4940650090687922e-08,23.40924780619859,0.32464778423309326,0.0704660415649414,17.637096405029297,0.012327113188803196,0.0024161022156476974,1.1437480449676514,22.764037111997034,4.76956813856997,22.926136916651338,True,0.8417978286743164,386.5,166.5,True,OFFBOARD
28.152,TAKEOFF,True,-12.64388855838535,-5.918280791758637,17.944432326583797,0.04076451197710146,0.031009729645737952,1.2262711005856475,-0.00264427563175969,0.0011218710968274907,-0.006562069042941702,10.000000003626253,7.924202100084607e-08,0.04992755344959976,0.0,0.0,0.0,0.0,-2.4940650090687922e-08,23.40452387203919,0.3286285698413849,0.07162345945835114,17.76466941833496,0.012068246491253376,0.002925011096522212,1.1434537172317505,22.757871882419614,4.763900840168519,22.91480793269626,True,0.8417415022850037,388.5,182.0,True,OFFBOARD
28.252,TAKEOFF,True,-12.63983276138496,-5.915102067010487,18.066982542948296,0.040345347225302954,0.03247201388176463,1.224896381186809,-0.0024858826570249206,0.0010117903069168466,-0.006595805301844815,10.000000003626253,7.924202100084607e-08,0.04992755344959976,0.0,0.0,0.0,0.0,-2.4940650090687922e-08,23.399796174930167,0.33135727047920227,0.07252427190542221,17.880903244018555,0.010301487520337105,0.003467132803052664,1.1401864290237427,22.848905564761207,4.781503103668075,23.004661762853875,True,0.8417415022850037,388.5,182.0,True,OFFBOARD
28.352,TAKEOFF,True,-12.635817259651857,-5.911791050719972,18.189465998081207,0.040050913752597984,0.03365836047544459,1.2249881168424483,-0.00230891997270184,0.0014230237490942242,-0.006634786061675436,10.000000003626253,7.924202100084607e-08,0.04992755344959976,0.0,0.0,0.0,0.0,-2.4940650090687922e-08,23.395074215330382,0.3333776891231537,0.07337143272161484,18.005834579467773,0.007488314528018236,0.0037008612416684628,1.1396750211715698,22.690698773533054,4.745805545344759,22.840346902098574,True,0.8417415022850037,388.5,182.0,True,OFFBOARD
28.452,TAKEOFF,True,-12.631803651933877,-5.908367911207354,18.311996449014856,0.04031024083171632,0.03476589426691779,1.2255251151641513,-0.002389859509319625,0.001990694510101777,-0.006690331071236757,10.000000003626253,7.924202100084607e-08,0.04992755344959976,0.0,0.0,0.0,0.0,-2.4940650090687922e-08,23.390325970674105,0.3371495008468628,0.07515200227499008,18.122882843017578,0.007222431246191263,0.0035424663219600916,1.1400721073150635,22.662817553609347,4.7406966379203075,22.807953892213526,True,0.8382998108863831,390.5,195.0,True,OFFBOARD
28.552,TAKEOFF,True,-12.62773869987561,-5.904831119891422,18.43449910788447,0.040980549038614214,0.03593091783604694,1.2244262051344217,-0.00247766908819413,0.002088110893579701,-0.006689600351322689,10.000000003626253,7.924202100084607e-08,0.04992755344959976,0.0,0.0,0.0,0.0,-2.4940650090687922e-08,23.385499573971387,0.3426136374473572,0.07773344218730927,18.250455856323242,0.008617176674306393,0.004008999094367027,1.1380245685577393,22.86950636142597,4.7827342742797,23.012994777464982,True,0.8382998108863831,390.5,195.0,True,OFFBOARD
28.652,TAKEOFF,True,-12.623615986241868,-5.901175317268458,18.556878020112773,0.04136996863821006,0.03714600809595923,1.2233848304068569,-0.002559696952410231,0.001633134675811897,-0.006683155833998252,10.000000003626253,7.924202100084607e-08,0.04992755344959976,0.0,0.0,0.0,0.0,-2.4940650090687922e-08,23.380587492990784,0.3463626801967621,0.07957583665847778,18.366443634033203,0.007486180402338505,0.004029770847409964,1.1355273723602295,22.764289747348588,4.758468476482761,22.90099321695765,True,0.8382998108863831,390.5,195.0,True,OFFBOARD
28.752,TAKEOFF,True,-12.619474860017576,-5.897399202624835,18.67921963675361,0.041426905420404836,0.03830128731219796,1.223794507762882,-0.002426404634715957,0.0015063462854543125,-0.006709341595951133,10.000000003626253,7.924202100084607e-08,0.04992755344959976,0.0,0.0,0.0,0.0,-2.4940650090687922e-08,23.375627508085827,0.34922298789024353,0.0811738669872284,18.490482330322266,0.0059844013303518295,0.004274000879377127,1.133021593093872,22.776796386544415,4.760921813200519,22.910610847205877,True,0.8382998108863831,390.5,195.0,True,OFFBOARD
28.852,TAKEOFF,True,-12.615327075351967,-5.893517946429136,18.801706628592438,0.041579171176473875,0.039246857209858925,1.2259034702792768,-0.002232034580697151,0.0017898240962267206,-0.006769733528589489,10.000000003626253,7.924202100084607e-08,0.04992755344959976,0.0,0.0,0.0,0.0,-2.4940650090687922e-08,23.370634856761512,0.35422828793525696,0.0835680142045021,18.608810424804688,0.007475101388990879,0.005081158597022295,1.1344194412231445,22.664472234996246,4.735291794205899,22.790031134309626,True,0.8340374231338501,394.0,207.5,True,OFFBOARD
28.951999999999998,TAKEOFF,True,-12.610987074472872,-5.889394885920779,18.92915597476601,0.04182218941039059,0.03997026535987234,1.2242594531582547,-0.0020217432419704926,0.0015265062264493462,-0.006799347763275355,10.000000003626253,7.924202100084607e-08,0.04992755344959976,0.0,0.0,0.0,0.0,-2.4940650090687922e-08,23.365395560564572,0.3612954318523407,0.08668844401836395,18.73939323425293,0.009663308970630169,0.005275240633636713,1.1341246366500854,22.781126800511693,4.75544136589891,22.900788031085085,True,0.8340374231338501,394.0,207.5,True,OFFBOARD
29.052,TAKEOFF,True,-12.606813645119363,-5.885371097075903,19.051370475649758,0.0415524458708699,0.04046965245348521,1.220171061086408,-0.001976397433051449,0.0009008188051901672,-0.006824597903409055,10.000000003626253,7.924202100084607e-08,0.04992755344959976,0.0,0.0,0.0,0.0,-2.4940650090687922e-08,23.360342832076437,0.3662690818309784,0.08882412314414978,18.85764503479004,0.010691159404814243,0.004070542752742767,1.1311752796173096,22.70114483891439,4.738461677900187,22.813719654518202,True,0.8340374231338501,394.0,207.5,True,OFFBOARD
29.152,TAKEOFF,True,-12.60286227443673,-5.881458978693545,19.16833557753389,0.0407355657448682,0.04103225364288023,1.216978908729171,-0.00213082742156858,0.0005059111650219747,-0.006893129987163312,10.000000003626253,7.924202100084607e-08,0.04992755344959976,0.0,0.0,0.0,0.0,-2.4940650090687922e-08,23.355533473060618,0.37026605010032654,0.09060221165418625,18.984130859375,0.008876717649400234,0.00506290839985013,1.1272066831588745,22.769325406004928,4.76059192569447,22.88070505816155,True,0.8285114765167236,398.0,219.5,True,OFFBOARD
29.252,TAKEOFF,True,-12.598677299577883,-5.877154979717539,19.294817660356923,0.039849180715527274,0.04169310580638697,1.215688879768387,-0.002012055814264928,0.0008542087315488858,-0.006971550077854219,10.000000003626253,7.924202100084607e-08,0.04992755344959976,0.0,0.0,0.0,0.0,-2.4940650090687922e-08,23.350399727657933,0.37566623091697693,0.09343574196100235,19.10218620300293,0.009679201059043407,0.0069868117570877075,1.12626314163208,22.81508431149027,4.770937777989671,22.92174751391813,True,0.8285114765167236,398.0,219.5,True,OFFBOARD
29.352,TAKEOFF,True,-12.59487567672196,-5.87313555537996,19.411407200757086,0.03938919047298372,0.04194943075427077,1.2131105381344143,-0.0015282304336548024,0.0009502315086386178,-0.007060447573841619,10.000000003626253,7.924202100084607e-08,0.04992755344959976,0.0,0.0,0.0,0.0,-2.4940650090687922e-08,23.34570901028833,0.38270020484924316,0.09723465144634247,19.231048583984375,0.01030914206057787,0.006734411232173443,1.1242161989212036,22.830628614693072,4.773126022030057,22.92975032578796,True,0.8285114765167236,398.0,219.5,True,OFFBOARD
29.452,TAKEOFF,True,-12.590965487816922,-5.868945813607713,19.532548980378362,0.03878915952282242,0.04183071772897788,1.2100526680244565,-0.0014151558936953891,0.0006443258720963294,-0.007100510950497172,10.000000003626253,7.924202100084607e-08,0.04992755344959976,0.0,0.0,0.0,0.0,-2.4940650090687922e-08,23.340870757723977,0.38758012652397156,0.09985553473234177,19.347137451171875,0.010989370755851269,0.006554042920470238,1.1215723752975464,22.87601852032813,4.781329607469394,22.970547683623792,True,0.8285114765167236,398.0,219.5,True,OFFBOARD
29.552,TAKEOFF,True,-12.58713354205106,-5.864766355028809,19.65347486496516,0.03782998934637464,0.04177377958010794,1.2089839215376974,-0.001489191659422459,0.00032877213058726693,-0.007121136037600416,10.000000003626253,7.924202100084607e-08,0.04992755344959976,0.0,0.0,0.0,0.0,-2.4940650090687922e-08,23.3361112257122,0.39149001240730286,0.10210743546485901,19.47096824645996,0.009504907764494419,0.0071313949301838875,1.1195260286331177,22.731737820426023,4.751028025074075,22.818832896802103,True,0.8459089994430542,399.5,235.5,True,OFFBOARD
29.652,TAKEOFF,True,-12.583402029622894,-5.860590243071145,19.774412639665105,0.03688980619204483,0.041752519323797,1.20997852658272,-0.0015065019762893232,0.0006039077894159431,-0.007150850805159234,10.000000003626253,7.924202100084607e-08,0.04992755344959976,0.0,0.0,0.0,0.0,-2.4940650090687922e-08,23.331450154702182,0.39564478397369385,0.10508178174495697,19.58647346496582,0.008324278518557549,0.008330223150551319,1.120290994644165,22.868407269851392,4.780621737978585,22.953991540231282,True,0.8459089994430542,399.5,235.5,True,OFFBOARD
29.752,TAKEOFF,True,-12.5797448086629,-5.856419169682648,19.89542972028983,0.03633368146180951,0.04162923140898632,1.2100493751081216,-0.0012672123819772074,0.0009286365535582811,-0.007191561904399114,10.000000003626253,7.924202100084607e-08,0.04992755344959976,0.0,0.0,0.0,0.0,-2.4940650090687922e-08,23.326862673906113,0.40035080909729004,0.10882890224456787,19.712520599365234,0.006859943736344576,0.008864847011864185,1.1212480068206787,22.74601933255914,4.750590063080315,22.82268276155713,True,0.8459089994430542,399.5,235.5,True,OFFBOARD
29.852,TAKEOFF,True,-12.576126688748797,-5.852273967830981,20.016398150641198,0.03609155821840988,0.04125424476221041,1.2093829484392982,-0.001066409820214052,0.0012031882426497436,-0.007212487763587569,10.000000003626253,7.924202100084607e-08,0.04992755344959976,0.0,0.0,0.0,0.0,-2.4940650090687922e-08,23.322319952187716,0.40533676743507385,0.11444395780563354,19.831279754638672,0.006277948617935181,0.00923866592347622,1.121948480606079,22.747602025491528,4.743452439010112,22.81675998866665,True,0.857036292552948,403.5,249.5,True,OFFBOARD
29.951999999999998,TAKEOFF,True,-12.572520262423014,-5.848174747565864,20.137157946088404,0.036063666038377455,0.0407091649381356,1.205349205460109,-0.0007562252131581975,0.001314541222071673,-0.0071991642504613835,10.000000003626253,7.924202100084607e-08,0.04992755344959976,0.0,0.0,0.0,0.0,-2.4940650090687922e-08,23.31780049588971,0.41104856133461,0.12199734151363373,19.961353302001953,0.006952980998903513,0.01144650299102068,1.1196942329406738,22.749106848977735,4.739584087852703,22.81032563165436,True,0.857036292552948,403.5,249.5,True,OFFBOARD
30.052,TAKEOFF,True,-12.56877261425227,-5.843997128876579,20.262242299950746,0.035972195988287,0.03953820329392805,1.2004008056814393,4.4871327693178444e-05,0.0011021964137936874,-0.007166295597684052,10.000000003626253,7.924202100084607e-08,0.04992755344959976,0.0,0.0,0.0,0.0,-2.4940650090687922e-08,23.313125076788857,0.4149361252784729,0.12751124799251556,20.078250885009766,0.007684179116040468,0.013541800901293755,1.1165663003921509,22.809399116930493,4.744955392296547,22.865536580413753,True,0.857036292552948,403.5,249.5,True,OFFBOARD
30.152,TAKEOFF,True,-12.565192165945925,-5.840133447307501,20.382118240678796,0.03559975556473641,0.037705217604405435,1.1976676340876027,0.0007065131196717692,0.0008243144361236751,-0.0071683735117580236,10.000000003626253,7.924202100084607e-08,0.04992755344959976,0.0,0.0,0.0,0.0,-2.4940650090687922e-08,23.308690595090262,0.4179953634738922,0.13229182362556458,20.202880859375,0.006889523938298225,0.014306802302598953,1.1138861179351807,22.79936921484974,4.738562369984719,22.85046222336228,True,0.857036292552948,403.5,249.5,True,OFFBOARD
30.252,TAKEOFF,True,-12.561798132382856,-5.83661966875539,20.49705385732718,0.03513100849945461,0.03557478748337473,1.1971762692767711,0.0008514854600021482,0.0008258518169150127,-0.00713115755584319,10.000000003626253,7.924202100084607e-08,0.04992755344959976,0.0,0.0,0.0,0.0,-2.4940650090687922e-08,23.30452456525851,0.4209180176258087,0.1375490128993988,20.318906784057617,0.006906499154865742,0.014419756829738617,1.1135969161987305,22.847601619442514,4.7398908606519,22.89405354801915,True,0.8712208271026611,405.5,261.0,True,OFFBOARD
30.352,TAKEOFF,True,-12.558169069656904,-5.833039721430267,20.62151004485698,0.0347128358435905,0.03338283592964598,1.1958416143026716,0.0008247548240685856,0.0010188487507947984,-0.007136844544838491,10.000000003626253,7.924202100084607e-08,0.04992755344959976,0.0,0.0,0.0,0.0,-2.4940650090687922e-08,23.300114704761768,0.4243611693382263,0.1443537026643753,20.44594955444336,0.005379409529268742,0.015887388959527016,1.1138700246810913,22.742165957962275,4.723559489643869,22.782746459165914,True,0.8712208271026611,405.5,261.0,True,OFFBOARD
30.452,TAKEOFF,True,-12.554844709824588,-5.8299396003935104,20.736218480526116,0.03458300801434224,0.031237842002412163,1.1943171226617098,0.0012082542984941992,0.0012046033225564775,-0.007126328779303337,10.000000003626253,7.924202100084607e-08,0.04992755344959976,0.0,0.0,0.0,0.0,-2.4940650090687922e-08,23.29612020736651,0.42652663588523865,0.14938916265964508,20.560644149780273,0.004842751659452915,0.016964878886938095,1.1113524436950684,22.877889858167123,4.750140647626004,22.917910567179806,True,0.8712208271026611,405.5,261.0,True,OFFBOARD
30.552,TAKEOFF,True,-12.551386845170743,-5.82694530838751,20.855672489925347,0.034623676727565604,0.02870539439269847,1.1950913646529955,0.0015403971101930806,0.0015129403623239696,-0.007081947308622669,10.000000003626253,7.924202100084607e-08,0.04992755344959976,0.0,0.0,0.0,0.0,-2.4940650090687922e-08,23.292023127124686,0.42803052067756653,0.15378911793231964,20.68334197998047,0.003553507849574089,0.017042838037014008,1.1102443933486938,22.79732477291772,4.7326601261149746,22.83312035296271,True,0.8712208271026611,405.5,261.0,True,OFFBOARD
30.652,TAKEOFF,True,-12.54790489193134,-5.82421426342014,20.975307902518527,0.0350561685426405,0.02603313048577087,1.197618311797091,0.0015703575511675344,0.0018636683764097514,-0.007095512067709701,10.000000003626253,7.924202100084607e-08,0.04992755344959976,0.0,0.0,0.0,0.0,-2.4940650090687922e-08,23.287968736847393,0.4311785399913788,0.15789641439914703,20.808252334594727,0.003791632829234004,0.015922805294394493,1.1135374307632446,22.8432223418635,4.738389185248345,22.87532778783369,True,0.8586174249649048,410.0,274.5,True,OFFBOARD
30.752,TAKEOFF,True,-12.544365984738807,-5.821741027229475,21.09510113945143,0.03568681472594084,0.023595138001146907,1.1977088663818607,0.0012810221887562569,0.0017770935328502303,-0.007149923292546387,10.000000003626253,7.924202100084607e-08,0.04992755344959976,0.0,0.0,0.0,0.0,-2.4940650090687922e-08,23.28392379578947,0.4348599910736084,0.16124215722084045,20.925033569335938,0.004996644798666239,0.013615603558719158,1.1151741743087769,22.752858143786046,4.720864396387846,22.779007803422477,True,0.8586174249649048,410.0,274.5,True,OFFBOARD
30.852,TAKEOFF,True,-12.540783694055206,-5.819489022248153,21.21480266777532,0.03584055097770955,0.02160733952054746,1.1963964576940365,0.000878110684784372,0.0011612377784400343,-0.007175723918299244,10.000000003626253,7.924202100084607e-08,0.04992755344959976,0.0,0.0,0.0,0.0,-2.4940650090687922e-08,23.279892248634336,0.4391464293003082,0.1654558777809143,21.043262481689453,0.006199422292411327,0.013610325753688812,1.1152287721633911,22.75399189340783,4.7193761556265486,22.774778110532136,True,0.8586174249649048,410.0,274.5,True,OFFBOARD
30.951999999999998,TAKEOFF,True,-12.53721411370403,-5.817414427164754,21.334283899757718,0.035506034559596986,0.019951096828859215,1.1930527937677362,0.0009309126735019995,0.0008105991682393123,-0.0071959702831424005,10.000000003626253,7.924202100084607e-08,0.04992755344959976,0.0,0.0,0.0,0.0,-2.4940650090687922e-08,23.275917419292917,0.4439980089664459,0.1706223040819168,21.170856475830078,0.006455132272094488,0.014576283283531666,1.1137261390686035,22.742640593029954,4.716892007195641,22.757373075670667,True,0.8524598479270935,414.0,287.5,True,OFFBOARD
31.052,TAKEOFF,True,-12.533692446738009,-5.815512887369016,21.453420073743086,0.03494036136668287,0.018095419740259917,1.1902339710436913,0.001318363802688288,0.0007077535420348299,-0.0071990436770311104,10.000000003626253,7.924202100084607e-08,0.04992755344959976,0.0,0.0,0.0,0.0,-2.4940650090687922e-08,23.27203228152678,0.44725826382637024,0.17439305782318115,21.28598403930664,0.006411585956811905,0.014375590719282627,1.1101628541946411,22.713697952597094,4.70692277385299,22.723075540964018,True,0.8524598479270935,414.0,287.5,True,OFFBOARD
31.152,TAKEOFF,True,-12.53022936107915,-5.8138133530071086,21.57242800279869,0.034358052732943886,0.015946938111414507,1.1903251635413579,0.00158485390165531,0.0007866943754246216,-0.0072269447005718765,10.000000003626253,7.924202100084607e-08,0.04992755344959976,0.0,0.0,0.0,0.0,-2.4940650090687922e-08,23.26825437911564,0.449667751789093,0.17763781547546387,21.407861709594727,0.0040314593352377415,0.014878143556416035,1.1092250347137451,22.937402409842655,4.753166768202432,22.948500501084297,True,0.8524598479270935,414.0,287.5,True,OFFBOARD
31.252,TAKEOFF,True,-12.5268109790893,-5.812334911634144,21.691579702439366,0.03411880242941021,0.013710305692298337,1.1930235263646876,0.001691087701014486,0.001347274015317742,-0.007267395137930809,10.000000003626253,7.924202100084607e-08,0.04992755344959976,0.0,0.0,0.0,0.0,-2.4940650090687922e-08,23.264575025071004,0.4527823328971863,0.17968504130840302,21.52068519592285,0.003046779427677393,0.01480433251708746,1.1111787557601929,22.8057100688086,4.725973898779798,22.810570373018876,True,0.8524598479270935,414.0,287.5,True,OFFBOARD
31.352,TAKEOFF,True,-12.523386022134618,-5.81108167553921,21.81101124935858,0.03441464257061669,0.011446329847179165,1.1952027895233197,0.001772930197272305,0.0016067013758151983,-0.007328457321832042,10.000000003626253,7.924202100084607e-08,0.04992755344959976,0.0,0.0,0.0,0.0,-2.4940650090687922e-08,23.260945578935335,0.45677822828292847,0.18113036453723907,21.643644332885742,0.003668071934953332,0.013510099612176418,1.1142157316207886,22.79459623178529,4.71924937173838,22.79413602839806,True,0.8622986078262329,417.5,301.5,True,OFFBOARD
31.452,TAKEOFF,True,-12.519927213474082,-5.810050231752371,21.930628607376754,0.03474092919376289,0.00934168631561649,1.197220830054564,0.0014424233449273325,0.0015693603930502387,-0.007395792390409585,10.000000003626253,7.924202100084607e-08,0.04992755344959976,0.0,0.0,0.0,0.0,-2.4940650090687922e-08,23.25733876607086,0.4593735933303833,0.18220138549804688,21.755796432495117,0.003711753524839878,0.013139981776475906,1.1157705783843994,22.73498112155287,4.70407471408759,22.729936848817065,True,0.8622986078262329,417.5,301.5,True,OFFBOARD
31.552,TAKEOFF,True,-12.516298265026634,-5.8091735614850775,22.055296293704703,0.03501313469097212,0.007660881419269912,1.2004096445865549,0.0010748784878235583,0.0014570206528636085,-0.007482923132794227,10.000000003626253,7.924202100084607e-08,0.04992755344959976,0.0,0.0,0.0,0.0,-2.4940650090687922e-08,23.253605873306178,0.461322546005249,0.1832137107849121,21.876924514770508,0.003710866905748844,0.012366781942546368,1.1182184219360352,22.71537975786564,4.692336694238477,22.706282224720646,True,0.8622986078262329,417.5,301.5,True,OFFBOARD
31.652,TAKEOFF,True,-12.512928943320054,-5.808502777968428,22.17071813111247,0.03517692886109851,0.006393108975149581,1.20408660054818,0.0009740366585366156,0.001456521014649818,-0.007567820765882973,10.000000003626253,7.924202100084607e-08,0.04992755344959976,0.0,0.0,0.0,0.0,-2.4940650090687922e-08,23.25017581035625,0.4654152989387512,0.1844843477010727,21.991025924682617,0.004422768484801054,0.012388160452246666,1.1215696334838867,22.678229696304474,4.683998320762726,22.66395264391441,True,0.8622986078262329,417.5,301.5,True,OFFBOARD
31.752,TAKEOFF,True,-12.509403826873198,-5.807927771452434,22.291241129306634,0.03528456645300691,0.005155619364692251,1.205863450724497,0.0010521691691173132,0.0012282437031439855,-0.007666977347561723,10.000000003626253,7.924202100084607e-08,0.04992755344959976,0.0,0.0,0.0,0.0,-2.4940650090687922e-08,23.246618823462814,0.4714201092720032,0.18606692552566528,22.115442276000977,0.006625774782150984,0.012719678692519665,1.1241332292556763,22.847755630009537,4.724105016350575,22.831867664525348,True,0.8690837025642395,420.0,312.0,True,OFFBOARD
31.852,TAKEOFF,True,-12.505887772052727,-5.807483300710466,22.411866352008023,0.03494976578326865,0.003740656602038204,1.2066621399609,0.0013771592522724265,0.0006612685478355235,-0.007680073052233418,10.000000003626253,7.924202100084607e-08,0.04992755344959976,0.0,0.0,0.0,0.0,-2.4940650090687922e-08,23.24310323041828,0.4755460321903229,0.18740515410900116,22.228900909423828,0.006708803586661816,0.013300607912242413,1.1247130632400513,22.72742212458403,4.692641090033057,22.703372887515723,True,0.8690837025642395,420.0,312.0,True,OFFBOARD
31.951999999999998,TAKEOFF,True,-12.50229510863428,-5.80718414340621,22.537453024250006,0.03413830356633547,0.002064849436564542,1.2087056693093667,0.0014961238615665787,0.0004787839293626946,-0.0076456753903456735,10.000000003626253,7.924202100084607e-08,0.04992755344959976,0.0,0.0,0.0,0.0,-2.4940650090687922e-08,23.23954977866479,0.47872301936149597,0.18869899213314056,22.351139068603516,0.005172620993107557,0.012767436914145947,1.1253340244293213,22.744073931278738,4.6872765990330185,22.71526032684008,True,0.8690837025642395,420.0,312.0,True,OFFBOARD
32.052,TAKEOFF,True,-12.499052187979354,-5.8070612890474615,22.653617989414563,0.03349962614301569,0.0005859922778872884,1.2112941130667192,0.0013579888171263022,0.0007718167052403435,-0.007628557358258109,10.000000003626253,7.924202100084607e-08,0.04992755344959976,0.0,0.0,0.0,0.0,-2.4940650090687922e-08,23.236379047856687,0.4813286066055298,0.18897145986557007,22.466808319091797,0.0036551491357386112,0.011368618346750736,1.1277527809143066,22.666436084686065,4.671758016997051,22.63347894449246,True,0.8690837025642395,420.0,312.0,True,OFFBOARD
32.152,TAKEOFF,True,-12.495718114688689,-5.807070732929511,22.77477944596746,0.03327011618616331,-0.0006569907734861764,1.2112705608537848,0.0010266721323517085,0.0011977807707726645,-0.007618093614753259,10.000000003626253,7.924202100084607e-08,0.04992755344959976,0.0,0.0,0.0,0.0,-2.4940650090687922e-08,23.233153145370895,0.4837672710418701,0.1885910928249359,22.59465789794922,0.003828595858067274,0.01123400591313839,1.1290175914764404,22.787028535241273,4.691626704581437,22.7533028973792,True,0.8730137348175049,421.0,326.5,True,OFFBOARD
32.252,TAKEOFF,True,-12.492389408637578,-5.807187614210686,22.895802249777937,0.033317330833158486,-0.0016332028328961982,1.2093183754783143,0.0010276382923899428,0.001317745888489491,-0.007645532920289,10.000000003626253,7.924202100084607e-08,0.04992755344959976,0.0,0.0,0.0,0.0,-2.4940650090687922e-08,23.229959327986496,0.4853009283542633,0.18859651684761047,22.711013793945312,0.0032426200341433287,0.012466237880289555,1.1266852617263794,22.8981790135312,4.714655076394903,22.865308004605055,True,0.8730137348175049,421.0,326.5,True,OFFBOARD
32.352,TAKEOFF,True,-12.48904863481446,-5.807407910923292,23.016678817262285,0.03352153831273187,-0.0027821706204329538,1.208499617438727,0.0014030964887712877,0.0014691600648356362,-0.007715721340666293,10.000000003626253,7.924202100084607e-08,0.04992755344959976,0.0,0.0,0.0,0.0,-2.4940650090687922e-08,23.22677972139892,0.48632633686065674,0.1889275163412094,22.834897994995117,0.0020717810839414597,0.013383504934608936,1.125611662864685,22.746347147444098,4.680860599217715,22.708720556399655,True,0.8730137348175049,421.0,326.5,True,OFFBOARD
32.452,TAKEOFF,True,-12.485683898430064,-5.807760378144752,23.137559974090728,0.03378430419721234,-0.004247093067004065,1.2092912391846955,0.0016983378260567708,0.0016092600017376451,-0.007760517568949137,10.000000003626253,7.924202100084607e-08,0.04992755344959976,0.0,0.0,0.0,0.0,-2.4940650090687922e-08,23.223610013810944,0.4886825680732727,0.18881066143512726,22.950410842895508,0.002455873414874077,0.01324512530118227,1.1260257959365845,22.585429746016924,4.6522231238723,22.54303188694458,True,0.8851879239082336,423.0,338.5,True,OFFBOARD
32.552,TAKEOFF,True,-12.482283138218028,-5.808269352221037,23.258494446333604,0.034213028392822316,-0.005860006216133516,1.2089950040344124,0.0017139861158217192,0.0016073469303277519,-0.00778764906015217,10.000000003626253,7.924202100084607e-08,0.04992755344959976,0.0,0.0,0.0,0.0,-2.4940650090687922e-08,23.220444635245975,0.4929727613925934,0.18811698257923126,23.076534271240234,0.00385562633164227,0.012390578165650368,1.1271097660064697,22.736618747025,4.681598615086148,22.692976092082272,True,0.8851879239082336,423.0,338.5,True,OFFBOARD
32.652,TAKEOFF,True,-12.478849366882411,-5.808930897064228,23.379323530464834,0.03437765752480647,-0.007249844529220582,1.2076932911962395,0.0013857288221210517,0.0011522777836341538,-0.007752773510319056,10.000000003626253,7.924202100084607e-08,0.04992755344959976,0.0,0.0,0.0,0.0,-2.4940650090687922e-08,23.217285545677125,0.4969996213912964,0.18746265769004822,23.193531036376953,0.004286150448024273,0.011485003866255283,1.126421332359314,22.715069037171908,4.673001194421114,22.666333283726004,True,0.8851879239082336,423.0,338.5,True,OFFBOARD
32.752,TAKEOFF,True,-12.475425899301444,-5.80970822827186,23.499998158262763,0.034029104743359295,-0.008187142554316084,1.2056864725495173,0.0010268296054762413,0.00068739710514295,-0.007689765968886886,10.000000003626253,7.924202100084607e-08,0.04992755344959976,0.0,0.0,0.0,0.0,-2.4940650090687922e-08,23.21416550592308,0.5012755990028381,0.18687577545642853,23.319713592529297,0.005479244515299797,0.011565253138542175,1.124679446220398,22.710189787161898,4.66852148143918,22.656588835280708,True,0.8851879239082336,423.0,338.5,True,OFFBOARD
32.852,TAKEOFF,True,-12.471925044941802,-5.8106004538334695,23.625138628668864,0.03326892841240455,-0.008939018273369714,1.196943563572345,0.0010608368226336052,0.00035584447418372794,-0.0076804112364273775,10.000000003626253,7.924202100084607e-08,0.04992755344959976,0.0,0.0,0.0,0.0,-2.4940650090687922e-08,23.210999417160767,0.5043166279792786,0.18678340315818787,23.443981170654297,0.004690098110586405,0.01250365749001503,1.1180171966552734,22.580469927185867,4.637057641570027,22.520246119595186,True,0.8815780878067017,425.0,349.0,True,OFFBOARD
32.952,TAKEOFF,True,-12.468772319748727,-5.811495692032513,23.738063538660057,0.03248378365772849,-0.00971661707805706,1.1507281831422695,0.0013724541483212764,0.0005642153945736847,-0.007690778133811752,10.000000003626253,7.924202100084607e-08,0.04992755344959976,0.0,0.0,0.0,0.0,-2.4940650090687922e-08,23.20817125107455,0.5061229467391968,0.18706168234348297,23.556211471557617,0.002619789447635412,0.01281476579606533,1.0773930549621582,22.707698301239592,4.657145273305412,22.6471100922777,True,0.8815780878067017,425.0,349.0,True,OFFBOARD
33.052,TAKEOFF,True,-12.465548877856286,-5.812522280283564,23.849489570133944,0.03208787352876784,-0.010813341196972163,1.078819395781529,0.0016861407953678636,0.0011089671936003011,-0.007650036496655095,10.000000003626253,7.924202100084607e-08,0.04992755344959976,0.0,0.0,0.0,0.0,-2.4940650090687922e-08,23.20530764127609,0.5090365409851074,0.18613852560520172,23.666095733642578,0.00020967875025235116,0.011164563708007336,1.011151671409607,22.744864101040537,4.651520084994192,22.67976322079779,True,0.8815780878067017,425.0,349.0,True,OFFBOARD
33.152,TAKEOFF,True,-12.4623364490318,-5.813665231842722,23.95323815960502,0.032248834520876776,-0.011956743002693076,0.9978404767223413,0.0014470890636217562,0.0017321758699758432,-0.0076289395779313715,10.000000003626253,7.924202100084607e-08,0.04992755344959976,0.0,0.0,0.0,0.0,-2.4940650090687922e-08,23.202483989041365,0.5126684904098511,0.18420030176639557,23.77940559387207,-0.002376182936131954,0.008529508486390114,0.9308340549468994,22.8091194864744,4.659619827698519,22.741176463696913,True,0.8882877230644226,427.0,361.0,True,OFFBOARD
33.252,TAKEOFF,True,-12.458948110227352,-5.8149500000374585,24.052361649144206,0.03293821068406034,-0.01261078493881225,0.9116308791842298,0.0007976915548442801,0.0020776412346263633,-0.00764869536976022,10.000000003626253,7.924202100084607e-08,0.04992755344959976,0.0,0.0,0.0,0.0,-2.4940650090687922e-08,23.199525745266445,0.5147691965103149,0.18290981650352478,23.874462127685547,-0.0032676977571099997,0.007829616777598858,0.8520398736000061,22.654775282036972,4.631531423782026,22.582517655742077,True,0.8882877230644226,427.0,361.0,True,OFFBOARD
33.352,TAKEOFF,True,-12.45575012203384,-5.816171106192873,24.136065129384956,0.033643168585520244,-0.012787034427447603,0.836238998373759,0.0005723048716280004,0.0020149800211348022,-0.007697633396388964,10.000000003626253,7.924202100084607e-08,0.04992755344959976,0.0,0.0,0.0,0.0,-2.4940650090687922e-08,23.196735998074523,0.5160495638847351,0.1820685714483261,23.96648406982422,-0.0038420059718191624,0.007645767647773027,0.7696787714958191,22.76348572744744,4.65246580637968,22.69213227728676,True,0.8882877230644226,427.0,361.0,True,OFFBOARD
33.452,TAKEOFF,True,-12.452350601356482,-5.817452725170858,24.216039193593485,0.03432017334541755,-0.012819284242496372,0.7668439224263683,0.0004591309699514242,0.00204085574418301,-0.007695773502591568,10.000000003626253,7.924202100084607e-08,0.04992755344959976,0.0,0.0,0.0,0.0,-2.4940650090687922e-08,23.193766507849467,0.5189704298973083,0.1810600906610489,24.046825408935547,-0.0034231659956276417,0.006766187027096748,0.704764723777771,22.59925399571246,4.617921586964005,22.521648747020773,True,0.8882877230644226,427.0,361.0,True,OFFBOARD
33.552,TAKEOFF,True,-12.448882708039472,-5.818733983196968,24.289286597406413,0.03499585501904213,-0.012793790438870765,0.7012766470624254,0.0003802105109398446,0.0019903387778111422,-0.0076572526334227915,10.000000003626253,7.924202100084607e-08,0.04992755344959976,0.0,0.0,0.0,0.0,-2.4940650090687922e-08,23.190730930514285,0.5231986045837402,0.17977586388587952,24.1280574798584,-0.0035270829685032368,0.006314907222986221,0.6386381387710571,22.729438262913533,4.63748534447796,22.649243995695294,True,0.8801153898239136,430.0,370.5,True,OFFBOARD
33.652,TAKEOFF,True,-12.445352974508838,-5.820007878825158,24.35634671174524,0.03554824805774953,-0.012688306359722207,0.6434790865444001,0.0003797883950327319,0.001838490726086257,-0.007608005927213687,10.000000003626253,7.924202100084607e-08,0.04992755344959976,0.0,0.0,0.0,0.0,-2.4940650090687922e-08,23.18763383670363,0.5257655382156372,0.17907655239105225,24.19408416748047,-0.0038802954368293285,0.0067887636832892895,0.5821120142936707,22.741087718646547,4.637487099940046,22.658286876788406,True,0.8801153898239136,430.0,370.5,True,OFFBOARD
33.752,TAKEOFF,True,-12.441775218206615,-5.821273646693956,24.4180757937317,0.0359881220133946,-0.012658063206094512,0.594337030426039,0.0005863120367240733,0.001843584851135347,-0.007612130213052056,10.000000003626253,7.924202100084607e-08,0.04992755344959976,0.0,0.0,0.0,0.0,-2.4940650090687922e-08,23.184488411425953,0.5274105668067932,0.17876169085502625,24.258243560791016,-0.004350860603153706,0.007248727139085531,0.5296056270599365,22.657551132408692,4.621240133948377,22.57163565563311,True,0.8801153898239136,430.0,370.5,True,OFFBOARD
33.852,TAKEOFF,True,-12.438003052212,-5.822602916680863,24.477508465263274,0.03657376187885397,-0.012934303256030457,0.5508568697146855,0.0008277056676692548,0.0021080878712653205,-0.007633858452628077,10.000000003626253,7.924202100084607e-08,0.04992755344959976,0.0,0.0,0.0,0.0,-2.4940650090687922e-08,23.181170953641168,0.5305334329605103,0.1776382178068161,24.313640594482422,-0.0043198103085160255,0.006911980453878641,0.4895118176937103,22.77984480529135,4.644197467986546,22.69321502295998,True,0.8838270306587219,431.0,377.0,True,OFFBOARD
33.952,TAKEOFF,True,-12.434456920701814,-5.823860513155259,24.52855398461291,0.03727257713988429,-0.013241719833990993,0.5141856111414327,0.0007856337075593163,0.002123756581105335,-0.007637924501124897,10.000000003626253,7.924202100084607e-08,0.04992755344959976,0.0,0.0,0.0,0.0,-2.4940650090687922e-08,23.178054484559517,0.5349127650260925,0.17591220140457153,24.3700008392334,-0.0034849578514695168,0.006708820816129446,0.4503780007362366,22.67217737821796,4.6194225303602225,22.578823454688962,True,0.8838270306587219,431.0,377.0,True,OFFBOARD
34.052,TAKEOFF,True,-12.430697133928271,-5.825199135588653,24.578083742054947,0.03785974513876326,-0.01351443817779227,0.47850721945668206,0.0007769816018146064,0.001927131097937002,-0.0076784280669021775,10.000000003626253,7.924202100084607e-08,0.04992755344959976,0.0,0.0,0.0,0.0,-2.4940650090687922e-08,23.174751777940592,0.5376222729682922,0.17491751909255981,24.41689109802246,-0.0034759773407131433,0.007046962156891823,0.4168414771556854,22.64153524787134,4.613017361064128,22.54505930374536,True,0.8838270306587219,431.0,377.0,True,OFFBOARD
34.152,TAKEOFF,True,-12.42688736106867,-5.826566313021137,24.62420552248906,0.038317473028958805,-0.013832383150290681,0.4458382942497778,0.0008724552123597321,0.0019774680618040333,-0.007673884869415199,10.000000003626253,7.924202100084607e-08,0.04992755344959976,0.0,0.0,0.0,0.0,-2.4940650090687922e-08,23.17140808824883,0.5393860340118408,0.17438802123069763,24.462772369384766,-0.00501287030056119,0.007507887203246355,0.38294944167137146,22.696141419228624,4.621569872108227,22.59865561521542,True,0.8838270306587219,431.0,377.0,True,OFFBOARD
34.252,TAKEOFF,True,-12.42302365158726,-5.827969742690465,24.66730417067288,0.03898184678056275,-0.014239541386749183,0.4174355945222999,0.0009754556414336954,0.0023193366312677798,-0.007664423708448284,10.000000003626253,7.924202100084607e-08,0.04992755344959976,0.0,0.0,0.0,0.0,-2.4940650090687922e-08,23.168021540209697,0.5427639484405518,0.17402228713035583,24.505640029907227,-0.00450984388589859,0.007660037837922573,0.35763487219810486,22.69756104934961,4.621073848090646,22.596709985488765,True,0.8877610564231873,431.5,383.0,True,OFFBOARD
34.352,TAKEOFF,True,-12.419079996423093,-5.829416109165742,24.70750629692887,0.039854241005203815,-0.014673336965996922,0.3871417640980602,0.0010280895904634217,0.0023127793231305983,-0.007662454258309903,10.000000003626253,7.924202100084607e-08,0.04992755344959976,0.0,0.0,0.0,0.0,-2.4940650090687922e-08,23.164568658757346,0.5476335287094116,0.17381906509399414,24.5519962310791,-0.003120369277894497,0.008659403771162033,0.3300256133079529,22.639538822381795,4.6128286667229474,22.533465906245848,True,0.8877610564231873,431.5,383.0,True,OFFBOARD
34.452,TAKEOFF,True,-12.415061683846137,-5.830910785685363,24.74456256857702,0.04042156720946138,-0.01522150249317402,0.35489845292649835,0.001200476774465355,0.0019466995029757677,-0.007690282214727477,10.000000003626253,7.924202100084607e-08,0.04992755344959976,0.0,0.0,0.0,0.0,-2.4940650090687922e-08,23.161055933785068,0.5506613254547119,0.17394879460334778,24.589862823486328,-0.003194238990545273,0.008228194899857044,0.3008008301258087,22.717049472372793,4.634352431210809,22.610704634780657,True,0.8877610564231873,431.5,383.0,True,OFFBOARD
34.552,TAKEOFF,True,-12.411001936736533,-5.832464967217105,24.778527320779542,0.04072817248588997,-0.0158241489961107,0.32628785390393006,0.0011542637926992127,0.0017924859169887414,-0.0077087593054348995,10.000000003626253,7.924202100084607e-08,0.04992755344959976,0.0,0.0,0.0,0.0,-2.4940650090687922e-08,23.15751835774101,0.5526875257492065,0.17428404092788696,24.62622833251953,-0.004901530221104622,0.008419271558523178,0.27127599716186523,22.628704790258467,4.618420719836428,22.51890070771065,True,0.8914698362350464,432.5,387.5,True,OFFBOARD
34.652,TAKEOFF,True,-12.406745726975398,-5.834140116696757,24.811055014179047,0.041192652244012674,-0.0163664253794599,0.30026872991299364,0.0011533088471943392,0.002291927046711332,-0.00771851446819192,10.000000003626253,7.924202100084607e-08,0.04992755344959976,0.0,0.0,0.0,0.0,-2.4940650090687922e-08,23.15382141379051,0.5555775165557861,0.17444433271884918,24.6586971282959,-0.005234843585640192,0.008408835157752037,0.24953815340995789,22.65151296473543,4.624248923757757,22.539545785764023,True,0.8914698362350464,432.5,387.5,True,OFFBOARD
34.752,TAKEOFF,True,-12.402750933957508,-5.835738296674619,24.838724058520484,0.04204860197318741,-0.016920493429225053,0.2769848100778788,0.0012493214388802306,0.0026504818613552546,-0.0077154309213003786,10.000000003626253,7.924202100084607e-08,0.04992755344959976,0.0,0.0,0.0,0.0,-2.4940650090687922e-08,23.150358354970585,0.5593093633651733,0.174485445022583,24.691822052001953,-0.004806251730769873,0.007718178443610668,0.22728322446346283,22.615573824681064,4.614584390751504,22.4987395343688,True,0.8914698362350464,432.5,387.5,True,OFFBOARD
34.852,TAKEOFF,True,-12.398320158726001,-5.837531212001083,24.866202005334607,0.043096603263895285,-0.017519426019670433,0.2526858932888916,0.0011832278511102784,0.002580121392674884,-0.007727007961341185,10.000000003626253,7.924202100084607e-08,0.04992755344959976,0.0,0.0,0.0,0.0,-2.4940650090687922e-08,23.146522798715967,0.5614691972732544,0.17467600107192993,24.718883514404297,-0.0054300506599247456,0.006744981277734041,0.20577454566955566,22.700671324572607,4.632280508017935,22.583500808638185,True,0.8914698362350464,432.5,387.5,True,OFFBOARD
34.952,TAKEOFF,True,-12.39413889195126,-5.839236168941276,24.889441629390408,0.04398023374687876,-0.017949875078204492,0.23275227922198352,0.0009739200630844824,0.0026242011133155744,-0.007746385832108561,10.000000003626253,7.924202100084607e-08,0.04992755344959976,0.0,0.0,0.0,0.0,-2.4940650090687922e-08,23.14290683636166,0.5627432465553284,0.1749614179134369,24.74549674987793,-0.00616484647616744,0.006212135776877403,0.18486471474170685,22.752231575674763,4.636544502041212,22.63358380647445,True,0.8964475393295288,432.5,391.0,True,OFFBOARD
35.052,TRANSIT,True,-12.389691512135707,-5.8410438502916024,24.911750442886856,0.04493436760893105,-0.01817784941496468,0.2145690820034202,0.0008620862187893461,0.002724047369845089,-0.007746385698895144,10.000000003626253,7.924202100084607e-08,0.04992755344959976,0.0,0.0,0.0,0.0,-2.4940650090687922e-08,23.139059625614102,0.5671072602272034,0.17334093153476715,24.767881393432617,-0.005602696910500526,0.006399576552212238,0.16757459938526154,22.594069389859534,4.606347679351767,22.468613875503042,True,0.8964475393295288,432.5,391.0,True,OFFBOARD
35.152,TRANSIT,True,-12.385096422405185,-5.842992218168627,24.933773702350848,0.039943546809647366,-0.020433735067947194,0.20903632673902334,0.00873579297032579,-0.020383202169487708,-0.007637775484065252,10.000000003626253,7.924202100084607e-08,0.04992755344959976,0.0,0.0,0.0,0.0,-2.4940650090687922e-08,23.135105381007573,0.5738950371742249,0.17032252252101898,24.791440963745117,-0.004586143884807825,0.005739881657063961,0.16456744074821472,22.75734744023408,4.633384273641596,22.627957943949284,True,0.8964475393295288,432.5,391.0,True,OFFBOARD
35.252,TRANSIT,True,-12.382903263263664,-5.8455024825452915,24.953145156690628,0.0013130060094743634,-0.03305025610633456,0.1932729162291468,0.020327989584125176,-0.05966608956073851,-0.007856165727240521,10.000000003626253,7.924202100084607e-08,0.04992755344959976,0.0,0.0,0.0,0.0,-2.4940650090687922e-08,23.13361750472272,0.576633870601654,0.16789057850837708,24.8111572265625,-0.040929164737463,-0.00569915259256959,0.1482723355293274,22.276941015441018,4.513501406220829,22.13114691213038,True,0.8964475393295288,432.5,391.0,True,OFFBOARD
35.352,TRANSIT,True,-12.386106307867424,-5.849813298456543,24.97134609510802,-0.06464388163639578,-0.052713920558300605,0.1719615560383595,0.02302662912131224,-0.07322850090016123,-0.007976031682768964,10.000000003626253,7.924202100084607e-08,0.04992755344959976,0.0,0.0,0.0,0.0,-2.4940650090687922e-08,23.137806126411338,0.5725576281547546,0.16450369358062744,24.829999923706055,-0.1079324334859848,-0.023789459839463234,0.12660187482833862,22.509405989301957,4.581169173799667,22.37704739200695,True,0.8805618286132812,432.5,393.0,True,OFFBOARD
35.452,TRANSIT,True,-12.396005272668177,-5.856061401699426,24.987665936869128,-0.12855289947471932,-0.07077876405088396,0.15571274296147408,0.018955884433742843,-0.06186429684776588,-0.007662113233655869,10.000000003626253,7.924202100084607e-08,0.04992755344959976,0.0,0.0,0.0,0.0,-2.4940650090687922e-08,23.14896344125097,0.5664348602294922,0.15855611860752106,24.848012924194336,-0.1695304960012436,-0.03951246663928032,0.11150563508272171,22.76877942562028,4.639480286538127,22.65000630461463,True,0.8805618286132812,432.5,393.0,True,OFFBOARD
35.552,TRANSIT,True,-12.41143672539759,-5.863846851001667,25.00252964819629,-0.17504028572490982,-0.08346203508606716,0.141897012527075,0.013520464452791958,-0.04453150039936074,-0.007290463141825626,10.000000003626253,7.924202100084607e-08,0.04992755344959976,0.0,0.0,0.0,0.0,-2.4940650090687922e-08,23.165862752774117,0.5564961433410645,0.14998134970664978,24.867353439331055,-0.21770863234996796,-0.05170569196343422,0.09909699112176895,22.90284932167907,4.6602463950118675,22.79697328923117,True,0.8805618286132812,432.5,393.0,True,OFFBOARD
35.652,TRANSIT,True,-12.430624977156773,-5.872632010930392,25.016008874797418,-0.20539542351869064,-0.091290557228145,0.12831238845122908,0.009790390312017705,-0.032793496956432716,-0.00710389694746158,10.000000003626253,7.924202100084607e-08,0.04992755344959976,0.0,0.0,0.0,0.0,-2.4940650090687922e-08,23.186650139574937,0.543302059173584,0.14030463993549347,24.882768630981445,-0.2469552606344223,-0.06034115329384804,0.08750411868095398,22.731189784705382,4.620592693161513,22.6357094600696,True,0.88072669506073,442.0,436.0,True,OFFBOARD
35.752,TRANSIT,True,-12.452314867424562,-5.882027287007315,25.028182980681894,-0.22656329434561473,-0.09599058409965862,0.115804708204784,0.007244135119431836,-0.027450825010320364,-0.006989114418674536,10.000000003626253,7.924202100084607e-08,0.04992755344959976,0.0,0.0,0.0,0.0,-2.4940650090687922e-08,23.21001268862462,0.5258759260177612,0.1287020742893219,24.898212432861328,-0.26643073558807373,-0.06613188236951828,0.0764625072479248,22.75261911021067,4.622591501599907,22.676489030733123,True,0.88072669506073,442.0,436.0,True,OFFBOARD
35.852,TRANSIT,True,-12.47587910687296,-5.891769409328786,25.03916556859934,-0.24354881148429583,-0.09844993517116071,0.10458545544873873,0.005406353194163056,-0.024954330248894648,-0.00697495921623761,10.000000003626253,7.924202100084607e-08,0.04992755344959976,0.0,0.0,0.0,0.0,-2.4940650090687922e-08,23.23527683278658,0.5056019425392151,0.1188269853591919,24.910011291503906,-0.2821113169193268,-0.06954991072416306,0.06573694944381714,22.62561229970925,4.602123726045539,22.569776424819953,True,0.88072669506073,442.0,436.0,True,OFFBOARD
35.952,TRANSIT,True,-12.500988107445972,-5.901666947802634,25.049126947468487,-0.25748181870528886,-0.09921696319591675,0.09518974167495074,0.0038757283497103993,-0.021788896951132817,-0.00698828270380776,10.000000003626253,7.924202100084607e-08,0.04992755344959976,0.0,0.0,0.0,0.0,-2.4940650090687922e-08,23.26207513685569,0.47995123267173767,0.1090015098452568,24.921236038208008,-0.2965218424797058,-0.07008495926856995,0.05618469789624214,22.712067348927842,4.618040287073358,22.68476179511791,True,0.88072669506073,442.0,436.0,True,OFFBOARD
36.052,TRANSIT,True,-12.52835164280365,-5.9119649336392115,25.058573587877554,-0.2675028211371562,-0.09863269321796803,0.08704479312854188,0.002618328501716368,-0.017143987911863053,-0.006972637497575027,10.000000003626253,7.924202100084607e-08,0.04992755344959976,0.0,0.0,0.0,0.0,-2.4940650090687922e-08,23.29115622331216,0.46380576491355896,0.10341545939445496,24.926898956298828,-0.30268439650535583,-0.06891849637031555,0.05123164877295494,22.666794136419526,4.598152335430429,22.65337396967672,True,0.883278489112854,440.5,446.0,True,OFFBOARD
36.152,TRANSIT,True,-12.554302535095879,-5.9213683869407046,25.066618556118996,-0.2722700235755081,-0.0972239960262027,0.0809606805149984,0.0018429579365547095,-0.013020617933022957,-0.006997454717063923,10.000000003626253,7.924202100084607e-08,0.04992755344959976,0.0,0.0,0.0,0.0,-2.4940650090687922e-08,23.31864420416656,0.4322624206542969,0.09265629947185516,24.93777847290039,-0.30967047810554504,-0.06698597967624664,0.04177061840891838,22.66541388774066,4.591307005638922,22.68371403307893,True,0.883278489112854,440.5,446.0,True,OFFBOARD
36.252,ACQUIRE,True,-12.581611300333165,-5.930986077561192,25.07403821377589,-0.27311902764499424,-0.0951260963263021,0.03422104727981777,0.0007687182482471539,-0.009036940305474457,-0.007069485618527949,10.000000003626253,7.924202100084607e-08,0.04992755344959976,0.0,0.0,0.0,0.0,-2.4940650090687922e-08,23.347500206131258,0.40709179639816284,0.08562767505645752,24.94402313232422,-0.31112396717071533,-0.06550302356481552,0.0317491851747036,22.624100662523684,4.580919587382593,22.667225951459628,True,0.883278489112854,440.5,446.0,True,OFFBOARD
36.352,ACQUIRE,True,-12.60868972946421,-5.940329672015385,25.054619296286383,-0.2669693322331197,-0.0909679223307325,-0.4087345858698837,-0.009978357735396586,0.009827261999225562,-0.007070733581364375,10.000000003626253,7.924202100084607e-08,0.04992755344959976,0.0,0.0,0.0,0.0,-2.4940650090687922e-08,23.37606401858157,0.37789830565452576,0.07820446789264679,24.92890167236328,-0.31432774662971497,-0.06939998269081116,-0.4003467261791229,22.87071699773201,4.655764428312787,22.953887424702422,True,0.883278489112854,440.5,446.0,True,OFFBOARD
36.452,ACQUIRE,True,-12.63529922567175,-5.949093926286788,24.994007884507194,-0.2413776497670765,-0.07576541712832659,-0.7101821225693918,-0.025504076328565408,0.03903667917469045,-0.007297637617700577,10.000000003626253,7.924202100084607e-08,0.04992755344959976,0.0,0.0,0.0,0.0,-2.4940650090687922e-08,23.404027232219622,0.3530094623565674,0.06984805315732956,24.884323120117188,-0.29978933930397034,-0.0648261308670044,-0.7048507928848267,22.882925612579957,4.689417914820773,22.99864229564184,True,0.8899462223052979,435.0,424.5,True,OFFBOARD
36.552,ACQUIRE,True,-12.657119578748873,-5.955374558816616,24.914778136369716,-0.19388089887219473,-0.04950450756311429,-0.8516894170968548,-0.033270662583285045,0.05714414214786248,-0.007533757558686513,10.000000003626253,7.924202100084607e-08,0.04992755344959976,0.0,0.0,0.0,0.0,-2.4940650090687922e-08,23.426727361065147,0.33010441064834595,0.06115858256816864,24.817480087280273,-0.25484299659729004,-0.04499056190252304,-0.8670068979263306,22.80227351397396,4.646425533574811,22.93519254814435,True,0.8899462223052979,435.0,424.5,True,OFFBOARD
36.652,ACQUIRE,True,-12.672850870283018,-5.958634604946126,24.829516382494468,-0.1344231439129013,-0.019215288635139362,-0.9134201912276488,-0.03592710002163568,0.06960493410849432,-0.0077333503774241,10.000000003626253,7.924202100084607e-08,0.04992755344959976,0.0,0.0,0.0,0.0,-2.4940650090687922e-08,23.4427706137764,0.31460678577423096,0.05569237843155861,24.743669509887695,-0.19607216119766235,-0.020778248086571693,-0.9332766532897949,22.87702838074673,4.634284175833618,23.02230160250097,True,0.8899462223052979,435.0,424.5,True,OFFBOARD
36.752,ACQUIRE,True,-12.682490624318167,-5.958807056353628,24.73658582693121,-0.05859916888752414,0.014879082367686145,-0.9395563098682047,-0.03954179407300094,0.08862158168359541,-0.008095784168543846,10.000000003626253,7.924202100084607e-08,0.04992755344959976,0.0,0.0,0.0,0.0,-2.4940650090687922e-08,23.45213771846848,0.3050525188446045,0.05292787030339241,24.657161712646484,-0.11786293983459473,0.008855383843183517,-0.9612252116203308,22.808881861028883,4.6083927083257,22.960282989384332,True,0.8717914819717407,423.0,384.0,True,OFFBOARD
36.852,ACQUIRE,True,-12.683591105862426,-5.955399473235038,24.642159509531986,0.03608886146085682,0.05238691879793371,-0.9464039653701681,-0.04445769292903153,0.11153639300692463,-0.008515002247415998,10.000000003626253,7.924202100084607e-08,0.04992755344959976,0.0,0.0,0.0,0.0,-2.4940650090687922e-08,23.452336545685974,0.3023139536380768,0.053864363580942154,24.572547912597656,-0.02700703591108322,0.038958583027124405,-0.9681499600410461,22.889924601933235,4.623412082209905,23.04519301615424,True,0.8717914819717407,423.0,384.0,True,OFFBOARD
36.952,ACQUIRE,True,-12.674237123622783,-5.948055847065994,24.54763968694888,0.14926547235789805,0.09335407646479506,-0.9430404038595902,-0.04897217109435589,0.13234257237148667,-0.008887772633871503,10.000000003626253,7.924202100084607e-08,0.04992755344959976,0.0,0.0,0.0,0.0,-2.4940650090687922e-08,23.441424841617593,0.30853286385536194,0.0588562935590744,24.478342056274414,0.08964153379201889,0.07578041404485703,-0.9642313718795776,22.950565933911317,4.635416756860856,23.099925697278003,True,0.8717914819717407,423.0,384.0,True,OFFBOARD
37.052,ACQUIRE,True,-12.652794081319039,-5.936493923850797,24.453694284542383,0.276240150740163,0.1363006389430739,-0.9357322696237581,-0.051320362540390047,0.14723572246806904,-0.009077781627866112,10.000000003626253,7.924202100084607e-08,0.04992755344959976,0.0,0.0,0.0,0.0,-2.4940650090687922e-08,23.41775055174364,0.3261307179927826,0.06760236620903015,24.390575408935547,0.21344223618507385,0.11217484623193741,-0.956961989402771,22.87174045445556,4.611286014471258,22.99890387571483,True,0.8717914819717407,423.0,384.0,True,OFFBOARD
37.152,ACQUIRE,True,-12.618254516424965,-5.920638159725084,24.360599112703376,0.4096966710032683,0.17884997969771213,-0.9263561839844102,-0.051232559250236606,0.15496573602981975,-0.009081519520945899,10.000000003626253,7.924202100084607e-08,0.04992755344959976,0.0,0.0,0.0,0.0,-2.4940650090687922e-08,23.380320671251212,0.3590133786201477,0.08147057145833969,24.294981002807617,0.354277104139328,0.15048295259475708,-0.9462339878082275,22.757796477554187,4.583541056978196,22.846753007149225,True,0.8870943188667297,400.0,297.0,True,OFFBOARD
37.252,ACQUIRE,True,-12.5681420748904,-5.899760257672205,24.26478328122118,0.5480780241732272,0.22046475309751667,-0.9166943366217217,-0.049315742190243116,0.15664360245418388,-0.008894759305811925,10.000000003626253,7.924202100084607e-08,0.04992755344959976,0.0,0.0,0.0,0.0,-2.4940650090687922e-08,23.326555873277567,0.4015190899372101,0.0969710424542427,24.206401824951172,0.48446354269981384,0.18383611738681793,-0.9367089867591858,22.63076800114342,4.555810222604822,22.672025802534904,True,0.8870943188667297,400.0,297.0,True,OFFBOARD
37.352,ACQUIRE,True,-12.509344484772223,-5.876820219138848,24.177224863387014,0.6706329817130434,0.2553809291769913,-0.9078405191154505,-0.04658869518243231,0.15404400851709474,-0.008659042370355039,10.000000003626253,7.924202100084607e-08,0.04992755344959976,0.0,0.0,0.0,0.0,-2.4940650090687922e-08,23.263869113216234,0.460798054933548,0.11665605753660202,24.110685348510742,0.6209987998008728,0.21516147255897522,-0.9276431202888489,22.70964133995016,4.569570871883173,22.69007443498271,True,0.8870943188667297,400.0,297.0,True,OFFBOARD
37.452,ACQUIRE,True,-12.435997019593266,-5.849572430814168,24.08692620663817,0.7899665251264476,0.2875444289646191,-0.8985426851440363,-0.043092832244249264,0.14879087818636527,-0.008398961588888424,10.000000003626253,7.924202100084607e-08,0.04992755344959976,0.0,0.0,0.0,0.0,-2.4940650090687922e-08,23.18601865297965,0.5269237160682678,0.1379401832818985,24.02288055419922,0.7380388975143433,0.2416447103023529,-0.9201664328575134,22.729245567685346,4.570272837695498,22.64042111715624,True,0.8624420166015625,389.0,218.0,True,OFFBOARD
37.552,ACQUIRE,True,-12.351249861838966,-5.8193538461097125,23.997532742168595,0.8986710951820805,0.3148649215140917,-0.889917416819013,-0.03867579263579468,0.14098293474009996,-0.008108317506862585,10.000000003626253,7.924202100084607e-08,0.04992755344959976,0.0,0.0,0.0,0.0,-2.4940650090687922e-08,23.096390424847034,0.6101146936416626,0.16397975385189056,23.928401947021484,0.8532094955444336,0.26598790287971497,-0.9116717576980591,22.665877694495336,4.5562603990588,22.488859704664552,True,0.8624420166015625,389.0,218.0,True,OFFBOARD
37.652,ACQUIRE,True,-12.252286479764754,-5.785337959533471,23.905389628947297,0.9981569759494656,0.3373529831019537,-0.8827526361502628,-0.033119773279080764,0.130248633547516,-0.007808133339601924,10.000000003626253,7.924202100084607e-08,0.04992755344959976,0.0,0.0,0.0,0.0,-2.4940650090687922e-08,22.99205058192524,0.6951857209205627,0.19202177226543427,23.843868255615234,0.9473496079444885,0.2848886251449585,-0.9045361876487732,22.565594211371995,4.5370220988240115,22.29784284133791,True,0.8624420166015625,389.0,218.0,True,OFFBOARD
37.752,ACQUIRE,True,-12.152457406111475,-5.752159910332227,23.82082261873469,1.076080977657744,0.35227879740054985,-0.8799110022546918,-0.027419807391997675,0.11885951829042818,-0.007546732612660314,10.000000003626253,7.924202100084607e-08,0.04992755344959976,0.0,0.0,0.0,0.0,-2.4940650090687922e-08,22.887086180549563,0.7948806285858154,0.2262319177389145,23.75505256652832,1.0327997207641602,0.3018164336681366,-0.8998841643333435,22.56209052190277,4.539937322536542,22.190526826983984,True,0.8624420166015625,389.0,218.0,True,OFFBOARD
37.852,ACQUIRE,True,-12.041274012117652,-5.716398623872035,23.73283469440691,1.142376723759276,0.3615150520840041,-0.8801003167860667,-0.021050268890493475,0.10550709105555155,-0.007364242328894444,10.000000003626253,7.924202100084607e-08,0.04992755344959976,0.0,0.0,0.0,0.0,-2.4940650090687922e-08,22.77048471969957,0.8947293162345886,0.25824207067489624,23.672115325927734,1.0978444814682007,0.31053781509399414,-0.8989526629447937,22.63858291134282,4.561286429284161,22.165544430887778,True,0.8855452537536621,392.5,196.5,True,OFFBOARD
37.952,ACQUIRE,True,-11.924273150734853,-5.680033388084853,23.6447808448054,1.1929763832870384,0.36471530374793454,-0.8807834976864096,-0.015165583696580777,0.09093198022705735,-0.007276396890729801,10.000000003626253,7.924202100084607e-08,0.04992755344959976,0.0,0.0,0.0,0.0,-2.4940650090687922e-08,22.64810220607882,1.0095537900924683,0.2928655743598938,23.581235885620117,1.151594877243042,0.3132838308811188,-0.9003806114196777,22.499241126676477,4.5430530623016825,21.905952513113785,True,0.8855452537536621,392.5,196.5,True,OFFBOARD
38.052,ACQUIRE,True,-11.798096321666668,-5.642168333512769,23.553220151675244,1.2295169937101198,0.3627825581845606,-0.8797554822105574,-0.010401296241451885,0.07661904511716545,-0.007265784043710087,10.000000003626253,7.924202100084607e-08,0.04992755344959976,0.0,0.0,0.0,0.0,-2.4940650090687922e-08,22.51646215116035,1.1216858625411987,0.32620686292648315,23.49712562561035,1.1878536939620972,0.312847375869751,-0.9011111855506897,22.550085613647166,4.562837077895754,21.843199204136486,True,0.8855452537536621,392.5,196.5,True,OFFBOARD
38.152,ACQUIRE,True,-11.678949262971653,-5.607592406203968,23.468838043368986,1.249716697942201,0.35715617860164717,-0.8784743197871372,-0.005970386093283457,0.06331450731707042,-0.007267026768154893,10.000000003878892,7.938720145523844e-08,0.0499999937956096,5.184065251106045e-09,1.3726584547832377e-09,0.0049994032279012356,5.362716080608136e-09,-2.6552419033065744e-08,22.39245263027564,1.2481935024261475,0.3635750710964203,23.407611846923828,1.2128905057907104,0.30964234471321106,-0.899416983127594,22.50555054193892,4.563182190154624,21.668223929518714,True,0.874755322933197,407.0,240.0,True,OFFBOARD
38.252,ACQUIRE,True,-11.55347829718444,-5.572358346741959,23.38101818613943,1.257220593140254,0.3472551458107215,-0.8778338515697532,-0.0013660381982641672,0.04992725127248398,-0.007338566982146325,10.000000004234435,7.963272677715356e-08,0.049999996287036885,-1.2859184768636635e-13,1.2151299241207998e-12,6.321574055890735e-07,1.2219151344447839e-12,-2.8983970104804396e-08,22.262156349323472,1.3661060333251953,0.39641308784484863,23.323881149291992,1.2230517864227295,0.3023928105831146,-0.8999103903770447,22.51397970090996,4.574926432723019,21.556728286858608,True,0.874755322933197,407.0,240.0,True,OFFBOARD
38.352,ACQUIRE,True,-11.427901870441067,-5.538300864658614,23.293311803277163,1.2526243942936581,0.3339519293972447,-0.8762446488459206,0.0022500429727267133,0.037949839627252825,-0.007397881897243745,10.000000004589973,7.987823970081594e-08,0.04999999651757947,1.997320616418324e-13,-1.8863194756142544e-12,6.636450566522882e-08,1.896864270455146e-12,-3.141552225071309e-08,22.132052686504625,1.4938020706176758,0.43015584349632263,23.232589721679688,1.219513177871704,0.29208797216415405,-0.8992726802825928,22.489510406091185,4.578252755108706,21.40155313280791,True,0.874755322933197,407.0,240.0,True,OFFBOARD
38.452,ACQUIRE,True,-11.303345102279236,-5.505713561808672,23.20584218132348,1.2375130941180643,0.3180718967572765,-0.8732050526446529,0.00522122893522626,0.027244713097407662,-0.00745587970883107,10.00000000492982,8.014301577007678e-08,0.04992755344873334,-3.921808729548583e-09,4.793127832136701e-09,-0.018110213502395337,6.193113766625553e-09,-3.3856300789911956e-08,22.003304194234577,1.6134374141693115,0.4627906382083893,23.149765014648438,1.2083144187927246,0.2821442782878876,-0.897244393825531,22.656544108076236,4.614963386354097,21.448843275607995,True,0.874755322933197,407.0,240.0,True,OFFBOARD
38.552,ACQUIRE,True,-11.18077744796289,-5.474815736577984,23.118636581830877,1.213416834624852,0.3003073038161719,-0.8712680814892247,0.007866408266549432,0.01758712174739288,-0.007538656864163979,10.000000005360306,8.04102033723042e-08,0.049999993795609377,5.184065353128339e-09,1.3726586100409888e-09,0.004999403227893594,5.3627162189719965e-09,-3.668388346817403e-08,21.876904300132324,1.7429031133651733,0.4986235499382019,23.060379028320312,1.1854482889175415,0.2712968587875366,-0.8953683972358704,22.65941935285616,4.6300649300947505,21.320634593617516,True,0.8657065033912659,423.0,297.0,True,OFFBOARD
38.652,ACQUIRE,True,-11.061023656267439,-5.445784748331962,23.031598926701246,1.181867262377364,0.28085839765526094,-0.8694380473241646,0.010134771505306995,0.00971553076851902,-0.007641061113514951,10.000000005715844,8.065572870768062e-08,0.049999996287036774,-1.2859185997496153e-13,1.2151302114767271e-12,6.321574335040772e-07,1.2219154214982703e-12,-3.911543444081887e-08,21.753696009971556,1.8585819005966187,0.5288414359092712,22.9766845703125,1.1571463346481323,0.2587710916996002,-0.8945474028587341,22.617381365414236,4.6325955829044325,21.16054236827336,True,0.8657065033912659,423.0,297.0,True,OFFBOARD
38.752,ACQUIRE,True,-10.944727954200296,-5.418755864503842,22.94481002594405,1.1446698608040389,0.26045956088323813,-0.8661165841758387,0.011386728188696148,0.0029247715851963797,-0.007716658932523353,10.00000000607138,8.09012416446764e-08,0.04999999651757947,1.9973206803540863e-13,-1.8863194633852162e-12,6.636450583209534e-08,1.896864258967307e-12,-4.154698648762784e-08,21.634337182489535,1.9794129133224487,0.5587267875671387,22.88536834716797,1.120032548904419,0.2435341775417328,-0.8941686749458313,22.600480284071008,4.635160560080687,21.020126826702064,True,0.8657065033912659,423.0,297.0,True,OFFBOARD
38.852,ACQUIRE,True,-10.832394569283137,-5.393769535424915,22.858476435184244,1.1031453710960466,0.24021635169628117,-0.8605719666623857,0.011292383795929586,-0.0018031375279761064,-0.007800511153311897,10.00000000641123,8.116601772754797e-08,0.04992755344869937,-3.921809051375965e-09,4.793127835606148e-09,-0.018110213510893678,6.193113973108918e-09,-4.398776492936032e-08,21.519326533009334,2.08785080909729,0.5845610499382019,22.80162811279297,1.0811796188354492,0.2298523634672165,-0.891211986541748,22.58692127978674,4.6413755610054075,20.896641695246096,True,0.8688277006149292,435.0,354.0,True,OFFBOARD
38.952,ACQUIRE,True,-10.724317585912779,-5.370743011010345,22.772734998204275,1.0600753838843804,0.22139413040137323,-0.854339529619749,0.010008347888761104,-0.0038056837181757864,-0.007862145536057174,10.000000006841717,8.143320534548757e-08,0.049999993795609265,5.184065455197163e-09,1.3726587600945694e-09,0.004999403227899143,5.362716356048763e-09,-4.681534749204483e-08,21.4089285357858,2.2012596130371094,0.610733687877655,22.711183547973633,1.0378867387771606,0.21640333533287048,-0.8880256414413452,22.586610910160516,4.6494938766248834,20.78158154158005,True,0.8688277006149292,435.0,354.0,True,OFFBOARD
39.052,ACQUIRE,True,-10.620551595582464,-5.349493216974376,22.687660187615467,1.0169700493719498,0.20460665329112673,-0.8473736684839384,0.008608223942902393,-0.00547396602813278,-0.007947930112125981,10.000000007197249,8.167873069418728e-08,0.049999996287036774,-1.2859184939366714e-13,1.2151296475645425e-12,6.321574336775496e-07,1.2219148596038977e-12,-4.924689836559055e-08,21.303150634477415,2.3090145587921143,0.6347348093986511,22.62033462524414,0.994134247303009,0.2051367461681366,-0.8834071755409241,22.63719011046902,4.668827825383145,20.72458992890835,True,0.8688277006149292,435.0,354.0,True,OFFBOARD
39.152,ACQUIRE,True,-10.521093017989969,-5.32982450886378,22.603294898112512,0.9739754082550102,0.18967166863681248,-0.8402002328173444,0.007281385658670183,-0.006762101649592555,-0.008002306686995761,10.000000007552785,8.192424364468107e-08,0.04999999651757936,1.9973207442751143e-13,-1.886319451420876e-12,6.636450601234005e-08,1.8968642477425394e-12,-5.1678450313290064e-08,21.2019406925769,2.403714895248413,0.6553401947021484,22.53683090209961,0.9536144733428955,0.19597625732421875,-0.8790907263755798,22.624431847533135,4.675332313638328,20.616443211687212,True,0.8688277006149292,435.0,354.0,True,OFFBOARD
39.252,ACQUIRE,True,-10.42589245773843,-5.311550313798943,22.519651903288036,0.93204497818551,0.17670711250545898,-0.8329509141920741,0.005376388624322138,-0.006366367436067905,-0.008016608586462977,10.000000007892641,8.218901974088946e-08,0.04992755344868838,-3.921809363956266e-09,4.793127842545042e-09,-0.018110213513630267,6.1931141764217084e-09,-5.411922865580388e-08,21.10520434932209,2.49691104888916,0.6743027567863464,22.45461654663086,0.9156668782234192,0.18738529086112976,-0.8733014464378357,22.690924449785683,4.695753310063401,20.59053767603072,True,0.8778547644615173,440.0,390.0,True,OFFBOARD
39.352,ACQUIRE,True,-10.334758315759535,-5.294440188783527,22.436674250807357,0.8927415850510301,0.16637741875266554,-0.8270960212060398,0.002851693319739904,-0.004653511459043312,-0.008048863789564233,10.00000000832312,8.245620737444639e-08,0.049999993795609377,5.18406555773869e-09,1.372658907546065e-09,0.004999403227890755,5.362716492916451e-09,-5.6946811102115754e-08,21.012698396078832,2.595144271850586,0.6935250759124756,22.366472244262695,0.8765670657157898,0.18047969043254852,-0.8687484860420227,22.669856797415342,4.702396484060006,20.471080405077046,True,0.8778547644615173,440.0,390.0,True,OFFBOARD
39.452,ACQUIRE,True,-10.247376981195043,-5.278219902000559,22.354239852740577,0.8569774818241963,0.15876965942504206,-0.8218835007308211,0.0003887438701248258,-0.0019979418271167822,-0.008068151441596193,10.000000008678652,8.270173273681002e-08,0.049999996287036774,-1.2859187275821072e-13,1.2151293231509237e-12,6.321574338579609e-07,1.2219145394505648e-12,-5.9378361876551294e-08,20.924050305258238,2.680882215499878,0.7106350064277649,22.285064697265625,0.8426747918128967,0.176255464553833,-0.8649319410324097,22.70508778394916,4.715135407034146,20.420696170943142,True,0.8778547644615173,440.0,390.0,True,OFFBOARD
39.552,ACQUIRE,True,-10.163369270827413,-5.262626770452868,22.272312482620418,0.8250495450860039,0.15371060247286314,-0.8167664332222778,-0.0020168873715929623,0.00045852067811636836,-0.008077593782300864,10.000000009034194,8.294724570080861e-08,0.04999999651757947,1.997320811009849e-13,-1.8863194418388156e-12,6.636450617870697e-08,1.8968642389164362e-12,-6.18099137251471e-08,20.838826793132924,2.769235849380493,0.7287197709083557,22.19696617126465,0.8120338320732117,0.17392052710056305,-0.8632798790931702,22.587098943645543,4.696954516513921,20.211248962378946,True,0.870339572429657,437.0,398.0,True,OFFBOARD
39.652,ACQUIRE,True,-10.079194834583545,-5.246811730564651,22.18771755722883,0.7954822553291377,0.15094544548287794,-0.8104046391861411,-0.0044186531029252974,0.0031931492946859746,-0.008041894338048557,10.00000000944899,8.323368895410347e-08,0.049999993795609377,5.184065637058229e-09,1.372659013364197e-09,0.004999403227894535,5.362716596679141e-09,-6.464672316858155e-08,20.75338767030666,2.8508739471435547,0.745324969291687,22.117361068725586,0.7882610559463501,0.17390364408493042,-0.8584213256835938,22.591821937445353,4.70405828499955,20.133966251603187,True,0.870339572429657,437.0,398.0,True,OFFBOARD
39.752,ACQUIRE,True,-10.004045218915737,-5.232358351565285,22.110143864873734,0.7716668304885375,0.15049077348169515,-0.8061289853985003,-0.0064506517695073606,0.005792349205289289,-0.008031345335860259,10.000000009804523,8.347920945983791e-08,0.049999993795609265,5.184065659706859e-09,1.3726590610690925e-09,0.0049994032278963116,5.362716630783972e-09,-6.707827429925824e-08,20.67702590571156,2.938535451889038,0.7634127140045166,22.03166389465332,0.7661681175231934,0.17650337517261505,-0.8561625480651855,22.683517835605116,4.729515541,20.13937191094995,True,0.870339572429657,437.0,398.0,True,OFFBOARD
39.852,ACQUIRE,True,-9.92801513184613,-5.217252226094736,22.029734856526172,0.7504068272169329,0.151857736257255,-0.8021215756518334,-0.008280811735798596,0.008880441136787392,-0.008018040060048795,10.000000010160058,8.372473483552921e-08,0.04999999628703666,-1.2859187462102146e-13,1.215129011442799e-12,6.321574340312668e-07,1.2219142296693752e-12,-6.950982497453961e-08,20.599648277685336,3.01568603515625,0.7803745865821838,21.952022552490234,0.7492304444313049,0.18009138107299805,-0.8550497889518738,22.625880451220667,4.724731407608446,20.0029416778488,True,0.870339572429657,437.0,398.0,True,OFFBOARD
39.952,ACQUIRE,True,-9.85097992498636,-5.20130982513097,21.946590358865105,0.7324929389185357,0.15486986981243617,-0.7969067239304893,-0.010006830579332205,0.012829658256907456,-0.007975239854446913,10.000000010499914,8.398950342097209e-08,0.04992755344870203,-3.921809942207623e-09,4.793127859892277e-09,-0.018110213510232183,6.193114556027046e-09,-7.195060381187006e-08,20.521087426591052,3.096029281616211,0.7991304397583008,21.865259170532227,0.7330303192138672,0.18491970002651215,-0.8527539968490601,22.689764906218677,4.736339163450971,19.985396875237115,True,0.8507654666900635,428.0,392.5,True,OFFBOARD
40.052,ACQUIRE,True,-9.781302729976785,-5.186243512151804,21.87034215159534,0.7203384825784912,0.1590210838591129,-0.791916169105857,-0.011388087165386812,0.01699686795165045,-0.007968622110712103,10.000000010855448,8.423502393614554e-08,0.04992755344866662,-3.921809990138693e-09,4.7931278633617236e-09,-0.018110213519101123,6.193114589064712e-09,-7.438215486983911e-08,20.44986701094949,3.169167995452881,0.815306544303894,21.786394119262695,0.7226482033729553,0.19082078337669373,-0.8495850563049316,22.639960962706024,4.7326415742493495,19.860948932779426,True,0.8507654666900635,428.0,392.5,True,OFFBOARD
40.152,ACQUIRE,True,-9.70973929368619,-5.170075791050911,21.7913726833676,0.7119172994485347,0.1642679168251264,-0.7879256672076572,-0.012566350881406011,0.020736725814784602,-0.00792859342351557,10.000000011285925,8.450221160096083e-08,0.049999993795609377,5.184065761952694e-09,1.3726592041837793e-09,0.004999403227887668,5.362716766255757e-09,-7.720973708341387e-08,20.376543083382398,3.2475359439849854,0.8323031663894653,21.702171325683594,0.7157058119773865,0.19636374711990356,-0.8469228744506836,22.760440114473248,4.754461102565269,19.903184469902428,True,0.8507654666900635,428.0,392.5,True,OFFBOARD
40.252,ACQUIRE,True,-9.638827691200218,-5.153332197411898,21.712747010533622,0.7070552417998164,0.1705182431375704,-0.7847509035568523,-0.013834559719603554,0.023950713889267672,-0.007868127572744278,10.000000011641466,8.474773699012665e-08,0.04999999628703666,-1.285918571096079e-13,1.2151300234354128e-12,6.321574341908613e-07,1.2219152341995924e-12,-7.964128765964332e-08,20.303703779169226,3.31825852394104,0.8492913246154785,21.623929977416992,0.7127408385276794,0.203466534614563,-0.8460149168968201,22.629276317243185,4.738942376005843,19.698852593864807,True,0.8723548650741577,422.0,380.0,True,OFFBOARD
40.352,ACQUIRE,True,-9.565424017000053,-5.135212587282683,21.631321997822273,0.705092995946653,0.17771930118092008,-0.7811315943594276,-0.01448153630661747,0.026730590678440875,-0.0077735453573227085,10.000000011981315,8.501250558907666e-08,0.04992755344869115,-3.921810255151764e-09,4.793127868565894e-09,-0.018110213512968758,6.1931147609128455e-09,-8.208206639862336e-08,20.228104869797928,3.393850326538086,0.8691011667251587,21.538122177124023,0.7124390006065369,0.21230371296405792,-0.8451773524284363,22.772670838560757,4.768174738099733,19.767181365894892,True,0.8723548650741577,422.0,380.0,True,OFFBOARD
40.452,ACQUIRE,True,-9.497716510697716,-5.117814009712832,21.556546993485092,0.7058896292216603,0.1844535535044608,-0.7766481367231761,-0.014633694663868494,0.029591585940381335,-0.007723215568674927,10.00000001233685,8.525802611768067e-08,0.049927553448655626,-3.921810303286734e-09,4.7931278703006175e-09,-0.01811021352183678,6.193114792737053e-09,-8.451361735836475e-08,20.15819859817086,3.4629948139190674,0.8870640993118286,21.45969581604004,0.7131859660148621,0.21871721744537354,-0.8436822891235352,22.59965574052586,4.735292258410169,19.51975029001131,True,0.8723548650741577,422.0,380.0,True,OFFBOARD
40.552,ACQUIRE,True,-9.424128066802632,-5.0982449657508715,21.47602449813068,0.709587552667643,0.19156408251292725,-0.772248539708437,-0.014712319986789965,0.03246768674167393,-0.00767887421223509,10.00000001276733,8.55252186649662e-08,0.049999996287036885,-1.2859187592796683e-13,1.2151297621257486e-12,6.321574344824615e-07,1.221914976321369e-12,-8.734119902539961e-08,20.08205303883045,3.537592649459839,0.9066011905670166,21.375219345092773,0.7170380353927612,0.22584916651248932,-0.8424401879310608,22.66291468198579,4.7490163160328285,19.50748822489023,True,0.8723548650741577,422.0,380.0,True,OFFBOARD
40.652,ACQUIRE,True,-9.35574397197726,-5.079535232473581,21.402102123023997,0.715137050216429,0.19791852893666737,-0.7679629890555091,-0.014704186951604609,0.034490662922288536,-0.007679097059047389,10.000000013122868,8.577073920074077e-08,0.049999996287036774,-1.2859187576418507e-13,1.2151293320447696e-12,6.321574343714392e-07,1.2219145486113665e-12,-8.977274993269987e-08,20.011159493293516,3.6066813468933105,0.9260648488998413,21.296785354614258,0.7233704328536987,0.23097631335258484,-0.8405466079711914,22.6831674813266,4.756570625088914,19.457263367150155,True,0.849108874797821,416.5,364.0,True,OFFBOARD
40.752,ACQUIRE,True,-9.283871097627744,-5.059411270076753,21.32551716667963,0.722163647419143,0.20424780377650553,-0.7638398224512953,-0.014532781336621782,0.03559986171420958,-0.007675288964704696,10.000000013478404,8.601625220492405e-08,0.04999999651757947,1.997321002896364e-13,-1.8863194054693384e-12,6.636450668507969e-08,1.8968642047696265e-12,-9.220430148399483e-08,19.936532504423056,3.681964874267578,0.9485379457473755,21.21153450012207,0.7297526001930237,0.23844501376152039,-0.8387629389762878,22.66511260970754,4.7590824389856365,19.361821899823575,True,0.849108874797821,416.5,364.0,True,OFFBOARD
40.852,ACQUIRE,True,-9.211247588604273,-5.038681559783936,21.24934580759564,0.7302293425463892,0.20999512394589734,-0.7599239314784196,-0.013990700734305049,0.037372771585267306,-0.0076815033476480225,10.000000013818251,8.62810283550522e-08,0.04992755344866773,-3.921810607602739e-09,4.793127878974235e-09,-0.018110213518809284,6.193114992159069e-09,-9.464507943307251e-08,19.86102583382785,3.7522637844085693,0.9673596620559692,21.135988235473633,0.7360396385192871,0.24257972836494446,-0.8361862897872925,22.721824063006892,4.774346765468782,19.347800080860015,True,0.849108874797821,416.5,364.0,True,OFFBOARD
40.952,ACQUIRE,True,-9.137755003120105,-5.017421952238972,21.173424109651766,0.7393310613739704,0.2148391254852497,-0.7592056546864824,-0.013206110554588946,0.03825113171650277,-0.007637641428274224,10.000000014248736,8.654821605112247e-08,0.049999993795609377,5.184065966504494e-09,1.372659503423579e-09,0.004999403227898296,5.362717040587657e-09,-9.747266141310963e-08,19.784544245954557,3.8293282985687256,0.9866153597831726,21.05617904663086,0.7453672289848328,0.24604369699954987,-0.836052656173706,22.714222981025525,4.7710278796937615,19.2603485245813,True,0.849108874797821,416.5,364.0,True,OFFBOARD
41.052,ACQUIRE,True,-9.063349758336795,-4.99572595182425,21.09743486856267,0.7483282833203946,0.21876858045372116,-0.7605159804081293,-0.012386548576210752,0.03809115938690084,-0.007589759662543994,10.000000014604268,8.679374146696101e-08,0.04999999628703666,-1.285918876110658e-13,1.2151291118162033e-12,6.321574345376396e-07,1.2219143308524588e-12,-9.990421179108967e-08,19.70706937163458,3.901149272918701,1.006210446357727,20.98066520690918,0.7539623975753784,0.24812954664230347,-0.8389884829521179,22.665894015829934,4.767039682933722,19.137906933970065,True,0.8466383814811707,415.5,349.0,True,OFFBOARD
41.152,ACQUIRE,True,-8.988077998512217,-4.973683772858118,21.02135966452731,0.7566119131949498,0.22182532238070488,-0.7606090778123776,-0.011673448462212244,0.03735132541917787,-0.007568030885713736,10.000000014959804,8.703925448455511e-08,0.04999999651757947,1.9973210681442415e-13,-1.8863193947755475e-12,6.636450685871857e-08,1.8968641948223167e-12,-1.0233576324327685e-07,19.628668772586266,3.9797139167785645,1.0288535356521606,20.89799690246582,0.7623581886291504,0.24995127320289612,-0.8431776762008667,22.74574911532706,4.78717083537528,19.138678794487333,True,0.8466383814811707,415.5,349.0,True,OFFBOARD
41.252,ACQUIRE,True,-8.912031211439489,-4.951373285352289,20.94537912531665,0.7638808867843938,0.22418361870132125,-0.7589988849916053,-0.011083586197951483,0.03669614230539214,-0.007544587075910658,10.000000015299657,8.730403064830081e-08,0.04992755344863353,-3.921810929431858e-09,4.793127891117299e-09,-0.018110213527307618,6.193115205356489e-09,-1.0477654109489535e-07,19.549450718539553,4.053910732269287,1.0488662719726562,20.824235916137695,0.7697997093200684,0.25064367055892944,-0.8426302671432495,22.687895055277284,4.7810674628935885,19.004070550269475,True,0.8466383814811707,415.5,349.0,True,OFFBOARD
41.352,ACQUIRE,True,-8.835295635251942,-4.928859341407571,20.86943946317491,0.7704956494097343,0.22593027148543973,-0.760471383261094,-0.010544578198648895,0.03652916456043592,-0.007485858853320221,10.000000015730135,8.757121836017812e-08,0.049999993795609265,5.18406606878246e-09,1.372659645670904e-09,0.0049994032278908055,5.362717175868498e-09,-1.0760412295936231e-07,19.469515082059374,4.135738849639893,1.0700585842132568,20.74616241455078,0.7786171436309814,0.2501879930496216,-0.8439364433288574,22.65112905143755,4.770825904286888,18.88161415457242,True,0.8407303094863892,416.0,346.0,True,OFFBOARD
41.452,ACQUIRE,True,-8.757930032882197,-4.906203089356854,20.79320664881727,0.7764418368776758,0.22704866490366246,-0.7639620853271496,-0.009932820927822718,0.03592990359938943,-0.00746292477029937,10.000000016085668,8.781674378955576e-08,0.049999996287036885,-1.285918875597806e-13,1.215129764243331e-12,6.321574347112786e-07,1.2219149796513012e-12,-1.1003567323824117e-07,19.388934198085252,4.211562156677246,1.0908236503601074,20.671672821044922,0.7854557633399963,0.2504378855228424,-0.8482411503791809,22.722338568945865,4.789381922658864,18.876656925382466,True,0.8407303094863892,416.0,346.0,True,OFFBOARD
41.552,ACQUIRE,True,-8.68001351312387,-4.8834693344452536,20.716688845396934,0.7814972154932889,0.2274614649120043,-0.7660150031040488,-0.009039973023839869,0.034951092028179344,-0.0074482826094467505,10.000000016441206,8.80622568205759e-08,0.04999999651757936,1.997321148951257e-13,-1.886319398693075e-12,6.636450753145821e-08,1.8968641995689315e-12,-1.124672245913336e-07,19.307800989892662,4.293942451477051,1.1142902374267578,20.58916664123535,0.7905974984169006,0.24893787503242493,-0.8520408272743225,22.714538722148298,4.788638863552333,18.783482232892236,True,0.8407303094863892,416.0,346.0,True,OFFBOARD
41.652,ACQUIRE,True,-8.598511398575607,-4.859830411095323,20.636980793068915,0.7854497348642331,0.22699166232181833,-0.7666140762228301,-0.008034678658721098,0.03358255831333351,-0.0073997979598652164,10.000000016855997,8.834870015227445e-08,0.049999993795609377,5.184066148088708e-09,1.3726597592952916e-09,0.004999403227894131,5.3627172816164666e-09,-1.1530403345753149e-07,19.222970097080886,4.369401454925537,1.1351590156555176,20.514591217041016,0.794827401638031,0.24727007746696472,-0.8529692888259888,22.745513007591903,4.794487569283225,18.73691973776462,True,0.8407303094863892,416.0,346.0,True,OFFBOARD
41.752,ACQUIRE,True,-8.519834635393945,-4.83719424799721,20.560229763251055,0.7877825161354021,0.2256902079226669,-0.7686970918061728,-0.0073889693694081035,0.03244761319564435,-0.0073989335379970045,10.00000001721153,8.859422559188329e-08,0.049999996287036885,-1.2859188601460722e-13,1.215129971766403e-12,6.321574349888343e-07,1.2219151858594005e-12,-1.1773558366252279e-07,19.14112652405283,4.450860977172852,1.1572067737579346,20.434743881225586,0.7980422377586365,0.2448505014181137,-0.8551315665245056,22.726106111698503,4.787682706491453,18.63236271182914,True,0.8407303094863892,416.0,346.0,True,OFFBOARD
41.852,ACQUIRE,True,-8.440972080247105,-4.814710122750115,20.483216750201525,0.7893389954945311,0.22402233465891574,-0.7712447765341834,-0.007069264376757401,0.032033889890609644,-0.007390692526161846,10.000000017567066,8.883973863333527e-08,0.04999999651757947,1.997321181521106e-13,-1.8863193742085287e-12,6.636450714981904e-08,1.8968641755634437e-12,-1.2016713494035976e-07,19.059141804759953,4.526507377624512,1.1786788702011108,20.36156463623047,0.800590455532074,0.2432178258895874,-0.8578209280967712,22.657715446822326,4.777352979689519,18.48489008338557,True,0.84952712059021,420.5,347.5,True,OFFBOARD
41.952,ACQUIRE,True,-8.365136631697702,-4.793292689901998,20.40901239892549,0.7904614046585581,0.22221019278944357,-0.7749036915082649,-0.006713616627407581,0.031675097596407235,-0.007427777153441031,10.000000017922604,8.908525921243625e-08,0.04999999651757958,1.997321197663794e-13,-1.8863193719321277e-12,6.636450719872436e-08,1.8968641734696735e-12,-1.2259868552647989e-07,18.98035562955337,4.583496570587158,1.1953847408294678,20.30708885192871,0.8020351529121399,0.24169985949993134,-0.8595355153083801,22.665106235548684,4.784845266216476,18.434446965920667,True,0.84952712059021,420.5,347.5,True,OFFBOARD
42.052,ACQUIRE,True,-8.286057170602387,-4.77118939367568,20.331316455190354,0.7909462592543494,0.21983156574223303,-0.7785492712486287,-0.005900452536971792,0.030709815119764602,-0.007440363260104273,10.000000018262451,8.935003540295778e-08,0.04992755344861188,-3.921811555132337e-09,4.7931279067298105e-09,-0.018110213532779883,6.193115613666647e-09,-1.2503946318140073e-07,18.898257501615607,4.685311317443848,1.2253168821334839,20.207046508789062,0.804751455783844,0.2388480007648468,-0.8656387329101562,22.695120876700962,4.792900782856703,18.359762940991594,True,0.84952712059021,420.5,347.5,True,OFFBOARD
42.152,ACQUIRE,True,-8.20697534640236,-4.749354897447942,20.253358066321326,0.7905830146004961,0.21692207503411007,-0.7800251644397066,-0.005470567773526103,0.029925531666136502,-0.0074897278215177955,10.000000018692928,8.961722314590033e-08,0.049999993795609265,5.1840662733369355e-09,1.3726599423086183e-09,0.004999403227887554,5.36271744953696e-09,-1.2786704481230445e-07,18.81622503953297,4.768352508544922,1.2496567964553833,20.123197555541992,0.8067185282707214,0.23676404356956482,-0.8694859147071838,22.666322103305905,4.793111031664564,18.245366083803592,True,0.84952712059021,420.5,347.5,True,OFFBOARD
42.252,ACQUIRE,True,-8.12795499195088,-4.727818376160736,20.17540740852456,0.7898690757303953,0.21395382730986617,-0.7787826372435865,-0.005517557073895693,0.029951301884426386,-0.007467484481356239,10.000000019048464,8.98627486020953e-08,0.04999999628703666,-1.2859189732878364e-13,1.2151294300888333e-12,6.321574350649957e-07,1.2219146483804131e-12,-1.3029859489302523e-07,18.73432732522011,4.844221115112305,1.2717170715332031,20.046833038330078,0.8068886399269104,0.23442603647708893,-0.868317186832428,22.657507366303562,4.7976482970002285,18.158891983642697,True,0.8601044416427612,423.0,351.5,True,OFFBOARD
42.352,ACQUIRE,True,-8.042684263915318,-4.704880471217472,20.091316608323403,0.7892929114329262,0.2109746935573474,-0.7788606041864482,-0.005666758700436189,0.03030487888190786,-0.007434767914152075,10.000000019463256,9.014918442681069e-08,0.049999993795609377,5.1840663256336314e-09,1.3726600281774304e-09,0.00499940322788695,5.36271752207075e-09,-1.3313540422242579e-07,18.646027921420746,4.925769329071045,1.2952454090118408,19.9650936126709,0.8062586188316345,0.23206821084022522,-0.8675597906112671,22.70718619767519,4.812936013102731,18.12602915812477,True,0.8601044416427612,423.0,351.5,True,OFFBOARD
42.452,ACQUIRE,True,-7.9700790744665975,-4.685584769796205,20.019609586112097,0.7891006464636735,0.20860826486779963,-0.7798399978248266,-0.005659575616975229,0.030389484299032193,-0.007337733178575969,10.000000019743847,9.037303786408831e-08,0.04992755344860089,-3.92181186807392e-09,4.793127918872875e-09,-0.0181102135355146,6.193115821236034e-09,-1.3517092360359777e-07,18.57090326650878,5.0014567375183105,1.3170125484466553,19.887775421142578,0.8053593635559082,0.2297530621290207,-0.8690473437309265,22.70225282445361,4.812173822264797,18.042570061974597,True,0.8601044416427612,423.0,351.5,True,OFFBOARD
42.552,ACQUIRE,True,-7.891176729215656,-4.66485001901401,19.941634761336623,0.7889830387757784,0.20624792303231199,-0.7793008555059177,-0.005960773137181048,0.030473845010832223,-0.007242447961443718,10.000000020174326,9.06402256227295e-08,0.049999993795609265,5.184066375454722e-09,1.3726600966990077e-09,0.004999403227893082,5.362717587771146e-09,-1.3799850511812787e-07,18.48932210827249,5.0838398933410645,1.3405258655548096,19.802474975585938,0.8060668110847473,0.22705872356891632,-0.8702328205108643,22.72243469676816,4.824390355815088,17.979358676715414,True,0.8601044416427612,423.0,351.5,True,OFFBOARD
42.652,ACQUIRE,True,-7.812286847679706,-4.6443307520168595,19.863828627841716,0.7887676337598559,0.20427529208301848,-0.7767235688581228,-0.006212572048544487,0.03010226341838658,-0.007135013650023185,10.000000020529859,9.08857510924655e-08,0.04999999628703666,-1.285919085900205e-13,1.2151299423320081e-12,6.321574352247568e-07,1.221915158964244e-12,-1.4043005509975135e-07,18.407807377678836,5.158896446228027,1.3600614070892334,19.72719955444336,0.8065361380577087,0.22510145604610443,-0.8681080937385559,22.63149638996511,4.814327150506504,17.81077484614376,True,0.8613579273223877,425.0,356.0,True,OFFBOARD
42.752,ACQUIRE,True,-7.733434824322163,-4.6239944075024795,19.786168795550452,0.788317237793937,0.2025962828745622,-0.7772188978057044,-0.006681569094931723,0.03032871058211071,-0.007046818747160561,10.000000020885395,9.113126416390153e-08,0.04999999651757947,1.9973213245131042e-13,-1.8863193468387766e-12,6.636450753145821e-08,1.89686414985149e-12,-1.4286160615552605e-07,18.326375433582513,5.239483833312988,1.3796287775039673,19.647483825683594,0.8051400780677795,0.2209894359111786,-0.8670092821121216,22.708945935336452,4.836077596708858,17.808120186415433,True,0.8613579273223877,425.0,356.0,True,OFFBOARD
42.852,ACQUIRE,True,-7.6546056735171,-4.603788325602029,19.708304278338765,0.7883611191799959,0.20171730893903228,-0.7797306417738749,-0.007602180166759135,0.030866146620297914,-0.007018780635422664,10.000000021225242,9.139604038152282e-08,0.049927553448612993,-3.921812172398455e-09,4.793127932750663e-09,-0.01811021353248758,6.193116024691233e-09,-1.4530238361284324e-07,18.24499849343141,5.314499855041504,1.398349642753601,19.57125473022461,0.8048404455184937,0.21934324502944946,-0.8705427050590515,22.69829268207458,4.848296724091849,17.722821104926858,True,0.8613579273223877,425.0,356.0,True,OFFBOARD
42.952,ACQUIRE,True,-7.575754832637343,-4.583629741365484,19.6302894838997,0.7886420219262524,0.20153234028009792,-0.7800687444615044,-0.007999710301246276,0.03081172799351226,-0.007013464324121447,10.00000002165572,9.166322815577117e-08,0.04999999379560949,5.1840664769189204e-09,1.3726602389463327e-09,0.004999403227886069,5.36271772226534e-09,-1.481299650110188e-07,18.16361255765045,5.396446704864502,1.4193021059036255,19.486677169799805,0.8059630990028381,0.2182358205318451,-0.8736180067062378,22.678402941543645,4.847672801245244,17.61873255915902,True,0.8564939498901367,424.0,355.5,True,OFFBOARD
43.052,ACQUIRE,True,-7.496883445701286,-4.563476772694928,19.552407185326853,0.7887266973798968,0.2015422244975669,-0.7774370280721322,-0.008090387275996883,0.03050506531781081,-0.007035637429627312,10.000000022011253,9.190875363877715e-08,0.049999996287036885,-1.2859188949538323e-13,1.2151293894312518e-12,6.321574354119405e-07,1.2219146071242294e-12,-1.505615148935144e-07,18.082208166495747,5.47219705581665,1.4379246234893799,19.410184860229492,0.8063123822212219,0.21863003075122833,-0.8721297383308411,22.632329009245844,4.845171430521921,17.495126734697724,True,0.8564939498901367,424.0,355.5,True,OFFBOARD
43.152,ACQUIRE,True,-7.418014301246488,-4.543319313301034,19.474732097269396,0.7886222836989725,0.20159656328904826,-0.7765235511094779,-0.00808607073998516,0.03030566328932855,-0.007031849033910289,10.00000002236679,9.215426672368742e-08,0.04999999651757936,1.997321387124602e-13,-1.8863193340274033e-12,6.636450770476402e-08,1.89686413777061e-12,-1.5299306585019055e-07,18.000804820829096,5.554420471191406,1.4577054977416992,19.328699111938477,0.8069847226142883,0.21835774183273315,-0.8715498447418213,22.70819449257825,4.8653755137109425,17.48897304345061,True,0.8564939498901367,424.0,355.5,True,OFFBOARD
43.252,ACQUIRE,True,-7.336017291015638,-4.522347997060955,19.39395494486363,0.7881945186166628,0.20172732375056066,-0.7768300883583089,-0.008335283962111329,0.029890205742623844,-0.006978410725995932,10.00000002278158,9.244071011812788e-08,0.049999993795609265,5.1840665571456965e-09,1.3726603534380821e-09,0.004999403227888779,5.362717829125191e-09,-1.5582987425391052e-07,17.916169471929436,5.605260848999023,1.4702781438827515,19.277542114257812,0.8071482181549072,0.2171921730041504,-0.8724616765975952,22.730258031317188,4.877332875966666,17.460628580948065,True,0.8564939498901367,424.0,355.5,True,OFFBOARD
43.352,ACQUIRE,True,-7.2603841454977465,-4.502961573004967,19.319406760693667,0.7874992596545952,0.20219377216574227,-0.776038794698879,-0.008682832181312248,0.02961170521885367,-0.0069127712079154165,10.000000023137114,9.268623074460859e-08,0.049999993795609377,5.184066580163055e-09,1.3726603898672751e-09,0.004999403227890542,5.362717860700304e-09,-1.5826142449266922e-07,17.838091977886684,5.713831424713135,1.4978653192520142,19.167146682739258,0.8092279434204102,0.21804983913898468,-0.8737289905548096,22.675890792792625,4.874282246686159,17.29484458658467,True,0.8564939498901367,424.0,355.5,True,OFFBOARD
43.452,ACQUIRE,True,-7.181685642233491,-4.482711023625873,19.24192804221085,0.7864176072844962,0.20278138860188902,-0.7735049918304575,-0.00861952364763884,0.02898498533239405,-0.006856210025616472,10.000000023492646,9.293175624121753e-08,0.04999999628703666,-1.2859190998133828e-13,1.2151297371382766e-12,6.32157435578474e-07,1.2219149550563598e-12,-1.6069297427608118e-07,17.7568302709219,5.789799690246582,1.5164334774017334,19.09270668029785,0.8097432255744934,0.21710462868213654,-0.8717606067657471,22.74517137796075,4.89211933560313,17.28814287544501,True,0.8606913685798645,423.5,355.0,True,OFFBOARD
43.552,ACQUIRE,True,-7.099979030324975,-4.461589739702357,19.161474778386157,0.7849410741593804,0.20342630420020802,-0.774505936882503,-0.008993777894751243,0.029075980320342375,-0.0068078517597534504,10.000000023832493,9.319652494796783e-08,0.04992755344860356,-3.921812758906991e-09,4.79312794142428e-09,-0.018110213534853568,6.193116402812708e-09,-1.6313375222911295e-07,17.67243807429102,5.871480464935303,1.5358620882034302,19.013946533203125,0.8081384301185608,0.2166653871536255,-0.8713693022727966,22.71221974050929,4.890076492420784,17.171524498929017,True,0.8606913685798645,423.5,355.0,True,OFFBOARD
43.652,ACQUIRE,True,-7.024683345458267,-4.4420148190378725,19.08695874064337,0.7838322276076884,0.2043879842687445,-0.7777884899685763,-0.009314753552896024,0.0294800987331264,-0.006756779043278904,10.000000024188028,9.344204558414502e-08,0.04992755344856814,-3.921812807148343e-09,4.793127953567344e-09,-0.018110213543722057,6.193116442759771e-09,-1.655653023951522e-07,17.59463953365925,5.9473652839660645,1.554671049118042,18.9389705657959,0.8075787425041199,0.21694377064704895,-0.8740994334220886,22.699292943137685,4.891756334790758,17.081077790993533,True,0.8606913685798645,423.5,355.0,True,OFFBOARD
43.752,ACQUIRE,True,-6.946338964756278,-4.42151894929447,19.009055576864377,0.7831410010335647,0.20546521028281875,-0.7797391462594866,-0.009247536308659918,0.029799851822643574,-0.006680356739627219,10.000000024618505,9.370923338982113e-08,0.049999993795609265,5.1840666824314606e-09,1.3726605373187706e-09,0.004999403227895793,5.362717997303996e-09,-1.6839288356139273e-07,17.513658549556354,6.030012607574463,1.5757153034210205,18.854957580566406,0.8080083727836609,0.21631012856960297,-0.8774018883705139,22.632980850909544,4.879505626222101,16.928484426735526,True,0.8606913685798645,423.5,355.0,True,OFFBOARD
43.804,ACQUIRE,True,-6.90562295481223,-4.410819927726323,18.96850765791624,0.7828819034019533,0.2059992568162237,-0.7796723951295391,-0.009316809590342211,0.029804133374262978,-0.006618883024176531,10.00000002479627,9.38319985778962e-08,0.04999999628703666,-1.285919328280668e-13,1.2151308956675903e-12,6.321574636253167e-07,1.2219161095567806e-12,-1.6960865819141555e-07,17.471560365097528,6.055538177490234,1.5823019742965698,18.828556060791016,0.8083836436271667,0.21659553050994873,-0.8781421184539795,22.719479650903665,4.897511510782672,16.99051381507212,True,0.8791697025299072,423.0,356.5,True,OFFBOARD
43.9,ACQUIRE,True,-6.8304886633944975,-4.390989485501362,18.89372415524194,0.7824496582314119,0.20712863408315665,-0.7784376022434365,-0.009647485462275965,0.0298959608397599,-0.006553385171074665,10.000000025151802,9.407751922261621e-08,0.049999996287036774,-1.2859192399046914e-13,1.2151296316826747e-12,6.321574635213998e-07,1.2219148516606398e-12,-1.7204020829395234e-07,17.393853482861562,6.12976598739624,1.5991442203521729,18.753555297851562,0.8072764873504639,0.21414993703365326,-0.8775935173034668,22.71428234445042,4.902005228879281,16.910206197413633,True,0.8791697025299072,423.0,356.5,True,OFFBOARD
43.952,ACQUIRE,True,-6.789806270325382,-4.380197905178397,18.853249404453702,0.7822898148741022,0.20790442401227555,-0.778341458100354,-0.010058795042896014,0.030126427452976046,-0.006537737071192949,10.000000025329571,9.420027201162768e-08,0.04999999651757947,1.9973215175619373e-13,-1.8863193122692445e-12,6.636450805864761e-08,1.896864117506859e-12,-1.7325598400413156e-07,17.351764462422132,6.185566425323486,1.611961007118225,18.696409225463867,0.8062430620193481,0.21324285864830017,-0.8779493570327759,22.741008539837555,4.910350095149774,16.880818528231135,True,0.8791697025299072,423.0,356.5,True,OFFBOARD
44.052,ACQUIRE,True,-6.711579071006788,-4.359309763944942,18.7754332778903,0.7823244515961041,0.20985461671518443,-0.7777440191593599,-0.010552932207895882,0.030537939017144564,-0.006482705612825085,10.000000025669424,9.446504826949535e-08,0.04992755344855715,-3.9218131205230776e-09,4.793127955302068e-09,-0.018110213546457726,6.1931166425480105e-09,-1.7569676116642246e-07,17.27079784914686,6.260575771331787,1.6298696994781494,18.618513107299805,0.8053855299949646,0.2135840803384781,-0.8793543577194214,22.80784137680497,4.928286520349783,16.87280511777116,True,0.8791697025299072,423.0,356.5,True,OFFBOARD
44.152,ACQUIRE,True,-6.63332822689398,-4.338214079833844,18.697785699661576,0.7827458935649776,0.2119633362060931,-0.7751050609681739,-0.010545871700956172,0.030982892151107118,-0.006489803824549709,10.000000026099912,9.473223609054144e-08,0.049999993795609265,5.1840667837758996e-09,1.372660684770266e-09,0.004999403227889213,5.362718133014505e-09,-1.7852434221627916e-07,17.189755990014834,6.342463970184326,1.6502043008804321,18.533212661743164,0.8055676817893982,0.21425433456897736,-0.8782022595405579,22.734137870716044,4.915176825482357,16.71367759793691,True,0.8791697025299072,423.0,356.5,True,OFFBOARD
44.252,ACQUIRE,True,-6.555012267952084,-4.316918518549288,18.620436657327797,0.7835857420696821,0.21379658200575094,-0.7720385409289723,-0.01014214391981986,0.031316643245230376,-0.006457360611647802,10.000000026455453,9.497776161382729e-08,0.049999996287036774,-1.2859192871201608e-13,1.2151302750041982e-12,6.32157463680828e-07,1.2219154919067255e-12,-1.8095589180146511e-07,17.108600713787233,6.417587757110596,1.6696418523788452,18.457307815551758,0.8060261607170105,0.21545560657978058,-0.875729501247406,22.725350258721885,4.915503527311932,16.62764973836527,True,0.8796191215515137,422.5,358.0,True,OFFBOARD
44.352,ACQUIRE,True,-6.473464776652071,-4.294606557945923,18.540200754637024,0.7845868691321018,0.2151048783689558,-0.7715413045026227,-0.00946942504189804,0.031374479722704206,-0.006407107768293402,10.000000026795313,9.524253034744727e-08,0.049927553448581685,-3.9218133847917554e-09,4.793127962240962e-09,-0.018110213540324892,6.193116815267411e-09,-1.8339666955693086e-07,17.02406205745357,6.498760223388672,1.6912765502929688,18.376216888427734,0.8069032430648804,0.2163485437631607,-0.8754720687866211,22.63869628238242,4.897663845622585,16.45534732164769,True,0.8796191215515137,422.5,358.0,True,OFFBOARD
44.452,ACQUIRE,True,-6.398104497540265,-4.273923915990609,18.4661060583826,0.7853047746104697,0.21566503661954076,-0.7720687226525654,-0.008876490280576448,0.030857601516277814,-0.006374951568289675,10.000000027150858,9.548805101046524e-08,0.04992755344854627,-3.921813433008064e-09,4.793127963975685e-09,-0.0181102135491929,6.19311684714314e-09,-1.858282195256357e-07,16.945921587762324,6.574476718902588,1.7116382122039795,18.29941749572754,0.8077836632728577,0.21717345714569092,-0.8759902715682983,22.731932559944855,4.919225377067116,16.472765240706416,True,0.8796191215515137,422.5,358.0,True,OFFBOARD
44.552,ACQUIRE,True,-6.319564508279095,-4.252350455448986,18.388896841509414,0.7854160508307106,0.2157250118016194,-0.7718936814207378,-0.00839282916065299,0.030420075010808654,-0.006325122371951157,10.000000027581343,9.575523884723368e-08,0.049999993795609265,5.184066886792735e-09,1.372660833956485e-09,0.004999403227893245,5.362718270785724e-09,-1.8865580045913496e-07,16.86447959026428,6.657063007354736,1.733991265296936,18.214418411254883,0.8077699542045593,0.21713954210281372,-0.8766608834266663,22.748659706424927,4.924914324196268,16.40492225807066,True,0.8796191215515137,422.5,358.0,True,OFFBOARD
44.652,ACQUIRE,True,-6.2410189411457875,-4.230791012319816,18.311790655388783,0.7855109855277276,0.21542387946490676,-0.7701881596406325,-0.008024650359752463,0.030489686756828595,-0.006275692567839312,10.000000027936887,9.600076438413876e-08,0.049999996287036774,-1.2859191696439702e-13,1.2151291636969714e-12,6.321574638471949e-07,1.2219143855342238e-12,-1.9108734994523002e-07,16.783035796790394,6.731456756591797,1.7545835971832275,18.138866424560547,0.8069878816604614,0.2161247283220291,-0.8748638033866882,22.735338292021886,4.924165166629974,16.31473173317467,True,0.8872880935668945,422.0,358.0,True,OFFBOARD
44.752,ACQUIRE,True,-6.162468080830984,-4.209281534676628,18.234751769131478,0.7854884026799679,0.21473603000406133,-0.7711980178923936,-0.007674374277942629,0.030497309496797177,-0.006191477004866575,10.000000028292433,9.62462775228818e-08,0.04999999651757947,1.997321643887668e-13,-1.8863192863818e-12,6.63645083917145e-08,1.8968640930934833e-12,-1.935189005054939e-07,16.70159954096782,6.810765266418457,1.7768199443817139,18.059215545654297,0.8045977354049683,0.21586281061172485,-0.8744447827339172,22.782945112249624,4.931943417988959,16.280827164529533,True,0.8872880935668945,422.0,358.0,True,OFFBOARD
44.852,ACQUIRE,True,-6.080768555640211,-4.186998706269261,18.1543934177278,0.785724618445714,0.2137656959017252,-0.7740569546335757,-0.007352713050203419,0.030990669855604686,-0.006150476042513588,10.000000028707234,9.653272097990163e-08,0.049999993795609154,5.184066966024348e-09,1.3726609519176813e-09,0.004999403227882698,5.362718377571626e-09,-1.9635570844586686e-07,16.61692141276479,6.884943008422852,1.7974575757980347,17.983795166015625,0.8032793402671814,0.2151814103126526,-0.876307487487793,22.67325684185238,4.91544138027318,16.09324941420568,True,0.8872880935668945,422.0,358.0,True,OFFBOARD
44.952,ACQUIRE,True,-6.0021676645304,-4.165681514229305,18.076891754299663,0.7862970037465543,0.21260776339059204,-0.7754127954555732,-0.007191337307394742,0.031192971377189932,-0.006107283591890087,10.000000029062775,9.677824652686413e-08,0.04999999628703666,-1.285919229250605e-13,1.2151305898886963e-12,6.32157463972428e-07,1.2219158044336833e-12,-1.9878725785720237e-07,16.535485302166478,6.966161251068115,1.8197580575942993,17.90022850036621,0.803229033946991,0.21326449513435364,-0.8794280290603638,22.732246001268443,4.932775971329045,16.07047942289628,True,0.8872880935668945,422.0,358.0,True,OFFBOARD
45.052,ACQUIRE,True,-5.9266488328868006,-4.145327978811216,18.00246571584749,0.7869891105069254,0.21147411800201904,-0.7750440368403052,-0.007128027338584181,0.03121703127849538,-0.0060654730018855196,10.00000002941832,9.702376721013851e-08,0.049999996287036885,-1.285919229598021e-13,1.2151295323680616e-12,6.32157464013562e-07,1.2219147527890494e-12,-2.012188076743586e-07,16.45727464799293,7.047236442565918,1.8431413173675537,17.819581985473633,0.8038558959960938,0.21362045407295227,-0.8785429000854492,22.720590826286465,4.936360605185653,15.975670352139279,True,0.8872880935668945,422.0,358.0,True,OFFBOARD
45.152,ACQUIRE,True,-5.847920310175277,-4.124249656525435,17.92488805836809,0.7875233619878261,0.21008123744256682,-0.7771017016415275,-0.006688062007191954,0.03109589194390682,-0.005997414011084897,10.000000029773867,9.726928036211963e-08,0.04999999651757947,1.997321711978591e-13,-1.8863192780702892e-12,6.636450857229229e-08,1.8968640855451472e-12,-2.0365035813551657e-07,16.37577525288649,7.121908187866211,1.8655006885528564,17.747270584106445,0.8044098019599915,0.21300426125526428,-0.8794340491294861,22.711344615377165,4.940434104975461,15.88979998750261,True,0.8885263800621033,424.0,359.0,True,OFFBOARD
45.252,ACQUIRE,True,-5.769144758032263,-4.1033273115849624,17.846971069716446,0.787955401778203,0.20841001318058353,-0.7809066535668286,-0.006448941138360354,0.03102783160923021,-0.005983362957805382,10.000000030113718,9.753405666036827e-08,0.04992755344852429,-3.921814059039147e-09,4.793127984792367e-09,-0.018110213554664228,6.193117259690538e-09,-2.0609113500275948e-07,16.294269642298758,7.197354316711426,1.8873906135559082,17.67174530029297,0.8045884370803833,0.21224863827228546,-0.8838794827461243,22.72322268992882,4.949230531109944,15.824899760289146,True,0.8885263800621033,424.0,359.0,True,OFFBOARD
45.352,ACQUIRE,True,-5.687175612222618,-4.0817548342703684,17.765654774796026,0.7883656009881577,0.20649091059692531,-0.7823547438725724,-0.006246403507432833,0.031037295408445426,-0.005994501570914873,10.000000030544207,9.78012493953716e-08,0.049999996287036774,-1.2859191564752548e-13,1.2151291029223574e-12,6.321574646517737e-07,1.2219143249585027e-12,-2.0891871527361024e-07,16.209509646269613,7.279661655426025,1.9106202125549316,17.58765983581543,0.8037824630737305,0.2106831967830658,-0.8860815167427063,22.711807034005854,4.951742073935314,15.728939352715063,True,0.8885263800621033,424.0,359.0,True,OFFBOARD
45.452,ACQUIRE,True,-5.611466917247076,-4.06201733627471,17.69056914287033,0.788949921580952,0.20482939796751656,-0.7817928238000881,-0.006520030371212089,0.03149125750300868,-0.005992571310963541,10.000000030899752,9.804677009223766e-08,0.049999996287036774,-1.2859193901537779e-13,1.2151298478878345e-12,6.321574642012451e-07,1.2219150682464171e-12,-2.113502649922303e-07,16.13127043694366,7.354733943939209,1.9321370124816895,17.513532638549805,0.8034820556640625,0.21017245948314667,-0.8846853971481323,22.778473397475665,4.968942082120891,15.719857625359188,True,0.8885263800621033,424.0,359.0,True,OFFBOARD
45.552,ACQUIRE,True,-5.532524436106888,-4.041612097616453,17.612276116305456,0.7898727281817353,0.2033378868756205,-0.7848191597904461,-0.006471654907428632,0.03168203709491788,-0.0059714806517483995,10.000000031255297,9.829228325772928e-08,0.04999999651757936,1.9973217743710152e-13,-1.8863192646765807e-12,6.636450873849268e-08,1.8968640728828623e-12,-2.137818153542905e-07,16.049733501567033,7.43541955947876,1.9554712772369385,17.43520164489746,0.8019019365310669,0.2100302129983902,-0.8849440813064575,22.74406913899641,4.968381888131853,15.602319772960334,True,0.8887276649475098,425.5,359.0,True,OFFBOARD
45.652,ACQUIRE,True,-5.4503263225754495,-4.020557318619423,17.530377102446625,0.7908483145112938,0.20159397076558408,-0.7899186970908835,-0.006222443578287497,0.031842489763642616,-0.00591424561345281,10.000000031670092,9.857872674608479e-08,0.049999993795609265,5.1840671705182624e-09,1.3726612494227575e-09,0.004999403227879866,5.3627186514036025e-09,-2.1661862306342072e-07,15.96488228574459,7.510584831237793,1.976649284362793,17.359989166259766,0.8021519184112549,0.20924781262874603,-0.888119101524353,22.704610095205133,4.964175764632726,15.484951346142223,True,0.8887276649475098,425.5,359.0,True,OFFBOARD
45.752,ACQUIRE,True,-5.3743569376718945,-4.001284941818845,17.454378891116512,0.7917931288877006,0.20000587408485324,-0.7926537792458218,-0.0063202427975952045,0.03178687888111521,-0.005855412498241577,10.000000032025637,9.882424745310477e-08,0.049999993795609154,5.184067193580876e-09,1.3726612832498652e-09,0.004999403227881778,5.362718682356428e-09,-2.1905017270755892e-07,15.88650792994361,7.59258508682251,1.9992821216583252,17.275659561157227,0.8022118806838989,0.20912380516529083,-0.892740786075592,22.739755215259272,4.977675034546995,15.437214361514592,True,0.8887276649475098,425.5,359.0,True,OFFBOARD
45.852,ACQUIRE,True,-5.295117697148848,-3.98136066759305,17.375138926473266,0.7930410057301258,0.19859192219937777,-0.7918224955031672,-0.006634458086920918,0.032373452981917177,-0.005815984254290656,10.000000032381182,9.906977303035526e-08,0.04999999628703666,-1.285919379648584e-13,1.2151301155502458e-12,6.321574643606732e-07,1.2219153343119611e-12,-2.2148172189633904e-07,15.804804962874611,7.674345970153809,2.0211868286132812,17.193666458129883,0.8029696941375732,0.20861750841140747,-0.8908909559249878,22.7631675686606,4.9890329182660675,15.377927286973115,True,0.8887276649475098,425.5,359.0,True,OFFBOARD
45.952,ACQUIRE,True,-5.215727643894981,-3.9615548946306522,17.29590782893469,0.7947516335616748,0.19766138160790045,-0.7932977379356188,-0.0071974038409381574,0.03283779236755936,-0.0057708916437270545,10.00000003273672,9.931528620921011e-08,0.04999999651757936,1.9973218414750084e-13,-1.886319255888614e-12,6.636450890502613e-08,1.896864064850327e-12,-2.2391327215929096e-07,15.722985934595057,7.749809741973877,2.041036605834961,17.118709564208984,0.8038100004196167,0.2093103975057602,-0.89092618227005,22.787268516736876,4.999549866848101,15.325728926164894,True,0.8867551684379578,426.0,360.0,True,OFFBOARD
46.052,ACQUIRE,True,-5.136157602645847,-3.9418196199257687,17.21644794248182,0.7965358372274739,0.1970854155154384,-0.7955432068127191,-0.00731789624139505,0.03264977903571084,-0.005713277144642966,10.000000033076578,9.958006253447753e-08,0.049927553448502304,-3.921814685239332e-09,4.793128002139602e-09,-0.01811021356013555,6.1931176696598985e-09,-2.2635404882982723e-07,15.641010538789471,7.825861930847168,2.061014175415039,17.040918350219727,0.8042904138565063,0.20978879928588867,-0.8921027779579163,22.723782536500394,4.991957751906046,15.183493294394438,True,0.8867551684379578,426.0,360.0,True,OFFBOARD
46.152,ACQUIRE,True,-5.056420422194579,-3.922130695490149,17.13687591861391,0.7981528253214263,0.19679095636612676,-0.7952829512753596,-0.007795445441344081,0.03264618700381379,-0.005660460247246737,10.000000033507066,9.984725043383045e-08,0.049999993795609154,5.1840672957243665e-09,1.3726614289666372e-09,0.00499940322788688,5.362718818395355e-09,-2.2918162929701e-07,15.558885143692168,7.908746242523193,2.0827369689941406,16.95453453063965,0.8056424856185913,0.20971181988716125,-0.8938235640525818,22.698105009694725,4.991303229076502,15.072653728968994,True,0.8867551684379578,426.0,360.0,True,OFFBOARD
46.252,ACQUIRE,True,-4.973325026831009,-3.901659321396516,17.0543386349605,0.7997391963048217,0.19694018948469966,-0.7917718624672623,-0.00814790981780964,0.03249553512014945,-0.005666705111256511,10.000000033862605,1.0009276848991507e-07,0.04999999651757936,1.997321889947146e-13,-1.8863192465447817e-12,6.636450902975969e-08,1.89686405606883e-12,-2.3161317905454623e-07,15.473312819641807,7.985772132873535,2.102734088897705,16.875946044921875,0.8075210452079773,0.21084816753864288,-0.8926231265068054,22.726582571114527,5.006934183724133,15.024176202605732,True,0.8867551684379578,426.0,360.0,True,OFFBOARD
46.352,ACQUIRE,True,-4.893278363670346,-3.8819455521913278,16.975344261978673,0.8010859243635344,0.1973378878361657,-0.7884131606746345,-0.00831203844683679,0.03226752116771127,-0.005671223453156066,10.000000034202461,1.0035754482551584e-07,0.04992755344852684,-3.921814949820667e-09,4.7931280125479425e-09,-0.018110213554002733,6.193117845262488e-09,-2.3405395565040222e-07,15.390881829378323,8.069646835327148,2.1244497299194336,16.791641235351562,0.808964192867279,0.21266059577465057,-0.8901257514953613,22.77051657736422,5.023062880817008,14.98390901503668,True,0.8835152387619019,425.0,360.0,True,OFFBOARD
46.452,ACQUIRE,True,-4.813106728289157,-3.862184830095634,16.896655223023167,0.8023192497919169,0.19787650421494687,-0.7856641245548925,-0.008457016370361198,0.03241648188633786,-0.005648190829609407,10.000000034632949,1.0062473273671814e-07,0.049999993795609154,5.184067375025126e-09,1.3726615434583866e-09,0.0049994032278913615,5.362718924360054e-09,-2.3688153602842926e-07,15.308318144355773,8.147675514221191,2.1441872119903564,16.716928482055664,0.8098291158676147,0.21451592445373535,-0.8866816163063049,22.79663493712738,5.033089536557618,14.931100723484594,True,0.8835152387619019,425.0,360.0,True,OFFBOARD
46.552,ACQUIRE,True,-4.736026042507188,-3.8431618045277536,16.821175417208433,0.8034485896010956,0.19840309257509645,-0.787746892283331,-0.008428724727318874,0.0323665022983701,-0.005632186741242105,10.00000003498849,1.0087025347074831e-07,0.049999993795609154,5.18406739726079e-09,1.3726615781528562e-09,0.004999403227880301,5.362718954735494e-09,-2.393130854735292e-07,15.22893161018642,8.232792854309082,2.1651852130889893,16.639156341552734,0.8103991150856018,0.21640165150165558,-0.8857219219207764,22.72875712920648,5.024705931730502,14.775311807181655,True,0.8835152387619019,425.0,360.0,True,OFFBOARD
46.652,ACQUIRE,True,-4.6556306184624185,-3.823298217848259,16.742141472488566,0.8043874537152862,0.19883761507877498,-0.7926106026181875,-0.008402410489173959,0.03220454043375779,-0.0056089302572145585,10.00000003534403,1.0111577907468775e-07,0.049999996287036774,-1.2859194265331812e-13,1.215130496715072e-12,6.32157464707618e-07,1.2219157138536078e-12,-2.417446344640946e-07,15.146125573775771,8.311271667480469,2.1851439476013184,16.564685821533203,0.8114431500434875,0.21799051761627197,-0.8898909091949463,22.754478080588,5.034584972048841,14.721600648144044,True,0.8813844323158264,423.5,359.5,True,OFFBOARD
46.752,ACQUIRE,True,-4.575152321393842,-3.8033884703080805,16.662682682911115,0.8050609638990485,0.19935372738253973,-0.7961135492686304,-0.008525223715792585,0.03166168428435233,-0.005566358868831597,10.000000035699577,1.0136129228057841e-07,0.04999999651757936,1.9973219682982107e-13,-1.8863192303452766e-12,6.636450924503193e-08,1.8968640407843844e-12,-2.441761845288427e-07,15.063227770288512,8.396358489990234,2.207275867462158,16.481962203979492,0.8126652240753174,0.2201903760433197,-0.8919211030006409,22.746856201308187,5.041440815455346,14.627688659353364,True,0.8813844323158264,423.5,359.5,True,OFFBOARD
46.852,ACQUIRE,True,-4.494638183817777,-3.7834236413106637,16.582945249341275,0.8051349750392622,0.19993180812414882,-0.7985466546830792,-0.008627557771484398,0.03115463799323311,-0.005502717628994128,10.000000036039433,1.0162606863271849e-07,0.04992755344848032,-3.921815311158328e-09,4.79312802122156e-09,-0.01811021356560733,6.19311808079381e-09,-2.4661696100268526e-07,14.980281450732585,8.474446296691895,2.2273778915405273,16.409133911132812,0.8113072514533997,0.22095704078674316,-0.8906598091125488,22.80185423305805,5.060413825082021,14.604818067192255,True,0.8813844323158264,423.5,359.5,True,OFFBOARD
46.952,ACQUIRE,True,-4.414134050674279,-3.7633931326229595,16.502809771359484,0.8049898571596732,0.2007059955123877,-0.8046710804479981,-0.009059380292360772,0.031449279946696926,-0.005437403311169763,10.000000036469912,1.0189325656339414e-07,0.049999993795609154,5.184067500339097e-09,1.372661727339075e-09,0.004999403227884332,5.362719092566153e-09,-2.4944454123714445e-07,14.897328287977498,8.558602333068848,2.2489631175994873,16.331642150878906,0.8101071119308472,0.22158445417881012,-0.8934146761894226,22.773765221900575,5.060853446193079,14.490603271639763,True,0.8813844323158264,423.5,359.5,True,OFFBOARD
47.052,ACQUIRE,True,-4.333620361493723,-3.7432627256226705,16.42194892546956,0.805404607633837,0.20193642151294197,-0.8118703614286076,-0.009616613402370746,0.032284708928864175,-0.005355486892999488,10.000000036825456,1.0213878218086242e-07,0.04999999628703666,-1.2859193564048089e-13,1.215129835817615e-12,6.321574650266407e-07,1.2219150558880555e-12,-2.518760901285832e-07,14.814340698148277,8.636232376098633,2.2693610191345215,16.256126403808594,0.8086334466934204,0.22264772653579712,-0.8988187909126282,22.747881376297457,5.059062471854785,14.384751360385831,True,0.8685896992683411,423.0,360.0,True,OFFBOARD
47.152,ACQUIRE,True,-4.249798925932907,-3.7221749159958515,16.337270817547235,0.8065679224067777,0.20353285094032186,-0.8157225617101945,-0.009663007469697903,0.03268868088040812,-0.005268315421475161,10.000000037165316,1.0240355100884634e-07,0.04992755344847222,-3.921815549092424e-09,4.793128031629901e-09,-0.01811021356768598,6.1931182395219486e-09,-2.5431686719555464e-07,14.727910827958993,8.720388412475586,2.291969060897827,16.171539306640625,0.8101810812950134,0.22471600770950317,-0.9026220440864563,22.762271629129124,5.06718335737208,14.313500573287145,True,0.8685896992683411,423.0,360.0,True,OFFBOARD
47.252,ACQUIRE,True,-4.169074296294096,-3.701746275131385,16.255672487308452,0.8078798195428506,0.20496186441496836,-0.815737449031893,-0.009602223764589139,0.032724420761821096,-0.005205826605455462,10.000000037595795,1.026707389514188e-07,0.049999993795609154,5.184067579678624e-09,1.372661836626654e-09,0.0049994032278880916,5.362719197236253e-09,-2.571444473426514e-07,14.644643857904788,8.804478645324707,2.3132333755493164,16.089698791503906,0.8115307092666626,0.22544685006141663,-0.9021567106246948,22.744327982616113,5.064983221326303,14.208853815847265,True,0.8685896992683411,423.0,360.0,True,OFFBOARD
47.352,ACQUIRE,True,-4.091455817914854,-3.682001072311875,16.177304657937654,0.8091435599189069,0.20637794927094996,-0.817380048380383,-0.009940700257997863,0.03296524654320338,-0.005190776005824227,10.000000037951338,1.0291625971231007e-07,0.049999993795609265,5.1840676023089865e-09,1.3726618808621027e-09,0.004999403227890302,5.362719230435389e-09,-2.595759965895526e-07,14.564554946588894,8.882073402404785,2.3322842121124268,16.014928817749023,0.8118477463722229,0.22566668689250946,-0.9021850228309631,22.779332598729212,5.0774140070627105,14.165788038826065,True,0.8685896992683411,423.0,360.0,True,OFFBOARD
47.452,ACQUIRE,True,-4.010462878456425,-3.661271219336887,16.09543001092449,0.8107511469792309,0.2082321246526173,-0.8198178599699752,-0.010595203964958961,0.03369830763319984,-0.005231827461234299,10.000000038306883,1.0316178534323355e-07,0.04999999628703666,-1.28591963880427e-13,1.215129662387619e-12,6.321574650545628e-07,1.221914886393023e-12,-2.6200754538192635e-07,14.480952276661608,8.966290473937988,2.353768825531006,15.930925369262695,0.8116132616996765,0.22630418837070465,-0.9031930565834045,22.725788529723797,5.075275433502416,14.026060921171185,True,0.8481656908988953,422.0,361.5,True,OFFBOARD
47.552,ACQUIRE,True,-3.9292645750355475,-3.6403248668750545,16.01340418331307,0.8132416667858782,0.2106859345965822,-0.8202122707848853,-0.011235628573583534,0.034596275247094826,-0.005225096201556095,10.000000038662424,1.0340729857574832e-07,0.04999999651757947,1.9973220966615199e-13,-1.8863192068136425e-12,6.63645095848712e-08,1.8968640187351788e-12,-2.64439095248481e-07,14.397096185261795,9.018194198608398,2.367358684539795,15.878096580505371,0.8123059868812561,0.22738714516162872,-0.9046582579612732,22.80281661306407,5.098108552295055,14.052501910669115,True,0.8481656908988953,422.0,361.5,True,OFFBOARD
47.652,ACQUIRE,True,-3.8445116135172457,-3.618257509660915,15.928248173111884,0.8166045162366647,0.2135714311618322,-0.8170128973057621,-0.01132645265979052,0.03535527487336162,-0.005167787993531928,10.000000039077218,1.0369374214251698e-07,0.049999993795609154,5.184067681939212e-09,1.3726619875475965e-09,0.004999403227880173,5.362719334720467e-09,-2.6727590237951915e-07,14.309517499043173,9.122639656066895,2.394422769546509,15.771549224853516,0.8145008087158203,0.22908979654312134,-0.903229832649231,22.798401117202204,5.100752381396278,13.940970967255069,True,0.8481656908988953,422.0,361.5,True,OFFBOARD
47.752,ACQUIRE,True,-3.7659427653451663,-3.5976265042147673,15.84998686636737,0.8201210414273268,0.2161105620769877,-0.8135838544647824,-0.011273146995249353,0.03565801986810713,-0.0051320737261197754,10.000000039432763,1.0393926291678459e-07,0.049999993795609265,5.184067704612416e-09,1.3726620274462364e-09,0.004999403227881955,5.362719366850951e-09,-2.69707451528143e-07,14.228285157253321,9.208368301391602,2.415776252746582,15.685640335083008,0.818558931350708,0.23106864094734192,-0.8995978832244873,22.767465577045964,5.10021350542616,13.822276306536182,True,0.8481656908988953,422.0,361.5,True,OFFBOARD
47.852,ACQUIRE,True,-3.6837434379260086,-3.575885213364871,15.768799011488584,0.8236569604579522,0.2185716413188957,-0.8101751839609853,-0.01106313159214159,0.03537251623152469,-0.005041604845084113,10.000000039788306,1.0418478856102919e-07,0.04999999628703666,-1.2859194479902463e-13,1.2151304791391384e-12,6.321574652138244e-07,1.2219156966010822e-12,-2.7213900022142434e-07,14.143259573668166,9.287677764892578,2.436394214630127,15.60520076751709,0.8205845952033997,0.2330138236284256,-0.898238480091095,22.78008759766573,5.108099759747446,13.754385977400963,True,0.8409945964813232,420.0,363.5,True,OFFBOARD
47.952,ACQUIRE,True,-3.5979093151168415,-3.5530356253230924,15.68481198860108,0.8267499513685358,0.2206394606809635,-0.8048669719342112,-0.010422937786931914,0.034654991559019896,-0.004951979886753811,10.000000040128153,1.0444955741593584e-07,0.049927553448450346,-3.921816175412901e-09,4.793128050711859e-09,-0.018110213573158226,6.193118650910149e-09,-2.7457977709166114e-07,14.054437083373363,9.373631477355957,2.4594802856445312,15.51721477508545,0.8224061131477356,0.23488326370716095,-0.8947426676750183,22.758441059447748,5.105935790571276,13.643931042350417,True,0.8409945964813232,420.0,363.5,True,OFFBOARD
48.052,ACQUIRE,True,-3.518432839853764,-3.5317856005620265,15.607809816881543,0.8287791338196172,0.22191275372421312,-0.79958463095967,-0.009786255429777692,0.03379571319330418,-0.004913129286508656,10.000000040483698,1.0469507819995077e-07,0.04992755344844757,-3.921816250272515e-09,4.793128047242412e-09,-0.018110213573813854,6.193118695630128e-09,-2.770113261693786e-07,13.972170118061383,9.452813148498535,2.480958938598633,15.4386568069458,0.8239555954933167,0.2358502298593521,-0.8898230791091919,22.796619123186705,5.1160507890587175,13.60150237843176,True,0.8409945964813232,420.0,363.5,True,OFFBOARD
48.152,ACQUIRE,True,-3.4354839951190757,-3.509552670921129,15.52803811678421,0.8300136465815589,0.22263187616045693,-0.7965901834627814,-0.009282899335806522,0.03304073225447414,-0.004847240340555764,10.000000040914186,1.049622661775326e-07,0.049999993795609265,5.184067806774852e-09,1.3726621766324554e-09,0.00499940322788747,5.3627195037962574e-09,-2.798389060555356e-07,13.886295113139989,9.538473129272461,2.5043833255767822,15.355074882507324,0.8248003125190735,0.2363409548997879,-0.8865780830383301,22.77356935907614,5.115262290119819,13.490161643941,True,0.8199583888053894,418.5,363.0,True,OFFBOARD
48.252,ACQUIRE,True,-3.352452854945825,-3.487271551352336,15.44845809496645,0.8304743174183237,0.22293178342803216,-0.7951724495289892,-0.008987560224930068,0.032376289560518794,-0.0048285922084247345,10.000000041269722,1.052077918353403e-07,0.049999996287036774,-1.2859197760831644e-13,1.2151295166979521e-12,6.321574653942357e-07,1.2219147429570592e-12,-2.822704546496562e-07,13.800328327699402,9.618254661560059,2.5259697437286377,15.280028343200684,0.8247301578521729,0.2363862693309784,-0.8845269083976746,22.823895768816485,5.128287194454897,13.459606724121441,True,0.8199583888053894,418.5,363.0,True,OFFBOARD
48.352,ACQUIRE,True,-3.266081805930613,-3.464082634514616,15.365686922359087,0.8304431291318323,0.22294356830477033,-0.7971547030471338,-0.00860427856604454,0.031985001199425704,-0.004829214164138958,10.000000041609576,1.0547256070364856e-07,0.049927553448472106,-3.921816515211702e-09,4.7931280559160294e-09,-0.01811021356768152,6.193118870116788e-09,-2.8471123142160777e-07,13.71090065659847,9.705080032348633,2.549349308013916,15.199119567871094,0.8231801986694336,0.23620611429214478,-0.8850522041320801,22.808948781092234,5.133629665603102,13.356267485750669,True,0.8199583888053894,418.5,363.0,True,OFFBOARD
48.452,ACQUIRE,True,-3.186381395255447,-3.442696986207199,15.289045452333982,0.8299352860855577,0.22254491962163755,-0.7990926629674059,-0.008176638960131898,0.03152143291925483,-0.004812619459093295,10.000000041965121,1.0571808150098563e-07,0.0499275534484368,-3.921816563070546e-09,4.793128057650753e-09,-0.018110213576549516,6.193118901766165e-09,-2.87142780398406e-07,13.6283828341673,9.784754753112793,2.571288585662842,15.121528625488281,0.8208983540534973,0.23606428503990173,-0.8874356150627136,22.81168236281241,5.140053125531439,13.277778210590823,True,0.8199583888053894,418.5,363.0,True,OFFBOARD
48.552,ACQUIRE,True,-3.103427629731797,-3.42047925802594,15.209138685790972,0.829101151872359,0.2217749644798669,-0.7985610391601957,-0.0077128250631249605,0.030984963576030474,-0.004816815906199518,10.000000042395602,1.0598526949416105e-07,0.049999993795609265,5.184067908353477e-09,1.3726623223492274e-09,0.004999403227880605,5.362719639289152e-09,-2.899703601681854e-07,13.542506999750843,9.8706636428833,2.5952770709991455,15.03581428527832,0.8193444609642029,0.23515436053276062,-0.8882260918617249,22.6833124379837,5.121450043616022,13.059307754784237,True,0.8270123600959778,421.5,363.5,True,OFFBOARD
48.652,ACQUIRE,True,-3.0205815122433513,-3.3983580664730204,15.1294053902132,0.8278414383170565,0.22066027849978434,-0.7959590611109593,-0.007421626887142505,0.03072349435823668,-0.004773441598313178,10.000000042751138,1.0623079516524872e-07,0.049999996287036774,-1.2859196502689933e-13,1.2151284744239105e-12,6.321574655677081e-07,1.2219137051466684e-12,-2.9240190866318824e-07,13.45675972514355,9.950334548950195,2.6154870986938477,14.959391593933105,0.8165844082832336,0.23349082469940186,-0.8864604234695435,22.81513020570201,5.1550614990535095,13.11306239689808,True,0.8270123600959778,421.5,363.5,True,OFFBOARD
48.752,ACQUIRE,True,-2.937859947708373,-3.376356179750075,15.049879485914351,0.8266700647691747,0.21944614342614854,-0.7953510977746638,-0.007498094135971638,0.03083422401033598,-0.004689880526235982,10.000000043106684,1.064763084380902e-07,0.04999999651757947,1.997322307892946e-13,-1.88631918910536e-12,6.636451059745012e-08,1.8968640033495204e-12,-2.948334582324269e-07,13.371163109971901,10.036718368530273,2.6359424591064453,14.878958702087402,0.8145663142204285,0.23038259148597717,-0.8856234550476074,22.769580750591874,5.149558849029708,12.978599762540268,True,0.8270123600959778,421.5,363.5,True,OFFBOARD
48.852,ACQUIRE,True,-2.855268743297284,-3.3544655750556314,14.97025689858326,0.8250737508744487,0.2184512339418099,-0.7969995816311158,-0.007758936659074024,0.02992321645788238,-0.004611694870962151,10.000000043446539,1.0674108485757907e-07,0.0499275534484257,-3.921816876563743e-09,4.793128069793817e-09,-0.018110213579285158,6.193119109685005e-09,-2.9727423421537297e-07,13.285720740320485,10.115903854370117,2.655475378036499,14.802480697631836,0.8127329349517822,0.22642770409584045,-0.8865112066268921,22.76165979060034,5.156350327516934,12.890675649927768,True,0.8471532464027405,421.5,369.5,True,OFFBOARD
48.952,ACQUIRE,True,-2.7695911228061503,-3.3317851192229857,14.887317627071088,0.8224938160577566,0.21781861701390107,-0.7976522493611731,-0.008190723339837443,0.028754617000433438,-0.004550993860354308,10.000000043877016,1.0700827773317007e-07,0.04999999628703666,-1.2859196680202892e-13,1.215129652434982e-12,6.321574935939007e-07,1.221914876803116e-12,-3.0010181343778914e-07,13.197092534265481,10.20118236541748,2.6770637035369873,14.717657089233398,0.8102256655693054,0.22453291714191437,-0.8884494304656982,22.784747080445037,5.1640076155777965,12.826963434847837,True,0.8471532464027405,421.5,369.5,True,OFFBOARD
49.052,ACQUIRE,True,-2.690786578986356,-3.310889547835949,14.810808245536718,0.8193336697523221,0.21754084699855458,-0.7959896229765885,-0.008294537819270274,0.02816536311628318,-0.00445335184090433,10.000000044232559,1.0725379855078344e-07,0.04999999628703666,-1.2859197507879813e-13,1.2151295933544339e-12,6.321574934965896e-07,1.2219148189216702e-12,-3.025333622638888e-07,13.115565387136481,10.28687572479248,2.698014736175537,14.635212898254395,0.8077135682106018,0.22217603027820587,-0.8874820470809937,22.784910336947647,5.168814309247166,12.739926204531933,True,0.8471532464027405,421.5,369.5,True,OFFBOARD
49.152,ACQUIRE,True,-2.609031065830402,-3.2891498284577683,14.731253959520403,0.815954019963411,0.21726350200043412,-0.795556451142079,-0.008269079076851042,0.028289519232481748,-0.004363424795626954,10.000000044588106,1.0749931183718937e-07,0.04999999651757958,1.9973223534640062e-13,-1.886319159538616e-12,6.636451025777739e-08,1.896863974426986e-12,-3.049649117340193e-07,13.030969758414308,10.36593246459961,2.7171101570129395,14.559733390808105,0.8045952320098877,0.2211446911096573,-0.8873800039291382,22.80425698684528,5.174601691943135,12.678768929393405,True,0.8471532464027405,421.5,369.5,True,OFFBOARD
49.252,ACQUIRE,True,-2.527601751183895,-3.267440359166302,14.65167519721036,0.8127785083980323,0.21691925844686616,-0.7957952186213937,-0.00810667970544814,0.028305252992679397,-0.004283782647529413,10.000000044927953,1.0776408827027997e-07,0.04992755344841471,-3.92181718891816e-09,4.793128076732711e-09,-0.018110213582021303,6.193119312854982e-09,-3.0740568761773917e-07,12.946697415436846,10.444236755371094,2.736755132675171,14.48230266571045,0.8007954359054565,0.22027462720870972,-0.8895057439804077,22.804146609552213,5.179097647040552,12.598905054049743,True,0.8237434029579163,422.0,372.0,True,OFFBOARD
49.352,ACQUIRE,True,-2.443237832897624,-3.2449081668163786,14.568998452912787,0.8098060117869934,0.21638604865073044,-0.7938462682285767,-0.007920667531401202,0.02870960107901355,-0.004239818757153367,10.000000045358435,1.0803128116162427e-07,0.04999999628703666,-1.2859196968392618e-13,1.2151295471911382e-12,6.321574937604341e-07,1.2219147724469708e-12,-3.102332667245941e-07,12.859377846810519,10.528325080871582,2.7584104537963867,14.396108627319336,0.7974157929420471,0.21762233972549438,-0.8895633220672607,22.80669245950443,5.183441147930033,12.515553497635075,True,0.8237434029579163,422.0,372.0,True,OFFBOARD
49.452,ACQUIRE,True,-2.3656082145004667,-3.224160768199378,14.49296461795153,0.8076573345857578,0.21590123277469317,-0.7901577066451279,-0.008080752365986786,0.0291499034541352,-0.004216594297336171,10.00000004571398,1.0827680199277631e-07,0.04999999628703666,-1.2859196518902673e-13,1.2151296308356418e-12,6.321574936703951e-07,1.2219148551539667e-12,-3.1266481545158354e-07,12.77902504115566,10.605810165405273,2.7784550189971924,14.319177627563477,0.7948088645935059,0.21584104001522064,-0.8871241807937622,22.79013930945076,5.184624462740377,12.41964283232169,True,0.8237434029579163,422.0,372.0,True,OFFBOARD
49.552,ACQUIRE,True,-2.2849485284906255,-3.202588881541569,14.414054238728504,0.8056009851137903,0.2155688551339653,-0.788874699663961,-0.008226209322947164,0.02901438251068369,-0.0042303550034542775,10.00000004606952,1.0852231529256927e-07,0.04999999651757947,1.9973224205785977e-13,-1.8863191506447702e-12,6.63645104310832e-08,1.8968639662892715e-12,-3.1509636482261585e-07,12.695532195180544,10.68950366973877,2.800177574157715,14.237844467163086,0.7913593053817749,0.21297429502010345,-0.8851255178451538,22.797522953017364,5.193007951367812,12.34219462568735,True,0.8225788474082947,422.0,379.0,True,OFFBOARD
49.652,ACQUIRE,True,-2.2045021549120327,-3.1810405560907387,14.335147819261737,0.803420200658579,0.215456053007356,-0.7890828957689907,-0.008538631783833,0.028981219564846058,-0.004245786107737,10.000000046409365,1.08787091739068e-07,0.04992755344840394,-3.9218175022845075e-09,4.793128090610499e-09,-0.018110213584756042,6.193119522036091e-09,-3.1753714060799096e-07,12.612251729713662,10.76612663269043,2.820294141769409,14.160574913024902,0.7883328795433044,0.21145130693912506,-0.8861751556396484,22.77616865813654,5.1945974425461605,12.24248445443412,True,0.8225788474082947,422.0,379.0,True,OFFBOARD
49.752,ACQUIRE,True,-2.1242614770352963,-3.1594884091591138,14.2562867130807,0.8015557003205744,0.2156303494339296,-0.7880061488068346,-0.008849428098958341,0.029418319317128083,-0.004255191752204022,10.000000046839855,1.0905427977921058e-07,0.049999993795609154,5.1840682158588065e-09,1.3726627647037137e-09,0.004999403227881389,5.3627200497771235e-09,-3.2036472002865895e-07,12.529169373747077,10.84854793548584,2.8420004844665527,14.075394630432129,0.7855275869369507,0.20863160490989685,-0.8859981894493103,22.79623957002579,5.203469408524379,12.178828797275488,True,0.8225788474082947,422.0,379.0,True,OFFBOARD
49.852,ACQUIRE,True,-2.040982120611393,-3.137040884637147,14.17445647864073,0.8000549253124551,0.21605570765344,-0.785650668861818,-0.008990604091439902,0.0295038779597987,-0.004303344961163164,10.000000047195398,1.0929979795622363e-07,0.04999999651757936,1.9973224688978361e-13,-1.8863191411156496e-12,6.636451055598329e-08,1.8968639573219062e-12,-3.227962688942159e-07,12.442920789070465,10.932043075561523,2.864029884338379,13.992781639099121,0.7844906449317932,0.2066190391778946,-0.8837755918502808,22.781521262859492,5.2069364343969715,12.078880097656315,True,0.8225788474082947,422.0,379.0,True,OFFBOARD
49.952,ACQUIRE,True,-1.9642460816953324,-3.116277852134853,14.09907570129903,0.7986783703811465,0.2164812119696925,-0.7851886167875155,-0.008977495747188872,0.02951941713463377,-0.004333684363428814,10.000000047550932,1.0954531880394195e-07,0.04999999651757936,1.9973225021702716e-13,-1.8863191549064047e-12,6.63645111110948e-08,1.896863971386343e-12,-3.252278174982889e-07,12.363428884239102,11.009526252746582,2.8844544887542725,13.917484283447266,0.7843180298805237,0.20533612370491028,-0.8839602470397949,22.83407429275855,5.222694686622557,12.053518306846264,True,0.8051254153251648,422.5,379.0,True,OFFBOARD
50.052,ACQUIRE,True,-1.8812650126013089,-3.0937396391429117,14.01738615462642,0.797119803307071,0.21692073877973408,-0.7857814328018605,-0.008953075169005894,0.029202415594945862,-0.004358191190504518,10.000000047965727,1.098317624648284e-07,0.049999993795609154,5.184068295289769e-09,1.3726628791954631e-09,0.004999403227885593,5.362720155867706e-09,-3.2806462393647786e-07,12.277446195110649,11.08739185333252,2.9042975902557373,13.842690467834473,0.7829925417900085,0.204183891415596,-0.8839378952980042,22.7757197120675,5.218775760092341,11.91527663681924,True,0.8051254153251648,422.5,379.0,True,OFFBOARD
50.152,ACQUIRE,True,-1.8048215750865455,-3.0728984427266814,13.941866218413898,0.7955382423406493,0.2172429055961825,-0.7876364565685606,-0.008872390805546308,0.029298391729001064,-0.004356447779964202,10.00000004832127,1.1007728331965563e-07,0.049999993795609154,5.184068318065708e-09,1.3726629173593796e-09,0.0049994032278869146,5.362720187653481e-09,-3.304961724896705e-07,12.198217864766209,11.171805381774902,2.92531681060791,13.761392593383789,0.7824444770812988,0.2024577409029007,-0.8853638172149658,22.81214974676808,5.230205318119888,11.866344338830269,True,0.8051254153251648,422.5,379.0,True,OFFBOARD
50.252,ACQUIRE,True,-1.7253407422543825,-3.0511610184292297,13.863013975436564,0.7941805988984391,0.2174827237758407,-0.7890298911277677,-0.008779278846594173,0.029541377822175738,-0.004353503399990293,10.000000048676805,1.1032280904461124e-07,0.049999996287036774,-1.2859198787693657e-13,1.2151297699608034e-12,6.321574940100679e-07,1.2219149958942057e-12,-3.3292772058834034e-07,12.115824400224783,11.24886703491211,2.9446568489074707,13.683989524841309,0.7812253832817078,0.20091937482357025,-0.8871312141418457,22.811037684634996,5.2323251387937795,11.786314790377215,True,0.7810007333755493,423.5,377.5,True,OFFBOARD
50.352,ACQUIRE,True,-1.6459809433276233,-3.029403505012902,13.784111388094187,0.7931071495415708,0.21767244337398445,-0.7886598723230313,-0.008846601167116323,0.02974985593153735,-0.004358882256269215,10.000000049032343,1.1056832237118324e-07,0.04999999651757947,1.9973225470886345e-13,-1.8863191251543725e-12,6.6364510771089e-08,1.8968639422726773e-12,-3.3535926976116006e-07,12.033543100039415,11.331584930419922,2.9654338359832764,13.598793029785156,0.7797914147377014,0.19783727824687958,-0.8885816931724548,22.806669023946824,5.23733241456045,11.69782364822,True,0.7810007333755493,423.5,377.5,True,OFFBOARD
50.452,ACQUIRE,True,-1.5667186672512674,-3.0076206246967296,13.705363445180172,0.7921782489583867,0.2179966366452258,-0.7861490962549521,-0.008958939091153705,0.02971071434898305,-0.00433584447337268,10.0000000493722,1.1083309884467508e-07,0.049927553448381956,-3.921818128153761e-09,4.79312810622301e-09,-0.018110213590227832,6.193119930453507e-09,-3.3780004534982474e-07,11.951349896906066,11.408949851989746,2.985933780670166,13.522139549255371,0.7791301012039185,0.1973036378622055,-0.88700932264328,22.8333099107077,5.250092752946732,11.64656252303531,True,0.7810007333755493,423.5,377.5,True,OFFBOARD
50.552,ACQUIRE,True,-1.4875517493986987,-2.9858081925482423,13.626822070734224,0.7911755711408683,0.21816162253363372,-0.7850601894807,-0.00849117102952652,0.02958605855820619,-0.004353246972862298,10.00000004980268,1.1110028691602857e-07,0.049999993795609154,5.184068419574429e-09,1.3726630700150455e-09,0.004999403227880073,5.3627203248549195e-09,-3.4062762453774385e-07,11.869241659241391,11.493410110473633,3.009047031402588,13.439377784729004,0.7787399888038635,0.19595657289028168,-0.8864006400108337,22.849892435205078,5.2568633999236365,11.576803065550042,True,0.7810007333755493,423.5,377.5,True,OFFBOARD
50.652,ACQUIRE,True,-1.4053229398695575,-2.963131233013818,13.54521772971111,0.7902672064701126,0.2178785484260757,-0.7842023915890721,-0.008051147200665042,0.030037628542033314,-0.004367877227664073,10.000000050158215,1.1134580511979525e-07,0.04999999651757947,1.997322595765887e-13,-1.8863191157576007e-12,6.636451091003341e-08,1.896863933440695e-12,-3.4305917320513097e-07,11.783952642079928,11.57673168182373,3.031481981277466,13.354870796203613,0.7767754793167114,0.1963527649641037,-0.885772705078125,22.82564615464216,5.255129785576184,11.466590006377068,True,0.724628746509552,421.0,383.0,True,OFFBOARD
50.752,ACQUIRE,True,-1.3294722206558531,-2.942246193616994,13.47002026759992,0.7901146179351637,0.21719761590787964,-0.7821358602025265,-0.007690604399848626,0.03099126194171104,-0.0043843122621027115,10.000000050513759,1.1159132599447073e-07,0.04999999651757925,1.9973226127334294e-13,-1.886319114778219e-12,6.636451094456135e-08,1.8968639326454195e-12,-3.454907216110022e-07,11.705287491715577,11.652848243713379,3.0516648292541504,13.275551795959473,0.775588870048523,0.19476111233234406,-0.886084794998169,22.85297286175071,5.264967948101799,11.416720288921272,True,0.724628746509552,421.0,383.0,True,OFFBOARD
50.852,ACQUIRE,True,-1.250429592730787,-2.9205689921251374,13.392000964415953,0.7907838846470666,0.21637431448715283,-0.77823091905019,-0.007625955224752203,0.031457635740611445,-0.0043732016166879535,10.000000050853611,1.118561024813586e-07,0.049927553448371076,-3.92181844133738e-09,4.7931281183660746e-09,-0.018110213592963487,6.193120138176351e-09,-3.4793149710131964e-07,11.62333390453756,11.728949546813965,3.0730419158935547,13.199478149414062,0.7764429450035095,0.19429996609687805,-0.8841662406921387,22.823915148355386,5.265160478211191,11.309449389366616,True,0.724628746509552,421.0,383.0,True,OFFBOARD
50.952,ACQUIRE,True,-1.1713138417733802,-2.8989779421760664,13.314286565244647,0.791424225994578,0.2154437292754783,-0.7768379030139931,-0.007332938880064218,0.031076786094070004,-0.00434480953279397,10.000000051284088,1.1212329056832263e-07,0.049999993795609154,5.184068522422955e-09,1.372663217466541e-09,0.00499940322788454,5.362720462019451e-09,-3.50759076172874e-07,11.541331286144077,11.811308860778809,3.0969350337982178,13.11861515045166,0.7764734029769897,0.19299881160259247,-0.8822646141052246,22.84407632963716,5.275971535761975,11.245895166628115,True,0.724628746509552,421.0,383.0,True,OFFBOARD
51.052,ACQUIRE,True,-1.0921645485250773,-2.8774986939342986,13.236563625149772,0.7914304278623208,0.21411612545974318,-0.7775335528075356,-0.006810597156292238,0.030323505701368752,-0.00431277131137094,10.000000051639628,1.1236881632028323e-07,0.04999999628703666,-1.2859199575004164e-13,1.2151292782581775e-12,6.321574943500739e-07,1.2219145077505292e-12,-3.5319062407331837e-07,11.459324364787953,11.886884689331055,3.1179821491241455,13.042014122009277,0.7764845490455627,0.19216346740722656,-0.8834960460662842,22.854167675531215,5.281982256405643,11.178738415568631,True,0.7442333102226257,423.0,386.0,True,OFFBOARD
51.152,ACQUIRE,True,-1.0130450213767166,-2.8561730181466807,13.158805823627592,0.7909422410777172,0.21241771688431044,-0.7773794263111348,-0.006413667334686435,0.029992692672225398,-0.0042346747315364095,10.000000051995173,1.1261432967384397e-07,0.04999999651757925,1.997322693410164e-13,-1.886319118483988e-12,6.636451163134531e-08,1.8968639371800817e-12,-3.5562217304794757e-07,11.377384881465602,11.968392372131348,3.1399691104888916,12.957115173339844,0.7762200832366943,0.19135944545269012,-0.8837811350822449,22.8265766837023,5.280386884888704,11.067138509705758,True,0.7442333102226257,423.0,386.0,True,OFFBOARD
51.252,ACQUIRE,True,-0.9339917027306893,-2.8350351764321626,13.081132010970009,0.7900950359218499,0.21034339880968517,-0.7759600353730882,-0.005857165680645522,0.02961542267185559,-0.00414289532529318,10.000000052335018,1.1287910617435287e-07,0.049927553448383066,-3.921818745705002e-09,4.793128132243862e-09,-0.018110213589936003,6.193120341659017e-09,-3.580629484408026e-07,11.295556683558589,12.04477310180664,3.1601414680480957,12.882558822631836,0.7751949429512024,0.1904226541519165,-0.8824440240859985,22.83453785128247,5.283294990723187,10.996672416230233,True,0.7442333102226257,423.0,386.0,True,OFFBOARD
51.352,ACQUIRE,True,-0.8518718575643888,-2.8132912148274274,13.000395116907878,0.7892411237500199,0.20792155663173117,-0.7772931490982171,-0.005902853129129726,0.03001664409840406,-0.004149221267267512,10.000000052765497,1.1314629914395632e-07,0.049999996287036774,-1.2859199748050348e-13,1.2151297072803653e-12,6.321574946203576e-07,1.2219149345724899e-12,-3.6089052696418374e-07,11.210608014477135,12.128213882446289,3.181661367416382,12.803464889526367,0.7751702666282654,0.18800707161426544,-0.8832216858863831,22.825936825211407,5.286450482103742,10.902816763454735,True,0.7417863011360168,421.0,382.5,True,OFFBOARD
51.452,ACQUIRE,True,-0.7761373595047738,-2.793430467607127,12.925624876697984,0.788518398917736,0.2059755252014473,-0.7802438601691187,-0.006186496146006975,0.029523859371288225,-0.004148326148642697,10.000000053121042,1.1339182004242511e-07,0.049999996287036774,-1.285919987212744e-13,1.2151303137559555e-12,6.321574945233797e-07,1.2219155378109318e-12,-3.633220751957152e-07,11.132312964817954,12.20449447631836,3.200824499130249,12.727605819702148,0.7753309607505798,0.18490128219127655,-0.8857458233833313,22.831523157147537,5.293173907891211,10.831050947692392,True,0.7417863011360168,421.0,382.5,True,OFFBOARD
51.552,ACQUIRE,True,-0.6973529658013997,-2.772919728354019,12.84750841466385,0.787112980713309,0.20440425394983067,-0.781551688261537,-0.006713015382197794,0.028762356667266873,-0.0041324290535886135,10.00000005347658,1.1363733340947598e-07,0.04999999651757947,1.9973227409541792e-13,-1.8863190906907194e-12,6.636451129150604e-08,1.896863910041938e-12,-3.6575362407123194e-07,11.050902500210789,12.286477088928223,3.2209842205047607,12.643911361694336,0.7742308974266052,0.1836303025484085,-0.888462245464325,22.827624592640333,5.297484541046035,10.743725809802857,True,0.7417863011360168,421.0,382.5,True,OFFBOARD
51.652,ACQUIRE,True,-0.6155889774928064,-2.7517277388106622,12.7662712309126,0.7853882105626668,0.20322262867519764,-0.7806217190679375,-0.0069215208477682475,0.028968601484019835,-0.004135536420256908,10.000000053891368,1.1392377713314448e-07,0.049999993795609265,5.184068702434936e-09,1.3726634776750624e-09,0.004999403227876594,5.3627207026385805e-09,-3.6859043004578945e-07,10.966436826004992,12.361125946044922,3.239531993865967,12.569533348083496,0.7712727785110474,0.18161436915397644,-0.886780858039856,22.835129237615305,5.301218189792296,10.674984539675005,True,0.7417863011360168,421.0,382.5,True,OFFBOARD
51.752,ACQUIRE,True,-0.5402540965504924,-2.732264578675625,12.691237097008655,0.7842135215757504,0.20233962539094558,-0.7831817894568829,-0.007181155486954346,0.02950529633953767,-0.004149704685974577,10.000000054246911,1.1416929804157196e-07,0.049999993795609154,5.1840687270761955e-09,1.3726635071653615e-09,0.004999403227881701,5.362720734007404e-09,-3.710219782028413e-07,10.888628376208313,12.441107749938965,3.2594847679138184,12.491179466247559,0.7691868543624878,0.1804344654083252,-0.8873814344406128,22.824152882893483,5.302717479019778,10.582174925066392,True,0.7050824165344238,425.5,390.5,True,OFFBOARD
51.852,ACQUIRE,True,-0.46186610675330264,-2.712064031241794,12.61268863003625,0.7837420435155663,0.2017716349970827,-0.7875181328145918,-0.00764716264342202,0.030521398304005985,-0.004143491389961198,10.000000054602449,1.1441482382032484e-07,0.04999999628703666,-1.2859200652158758e-13,1.2151296797517945e-12,6.321574947039576e-07,1.22191490814825e-12,-3.734535259050878e-07,10.807679469168054,12.514711380004883,3.277427911758423,12.416452407836914,0.767367959022522,0.17770710587501526,-0.8916452527046204,22.827932679292623,5.308133835351958,10.511246363595525,True,0.7050824165344238,425.5,390.5,True,OFFBOARD
51.952,ACQUIRE,True,-0.3834763429767758,-2.6918921417207855,12.533808210554831,0.7841485962872567,0.2017885981073057,-0.7895324755356558,-0.00839087527298495,0.03118003228688739,-0.004138994510467579,10.000000054957985,1.1466033720079884e-07,0.04999999651757936,1.9973228206328687e-13,-1.8863190934435765e-12,6.636451196424568e-08,1.896863913618477e-12,-3.758850746814982e-07,10.726736037883699,12.594206809997559,3.296414375305176,12.332518577575684,0.765913724899292,0.17670027911663055,-0.8949796557426453,22.81898967882225,5.312671504155476,10.4216830466221,True,0.7050824165344238,425.5,390.5,True,OFFBOARD
52.052,ACQUIRE,True,-0.30501843464186085,-2.6716840656946648,12.45487159614499,0.7850251106210957,0.2024224310778347,-0.7888644417450363,-0.00889578159817547,0.03152593647609663,-0.0041391339374918625,10.000000055297834,1.1492511372821656e-07,0.0499275534483381,-3.921819380217505e-09,4.793128144386927e-09,-0.01811021360117002,6.19312075286472e-09,-3.783258498785067e-07,10.645717563366642,12.668781280517578,3.3152530193328857,12.256710052490234,0.7663814425468445,0.17645105719566345,-0.894893229007721,22.809890263570644,5.315542404291077,10.33650081167394,True,0.6503124833106995,426.5,391.5,True,OFFBOARD
52.152,ACQUIRE,True,-0.22331345448645462,-2.6505784071083407,12.372831239567262,0.7862257001926239,0.2034604733327489,-0.7892220958528757,-0.009179539122902446,0.031869655243806666,-0.00404614969946436,10.000000055728318,1.1519230672893386e-07,0.049999996287036774,-1.2859200585157128e-13,1.2151295573555336e-12,6.321574949742413e-07,1.221914786361138e-12,-3.811534281707745e-07,10.561330675204776,12.750502586364746,3.3365557193756104,12.174836158752441,0.7680571675300598,0.17709331214427948,-0.8947567939758301,22.844487307319774,5.326410513332185,10.288248133083957,True,0.6503124833106995,426.5,391.5,True,OFFBOARD
52.252,ACQUIRE,True,-0.14777628076283653,-2.6309968876814596,12.297011220986212,0.7873887325053978,0.20440715471913892,-0.790105277919797,-0.008906809769327773,0.03175522154949759,-0.003955494016989341,10.000000056083852,1.1543782765403133e-07,0.049999996287036885,-1.2859199823158348e-13,1.215129659634762e-12,6.321574948701579e-07,1.2219148872705022e-12,-3.835849762040613e-07,10.483296705382726,12.82550048828125,3.3556034564971924,12.09693431854248,0.7690045833587646,0.17912136018276215,-0.894999623298645,22.862772720673306,5.333343269054791,10.230263370672526,True,0.6503124833106995,426.5,391.5,True,OFFBOARD
52.352,ACQUIRE,True,-0.06897793976565504,-2.6105243684004558,12.218017004126695,0.7885381051697463,0.20493541540926616,-0.7894483350009686,-0.008430787214165358,0.031765540079270446,-0.003856519502029046,10.000000056439388,1.1568334104788824e-07,0.04999999651757947,1.9973228702993776e-13,-1.8863190680061183e-12,6.636451163151184e-08,1.8968638888453966e-12,-3.8601652488137346e-07,10.401882328216482,12.906500816345215,3.3756844997406006,12.011971473693848,0.7700544595718384,0.17825350165367126,-0.8962914347648621,22.83764450331979,5.329028513187527,10.121421232524803,True,0.6503124833106995,426.5,391.5,True,OFFBOARD
52.452,ACQUIRE,True,0.009934796300149352,-2.59001134784757,12.139198549859213,0.7896898052995437,0.2053447482936798,-0.786833670875694,-0.008664713706015851,0.031897646787593145,-0.0037998936814801244,10.000000056779244,1.1594811758872006e-07,0.04992755344832733,-3.9218196932850015e-09,4.7931281547952675e-09,-0.018110213603905672,6.193120959171487e-09,-3.8845729997828935e-07,10.320347052847804,12.982673645019531,3.3945138454437256,11.935576438903809,0.7720460295677185,0.17919625341892242,-0.89494788646698,22.828515390106816,5.333283407018264,10.034910417247946,True,0.6624591946601868,422.5,389.5,True,OFFBOARD
52.552,ACQUIRE,True,0.09213460043787616,-2.568622466788322,12.057437840916515,0.7910519859598342,0.20594846818568135,-0.7863046392099792,-0.0086549064175243,0.032135244324436575,-0.003769690783648894,10.000000057209721,1.162153106050928e-07,0.04999999628703666,-1.2859200211436927e-13,1.2151289644324705e-12,6.321574951407749e-07,1.2219141963372511e-12,-3.9128487815336305e-07,10.235410098447886,13.066862106323242,3.41542649269104,11.854804039001465,0.774526059627533,0.17971186339855194,-0.893193781375885,22.853651322788693,5.341710683462832,9.974558333637724,True,0.6624591946601868,422.5,389.5,True,OFFBOARD
52.652,ACQUIRE,True,0.16813872084599762,-2.5488307712919447,11.981906836650058,0.7923084512517305,0.20633854592862508,-0.7869751389898926,-0.008533526564121452,0.03211622701217155,-0.003745387261896561,10.000000057565256,1.1646083154378853e-07,0.049999996287036774,-1.285920097161591e-13,1.2151301104680481e-12,6.321574950437969e-07,1.2219153368089508e-12,-3.937164260875847e-07,10.156871380441794,13.143699645996094,3.4341440200805664,11.777779579162598,0.7753549218177795,0.17909617722034454,-0.8959999680519104,22.857228288392818,5.343301770629949,9.899369778079024,True,0.6624591946601868,422.5,389.5,True,OFFBOARD
52.752,ACQUIRE,True,0.25061497412379985,-2.5273460058248105,11.900130889369118,0.7937337452504497,0.20686301647856267,-0.7854423911439243,-0.008860576409737678,0.03214196683323014,-0.0037087866202881567,10.00000005790511,1.1672560056035273e-07,0.04992755344835187,-3.921819958139125e-09,4.793128163468885e-09,-0.018110213597773785,6.1931211336043614e-09,-3.961572017776744e-07,10.071642762480614,13.226344108581543,3.453835964202881,11.69228458404541,0.7775237560272217,0.17742489278316498,-0.8957804441452026,22.851602380284767,5.347654874137925,9.809798512743209,True,0.6624591946601868,422.5,389.5,True,OFFBOARD
52.852,ACQUIRE,True,0.3268711759150326,-2.507448369747328,11.82487811409283,0.794850266678716,0.2077139769005643,-0.782337291423482,-0.0093774340331299,0.03187696774222177,-0.0036115591135511926,10.000000058260646,1.169711215054801e-07,0.04992755344831634,-3.921820006217413e-09,4.793128166938332e-09,-0.018110213606642257,6.193121166735297e-09,-3.9858874966435816e-07,9.992833446426271,13.302896499633789,3.4720542430877686,11.616250038146973,0.7800657153129578,0.1780426800251007,-0.893130362033844,22.858612442724997,5.352811615225642,9.739042841978797,True,0.6428564190864563,422.5,393.0,True,OFFBOARD
52.952,ACQUIRE,True,0.4064020450523628,-2.4866125929181915,11.746664579337047,0.7956419643536813,0.2089787382389441,-0.7826516269882638,-0.009619784311861125,0.03139432787011557,-0.0035255391330199968,10.000000058691123,1.1723830967078822e-07,0.04999999379560904,5.184069033868062e-09,1.3726639573261035e-09,0.004999403227883985,5.3627211458038635e-09,-4.0141632815323316e-07,9.910618831213588,13.385893821716309,3.4917516708374023,11.536453247070312,0.7813476324081421,0.17744037508964539,-0.8915481567382812,22.846098234562348,5.354816483055899,9.641912571028554,True,0.6428564190864563,422.5,393.0,True,OFFBOARD
53.052,ACQUIRE,True,0.48597956961603966,-2.4656482369119095,11.668272695905909,0.7958115153201821,0.21023609585825448,-0.7849209684698413,-0.009557360372503284,0.03082304492063146,-0.0034332725039974187,10.00000005904666,1.1748383548983524e-07,0.049999996287036885,-1.2859201286606287e-13,1.2151302946977142e-12,6.321574952171027e-07,1.2219155203470898e-12,-4.0384787555817404e-07,9.828326799656189,13.462053298950195,3.50949764251709,11.460315704345703,0.7812902927398682,0.17626245319843292,-0.8947531580924988,22.847186307461357,5.357126775870665,9.565273388767444,True,0.6428564190864563,422.5,393.0,True,OFFBOARD
53.152,ACQUIRE,True,0.5655564503748698,-2.4445586370095307,11.58974943312117,0.7957598628578684,0.2115285402764136,-0.7851956445285423,-0.009685239471989841,0.0309025845829688,-0.003338664496608335,10.000000059402202,1.1772934891060449e-07,0.04999999651757947,1.997322996997081e-13,-1.8863190427539486e-12,6.636451197135111e-08,1.8968638650676824e-12,-4.0627942403727367e-07,9.74600398713684,13.544127464294434,3.5283713340759277,11.375688552856445,0.7815808057785034,0.1760024130344391,-0.8965615034103394,22.84331231806411,5.358624137408636,9.477587470906645,True,0.6174184083938599,421.5,389.0,True,OFFBOARD
53.252,ACQUIRE,True,0.6451320728327836,-2.423342149046813,11.511309930168169,0.7957103194539183,0.21270341963643155,-0.783436525584933,-0.009426821822099906,0.03063321832066559,-0.003283327286364649,10.000000059742048,1.1799412547855767e-07,0.04992755344830535,-3.921820319068506e-09,4.793128172142502e-09,-0.018110213609377465,6.1931213688773065e-09,-4.087201989383542e-07,9.663650593628006,13.620076179504395,3.547457218170166,11.30007553100586,0.7823100090026855,0.17556558549404144,-0.8950930237770081,22.857069203328024,5.360721327878418,9.413286718979851,True,0.6174184083938599,421.5,389.0,True,OFFBOARD
53.352,ACQUIRE,True,0.7246913810095965,-2.4020198434187163,11.432969797747095,0.7954937535317718,0.21369338334944954,-0.7839710916061751,-0.009354645802855846,0.030720011035059745,-0.0032541047182803456,10.000000060172525,1.1826131365928321e-07,0.049999993795609154,5.184069136154764e-09,1.3726641039102372e-09,0.0049994032278760665,5.3627212822032905e-09,-4.1154777731086436e-07,9.581286499738148,13.70235824584961,3.5692477226257324,11.219414710998535,0.7809270620346069,0.17708252370357513,-0.8943650126457214,22.84950751334616,5.36402898912193,9.321565293255656,True,0.6174184083938599,421.5,389.0,True,OFFBOARD
53.452,ACQUIRE,True,0.804235317025152,-2.3806103754646384,11.354465006599343,0.795442412700049,0.21439027942530922,-0.7859334855149158,-0.008885654982724006,0.031058967150431924,-0.0032263401210601323,10.000000060528068,1.185068394915272e-07,0.049999996287036885,-1.2859202612742245e-13,1.2151301259263994e-12,6.321574953907417e-07,1.2219153539085526e-12,-4.139793246166559e-07,9.498915492931726,13.779009819030762,3.5900332927703857,11.145803451538086,0.7808782458305359,0.17791655659675598,-0.8950823545455933,22.851249004976438,5.367712515054569,9.244764316322463,True,0.6174184083938599,421.5,389.0,True,OFFBOARD
53.552,ACQUIRE,True,0.8837896857890638,-2.359158299295836,11.27567830617167,0.7956371143216916,0.2145369037725176,-0.7902218035489044,-0.00820349562920386,0.031101271408971554,-0.0031839177956110147,10.000000060883604,1.1875235292564276e-07,0.04999999651757936,1.9973230646113413e-13,-1.8863190339924515e-12,6.636451214449039e-08,1.896863857066843e-12,-4.164108729966581e-07,9.416523777086159,13.862914085388184,3.613426446914673,11.06782054901123,0.780804455280304,0.17867673933506012,-0.8971574306488037,22.840716681848527,5.36925686880201,9.147889370310244,True,0.5919395685195923,433.0,395.5,True,OFFBOARD
53.652,ACQUIRE,True,0.963352968729784,-2.337729519996554,11.196365685470143,0.7955812823210512,0.2139576700620214,-0.7954821782366239,-0.007541040413240975,0.030805894774053728,-0.003135101484219722,10.00000006122345,1.1901712950689567e-07,0.04992755344831756,-3.9218206239496376e-09,4.793128187755014e-09,-0.018110213606350463,6.1931215740277856e-09,-4.1885164779849877e-07,9.334129340190078,13.939637184143066,3.633751392364502,10.992753028869629,0.7814878821372986,0.1780872493982315,-0.9032313823699951,22.852551693181894,5.375148791780323,9.081437658659945,True,0.5919395685195923,433.0,395.5,True,OFFBOARD
53.752,ACQUIRE,True,1.042902049374819,-2.316381940717864,11.116691110175283,0.7953799325387007,0.21298726375426968,-0.7972100327310606,-0.00720781907571259,0.030624102169469102,-0.003133727052904275,10.000000061653932,1.1928431770321142e-07,0.049999993795609154,5.1840692382941064e-09,1.3726642522290944e-09,0.004999403227881168,5.362721418904296e-09,-4.2167922605384477e-07,9.25176905513072,14.022168159484863,3.654670476913452,10.908279418945312,0.7808910012245178,0.1764715313911438,-0.906337559223175,22.865444826694997,5.38298478403353,9.010583363857144,True,0.5919395685195923,433.0,395.5,True,OFFBOARD
53.852,ACQUIRE,True,1.1224323566399232,-2.2951395249173023,11.037025850405064,0.7952999477695343,0.2119526241247258,-0.7958313825679832,-0.00750532057682473,0.03106536911969794,-0.003171732494753824,10.000000062009468,1.1952984354909824e-07,0.049999996287036774,-1.2859201238629812e-13,1.2151300528698077e-12,6.321574955571086e-07,1.2219152798115505e-12,-4.241107732605281e-07,9.16945332890316,14.10527229309082,3.6768689155578613,10.826443672180176,0.7815960049629211,0.17502881586551666,-0.9047697186470032,22.857845160112674,5.384906471195692,8.917674813761511,True,0.5919395685195923,433.0,395.5,True,OFFBOARD
53.952,ACQUIRE,True,1.2051633379685192,-2.273130313863234,10.954245354893278,0.7957400315055361,0.21139409850899846,-0.7965214553023637,-0.00792635116940724,0.031629374317932606,-0.003161261823209764,10.000000062349315,1.1979461260619992e-07,0.049927553448319006,-3.9218208971655146e-09,4.793128189489737e-09,-0.01811021360598031,6.193121748385485e-09,-4.265515486555578e-07,9.083846926106727,14.182207107543945,3.6978702545166016,10.751347541809082,0.782218873500824,0.17530344426631927,-0.905104398727417,22.864909883284163,5.392103328725316,8.846454272847941,True,0.6159209609031677,422.5,400.0,True,OFFBOARD
54.052,ACQUIRE,True,1.281594638502563,-2.2528529984033114,10.877719563203641,0.7966184878647548,0.2110660744138146,-0.7976342960002256,-0.007893946176007527,0.03213370170678075,-0.003082824332075608,10.000000062704851,1.200401335916122e-07,0.04992755344828359,-3.921820945288454e-09,4.793128189489737e-09,-0.01811021361484879,6.193121778859544e-09,-4.289830962449233e-07,9.004773196146598,14.258612632751465,3.7177438735961914,10.673978805541992,0.7829146385192871,0.17514309287071228,-0.9063339233398438,22.851391860400675,5.392491048412097,8.754463601767592,True,0.6159209609031677,422.5,400.0,True,OFFBOARD
54.152,ACQUIRE,True,1.361318010216577,-2.2317706381099622,10.79796109095577,0.7977857562986326,0.2105644778434243,-0.7971712951987393,-0.007650856109436439,0.03200777623453387,-0.0029955098481391352,10.000000063135332,1.2030732180371467e-07,0.04999999379560904,5.184069340478267e-09,1.3726644005479516e-09,0.004999403227873249,5.362721555648628e-09,-4.3181067438550863e-07,8.92231070572792,14.341034889221191,3.738189220428467,10.587957382202148,0.7840296626091003,0.173866868019104,-0.9070051908493042,22.866274851786734,5.397685669557358,8.685254451309756,True,0.6159209609031677,422.5,400.0,True,OFFBOARD
54.252,ACQUIRE,True,1.44114045351344,-2.2107464358233915,10.718371258580039,0.7985738654398489,0.20994152853023282,-0.7945391779183015,-0.007642437319999031,0.03167053102183807,-0.0029497837205808525,10.000000063490866,1.205528476629892e-07,0.049999996287036774,-1.2859204029537199e-13,1.2151295029336667e-12,6.321575234930956e-07,1.2219147358662742e-12,-4.342422214931378e-07,8.839766861169604,14.417121887207031,3.759089708328247,10.512544631958008,0.7836923003196716,0.17407779395580292,-0.9044945240020752,22.866029485035437,5.401397156462457,8.607044402745908,True,0.30316516757011414,398.0,401.0,True,OFFBOARD
54.352,ACQUIRE,True,1.5210318115505261,-2.1897777599910264,10.638934710450563,0.7992650263516337,0.20948179098667646,-0.7949383473534559,-0.007825709467172414,0.032073875156760495,-0.002944461748235452,10.0000000638464,1.2079836112399885e-07,0.04999999651757947,1.9973231922109301e-13,-1.886319009772603e-12,6.636451248466273e-08,1.896863834325208e-12,-4.3667376967494086e-07,8.757170193083827,14.499424934387207,3.7829713821411133,10.432723045349121,0.7828881740570068,0.17349569499492645,-0.9030584692955017,22.882914019156566,5.413300247873645,8.540542221948657,True,0.30316516757011414,398.0,401.0,True,OFFBOARD
54.452,ACQUIRE,True,1.6010222301776238,-2.1688484124780762,10.559303885305866,0.8006179990952957,0.20914708335079035,-0.7976137240790413,-0.007984530451553755,0.03287990567127502,-0.0029100466641496722,10.000000064186251,1.2106313773209735e-07,0.04992755344827249,-3.921821258377924e-09,4.793128199898078e-09,-0.018110213617584456,6.193121985180268e-09,-4.3911454428010224e-07,8.67448745561443,14.58340835571289,3.806704521179199,10.353589057922363,0.7845491170883179,0.17274607717990875,-0.9044594168663025,22.865238916362458,5.417591165176495,8.437041733636145,True,0.30316516757011414,398.0,401.0,True,OFFBOARD
54.552,ACQUIRE,True,1.6811699635145037,-2.1479449843946017,10.479321660041697,0.8022456267561439,0.20892878872898263,-0.8022806290463487,-0.007961579359825697,0.032827660901467805,-0.0028529330138370554,10.000000064616728,1.2133032595976292e-07,0.04999999379560904,5.184069442846271e-09,1.372664547999447e-09,0.0049994032278784925,5.362721692348669e-09,-4.4194212230431815e-07,8.591658886863007,14.66181468963623,3.828150510787964,10.280143737792969,0.7874894142150879,0.1732039749622345,-0.9065025448799133,22.881068510282155,5.424350487759513,8.3728124148751,True,0.30316516757011414,398.0,401.0,True,OFFBOARD
54.652,ACQUIRE,True,1.7614616805440384,-2.1270698142182285,10.398837022515089,0.8034206843502704,0.2085562308773296,-0.8067911272748137,-0.007742963890289745,0.032081532610897044,-0.002780365310171253,10.000000064972262,1.2157585183249388e-07,0.04999999628703666,-1.2859203958730538e-13,1.2151298582639881e-12,6.321575236667345e-07,1.2219150891489487e-12,-4.443736693128504e-07,8.508697974629035,14.73962688446045,3.8482322692871094,10.203230857849121,0.7890522480010986,0.17314481735229492,-0.9103972315788269,22.863596945239728,5.425467530054348,8.27566073593194,True,0.591029942035675,444.5,402.0,True,OFFBOARD
54.752,ACQUIRE,True,1.8450481253273616,-2.1054062348566314,10.314818396368633,0.8039022814988772,0.20806466461233084,-0.808302986546215,-0.007715423267790214,0.03152541774199176,-0.0027663292954108547,10.000000065312113,1.2184062091634884e-07,0.049927553448297135,-3.921821523149746e-09,4.793128208571695e-09,-0.018110213611451632,6.193122159561064e-09,-4.468144445111783e-07,8.422349854421999,14.823312759399414,3.868791341781616,10.117709159851074,0.7897871732711792,0.1719563603401184,-0.9134593605995178,22.859569944124438,5.431737836794722,8.186832799399186,True,0.591029942035675,444.5,402.0,True,OFFBOARD
54.852,ACQUIRE,True,1.9254530323233492,-2.0846165684986326,10.23406276626128,0.8041981025342374,0.207817578080869,-0.8065791267057898,-0.008212855523989725,0.031591631390096825,-0.0027451292814168263,10.00000006574259,1.2210780915593156e-07,0.04999999379560904,5.18406952203035e-09,1.3726646659606434e-09,0.004999403227882529,5.36272179908867e-09,-4.4964202244628914e-07,8.339300722581866,14.9006986618042,3.8885297775268555,10.039989471435547,0.7903339862823486,0.170403391122818,-0.9108888506889343,22.842661234542355,5.433309620191995,8.090804302977435,True,0.591029942035675,444.5,402.0,True,OFFBOARD
54.952,ACQUIRE,True,2.002679262874776,-2.0646537748576694,10.156682190422847,0.8047559755538207,0.20816239376700826,-0.80579956842044,-0.008884421030993505,0.03224122024891115,-0.002685480268649651,10.000000066098124,1.223533301720271e-07,0.04999999379560893,5.184069544961333e-09,1.372664700655113e-09,0.004999403227883587,5.362721830136278e-09,-4.5207356981023426e-07,8.25953604901253,14.984532356262207,3.9102580547332764,9.956643104553223,0.7915338277816772,0.16999323666095734,-0.909846842288971,22.880056388039826,5.445552280927604,8.043408984837434,True,0.3316188454627991,409.0,401.5,True,OFFBOARD
55.052,ACQUIRE,True,2.083216208207057,-2.043795675705079,10.076150853574104,0.8060382030180757,0.20902170800403164,-0.8046480905060441,-0.009280736245325326,0.03293053984414316,-0.0026398266278965282,10.000000066453659,1.2259885605831124e-07,0.049999996287036885,-1.2859204053690873e-13,1.2151295440147647e-12,6.321575238259961e-07,1.2219147767446696e-12,-4.5450511671966384e-07,8.176341964678262,15.035897254943848,3.922973155975342,9.904156684875488,0.7922481894493103,0.1701393723487854,-0.9096111059188843,22.86051691230898,5.445616196807666,7.971393517586493,True,0.3316188454627991,409.0,401.5,True,OFFBOARD
55.152,ACQUIRE,True,2.1639111393282646,-2.0228355119607855,9.995813547602257,0.8078742112096546,0.21017540119506986,-0.8020112591286872,-0.009558730784145139,0.0334771730774909,-0.0025979545453362314,10.000000066809196,1.2284436954618643e-07,0.04999999651757936,1.9973233206077143e-13,-1.8863189858439224e-12,6.636451282450199e-08,1.8968638118815167e-12,-4.5693666470324803e-07,8.092969398485753,15.144585609436035,3.948706865310669,9.790454864501953,0.7928852438926697,0.16965411603450775,-0.9074488878250122,22.883607654474716,5.454317453665646,7.884118559316653,True,0.3316188454627991,409.0,401.5,True,OFFBOARD
55.252,ACQUIRE,True,2.2448054094542638,-2.001753607943765,9.915804764334176,0.8099295662562221,0.21139599751974816,-0.7979811318444545,-0.009504766825373911,0.033542974848676556,-0.002503966913795466,10.000000067149044,1.2310914618140361e-07,0.04992755344825073,-3.921821884289704e-09,4.793128224184207e-09,-0.018110213623055784,6.1931224003377235e-09,-4.5937743911169654e-07,8.009373394874403,15.222503662109375,3.968719720840454,9.712671279907227,0.795722246170044,0.1710391342639923,-0.9040336608886719,22.866022960577453,5.452948604595582,7.7862906859060255,True,0.3316188454627991,409.0,401.5,True,OFFBOARD
55.352,ACQUIRE,True,2.3258997393353913,-1.9805561254265993,9.836123818545172,0.8117806672475811,0.21245801497849529,-0.796494834380919,-0.009203276422492213,0.033036052265975335,-0.0024099023180381156,10.00000006757952,1.2337633444040208e-07,0.049999993795609154,5.184069647169028e-09,1.3726648507086936e-09,0.004999403227875519,5.362721967347397e-09,-4.6220501690235064e-07,7.925554800935327,15.307863235473633,3.9917380809783936,9.630461692810059,0.7977712154388428,0.17268259823322296,-0.9009563326835632,22.880516595814434,5.460446125155875,7.713765762253381,True,0.48655325174331665,409.0,404.0,True,OFFBOARD
55.452,ACQUIRE,True,2.4103857631034367,-1.9584276058186239,9.75325849317753,0.8127444021508335,0.21293610262912324,-0.7971175260245804,-0.008367116430487995,0.03207115211788274,-0.0022964414852545633,10.000000067935057,1.2362185280544205e-07,0.04999999651757936,1.997323367279571e-13,-1.8863189752824804e-12,6.636451294940208e-08,1.8968638018702233e-12,-4.6463656438050847e-07,7.838219470488572,15.386587142944336,4.01381778717041,9.555091857910156,0.7992461323738098,0.17570579051971436,-0.8999737501144409,22.873982772091924,5.461648477670218,7.626093824215093,True,0.48655325174331665,409.0,404.0,True,OFFBOARD
55.552,ACQUIRE,True,2.488418718464106,-1.93799727004987,9.676621663054346,0.8128118392467559,0.2125971162162183,-0.7996973609150032,-0.007624378424984829,0.031295389657504565,-0.0022032867935461485,10.000000068290591,1.2386737384124574e-07,0.04999999651757947,1.9973233856376814e-13,-1.8863189752560106e-12,6.636451298409655e-08,1.8968638020372043e-12,-4.670681115971399e-07,7.757556849542975,15.471728324890137,4.038064479827881,9.474242210388184,0.7996469140052795,0.1762138158082962,-0.8999306559562683,22.87314334322349,5.467515965219206,7.5381878341348045,True,0.48655325174331665,409.0,404.0,True,OFFBOARD
55.652,ACQUIRE,True,2.5696741145513164,-1.9167796285941139,9.596495989818761,0.8122558639140948,0.21174414873610722,-0.8023166380253229,-0.007318397613607302,0.030919493137960635,-0.0021164596995776265,10.000000068630438,1.241321504898588e-07,0.049927553448239737,-3.921822197645447e-09,4.793128229388377e-09,-0.01811021362579192,6.19312260279936e-09,-4.6950888590723476e-07,7.6735772886133855,15.549731254577637,4.058833122253418,9.39694881439209,0.7997730374336243,0.17590947449207306,-0.9037806987762451,22.866215414042387,5.475559549676451,7.452385807636199,True,0.48655325174331665,409.0,404.0,True,OFFBOARD
55.752,ACQUIRE,True,2.650874894661644,-1.8956507772833366,9.51625475249069,0.8118671579635967,0.21091187656877358,-0.8019626354877628,-0.007540246494404296,0.03140677078818512,-0.001998961557306071,10.000000069060917,1.243993387644136e-07,0.04999999379560893,5.184069749410998e-09,1.3726649938233804e-09,0.004999403227881047,5.362722102815541e-09,-4.7233646358234525e-07,7.58967279729762,15.633755683898926,4.07998514175415,9.310907363891602,0.7996461391448975,0.17562338709831238,-0.9055904746055603,22.890536108909572,5.485417512493397,7.391623792208274,True,0.45585525035858154,409.0,403.5,True,OFFBOARD
55.852,ACQUIRE,True,2.7353079263977933,-1.8737483079096373,9.43300676657901,0.8118530751274083,0.21037028831821225,-0.7988545871140088,-0.007887443175488595,0.031450816835843824,-0.0019491059807831682,10.000000069416451,1.2464485714280703e-07,0.04999999651757936,1.9973234331652822e-13,-1.8863189646680987e-12,6.636451312304096e-08,1.8968637920085982e-12,-4.7476801096137074e-07,7.502445276130806,15.712377548217773,4.100127220153809,9.233514785766602,0.7992197275161743,0.17606443166732788,-0.9029167890548706,22.881934618364,5.4889402870109905,7.302831664276329,True,0.45585525035858154,409.0,403.5,True,OFFBOARD
55.952,ACQUIRE,True,2.813244536841555,-1.8535650401459658,9.356399768556443,0.8118488203425624,0.21013857283536852,-0.7975826991875316,-0.007981098075229068,0.03158700634515775,-0.0019166415799378906,10.000000069771986,1.2489037819193322e-07,0.04999999651757936,1.9973234483234961e-13,-1.8863189618358323e-12,6.63645131645078e-08,1.896863789351687e-12,-4.77199558078915e-07,7.421937679012292,15.79818058013916,4.122268199920654,9.150848388671875,0.7990025281906128,0.17562779784202576,-0.9000553488731384,22.880303256351205,5.493615565311437,7.213671409031679,True,0.45585525035858154,409.0,403.5,True,OFFBOARD
56.052,ACQUIRE,True,2.8944328553987364,-1.832564107365419,9.276642440861261,0.8119202339496385,0.209882559157294,-0.797632418172566,-0.00791413046614256,0.031655134071968793,-0.0019321721007635499,10.000000070111833,1.2515515485406908e-07,0.049927553448228745,-3.921822510386899e-09,4.793128241531441e-09,-0.018110213628526644,6.193122810242316e-09,-4.796403322906546e-07,7.338077207901218,15.876555442810059,4.1415324211120605,9.073155403137207,0.7984165549278259,0.17509262263774872,-0.9000397324562073,22.88489258988701,5.499372691853325,7.138663724251577,True,0.339770644903183,393.5,410.0,True,OFFBOARD
56.152,ACQUIRE,True,2.975632261122048,-1.8115912300830155,9.196899161057983,0.8120436357890295,0.20959021159224792,-0.7970355848660083,-0.007906330848042434,0.03147729523794536,-0.0019458384741312966,10.00000007054231,1.2542234314420391e-07,0.04999999379560893,5.184069851585984e-09,1.3726651464790462e-09,0.004999403227872411,5.362722240661087e-09,-4.824679098494009e-07,7.254213007719125,15.960833549499512,4.161441802978516,8.987841606140137,0.7980114221572876,0.17468863725662231,-0.9006531238555908,22.88710161526409,5.503615845770698,7.055113073507418,True,0.339770644903183,393.5,410.0,True,OFFBOARD
56.252,ACQUIRE,True,3.0568248513412817,-1.790647463783492,9.117309517098787,0.8117229002435133,0.20928777424576978,-0.7947898218711522,-0.007839381235039331,0.030867189295807736,-0.0019500318819992964,10.000000070897844,1.2566786907063594e-07,0.049999996287036885,-1.285920556114482e-13,1.2151294347475145e-12,6.32157524360291e-07,1.2219146696705921e-12,-4.848994564615171e-07,7.17036267695521,16.040159225463867,4.1805739402771,8.912038803100586,0.7970020174980164,0.17497618496418,-0.8981087803840637,22.896410163841303,5.507990761645971,6.983567308163823,True,0.339770644903183,393.5,410.0,True,OFFBOARD
56.352,ACQUIRE,True,3.1379580945818275,-1.7697374793365153,9.037832080364886,0.8109143337750746,0.20890387932551882,-0.7952204401497875,-0.007724660581891355,0.030561321622739543,-0.001975603308435632,10.000000071253378,1.2591338259879274e-07,0.04999999651757936,1.9973235135777067e-13,-1.8863189509832227e-12,6.63645133378136e-08,1.8968637792465092e-12,-4.873310041477912e-07,7.086578249129691,16.126998901367188,4.2017502784729,8.831133842468262,0.7969744801521301,0.17448540031909943,-0.897415041923523,22.886168093764656,5.5114157614823815,6.884881396860915,True,0.339770644903183,393.5,410.0,True,OFFBOARD
56.452,ACQUIRE,True,3.2190050387760043,-1.7488676838633794,8.958217667934242,0.8100745661529716,0.20853623523458706,-0.7968925709614046,-0.007882292980483794,0.030593871068252284,-0.001945316599707169,10.000000071593224,1.2617815927446136e-07,0.049927553448217865,-3.921822822999459e-09,4.793128245000888e-09,-0.018110213631262778,6.193123010890769e-09,-4.897717782620546e-07,7.002887422491617,16.212600708007812,4.2217888832092285,8.747252464294434,0.7959539890289307,0.17350870370864868,-0.8993870615959167,22.893940933007954,5.51608466084264,6.805549850100624,True,0.36670413613319397,408.5,416.5,True,OFFBOARD
56.552,ACQUIRE,True,3.299966547391256,-1.7280256031309031,8.878523887343679,0.8092029750606577,0.20834405069004874,-0.7965145929390519,-0.008068296620506558,0.0306166266970312,-0.001892184528896504,10.0000000720237,1.264453475802508e-07,0.04999999379560904,5.184069954114129e-09,1.3726652887263713e-09,0.004999403227878216,5.362722376183865e-09,-4.925993557036043e-07,6.919286245941572,16.290714263916016,4.2395806312561035,8.668052673339844,0.7948920726776123,0.1731516420841217,-0.900090754032135,22.899045677336623,5.520725272724974,6.731372494667489,True,0.36670413613319397,408.5,416.5,True,OFFBOARD
56.652,ACQUIRE,True,3.380851638144017,-1.7071933638249608,8.798998815216672,0.8085342415930957,0.20831239196810772,-0.793795047820145,-0.008155094004535257,0.030596964932168978,-0.0018039391562495316,10.000000072379235,1.2669087352003084e-07,0.049999996287036774,-1.2859206879008973e-13,1.2151301555725526e-12,6.321575245126138e-07,1.2219153878798202e-12,-4.950309022165789e-07,6.8357615236708025,16.3681583404541,4.258491039276123,8.59060287475586,0.7940309643745422,0.17233726382255554,-0.897272527217865,22.895090713030243,5.52097733580336,6.647910787992079,True,0.36670413613319397,408.5,416.5,True,OFFBOARD
56.752,ACQUIRE,True,3.4616607738472545,-1.6863589111366744,8.719663288368464,0.8076327878546993,0.20838807757793706,-0.7937407404449695,-0.008224220542094146,0.030325825645993093,-0.0017086007362059174,10.00000007273477,1.2693638706179714e-07,0.04999999651757947,1.997323579362476e-13,-1.8863189408982367e-12,6.63645135045136e-08,1.8968637699102743e-12,-4.974624498037522e-07,6.752309796852302,16.451431274414062,4.2803192138671875,8.509885787963867,0.7926406264305115,0.17297829687595367,-0.8950846195220947,22.88705186720537,5.524846571203236,6.554850170485774,True,0.5900723934173584,424.0,418.0,True,OFFBOARD
56.852,ACQUIRE,True,3.545596578474265,-1.6646880532005663,8.636992282724757,0.8065718739854609,0.20832500625924413,-0.7958779042653711,-0.008042659902431805,0.030410057986317535,-0.001650617763499905,10.000000073149558,1.2722283098912295e-07,0.04999999379560904,5.184070033302215e-09,1.3726654049528442e-09,0.004999403227881967,5.362722482483723e-09,-5.002992542764064e-07,6.66562159217863,16.53420066833496,4.300854206085205,8.426563262939453,0.7911192774772644,0.1725110560655594,-0.8964208960533142,22.899877355998747,5.530144210118625,6.483285710647239,True,0.5900723934173584,424.0,418.0,True,OFFBOARD
56.952,ACQUIRE,True,3.6229921245259664,-1.6446912225875951,8.560545509514041,0.8059486228806925,0.20831597925364922,-0.7963761732495185,-0.008278078127162804,0.030949205283760207,-0.0016071929501939614,10.000000073505092,1.274683520723848e-07,0.04999999379560904,5.184070056365079e-09,1.3726654431167606e-09,0.004999403227870013,5.362722514546875e-09,-5.027308011456688e-07,6.5856844760656275,16.610218048095703,4.318984031677246,8.347586631774902,0.7892106175422668,0.17228174209594727,-0.8973925113677979,22.907654169844285,5.5359222843779285,6.413941098762134,True,0.5900723934173584,424.0,418.0,True,OFFBOARD
57.052,ACQUIRE,True,3.7035812595795585,-1.62384863431604,8.480983465126455,0.8059125223247449,0.2085656747723287,-0.794757888412824,-0.008494867110589591,0.031355322575550036,-0.001563982990017657,10.000000073860626,1.277138780258265e-07,0.04999999628703666,-1.285920616151251e-13,1.215129929626514e-12,6.321575246931915e-07,1.2219151624333683e-12,-5.051623475595769e-07,6.5024437472982966,16.686994552612305,4.33875846862793,8.272534370422363,0.7885639667510986,0.17336806654930115,-0.8949004411697388,22.904912882228942,5.539656076282116,6.332824284460457,True,0.5900723934173584,424.0,418.0,True,OFFBOARD
57.152,ACQUIRE,True,3.7841689824253764,-1.6029797334039764,8.40142514356362,0.8057551426488279,0.2087290059267697,-0.7972745360418749,-0.008072254085722855,0.030871203435038314,-0.001533489114366284,10.000000074216157,1.279593915809311e-07,0.04999999651757947,1.9973236613125518e-13,-1.8863189458745552e-12,6.636451418435866e-08,1.8968637757218316e-12,-5.07593895047652e-07,6.419197815740647,16.770658493041992,4.3612141609191895,8.194341659545898,0.7889034152030945,0.17370261251926422,-0.8933798670768738,22.90205398043811,5.545970578177512,6.2448105168288555,True,0.4237743318080902,455.5,422.5,True,OFFBOARD
57.204,ACQUIRE,True,3.826059642020345,-1.5921280746332527,8.359888501211328,0.8054223419641984,0.2086377646472605,-0.8001474005099974,-0.007912068257698218,0.030541372835024505,-0.0015119376049774812,10.000000074378237,1.2810140773663513e-07,0.04992755344823008,-3.921823438918193e-09,4.79312826581757e-09,-0.018110213628193907,6.1931234170350155e-09,-5.08818895569954e-07,6.3759244565981685,16.79628562927246,4.367818832397461,8.169614791870117,0.7889084815979004,0.1736994981765747,-0.8942356705665588,22.90205398043811,5.545970578177512,6.218395990460939,True,0.4237743318080902,455.5,422.5,True,OFFBOARD
57.3,ACQUIRE,True,3.9033360072899836,-1.5721129432390675,8.282821384967598,0.8045045694868976,0.20835957747271008,-0.8049664414443546,-0.007903549233046888,0.030245199222387033,-0.0014637407186552903,10.000000074733771,1.2834692883114524e-07,0.04992755344819466,-3.921823487118494e-09,4.79312826581757e-09,-0.01811021363706237,6.193123447558075e-09,-5.112504423554806e-07,6.296098177531207,16.872896194458008,4.386929512023926,8.093932151794434,0.7884281873703003,0.1730698049068451,-0.8984137773513794,22.898225215125837,5.550985744561814,6.1367431687999,True,0.4237743318080902,455.5,422.5,True,OFFBOARD
57.352,ACQUIRE,True,3.9483708727620037,-1.560448416949195,8.237687093521053,0.8039274692030584,0.2082490274170865,-0.8067087814260597,-0.008019830049597335,0.03023492981570959,-0.0014565402358129578,10.000000074986481,1.284913614874572e-07,0.049999996287036774,-1.2859208366610586e-13,1.2151293563969669e-12,6.32157524963642e-07,1.2219145947075426e-12,-5.128622457446684e-07,6.24957723883653,16.930055618286133,4.400706768035889,8.03548526763916,0.7871074676513672,0.1734561324119568,-0.9006739854812622,22.90490822010719,5.555269227702757,6.085382328725111,True,0.4237743318080902,455.5,422.5,True,OFFBOARD
57.452,ACQUIRE,True,4.028717980422591,-1.539625508210232,8.156949929287302,0.8031530138596792,0.2082595846367531,-0.8075028265763837,-0.008342956306022609,0.030811862627530818,-0.0014369815131926801,10.000000075342012,1.2873687505289085e-07,0.04999999651757947,1.9973236888164365e-13,-1.88631891646663e-12,6.63645138027195e-08,1.896863746766993e-12,-5.152937931575002e-07,6.166575788802895,17.008066177368164,4.420137882232666,7.959473133087158,0.7871205806732178,0.1726357787847519,-0.9014441967010498,22.90385149298121,5.559017760648924,6.004775754785507,True,0.4237743318080902,455.5,422.5,True,OFFBOARD
57.552,ACQUIRE,True,4.109025415560244,-1.518783438805626,8.076150667989443,0.8030937194457136,0.20862286111905914,-0.808740070431044,-0.008721745799634223,0.03139579536340854,-0.0014440601143514888,10.000000075681859,1.290016517655214e-07,0.04992755344822053,-3.92182371392262e-09,4.793128276225911e-09,-0.01811021363060129,6.193123599238286e-09,-5.177345669995183e-07,6.083607973237294,17.093847274780273,4.441646575927734,7.877645492553711,0.7888210415840149,0.17279589176177979,-0.9007446765899658,22.913045384223288,5.566877755929678,5.926990116863173,False,,,,True,OFFBOARD
57.652,ACQUIRE,True,4.186132820706162,-1.4987247552581588,7.998420598101769,0.8033414051609383,0.20930052511451147,-0.8105476332198688,-0.009131361711284041,0.031686936731939404,-0.0014101964600571949,10.000000076037393,1.292471728718764e-07,0.049927553448185,-3.92182376251019e-09,4.793128274491187e-09,-0.018110213639469762,6.193123628664008e-09,-5.201661136969695e-07,6.0039344385201465,17.172563552856445,4.461478233337402,7.804126262664795,0.7894014120101929,0.17293359339237213,-0.9007589221000671,22.907397316894055,5.5711808965746386,5.841212057607702,False,,,,True,OFFBOARD
57.752,ACQUIRE,True,4.2664936140297005,-1.477746091982104,7.917159091351773,0.8039301555493281,0.21024740793171362,-0.8149488340554902,-0.009243493429176478,0.032205632095731365,-0.0013558470343996234,10.000000076467868,1.295143612246601e-07,0.04999999379560904,5.1840702605797934e-09,1.3726657423565602e-09,0.0049994032278810815,5.362722788553137e-09,-5.229936907902246e-07,5.920880867739809,17.257413864135742,4.482837200164795,7.724626541137695,0.7907911539077759,0.17382505536079407,-0.9023216962814331,22.912570059539064,5.576063365009038,5.759855470574642,False,,,,True,OFFBOARD
57.852,ACQUIRE,True,4.346933833754243,-1.4566733211444924,7.835384193699289,0.8048933081443159,0.21116765389408496,-0.8200752095804322,-0.009227530410749812,0.03256528710601456,-0.0013663384804981713,10.000000076823401,1.2975988720484595e-07,0.049999996287036774,-1.2859207425940794e-13,1.215129720409376e-12,6.321575250331975e-07,1.2219149557086636e-12,-5.254252370059317e-07,5.837726911315543,17.335023880004883,4.5015788078308105,7.6485724449157715,0.7913593649864197,0.1737910807132721,-0.9056552052497864,22.9142468276731,5.580982184744196,5.682678976493362,False,,,,True,OFFBOARD
57.952,ACQUIRE,True,4.427483782942949,-1.4355088586770808,7.753198174718745,0.8060746180235172,0.21210875808900906,-0.8230278649910431,-0.009377267788236972,0.0326518299171236,-0.0013624633199850625,10.000000077178935,1.3000540078688516e-07,0.04999999651757936,1.9973237705488603e-13,-1.8863189039199546e-12,6.636451401782521e-08,1.896863735150676e-12,-5.278567842957924e-07,5.754443839860961,17.418621063232422,4.521017551422119,7.563270092010498,0.7935946583747864,0.1728152334690094,-0.9072171449661255,22.90683438723663,5.584438856541874,5.590290722490192,False,,,,True,OFFBOARD
58.052,ACQUIRE,True,4.508159226941667,-1.4142388016849476,7.670877400023264,0.8074639999223486,0.21332332394431772,-0.8231207953030376,-0.009858106381514076,0.033147830671707866,-0.0013365348678734707,10.000000077518783,1.302701775163123e-07,0.04992755344817412,-3.92182407521193e-09,4.793128286634252e-09,-0.01811021364220584,6.193123836081862e-09,-5.302975580157829e-07,5.67101293286527,17.49594497680664,4.540706157684326,7.485296249389648,0.7946316003799438,0.1741613745689392,-0.9064616560935974,22.913825847291093,5.589259211573932,5.51841432239213,False,,,,True,OFFBOARD
58.152,ACQUIRE,True,4.58899799535797,-1.3928304897946011,7.588564350568586,0.8093301372787932,0.21477283669363914,-0.8232055660359056,-0.009856360469652423,0.03386870962793214,-0.0013021964205997688,10.000000077949252,1.3053736588466247e-07,0.04999999379560904,5.184070363136629e-09,1.3726658837365235e-09,0.004999403227873008,5.362722923881646e-09,-5.331251349926623e-07,5.587389432887377,17.5797176361084,4.563257217407227,7.401591777801514,0.7961675524711609,0.17618384957313538,-0.9055256843566895,22.919856106435343,5.59369424875,5.438646831503982,False,,,,True,OFFBOARD
58.252,ACQUIRE,True,4.67006535989355,-1.3712849021448856,7.506235423333027,0.8120641082264138,0.2160385884708756,-0.8233993661469196,-0.009603204053155174,0.03489134892554028,-0.0012701461907041758,10.000000078304787,1.3078289187844457e-07,0.049999996287036774,-1.285920693376833e-13,1.2151298182416813e-12,6.321575252065034e-07,1.221915052479758e-12,-5.355566811092655e-07,5.503510401921415,17.65683937072754,4.582942008972168,7.322886943817139,0.7986374497413635,0.1769494265317917,-0.9044275879859924,22.918713614815413,5.597650724946481,5.358820237596105,False,,,,True,OFFBOARD
58.352,ACQUIRE,True,4.751440850577444,-1.3496267824506638,7.423939463194078,0.8153741263952726,0.21706655945966746,-0.8222124203450808,-0.00951797245958197,0.03535063238506883,-0.001235960460778448,10.000000078660321,1.310284054738386e-07,0.04999999651757936,1.9973238342579234e-13,-1.8863188915585675e-12,6.636451418419213e-08,1.8968637235288385e-12,-5.379882283000304e-07,5.419305008604052,17.74040985107422,4.603348731994629,7.23560905456543,0.8018249273300171,0.17723888158798218,-0.9037278294563293,22.913775249278665,5.599954507989919,5.268484850133501,False,,,,True,OFFBOARD
58.452,ACQUIRE,True,4.836436692173817,-1.3269985064496526,7.3385941465939055,0.8190033582691632,0.21803004755681485,-0.8190304647900292,-0.009375443606467157,0.03538097984893911,-0.001162060437390781,10.000000079075104,1.3131484946381196e-07,0.04999999379560893,5.184070442135578e-09,1.3726660086366138e-09,0.004999403227862888,5.362723032218814e-09,-5.408250323102018e-07,5.3313518206151365,17.81907081604004,4.624527931213379,7.157789707183838,0.8063085675239563,0.1784149706363678,-0.8993988633155823,22.920138218522453,5.603558195551624,5.194168740343241,False,,,,True,OFFBOARD
58.552,ACQUIRE,True,4.915219806053267,-1.306033586031459,7.259991827776387,0.8221333508540609,0.21865051981777414,-0.8191793539851656,-0.009002023838089181,0.035237105143411745,-0.0011014874036046028,10.000000079430638,1.3156037060079604e-07,0.04999999379560904,5.18407046518077e-09,1.372666034657466e-09,0.004999403227878521,5.362723061156694e-09,-5.432565787830516e-07,5.24982994962831,17.90544891357422,4.648992538452148,7.075204372406006,0.8100094795227051,0.18010775744915009,-0.8959645628929138,22.914327802501003,5.608446326641804,5.099943067879081,False,,,,True,OFFBOARD
58.652,ACQUIRE,True,4.997582668615562,-1.284154564461598,7.177988142406771,0.8249223170928727,0.21884266239959813,-0.820585143501913,-0.0085171052851217,0.03482853747538144,-0.0010287315850924523,10.000000079786172,1.3180589660797198e-07,0.04999999628703666,-1.285920755498097e-13,1.2151297379853096e-12,6.321575253867482e-07,1.2219149733227984e-12,-5.456881248005475e-07,5.164613561490222,17.984785079956055,4.6700439453125,6.996491432189941,0.8118031620979309,0.1805809587240219,-0.8962159752845764,22.92373200241881,5.616041234351278,5.028728226278791,False,,,,True,OFFBOARD
58.752,ACQUIRE,True,5.080206968572738,-1.2622775384406772,7.09592325782137,0.8274284026875013,0.21864591823258736,-0.8204734981717604,-0.00814522650225755,0.034669285221095296,-0.0009667002515236134,10.000000080141705,1.3205141021672333e-07,0.04999999651757947,1.9973238994679315e-13,-1.886318880785367e-12,6.636451435055905e-08,1.896863713502164e-12,-5.48119671892216e-07,5.079144532110146,18.07037353515625,4.6915717124938965,6.909796237945557,0.8133552074432373,0.17996369302272797,-0.8959766626358032,22.925374070619075,5.621666363230398,4.943289012254187,False,,,,True,OFFBOARD
58.852,ACQUIRE,True,5.163069981303159,-1.240433971676635,7.013978648749758,0.8297109196875168,0.21824735532661058,-0.8183507655354637,-0.00815409074925584,0.03453794489717132,-0.0009196472440766141,10.000000080481547,1.3231618697310665e-07,0.04992755344815214,-3.921824701536431e-09,4.7931283039814865e-09,-0.01811021364767723,6.193124246130523e-09,-5.505604454155033e-07,4.993452668313411,18.148746490478516,4.713050842285156,6.8306427001953125,0.8150214552879333,0.17991723120212555,-0.8922178149223328,22.925785873156862,5.62418625703264,4.863154635385038,False,,,,True,OFFBOARD
58.952,ACQUIRE,True,5.249479131268154,-1.2177538685669107,6.928938043561941,0.8318966446154202,0.2179213920804438,-0.8174199134155735,-0.008134227518963229,0.03450317365236782,-0.0009230562566784024,10.000000080912027,1.3258338023957776e-07,0.049999996287036885,-1.285920853237758e-13,1.215130528902324e-12,6.321575256575316e-07,1.2219157608764849e-12,-5.533880217294687e-07,4.904118075691375,18.233186721801758,4.737300872802734,6.745691776275635,0.8152903914451599,0.1804526448249817,-0.8896708488464355,22.921044845567753,5.631024026854837,4.772290316467312,False,,,,True,OFFBOARD
59.052,ACQUIRE,True,5.332774289214511,-1.1959828124809344,6.847230729362837,0.8339177317851063,0.21748558841662796,-0.8165702099155245,-0.007886504824674581,0.03449824114353245,-0.0008890321679268633,10.000000081267572,1.3282889385851105e-07,0.04999999651757947,1.9973239488703888e-13,-1.8863188719709306e-12,6.636451448967e-08,1.896863705256916e-12,-5.5581956874585e-07,4.818025715941883,18.311138153076172,4.758176326751709,6.667181491851807,0.8162779808044434,0.18112285435199738,-0.8892281651496887,22.926965949732292,5.638010817487067,4.698933387426432,False,,,,True,OFFBOARD
59.152,ACQUIRE,True,5.412923241173707,-1.1751357056860374,6.768913720240664,0.8357425421506619,0.21682359315087768,-0.8150295788968914,-0.007613066126647197,0.034304304574594637,-0.0008094144927579534,10.000000081623108,1.3307441501528192e-07,0.04999999651757947,1.997323963676534e-13,-1.8863188686092686e-12,6.63645145240314e-08,1.8968637020698448e-12,-5.582511150705597e-07,4.7352104683663745,18.39568519592285,4.77958345413208,6.5810933113098145,0.8170743584632874,0.18231579661369324,-0.8869999051094055,22.92386094719685,5.641521409109065,4.609480737854943,False,,,,True,OFFBOARD
59.252,ACQUIRE,True,5.496579637968037,-1.1534997991577554,6.687523521664578,0.8372616717329634,0.21588024144386553,-0.8126746932625543,-0.007273678775195822,0.033968910132357505,-0.000762857992589867,10.000000081962966,1.3333919178514663e-07,0.04992755344814126,-3.921825014581375e-09,4.793128314389827e-09,-0.018110213650411953,6.193124452423161e-09,-5.60691888495501e-07,4.6488017584816355,18.4744930267334,4.79994535446167,6.502921104431152,0.8184110522270203,0.18272078037261963,-0.8847224116325378,22.921272918548016,5.6453194561843185,4.5264233980163855,False,,,,True,OFFBOARD
59.352,ACQUIRE,True,5.580372480588349,-1.1319718045407732,6.606334918138049,0.8384814123374967,0.21468999065418665,-0.8114601910413696,-0.007031719247565491,0.03366121509156879,-0.0007471546738380247,10.000000082393454,1.336063802002573e-07,0.04999999379560882,5.184070669657799e-09,1.3726663330299038e-09,0.004999403227861123,5.3627233351945375e-09,-5.635194651232782e-07,4.562287650662786,18.560707092285156,4.822646141052246,6.419846534729004,0.8204483389854431,0.18188534677028656,-0.8820928335189819,22.923337152005605,5.651058093374314,4.440586380279805,False,,,,True,OFFBOARD
59.452,ACQUIRE,True,5.664265408988906,-1.110567865329842,6.525164412572473,0.8392434967006154,0.21346707866077577,-0.8120726230542283,-0.0071326477551123,0.03301116426370892,-0.0007388215683082143,10.000000082748993,1.3385190623421097e-07,0.049999996287036885,-1.2859209730631416e-13,1.2151296615405861e-12,6.321575812309664e-07,1.2219148995921834e-12,-5.659510109425779e-07,4.475707367785795,18.646728515625,4.843985557556152,6.335982322692871,0.8212717771530151,0.1814887672662735,-0.8819786310195923,22.915743345325275,5.653580176601761,4.345104263810994,False,,,,True,OFFBOARD
59.552,ACQUIRE,True,5.751548990129274,-1.0884304950965855,6.440698746614384,0.8391374432222426,0.2123066499856857,-0.8120104750689268,-0.007156584997364179,0.0320886809664317,-0.0007258922770965778,10.00000008308885,1.341166754798405e-07,0.049927553448165685,-3.921825279127761e-09,4.793128326532892e-09,-0.018110213644279147,6.1931246293464446e-09,-5.683917849606775e-07,4.3856604888977655,18.725915908813477,4.862858772277832,6.257473945617676,0.8212433457374573,0.1821831911802292,-0.8823318481445312,22.918040354919288,5.6603175235865795,4.267299829128118,False,,,,True,OFFBOARD
59.652,ACQUIRE,True,5.83207504195718,-1.0681000076408522,6.3627999596431595,0.8384360076953028,0.21127981195716772,-0.810954221872734,-0.007112985826909684,0.031521497354423104,-0.000730621733186192,10.000000083444395,1.3436219665319244e-07,0.04992755344813038,-3.921825327473086e-09,4.793128324798168e-09,-0.018110213653147633,6.193124658618772e-09,-5.70823331162614e-07,4.30260817002933,18.80610466003418,4.882802486419678,6.181917190551758,0.821075975894928,0.18208089470863342,-0.8799571394920349,22.913211910044172,5.66395410455601,4.180732927801255,False,,,,True,OFFBOARD
59.752,ACQUIRE,True,5.915858251170579,-1.0470251848619327,6.281634095590893,0.8372280744798627,0.21028234775581695,-0.8128190899408698,-0.007248719855113847,0.03117074136868837,-0.000720164437817853,10.000000083874877,1.346293850842355e-07,0.04999999379560882,5.18407077185835e-09,1.3726664822161228e-09,0.004999403227866925,5.3627234721767645e-09,-5.736509076740105e-07,4.216215901647011,18.893522262573242,4.904866695404053,6.10067892074585,0.8204129338264465,0.18122442066669464,-0.8803041577339172,22.91831284973368,5.6705816260628925,4.0969816481806625,False,,,,True,OFFBOARD
59.852,ACQUIRE,True,6.002840925280731,-1.0252055027651488,6.196942448762713,0.835424656119368,0.2093679662312458,-0.815639285660606,-0.0072812292511010126,0.030166597653050898,-0.0007246220039355025,10.000000084230418,1.3487490359716176e-07,0.04999999651757947,1.99732407617607e-13,-1.8863188475128542e-12,6.636451482934273e-08,1.896863682275284e-12,-5.760824540620487e-07,4.126539463209375,18.973552703857422,4.924206733703613,6.024014472961426,0.8196118474006653,0.18194611370563507,-0.8822138905525208,22.92058281565464,5.676443081676881,4.01807245164222,False,,,,True,OFFBOARD
59.952,ACQUIRE,True,6.0829242298000485,-1.0051458930747172,6.118569934646119,0.8330036927318049,0.20856669093461547,-0.8168807360472717,-0.00721762718198235,0.02958972666386634,-0.0007085364593310992,10.000000084585963,1.351204247806236e-07,0.04999999651757958,1.9973240945583497e-13,-1.886318847645203e-12,6.63645148640372e-08,1.8968636826004555e-12,-5.785140001885545e-07,4.04398340626458,19.059635162353516,4.9444780349731445,5.938977241516113,0.8175707459449768,0.1831187754869461,-0.8819246292114258,22.9220390707145,5.681062953848382,3.932012372060476,False,,,,True,OFFBOARD
60.052,ACQUIRE,True,6.166085806893483,-0.9843353572747813,6.036864434498518,0.8303620186477101,0.20767217276178399,-0.8170765080603509,-0.007115977347567271,0.02959569547098592,-0.0006663545169166861,10.00000008492582,1.353852015773796e-07,0.04992755344811928,-3.921825640586084e-09,4.793128335206509e-09,-0.018110213655883767,6.193124864954522e-09,-5.809547734167911e-07,3.9582590937696813,19.139448165893555,4.96429443359375,5.863433361053467,0.8155557513237,0.18387988209724426,-0.8803567290306091,22.921588978396393,5.684359729106651,3.850075733722872,False,,,,True,OFFBOARD
60.152,ACQUIRE,True,6.248985541786935,-0.9636190931755271,5.955037248871893,0.8277349669761845,0.20668215199873832,-0.8199698713864427,-0.00703748452411334,0.029553643542122424,-0.0006196222858822827,10.000000085356296,1.3565239002376215e-07,0.04999999379560871,5.184070874194552e-09,1.3726666279328947e-09,0.004999403227858135,5.362723608402071e-09,-5.837823498118331e-07,3.872811914389308,19.225933074951172,4.986350059509277,5.783447742462158,0.8128608465194702,0.1839464008808136,-0.8801897168159485,22.921477857139248,5.68936576996926,3.7618190182823876,False,,,,True,OFFBOARD
60.252,ACQUIRE,True,6.331632506026328,-0.942997345394749,5.872798992532877,0.8254125330359715,0.20585301017369753,-0.8244591471970495,-0.007429701123624367,0.030179060314211307,-0.0005836013586076264,10.000000085711843,1.3589791608453466e-07,0.049999996287036774,-1.2859209509774193e-13,1.215129662387619e-12,6.321575815779112e-07,1.2219149002020867e-12,-5.862138954328807e-07,3.7876331592977786,19.304954528808594,5.005824089050293,5.7069244384765625,0.8100950121879578,0.18497541546821594,-0.8830726146697998,22.92453375943885,5.695867171125152,3.6847677351400727,False,,,,True,OFFBOARD
60.352,ACQUIRE,True,6.41408962445757,-0.9224349095680848,5.79021989003336,0.8239228997659903,0.20547067606899122,-0.8264355703871366,-0.007764756548562248,0.03084168311258,-0.000579193281972716,10.000000086067388,1.3614342974701193e-07,0.04999999651757936,1.9973241566890487e-13,-1.886318833854448e-12,6.636451503750954e-08,1.8968636695405762e-12,-5.886454421281396e-07,3.7026531369059597,19.389970779418945,5.02628231048584,5.621084213256836,0.8088473677635193,0.1857399046421051,-0.8859879970550537,22.924716137957926,5.700907655160348,3.5985474993933413,False,,,,True,OFFBOARD
60.452,ACQUIRE,True,6.496426934080588,-0.9018974051790971,5.70763803643996,0.8229208701065549,0.20531494867110547,-0.8248987146693737,-0.007902302405004762,0.03105897142515238,-0.0005665811745576016,10.000000086407239,1.3640820655729473e-07,0.049927553448108286,-3.921825953544383e-09,4.7931283404106795e-09,-0.018110213658619454,6.193125067164585e-09,-5.910862152580273e-07,3.6177954626022366,19.46999740600586,5.04612922668457,5.543936252593994,0.8103052973747253,0.18808656930923462,-0.8846931457519531,22.92203478589353,5.7033627868621855,3.514045819958168,False,,,,True,OFFBOARD
60.552,ACQUIRE,True,6.5786648154406056,-0.8813714033061983,5.625156928967098,0.8217918855014267,0.20520006759304452,-0.8252160730396553,-0.007825622105970646,0.0305757884008602,-0.0005752062135036587,10.000000086837721,1.366753950195792e-07,0.04999999379560871,5.184070976441393e-09,1.3726667797211989e-09,0.004999403227864522,5.362723746095093e-09,-5.939137915366806e-07,3.533037054829103,19.55772590637207,5.0683088302612305,5.462043285369873,0.8101122975349426,0.19006392359733582,-0.8828118443489075,22.926646947711866,5.7114305419952505,3.4297572099035976,False,,,,True,OFFBOARD
60.652,ACQUIRE,True,6.6607705892025555,-0.8608637320441039,5.542554798213676,0.8203893453883571,0.20494560909851178,-0.82657375406101,-0.007702827533847097,0.030557214376725903,-0.0005945638658568108,10.000000087193268,1.3692092109385852e-07,0.04999999628703666,-1.285921184159634e-13,1.2151295071688315e-12,6.321575817442781e-07,1.22191474829919e-12,-5.963453370586202e-07,3.4484112633415314,19.637737274169922,5.088074207305908,5.384170055389404,0.810223400592804,0.19055044651031494,-0.8837342858314514,22.931159909294184,5.717884640831125,3.3531021212790493,False,,,,True,OFFBOARD
60.752,ACQUIRE,True,6.742744900064876,-0.8403831825146574,5.459898750205282,0.8192017608640793,0.2046930191164849,-0.8262095992869791,-0.0078279759071097,0.030864815782721274,-0.0006252907833633464,10.000000087548807,1.371664347697893e-07,0.04999999651757936,1.99732423858497e-13,-1.886318838645478e-12,6.636451571735461e-08,1.896863675167305e-12,-5.987768836547667e-07,3.363919660216218,19.723644256591797,5.108894348144531,5.298277378082275,0.809748113155365,0.1905340552330017,-0.8842085003852844,22.935512869920345,5.723607542233155,3.27016395617585,False,,,,True,OFFBOARD
60.852,ACQUIRE,True,6.82789934438908,-0.8190933554599857,5.37408843436029,0.8185285014719356,0.20484868879717266,-0.8239115121986464,-0.008599744272922441,0.031502725475008035,-0.0006153872627210548,10.000000087963599,1.374528788538923e-07,0.04999999379560882,5.184071053960301e-09,1.3726668942129483e-09,0.004999403227864942,5.3627238503373725e-09,-6.016136869718192e-07,3.276146711842773,19.809452056884766,5.131397724151611,5.213294506072998,0.8102626800537109,0.19137927889823914,-0.881832480430603,22.937685219087907,5.728668911559431,3.184741055158961,False,,,,True,OFFBOARD
60.952,ACQUIRE,True,6.906470171566991,-0.7993900489770907,5.295085729615636,0.818442449190495,0.20567820605170978,-0.8222201332461188,-0.009078655622154003,0.032010756263703026,-0.0005291117674122285,10.000000088319144,1.3769840007140209e-07,0.04999999379560882,5.184071078636444e-09,1.3726669297747796e-09,0.004999403227855751,5.362723883294024e-09,-6.040452328495067e-07,3.195145069694592,19.888465881347656,5.152985572814941,5.135500431060791,0.8103490471839905,0.19375447928905487,-0.8803706169128418,22.937620760854806,5.73573721368014,3.104342918260375,False,,,,True,OFFBOARD
61.052,ACQUIRE,True,6.988336693903489,-0.7787715019602247,5.212945053471396,0.8190173761891336,0.20662618498646368,-0.8205127834752278,-0.008917573874812339,0.0329704092162657,-0.00039468731406651635,10.000000088674689,1.3794392615911226e-07,0.04999999628703666,-1.285920859127284e-13,1.2151297665726716e-12,6.32157581924856e-07,1.2219150028419905e-12,-6.064767782723924e-07,3.1107236570489167,19.967069625854492,5.173844337463379,5.057223320007324,0.8108083009719849,0.1965809166431427,-0.8795323967933655,22.94003124712639,5.741726836924477,3.0267129587639827,False,,,,True,OFFBOARD
61.152,ACQUIRE,True,7.070309658568002,-0.7580704621505184,5.131009279594141,0.8205086158575076,0.2073138997858878,-0.8182083897349695,-0.008609441124182297,0.03375270407706443,-0.00030816356549383944,10.000000089030223,1.3818943984848394e-07,0.04999999651757947,1.9973242869487987e-13,-1.886318811752182e-12,6.636451537734881e-08,1.8968636489327635e-12,-6.089083247694413e-07,3.026178622196928,20.025829315185547,5.189176082611084,4.998096466064453,0.8114818334579468,0.1989065557718277,-0.8784754872322083,22.941409793248575,5.747906098095033,2.968634156352872,False,,,,True,OFFBOARD
61.252,TAG_APPROACH,True,7.152463150845034,-0.7373163383568205,5.049781869515542,0.8231583748663882,0.2078361606574779,-0.7692027453203962,-0.007406258795751018,0.03157714906881634,-0.0001619672309271493,10.00000008937008,1.384542166855084e-07,0.04992755344810962,-3.921826570848376e-09,4.793128368166255e-09,-0.01811021365832762,6.193125479556542e-09,-6.113490977026084e-07,2.9414455975322116,20.132015228271484,5.217839241027832,4.895445823669434,0.8141860365867615,0.2028411626815796,-0.8699231743812561,22.94051523795556,5.752956668032612,2.8590248276431005,False,,,,True,OFFBOARD
61.352,TAG_APPROACH,True,7.2341798588926896,-0.7167939313402621,4.982177717146159,0.803746336109763,0.2001278819143191,-0.670448511937816,0.007831476799366173,-0.008788562587819617,0.0003542562405432521,10.000000089800567,1.3872140517894278e-07,0.04999999379560893,5.184071180975393e-09,1.3726670754915515e-09,0.0049994032278613,5.362724019521995e-09,-6.141766737477328e-07,2.8571936036213708,20.21999740600586,5.242580413818359,4.82658576965332,0.8049755096435547,0.20334234833717346,-0.7215081453323364,22.912588069866416,5.752118373314946,2.7403783343321377,False,,,,True,OFFBOARD
61.452,TAG_APPROACH,True,7.312749212259326,-0.6975312000348355,4.911030865097249,0.7714507530183067,0.1859111240726239,-0.7468289992692458,0.006724609353183197,0.006600022198003711,0.0010936761806901623,10.000000090156105,1.3896693127989155e-07,0.049999996287036774,-1.2859211659947477e-13,1.215129204566311e-12,6.321575820981618e-07,1.2219144471858449e-12,-6.166082190714802e-07,2.7763046031814675,20.297595977783203,5.2637553215026855,4.761340618133545,0.7699435353279114,0.19320856034755707,-0.7944314479827881,22.9511489449876,5.767438559464455,2.700933200574001,False,,,,True,OFFBOARD
61.552,TAG_APPROACH,True,7.389220461940914,-0.6794966714917202,4.833819850369806,0.7628673340735327,0.17627281864140878,-0.7895232895713217,-0.00021240225020922684,0.03518307932347353,0.0016083936628442845,10.000000090511644,1.3921244498271554e-07,0.04999999651757936,1.9973243693499464e-13,-1.8863188172314264e-12,6.636451605042152e-08,1.8968636552492007e-12,-6.19039765469424e-07,2.697755768174179,20.37824058532715,5.284854888916016,4.682101726531982,0.7556813359260559,0.1843850165605545,-0.845658004283905,22.958075081978095,5.775551319123641,2.626086254624693,False,,,,True,OFFBOARD
61.652,TAG_APPROACH,True,7.466049546113238,-0.6621072372302164,4.753886170625976,0.7753907394539844,0.1723644444839691,-0.8055642980634631,-0.004336226884210225,0.04877245820513407,0.0018089809075961954,10.000000090851502,1.3947722183344099e-07,0.049927553448075646,-3.92182689235566e-09,4.7931283699009786e-09,-0.018110213666826906,6.193125684495162e-09,-6.214805383051208e-07,2.6190249218878674,20.453048706054688,5.3039422035217285,4.606805324554443,0.7660735845565796,0.18132604658603668,-0.8642770648002625,22.96810726883075,5.787568954706455,2.5611353749176717,False,,,,True,OFFBOARD
61.752,TAG_APPROACH,True,7.544500292125575,-0.6449664242227007,4.672958647250869,0.7924545331348947,0.17059115454447057,-0.8118983167105949,-0.004680461816648579,0.04623245922141513,0.001900664153917709,10.000000091281985,1.3974441034250623e-07,0.04999999379560882,5.184071283176542e-09,1.3726672212083235e-09,0.004999403227852636,5.362724155616757e-09,-6.243081142346679e-07,2.538791273872808,20.53589630126953,5.324465274810791,4.525235652923584,0.7841971516609192,0.18173447251319885,-0.8714979887008667,22.957725428297536,5.792881225456823,2.4667123511550457,False,,,,True,OFFBOARD
61.852,TAG_APPROACH,True,7.624370303604801,-0.6280165370653283,4.59158919670806,0.8031494641787317,0.1682895243084163,-0.8151057900220736,-0.0033418072390134852,0.03815984743892584,0.0019136344369873259,10.00000009163752,1.399899364570072e-07,0.049999996287036774,-1.2859211577229416e-13,1.2151304113765027e-12,6.321575822718008e-07,1.2219156472076229e-12,-6.267396594593074e-07,2.457238660864655,20.613134384155273,5.342825412750244,4.44869327545166,0.795066237449646,0.18136650323867798,-0.8747749328613281,22.95337335021973,5.799990633159756,2.384474461393647,False,,,,True,OFFBOARD
61.952,TAG_APPROACH,True,7.704918422939147,-0.6113564249803596,4.5099759378046125,0.8067943792679553,0.16496172479367352,-0.8168303649161536,-0.002714715967119808,0.03289458373073717,0.0018815482098922206,10.000000091993066,1.402354501731927e-07,0.04999999651757936,1.99732441459259e-13,-1.886318787373515e-12,6.636451571735461e-08,1.89686362603366e-12,-6.291712057581544e-07,2.375111937879938,20.697086334228516,5.362157821655273,4.3641581535339355,0.8001391887664795,0.18023164570331573,-0.8772699236869812,22.957946060465435,5.805036020548492,2.30382894347106,False,,,,True,OFFBOARD
62.052,TAG_APPROACH,True,7.785640445130392,-0.5950373744640866,4.428307596147541,0.8074613449800313,0.1616052855657995,-0.8162667271634239,-0.0029389542094977036,0.03187682937989548,0.0018631661104595919,10.00000009233292,1.4050022703730486e-07,0.04992755344806454,-3.921827205615559e-09,4.793128375105149e-09,-0.018110213669561642,6.193125886896251e-09,-6.316119784946331e-07,2.292914802467333,20.774776458740234,5.378915309906006,4.28695821762085,0.8009645342826843,0.17843206226825714,-0.8767319321632385,22.96032906811009,5.815688164842497,2.22876888329247,False,,,,True,OFFBOARD
62.152,TAG_APPROACH,True,7.866419628505641,-0.579027271259327,4.346701684632152,0.8082558989276489,0.1588509457224311,-0.8161300264077046,-0.003733365362481876,0.03294903207673871,0.0018377546426192022,10.000000092763399,1.4076741556186885e-07,0.04999999379560871,5.1840713854385275e-09,1.372667365190372e-09,0.004999403227858447,5.362724291326304e-09,-6.344395543078222e-07,2.2107551518295137,20.858877182006836,5.396218776702881,4.2042555809021,0.8022093772888184,0.17762809991836548,-0.8755213022232056,22.962732536352753,5.81997214677414,2.1461067705630903,False,,,,True,OFFBOARD
62.252,TAG_APPROACH,True,7.947337204045491,-0.5632473226165063,4.265053773396476,0.8101784137451522,0.1569453701254694,-0.8167137968523728,-0.004424182215336293,0.03397725473526465,0.00178274410461585,10.00000009311894,1.410129416898599e-07,0.049999996287036885,-1.2859213452778737e-13,1.215129379690373e-12,6.321575824451066e-07,1.2219146232241935e-12,-6.368710994334034e-07,2.128537676778207,20.93636703491211,5.4122138023376465,4.126247882843018,0.8040383458137512,0.17708776891231537,-0.8767653107643127,22.964657632039362,5.828964696431702,2.070662708922683,False,,,,True,OFFBOARD
62.352,TAG_APPROACH,True,8.028478616581193,-0.5476236317143979,4.183416697202701,0.8125482684261445,0.1556565175261565,-0.8157858547297423,-0.004804291316932891,0.033973584462768436,0.0017563873200210163,10.000000093474485,1.4125845541945293e-07,0.04999999651757947,1.9973244787551806e-13,-1.886318775356235e-12,6.636451589082696e-08,1.896863614758793e-12,-6.393026456331461e-07,2.046164394807155,21.0203857421875,5.429710865020752,4.039923667907715,0.8072134256362915,0.17781010270118713,-0.875778317451477,22.965935689541716,5.835538303996676,1.9874255980729822,False,,,,True,OFFBOARD
62.452,TAG_APPROACH,True,8.109841861108457,-0.5321146486454562,4.101948850798808,0.8145267759898981,0.1545873761253786,-0.8134587545734623,-0.004878220505753741,0.033344146766294,0.0017715460745178024,10.000000093814332,1.4152323229703903e-07,0.04992755344805355,-3.921827518374692e-09,4.793128388982937e-09,-0.01811021367229776,6.193126095693125e-09,-6.41743418272149e-07,1.9636303864480367,21.09884262084961,5.446035385131836,3.9610655307769775,0.8086841702461243,0.1781034916639328,-0.8736969828605652,22.965942366976442,5.83989164060857,1.9081887254580032,False,,,,True,OFFBOARD
62.552,TAG_APPROACH,True,8.19136979438232,-0.5167058241683992,4.020713607022937,0.815910210694871,0.1536791901963302,-0.8115450592569143,-0.005173829659018371,0.03297074772907168,0.0017763410338924256,10.000000094244813,1.4179042083735585e-07,0.04999999379560882,5.184071487476891e-09,1.3726675265196553e-09,0.004999403227863988,5.362724431259958e-09,-6.445709939689524e-07,1.8809913920159573,21.184423446655273,5.463776588439941,3.876157283782959,0.8112509846687317,0.1776401847600937,-0.871964693069458,22.968168473017286,5.848930055443928,1.8248532851208634,False,,,,True,OFFBOARD
62.652,TAG_APPROACH,True,8.273016549813734,-0.5013663900420815,3.939665561473942,0.8169233032328226,0.153220348060168,-0.8092767122473596,-0.005707497083353508,0.03258102514072414,0.0017665534428377317,10.000000094600356,1.4203594697869424e-07,0.04999999628703666,-1.2859213567260534e-13,1.2151297521731115e-12,6.321575826047013e-07,1.2219149937590294e-12,-6.470025389954402e-07,1.7982882314722837,21.269786834716797,5.481677532196045,3.790097951889038,0.8136255145072937,0.17987991869449615,-0.871633768081665,22.97140316782317,5.85713744686999,1.7425464965450257,False,,,,True,OFFBOARD
62.752,TAG_APPROACH,True,8.358012488020321,-0.4854359013329253,3.855708249311172,0.8175063687164641,0.15317666790172088,-0.8050035203323526,-0.005921130522215385,0.03203570882444708,0.0017431374743772762,10.000000094940207,1.4230071633180647e-07,0.0499275534480782,-3.921827783306044e-09,4.793128397656554e-09,-0.01811021366616449,6.193126270175096e-09,-6.494433122267445e-07,1.7122416458365843,21.348493576049805,5.498493671417236,3.7095251083374023,0.8153409361839294,0.18207748234272003,-0.8705099821090698,22.972778781005847,5.864928706594935,1.6651057209813356,False,,,,True,OFFBOARD
62.852,TAG_APPROACH,True,8.43650245234137,-0.47072848661558825,3.7786782281131686,0.8176481475047038,0.15323718607846337,-0.800000354757892,-0.0060124340705022365,0.031726460284225176,0.0017199983319278655,10.000000095295743,1.4254623761265705e-07,0.04992755344804267,-3.92182783142003e-09,4.793128399391278e-09,-0.018110213675033435,6.193126301986092e-09,-6.518748576358598e-07,1.6328228078503955,21.40113639831543,5.5097198486328125,3.656527042388916,0.8164551258087158,0.18314288556575775,-0.8680790066719055,22.974052841181045,5.870067652387129,1.6136656022570415,False,,,,True,OFFBOARD
62.952,TAG_APPROACH,True,8.51826394256308,-0.4553942716826689,3.698878976899074,0.8175488811526865,0.1534993280682896,-0.796603621328141,-0.006435374054508125,0.03152835709655219,0.0016982328492953149,10.00000009572623,1.428134261686488e-07,0.04999999379560882,5.184071589737408e-09,1.3726676687669803e-09,0.004999403227855623,5.362724566524066e-09,-6.547024332162964e-07,1.5501374456302173,21.51378059387207,5.533249855041504,3.547308921813965,0.8175665736198425,0.18461763858795166,-0.8626270294189453,22.97736722974016,5.880440534120319,1.5042031805347582,False,,,,True,OFFBOARD
63.052,TAG_APPROACH,True,8.600003658368959,-0.4400094917818303,3.6193092732876515,0.8172176600266089,0.15425424088520032,-0.7949015373347207,-0.007013708520894927,0.031314457470346994,0.0017159095046275104,10.00000009608177,1.4305895232344485e-07,0.04999999628703666,-1.285921530136197e-13,1.2151295757785002e-12,6.321575827781736e-07,1.2219148201688677e-12,-6.571339781436252e-07,1.4675143966453212,21.59288787841797,5.550257682800293,3.469470739364624,0.816897451877594,0.1868923306465149,-0.8627157807350159,22.977954883621905,5.883443960704104,1.4245784305147948,False,,,,True,OFFBOARD
63.152,TAG_APPROACH,True,8.684977060168958,-0.4238993966074584,3.536769781389068,0.8169771208478531,0.15559899850550693,-0.7923851387376125,-0.007629873327781943,0.03175517875051148,0.0017546219982965006,10.00000009642162,1.4332372169016916e-07,0.04992755344806732,-3.921828096353768e-09,4.7931284097996185e-09,-0.018110213668900612,6.193126477812159e-09,-6.595747512765664e-07,1.3816571231058141,21.678285598754883,5.569102764129639,3.384577751159668,0.8175612688064575,0.1901191771030426,-0.8616854548454285,22.981287365550877,5.896783765315124,1.3435730135766362,False,,,,True,OFFBOARD
63.252,TAG_APPROACH,True,8.763410185180287,-0.4088803784332061,3.460840733705705,0.8170218125992589,0.1572760707011163,-0.7895691330650074,-0.008020105333497044,0.03165033711761998,0.0017613239723110873,10.000000096777159,1.435692429844503e-07,0.04992755344803168,-3.921828144332722e-09,4.7931284097996185e-09,-0.018110213677768168,6.19312650819507e-09,-6.620062965865803e-07,1.3024353691205384,21.75721549987793,5.585817813873291,3.3075292110443115,0.818153440952301,0.19149568676948547,-0.85964435338974,22.983047084525296,5.904708928952011,1.2666312080456656,False,,,,True,OFFBOARD
63.352,TAG_APPROACH,True,8.845105602457132,-0.3930469563594464,3.3819865488973426,0.8168588683992317,0.15941997985347975,-0.7880047696452412,-0.008815506675840922,0.03146670138493015,0.0017411072323773068,10.000000097207646,1.4383643155610338e-07,0.04999999379560882,5.184071692016979e-09,1.3726678162184758e-09,0.004999403227861157,5.3627247031386745e-09,-6.64833872049825e-07,1.2199456205001253,21.842676162719727,5.603553771972656,3.2253057956695557,0.817504346370697,0.19393587112426758,-0.857884407043457,22.98527358290712,5.911310796722491,1.1833187444225481,False,,,,True,OFFBOARD
63.452,TAG_APPROACH,True,8.926775734507753,-0.37695982004350176,3.303187443706364,0.816538451257076,0.1623448883051663,-0.7880462359968226,-0.00979317719398469,0.031317073786996254,0.0017033545724920848,10.000000097563179,1.4408195772417496e-07,0.04999999628703666,-1.2859214539528626e-13,1.215130001200798e-12,6.32157582958585e-07,1.2219152424270734e-12,-6.67265416878058e-07,1.1375013617614669,21.921321868896484,5.620646953582764,3.148634672164917,0.8174137473106384,0.1962234228849411,-0.8588271141052246,22.986131133602154,5.915962878522052,1.1050023826787776,False,,,,True,OFFBOARD
63.552,TAG_APPROACH,True,9.01166893301421,-0.35987258130755484,3.22125555115915,0.8160059115505828,0.1662487908411369,-0.7873088757640235,-0.010794580530955774,0.031042474347509386,0.0016753241454325227,10.00000009790303,1.4434672710430727e-07,0.04992755344805633,-3.921828409218827e-09,4.7931284132690655e-09,-0.01811021367163581,6.193126678620671e-09,-6.697061899126577e-07,1.051811233140402,22.00638771057129,5.639893531799316,3.0640904903411865,0.8172677755355835,0.20127852261066437,-0.8601945638656616,22.987668244366965,5.924401151746568,1.0216927482439995,False,,,,True,OFFBOARD
63.652,TAG_APPROACH,True,9.089975015917977,-0.34370484203752877,3.145773991228055,0.8153871744707428,0.17045207463177187,-0.785258771228446,-0.011292028733403972,0.0309345902209541,0.0016750135996627306,10.000000098258575,1.4459224841195797e-07,0.04992755344802091,-3.9218284574167555e-09,4.793128418473236e-09,-0.018110213680504302,6.193126713169983e-09,-6.721377351235671e-07,0.9727686098570342,22.086071014404297,5.656343936920166,2.986877679824829,0.817101001739502,0.20547202229499817,-0.8587237596511841,22.988569076050638,5.929145745363405,0.9428274380634581,False,,,,True,OFFBOARD
63.752,TAG_APPROACH,True,9.17147381356402,-0.3264185905782916,3.0673261830200422,0.8145617475760902,0.17518329069181143,-0.7840186854086216,-0.012178240027017938,0.03053859369992704,0.0016379893086313736,10.000000098689055,1.448594369990861e-07,0.04999999379560893,5.184071794252758e-09,1.3726679671394182e-09,0.0049994032278527925,5.362724840599009e-09,-6.74965310471266e-07,0.8905082795728831,22.173246383666992,5.6733880043029785,2.903812885284424,0.8176286220550537,0.2083854228258133,-0.8575732111930847,22.988569076050638,5.929145745363405,0.8544958249330706,False,,,,True,OFFBOARD
63.852,TAG_APPROACH,True,9.252866238089103,-0.30861185837108107,2.9889640683969976,0.8132270304691016,0.1809283583491199,-0.7832981468327614,-0.013685918401584103,0.029748110354469868,0.0015725936781349325,10.000000099044588,1.4510496318074585e-07,0.049999996287036774,-1.2859215661516408e-13,1.2151297828780558e-12,6.321575831317244e-07,1.2219150264974278e-12,-6.773968552015357e-07,0.8083627743010852,22.25273895263672,5.689013481140137,2.829287528991699,0.817294180393219,0.21223871409893036,-0.8567044734954834,22.988569076050638,5.929145745363405,0.7740216242743718,False,,,,True,OFFBOARD
63.952,TAG_APPROACH,True,9.33407815702869,-0.2901723859238852,2.9105594818955565,0.8109070610764697,0.1877306095292094,-0.7850444247177788,-0.014873158668243833,0.028501523990485656,0.0015545075660771896,10.000000099400133,1.453504769641261e-07,0.04999999651757936,1.9973247535974421e-13,-1.886318745207156e-12,6.636451707721128e-08,1.8968635876712984e-12,-6.798284010048744e-07,0.7263966762299543,22.337982177734375,5.706242561340332,2.74916672706604,0.8151010274887085,0.21756139397621155,-0.8578107357025146,22.988569076050638,5.929145745363405,0.6877129791623823,False,,,,True,OFFBOARD
64.052,TAG_APPROACH,True,9.415000749433565,-0.2710136352692367,2.831911232351531,0.8075306872959075,0.19524053482826026,-0.7878127967996026,-0.015789767415368666,0.02750100300237361,0.0016233131443802408,10.000000099739985,1.4561525389576962e-07,0.04992755344800981,-3.921828770583633e-09,4.7931284306163e-09,-0.018110213683239958,6.19312692088252e-09,-6.822691732504645e-07,0.6447268485864696,22.416284561157227,5.7239813804626465,2.674192190170288,0.8129335045814514,0.22423546016216278,-0.8596928119659424,22.988569076050638,5.929145745363405,0.6079489967192303,False,,,,True,OFFBOARD
64.152,TAG_DEAD_RECKON,False,9.49555487548877,-0.2510749912809733,2.753004418386693,0.8036768862486353,0.20329035090844788,-0.7900057344602774,-0.016620684444203646,0.02715654190461796,0.0016714030241927298,10.000000100170464,1.4588244249862008e-07,0.04999999379560871,5.184071896630796e-09,1.3726681145909136e-09,0.004999403227858326,5.362724977308811e-09,-6.8509674848179e-07,0.5634746748575246,22.50071144104004,5.744855880737305,2.591224431991577,0.8108970522880554,0.2285768985748291,-0.8617167472839355,22.988569076050638,5.929145745363405,0.5215053463216278,False,,,,True,OFFBOARD
64.252,TAG_DEAD_RECKON,False,9.575719298424172,-0.23030393131509438,2.6739518478930386,0.7997738468375224,0.2118775756767638,-0.7908418130733005,-0.017504059878668547,0.026965762137080348,0.0017103600182793392,10.000000100526,1.4612796869377992e-07,0.049999996287036774,-1.2859217509603333e-13,1.215129373549384e-12,6.321575832984244e-07,1.2219146213866366e-12,-6.875282931118093e-07,0.48275684057201196,22.57779884338379,5.7647857666015625,2.5150020122528076,0.8064021468162537,0.2394842952489853,-0.8628242015838623,22.988569076050638,5.929145745363405,0.4424323526413618,False,,,,True,OFFBOARD
64.352,TAG_DEAD_RECKON,False,9.65547828456333,-0.20865001585006906,2.5948114336262393,0.79541604975373,0.22090123693060787,-0.7919007580223693,-0.01830264175400871,0.025899333690569185,0.0017941556287238696,10.000000100881545,1.4637348249058405e-07,0.04999999651757947,1.9973247999030128e-13,-1.8863187165933243e-12,6.636451674397784e-08,1.8968635597041143e-12,-6.899598388160392e-07,0.4027780680661701,22.660551071166992,5.7872772216796875,2.432546854019165,0.8025288581848145,0.24838031828403473,-0.863351047039032,22.988569076050638,5.929145745363405,0.3573828333035106,False,,,,True,OFFBOARD
64.452,DONE,False,9.734750041064915,-0.18608755375961195,2.513829364754837,0.7895685140077522,0.22861639300824493,-0.9393043634727956,-0.01965068323436184,0.0248351754517595,0.001871588856544414,10.00000010122139,1.4663825943543802e-07,0.04992755344799893,-3.9218290833564515e-09,4.793128435820471e-09,-0.01811021368597562,6.193127122975217e-09,-6.924006109624124e-07,0.3240157814866148,22.736757278442383,5.809632778167725,2.3549370765686035,0.7978587746620178,0.256866455078125,-0.8953844308853149,22.988569076050638,5.929145745363405,0.27873379906752704,False,,,,True,OFFBOARD
64.552,DONE,False,9.813534794101336,-0.1632621665357434,2.3702920712789233,0.7873308516972274,0.22811269701128808,-1.9041740639853706,-0.021021958865278297,0.022992878934988577,0.0019390570271241871,10.00000010165187,1.469054480539363e-07,0.04999999379560871,5.1840719988593015e-09,1.372668265511856e-09,0.004999403227849981,5.36272511476212e-09,-6.952281860773693e-07,0.24783844316426093,22.81768035888672,5.8343424797058105,2.2188491821289062,0.7704770565032959,0.24715092778205872,-1.8587507009506226,22.988569076050638,5.929145745363405,0.19542418691982405,False,,,,False,OFFBOARD
64.652,DONE,False,9.826702855523344,-0.1617290638774969,2.3344146192121733,0.0014454484902880517,0.00145058344798591,0.0005947781454798585,0.008282440502860035,-0.008373640661730276,0.0020516286976113487,10.000000101962131,1.4719715743553728e-07,0.04999999628185703,1.4762307375045528e-12,-1.2062039249733584e-11,6.431866066373651e-07,1.2152038843439678e-11,-6.976987250919568e-07,0.23704065756341444,22.841358184814453,5.842604637145996,2.0922679901123047,-0.006555371452122927,0.08149988949298859,-1.2979190349578857,22.988569076050638,5.929145745363405,0.17076419387579192,False,,,,False,OFFBOARD
64.752,DONE,False,9.826874338915445,-0.16098919346303694,2.3344709056851682,0.001728154947579367,0.0017314298963934617,0.0005333089320143087,0.005169862968019112,-0.00525247418275632,0.0020729390269386408,10.00000010231496,1.474448893498619e-07,0.049999996513136025,-4.192434158879485e-13,2.2343980709197458e-12,6.65712440828166e-08,2.2733894917271167e-12,-7.001279150728877e-07,0.23641086658322905,22.842756271362305,5.848746299743652,1.9856220483779907,-0.0030214672442525625,0.0731930285692215,-1.2979934215545654,22.988569076050638,5.929145745363405,0.16650959391891365,False,,,,False,OFFBOARD
64.852,DONE,False,9.827085259016432,-0.16028920901974905,2.334436607118901,0.004193992693400588,-0.015648723356488675,-0.020665999908047517,0.0014120713587478337,-0.0014106814471502905,0.002085497836972527,10.000000102651676,1.47712046041653e-07,0.04992760601082191,-4.006664707658648e-09,4.829249611315589e-09,-0.018097072591527277,6.274951305626932e-09,-7.025665730600599e-07,0.23578002678533547,22.843900680541992,5.855073928833008,1.8824992179870605,-0.002183272037655115,0.07284767925739288,-1.2916926145553589,22.988569076050638,5.929145745363405,0.16252870104433473,False,,,,False,OFFBOARD
64.952,DONE,False,9.827110688729077,-0.15946907834418442,2.334567580470221,5.1570375213771236e-05,5.230691115372585e-05,0.00042599697283524616,0.0008793532354202985,-0.0009473124978418119,0.0020861475184959723,10.000000103079763,1.4797934708034623e-07,0.04999999628073437,-1.2021092788664716e-13,8.394044118302329e-13,6.450068858959776e-07,8.479684155576951e-13,-7.053910565262957e-07,0.2352045572235988,22.844715118408203,5.862252235412598,1.768318772315979,-0.0029821807984262705,0.08025027066469193,-1.277004599571228,22.988569076050638,5.929145745363405,0.15864647113292543,False,,,,False,OFFBOARD
65.052,DONE,False,9.827115396850887,-0.15885389984700451,2.334606375554396,4.690602145716905e-05,4.792378138773531e-05,0.0003875807478430393,0.0007991337348633911,-0.0008616036132673477,0.00208623059236208,10.000000103432965,1.4822472036675993e-07,0.049999996280729375,-1.282910286236087e-13,9.045996475487688e-13,6.450055750864294e-07,9.136515256763162e-13,-7.078201772124825e-07,0.23478443380843006,22.846664428710938,5.8655805587768555,1.7029613256454468,-0.00034278444945812225,0.07797100394964218,-1.258482813835144,22.988569076050638,5.929145745363405,0.1554910347331561,False,,,,False,OFFBOARD
65.152,DONE,False,9.827120017062347,-0.15831144523578838,2.3345600109723774,4.216371229678729e-05,-0.018053525512039346,-0.020762043252702634,0.0007966315180058096,-0.0007776423859870949,0.0020862453394965325,10.000000103770187,1.4848949586152742e-07,0.04992760792072548,-3.994963425201204e-09,4.831157867854485e-09,-0.01809659516517927,6.26895678026477e-09,-7.102587018459489e-07,0.2344143448851836,22.85945701599121,5.876574516296387,2.240349531173706,0.02572025917470455,0.09428641945123672,-0.028713900595903397,22.988569076050638,5.929145745363405,0.13940465622928797,False,,,,False,OFFBOARD
65.252,DONE,False,9.827123880516599,-0.1576976484286872,2.3345918954651563,3.8337110642043435e-05,-0.01806898079566866,-0.02078185587110086,0.000730795671214806,-0.0007073010003129403,0.0020863057517141992,10.000000104123387,1.4873487377549226e-07,0.04992760798514828,-3.994938328493479e-09,4.831134844604512e-09,-0.01809657905949237,6.2689230442890376e-09,-7.126878137083964e-07,0.23399740152143572,22.861894607543945,5.87451171875,2.2443761825561523,0.025520797818899155,0.08582991361618042,-0.028218332678079605,22.988569076050638,5.929145745363405,0.13795396998799006,False,,,,False,OFFBOARD
65.352,DONE,False,9.827127533617917,-0.15691023932265846,2.334706386896195,3.480804273875697e-05,0.012056794964330035,0.006110953544827609,0.0005923107294798993,-0.0006406295818340399,0.0020864060782683712,10.000000104551434,1.4900174668086955e-07,0.049999993737543935,5.181797369848404e-09,1.355953557768963e-09,0.004999399651418263,5.356270533962427e-09,-7.155123640371594e-07,0.23346476339113698,22.86444664001465,5.869879722595215,2.2472147941589355,0.025028761476278305,0.07740158587694168,-0.02146335132420063,22.988569076050638,5.929145745363405,0.13754577631562484,False,,,,False,OFFBOARD
65.452,DONE,False,9.827130968694387,-0.15629736843489778,2.334734701512269,3.1419880916529465e-05,3.0052235782787578e-05,0.000259277182665741,0.000533775377934266,-0.0005780839350538528,0.00208644529417096,10.000000104904636,1.4924712204978143e-07,0.04999999651324616,2.2148938818363504e-13,-1.89971142260829e-12,6.68684332892427e-08,1.9125796815469864e-12,-7.179414661061901e-07,0.23305075045500034,22.86661720275879,5.867668628692627,2.2479703426361084,0.02486543171107769,0.06808418035507202,-0.02241576835513115,22.988569076050638,5.929145745363405,0.13657120953386762,False,,,,False,OFFBOARD
65.552,DONE,False,9.827133840685878,-0.1556853171445976,2.334758371218583,2.8575318042566743e-05,2.737909456525983e-05,0.00023584105667250077,0.0004848275716235547,-0.000525785840535685,0.002086474685683842,10.000000105257838,1.494925021205392e-07,0.049999996513242495,2.1982496860730287e-13,-1.8865351613840257e-12,6.68684343981321e-08,1.8992993265837413e-12,-7.203705630834573e-07,0.2326385822452379,22.86884307861328,5.86696195602417,2.2475192546844482,0.023814251646399498,0.057609930634498596,-0.030276762321591377,22.988569076050638,5.929145745363405,0.13491159371587108,False,,,,False,AUTO.LAND
65.652,DONE,False,9.82713655581783,-0.15514630407408755,2.3346965522482663,2.578360901201283e-05,-0.018129948936210852,-0.02083660525420202,0.000514774887566098,-0.0004764951689335636,0.00208646347591057,10.000000105595058,1.497572890800787e-07,0.04992760825175535,-3.994814368184404e-09,4.831040038497103e-09,-0.01809651240764942,6.268770987188371e-09,-7.228090622755066e-07,0.23227619115620862,22.870361328125,5.865662097930908,2.2468371391296387,0.022500984370708466,0.05031917616724968,-0.0307462140917778,22.988569076050638,5.929145745363405,0.13417617210587235,False,,,,False,AUTO.LAND
65.752,DONE,False,9.827139015943349,-0.15436114602257356,2.334801020108011,2.3435743300477102e-05,0.012046615061155709,0.006003843911620035,0.00039661337435862914,-0.00043153724487646314,0.002086519301248847,10.000000106023103,1.5002416262108704e-07,0.049999993737553594,5.181773380413153e-09,1.3559894708817244e-09,0.0049993996593161085,5.356256417601799e-09,-7.25633590043072e-07,0.2317506551895574,22.871387481689453,5.863516807556152,2.245779514312744,0.019482430070638657,0.04410422965884209,-0.02349129319190979,22.988569076050638,5.929145745363405,0.1343081662995123,False,,,,False,AUTO.LAND
65.852,DONE,False,9.827141244679218,-0.15375055049577144,2.334819393782642,2.130359441667835e-05,2.3865403370144896e-05,0.00017665092813259854,0.0003586305205331335,-0.00039095099956338913,0.002086535148565712,10.000000106376303,1.5026954535058469e-07,0.049999996280697956,-1.4840540605476613e-13,1.0627165060578654e-12,6.449931578613323e-07,1.0730286747306044e-12,-7.28062671838444e-07,0.23134274151794332,22.87211799621582,5.862390995025635,2.242957830429077,0.016346121206879616,0.035468779504299164,-0.026311008259654045,22.988569076050638,5.929145745363405,0.13422760776886794,False,,,,False,AUTO.LAND
65.952,DONE,False,9.82714326343072,-0.15314044020316353,2.334836034325621,1.9243345390293147e-05,1.8609321123937033e-05,0.00015894620080836641,0.0003242205282478035,-0.00035418472737955433,0.0020865477234093643,10.000000106729505,1.5051491665777686e-07,0.049999996513227285,2.163007696324523e-13,-1.8585393692627285e-12,6.686852112441963e-08,1.871083806258579e-12,-7.304917499141387e-07,0.230936200715053,22.872764587402344,5.8618059158325195,2.2397139072418213,0.013395826332271099,0.024875912815332413,-0.036012887954711914,22.988569076050638,5.929145745363405,0.13396018898292722,False,,,,False,AUTO.LAND
66.052,DONE,False,9.827145091797291,-0.15260359897779047,2.3347671023181436,1.7330383836408575e-05,-0.018186747483286424,-0.02085774782215842,0.0003692775834256045,-0.00032103796876781297,0.0020865332764245796,10.000000107066715,1.5077970142010405e-07,0.04992760851618361,-3.994676765185129e-09,4.8309461743445414e-09,-0.018096446300558563,6.268610962384258e-09,-7.329302292247679e-07,0.23057918540891706,22.873291015625,5.86075496673584,2.237994909286499,0.011782015673816204,0.016770044341683388,-0.03733886778354645,22.988569076050638,5.929145745363405,0.13403853855060346,False,,,,False,AUTO.LAND
66.152,DONE,False,9.82714681182188,-0.15182026095296539,2.334865281391312,1.579046858630863e-05,1.8684595324495083e-05,0.00013121432463283566,0.0002637336623434361,-0.00028955732688086186,0.0020865653749879897,10.000000107494747,1.5104657606448455e-07,0.04999999628068619,-1.4963798274543107e-13,1.0722802203870751e-12,6.449885727951259e-07,1.082670955052123e-12,-7.357547342680496e-07,0.23006020804276922,22.873611450195312,5.858514785766602,2.236868143081665,0.009300597012043,0.0095652611926198,-0.03037620708346367,22.988569076050638,5.929145745363405,0.13492215605992303,False,,,,False,AUTO.LAND
66.252,DONE,False,9.827148249690865,-0.1512115702785215,2.3348771336164957,1.4366619096914534e-05,1.734657194455125e-05,0.00011947851390709308,0.00023922278907075246,-0.0002633681995177132,0.0020865708939511248,10.000000107847939,1.5129195278680982e-07,0.049999996280682635,-1.4984787433835022e-13,1.0738874632869078e-12,6.449871253728536e-07,1.0842917823392889e-12,-7.381837968782029e-07,0.2296578969002805,22.873796463012695,5.856496334075928,2.235762596130371,0.008465560153126717,0.0008320286870002747,-0.03136105090379715,22.988569076050638,5.929145745363405,0.13583331573650956,False,,,,False,AUTO.LAND
66.352,DONE,False,9.82714960925637,-0.15060322666472137,2.3348883417380657,1.295933653255221e-05,1.2703760779757017e-05,0.0001071577216723702,0.00021604688786285172,-0.0002386047399627357,0.00208657525685787,10.000000108201132,1.515373213266605e-07,0.04999999651321185,2.152030202870216e-13,-1.8496879014601704e-12,6.686859726339865e-08,1.8621647813093195e-12,-7.406128554832461e-07,0.22925678291235027,22.874027252197266,5.854191780090332,2.234705924987793,0.0072084637358784676,-0.011640606448054314,-0.039899006485939026,22.988569076050638,5.929145745363405,0.1368865454375044,False,,,,False,AUTO.LAND
66.452,DONE,False,9.827150840479753,-0.15006828922439477,2.3348146819573614,1.1637692744109308e-05,-0.018240708609307512,-0.020856288590146092,0.0002712808668639778,-0.0002163316046571754,0.0020865619600330086,10.000000108538353,1.5180210273497237e-07,0.04992760877917657,-3.994535011103488e-09,4.830852813261788e-09,-0.018096380552286923,6.268448680361902e-09,-7.430513149910708e-07,0.2289047978101754,22.87433624267578,5.85288143157959,2.234013795852661,0.005277760326862335,-0.018298881128430367,-0.040521297603845596,22.988569076050638,5.929145745363405,0.13735132244635997,False,,,,False,AUTO.LAND
