t,phase,tag_visible,uav_x_gt,uav_y_gt,uav_z_gt,uav_vx_gt,uav_vy_gt,uav_vz_gt,uav_roll_gt,uav_pitch_gt,uav_yaw_gt,vehicle_x_gt,vehicle_y_gt,vehicle_z_gt,vehicle_vx_gt,vehicle_vy_gt,vehicle_vz_gt,vehicle_speed_gt,vehicle_yaw_gt,horizontal_error_gt,uav_x_mavros,uav_y_mavros,uav_z_mavros,uav_vx_mavros,uav_vy_mavros,uav_vz_mavros,tag_x_map_visual,tag_y_map_visual,tag_error_visual,yolo_detected,yolo_confidence,yolo_center_x,yolo_center_y,armed,flight_mode
0.072,WAIT_FCU,True,,,,,,,,,,,,,,,,,,,,,,,,,,,,False,,,,False,
0.152,WAIT_FCU,True,,,,,,,,,,9.999999999986155,7.671426041774235e-08,0.04994630307023895,-2.9862277247303205e-09,1.7404756195299464e-08,-0.013145500898291734,1.765907965443735e-08,6.880766507648712e-12,,,,,,,,,,,False,,,,False,
0.252,WAIT_FCU,True,,,,,,,,,,10.000000000382837,7.69721689188018e-08,0.04999999628703666,-1.2859190495208016e-13,1.2151302334995837e-12,6.321573646177355e-07,1.2219154481321356e-12,-2.642199471012088e-09,,,,,,,,,,,False,,,,False,
0.352,WAIT_FCU,True,-12.999999998392381,-6.000000001025567,0.015426390534631195,5.0450897085297015e-09,-3.223674670743618e-09,0.009996662652136834,1.8630121733629874e-08,2.9223024868800285e-08,6.790674124247104e-13,10.000000000738378,7.7217681808392e-08,0.04999999651757947,1.9973200160691178e-13,-1.886319096752299e-12,6.636452019149788e-08,1.8968638873778772e-12,-5.073751822166954e-09,23.769728666918645,,,,,,,,,,False,,,,False,
0.452,WAIT_FCU,True,-12.99999999994854,-6.000000000004648,0.05399138121226612,-3.8568742792204994e-10,-2.2552456643810154e-09,0.0008580746043486934,8.269501528145661e-11,9.092400908554775e-10,5.7420245091481e-14,10.000000001078226,7.748245784404705e-08,0.04992755344959976,-3.921808068703207e-09,4.793127953567344e-09,-0.018110213285770414,6.19311344212378e-09,-7.51453056486569e-09,23.769728668562383,,,,,,,,,,False,,,,False,
0.552,WAIT_FCU,True,-12.999999999951536,-5.9999999999954445,0.053999960312065345,-2.1851265313064307e-11,2.314818806145079e-09,2.1793618755855392e-07,-8.448779196171139e-11,8.502917091358365e-10,4.7606747458997926e-14,10.000000001508708,7.77496454058639e-08,0.0499999937956096,5.184065026146558e-09,1.372658218860845e-09,0.004999403227942055,5.362715802755367e-09,-1.0342113482847837e-08,23.769728669046945,,,,,,,,,,False,,,,False,
0.652,WAIT_FCU,False,-12.999999999951314,-6.000000000004749,0.05399996221945453,-2.1776319484714998e-11,-2.3152382677077406e-09,2.7201461462789124e-08,8.452379897287204e-11,8.502912860382367e-10,5.6384960788367866e-14,10.000000001864251,7.799517070703299e-08,0.04999999628703666,-1.2859188653407664e-13,1.2151302423934297e-12,6.321573646319465e-07,1.2219154550383213e-12,-1.2773664660134244e-08,23.769728669455084,,,,,,,,,,False,,,,False,
0.752,WAIT_FCU,False,-12.999999999951092,-5.999999999995443,0.053999962219879044,-2.177172275458871e-11,2.3152527790816246e-09,2.7158861421239246e-08,-8.452560151785059e-11,8.502914228161528e-10,4.760866051117589e-14,10.000000002219787,7.824068360997754e-08,0.04999999651757947,1.9973200747410386e-13,-1.8863190797851702e-12,6.636452019843677e-08,1.8968638711228614e-12,-1.520521691150693e-08,23.769728669858516,,,,,,,,,,False,,,,False,
0.852,WAIT_FCU,False,-12.99999999995087,-6.000000000004749,0.05399996221987916,-2.17757006710981e-11,-2.3152528351286383e-09,2.7158858035392087e-08,8.452397399470318e-11,8.50291277430522e-10,5.6380559163730734e-14,10.000000002559634,7.850545965915572e-08,0.04992755344959976,-3.921808383177729e-09,4.793127963975685e-09,-0.018110213285770234,6.193113649321222e-09,-1.7645995555167668e-08,23.769728670256328,,,,,,,,,,False,,,,False,
0.952,WAIT_FCU,False,-12.999999999950647,-5.999999999995443,0.05399996221987914,-2.1771697040438356e-11,2.3152529193301272e-09,2.7158848737274256e-08,-8.45256150371386e-11,8.502914227009265e-10,4.760461890025291e-14,10.000000002990124,7.877264723660006e-08,0.04999999379560949,5.184065127632235e-09,1.3726583602408082e-09,0.00499940322794175,5.362715937048279e-09,-2.047357835596142e-08,23.769728670737756,,,,,,,,,,False,,,,False,
1.052,WAIT_FCU,False,-12.999999999950425,-6.000000000004749,0.05399996221987916,-2.1775700117222082e-11,-2.31525283805801e-09,2.7158858000531083e-08,8.452397404826606e-11,8.502912771019906e-10,5.637651545953829e-14,10.00000000334566,7.901817255128267e-08,0.049999996287036774,-1.2859190068713692e-13,1.2151295903898185e-12,6.321573646246745e-07,1.2219148081446834e-12,-2.2905129433440345e-08,23.769728671145895,,,,,,,,,,False,,,,False,
1.152,WAIT_FCU,False,-12.999999999950203,-5.999999999995443,0.05399996221987914,-2.1771696358764148e-11,2.3152529187645446e-09,2.7158848723063402e-08,-8.4525614737288e-11,8.502914223796663e-10,4.7600575316284305e-14,10.000000003701196,7.926368546774437e-08,0.04999999651757958,1.99732013342317e-13,-1.886319062659223e-12,6.636452019133134e-08,1.8968638547100168e-12,-2.5336681585007714e-08,23.769728671549323,,,,,,,,,,False,,,,False,
1.252,WAIT_FCU,False,-12.999999999949981,-6.000000000004749,0.05399996221987916,-2.1775699701165233e-11,-2.3152528394492306e-09,2.7158858000697617e-08,8.452397389767105e-11,8.502912770890348e-10,5.637247185366411e-14,10.00000000404105,7.95284615304735e-08,0.04992755344959976,-3.921808697327382e-09,4.793127974384026e-09,-0.018110213285770057,6.193113856312945e-09,-2.7777460129624617e-08,23.769728671947142,,,,,,,,,,False,,,,False,
1.3519999999999999,WAIT_FCU,False,-12.99999999994976,-5.999999999995443,0.05399996221987914,-2.1771699167161632e-11,2.3152529178179782e-09,2.7158848730168827e-08,-8.45256150835356e-11,8.502914224883106e-10,4.7596531703048484e-14,10.000000004412279,7.975472637938368e-08,0.04999999651757947,0.0,0.0,0.0,0.0,-3.0199784480583416e-08,23.7697286723609,,,,,,,,,,False,,,,False,
1.452,WAIT_FCU,False,-12.999999999949537,-6.000000000004749,0.05399996221987916,-2.177570144286618e-11,-2.3152528393094796e-09,2.7158858000531083e-08,8.452397400079044e-11,8.502912771165945e-10,5.636842822895587e-14,10.000000004412279,7.975472637938368e-08,0.04999999651757947,0.0,0.0,0.0,0.0,-3.0199784480583416e-08,23.76972867236303,,,,,,,,,,False,,,,False,
1.552,WAIT_FCU,False,-12.999999999949315,-5.999999999995443,0.05399996221987914,-2.1771695980863176e-11,2.315252919940589e-09,2.7158848730002296e-08,-8.452561493908792e-11,8.50291422618632e-10,4.759248807048221e-14,10.000000004412279,7.975472637938368e-08,0.04999999651757947,0.0,0.0,0.0,0.0,-3.0199784480583416e-08,23.769728672360472,,,,,,,,,,False,,,,False,
1.6520000000000001,WAIT_FCU,False,-12.999999999949093,-6.000000000004749,0.05399996221987916,-2.1775700656966957e-11,-2.315252838782552e-09,2.7158858000531083e-08,8.452397391103852e-11,8.502912770955914e-10,5.6364384615857397e-14,10.000000004412279,7.975472637938368e-08,0.04999999651757947,0.0,0.0,0.0,0.0,-3.0199784480583416e-08,23.7697286723626,,,,,,,,,,False,,,,False,
1.752,WAIT_FCU,False,-12.999999999948871,-5.999999999995443,0.05399996221987914,-2.1771695683143067e-11,2.3152529198680176e-09,2.7158848730168827e-08,-8.452561494305876e-11,8.502914224161261e-10,4.758844445440078e-14,10.000000004412279,7.975472637938368e-08,0.04999999651757947,0.0,0.0,0.0,0.0,-3.0199784480583416e-08,23.769728672360035,,,,,,,,,,False,,,,False,CMODE(65536)
1.8519999999999999,WAIT_FCU,False,-12.999999999948649,-6.000000000004749,0.05399996221987916,-2.1775698858888836e-11,-2.315252837410308e-09,2.7158858000531083e-08,8.45239738839693e-11,8.502912772187503e-10,5.636034100045161e-14,10.000000004412279,7.975472637938368e-08,0.04999999651757947,0.0,0.0,0.0,0.0,-3.0199784480583416e-08,23.769728672362174,,,,,,,,,,False,,,,False,CMODE(65536)
1.952,WAIT_FCU,False,-12.999999999948427,-5.999999999995443,0.05399996221987914,-2.1771698928389515e-11,2.31525291743058e-09,2.7158848730168827e-08,-8.452561527575954e-11,8.502914225756437e-10,4.758440085647509e-14,10.000000004412279,7.975472637938368e-08,0.04999999651757947,0.0,0.0,0.0,0.0,-3.0199784480583416e-08,23.769728672359612,,,,,,,,,,False,,,,False,CMODE(65536)
2.052,WAIT_FCU,False,-12.999999999948205,-6.000000000004749,0.05399996221987916,-2.177570114126343e-11,-2.3152528387159337e-09,2.7158858000697617e-08,8.452397383298628e-11,8.50291277351998e-10,5.6356297416111326e-14,10.000000004412279,7.975472637938368e-08,0.04999999651757947,0.0,0.0,0.0,0.0,-3.0199784480583416e-08,23.769728672361744,,,,,,,,,,False,,,,False,CMODE(65536)
2.152,WAIT_FCU,False,-12.999999999947983,-5.999999999995443,0.05399996221987914,-2.177169541279077e-11,2.315252920000051e-09,2.7158848730168827e-08,-8.452561502475378e-11,8.502914226107825e-10,4.758035728494576e-14,10.000000004412279,7.975472637938368e-08,0.04999999651757947,0.0,0.0,0.0,0.0,-3.0199784480583416e-08,23.76972867235918,,,,,,,,,,False,,,,False,CMODE(65536)
2.252,WAIT_FCU,False,-12.999999999947761,-6.000000000004749,0.05399996221987916,-2.1775698462653086e-11,-2.315252837082786e-09,2.715885801440887e-08,8.452397413551223e-11,8.502912769571936e-10,5.635225382364857e-14,10.000000004412279,7.975472637938368e-08,0.04999999651757947,0.0,0.0,0.0,0.0,-3.0199784480583416e-08,23.769728672361317,,,,,,,,,,False,,,,False,CMODE(65536)
2.352,WAIT_FCU,False,-12.999999999947539,-5.999999999995443,0.05399996221987914,-2.1771696365110707e-11,2.31525291947033e-09,2.7158848730168827e-08,-8.452561484142745e-11,8.502914226249659e-10,4.757631367266528e-14,10.000000004412279,7.975472637938368e-08,0.04999999651757947,0.0,0.0,0.0,0.0,-3.0199784480583416e-08,23.76972867235875,,,,,,,,,,False,,,,False,CMODE(65536)
2.452,WAIT_FCU,False,-12.999999999947317,-6.000000000004749,0.05399996221987916,-2.177569753235275e-11,-2.315252836911505e-09,2.715885801440887e-08,8.45239739538428e-11,8.502912770502326e-10,5.634821021605861e-14,10.000000004412279,7.975472637938368e-08,0.04999999651757947,0.0,0.0,0.0,0.0,-3.0199784480583416e-08,23.769728672360884,,,,,,,,,,False,,,,False,CMODE(65536)
2.552,WAIT_FCU,False,-12.999999999947095,-5.999999999995443,0.05399996221987914,-2.1771698562204277e-11,2.315252915366866e-09,2.715884874421315e-08,-8.4525614971075e-11,8.502914227926373e-10,4.757227007176003e-14,10.000000004412279,7.975472637938368e-08,0.04999999651757947,0.0,0.0,0.0,0.0,-3.0199784480583416e-08,23.76972867235832,,,,,,,,,,False,,,,False,CMODE(65536)
2.652,WAIT_FCU,False,-12.999999999946873,-6.000000000004749,0.05399996221987916,-2.177570091633162e-11,-2.3152528382057175e-09,2.7158858000697617e-08,8.452397377074995e-11,8.502912772126839e-10,5.634416663021577e-14,10.000000004412279,7.975472637938368e-08,0.04999999651757947,0.0,0.0,0.0,0.0,-3.0199784480583416e-08,23.769728672360454,,,,,,,,,,False,,,,False,CMODE(65536)
2.752,WAIT_FCU,False,-12.99999999994665,-5.999999999995443,0.05399996221987914,-2.177169611814444e-11,2.315252914576814e-09,2.715884874421315e-08,-8.452561471345265e-11,8.502914224407274e-10,4.756822647458992e-14,10.000000004412279,7.975472637938368e-08,0.04999999651757947,0.0,0.0,0.0,0.0,-3.0199784480583416e-08,23.769728672357893,,,,,,,,,,False,,,,False,MANUAL
2.852,WAIT_FCU,False,-12.999999999946429,-6.000000000004749,0.05399996221987916,-2.1775701050893287e-11,-2.3152528419904303e-09,2.7158858000531083e-08,8.452397426900599e-11,8.50291277068026e-10,5.63401230225368e-14,10.000000004412279,7.975472637938368e-08,0.04999999651757947,0.0,0.0,0.0,0.0,-3.0199784480583416e-08,23.76972867236002,,,,,,,,,,False,,,,False,MANUAL
2.952,WAIT_FCU,False,-12.999999999946198,-6.000000000004749,0.05399996221987916,-2.1775698762005365e-11,-2.3152528371646503e-09,2.715885801424234e-08,8.452397394964549e-11,8.50291276951705e-10,5.6338020370692075e-14,10.000000004412279,7.975472637938368e-08,0.04999999651757947,0.0,0.0,0.0,0.0,-3.0199784480583416e-08,23.769728672359797,,,,,,,,,,False,,,,False,MANUAL
3.052,WAIT_FCU,False,-12.999999999945985,-6.000000000004749,0.05399996221987916,-2.1775700765972624e-11,-2.3152528390839315e-09,2.7158858000531083e-08,8.452397379038246e-11,8.502912770464887e-10,5.633607944900302e-14,10.000000004412279,7.975472637938368e-08,0.04999999651757947,0.0,0.0,0.0,0.0,-3.0199784480583416e-08,23.769728672359594,,,,,,,,,,False,,,,False,MANUAL
3.152,WAIT_FCU,False,-12.999999999945762,-5.999999999995443,0.05399996221987914,-2.177170071509424e-11,2.3152529184493445e-09,2.7158848730168827e-08,-8.452561524220208e-11,8.502914225213468e-10,4.7560139320184374e-14,10.000000004412279,7.975472637938368e-08,0.04999999651757947,0.0,0.0,0.0,0.0,-3.0199784480583416e-08,23.769728672357033,,,,,,,,,,False,,,,False,MANUAL
3.252,WAIT_FCU,False,-12.99999999994554,-6.000000000004749,0.05399996221987916,-2.1775701520559818e-11,-2.3152528397045957e-09,2.7158858000531083e-08,8.45239741029918e-11,8.502912769583398e-10,5.6332035860199185e-14,10.000000004412279,7.975472637938368e-08,0.04999999651757947,0.0,0.0,0.0,0.0,-3.0199784480583416e-08,23.769728672359165,,,,,,,,,,False,,,,False,MANUAL
3.352,WAIT_FCU,False,-12.999999999945318,-5.999999999995443,0.05399996221987914,-2.1771696724028288e-11,2.3152529194642674e-09,2.7158848730168827e-08,-8.452561506489064e-11,8.502914226776243e-10,4.755609570288275e-14,10.000000004412279,7.975472637938368e-08,0.04999999651757947,0.0,0.0,0.0,0.0,-3.0199784480583416e-08,23.7697286723566,,,,,,,,,,False,,,,False,MANUAL
3.452,WAIT_FCU,False,-12.999999999945096,-6.000000000004749,0.05399996221987916,-2.1775701045338562e-11,-2.315252839130572e-09,2.7158858000697617e-08,8.452397408578109e-11,8.502912770623549e-10,5.632799225272742e-14,10.000000004412279,7.975472637938368e-08,0.04999999651757947,0.0,0.0,0.0,0.0,-3.0199784480583416e-08,23.769728672358735,,,,,,,,,,False,,,,False,MANUAL
3.552,WAIT_FCU,False,-12.999999999944865,-6.000000000004749,0.05399996221987916,-2.1775698948658425e-11,-2.3152528370121145e-09,2.715885801440887e-08,8.452397401113781e-11,8.502912769280677e-10,5.6325889571508294e-14,10.000000004412279,7.975472637938368e-08,0.04999999651757947,0.0,0.0,0.0,0.0,-3.0199784480583416e-08,23.769728672358514,,,,,,,,,,False,,,,False,MANUAL
3.652,WAIT_FCU,False,-12.999999999944652,-6.000000000004749,0.05399996221987916,-2.1775698697523576e-11,-2.3152528374198145e-09,2.715885801440887e-08,8.452397408841506e-11,8.502912769680338e-10,5.632394863935836e-14,10.000000004412279,7.975472637938368e-08,0.04999999651757947,0.0,0.0,0.0,0.0,-3.0199784480583416e-08,23.76972867235831,,,,,,,,,,False,,,,False,MANUAL
3.752,WAIT_FCU,False,-12.99999999994443,-5.999999999995443,0.05399996221987914,-2.1771698361496747e-11,2.315252920017657e-09,2.7158848730168827e-08,-8.452561513533763e-11,8.502914225010591e-10,4.754800850981734e-14,10.000000004412279,7.975472637938368e-08,0.04999999651757947,0.0,0.0,0.0,0.0,-3.0199784480583416e-08,23.769728672355736,,,,,,,,,,False,,,,False,MANUAL
3.852,WAIT_FCU,False,-12.999999999944208,-6.000000000004749,0.05399996221987916,-2.1775701242691613e-11,-2.3152528397572987e-09,2.7158858000531083e-08,8.452397420500307e-11,8.502912772213467e-10,5.6319905041966856e-14,10.000000004412279,7.975472637938368e-08,0.04999999651757947,0.0,0.0,0.0,0.0,-3.0199784480583416e-08,23.769728672357875,,,,,,,,,,False,,,,False,MANUAL
3.952,WAIT_FCU,False,-12.999999999943986,-5.999999999995443,0.05399996221987914,-2.1771697174093414e-11,2.3152529192719554e-09,2.7158848730168827e-08,-8.452561499238792e-11,8.502914225553305e-10,4.7543964889847475e-14,10.000000004412279,7.975472637938368e-08,0.04999999651757947,0.0,0.0,0.0,0.0,-3.0199784480583416e-08,23.769728672355313,,,,,,,,,,False,,,,False,MANUAL
4.052,WAIT_FCU,False,-12.999999999943764,-6.000000000004749,0.05399996221987916,-2.1775699524145932e-11,-2.3152528394106744e-09,2.7158858000697617e-08,8.452397397349239e-11,8.50291277307745e-10,5.6315861438802055e-14,10.000000004412279,7.975472637938368e-08,0.04999999651757947,0.0,0.0,0.0,0.0,-3.0199784480583416e-08,23.769728672357445,,,,,,,,,,False,,,,False,MANUAL
4.152,WAIT_FCU,False,-12.999999999943542,-5.999999999995443,0.05399996221987914,-2.1771698521915592e-11,2.3152529154640464e-09,2.715884874421315e-08,-8.452561515398466e-11,8.502914226958885e-10,4.753992128239225e-14,10.000000004412279,7.975472637938368e-08,0.04999999651757947,0.0,0.0,0.0,0.0,-3.0199784480583416e-08,23.76972867235488,,,,,,,,,,False,,,,False,MANUAL
4.252,WAIT_FCU,False,-12.99999999994332,-6.000000000004749,0.05399996221987916,-2.177569856039597e-11,-2.31525284206512e-09,2.7158858000531083e-08,8.452397412804279e-11,8.502912770061812e-10,5.6311817829404465e-14,10.000000004412279,7.975472637938368e-08,0.04999999651757947,0.0,0.0,0.0,0.0,-3.0199784480583416e-08,23.76972867235702,,,,,,,,,,False,,,,False,MANUAL
4.352,WAIT_FCU,False,-12.999999999943098,-5.999999999995443,0.05399996221987914,-2.1771697814963048e-11,2.3152529169691623e-09,2.7158848730168827e-08,-8.452561505770066e-11,8.502914227699005e-10,4.753587767365765e-14,10.000000004412279,7.975472637938368e-08,0.04999999651757947,0.0,0.0,0.0,0.0,-3.0199784480583416e-08,23.76972867235445,,,,,,,,,,False,,,,False,MANUAL
4.404,WAIT_FCU,False,-12.999999999942974,-5.999999999995443,0.05399996221987914,-2.1771697890714947e-11,2.3152529199343827e-09,2.7158848730168827e-08,-8.452561529936863e-11,8.502914226986088e-10,4.753474546529025e-14,10.000000004412279,7.975472637938368e-08,0.04999999651757947,0.0,0.0,0.0,0.0,-3.0199784480583416e-08,23.76972867235433,,,,,,,,,,False,,,,False,MANUAL
4.5,WAIT_FCU,False,-12.99999999994277,-6.000000000004749,0.05399996221987916,-2.177570142469015e-11,-2.3152528404716233e-09,2.7158858000531083e-08,8.452397427649656e-11,8.502912772124853e-10,5.6306803741313365e-14,10.000000004412279,7.975472637938368e-08,0.04999999651757947,0.0,0.0,0.0,0.0,-3.0199784480583416e-08,23.769728672356486,,,,,,,,,,False,,,,False,MANUAL
4.552,WAIT_FCU,False,-12.999999999942654,-5.999999999995443,0.05399996221987914,-2.1771697505826874e-11,2.3152529193572265e-09,2.7158848730168827e-08,-8.452561513826893e-11,8.502914225458996e-10,4.7531834059012304e-14,10.000000004412279,7.975472637938368e-08,0.04999999651757947,0.0,0.0,0.0,0.0,-3.0199784480583416e-08,23.76972867235402,,,,,,,,,,False,,,,False,MANUAL
4.652,WAIT_FCU,False,-12.999999999942432,-6.000000000004749,0.05399996221987916,-2.1775700715245634e-11,-2.315252838716756e-09,2.7158858000531083e-08,8.452397410555379e-11,8.502912771912813e-10,5.6303730581519054e-14,10.000000004412279,7.975472637938368e-08,0.04999999651757947,0.0,0.0,0.0,0.0,-3.0199784480583416e-08,23.769728672356155,,,,,,,,,,False,,,,False,MANUAL
4.752,WAIT_FCU,False,-12.99999999994221,-5.999999999995443,0.05399996221987914,-2.1771695983854516e-11,2.3152529150253143e-09,2.715884873710772e-08,-8.45256150472935e-11,8.502914226315802e-10,4.752779042888102e-14,10.000000004412279,7.975472637938368e-08,0.04999999651757947,0.0,0.0,0.0,0.0,-3.0199784480583416e-08,23.769728672353594,,,,,,,,,,False,,,,False,MANUAL
4.852,WAIT_FCU,False,-12.999999999941988,-6.000000000004749,0.05399996221987916,-2.177569903654656e-11,-2.3152528401314664e-09,2.7158858000531083e-08,8.45239739667022e-11,8.502912770664941e-10,5.62996869606118e-14,10.000000004412279,7.975472637938368e-08,0.04999999651757947,0.0,0.0,0.0,0.0,-3.0199784480583416e-08,23.76972867235573,,,,,,,,,,False,,,,False,MANUAL
4.904,WAIT_FCU,False,-12.999999999941863,-6.000000000004749,0.05399996221987916,-2.177570121253511e-11,-2.3152528399060336e-09,2.7158858000531083e-08,8.452397419255003e-11,8.502912770375035e-10,5.629855475360455e-14,10.000000004412279,7.975472637938368e-08,0.04999999651757947,0.0,0.0,0.0,0.0,-3.0199784480583416e-08,23.769728672355605,,,,,,,,,,False,,,,False,MANUAL
5.0,WAIT_FCU,False,-12.99999999994166,-5.999999999995443,0.05399996221987914,-2.1771697862351088e-11,2.315252920309092e-09,2.7158848730168827e-08,-8.452561514123901e-11,8.502914222960652e-10,4.752277635285878e-14,10.000000004412279,7.975472637938368e-08,0.04999999651757947,0.0,0.0,0.0,0.0,-3.0199784480583416e-08,23.769728672353057,,,,,,,,,,False,,,,False,MANUAL
5.052,WAIT_FCU,False,-12.999999999941544,-6.000000000004749,0.05399996221987916,-2.177569955287051e-11,-2.315252839116019e-09,2.7158857993425657e-08,8.452397392354195e-11,8.502912773624767e-10,5.629564337116294e-14,10.000000004412279,7.975472637938368e-08,0.04999999651757947,0.0,0.0,0.0,0.0,-3.0199784480583416e-08,23.769728672355296,,,,,,,,,,False,,,,False,MANUAL
5.152,WAIT_FCU,False,-12.999999999941322,-5.999999999995443,0.05399996221987914,-2.1771696668521173e-11,2.3152529195230766e-09,2.7158848730168827e-08,-8.452561498688403e-11,8.502914224744869e-10,4.7519703224585215e-14,10.000000004412279,7.975472637938368e-08,0.04999999651757947,0.0,0.0,0.0,0.0,-3.0199784480583416e-08,23.769728672352738,,,,,,,,,,False,,,,False,MANUAL
5.252,WAIT_FCU,False,-12.9999999999411,-6.000000000004749,0.05399996221987916,-2.1775700197460475e-11,-2.315252838915091e-09,2.7158858000697617e-08,8.452397390352589e-11,8.502912773452751e-10,5.62915997616522e-14,10.000000004412279,7.975472637938368e-08,0.04999999651757947,0.0,0.0,0.0,0.0,-3.0199784480583416e-08,23.769728672354866,,,,,,,,,,False,,,,False,MANUAL
5.352,WAIT_FCU,False,-12.999999999940878,-5.999999999995443,0.05399996221987914,-2.1771698004521137e-11,2.315252917469195e-09,2.7158848723063402e-08,-8.452561520369443e-11,8.502914226120951e-10,4.7515659599095746e-14,10.000000004412279,7.975472637938368e-08,0.04999999651757947,0.0,0.0,0.0,0.0,-3.0199784480583416e-08,23.7697286723523,,,,,,,,,,False,,,,False,MANUAL
5.452,WAIT_FCU,False,-12.999999999940655,-6.000000000004749,0.05399996221987916,-2.1775699992374937e-11,-2.3152528400308068e-09,2.7158858000531083e-08,8.452397398196882e-11,8.502912770565961e-10,5.628755614549347e-14,10.000000004412279,7.975472637938368e-08,0.04999999651757947,0.0,0.0,0.0,0.0,-3.0199784480583416e-08,23.76972867235444,,,,,,,,,,False,,,,False,MANUAL
5.552,WAIT_FCU,False,-12.999999999940433,-5.999999999995443,0.05399996221987914,-2.1771695075205215e-11,2.315252920513561e-09,2.7158848730168827e-08,-8.452561502468236e-11,8.502914226169306e-10,4.7511615987008354e-14,10.000000004412279,7.975472637938368e-08,0.04999999651757947,0.0,0.0,0.0,0.0,-3.0199784480583416e-08,23.769728672351878,,,,,,,,,,False,,,,False,MANUAL
5.652,WAIT_FCU,False,-12.999999999940202,-5.999999999995443,0.05399996221987914,-2.177169907618651e-11,2.315252917383891e-09,2.7158848730168827e-08,-8.452561502761479e-11,8.502914225629498e-10,4.750951330392539e-14,10.000000004412279,7.975472637938368e-08,0.04999999651757947,0.0,0.0,0.0,0.0,-3.0199784480583416e-08,23.76972867235165,,,,,,,,,,False,,,,False,MANUAL
5.752,WAIT_FCU,False,-12.99999999993999,-5.999999999995443,0.05399996221987914,-2.1771696403620815e-11,2.315252915070241e-09,2.7158848723063402e-08,-8.452561496696531e-11,8.502914226508109e-10,4.750757236896019e-14,10.000000004412279,7.975472637938368e-08,0.04999999651757947,0.0,0.0,0.0,0.0,-3.0199784480583416e-08,23.769728672351444,,,,,,,,,,False,,,,False,MANUAL
5.852,WAIT_FCU,False,-12.999999999939758,-5.999999999995443,0.05399996221987914,-2.1771697099018124e-11,2.315252918947108e-09,2.7158848730168827e-08,-8.452561518677915e-11,8.502914226175165e-10,4.750546969805096e-14,10.000000004412279,7.975472637938368e-08,0.04999999651757947,0.0,0.0,0.0,0.0,-3.0199784480583416e-08,23.76972867235122,,,,,,,,,,False,,,,False,MANUAL
5.952,WAIT_FCU,False,-12.999999999939545,-5.999999999995443,0.05399996221987914,-2.17716964502913e-11,2.3152529207613205e-09,2.7158848730168827e-08,-8.452561510023109e-11,8.502914227214388e-10,4.7503528771642106e-14,10.000000004412279,7.975472637938368e-08,0.04999999651757947,0.0,0.0,0.0,0.0,-3.0199784480583416e-08,23.769728672351015,,,,,,,,,,False,,,,False,MANUAL
6.052,TAKEOFF,False,-12.999999999939323,-6.000000000004749,0.05399996221987916,-2.1775699760950723e-11,-2.315252842800403e-09,2.7158858000531083e-08,8.452397414457879e-11,8.502912769072261e-10,5.627542530399388e-14,10.000000004412279,7.975472637938368e-08,0.04999999651757947,0.0,0.0,0.0,0.0,-3.0199784480583416e-08,23.769728672353146,0.007241338025778532,-0.010666103102266788,-0.004890542943030596,-7.030322012724355e-05,0.0013719381531700492,-0.0196949765086174,,,,False,,,,False,MANUAL
6.152,TAKEOFF,False,-12.999999999939101,-5.999999999995443,0.05399996221987914,-2.1771697885580498e-11,2.31525291741853e-09,2.715884873033536e-08,-8.45256150582781e-11,8.50291422775339e-10,4.749948514895039e-14,10.000000004412279,7.975472637938368e-08,0.04999999651757947,0.0,0.0,0.0,0.0,-3.0199784480583416e-08,23.76972867235058,0.0073191020637750626,-0.010583680123090744,-0.006775315850973129,0.00031408166978508234,0.0008134106174111366,-0.01883777417242527,,,,False,,,,False,MANUAL
6.252,TAKEOFF,False,-12.99999999993887,-5.999999999995443,0.05399996221987914,-2.1771697914847104e-11,2.3152529171162052e-09,2.7158848730168827e-08,-8.452561502153335e-11,8.502914226186842e-10,4.7497382472445234e-14,10.000000004412279,7.975472637938368e-08,0.04999999651757947,0.0,0.0,0.0,0.0,-3.0199784480583416e-08,23.769728672350364,0.006846370175480843,-0.010815832763910294,-0.008038057945668697,-0.0010837262962013483,0.0007458626641891897,-0.017173033207654953,,,,False,,,,False,MANUAL
6.352,TAKEOFF,False,-12.999999999938657,-5.999999999995443,0.05399996221987914,-2.1771697753225874e-11,2.3152529175820543e-09,2.7158848723229933e-08,-8.452561501729627e-11,8.502914228495106e-10,4.7495441543760995e-14,10.000000004412279,7.975472637938368e-08,0.04999999651757947,0.0,0.0,0.0,0.0,-3.0199784480583416e-08,23.76972867235016,0.005037827882915735,-0.011696981266140938,-0.008675658144056797,-0.00421909661963582,-0.000541389686986804,-0.016084620729088783,,,,False,,,,False,MANUAL
6.452,TAKEOFF,False,-12.999999999938435,-6.000000000004749,0.05399996221987916,-2.177570169658412e-11,-2.315252838392053e-09,2.7158858000531083e-08,8.452397403182226e-11,8.502912772027326e-10,5.626733808684048e-14,10.000000004412279,7.975472637938368e-08,0.04999999651757947,0.0,0.0,0.0,0.0,-3.0199784480583416e-08,23.76972867235229,0.0032202904112637043,-0.012539660558104515,-0.009078824892640114,-0.008258219808340073,-0.0024037412367761135,-0.013768041506409645,,,,False,,,,False,MANUAL
6.552,TAKEOFF,False,-12.999999999938213,-5.999999999995443,0.05399996221987914,-2.1771698198904888e-11,2.315252916436695e-09,2.7158848723229933e-08,-8.452561497703297e-11,8.502914228003011e-10,4.749139793738492e-14,10.000000004412279,7.975472637938368e-08,0.04999999651757947,0.0,0.0,0.0,0.0,-3.0199784480583416e-08,23.76972867234972,0.001147171831689775,-0.013451672159135342,-0.009542458690702915,-0.010691183619201183,-0.002945993095636368,-0.013104050420224667,,,,False,,,,False,MANUAL
6.652,TAKEOFF,False,-12.999999999937982,-5.999999999995443,0.05399996221987914,-2.177169715416431e-11,2.315252920463197e-09,2.7158848730168827e-08,-8.45256150447097e-11,8.502914223921035e-10,4.748929526030927e-14,10.000000004412279,7.975472637938368e-08,0.04999999651757947,0.0,0.0,0.0,0.0,-3.0199784480583416e-08,23.769728672349505,-0.00036376630305312574,-0.01395705807954073,-0.009766248054802418,-0.011070502921938896,-0.003504312364384532,-0.012532532215118408,,,,False,,,,False,MANUAL
6.752,TAKEOFF,False,-12.999999999937769,-5.999999999995443,0.05399996221987914,-2.1771697225399017e-11,2.315252914974463e-09,2.7158848744379684e-08,-8.452561490838396e-11,8.502914228121785e-10,4.7487354329829615e-14,10.000000004412279,7.975472637938368e-08,0.04999999651757947,0.0,0.0,0.0,0.0,-3.0199784480583416e-08,23.769728672349295,-0.0011537782847881317,-0.014011234976351261,-0.00888559129089117,-0.010204490274190903,-0.0032299107406288385,-0.009714467450976372,,,,False,,,,False,MANUAL
6.852,TAKEOFF,False,-12.999999999937538,-5.999999999995443,0.05399996221987914,-2.1771698587846876e-11,2.3152529145059036e-09,2.715884874421315e-08,-8.452561496407826e-11,8.502914228267281e-10,4.7485251663450435e-14,10.000000004412279,7.975472637938368e-08,0.04999999651757947,0.0,0.0,0.0,0.0,-3.0199784480583416e-08,23.769728672349068,-0.0018943512113764882,-0.014187120832502842,-0.008053953759372234,-0.01038914080709219,-0.00451600132510066,-0.0077490732073783875,,,,False,,,,False,MANUAL
6.952,TAKEOFF,False,-12.999999999937316,-6.000000000004749,0.05399996221987916,-2.177569776679918e-11,-2.315252842404976e-09,2.7158858000531083e-08,8.452397427097346e-11,8.502912771373213e-10,5.625714819394155e-14,10.000000004412279,7.975472637938368e-08,0.04999999651757947,0.0,0.0,0.0,0.0,-3.0199784480583416e-08,23.769728672351206,-0.002781664254143834,-0.0146346939727664,-0.007174787577241659,-0.009497321210801601,-0.005507589317858219,-0.00840245932340622,,,,False,,,,False,MANUAL
7.052,TAKEOFF,False,-12.999999999937103,-6.000000000004749,0.05399996221987916,-2.1775701897371125e-11,-2.3152528401708302e-09,2.7158858000531083e-08,8.45239739138644e-11,8.502912771098416e-10,5.6255207259397865e-14,10.000000004412279,7.975472637938368e-08,0.04999999651757947,0.0,0.0,0.0,0.0,-3.0199784480583416e-08,23.769728672351,-0.002729536034166813,-0.014724601991474628,-0.006901637185364962,-0.009098153561353683,-0.006765338592231274,-0.008074424229562283,,,,False,,,,False,MANUAL
7.152,TAKEOFF,False,-12.99999999993688,-5.999999999995443,0.05399996221987914,-2.177169616828427e-11,2.3152529174616946e-09,2.7158848723063402e-08,-8.45256149395423e-11,8.50291422542274e-10,4.74792670879268e-14,10.000000004412279,7.975472637938368e-08,0.04999999651757947,0.0,0.0,0.0,0.0,-3.0199784480583416e-08,23.76972867234844,-0.0021231933496892452,-0.014823531731963158,-0.006571964360773563,-0.008374317549169064,-0.007999581284821033,-0.006554930936545134,,,,False,,,,False,MANUAL
7.252,TAKEOFF,False,-12.999999999936659,-6.000000000004749,0.05399996221987916,-2.1775701170444017e-11,-2.315252837901989e-09,2.7158857993425657e-08,8.452397385505993e-11,8.50291277013041e-10,5.625116363569644e-14,10.000000004412279,7.975472637938368e-08,0.04999999651757947,0.0,0.0,0.0,0.0,-3.0199784480583416e-08,23.769728672350574,-0.001766529749147594,-0.015177304856479168,-0.00646540243178606,-0.007001950405538082,-0.00967459287494421,-0.006463132798671722,,,,False,,,,False,MANUAL
7.352,TAKEOFF,False,-12.999999999936437,-5.999999999995443,0.05399996221987914,-2.1771696616665864e-11,2.315252920215534e-09,2.7158848730168827e-08,-8.452561512516318e-11,8.502914226407662e-10,4.7475223481131604e-14,10.000000004412279,7.975472637938368e-08,0.04999999651757947,0.0,0.0,0.0,0.0,-3.0199784480583416e-08,23.76972867234801,-0.0016047907993197441,-0.015847530215978622,-0.006591479294002056,-0.005952213425189257,-0.011157668195664883,-0.005866878665983677,,,,False,,,,False,MANUAL
7.452,TAKEOFF,False,-12.999999999936215,-6.000000000004749,0.05399996221987916,-2.1775700629983747e-11,-2.315252839994572e-09,2.7158858000531083e-08,8.452397398411812e-11,8.502912770815468e-10,5.624712002567408e-14,10.000000004412279,7.975472637938368e-08,0.04999999651757947,0.0,0.0,0.0,0.0,-3.0199784480583416e-08,23.76972867235014,-0.0012321843532845378,-0.016018284484744072,-0.006666252389550209,-0.005797839257866144,-0.011526458896696568,-0.005527399946004152,,,,False,,,,False,MANUAL
7.552,TAKEOFF,False,-12.999999999935993,-5.999999999995443,0.05399996221987914,-2.1771697258839445e-11,2.31525291384971e-09,2.7158848744046615e-08,-8.452561512542666e-11,8.502914228641429e-10,4.747117988246159e-14,10.000000004412279,7.975472637938368e-08,0.04999999651757947,0.0,0.0,0.0,0.0,-3.0199784480583416e-08,23.76972867234758,-0.0003879568539559841,-0.015348654240369797,-0.0058408514596521854,-0.004276236053556204,-0.01189104001969099,-0.005836069118231535,,,,False,,,,False,MANUAL
7.652,TAKEOFF,False,-12.99999999993577,-6.000000000004749,0.05399996221987916,-2.1775699943119517e-11,-2.315252840409051e-09,2.715885799359219e-08,8.452397394497656e-11,8.502912771399448e-10,5.624307642856641e-14,10.000000004412279,7.975472637938368e-08,0.04999999651757947,0.0,0.0,0.0,0.0,-3.0199784480583416e-08,23.76972867234971,0.00017061125254258513,-0.015178174711763859,-0.005433453246951103,-0.0039541153237223625,-0.011289318092167377,-0.004749144893139601,,,,False,,,,False,MANUAL
7.752,TAKEOFF,False,-12.99999999994054,-5.999999999996317,0.05399996260737228,-1.0848818150357214e-09,2.0623897097988625e-09,4.065759166727023e-08,-6.864950247287877e-11,7.59500324985665e-10,4.822051114218502e-14,10.000000004412279,7.975472637938368e-08,0.04999999651757947,0.0,0.0,0.0,0.0,-3.0199784480583416e-08,23.7697286723522,0.0005472178454510868,-0.015378792770206928,-0.005075667519122362,-0.0037153949961066246,-0.01208203099668026,-0.00512309605255723,,,,False,,,,False,OFFBOARD
7.852,TAKEOFF,False,-13.000000000081942,-5.999999999994621,0.053999962571165246,-1.9132129387937594e-09,2.7743214900033193e-09,2.275923825056925e-08,-9.929014364082784e-11,-1.8039696212579478e-09,1.5622646649644412e-14,10.000000004412279,7.975472637938368e-08,0.04999999651757947,0.0,0.0,0.0,0.0,-3.0199784480583416e-08,23.769728672488593,0.0009604501537978649,-0.015526768751442432,-0.005185301415622234,-0.002593015320599079,-0.01218415331095457,-0.004058443941175938,,,,False,,,,False,OFFBOARD
7.952,TAKEOFF,False,-13.000000000065082,-6.000000000003222,0.053999962606951064,1.6123144144857707e-09,-1.6511109503155934e-09,3.009919847701825e-08,5.69219431439291e-11,-1.487904597882638e-09,1.0406108967517467e-15,10.000000004412279,7.975472637938368e-08,0.04999999651757947,0.0,0.0,0.0,0.0,-3.0199784480583416e-08,23.76972867247445,0.0015883464366197586,-0.015339096076786518,-0.006011769641190767,-0.002955830190330744,-0.012573285959661007,-0.00442296639084816,,,,False,,,,False,OFFBOARD
8.052,TAKEOFF,False,-13.000000000123277,-5.999999999995026,0.053999962486667864,-3.9906481261758863e-10,2.5994594734890213e-09,2.5903897505508146e-08,-9.122118244697593e-11,-2.53706645895639e-09,4.590452873725614e-14,10.000000004412279,7.975472637938368e-08,0.04999999651757947,0.0,0.0,0.0,0.0,-3.0199784480583416e-08,23.769728672528696,0.0019400937017053366,-0.015596119686961174,-0.006435138173401356,-0.0025685427244752645,-0.013247457332909107,-0.0039666262455284595,,,,False,,,,False,OFFBOARD
8.152,TAKEOFF,False,-13.00000000006381,-5.999999999995154,0.05399996261183275,-1.62927773757776e-09,2.3825265662916834e-09,2.3468994193365235e-08,-8.893761778140452e-11,-1.447282452401821e-09,4.5511645517453015e-14,10.000000004412279,7.975472637938368e-08,0.04999999651757947,0.0,0.0,0.0,0.0,-3.0199784480583416e-08,23.769728672471185,0.002198411151766777,-0.016175873577594757,-0.006840759888291359,-0.0027589944656938314,-0.01291157491505146,-0.004195234272629023,,,,False,,,,False,OFFBOARD
8.252,TAKEOFF,False,-13.000000000078158,-5.999999999996375,0.0539999625831578,1.6012278793716717e-09,1.9393796277744807e-09,3.0098878830264743e-08,-6.675777318661256e-11,-1.69826094277933e-09,4.5421896362866036e-14,10.000000004412279,7.975472637938368e-08,0.04999999651757947,0.0,0.0,0.0,0.0,-3.0199784480583416e-08,23.769728672485375,0.002271713223308325,-0.01649722084403038,-0.006386470980942249,-0.0027324575930833817,-0.013262473978102207,-0.002923430874943733,,,,False,,,,False,OFFBOARD
8.352,TAKEOFF,False,-13.00000000011389,-6.000000000005277,0.05399996251041183,-1.4951935169146337e-09,-2.584731611825532e-09,2.3485872745032666e-08,9.422097555539423e-11,-2.3399320279501815e-09,-3.9573708866343196e-16,10.000000004412279,7.975472637938368e-08,0.04999999651757947,0.0,0.0,0.0,0.0,-3.0199784480583416e-08,23.76972867252219,0.0022516821045428514,-0.016400041058659554,-0.00419208500534296,-0.003537507262080908,-0.014266818761825562,-0.0006161869969218969,,,,False,,,,False,OFFBOARD
8.452,TAKEOFF,False,-13.000000000048038,-5.999999999996066,0.0539999626468991,-1.5522398212241883e-09,1.945339469444262e-09,2.3643223063307683e-08,-7.299778853893003e-11,-1.1337026301358202e-09,1.609044070465391e-14,10.000000004412279,7.975472637938368e-08,0.04999999651757947,0.0,0.0,0.0,0.0,-3.0199784480583416e-08,23.769728672456154,0.002144547877833247,-0.016768284142017365,-0.0025448217056691647,-0.002618820173665881,-0.014618726447224617,-0.00019840590539388359,,,,False,,,,False,OFFBOARD
8.552,TAKEOFF,False,-13.00000000010411,-6.000000000004983,0.05399996253191668,1.4703379528116122e-09,-2.508733249785516e-09,2.992133538631814e-08,8.888284031797696e-11,-2.1436638910902445e-09,1.063698587235608e-15,10.000000004412279,7.975472637938368e-08,0.04999999651757947,0.0,0.0,0.0,0.0,-3.0199784480583416e-08,23.769728672512656,0.002084037521854043,-0.017492368817329407,-0.0003306646831333637,-0.0021472186781466007,-0.015035267919301987,0.0005975653766654432,,,,False,,,,False,OFFBOARD
8.652,TAKEOFF,False,-13.000000000086397,-5.999999999994857,0.053999962572947126,-3.9565210051305164e-09,2.5295799212805934e-09,1.787414610382454e-08,-9.494888032670983e-11,-1.8133183715557759e-09,2.9797091434974416e-14,10.000000004412279,7.975472637938368e-08,0.04999999651757947,0.0,0.0,0.0,0.0,-3.0199784480583416e-08,23.76972867249296,0.0025455844588577747,-0.017868908122181892,0.000814822968095541,-0.0013820347376167774,-0.015318810008466244,-0.0001816422154661268,,,,False,,,,False,OFFBOARD
8.752,TAKEOFF,False,-13.00000000003267,-6.000000000003278,0.05399996268095537,-1.5068176348560233e-09,-1.5331677356296103e-09,2.375659300091204e-08,5.794031641510457e-11,-8.274889891530044e-10,1.4796353785225797e-14,10.000000004412279,7.975472637938368e-08,0.04999999651757947,0.0,0.0,0.0,0.0,-3.0199784480583416e-08,23.769728672443105,0.0036424067802727222,-0.017751766368746758,0.0009307091822847724,0.00015624344814568758,-0.016132770106196404,0.00016010993567761034,,,,False,,,,True,OFFBOARD
8.852,TAKEOFF,False,-13.000000000126514,-5.99999999999407,0.053999962635933485,7.409894531356934e-10,3.0618587997928165e-09,3.039424212869513e-08,-1.0926398684353375e-10,-2.5241506142198266e-09,2.990372189977331e-14,10.000000004412279,7.975472637938368e-08,0.04999999651757947,0.0,0.0,0.0,0.0,-3.0199784480583416e-08,23.76972867253158,0.0045849112793803215,-0.01812369003891945,0.0010725593892857432,0.0012725134147331119,-0.016835788264870644,-0.0001025547826429829,,,,False,,,,True,OFFBOARD
8.952,TAKEOFF,False,-13.000000000083672,-5.9999999999985985,0.053999962965984714,-9.609512229007811e-11,6.233404311176802e-11,2.856438883097612e-08,-3.001671020722834e-11,-1.7362915628122171e-09,-1.7471959141716998e-13,10.000000004412279,7.975472637938368e-08,0.04999999651757947,0.0,0.0,0.0,0.0,-3.0199784480583416e-08,23.769728672491272,0.005783802829682827,-0.019319919869303703,0.000715258123818785,0.003821256337687373,-0.018548833206295967,-0.000523340713698417,,,,False,,,,True,OFFBOARD
9.052,TAKEOFF,False,-13.000000000112266,-5.99999999999393,0.053999963170214105,-8.883907606556754e-10,-1.4438914413269382e-09,2.8172399186010557e-08,-1.1967162034081443e-10,-2.2472182042557142e-09,-4.838133008453101e-13,10.000000004412279,7.975472637938368e-08,0.04999999651757947,0.0,0.0,0.0,0.0,-3.0199784480583416e-08,23.769728672517758,0.0064381384290754795,-0.019219569861888885,-0.00015491792873945087,0.004285137169063091,-0.019209202378988266,-0.0008793083834461868,,,,False,,,,True,OFFBOARD
9.152,TAKEOFF,False,-13.000000000128768,-5.999999999993802,0.05399996348123977,1.7546675434685694e-09,-3.880131686741997e-11,3.3751985684227215e-08,-1.2721009116777376e-10,-2.5380734738588836e-09,-8.274249194596214e-13,10.000000004412279,7.975472637938368e-08,0.04999999651757947,0.0,0.0,0.0,0.0,-3.0199784480583416e-08,23.769728672533695,0.00762142613530159,-0.018162576481699944,-0.0016033196588978171,0.006473134271800518,-0.018238844349980354,-0.0019763465970754623,,,,False,,,,True,OFFBOARD
9.252,TAKEOFF,False,-13.000000000101647,-5.999999999996671,0.05399996396299423,1.818955499547968e-09,4.207283114421271e-10,3.4330760148471026e-08,-8.067343341237075e-11,-2.0360550979342117e-09,-1.1952684200519198e-12,10.000000004412279,7.975472637938368e-08,0.04999999651757947,0.0,0.0,0.0,0.0,-3.0199784480583416e-08,23.769728672508176,0.00876309908926487,-0.01783645711839199,-0.0023292277473956347,0.007965070195496082,-0.017572669312357903,-0.0022834199480712414,,,,False,,,,True,OFFBOARD
9.352,TAKEOFF,False,-13.000000000117648,-5.999999999995266,0.05399996442067941,9.7964738149836e-10,-2.3276123753136843e-10,3.2933100793997025e-08,-1.1233585820348513e-10,-2.317963482610325e-09,-1.5989894824028898e-12,10.000000004412279,7.975472637938368e-08,0.04999999651757947,0.0,0.0,0.0,0.0,-3.0199784480583416e-08,23.769728672523303,0.010023866780102253,-0.018116071820259094,-0.0022402156610041857,0.009573503397405148,-0.01900683529675007,-0.0016730799106881022,,,,False,,,,True,OFFBOARD
9.452,TAKEOFF,False,-13.000000000153541,-5.999999999985855,0.053999964941648715,-1.826854120823832e-09,-3.725647542848911e-10,2.7312407918089754e-08,-2.894612429019449e-10,-2.961746792156017e-09,-1.995931661282855e-12,10.000000004412279,7.975472637938368e-08,0.04999999651757947,0.0,0.0,0.0,0.0,-3.0199784480583416e-08,23.769728672555658,0.010856674052774906,-0.01819796673953533,-0.001973761012777686,0.010097998194396496,-0.018408184871077538,-0.001891100313514471,,,,False,,,,True,OFFBOARD
9.552,TAKEOFF,False,-13.000000000140556,-5.9999999999879545,0.05399996569104184,-1.890062399831984e-09,-3.0510118265880736e-10,2.837668293748097e-08,-2.573241124688556e-10,-2.7167941784513633e-09,-2.3928993730979257e-12,10.000000004412279,7.975472637938368e-08,0.04999999651757947,0.0,0.0,0.0,0.0,-3.0199784480583416e-08,23.76972867254363,0.011168519966304302,-0.017538538202643394,-0.001678663189522922,0.009859227575361729,-0.018640704452991486,-0.0017595988465473056,,,,False,,,,True,OFFBOARD
9.652,TAKEOFF,False,-13.000000000168706,-5.9999999999838645,0.05399996651615243,8.082646827881616e-10,2.752692616154311e-10,3.428027238044917e-08,-3.376288680058163e-10,-3.219723584585908e-09,-2.7858592095191217e-12,10.000000004412279,7.975472637938368e-08,0.04999999651757947,0.0,0.0,0.0,0.0,-3.0199784480583416e-08,23.76972867256983,0.01163273025304079,-0.017581574618816376,-0.0015367665328085423,0.011090162210166454,-0.01855766586959362,-0.0018961566966027021,,,,False,,,,True,OFFBOARD
9.752,TAKEOFF,False,-13.000000000220394,-5.999999999976628,0.053999967495961414,-9.068194031963167e-10,-1.0188709745839529e-10,3.198210069915719e-08,-4.75289552989845e-10,-4.1504456122579925e-09,-3.1886759034453645e-12,10.000000004412279,7.975472637938368e-08,0.04999999651757947,0.0,0.0,0.0,0.0,-3.0199784480583416e-08,23.769728672618022,0.012680652551352978,-0.01845524087548256,-0.001317682210355997,0.012442159466445446,-0.018803857266902924,-0.0021740172524005175,,,,False,,,,True,OFFBOARD
9.852,TAKEOFF,False,-13.000000000240792,-5.99999999996049,0.05399996863334818,2.4349859363279425e-10,5.188809094867128e-10,3.515567869177838e-08,-7.741660862309731e-10,-4.513080181945273e-09,-3.5534950001165845e-12,10.000000004412279,7.975472637938368e-08,0.04999999651757947,0.0,0.0,0.0,0.0,-3.0199784480583416e-08,23.769728672633686,0.012408853508532047,-0.018487131223082542,-0.0009566269582137465,0.013062111102044582,-0.020230866968631744,-0.0022249596659094095,,,,False,,,,True,OFFBOARD
9.952,TAKEOFF,False,-13.000000000255458,-5.999999999942373,0.05399997008511644,7.979103875022658e-10,-5.801278654518104e-10,3.7816751788766196e-08,-1.10936101908628e-09,-4.770867844500554e-09,-3.942520286083339e-12,10.000000004412279,7.975472637938368e-08,0.04999999651757947,0.0,0.0,0.0,0.0,-3.0199784480583416e-08,23.7697286726433,0.011036170646548271,-0.017979193478822708,-0.00019847441581077874,0.012169662863016129,-0.019298207014799118,-0.0032260084990411997,,,,False,,,,True,OFFBOARD
10.052,TAKEOFF,False,-13.00000000024224,-5.999999999929902,0.05399997177718461,2.7601638013331634e-09,-1.9382455871413228e-10,4.4821511180959115e-08,-1.3415680457889794e-09,-4.522186055210718e-09,-4.309116490020122e-12,10.000000004412279,7.975472637938368e-08,0.04999999651757947,0.0,0.0,0.0,0.0,-3.0199784480583416e-08,23.769728672627362,0.010292933322489262,-0.01809380203485489,0.0003192037984263152,0.0110842389985919,-0.018749909475445747,-0.00261097215116024,,,,False,,,,True,OFFBOARD
10.152,TAKEOFF,False,-13.000000000316831,-5.999999999913304,0.053999973433571304,-2.9093085650356216e-09,3.518206095894475e-11,3.172060328288096e-08,-1.6484208204453205e-09,-5.870470537008763e-09,-4.652838878693554e-12,10.000000004412279,7.975472637938368e-08,0.04999999651757947,0.0,0.0,0.0,0.0,-3.0199784480583416e-08,23.76972867269535,0.00984377134591341,-0.018739329650998116,0.0008634013938717544,0.010096662677824497,-0.018967941403388977,-0.003269486129283905,,,,False,,,,True,OFFBOARD
10.252,TAKEOFF,False,-13.000000000351303,-5.999999999891461,0.05399997552808941,2.5107931100776526e-09,5.033540258799746e-10,4.359756638033785e-08,-2.0506396831032496e-09,-6.489094300084854e-09,-5.001603890306889e-12,10.000000004412279,7.975472637938368e-08,0.04999999651757947,0.0,0.0,0.0,0.0,-3.0199784480583416e-08,23.769728672723193,0.009448898956179619,-0.018499763682484627,0.0006518526934087276,0.009753893129527569,-0.019086984917521477,-0.004229770042002201,,,,False,,,,True,OFFBOARD
10.352,TAKEOFF,False,-13.000000000418446,-5.999999999860875,0.05399997785799499,-4.238612157248204e-10,9.138382670175596e-11,4.0642426134718245e-08,-2.611629255632436e-09,-7.701990884287306e-09,-5.339333439903619e-12,10.000000004412279,7.975472637938368e-08,0.04999999651757947,0.0,0.0,0.0,0.0,-3.0199784480583416e-08,23.769728672780438,0.00878214556723833,-0.016279153525829315,-0.00038618966937065125,0.008667729794979095,-0.016172699630260468,-0.005108175333589315,,,,False,,,,True,OFFBOARD
10.452,TAKEOFF,False,-13.000000000444983,-5.99999999983432,0.053999980572630855,-8.819594796459629e-10,1.859737734378256e-10,3.965845143039104e-08,-3.0990569419847366e-09,-8.176819657210241e-09,-5.6625063173821575e-12,10.000000004412279,7.975472637938368e-08,0.04999999651757947,0.0,0.0,0.0,0.0,-3.0199784480583416e-08,23.769728672799417,0.008279678411781788,-0.014806469902396202,-0.0009309806628152728,0.007696256972849369,-0.014528089202940464,-0.005199697334319353,,,,False,,,,True,OFFBOARD
10.552,TAKEOFF,False,-13.000000000513205,-5.999999999797976,0.05399998371048735,5.773818120491285e-10,3.5722996227053255e-10,4.966305094206147e-08,-3.764414203847982e-09,-9.409514066731752e-09,-5.985207913559495e-12,10.000000004412279,7.975472637938368e-08,0.04999999651757947,0.0,0.0,0.0,0.0,-3.0199784480583416e-08,23.769728672856253,0.00761497812345624,-0.013311800546944141,-0.000838369713164866,0.007471107412129641,-0.013310838490724564,-0.004884020425379276,,,,False,,,,True,OFFBOARD
10.652,TAKEOFF,False,-13.00000000057446,-5.999999999777324,0.053999986946869444,6.01257867271846e-10,-6.426906503423576e-12,4.40900779741793e-08,-4.143723050635045e-09,-1.0516398587741623e-08,-6.266974800663301e-12,10.000000004412279,7.975472637938368e-08,0.04999999651757947,0.0,0.0,0.0,0.0,-3.0199784480583416e-08,23.76972867291031,0.0074556246399879456,-0.013042607344686985,-0.0006144018843770027,0.00634510163217783,-0.013025251217186451,-0.006555013358592987,,,,False,,,,True,OFFBOARD
10.752,TAKEOFF,False,-13.000000000635206,-5.999999999742848,0.05399999072271093,-2.2885883778468094e-11,2.224587121827182e-11,4.7165588983266723e-08,-4.774244177813547e-09,-1.161408366758399e-08,-6.541719783276978e-12,10.000000004412279,7.975472637938368e-08,0.04999999651757947,0.0,0.0,0.0,0.0,-3.0199784480583416e-08,23.769728672960387,0.00740397023037076,-0.013103223405778408,-0.0004201588744763285,0.006954927928745747,-0.012978396378457546,-0.00658862479031086,,,,False,,,,True,OFFBOARD
10.852,TAKEOFF,False,-13.000000000682434,-5.999999999709338,0.053999992793778324,1.2586864521838676e-10,9.774805880198412e-11,1.681892670485352e-08,-5.387074253743509e-09,-1.2465948546116382e-08,-6.811506420811094e-12,10.000000004412279,7.975472637938368e-08,0.04999999651757947,0.0,0.0,0.0,0.0,-3.0199784480583416e-08,23.76972867299763,0.0073791127651929855,-0.013111986219882965,-0.0005191999371163547,0.0075520602986216545,-0.012547607533633709,-0.007731857243925333,,,,False,,,,True,OFFBOARD
10.952,TAKEOFF,False,-13.000000000705201,-5.9999999997631255,0.053999993836746876,-2.072056382968629e-09,-3.439418300855165e-09,1.0574845382138597e-08,-4.412224257080181e-09,-1.2873680602717789e-08,-7.054133194503464e-12,10.000000004412279,7.975472637938368e-08,0.04999999651757947,0.0,0.0,0.0,0.0,-3.0199784480583416e-08,23.769728673033235,0.006976338569074869,-0.012025061994791031,-0.00101811985950917,0.007881770841777325,-0.010763010941445827,-0.00936572253704071,,,,False,,,,True,OFFBOARD
11.052,TAKEOFF,False,-13.000000000744908,-5.999999999829385,0.05399999491691541,5.823250325573958e-10,3.2559048178049384e-10,1.5329976766453867e-08,-3.2103076515424386e-09,-1.3589159695792524e-08,-7.294018577029982e-12,10.000000004412279,7.975472637938368e-08,0.04999999651757947,0.0,0.0,0.0,0.0,-3.0199784480583416e-08,23.769728673088384,0.006920723244547844,-0.011580451391637325,-0.0017180106369778514,0.007539929356426001,-0.01061205007135868,-0.010984411463141441,,,,False,,,,True,OFFBOARD
11.152,TAKEOFF,False,-13.000000000740677,-5.999999999868888,0.05399999610188796,5.911083235065917e-10,-4.485699973721136e-10,1.554796850283813e-08,-2.494630300469109e-09,-1.3505788781766604e-08,-7.524600196360177e-12,10.000000004412279,7.975472637938368e-08,0.04999999651757947,0.0,0.0,0.0,0.0,-3.0199784480583416e-08,23.769728673094257,0.007048243191093206,-0.011562020517885685,-0.002271858509629965,0.006668935064226389,-0.009794746525585651,-0.011806489899754524,,,,False,,,,True,OFFBOARD
11.252,TAKEOFF,False,-13.00000000130517,-5.999999998731044,0.053999998915077944,-1.580105363719712e-08,3.1945207962887674e-08,6.506819149781907e-08,-2.3185302318824577e-08,-2.3762865136101713e-08,-7.756371725718446e-12,10.000000004412279,7.975472637938368e-08,0.04999999651757947,0.0,0.0,0.0,0.0,-3.0199784480583416e-08,23.769728673353253,0.0065733748488128185,-0.011096867732703686,-0.0033308137208223343,0.005315918941050768,-0.008717897348105907,-0.013482174836099148,,,,False,,,,True,OFFBOARD
11.352,TAKEOFF,False,-13.000052474739212,-6.000000288793583,0.05422499048586123,-0.0016958846146033842,-4.750924798874881e-05,0.0074210546679980205,5.163524177545849e-06,-0.0009523842404382801,-1.2580554394340611e-08,10.000000004412279,7.975472637938368e-08,0.04999999651757947,0.0,0.0,0.0,0.0,-3.0199784480583416e-08,23.76977952077601,0.0050063589587807655,-0.009522355161607265,-0.005102990195155144,0.004349897149950266,-0.007307428400963545,-0.013816889375448227,,,,False,,,,True,OFFBOARD
11.452,TAKEOFF,False,-13.00039083947048,-6.000113281135049,0.05611330032741771,-0.004943601571980948,-0.002630471572965615,0.031194170775877796,0.0020146805095992188,-0.006984369367739224,-9.046768155289988e-06,10.000000004412279,7.975472637938368e-08,0.04999999651757947,0.0,0.0,0.0,0.0,-3.0199784480583416e-08,23.770135450074616,0.0037792359944432974,-0.008561057038605213,-0.005921314936131239,0.0004153508343733847,-0.0060772886499762535,0.0008297940948978066,,,,False,,,,True,OFFBOARD
11.552,TAKEOFF,False,-13.001087339840145,-6.0005223740012985,0.06049069643028739,-0.009731414057952366,-0.005663722137173347,0.05884785067331461,0.009634547327730373,-0.018036345666331485,7.51171768895539e-05,10.000000004412279,7.975472637938368e-08,0.04999999651757947,0.0,0.0,0.0,0.0,-3.0199784480583416e-08,23.77091266098042,0.0024641272611916065,-0.008075960911810398,-0.004335103556513786,-0.003880945034325123,-0.007407426834106445,0.027737557888031006,,,,False,,,,True,OFFBOARD
11.652,TAKEOFF,False,-13.002549593457461,-6.001291271208203,0.06810704478047548,-0.021210906993541404,-0.010885040063473824,0.08506590632041351,0.024866586339119225,-0.035404550642397836,0.0006657772464169148,10.000000004412279,7.975472637938368e-08,0.04999999651757947,0.0,0.0,0.0,0.0,-3.0199784480583416e-08,23.772521655928717,0.0013496651081368327,-0.008630095981061459,-0.0001292406814172864,-0.012005380354821682,-0.010102703236043453,0.059060294181108475,,,,False,,,,True,OFFBOARD
11.752,TAKEOFF,False,-13.006451668052398,-6.003708805523001,0.07716778917092247,-0.061476391203796214,-0.041267873454343684,0.1050417291264919,0.04035970640052632,-0.05116675118985834,0.0006593725905491159,10.000000004412279,7.975472637938368e-08,0.04999999651757947,0.0,0.0,0.0,0.0,-3.0199784480583416e-08,23.776907682384092,-0.0005547269247472286,-0.010931292548775673,0.007168142590671778,-0.03693484887480736,-0.024896975606679916,0.07102988660335541,,,,False,,,,True,OFFBOARD
11.852,TAKEOFF,False,-13.015223638558185,-6.009948083557663,0.08934985103258278,-0.11152724446478138,-0.0817456936369646,0.13952678572958083,0.040037648213922396,-0.04947169243816249,0.0008754162093170962,10.000000004412279,7.975472637938368e-08,0.04999999651757947,0.0,0.0,0.0,0.0,-3.0199784480583416e-08,23.786971145180473,-0.006239373702555895,-0.015667559579014778,0.01597142405807972,-0.0849873349070549,-0.06039353460073471,0.09737008810043335,,,,False,,,,True,OFFBOARD
11.952,TAKEOFF,False,-13.028547661026737,-6.0199115612278575,0.10557694000824167,-0.1504469680991494,-0.11393153541720294,0.18432187543347564,0.0276460086605994,-0.03361962611673798,0.0013111600106605296,10.000000004412279,7.975472637938368e-08,0.04999999651757947,0.0,0.0,0.0,0.0,-3.0199784480583416e-08,23.80238105200054,-0.017570313066244125,-0.02459082379937172,0.029058124870061874,-0.13324187695980072,-0.0967903807759285,0.13920655846595764,,,,False,,,,True,OFFBOARD
12.052,TAKEOFF,False,-13.045471071764704,-6.032854558892606,0.12746237628004184,-0.170967827595588,-0.13173849613888808,0.2345280997881329,0.014300643662040275,-0.016525380126502263,0.0014927200440524237,10.000000004412279,7.975472637938368e-08,0.04999999651757947,0.0,0.0,0.0,0.0,-3.0199784480583416e-08,23.8220291372074,-0.031312208622694016,-0.03598968684673309,0.04614793136715889,-0.16077429056167603,-0.11907750368118286,0.18495485186576843,,,,False,,,,True,OFFBOARD
12.152,TAKEOFF,False,-13.06221650683184,-6.045831461116061,0.15223183116949074,-0.17610912206811016,-0.13703126868949503,0.2793969436316998,0.00641366122313478,-0.0073441627110057035,0.0013854742611618097,10.000000004412279,7.975472637938368e-08,0.04999999651757947,0.0,0.0,0.0,0.0,-3.0199784480583416e-08,23.841516508647032,-0.04759030416607857,-0.05079098790884018,0.0704868733882904,-0.1713675558567047,-0.13016924262046814,0.2342526763677597,,,,False,,,,True,OFFBOARD
12.252,TAKEOFF,False,-13.079795775619102,-6.059531488839808,0.18255257946560002,-0.17491896370242932,-0.13630794200711865,0.32488374675874077,0.0023895287106042466,-0.0037907218836022412,0.0012112149299603932,10.000000004412279,7.975472637938368e-08,0.04999999651757947,0.0,0.0,0.0,0.0,-3.0199784480583416e-08,23.861996900484844,-0.06320054829120636,-0.06474056094884872,0.09672670811414719,-0.170170396566391,-0.13255207240581512,0.27832821011543274,,,,False,,,,True,OFFBOARD
12.352,TAKEOFF,False,-13.09713122458887,-6.072988503088631,0.21730728473901154,-0.17176912415116835,-0.13267085539914186,0.36815143559819935,0.0004665561887687912,-0.0027747252807402475,0.001089408674931717,10.000000004412279,7.975472637938368e-08,0.04999999651757947,0.0,0.0,0.0,0.0,-3.0199784480583416e-08,23.88218292654685,-0.08001571893692017,-0.07952357083559036,0.1300591230392456,-0.16554957628250122,-0.12933392822742462,0.32361751794815063,,,,False,,,,True,OFFBOARD
12.452,TAKEOFF,False,-13.114108866427514,-6.086002981032961,0.25629302645340213,-0.16777387232976104,-0.12762341794133222,0.4096289516432014,-0.0008933909590629609,-0.0016116151096342082,0.0009364449611366536,10.000000004412279,7.975472637938368e-08,0.04999999651757947,0.0,0.0,0.0,0.0,-3.0199784480583416e-08,23.901913357489853,-0.09498479962348938,-0.09325489401817322,0.16512514650821686,-0.160538449883461,-0.12607260048389435,0.3638443350791931,,,,False,,,,True,OFFBOARD
12.552,TAKEOFF,False,-13.130621376721063,-6.098444296855755,0.29932270671015526,-0.1624202608699939,-0.12119112373735418,0.44907012775122596,-0.002672587487584756,0.00014433414348017843,0.0007863402715642326,10.000000004412279,7.975472637938368e-08,0.04999999651757947,0.0,0.0,0.0,0.0,-3.0199784480583416e-08,23.92105075643532,-0.1103246808052063,-0.10856186598539352,0.20768173038959503,-0.15331508219242096,-0.12140700966119766,0.40547797083854675,,,,False,,,,True,OFFBOARD
12.652,TAKEOFF,False,-13.146512099596967,-6.110155056688623,0.34619499673766446,-0.15541367901434103,-0.11306399555715455,0.4866703021231762,-0.004587055539644667,0.0018624095455416073,0.0006505434431156758,10.000000004412279,7.975472637938368e-08,0.04999999651757947,0.0,0.0,0.0,0.0,-3.0199784480583416e-08,23.939403049626186,-0.12394655495882034,-0.12181246280670166,0.25059765577316284,-0.14455242455005646,-0.11784114688634872,0.44093456864356995,,,,False,,,,True,OFFBOARD
12.752,TAKEOFF,False,-13.161633651771087,-6.12097285447477,0.39674774220881315,-0.14718830141020378,-0.10347864789364819,0.5225881645410918,-0.006059868701056629,0.0030589852111995034,0.0005159279542319556,10.000000004412279,7.975472637938368e-08,0.04999999651757947,0.0,0.0,0.0,0.0,-3.0199784480583416e-08,23.956785746105755,-0.13787364959716797,-0.135239839553833,0.3006555140018463,-0.13415087759494781,-0.1115017980337143,0.4782992899417877,,,,False,,,,True,OFFBOARD
12.852,TAKEOFF,False,-13.17589340797333,-6.130780399691235,0.45079937223249833,-0.13831034425215383,-0.09297961723065426,0.5568010519477709,-0.00703837636760057,0.0036876671066263123,0.00033860265935043777,10.000000004412279,7.975472637938368e-08,0.04999999651757947,0.0,0.0,0.0,0.0,-3.0199784480583416e-08,23.973078749910584,-0.1521368771791458,-0.14628659188747406,0.3506055176258087,-0.12451496720314026,-0.10415240377187729,0.511269211769104,,,,False,,,,True,OFFBOARD
12.952,TAKEOFF,False,-13.189250888805425,-6.139518232193568,0.5081669506558159,-0.1290971088061878,-0.08221609305321644,0.5889418044724904,-0.007358196513920598,0.004703946365389165,0.0001470264168084025,10.000000004412279,7.975472637938368e-08,0.04999999651757947,0.0,0.0,0.0,0.0,-3.0199784480583416e-08,23.988227156072757,-0.17070361971855164,-0.15654027462005615,0.40896737575531006,-0.11802400648593903,-0.0949392318725586,0.545280933380127,,,,False,,,,True,OFFBOARD
13.052,TAKEOFF,False,-13.201635306544308,-6.147192024071507,0.5686540494649847,-0.1187868038542534,-0.07176638341815451,0.6192766356609615,-0.007228423618732393,0.006294106321298154,-2.6289519754419586e-05,10.000000004412279,7.975472637938368e-08,0.04999999651757947,0.0,0.0,0.0,0.0,-3.0199784480583416e-08,24.00216348298568,-0.18580499291419983,-0.1651466339826584,0.46522724628448486,-0.11026175320148468,-0.08618014305830002,0.5748395919799805,,,,False,,,,True,OFFBOARD
13.152,TAKEOFF,False,-13.212931845576454,-6.153849427094153,0.6320924237444008,-0.10749631674143906,-0.06184387757226539,0.6481161111477243,-0.0071869767284064405,0.007254985803764416,-0.000185902386964483,10.000000004412279,7.975472637938368e-08,0.04999999651757947,0.0,0.0,0.0,0.0,-3.0199784480583416e-08,24.014788544252593,-0.20009738206863403,-0.17360149323940277,0.5291202664375305,-0.1006922796368599,-0.07710544764995575,0.6052404046058655,,,,False,,,,True,OFFBOARD
13.252,TAKEOFF,False,-13.223083856179077,-6.159535420627933,0.6983421822769359,-0.09605332286692374,-0.05234936389455567,0.6756151759765714,-0.006979551233851384,0.007343675911130551,-0.000343942523349947,10.000000004412279,7.975472637938368e-08,0.04999999651757947,0.0,0.0,0.0,0.0,-3.0199784480583416e-08,24.02605880240313,-0.2116430401802063,-0.1792009472846985,0.590779721736908,-0.08871904015541077,-0.06764579564332962,0.631410539150238,,,,False,,,,True,OFFBOARD
13.352,TAKEOFF,False,-13.232124725195545,-6.164306219717743,0.767306756902291,-0.08538582359749847,-0.043554743478482434,0.7024343054316734,-0.006479536092438313,0.006628713375322942,-0.00048145197908854216,10.000000004412279,7.975472637938368e-08,0.04999999651757947,0.0,0.0,0.0,0.0,-3.0199784480583416e-08,24.036020710711902,-0.22255003452301025,-0.18205030262470245,0.6604114770889282,-0.07676633447408676,-0.057249993085861206,0.6585463881492615,,,,False,,,,True,OFFBOARD
13.452,TAKEOFF,False,-13.240159509785236,-6.168247056503801,0.8388869338525887,-0.07586241261715465,-0.035744252312545,0.7279114166818719,-0.005826797649647861,0.005991073010611842,-0.0006211131225322211,10.000000004412279,7.975472637938368e-08,0.04999999651757947,0.0,0.0,0.0,0.0,-3.0199784480583416e-08,24.044797503395756,-0.2309495210647583,-0.18473468720912933,0.7265523672103882,-0.06652844697237015,-0.0501817986369133,0.6837078928947449,,,,False,,,,True,OFFBOARD
13.552,TAKEOFF,False,-13.247289831596925,-6.171450101425611,0.9129682132602782,-0.06721324842055187,-0.0287126639961043,0.7526618580811533,-0.005410944507696851,0.005582056230492464,-0.0007989568999779633,10.000000004412279,7.975472637938368e-08,0.04999999651757947,0.0,0.0,0.0,0.0,-3.0199784480583416e-08,24.052510930424862,-0.2384733259677887,-0.18756511807441711,0.7999664545059204,-0.05617603659629822,-0.04202588275074959,0.7083371877670288,,,,False,,,,True,OFFBOARD
13.652,TAKEOFF,False,-13.253590695523753,-6.1739845022512485,0.9894918652453331,-0.05923738422109374,-0.022304504969858654,0.7766295078491985,-0.0052286660749577985,0.005224061280060799,-0.0009801569358440449,10.000000004412279,7.975472637938368e-08,0.04999999651757947,0.0,0.0,0.0,0.0,-3.0199784480583416e-08,24.05925115332975,-0.24466684460639954,-0.18989931046962738,0.8707068562507629,-0.046525437384843826,-0.036834966391325,0.7315317988395691,,,,False,,,,True,OFFBOARD
13.752,TAKEOFF,False,-13.259130434194631,-6.17589412601423,1.068305117246758,-0.05197152773916194,-0.016166070814973236,0.7983676913058625,-0.005252680115414717,0.004795944861521506,-0.0011277231672232825,10.000000004412279,7.975472637938368e-08,0.04999999651757947,0.0,0.0,0.0,0.0,-3.0199784480583416e-08,24.06509542887751,-0.2510918378829956,-0.19199368357658386,0.9511978030204773,-0.03766033425927162,-0.030093709006905556,0.7560576796531677,,,,False,,,,True,OFFBOARD
13.852,TAKEOFF,False,-13.263977844673486,-6.1772020968544235,1.1492013398482657,-0.04532208190715866,-0.010273243405674514,0.8185662141042723,-0.00519827994291886,0.004567067128241517,-0.0012469964406776504,10.000000004412279,7.975472637938368e-08,0.04999999651757947,0.0,0.0,0.0,0.0,-3.0199784480583416e-08,24.07011616285758,-0.25568392872810364,-0.19370590150356293,1.0274041891098022,-0.030010171234607697,-0.024326296523213387,0.7756294012069702,,,,False,,,,True,OFFBOARD
13.952,TAKEOFF,False,-13.268340304334151,-6.177955824933315,1.2354077731088842,-0.03889542511192462,-0.00451694131929605,0.838324978566197,-0.004992748619994535,0.004395502756290465,-0.0014005297512122746,10.000000004412279,7.975472637938368e-08,0.04999999651757947,0.0,0.0,0.0,0.0,-3.0199784480583416e-08,24.07452595346176,-0.26040884852409363,-0.19571787118911743,1.1384090185165405,-0.021865449845790863,-0.017028363421559334,0.8027409911155701,,,,False,,,,True,OFFBOARD
14.052,TAKEOFF,False,-13.271788945645987,-6.17814215833491,1.316754894409392,-0.033208581006914,0.00035656380798953043,0.8555270285805546,-0.004719910554140953,0.004456826337822527,-0.001569448736053535,10.000000004412279,7.975472637938368e-08,0.04999999651757947,0.0,0.0,0.0,0.0,-3.0199784480583416e-08,24.077906936652973,-0.2632218599319458,-0.1964220553636551,1.1924737691879272,-0.017897985875606537,-0.013570426031947136,0.8141552805900574,,,,False,,,,True,OFFBOARD
14.152,TAKEOFF,False,-13.274808708904928,-6.1778649012644,1.403156451915025,-0.027425476469167685,0.00490842849068242,0.871570435081152,-0.004356246352198675,0.004644071307923747,-0.0017382029048315672,10.000000004412279,7.975472637938368e-08,0.04999999651757947,0.0,0.0,0.0,0.0,-3.0199784480583416e-08,24.080754480813283,-0.2695617973804474,-0.19716081023216248,1.2836133241653442,-0.013586698099970818,-0.008546245284378529,0.8320379257202148,,,,False,,,,True,OFFBOARD
14.252,TAKEOFF,False,-13.277246137011316,-6.177155018264242,1.4910993258515757,-0.021533028100305673,0.009105254864779975,0.8865764994931329,-0.004380008504638507,0.00500535634202885,-0.001838182208262285,10.000000004412279,7.975472637938368e-08,0.04999999651757947,0.0,0.0,0.0,0.0,-3.0199784480583416e-08,24.08292824872842,-0.2738056778907776,-0.19761818647384644,1.3680970668792725,-0.008614925667643547,-0.0050273071974515915,0.8469027876853943,,,,False,,,,True,OFFBOARD
14.352,TAKEOFF,False,-13.279152907417934,-6.175977250230853,1.584108211815593,-0.015415641279260811,0.01335442996189601,0.9014153323279736,-0.004385099322838488,0.004988155866431392,-0.0019506388511543104,10.000000004412279,7.975472637938368e-08,0.04999999651757947,0.0,0.0,0.0,0.0,-3.0199784480583416e-08,24.08446919225892,-0.27682462334632874,-0.19778744876384735,1.460056185722351,-0.0024568785447627306,-0.000751621788367629,0.8628344535827637,,,,False,,,,True,OFFBOARD
14.452,TAKEOFF,False,-13.28036576902657,-6.174504646147168,1.6713333609521883,-0.010153370151121227,0.0171421815078864,0.9152555426754738,-0.004351814469534008,0.004697117129043219,-0.0020818820965209923,10.000000004412279,7.975472637938368e-08,0.04999999651757947,0.0,0.0,0.0,0.0,-3.0199784480583416e-08,24.085263941989254,-0.28025487065315247,-0.19745400547981262,1.545881748199463,0.0024520745500922203,0.002379537792876363,0.8761801719665527,,,,False,,,,True,OFFBOARD
14.552,TAKEOFF,False,-13.281114221415868,-6.172595223952383,1.7635880368974388,-0.00504090037387919,0.020856824137016318,0.9292107896493049,-0.00425102373364205,0.004756919779755399,-0.002249587543259894,10.000000004412279,7.975472637938368e-08,0.04999999651757947,0.0,0.0,0.0,0.0,-3.0199784480583416e-08,24.085497968267227,-0.2860175669193268,-0.19647420942783356,1.6401089429855347,0.005182467866688967,0.006639635190367699,0.8920853137969971,,,,False,,,,True,OFFBOARD
14.652,TAKEOFF,False,-13.281351037551158,-6.1703274689637695,1.8572353167782627,0.00012340328859802716,0.024313446568252194,0.9432371401875776,-0.004125069805139117,0.005080120271053054,-0.002444692061135063,10.000000004412279,7.975472637938368e-08,0.04999999651757947,0.0,0.0,0.0,0.0,-3.0199784480583416e-08,24.085145803951576,-0.289500892162323,-0.19541491568088531,1.7275373935699463,0.008981538936495781,0.009484097361564636,0.9051149487495422,,,,False,,,,True,OFFBOARD
14.752,TAKEOFF,False,-13.281067928927714,-6.167725375278007,1.952289388229389,0.005294998995714242,0.02759075042693656,0.95726781863599,-0.004203448512703444,0.0050601047021529184,-0.0026231443765641917,10.000000004412279,7.975472637938368e-08,0.04999999651757947,0.0,0.0,0.0,0.0,-3.0199784480583416e-08,24.084205641985584,-0.29147031903266907,-0.1941377967596054,1.8233776092529297,0.014601128175854683,0.011599287390708923,0.9194521903991699,,,,False,,,,True,OFFBOARD
14.852,TAKEOFF,False,-13.28028601044071,-6.164794947255693,2.048707026503622,0.010035404847604096,0.03088419858216325,0.9703432367319135,-0.004302477789916779,0.004536029110643442,-0.0027297097405970657,10.000000004412279,7.975472637938368e-08,0.04999999651757947,0.0,0.0,0.0,0.0,-3.0199784480583416e-08,24.082699488604096,-0.2921096682548523,-0.19292770326137543,1.9139385223388672,0.019984807819128036,0.014559147879481316,0.933920681476593,,,,False,,,,True,OFFBOARD
14.952,TAKEOFF,False,-13.279070697557554,-6.161536613448786,2.146391850393309,0.01402628712428541,0.03417524047141791,0.9827206696058476,-0.004549750343011624,0.004205069985423481,-0.002787214508019157,10.000000004412279,7.975472637938368e-08,0.04999999651757947,0.0,0.0,0.0,0.0,-3.0199784480583416e-08,24.080690753568582,-0.2922079563140869,-0.19184495508670807,2.014068841934204,0.022646481171250343,0.015379346907138824,0.9467917084693909,,,,False,,,,True,OFFBOARD
15.052,TAKEOFF,False,-13.277471264430293,-6.157940138218324,2.24525753516166,0.017802376263718934,0.03764463655464712,0.9939147166888286,-0.004860314033168935,0.004260816830753638,-0.0028797114768226192,10.000000004412279,7.975472637938368e-08,0.04999999651757947,0.0,0.0,0.0,0.0,-3.0199784480583416e-08,24.07822452756684,-0.2913529574871063,-0.19067351520061493,2.107701063156128,0.026042472571134567,0.01669779047369957,0.958706259727478,,,,False,,,,True,OFFBOARD
15.104,TAKEOFF,False,-13.276491790859367,-6.155930195860611,2.2970986193056575,0.01971185686597756,0.03952249483761495,0.9995523597743959,-0.005008582278436641,0.004219527884374399,-0.0029413374262137987,10.000000004412279,7.975472637938368e-08,0.04999999651757947,0.0,0.0,0.0,0.0,-3.0199784480583416e-08,24.076763649909136,-0.2901933789253235,-0.18969878554344177,2.17848539352417,0.0283842571079731,0.017640499398112297,0.966097891330719,,,,False,,,,True,OFFBOARD
15.2,TAKEOFF,False,-13.27442824831836,-6.151957551539706,2.3935737739945733,0.02310416631428074,0.04311976802237711,1.009852402706586,-0.005311901484439632,0.004146021568748384,-0.0030535249718740554,10.000000004412279,7.975472637938368e-08,0.04999999651757947,0.0,0.0,0.0,0.0,-3.0199784480583416e-08,24.073753201126486,-0.2880435287952423,-0.18827073276042938,2.2735393047332764,0.03207283839583397,0.01966693252325058,0.975509762763977,,,,False,,,,True,OFFBOARD
15.252,TAKEOFF,False,-13.27317761962035,-6.1496593081401905,2.446242019722444,0.02485098562159792,0.04512042542838694,1.0154219986226656,-0.005377318868945701,0.004084592465190026,-0.0031061340723295976,10.000000004412279,7.975472637938368e-08,0.04999999651757947,0.0,0.0,0.0,0.0,-3.0199784480583416e-08,24.07195686492681,-0.28755712509155273,-0.18674351274967194,2.3056750297546387,0.03232418745756149,0.021573396399617195,0.978489100933075,,,,False,,,,True,OFFBOARD
15.352,TAKEOFF,False,-13.270407201237605,-6.144760979853289,2.5524196665976624,0.02834266515100662,0.048777947048704764,1.0258230739210403,-0.00464014918556184,0.0045273948211954395,-0.0031965874849921925,10.000000004412279,7.975472637938368e-08,0.04999999651757947,0.0,0.0,0.0,0.0,-3.0199784480583416e-08,24.068027339116036,-0.2854299545288086,-0.17906588315963745,2.4435949325561523,0.033111635595560074,0.030366500839591026,0.992732584476471,,,,False,,,,True,OFFBOARD
15.452,TAKEOFF,False,-13.267501564286485,-6.139956325767112,2.6513402328585753,0.032141784694007546,0.05101322143558638,1.0345554953569724,-0.0034479918810085444,0.005307641387174903,-0.0033227674115248605,10.000000004412279,7.975472637938368e-08,0.04999999651757947,0.0,0.0,0.0,0.0,-3.0199784480583416e-08,24.063991645425492,-0.2840653657913208,-0.1755271852016449,2.5088248252868652,0.03489967808127403,0.033353157341480255,0.9981715679168701,,,,False,,,,True,OFFBOARD
15.552,TAKEOFF,False,-13.264060866311056,-6.13478995818015,2.755257097651221,0.03651144212258506,0.05212511650977192,1.0434081830640964,-0.002672625126327294,0.005536642505113701,-0.0034569008716697535,10.000000004412279,7.975472637938368e-08,0.04999999651757947,0.0,0.0,0.0,0.0,-3.0199784480583416e-08,24.059346977968158,-0.28126001358032227,-0.1700136959552765,2.615358591079712,0.038355618715286255,0.03558726981282234,1.0071148872375488,,,,False,,,,True,OFFBOARD
15.652,TAKEOFF,False,-13.260189758109323,-6.129539320725265,2.8600554409766925,0.04067449673461994,0.052867093161950776,1.052078506908962,-0.0027388416912466247,0.005308004569857991,-0.0035427904361937305,10.000000004412279,7.975472637938368e-08,0.04999999651757947,0.0,0.0,0.0,0.0,-3.0199784480583416e-08,24.054265340071215,-0.27923113107681274,-0.1644691377878189,2.715057373046875,0.04084734618663788,0.0376603901386261,1.0151439905166626,,,,False,,,,True,OFFBOARD
15.752,TAKEOFF,False,-13.255918086177108,-6.124208364741655,2.9656662255575044,0.044651228456120455,0.053708503991075886,1.0597058224673581,-0.002670614488654094,0.005819588282965204,-0.0036030800843435077,10.000000004412279,7.975472637938368e-08,0.04999999651757947,0.0,0.0,0.0,0.0,-3.0199784480583416e-08,24.048776586509415,-0.2790260314941406,-0.15725865960121155,2.8250205516815186,0.03719571977853775,0.04293224588036537,1.0234920978546143,,,,False,,,,True,OFFBOARD
15.852,TAKEOFF,False,-13.251204374881304,-6.118811005551067,3.0720162474835617,0.04970184800252111,0.05410137582133607,1.0670206865683423,-0.001992161617807882,0.0076132134923415605,-0.003675479492097864,10.000000004412279,7.975472637938368e-08,0.04999999651757947,0.0,0.0,0.0,0.0,-3.0199784480583416e-08,24.04284413677679,-0.2784897983074188,-0.15090098977088928,2.9264769554138184,0.03439563140273094,0.045284632593393326,1.0299330949783325,,,,False,,,,True,OFFBOARD
15.952,TAKEOFF,False,-13.245901731176565,-6.113409594056278,3.1790871457164283,0.056241462638956775,0.053865556004748835,1.0740908527439057,-0.0015692183736909981,0.0086979686574902,-0.003714745885341895,10.000000004412279,7.975472637938368e-08,0.04999999651757947,0.0,0.0,0.0,0.0,-3.0199784480583416e-08,24.036341762849407,-0.2771969139575958,-0.1444072127342224,3.0361146926879883,0.03600623458623886,0.047400105744600296,1.0374195575714111,,,,False,,,,True,OFFBOARD
16.052,TAKEOFF,False,-13.2399290025897,-6.108051388149187,3.2868309809997442,0.06280705000051093,0.05325716863624083,1.0803623062894603,-0.0011405761363604517,0.008081555921436431,-0.0037790349224800656,10.000000004412279,7.975472637938368e-08,0.04999999651757947,0.0,0.0,0.0,0.0,-3.0199784480583416e-08,24.0292029203021,-0.27370983362197876,-0.13795247673988342,3.139340877532959,0.042081285268068314,0.049724891781806946,1.0445849895477295,,,,False,,,,True,OFFBOARD
16.152,TAKEOFF,False,-13.233372751276926,-6.102782518602706,3.3951106034749836,0.06773526346224054,0.05202574134573766,1.0848443056509744,-0.00025387453075944943,0.006061447583870946,-0.0038371834151803303,10.000000004412279,7.975472637938368e-08,0.04999999651757947,0.0,0.0,0.0,0.0,-3.0199784480583416e-08,24.021522954376053,-0.266414076089859,-0.12988537549972534,3.2539310455322266,0.048783671110868454,0.052120521664619446,1.0497632026672363,,,,False,,,,True,OFFBOARD
16.252,TAKEOFF,False,-13.226444432899537,-6.0976824941215755,3.503803946591271,0.0703740087158894,0.04993539633264573,1.0887826442317758,0.0005372798629530518,0.004120082290545046,-0.003944511381024135,10.000000004412279,7.975472637938368e-08,0.04999999651757947,0.0,0.0,0.0,0.0,-3.0199784480583416e-08,24.01352647928429,-0.2594313621520996,-0.12297579646110535,3.3594346046447754,0.05417468026280403,0.052388746291399,1.0541622638702393,,,,False,,,,True,OFFBOARD
16.352,TAKEOFF,False,-13.219066616993922,-6.092632224812531,3.6172461874000055,0.0712196014759714,0.04725478407263971,1.0927048473741083,0.0008446322328992392,0.002763135133334891,-0.004078540706989045,10.000000004412279,7.975472637938368e-08,0.04999999651757947,0.0,0.0,0.0,0.0,-3.0199784480583416e-08,24.00510827236478,-0.24942058324813843,-0.11402187496423721,3.5085690021514893,0.05710601434111595,0.05231131613254547,1.0597572326660156,,,,False,,,,True,OFFBOARD
16.452,TAKEOFF,False,-13.212229818454707,-6.08822242444924,3.722351490441749,0.07116025045393669,0.04471866035262301,1.0968345651953446,0.00094464410088434,0.0024039747897645117,-0.0042343825276787385,10.000000004412279,7.975472637938368e-08,0.04999999651757947,0.0,0.0,0.0,0.0,-3.0199784480583416e-08,23.99737624429578,-0.24387073516845703,-0.11051232367753983,3.578979253768921,0.05903825908899307,0.051687490195035934,1.0626590251922607,,,,False,,,,True,OFFBOARD
16.552,TAKEOFF,False,-13.205126940209363,-6.083884845343558,3.8322459360996377,0.0708728891882659,0.042189969217983965,1.1010512459893278,0.0006900698717129553,0.0021791357271640803,-0.004366373288291153,10.000000004412279,7.975472637938368e-08,0.04999999651757947,0.0,0.0,0.0,0.0,-3.0199784480583416e-08,23.98940541776397,-0.23376981914043427,-0.1057136058807373,3.6936962604522705,0.06107431277632713,0.05001605302095413,1.0659966468811035,,,,False,,,,True,OFFBOARD
16.652,TAKEOFF,False,-13.198066369375315,-6.079776583285099,3.9426215446205775,0.07030310043569092,0.04011808481012421,1.1063415991833265,0.00040291957998655185,0.0018326219200095876,-0.0044753024980059095,10.000000004412279,7.975472637938368e-08,0.04999999651757947,0.0,0.0,0.0,0.0,-3.0199784480583416e-08,23.98153389078977,-0.2250027358531952,-0.10146602243185043,3.7996630668640137,0.06254500150680542,0.04867882654070854,1.069901943206787,,,,False,,,,True,OFFBOARD
16.752,TAKEOFF,False,-13.191080653637364,-6.075859756816588,4.05353827639441,0.06938162033135055,0.0383395173344605,1.111839794267537,0.00016841418955962364,0.0014140128785720477,-0.004572119219714069,10.000000004412279,7.975472637938368e-08,0.04999999651757947,0.0,0.0,0.0,0.0,-3.0199784480583416e-08,23.973783490342626,-0.21602539718151093,-0.09706941246986389,3.9146251678466797,0.06302537769079208,0.04655282199382782,1.0741866827011108,,,,False,,,,True,OFFBOARD
16.852,TAKEOFF,False,-13.184206955878377,-6.072104077936531,4.165006452585212,0.0681004292302337,0.03687407322503748,1.1171557358285977,-1.04705039010564e-05,0.0011135135410070664,-0.004659858365423383,10.000000004412279,7.975472637938368e-08,0.04999999651757947,0.0,0.0,0.0,0.0,-3.0199784480583416e-08,23.966182451100575,-0.2075531929731369,-0.09389450401067734,4.0217180252075195,0.06307696551084518,0.04507756605744362,1.0790191888809204,,,,False,,,,True,OFFBOARD
16.951999999999998,TAKEOFF,False,-13.177472217957835,-6.068483773221329,4.276912378564296,0.06661645411333073,0.035643813046881204,1.120455245026757,-0.0003371699274609879,0.0008363316531400566,-0.004751484010307301,10.000000004412279,7.975472637938368e-08,0.04999999651757947,0.0,0.0,0.0,0.0,-3.0199784480583416e-08,23.95875027818791,-0.19763609766960144,-0.09205185621976852,4.14021110534668,0.06383869051933289,0.04219325631856918,1.0839956998825073,,,,False,,,,True,OFFBOARD
17.052,TAKEOFF,False,-13.170900580647217,-6.064962083295835,4.3890916907754045,0.06483027005782906,0.03490422513570899,1.1230912847615873,-0.0008237664135890815,0.0004365025355301608,-0.004819237871344148,10.000000004412279,7.975472637938368e-08,0.04999999651757947,0.0,0.0,0.0,0.0,-3.0199784480583416e-08,23.951500996011617,-0.18911060690879822,-0.09016939997673035,4.249049186706543,0.06449341028928757,0.03971210867166519,1.0859787464141846,,,,False,,,,True,OFFBOARD
17.152,TAKEOFF,False,-13.16452475497634,-6.061487306631727,4.501557279865734,0.06273054688403852,0.03466911796648832,1.1262697263606856,-0.001183575221944233,0.0001484657339500809,-0.004844005431864831,10.000000004412279,7.975472637938368e-08,0.04999999651757947,0.0,0.0,0.0,0.0,-3.0199784480583416e-08,23.944453150231904,-0.18044094741344452,-0.08793450891971588,4.365689754486084,0.06348436325788498,0.038365598767995834,1.0888686180114746,,,,False,,,,True,OFFBOARD
17.252,TAKEOFF,False,-13.158363779841942,-6.058025123998433,4.614404940503188,0.06059603730162163,0.03454915425147409,1.130521117117166,-0.0010123292321309477,0.00018079127622480597,-0.004887554905177454,10.000000004412279,7.975472637938368e-08,0.04999999651757947,0.0,0.0,0.0,0.0,-3.0199784480583416e-08,23.93761647560521,-0.17202816903591156,-0.08513197302818298,4.482748985290527,0.06271747499704361,0.03784695640206337,1.0928215980529785,,,,False,,,,True,OFFBOARD
17.352,TAKEOFF,False,-13.152409164401433,-6.054586675158725,4.727626349524156,0.05861356002740869,0.034201068431789446,1.133559945173746,-0.0008016246162339095,0.00030757738628248507,-0.0049261101313011505,10.000000004412279,7.975472637938368e-08,0.04999999651757947,0.0,0.0,0.0,0.0,-3.0199784480583416e-08,23.93098558549026,-0.16434234380722046,-0.08213547617197037,4.592314720153809,0.06174223870038986,0.038366496562957764,1.0972295999526978,,,,False,,,,True,OFFBOARD
17.452,TAKEOFF,False,-13.146644277494133,-6.051194877069594,4.841113242571113,0.05676097944619171,0.033600256848881155,1.1361407379045927,-0.00041594423269592217,0.00030635056008621633,-0.00499519886946581,10.000000004412279,7.975472637938368e-08,0.04999999651757947,0.0,0.0,0.0,0.0,-3.0199784480583416e-08,23.92455019260774,-0.1571563333272934,-0.07899969816207886,4.7015886306762695,0.06038280203938484,0.038427673280239105,1.0995756387710571,,,,False,,,,True,OFFBOARD
17.552,TAKEOFF,False,-13.141057795553325,-6.0478848778233925,4.954874738772636,0.055073756803133596,0.03258732670950488,1.1390311217038533,-0.00011482775127413865,0.0004706498070370749,-0.005075065608080804,10.000000004412279,7.975472637938368e-08,0.04999999651757947,0.0,0.0,0.0,0.0,-3.0199784480583416e-08,23.918308229501694,-0.14991357922554016,-0.07558155804872513,4.819485664367676,0.058551911264657974,0.036902349442243576,1.102494716644287,,,,False,,,,True,OFFBOARD
17.652,TAKEOFF,False,-13.135629103767446,-6.044679321023293,5.068942982588846,0.053588509420192734,0.03162770399378324,1.1421819918102916,-0.0004700399314377235,0.0005957512614606504,-0.005164892270594317,10.000000004412279,7.975472637938368e-08,0.04999999651757947,0.0,0.0,0.0,0.0,-3.0199784480583416e-08,23.912245467321615,-0.14515487849712372,-0.07161526381969452,4.929311275482178,0.05630575865507126,0.036183327436447144,1.1057511568069458,,,,False,,,,True,OFFBOARD
17.752,TAKEOFF,False,-13.130333948415563,-6.04154674204261,5.183248054117404,0.05248412594427417,0.03107420652086049,1.1435770961886735,-0.0006081876912477627,0.0012988923391605506,-0.0052784709632288235,10.000000004412279,7.975472637938368e-08,0.04999999651757947,0.0,0.0,0.0,0.0,-3.0199784480583416e-08,23.90633047477822,-0.14331963658332825,-0.06576535105705261,5.049043655395508,0.05032501742243767,0.037765711545944214,1.1107007265090942,,,,False,,,,True,OFFBOARD
17.804,TAKEOFF,False,-13.12761102987537,-6.039939204654634,5.242726728544652,0.05231429582648854,0.030767208713182094,1.1440689662514352,-0.00046360365632733963,0.0019362525728286038,-0.00534148892533324,10.000000004412279,7.975472637938368e-08,0.04999999651757947,0.0,0.0,0.0,0.0,-3.0199784480583416e-08,23.903289704822118,-0.14203213155269623,-0.06235621124505997,5.122082233428955,0.0478123277425766,0.038366105407476425,1.1114351749420166,,,,False,,,,True,OFFBOARD
17.9,TAKEOFF,False,-13.122359391078968,-6.036904198407357,5.357241249316231,0.05285654421479089,0.02992034917399958,1.1464497708402464,-0.0001576203336274265,0.0028923685331646775,-0.005435033820343792,10.000000004412279,7.975472637938368e-08,0.04999999651757947,0.0,0.0,0.0,0.0,-3.0199784480583416e-08,23.897441647129384,-0.13963915407657623,-0.057153984904289246,5.240288734436035,0.04481856897473335,0.03853067755699158,1.113179087638855,,,,False,,,,True,OFFBOARD
17.951999999999998,TAKEOFF,False,-13.119808593884288,-6.03548056923577,5.412310020453331,0.05340336708101723,0.029428788228812498,1.1479694795950788,-2.0291485459288196e-05,0.003173738060283472,-0.005468640972045876,10.000000004412279,7.975472637938368e-08,0.04999999651757947,0.0,0.0,0.0,0.0,-3.0199784480583416e-08,23.89461395976521,-0.13881883025169373,-0.05561188980937004,5.276539325714111,0.04479211941361427,0.038940321654081345,1.1144678592681885,,,,False,,,,True,OFFBOARD
18.052,TAKEOFF,False,-13.114399416707403,-6.03259754532714,5.527293761194522,0.05471912010368401,0.02826060995834254,1.151663931596893,0.00013316070598349555,0.0031553410139335066,-0.005494377740253467,10.000000004412279,7.975472637938368e-08,0.04999999651757947,0.0,0.0,0.0,0.0,-3.0199784480583416e-08,23.88865200686722,-0.1349334418773651,-0.051662854850292206,5.386245250701904,0.046005748212337494,0.03853582218289375,1.1170543432235718,,,,False,,,,True,OFFBOARD
18.152,TAKEOFF,False,-13.108654625509521,-6.029726807412629,5.647197588211408,0.05555424860770151,0.02699891246296009,1.153724988764204,0.00016142670075291218,0.0022098434205725203,-0.005527883359814478,10.000000004412279,7.975472637938368e-08,0.04999999651757947,0.0,0.0,0.0,0.0,-3.0199784480583416e-08,23.882368499351887,-0.12723641097545624,-0.049069855362176895,5.507964134216309,0.04940592497587204,0.037427809089422226,1.1211140155792236,,,,False,,,,True,OFFBOARD
18.252,TAKEOFF,False,-13.103333296105955,-6.027190417570434,5.75800856215031,0.05510764524625449,0.025908005124592678,1.1550177755871849,7.247588650825462e-05,0.0008742048585006766,-0.005580853206133164,10.000000004412279,7.975472637938368e-08,0.04999999651757947,0.0,0.0,0.0,0.0,-3.0199784480583416e-08,23.87657921239727,-0.11983136832714081,-0.0463300421833992,5.628835678100586,0.05285947769880295,0.03630572557449341,1.121556282043457,,,,False,,,,True,OFFBOARD
18.352,TAKEOFF,False,-13.097902395506338,-6.024651946690139,5.873626625472463,0.05341581324535839,0.024904028264208122,1.1572600919477962,0.00010383089108242271,-0.00011699532000842746,-0.005628202764181219,10.000000004412279,7.975472637938368e-08,0.04999999651757947,0.0,0.0,0.0,0.0,-3.0199784480583416e-08,23.870683427918703,-0.11322241276502609,-0.04364725202322006,5.740134239196777,0.05346972867846489,0.03660524636507034,1.123423457145691,,,,False,,,,True,OFFBOARD
18.452,TAKEOFF,False,-13.09267620613898,-6.022218415781461,5.9894803830037215,0.05117488071094423,0.02377177858204817,1.1597027140098435,0.0003906292234659904,-0.00031263565757260733,-0.0056505929530425575,10.000000004412279,7.975472637938368e-08,0.04999999651757947,0.0,0.0,0.0,0.0,-3.0199784480583416e-08,23.86501226007098,-0.107665054500103,-0.03997592255473137,5.860800266265869,0.052530888468027115,0.03792055323719978,1.12625253200531,,,,False,,,,True,OFFBOARD
18.552,TAKEOFF,False,-13.087668030206736,-6.0199141161427905,6.10552002756482,0.04915737843244866,0.022318301198039115,1.1610223034835971,0.0007215495446198593,0.00013445813696451984,-0.005717939737924303,10.000000004412279,7.975472637938368e-08,0.04999999651757947,0.0,0.0,0.0,0.0,-3.0199784480583416e-08,23.859584703065078,-0.10437111556529999,-0.035930100828409195,5.973050594329834,0.049023859202861786,0.03728180378675461,1.1279430389404297,,,,False,,,,True,OFFBOARD
18.652,TAKEOFF,False,-13.082826188749033,-6.01776496129624,6.221711406470396,0.04788880580746654,0.020720943405232423,1.1628332062083595,0.0008321009477414659,0.0009842747606339075,-0.0057686140692799585,10.000000004412279,7.975472637938368e-08,0.04999999651757947,0.0,0.0,0.0,0.0,-3.0199784480583416e-08,23.854357278136607,-0.10105181485414505,-0.03202635794878006,6.084540843963623,0.04619423672556877,0.03752300515770912,1.1290949583053589,,,,False,,,,True,OFFBOARD
18.752,TAKEOFF,False,-13.078064250763342,-6.015778440272075,6.3381132162034755,0.047481710637680724,0.019063619541192588,1.1653975781954693,0.0009658986072026862,0.0016071304080259796,-0.005771991747173012,10.000000004412279,7.975472637938368e-08,0.04999999651757947,0.0,0.0,0.0,0.0,-3.0199784480583416e-08,23.849248226475197,-0.09729429334402084,-0.027863308787345886,6.204049110412598,0.04565081745386124,0.037987157702445984,1.1299546957015991,,,,False,,,,True,OFFBOARD
18.852,TAKEOFF,False,-13.073319982500161,-6.013963902425174,6.45484094405404,0.04740872349528244,0.01726362227343411,1.16900558870807,0.00122238927642565,0.0016204994689909367,-0.005745809628995996,10.000000004412279,7.975472637938368e-08,0.04999999651757947,0.0,0.0,0.0,0.0,-3.0199784480583416e-08,23.844199671983336,-0.09357747435569763,-0.02553684450685978,6.314337253570557,0.045605871826410294,0.03713535889983177,1.133009433746338,,,,False,,,,True,OFFBOARD
18.951999999999998,TAKEOFF,False,-13.068588788618941,-6.012335024834285,6.571937596983749,0.04718091632455155,0.015442351364464545,1.172647069318519,0.0009601926518287204,0.0013613822253101284,-0.005727826859713263,10.000000004412279,7.975472637938368e-08,0.04999999651757947,0.0,0.0,0.0,0.0,-3.0199784480583416e-08,23.83921060588708,-0.08938238769769669,-0.025712639093399048,6.435039043426514,0.04526123031973839,0.03400314226746559,1.1367219686508179,,,,False,,,,True,OFFBOARD
19.052,TAKEOFF,False,-13.06389459673566,-6.010861877025632,6.689349490997343,0.04667991041083034,0.0141795816606746,1.1754235190568187,0.0004087629577983856,0.001133161995359302,-0.0057522304486444485,10.000000004412279,7.975472637938368e-08,0.04999999651757947,0.0,0.0,0.0,0.0,-3.0199784480583416e-08,23.834296625584116,-0.08513146638870239,-0.025166289880871773,6.556109428405762,0.04275615140795708,0.032714616507291794,1.138932704925537,,,,False,,,,True,OFFBOARD
19.152,TAKEOFF,False,-13.059252587999291,-6.009487846841976,6.8070350589131525,0.04623919928529775,0.013380820050071617,1.1781918954810442,0.00014675601250421585,0.001450101838021344,-0.005854482851691705,10.000000004412279,7.975472637938368e-08,0.04999999651757947,0.0,0.0,0.0,0.0,-3.0199784480583416e-08,23.82945814030506,-0.08136216551065445,-0.024088900536298752,6.667715072631836,0.04062553867697716,0.03182246908545494,1.1412347555160522,,,,False,,,,True,OFFBOARD
19.252,TAKEOFF,False,-13.054634801990355,-6.00818247968361,6.925002800923288,0.046167927583319356,0.012750958303494913,1.181072313216282,0.0001427693612367325,0.0017038231097598671,-0.005950806167326098,10.000000004412279,7.975472637938368e-08,0.04999999651757947,0.0,0.0,0.0,0.0,-3.0199784480583416e-08,23.82466041151753,-0.07652726769447327,-0.022889869287610054,6.779233932495117,0.0416131392121315,0.030682887881994247,1.1434787511825562,,,,False,,,,True,OFFBOARD
19.352,TAKEOFF,False,-13.050019156771087,-6.006940953179129,7.043235574598361,0.046097659435188475,0.012089005471188614,1.18341171738366,0.00026548735786755196,0.0013949772993170732,-0.006048716404528564,10.000000004412279,7.975472637938368e-08,0.04999999651757947,0.0,0.0,0.0,0.0,-3.0199784480583416e-08,23.81988085411144,-0.0693628117442131,-0.02174415998160839,6.90097188949585,0.043681222945451736,0.0301059577614069,1.1457438468933105,,,,False,,,,True,OFFBOARD
19.452,TAKEOFF,False,-13.045434549558893,-6.005770799026669,7.161690093551231,0.04552143157206272,0.01134917337590209,1.1855936671037648,0.00028291159806969983,0.0008148571625404482,-0.0061890170805894975,10.000000004412279,7.975472637938368e-08,0.04999999651757947,0.0,0.0,0.0,0.0,-3.0199784480583416e-08,23.815149330411238,-0.063256174325943,-0.020274974405765533,7.013113975524902,0.044841133058071136,0.0294586643576622,1.147608757019043,,,,False,,,,True,OFFBOARD
19.552,TAKEOFF,False,-13.04093684114163,-6.004672465440148,7.280359590104551,0.044375134241103155,0.010642064976438237,1.1876858248593307,0.00035352912326620594,0.00017975499388198045,-0.006355276435789945,10.000000004412279,7.975472637938368e-08,0.04999999651757947,0.0,0.0,0.0,0.0,-3.0199784480583416e-08,23.81052000893346,-0.05695790797472,-0.018221339210867882,7.134345054626465,0.04648208990693092,0.031020350754261017,1.1493579149246216,,,,False,,,,True,OFFBOARD
19.652,TAKEOFF,False,-13.036584431209189,-6.003651211100625,7.399241550776814,0.04268607314080304,0.009787537254750471,1.1898703087079232,0.0005333156374450945,-0.00018627586772919887,-0.006474804191399,10.000000004412279,7.975472637938368e-08,0.04999999651757947,0.0,0.0,0.0,0.0,-3.0199784480583416e-08,23.80605072836959,-0.0515933595597744,-0.016297943890094757,7.2464985847473145,0.04553362727165222,0.030124686658382416,1.1517151594161987,,,,False,,,,True,OFFBOARD
19.752,TAKEOFF,False,-13.032405486500569,-6.002720335759629,7.518317533026037,0.04101856638614192,0.00885197370768129,1.1914782721611747,0.0006519476409057555,6.862056989477942e-05,-0.006561514461620332,10.000000004412279,7.975472637938368e-08,0.04999999651757947,0.0,0.0,0.0,0.0,-3.0199784480583416e-08,23.801772099670753,-0.046391602605581284,-0.014516567811369896,7.368879318237305,0.044658634811639786,0.02982301637530327,1.15390145778656,,,,False,,,,True,OFFBOARD
19.852,TAKEOFF,False,-13.028373180082045,-6.001888857798443,7.6375435107724305,0.03975072998196247,0.007809768660570835,1.1930601684671234,0.0007244591054701966,0.0004355839073701851,-0.006608271636477421,10.000000004412279,7.975472637938368e-08,0.04999999651757947,0.0,0.0,0.0,0.0,-3.0199784480583416e-08,23.79766043843513,-0.04187509045004845,-0.012593920342624187,7.4821953773498535,0.042853884398937225,0.028989406302571297,1.1540313959121704,,,,False,,,,True,OFFBOARD
19.951999999999998,TAKEOFF,False,-13.024447095592164,-6.00116008047173,7.756939186366244,0.03885057557493168,0.0068243825026921175,1.1947440327560361,0.0006549266889335176,0.0006314974953731336,-0.0066475856266736905,10.000000004412279,7.975472637938368e-08,0.04999999651757947,0.0,0.0,0.0,0.0,-3.0199784480583416e-08,23.793677469647104,-0.03718384727835655,-0.010283982381224632,7.605058193206787,0.042714085429906845,0.028830787166953087,1.1552635431289673,,,,False,,,,True,OFFBOARD
20.052,TAKEOFF,False,-13.0206049654652,-6.000525690108363,7.876488323298422,0.03799772901333146,0.0059066147660297805,1.1960642393424759,0.0006711799205609214,0.0004617506456043047,-0.006655134617576532,10.000000004412279,7.975472637938368e-08,0.04999999651757947,0.0,0.0,0.0,0.0,-3.0199784480583416e-08,23.789799551361057,-0.03324322775006294,-0.009120449423789978,7.719053745269775,0.041764695197343826,0.027824461460113525,1.157015323638916,,,,False,,,,True,OFFBOARD
20.152,TAKEOFF,False,-13.01685442096378,-5.999979474353945,7.99608991815972,0.03705433582608535,0.005093727592113501,1.1956393119915973,0.00045875877117678007,0.0004256262137668856,-0.006629964000293065,10.000000004412279,7.975472637938368e-08,0.04999999651757947,0.0,0.0,0.0,0.0,-3.0199784480583416e-08,23.786032504154104,-0.029638145118951797,-0.009676200337707996,7.844302654266357,0.04167858883738518,0.02658822387456894,1.1586629152297974,,,,False,,,,True,OFFBOARD
20.252,TAKEOFF,False,-13.01319854391134,-5.99949864037113,8.11560061843881,0.03611169023076479,0.004615059423835447,1.1946272989135585,6.777542747187331e-05,0.0004647537347809965,-0.006622067259635819,10.000000004412279,7.975472637938368e-08,0.04999999651757947,0.0,0.0,0.0,0.0,-3.0199784480583416e-08,23.782373563573422,-0.026211140677332878,-0.009467225521802902,7.9592719078063965,0.040705934166908264,0.025471413508057594,1.157161831855774,,,,False,,,,True,OFFBOARD
20.352,TAKEOFF,False,-13.009628774920149,-5.999045183664863,8.235048263696084,0.035352157143030104,0.004500226262193149,1.1946092035070985,-0.00015677245247439498,0.0006308608093360401,-0.006622253670569568,10.000000004412279,7.975472637938368e-08,0.04999999651757947,0.0,0.0,0.0,0.0,-3.0199784480583416e-08,23.77880486137266,-0.02247321791946888,-0.008635802194476128,8.082425117492676,0.03914174437522888,0.024468204006552696,1.1560696363449097,,,,False,,,,True,OFFBOARD
20.452,TAKEOFF,False,-13.00612560652376,-5.998593771470604,8.354555685706824,0.0347660181529161,0.004546853534312097,1.1955998073308947,-0.0002602958753949547,0.0008048530968248379,-0.006635898267472035,10.000000004412279,7.975472637938368e-08,0.04999999651757947,0.0,0.0,0.0,0.0,-3.0199784480583416e-08,23.775301129914748,-0.019577501341700554,-0.008643009699881077,8.195333480834961,0.037284839898347855,0.024085959419608116,1.1561118364334106,,,,False,,,,True,OFFBOARD
20.552,TAKEOFF,False,-13.00252763839274,-5.998114296792176,8.479035442391869,0.03451941210704035,0.0047029683451150555,1.1983524797694436,-0.00048379521904579,0.0012518399907449143,-0.006668246262317571,10.000000004412279,7.975472637938368e-08,0.04999999651757947,0.0,0.0,0.0,0.0,-3.0199784480583416e-08,23.771698593751093,-0.017463333904743195,-0.010294399224221706,8.316593170166016,0.03542540967464447,0.022047774866223335,1.1573657989501953,,,,False,,,,True,OFFBOARD
20.652,TAKEOFF,False,-12.99920959702462,-5.9976444568772855,8.594213039511807,0.03463620592145908,0.005099091229592193,1.200987546773207,-0.000705792612640552,0.0014721279431409821,-0.006709397695257679,10.000000004412279,7.975472637938368e-08,0.04999999651757947,0.0,0.0,0.0,0.0,-3.0199784480583416e-08,23.768369365158794,-0.015274380333721638,-0.010967847891151905,8.429222106933594,0.03426571190357208,0.021279778331518173,1.1594843864440918,,,,False,,,,True,OFFBOARD
20.752,TAKEOFF,False,-12.995591735625004,-5.997081187800184,8.719252979118188,0.03495529995137464,0.005727587817513176,1.2035059260273897,-0.0008256103775975504,0.0016240545066983593,-0.006709392371942198,10.000000004412279,7.975472637938368e-08,0.04999999651757947,0.0,0.0,0.0,0.0,-3.0199784480583416e-08,23.764726449175235,-0.012715155258774757,-0.01087606605142355,8.551825523376465,0.032819099724292755,0.021353088319301605,1.161121129989624,,,,False,,,,True,OFFBOARD
20.852,TAKEOFF,False,-12.992217575341034,-5.99650330601079,8.834905546998074,0.03533143819671715,0.006263133526072449,1.2057050594328234,-0.0006931004961754792,0.001670393387303831,-0.006725033754371479,10.000000004412279,7.975472637938368e-08,0.04999999651757947,0.0,0.0,0.0,0.0,-3.0199784480583416e-08,23.761315664125473,-0.009677985683083534,-0.010820675641298294,8.665899276733398,0.03170023113489151,0.021488094702363014,1.1621768474578857,,,,False,,,,True,OFFBOARD
20.951999999999998,TAKEOFF,False,-12.9886642645014,-5.995854627881013,8.955540720875007,0.03571265854714736,0.0066896824712805135,1.2067564622720999,-0.0007028747166047953,0.0016329488289247274,-0.006763359977733866,10.000000004412279,7.975472637938368e-08,0.04999999651757947,0.0,0.0,0.0,0.0,-3.0199784480583416e-08,23.75771366406932,-0.005321561358869076,-0.011403488926589489,8.789999961853027,0.03167261555790901,0.01977834664285183,1.1641789674758911,,,,False,,,,True,OFFBOARD
21.052,TAKEOFF,False,-12.98507685212029,-5.995157420195316,9.076267091939723,0.03600925693955336,0.007280266004980258,1.207873200174428,-0.001002128518739061,0.0015347444063130904,-0.0068280635300396065,10.000000004412279,7.975472637938368e-08,0.04999999651757947,0.0,0.0,0.0,0.0,-3.0199784480583416e-08,23.75406642135018,-0.0015495900297537446,-0.01137376669794321,8.903998374938965,0.031599268317222595,0.018269168213009834,1.162937045097351,,,,False,,,,True,OFFBOARD
21.152,TAKEOFF,False,-12.981320465413104,-5.994354963746152,9.201973991962051,0.03621885495617108,0.008136013725457497,1.209624906499993,-0.0011202729650906993,0.0015496412722810634,-0.0068817647668389095,10.000000004412279,7.975472637938368e-08,0.04999999651757947,0.0,0.0,0.0,0.0,-3.0199784480583416e-08,23.750229113091933,0.00231764349155128,-0.010829063132405281,9.027008056640625,0.03126649186015129,0.017945727333426476,1.163583517074585,,,,False,,,,True,OFFBOARD
21.252,TAKEOFF,False,-12.977829310066673,-5.993534358208145,9.31818130632251,0.036512594014017616,0.00891728939823726,1.211116123628642,-0.0011003747570154582,0.0016446780062137083,-0.006883769230458517,10.000000004412279,7.975472637938368e-08,0.04999999651757947,0.0,0.0,0.0,0.0,-3.0199784480583416e-08,23.746643869489755,0.005824968684464693,-0.010480744764208794,9.142138481140137,0.029344327747821808,0.018237179145216942,1.1656333208084106,,,,False,,,,True,OFFBOARD
21.352,TAKEOFF,False,-12.974158936757187,-5.992603464618951,9.439253115088018,0.036888868630533596,0.009643724732085341,1.209983780443065,-0.0009896544088519494,0.0017139508432107067,-0.00688764765111244,10.000000004412279,7.975472637938368e-08,0.04999999651757947,0.0,0.0,0.0,0.0,-3.0199784480583416e-08,23.742857374253774,0.009658086113631725,-0.010682121850550175,9.269693374633789,0.028967615216970444,0.01737033948302269,1.1665711402893066,,,,False,,,,True,OFFBOARD
21.452,TAKEOFF,False,-12.970447350781079,-5.99160493673656,9.560107603216121,0.03735665020835381,0.010316970287365846,1.2071540352246426,-0.0011096285530684744,0.0018939700873981374,-0.006914924460954405,10.000000004412279,7.975472637938368e-08,0.04999999651757947,0.0,0.0,0.0,0.0,-3.0199784480583416e-08,23.739013930055165,0.012939928099513054,-0.010392268188297749,9.386384010314941,0.028371836990118027,0.016551533713936806,1.1653908491134644,,,,False,,,,True,OFFBOARD
21.552,TAKEOFF,False,-12.966683027988198,-5.990532400408047,9.680720858172185,0.03790535249466949,0.011126531908067248,1.2054504697838,-0.001300790604096547,0.001897092930757021,-0.006967061344303145,10.000000004412279,7.975472637938368e-08,0.04999999651757947,0.0,0.0,0.0,0.0,-3.0199784480583416e-08,23.73510077725892,0.016262266784906387,-0.009670516476035118,9.511396408081055,0.027938179671764374,0.016041994094848633,1.1625092029571533,,,,False,,,,True,OFFBOARD
21.652,TAKEOFF,False,-12.962867594462919,-5.98937225485396,9.801244912968977,0.03834967760457258,0.012021574620822704,1.2052371757695843,-0.0012029240784366818,0.0017122334860217234,-0.007044816205593811,10.000000004412279,7.975472637938368e-08,0.04999999651757947,0.0,0.0,0.0,0.0,-3.0199784480583416e-08,23.731116057321206,0.02031996101140976,-0.009154940024018288,9.625910758972168,0.02817685529589653,0.01713457703590393,1.1612831354141235,,,,False,,,,True,OFFBOARD
21.752,TAKEOFF,False,-12.95902047892049,-5.988135930807802,9.92176739906772,0.03853177921040946,0.01262823445999543,1.2051956163018767,-0.0009039550338217634,0.0014071282256804926,-0.00714191067398757,10.000000004412279,7.975472637938368e-08,0.04999999651757947,0.0,0.0,0.0,0.0,-3.0199784480583416e-08,23.727081456325163,0.026411021128296852,-0.009124452248215675,9.75042724609375,0.029272442683577538,0.017342781648039818,1.1618317365646362,,,,False,,,,True,OFFBOARD
21.852,TAKEOFF,False,-12.955173374267725,-5.986855638715421,10.042286716434134,0.03834948934934092,0.012922291898737974,1.2053475805674476,-0.0006982653815529148,0.0010314138192093415,-0.00724068429224092,10.000000004412279,7.975472637938368e-08,0.04999999651757947,0.0,0.0,0.0,0.0,-3.0199784480583416e-08,23.723035771988325,0.03133103996515274,-0.008562270551919937,9.86484146118164,0.02939579077064991,0.017198709771037102,1.1611394882202148,,,,False,,,,True,OFFBOARD
21.951999999999998,TAKEOFF,False,-12.95136028971012,-5.985549108299557,10.16285698816457,0.037909905778814826,0.013237303359695096,1.206222261626803,-0.0009288276097830976,0.0009053758127780431,-0.007319636214370329,10.000000004412279,7.975472637938368e-08,0.04999999651757947,0.0,0.0,0.0,0.0,-3.0199784480583416e-08,23.719016388401005,0.03603680804371834,-0.007618774194270372,9.988122940063477,0.02839912846684456,0.01642957143485546,1.1610428094863892,,,,False,,,,True,OFFBOARD
22.052,TAKEOFF,False,-12.9475912102477,-5.984199382889274,10.283560855762182,0.03754794963782224,0.013754938335268222,1.207737122353095,-0.0010683352280756976,0.00123144652755674,-0.007385867437585321,10.000000004412279,7.975472637938368e-08,0.04999999651757947,0.0,0.0,0.0,0.0,-3.0199784480583416e-08,23.715028689922526,0.04070582613348961,-0.006518184673041105,10.102348327636719,0.026754597201943398,0.016455642879009247,1.1620445251464844,,,,False,,,,True,OFFBOARD
22.152,TAKEOFF,False,-12.943836782028313,-5.982792777005057,10.404392030147045,0.037583066706322804,0.01435879590951131,1.208900724296438,-0.0011208823869273317,0.0014876298545537796,-0.00742058804442614,10.000000004412279,7.975472637938368e-08,0.04999999651757947,0.0,0.0,0.0,0.0,-3.0199784480583416e-08,23.711040821729448,0.046828750520944595,-0.005230294540524483,10.226051330566406,0.026354273781180382,0.01636631414294243,1.1624311208724976,,,,False,,,,True,OFFBOARD
22.252,TAKEOFF,False,-12.940069981644966,-5.981326621603404,10.525363248246535,0.03775389935424975,0.014915666139309417,1.210511207466257,-0.0009725933239217435,0.001537583805098284,-0.007477541362944639,10.000000004412279,7.975472637938368e-08,0.04999999651757947,0.0,0.0,0.0,0.0,-3.0199784480583416e-08,23.70702596433353,0.05157291516661644,-0.0038140700198709965,10.34006404876709,0.025668710470199585,0.017079532146453857,1.1625676155090332,,,,False,,,,True,OFFBOARD
22.352,TAKEOFF,False,-12.93628607253025,-5.979817466729913,10.646512283513923,0.03789904457174299,0.015219922718314545,1.2123597327040205,-0.0007813124881553772,0.0014235372896167584,-0.007539844571391979,10.000000004412279,7.975472637938368e-08,0.04999999651757947,0.0,0.0,0.0,0.0,-3.0199784480583416e-08,23.70298371287027,0.05605045333504677,-0.0020743904169648886,10.463693618774414,0.02593042142689228,0.01741604320704937,1.1637264490127563,,,,False,,,,True,OFFBOARD
22.452,TAKEOFF,False,-12.932495119581837,-5.978284730935191,10.767835648343008,0.0379162184611378,0.0154278121798685,1.2140514794219908,-0.0008015279438746201,0.0014240557130792801,-0.007628356320836851,10.000000004412279,7.975472637938368e-08,0.04999999651757947,0.0,0.0,0.0,0.0,-3.0199784480583416e-08,23.698928707638654,0.06012255325913429,-0.0009251118171960115,10.57820987701416,0.02427375689148903,0.01723405532538891,1.164214849472046,,,,False,,,,True,OFFBOARD
22.552,TAKEOFF,False,-12.928697354963074,-5.976727254555682,10.889308940784778,0.03806217198730771,0.01573943044894897,1.2153008628328947,-0.0009831124892993295,0.0015936019180717625,-0.007686693132869927,10.000000004412279,7.975472637938368e-08,0.04999999651757947,0.0,0.0,0.0,0.0,-3.0199784480583416e-08,23.694860882193833,0.06486257910728455,-0.0005662678740918636,10.70317268371582,0.024043815210461617,0.01585526019334793,1.1642433404922485,,,,False,,,,True,OFFBOARD
22.652,TAKEOFF,False,-12.924877997732413,-5.975129089174646,11.010882873366006,0.03833123999379569,0.016228643831217467,1.2159797370024765,-0.0011246733310088714,0.0016986579769044882,-0.007753114576128083,10.000000004412279,7.975472637938368e-08,0.04999999651757947,0.0,0.0,0.0,0.0,-3.0199784480583416e-08,23.690761912581205,0.06863855570554733,0.00010693712829379365,10.818471908569336,0.0240849070250988,0.01584901474416256,1.1653372049331665,,,,False,,,,True,OFFBOARD
22.752,TAKEOFF,False,-12.921027332876367,-5.973478040993026,11.13250352753695,0.03866569604988619,0.016771362134273545,1.2165567053390585,-0.001130835652355207,0.001693499366053373,-0.007837127457350915,10.000000004412279,7.975472637938368e-08,0.04999999651757947,0.0,0.0,0.0,0.0,-3.0199784480583416e-08,23.68661932517567,0.07228433340787888,0.001162414439022541,10.943191528320312,0.024319365620613098,0.016485022380948067,1.1635850667953491,,,,False,,,,True,OFFBOARD
22.852,TAKEOFF,False,-12.917147049998237,-5.971779093334375,11.254231838864603,0.03890158605139028,0.01713419880315362,1.218073481292789,-0.0008111670091265474,0.0015434086519079352,-0.007888451811229345,10.000000004412279,7.975472637938368e-08,0.04999999651757947,0.0,0.0,0.0,0.0,-3.0199784480583416e-08,23.682436015022127,0.07592596113681793,0.0028269479516893625,11.058095932006836,0.024618826806545258,0.017816530540585518,1.163360834121704,,,,False,,,,True,OFFBOARD
22.951999999999998,TAKEOFF,False,-12.913252245151149,-5.97006355950983,11.376085252172764,0.03896174247890395,0.01710545757640877,1.2188482415966355,-0.0004037927002038998,0.001347480737938578,-0.007937750918416838,10.000000004412279,7.975472637938368e-08,0.04999999651757947,0.0,0.0,0.0,0.0,-3.0199784480583416e-08,23.678234488850563,0.08067863434553146,0.005454986821860075,11.183820724487305,0.02577209286391735,0.018149560317397118,1.1636805534362793,,,,False,,,,True,OFFBOARD
23.052,TAKEOFF,False,-12.909364639754621,-5.968370348813945,11.497985448905451,0.038749742239977486,0.016724616505910988,1.2191378972744717,-0.00010692840778633696,0.001068965183884868,-0.008034578388157618,10.000000004412279,7.975472637938368e-08,0.04999999651757947,0.0,0.0,0.0,0.0,-3.0199784480583416e-08,23.67404557679184,0.08459661155939102,0.007807282730937004,11.299692153930664,0.026114197447896004,0.018761904910206795,1.162606954574585,,,,False,,,,True,OFFBOARD
23.152,TAKEOFF,False,-12.905509277217666,-5.966727404372244,11.619925246645964,0.03837014667598732,0.016142835546913797,1.2196789605000529,-3.1040512617192413e-06,0.0010268449923422189,-0.008134500650263858,10.000000004412279,7.975472637938368e-08,0.04999999651757947,0.0,0.0,0.0,0.0,-3.0199784480583416e-08,23.669900555783325,0.08830869197845459,0.010281946510076523,11.425040245056152,0.025599485263228416,0.018576351925730705,1.1620700359344482,,,,False,,,,True,OFFBOARD
23.252,TAKEOFF,False,-12.90169020956963,-5.965144695072074,11.741895797425347,0.03803681453911491,0.015545032726247403,1.2193349250114125,-6.317120850122053e-05,0.001070280038522315,-0.008210306384020512,10.000000004412279,7.975472637938368e-08,0.04999999651757947,0.0,0.0,0.0,0.0,-3.0199784480583416e-08,23.665805856590605,0.0917600467801094,0.012602048926055431,11.543221473693848,0.026251714676618576,0.018309643492102623,1.1629866361618042,,,,False,,,,True,OFFBOARD
23.352,TAKEOFF,False,-12.897903825831815,-5.96361544191236,11.863632474950313,0.03769997987652656,0.015066606567560094,1.2149348240738955,-0.00011272421344307674,0.001009386831482393,-0.00829137131773529,10.000000004412279,7.975472637938368e-08,0.04999999651757947,0.0,0.0,0.0,0.0,-3.0199784480583416e-08,23.661756272715174,0.09568886458873749,0.015195953659713268,11.67513656616211,0.02540362998843193,0.017852092161774635,1.1619746685028076,,,,False,,,,True,OFFBOARD
23.452,TAKEOFF,False,-12.894152999343135,-5.9621299428667,11.984820927142716,0.03734938585095383,0.014693852667337874,1.2092319479920657,-0.00030841403337008937,0.001094222515533794,-0.008362371082729449,10.000000004412279,7.975472637938368e-08,0.04999999651757947,0.0,0.0,0.0,0.0,-3.0199784480583416e-08,23.657752136794542,0.09886140376329422,0.017395857721567154,11.794706344604492,0.02429840713739395,0.017313499003648758,1.1563289165496826,,,,False,,,,True,OFFBOARD
23.552,TAKEOFF,False,-12.890426890651984,-5.960669195126124,12.105519469826273,0.03724393792509511,0.014561705534858464,1.2051511171263614,-0.0005193408100778556,0.0014540229284786405,-0.008395720820793873,10.000000004412279,7.975472637938368e-08,0.04999999651757947,0.0,0.0,0.0,0.0,-3.0199784480583416e-08,23.653778168461585,0.10279092192649841,0.020258702337741852,11.960515022277832,0.02367422543466091,0.01641738787293434,1.1507267951965332,,,,False,,,,True,OFFBOARD
23.652,TAKEOFF,False,-12.886693723833012,-5.959212563667381,12.225904109009956,0.037434532577629305,0.014579292482535542,1.2028925536918331,-0.0005736190804794591,0.0015915412678711722,-0.00844502910493196,10.000000004412279,7.975472637938368e-08,0.04999999651757947,0.0,0.0,0.0,0.0,-3.0199784480583416e-08,23.64979841647755,0.10555535554885864,0.021410983055830002,12.037981986999512,0.02419445477426052,0.016061704605817795,1.1495989561080933,,,,False,,,,True,OFFBOARD
23.752,TAKEOFF,False,-12.882940480902626,-5.957753696163635,12.346101157303274,0.037570869020287986,0.014587388928475806,1.201131261582465,-0.0004948612136200513,0.001282797291417044,-0.008481977060190172,10.000000004412279,7.975472637938368e-08,0.04999999651757947,0.0,0.0,0.0,0.0,-3.0199784480583416e-08,23.645798681984363,0.11104664951562881,0.023095382377505302,12.1641206741333,0.025332419201731682,0.016368942335247993,1.147900104522705,,,,False,,,,True,OFFBOARD
23.852,TAKEOFF,False,-12.879197373180325,-5.956299508696462,12.466170219577238,0.037199314422064755,0.014496819300659136,1.2005808308894776,-0.00048432821147437237,0.0006838043134049863,-0.00851281991142382,10.000000004412279,7.975472637938368e-08,0.04999999651757947,0.0,0.0,0.0,0.0,-3.0199784480583416e-08,23.641809944042443,0.11547870188951492,0.024622878059744835,12.278943061828613,0.02621331252157688,0.015238168649375439,1.1459499597549438,,,,False,,,,True,OFFBOARD
23.951999999999998,TAKEOFF,False,-12.875519248191914,-5.954849157907735,12.586268452575071,0.03633828224471461,0.014531966516046171,1.2014743786078785,-0.0006205227712670287,0.0003163770782988131,-0.008593771255531134,10.000000004412279,7.975472637938368e-08,0.04999999651757947,0.0,0.0,0.0,0.0,-3.0199784480583416e-08,23.63788506866793,0.11972899734973907,0.02625429630279541,12.402240753173828,0.026595400646328926,0.015031670220196247,1.1458940505981445,,,,False,,,,True,OFFBOARD
24.052,TAKEOFF,False,-12.871939255325678,-5.95339097523681,12.706509598632278,0.03531935102914723,0.014615027332944518,1.203180118467018,-0.0005534458674927655,0.00038290512339478095,-0.008681118300892503,10.000000004412279,7.975472637938368e-08,0.04999999651757947,0.0,0.0,0.0,0.0,-3.0199784480583416e-08,23.63405319776521,0.12330948561429977,0.02910536155104637,12.517369270324707,0.025554077699780464,0.015606454573571682,1.1477768421173096,,,,False,,,,True,OFFBOARD
24.152,TAKEOFF,False,-12.868448073353932,-5.951931771574175,12.826791023883112,0.03461947726033636,0.014518693971270818,1.2020257983516203,-0.00020921123460432476,0.0008829575376191766,-0.008753637738514595,10.000000004412279,7.975472637938368e-08,0.04999999651757947,0.0,0.0,0.0,0.0,-3.0199784480583416e-08,23.630307028228657,0.1268850713968277,0.03442908078432083,12.644484519958496,0.02474605292081833,0.018107816576957703,1.1497154235839844,,,,False,,,,True,OFFBOARD
24.252,TAKEOFF,False,-12.864857433277392,-5.950451312196694,12.95166453822927,0.03452421799964024,0.013877721883195086,1.199641819826505,0.00036811314512461186,0.001368246075164808,-0.008831451952190903,10.000000004412279,7.975472637938368e-08,0.04999999651757947,0.0,0.0,0.0,0.0,-3.0199784480583416e-08,23.626459265278186,0.12977810204029083,0.03870926424860954,12.760075569152832,0.023292191326618195,0.01975007727742195,1.1486375331878662,,,,False,,,,True,OFFBOARD
24.352,TAKEOFF,False,-12.861534628814137,-5.949169331451351,13.0667940681619,0.03472876092710763,0.012814263640329745,1.1991484674942547,0.000793096078826373,0.0015792796158106775,-0.008901782762188826,10.000000004412279,7.975472637938368e-08,0.04999999651757947,0.0,0.0,0.0,0.0,-3.0199784480583416e-08,23.62292070150177,0.13253465294837952,0.04280541092157364,12.883423805236816,0.02190164104104042,0.02050585113465786,1.1471006870269775,,,,False,,,,True,OFFBOARD
24.452,TAKEOFF,False,-12.85804211533133,-5.947959520009512,13.186770021265822,0.03514344269570655,0.011423503730749275,1.200433836658251,0.0009315667017667268,0.0017955109505780338,-0.008938933871858807,10.000000004412279,7.975472637938368e-08,0.04999999651757947,0.0,0.0,0.0,0.0,-3.0199784480583416e-08,23.61923607884896,0.1347891390323639,0.045637063682079315,12.997814178466797,0.02069435454905033,0.020531142130494118,1.1473687887191772,,,,False,,,,True,OFFBOARD
24.552,TAKEOFF,False,-12.854499280129831,-5.946887397567705,13.306819347397038,0.03569690673088755,0.01010966010227532,1.2002131686881108,0.0007665824560625346,0.0018649054362295538,-0.008989160904761814,10.000000004412279,7.975472637938368e-08,0.04999999651757947,0.0,0.0,0.0,0.0,-3.0199784480583416e-08,23.61553743227264,0.13703376054763794,0.04754072427749634,13.123666763305664,0.019668102264404297,0.01944032497704029,1.1488385200500488,,,,False,,,,True,OFFBOARD
24.652,TAKEOFF,False,-12.850898749677661,-5.945933242567852,13.426808666517413,0.03630442680795234,0.009061971267007342,1.199770739525692,0.0005369351944422231,0.001960293753162525,-0.009040407981035588,10.000000004412279,7.975472637938368e-08,0.04999999651757947,0.0,0.0,0.0,0.0,-3.0199784480583416e-08,23.611812656871034,0.13889288902282715,0.0493176095187664,13.238908767700195,0.018822206184267998,0.0192747563123703,1.1479880809783936,,,,False,,,,True,OFFBOARD
24.752,TAKEOFF,False,-12.847233397128647,-5.945071881820001,13.546806034626693,0.03699910258829556,0.00821272114998969,1.200402142047973,0.0004936093930895419,0.002123324779275038,-0.00906753174676617,10.000000004412279,7.975472637938368e-08,0.04999999651757947,0.0,0.0,0.0,0.0,-3.0199784480583416e-08,23.608048515978385,0.14075690507888794,0.05126968398690224,13.36263370513916,0.018094630911946297,0.01971193216741085,1.1469823122024536,,,,False,,,,True,OFFBOARD
24.852,TAKEOFF,False,-12.843338360679596,-5.94426576142552,13.671752181743535,0.03788728008491578,0.007316754399907142,1.2023800122415724,0.0005555299686684532,0.002225782086987965,-0.009101512410844016,10.000000004412279,7.975472637938368e-08,0.04999999651757947,0.0,0.0,0.0,0.0,-3.0199784480583416e-08,23.60407600506109,0.14287033677101135,0.05272490158677101,13.476738929748535,0.01794101670384407,0.018071144819259644,1.148415446281433,,,,False,,,,True,OFFBOARD
24.951999999999998,TAKEOFF,False,-12.839663031347065,-5.9436017496166365,13.787233011147217,0.03860228292722319,0.006596372209293124,1.203285024763126,0.0002886496608425235,0.0019780311323080255,-0.009123540430092237,10.000000004412279,7.975472637938368e-08,0.04999999651757947,0.0,0.0,0.0,0.0,-3.0199784480583416e-08,23.600351910366474,0.1463117003440857,0.05332580953836441,13.60169506072998,0.018452784046530724,0.017298012971878052,1.1493033170700073,,,,False,,,,True,OFFBOARD
25.052,TAKEOFF,False,-12.835776838168945,-5.942966552597381,13.907608142692625,0.039056625149445585,0.006157030853125449,1.2041287760310002,0.00011164290843222686,0.0017375396547944471,-0.009108285426139177,10.000000004412279,7.975472637938368e-08,0.04999999651757947,0.0,0.0,0.0,0.0,-3.0199784480583416e-08,23.596431009740005,0.14928482472896576,0.05421782284975052,13.726125717163086,0.017921756953001022,0.016884511336684227,1.1496164798736572,,,,False,,,,True,OFFBOARD
25.152,TAKEOFF,False,-12.831855017544882,-5.942368706472533,14.028069205219937,0.03937753007424284,0.0058155743072098335,1.2051546082013935,0.00010975006033832425,0.0017935677060274507,-0.009103014143238813,10.000000004412279,7.975472637938368e-08,0.04999999651757947,0.0,0.0,0.0,0.0,-3.0199784480583416e-08,23.592485043657405,0.1516331285238266,0.05525540933012962,13.840502738952637,0.017354175448417664,0.016704607754945755,1.1494140625,,,,False,,,,True,OFFBOARD
25.252,TAKEOFF,False,-12.827897152064928,-5.941804048178139,14.14867210794527,0.03977316572516338,0.0055104290029922166,1.2069321342653583,7.4705035559366475e-06,0.0018652636675537619,-0.009111768888166994,10.000000004412279,7.975472637938368e-08,0.04999999651757947,0.0,0.0,0.0,0.0,-3.0199784480583416e-08,23.588512561868335,0.15437202155590057,0.05618574097752571,13.954760551452637,0.01713164709508419,0.01566818356513977,1.1497100591659546,,,,False,,,,True,OFFBOARD
25.352,TAKEOFF,True,-12.824379648761735,-5.941326501517091,14.254940412895804,0.04014668309892189,0.00537581045955828,1.2080488864080285,-0.00015332817067937888,0.0018405279771766814,-0.009112917883576838,10.000000004412279,7.975472637938368e-08,0.04999999651757947,0.0,0.0,0.0,0.0,-3.0199784480583416e-08,23.584988193712352,0.1581762284040451,0.05690630152821541,14.079411506652832,0.01667696237564087,0.014932305552065372,1.1511073112487793,22.89832730210208,4.840499200268391,23.237840516611847,False,,,,True,OFFBOARD
25.452,TAKEOFF,True,-12.820346448775338,-5.940789271466001,14.375784869784052,0.04049586653403948,0.005397771281615344,1.208619611523885,-0.000323742968148864,0.001812060086250251,-0.009095919340797414,10.000000004412279,7.975472637938368e-08,0.04999999651757947,0.0,0.0,0.0,0.0,-3.0199784480583416e-08,23.58094973403511,0.1610737144947052,0.05773981660604477,14.194422721862793,0.016712099313735962,0.014358432032167912,1.1519999504089355,22.770725909900108,4.811727011457395,23.1040422144267,False,,,,True,OFFBOARD
25.552,TAKEOFF,True,-12.81611743068067,-5.940220208640182,14.501505915204271,0.040788674766760805,0.005544089882314391,1.2091358624436586,-0.0003502966821421216,0.0016877786295086163,-0.009042516701556806,10.000000004412279,7.975472637938368e-08,0.04999999651757947,0.0,0.0,0.0,0.0,-3.0199784480583416e-08,23.57671376351274,0.1637384295463562,0.058786988258361816,14.3184175491333,0.01582181826233864,0.01384311355650425,1.15255868434906,23.024010267186142,4.860971781273672,23.359216752216977,False,,,,True,OFFBOARD
25.652,TAKEOFF,True,-12.812191067240063,-5.93968069158457,14.617621016195523,0.04102571418151637,0.005703059912635566,1.2100050659619113,-0.0004328570678151328,0.001848685296634148,-0.008989170496535782,10.000000004412279,7.975472637938368e-08,0.04999999651757947,0.0,0.0,0.0,0.0,-3.0199784480583416e-08,23.572778138246512,0.16687162220478058,0.05914408341050148,14.433850288391113,0.015165151096880436,0.013111520558595657,1.1532588005065918,22.92497954213839,4.838049988426228,23.254449418215412,False,,,,True,OFFBOARD
25.752,TAKEOFF,True,-12.807900083570232,-5.939071757628826,14.74343363607102,0.041482189655710745,0.006035979862270107,1.2090414613425489,-0.0006617873929842396,0.0018850669841747715,-0.008976431509440249,10.000000004412279,7.975472637938368e-08,0.04999999651757947,0.0,0.0,0.0,0.0,-3.0199784480583416e-08,23.56847217604474,0.17178964614868164,0.058501746505498886,14.561502456665039,0.015389797277748585,0.01278181653469801,1.1531636714935303,22.8530682115187,4.820200838188623,23.17572384197847,False,,,,True,OFFBOARD
25.852,TAKEOFF,True,-12.803735496716895,-5.938442709607209,14.864248542566347,0.04176878215417159,0.006547384242515161,1.2073904195228973,-0.0008344198539145183,0.0017039996392470853,-0.009007810454846485,10.000000004412279,7.975472637938368e-08,0.04999999651757947,0.0,0.0,0.0,0.0,-3.0199784480583416e-08,23.56428347240764,0.17543505132198334,0.058310069143772125,14.677932739257812,0.01585826650261879,0.011204881593585014,1.1518741846084595,22.84358470497784,4.816649060508989,23.162184669786324,False,,,,True,OFFBOARD
25.951999999999998,TAKEOFF,True,-12.799720364439327,-5.9377837051561375,14.980090112891443,0.04184147321272431,0.007175293533868764,1.2061069474905923,-0.0009840651257964762,0.0015083333561607083,-0.008998187562360552,10.000000004412279,7.975472637938368e-08,0.04999999651757947,0.0,0.0,0.0,0.0,-3.0199784480583416e-08,23.5602318573943,0.17865416407585144,0.058422476053237915,14.80311393737793,0.014934896491467953,0.010548400692641735,1.1501693725585938,22.781614846733046,4.794067256090003,23.0937256220047,False,,,,True,OFFBOARD
26.052,TAKEOFF,True,-12.795369774368579,-5.936995062779369,15.105517110386327,0.041829096425361874,0.007963361907312406,1.2062636529184914,-0.001039923350059329,0.0015508838817793222,-0.009029915378547559,10.000000004412279,7.975472637938368e-08,0.04999999651757947,0.0,0.0,0.0,0.0,-3.0199784480583416e-08,23.555822946223493,0.18147112429141998,0.059802066534757614,14.918941497802734,0.013935876078903675,0.011080051772296429,1.1487371921539307,22.93374230503536,4.822465285752276,23.245403950497366,False,,,,True,OFFBOARD
26.152,TAKEOFF,True,-12.791347068279679,-5.93619557800485,15.221308130178203,0.04202626236559699,0.008649230038164157,1.2058600683180036,-0.0009832457250938354,0.0018988717066713695,-0.009109176778571045,10.000000004412279,7.975472637938368e-08,0.04999999651757947,0.0,0.0,0.0,0.0,-3.0199784480583416e-08,23.551728604820237,0.18462985754013062,0.0631854310631752,15.045604705810547,0.012790308333933353,0.010837428271770477,1.1487877368927002,22.74633179736669,4.781108949036535,23.049711424289452,False,,,,True,OFFBOARD
26.252,TAKEOFF,True,-12.787119036814765,-5.9352979886948765,15.341862872969763,0.04255815800692425,0.009254915118857964,1.2054606793051543,-0.0008783376395151641,0.0022138462393894707,-0.00919301971709859,10.000000004412279,7.975472637938368e-08,0.04999999651757947,0.0,0.0,0.0,0.0,-3.0199784480583416e-08,23.54741084196718,0.1868966668844223,0.06581653654575348,15.161086082458496,0.011717665940523148,0.011226233094930649,1.1468654870986938,22.823701415908065,4.80168817209785,23.126897963061243,False,,,,True,OFFBOARD
26.352,TAKEOFF,True,-12.782821246103516,-5.9343472236796195,15.462430289778291,0.04340677362375481,0.009705780328189592,1.2060739511809102,-0.0007035107873941541,0.002466918921231726,-0.009217319806679683,10.000000004412279,7.975472637938368e-08,0.04999999651757947,0.0,0.0,0.0,0.0,-3.0199784480583416e-08,23.54301217029657,0.18893443048000336,0.06829628348350525,15.284965515136719,0.01183703076094389,0.01130899228155613,1.146299958229065,22.989769613244306,4.830862000225997,23.292919895064106,False,,,,True,OFFBOARD
26.452,TAKEOFF,True,-12.77843419673501,-5.933361480018022,15.583130867246645,0.04428591061819672,0.009971198465775198,1.2079572805749437,-0.0005481110919823111,0.0024230493336651103,-0.009241217494787032,10.000000004412279,7.975472637938368e-08,0.04999999651757947,0.0,0.0,0.0,0.0,-3.0199784480583416e-08,23.53851830627802,0.19229932129383087,0.07107879966497421,15.399670600891113,0.012338762171566486,0.012391634285449982,1.1470379829406738,23.060917439901736,4.8461168102636165,23.361821047542154,False,,,,True,OFFBOARD
26.552,TAKEOFF,True,-12.773965631909057,-5.93236063010521,15.70396375218125,0.04500064775554722,0.009975868778961807,1.2083514560174564,-0.00013132186055669497,0.002120977250980634,-0.009292905102303474,10.000000004412279,7.975472637938368e-08,0.04999999651757947,0.0,0.0,0.0,0.0,-3.0199784480583416e-08,23.533941752206214,0.1986590325832367,0.07525904476642609,15.525843620300293,0.013466487638652325,0.014098560437560081,1.1476638317108154,22.948333178197636,4.828465411525487,23.240926067965432,True,0.7323068380355835,371.5,98.5,True,OFFBOARD
26.652,TAKEOFF,True,-12.769267853157933,-5.9313479950958055,15.829629631705064,0.04524033693958681,0.009421023822143612,1.2084082105560687,0.00042956766890227044,0.0016683914062503827,-0.009309414400128255,10.000000004412279,7.975472637938368e-08,0.04999999651757947,0.0,0.0,0.0,0.0,-3.0199784480583416e-08,23.52914041682809,0.2032911777496338,0.07859163731336594,15.641496658325195,0.013405566103756428,0.014943454414606094,1.1465661525726318,22.807678105764182,4.7985098150654,23.091901957094592,True,0.7323068380355835,371.5,98.5,True,OFFBOARD
26.752,TAKEOFF,True,-12.76474326042859,-5.930451492486422,15.95050192417619,0.04526987005452511,0.008531317570241299,1.2091665095731756,0.0005415359009236811,0.0017856521986426611,-0.009362668643933859,10.000000004412279,7.975472637938368e-08,0.04999999651757947,0.0,0.0,0.0,0.0,-3.0199784480583416e-08,23.52453595216737,0.20717889070510864,0.0816534012556076,15.766037940979004,0.012457503005862236,0.013830423355102539,1.1462048292160034,22.765531156854916,4.7944007545453875,23.045373604687907,True,0.7323068380355835,371.5,98.5,True,OFFBOARD
26.852,TAKEOFF,True,-12.76038484209899,-5.929671971874919,16.06663348196703,0.045585727550009794,0.007793375455781826,1.2103514301630756,0.00021560262324569633,0.002169895520071991,-0.009437539736458635,10.000000004412279,7.975472637938368e-08,0.04999999651757947,0.0,0.0,0.0,0.0,-3.0199784480583416e-08,23.5201217896757,0.21102581918239594,0.08354507386684418,15.880708694458008,0.012269312515854836,0.012348744086921215,1.1449397802352905,22.93774843567839,4.83388480210151,23.217873468963415,True,0.7605446577072144,374.5,114.0,True,OFFBOARD
26.951999999999998,TAKEOFF,True,-12.755797217168608,-5.9289112280615015,16.18777583198949,0.046142867038255424,0.007522133773029242,1.2124519488325838,-0.0003229170826211322,0.0021905492106633288,-0.009473810817051193,10.000000004412279,7.975472637938368e-08,0.04999999651757947,0.0,0.0,0.0,0.0,-3.0199784480583416e-08,23.515490564427086,0.21619996428489685,0.08444470167160034,16.004615783691406,0.01189687754958868,0.010602956637740135,1.1458977460861206,22.868054974519456,4.81779678492958,23.141114004057176,True,0.7605446577072144,374.5,114.0,True,OFFBOARD
27.052,TAKEOFF,True,-12.751156786849961,-5.928148593529092,16.309127491228228,0.04663233176084527,0.0077955739072790055,1.2146479363501363,-0.0007638900754811602,0.0021334635243958856,-0.009461694012718106,10.000000004412279,7.975472637938368e-08,0.04999999651757947,0.0,0.0,0.0,0.0,-3.0199784480583416e-08,23.510807770749913,0.2198818027973175,0.08518824726343155,16.118574142456055,0.0118064284324646,0.009417244233191013,1.1454277038574219,22.90076094624265,4.826026716794294,23.171055826477936,True,0.7605446577072144,374.5,114.0,True,OFFBOARD
27.152,TAKEOFF,True,-12.746469718706853,-5.9273424590431985,16.430737919367928,0.04709964643226757,0.008310208562798025,1.2174258775410696,-0.0008217268920583778,0.002214021657692819,-0.00946790927006775,10.000000004412279,7.975472637938368e-08,0.04999999651757947,0.0,0.0,0.0,0.0,-3.0199784480583416e-08,23.506068885226618,0.22292214632034302,0.08594559878110886,16.241891860961914,0.010385647416114807,0.00793776661157608,1.1471587419509888,22.67700584430974,4.7770605083373106,22.938884755170065,True,0.7605446577072144,374.5,114.0,True,OFFBOARD
27.252,TAKEOFF,True,-12.74172893095479,-5.926481909369707,16.552620107129194,0.047720841116245194,0.008917124047826607,1.220096640907227,-0.001069781160393111,0.0024098942243301878,-0.009518512921696566,10.000000004412279,7.975472637938368e-08,0.04999999651757947,0.0,0.0,0.0,0.0,-3.0199784480583416e-08,23.5012643008228,0.22691914439201355,0.08603815734386444,16.357772827148438,0.010433187708258629,0.007450829725712538,1.147813081741333,22.77465547564576,4.797346018976557,23.034687656463287,True,0.748887300491333,378.0,128.5,True,OFFBOARD
27.352,TAKEOFF,True,-12.736918912177186,-5.92554703763878,16.674664932230623,0.04843124230698974,0.009785082509682585,1.2201293104642952,-0.001308846661656361,0.002266218082017116,-0.009538201531436379,10.000000004412279,7.975472637938368e-08,0.04999999651757947,0.0,0.0,0.0,0.0,-3.0199784480583416e-08,23.49637398536239,0.23386318981647491,0.08531013131141663,16.486318588256836,0.013434840366244316,0.006754482164978981,1.149893879890442,22.878597062283944,4.818331113341774,23.1340757276191,True,0.748887300491333,378.0,128.5,True,OFFBOARD
27.452,TAKEOFF,True,-12.732061338137393,-5.924518014978518,16.796555400604486,0.04856526220442896,0.010779457706245532,1.2177798194754597,-0.001499699062884437,0.001422167242424561,-0.009584824729486591,10.000000004412279,7.975472637938368e-08,0.04999999651757947,0.0,0.0,0.0,0.0,-3.0199784480583416e-08,23.49141391096464,0.23896323144435883,0.08484217524528503,16.603519439697266,0.013858013786375523,0.0045313104055821896,1.147626280784607,22.767877317899085,4.796424756212108,23.016319869434565,True,0.748887300491333,378.0,128.5,True,OFFBOARD
27.552,TAKEOFF,True,-12.727231769578372,-5.9233757460204695,16.918261518632548,0.04798756257334856,0.01208972968957186,1.2167038767049083,-0.001989584431419951,0.001070392498180922,-0.009648324640859667,10.000000004412279,7.975472637938368e-08,0.04999999651757947,0.0,0.0,0.0,0.0,-3.0199784480583416e-08,23.48645237753178,0.2431759536266327,0.0844576433300972,16.7288818359375,0.01206994242966175,0.003001023316755891,1.144352674484253,22.738062203811474,4.790355893220454,22.981849049784405,True,0.748887300491333,378.0,128.5,True,OFFBOARD
27.656,TAKEOFF,True,-12.722082923403097,-5.921964059243423,17.049695153545887,0.04745805116236096,0.014050792264869754,1.2174176701110588,-0.002395841103139201,0.0014167830896163478,-0.009704666196675323,10.000000004412279,7.975472637938368e-08,0.04999999651757947,0.0,0.0,0.0,0.0,-3.0199784480583416e-08,23.481113939549356,0.24750031530857086,0.08441957831382751,16.844999313354492,0.012205245904624462,0.0030153647530823946,1.142836093902588,22.867100237862925,4.8154108081396085,23.10905836837817,True,0.7846413254737854,380.0,145.5,True,OFFBOARD
27.752,TAKEOFF,True,-12.71753726422231,-5.920524932652498,17.166584809959406,0.04728317767066064,0.015825260254770445,1.2178238019807128,-0.002262562282146554,0.001608370674350778,-0.009737260152473816,10.000000004412279,7.975472637938368e-08,0.04999999651757947,0.0,0.0,0.0,0.0,-3.0199784480583416e-08,23.476352271473967,0.25359097123146057,0.084880031645298,16.971332550048828,0.012132725678384304,0.0032092644833028316,1.1411306858062744,22.889139387746255,4.816083694649829,23.12471275966932,True,0.7846413254737854,380.0,145.5,True,OFFBOARD
27.852,TAKEOFF,True,-12.713001772803558,-5.91892738781993,17.28355608185937,0.04720994304653224,0.01734581653608451,1.2192075865760066,-0.0020544314957700207,0.0016148428215188209,-0.009766766749580243,10.000000004412279,7.975472637938368e-08,0.04999999651757947,0.0,0.0,0.0,0.0,-3.0199784480583416e-08,23.47156049559167,0.2581723928451538,0.08532696217298508,17.09599494934082,0.011421809904277325,0.003123570466414094,1.1394516229629517,22.815773127591083,4.795671423584646,23.04414667227584,True,0.7846413254737854,380.0,145.5,True,OFFBOARD
27.951999999999998,TAKEOFF,True,-12.708284887157378,-5.91711899802557,17.40558645979363,0.04714291039386043,0.018755867434391865,1.2213465422961842,-0.0020395247738127496,0.001703874136926795,-0.0097222475358773,10.000000004412279,7.975472637938368e-08,0.04999999651757947,0.0,0.0,0.0,0.0,-3.0199784480583416e-08,23.466540028247074,0.26134806871414185,0.08571312576532364,17.211109161376953,0.010444274172186852,0.0030491077341139317,1.1392954587936401,22.94341993966361,4.809503738020207,23.16874148734334,True,0.7846413254737854,380.0,145.5,True,OFFBOARD
28.052,TAKEOFF,True,-12.703565726167914,-5.915172018272535,17.527839428527624,0.04727816829459988,0.020128463907954086,1.2235133254342945,-0.002069663554200263,0.0019482375009730812,-0.009661090437514288,10.000000004412279,7.975472637938368e-08,0.04999999651757947,0.0,0.0,0.0,0.0,-3.0199784480583416e-08,23.461482430401873,0.26491114497184753,0.08656426519155502,17.326370239257812,0.01010317262262106,0.003046557540073991,1.1404590606689453,22.836358883263827,4.780732894092678,23.054402445498464,True,0.8388012647628784,382.5,164.5,True,OFFBOARD
28.152,TAKEOFF,True,-12.699203582411911,-5.913261033760832,17.6404492258514,0.04753214627074552,0.02135762341372706,1.2243986905470483,-0.0020716925557986185,0.0019195423635495015,-0.009636385049928824,10.000000004412279,7.975472637938368e-08,0.04999999651757947,0.0,0.0,0.0,0.0,-3.0199784480583416e-08,23.45677941390735,0.26997631788253784,0.08833565562963486,17.45138168334961,0.009974383749067783,0.0043280101381242275,1.140519142150879,22.762036139580907,4.770556180783227,22.974245233935928,True,0.8388012647628784,382.5,164.5,True,OFFBOARD
28.252,TAKEOFF,True,-12.694058247061347,-5.910879207123849,17.772764123139066,0.04774762615128273,0.02264747273480721,1.2260087576531598,-0.0018314535546181902,0.0019103588727172281,-0.009611227941065075,10.000000004412279,7.975472637938368e-08,0.04999999651757947,0.0,0.0,0.0,0.0,-3.0199784480583416e-08,23.45119983850141,0.2737676799297333,0.08983282744884491,17.575281143188477,0.010433697141706944,0.0044199805706739426,1.140199065208435,22.85418099667066,4.79716202912388,23.06586251948523,True,0.8388012647628784,382.5,164.5,True,OFFBOARD
28.352,TAKEOFF,True,-12.689275941206576,-5.908565169181085,17.895485401825656,0.047866182767276846,0.023574572492885876,1.2285294086742848,-0.001718285159053802,0.0017572058214346442,-0.009581244012225144,10.000000004412279,7.975472637938368e-08,0.04999999651757947,0.0,0.0,0.0,0.0,-3.0199784480583416e-08,23.445988702491736,0.27647778391838074,0.09094592928886414,17.688579559326172,0.010205493308603764,0.004290774930268526,1.1401492357254028,22.851518271531702,4.796331151328272,23.06020605079598,True,0.8388012647628784,382.5,164.5,True,OFFBOARD
28.452,TAKEOFF,True,-12.684489797355813,-5.906163686052533,18.01851571999607,0.04783502209002801,0.02440919890341964,1.2319314286399947,-0.0016723077323317352,0.0016530605300714614,-0.009601091596942302,10.000000004412279,7.975472637938368e-08,0.04999999651757947,0.0,0.0,0.0,0.0,-3.0199784480583416e-08,23.440751864969158,0.27975302934646606,0.09167883545160294,17.803382873535156,0.00988900475203991,0.004188173450529575,1.141541600227356,22.788905708737104,4.785298621416362,22.993303830448518,True,0.8372138142585754,388.0,180.0,True,OFFBOARD
28.552,TAKEOFF,True,-12.679708190911066,-5.903683535866842,18.141804027995455,0.047826425923356244,0.02514923350080354,1.2332932276460253,-0.0016470875420167628,0.0018284331848175675,-0.009649534713388168,10.000000004412279,7.975472637938368e-08,0.04999999651757947,0.0,0.0,0.0,0.0,-3.0199784480583416e-08,23.435499654549194,0.28459566831588745,0.09195922315120697,17.930110931396484,0.00876429583877325,0.0042541055008769035,1.1432571411132812,22.794614845752015,4.788110876245559,22.994669028220496,True,0.8372138142585754,388.0,180.0,True,OFFBOARD
28.652,TAKEOFF,True,-12.67491654900656,-5.901127640835994,18.265110166865995,0.048034469573100536,0.025970685626382606,1.2326857512250724,-0.0018960644349484005,0.0020586603972462293,-0.009726718231525447,10.000000004412279,7.975472637938368e-08,0.04999999651757947,0.0,0.0,0.0,0.0,-3.0199784480583416e-08,23.43021871599222,0.28782400488853455,0.09221258759498596,18.046499252319336,0.007243481930345297,0.00349858938716352,1.1436667442321777,22.88772575996541,4.814821771032685,23.088061781765415,True,0.8372138142585754,388.0,180.0,True,OFFBOARD
28.752,TAKEOFF,True,-12.670091789945234,-5.898474656684616,18.388337263486367,0.04847847548691359,0.027111217796178776,1.2322531306010405,-0.0023148500403349106,0.0022727326164469525,-0.009770145864756302,10.000000004412279,7.975472637938368e-08,0.04999999651757947,0.0,0.0,0.0,0.0,-3.0199784480583416e-08,23.424881348280273,0.2903331518173218,0.0924268364906311,18.172260284423828,0.006653733551502228,0.002656204393133521,1.140345811843872,22.808798784395723,4.797924347765207,23.00484734298895,True,0.8372138142585754,388.0,180.0,True,OFFBOARD
28.856,TAKEOFF,True,-12.665016768780106,-5.895574656403763,18.51653161392172,0.04911585721885532,0.028643455403193265,1.2329244229017888,-0.0026129578296821493,0.0024425103995661867,-0.009780688028811142,10.000000004412279,7.975472637938368e-08,0.04999999651757947,0.0,0.0,0.0,0.0,-3.0199784480583416e-08,23.41923967166147,0.2927139401435852,0.09355933964252472,18.29013442993164,0.0050442214123904705,0.0027832863852381706,1.139992117881775,22.818609744881254,4.797117546467461,23.01172400344851,True,0.8537800908088684,390.5,196.0,True,OFFBOARD
28.951999999999998,TAKEOFF,True,-12.660263608314807,-5.892750453836903,18.634804210793256,0.049919921599851064,0.030088763910302952,1.2306236193025908,-0.0023891155362230332,0.002736580881384422,-0.009801024570300128,10.000000004412279,7.975472637938368e-08,0.04999999651757947,0.0,0.0,0.0,0.0,-3.0199784480583416e-08,23.413928671827538,0.2957427501678467,0.09648096561431885,18.420703887939453,0.003579186275601387,0.004636759404093027,1.1394790410995483,22.8472273547741,4.805133850727648,23.03781391244141,True,0.8537800908088684,390.5,196.0,True,OFFBOARD
29.052,TAKEOFF,True,-12.655013754221574,-5.88955978911183,18.762577225787393,0.05104019412612576,0.031121046432637894,1.2268053038373299,-0.0018096199948249053,0.0029898941303847463,-0.009858989039199304,10.000000004412279,7.975472637938368e-08,0.04999999651757947,0.0,0.0,0.0,0.0,-3.0199784480583416e-08,23.408044853273257,0.29763808846473694,0.09872253984212875,18.539756774902344,0.0036880457773804665,0.0064394911751151085,1.135193943977356,22.817048476607365,4.791795925272637,23.003234164582647,True,0.8537800908088684,390.5,196.0,True,OFFBOARD
29.152,TAKEOFF,True,-12.650057916620428,-5.8865491523297395,18.88023202136477,0.05214866839506815,0.03149744161053304,1.224846352161513,-0.0013221040894585432,0.0029682194427844907,-0.00989709305509914,10.000000004412279,7.975472637938368e-08,0.04999999651757947,0.0,0.0,0.0,0.0,-3.0199784480583416e-08,23.402491014588396,0.29906389117240906,0.10071384906768799,18.665897369384766,0.003525717882439494,0.005913781933486462,1.1303446292877197,22.789158391665982,4.782917842136113,22.972317794986147,True,0.8537800908088684,390.5,196.0,True,OFFBOARD
29.252,TAKEOFF,True,-12.644786029572163,-5.883392833345631,19.00270986408412,0.053239026882065464,0.0316347604136216,1.2249150153678257,-0.001400512913642784,0.0029584950722002295,-0.009902699756328844,10.000000004412279,7.975472637938368e-08,0.04999999651757947,0.0,0.0,0.0,0.0,-3.0199784480583416e-08,23.396594767077886,0.3021206855773926,0.10291849821805954,18.781843185424805,0.004200562369078398,0.004186579957604408,1.1292827129364014,22.83637214603819,4.787594796755004,23.01605267862744,True,0.8505121469497681,392.5,210.0,True,OFFBOARD
29.352,TAKEOFF,True,-12.639194162630128,-5.880084233648033,19.130066140622585,0.05419085301950849,0.0320171914576026,1.224003701790541,-0.0016149145031280013,0.0026086744575655424,-0.00994587340268964,10.000000004412279,7.975472637938368e-08,0.04999999651757947,0.0,0.0,0.0,0.0,-3.0199784480583416e-08,23.390350661453795,0.3086176812648773,0.10628895461559296,18.908544540405273,0.005613991990685463,0.005546120926737785,1.1296337842941284,22.785276816785814,4.777681532110348,22.95696222298303,True,0.8505121469497681,392.5,210.0,True,OFFBOARD
29.452,TAKEOFF,True,-12.633966426446415,-5.876991226948211,19.247517855364038,0.054641573155700576,0.032373652007646796,1.2231486226629305,-0.0013895898819326871,0.0022787260077055116,-0.010013298243352235,10.000000004412279,7.975472637938368e-08,0.04999999651757947,0.0,0.0,0.0,0.0,-3.0199784480583416e-08,23.38451331997953,0.3130311667919159,0.10888148844242096,19.024213790893555,0.00568810710683465,0.008169987238943577,1.1276345252990723,22.73639587675596,4.7626157744237645,22.9011905306379,True,0.8505121469497681,392.5,210.0,True,OFFBOARD
29.552,TAKEOFF,True,-12.628488672702042,-5.873753514637459,19.369847952133295,0.054880371235159535,0.032290452254743966,1.2239002700262276,-0.0008507054269523761,0.002150269977295655,-0.010106872475915823,10.000000004412279,7.975472637938368e-08,0.04999999651757947,0.0,0.0,0.0,0.0,-3.0199784480583416e-08,23.37839774445473,0.31658464670181274,0.11129170656204224,19.148273468017578,0.00566626712679863,0.008721823804080486,1.1250680685043335,22.677677319577306,4.749369248333064,22.837036340304902,True,0.8415744304656982,396.5,224.0,True,OFFBOARD
29.652,TAKEOFF,True,-12.62299100699586,-5.870546923592779,19.492352368199708,0.05508577082112178,0.03184995159066611,1.2261171544138423,-0.0008181310548660791,0.002273288878653652,-0.010156849467346442,10.000000004412279,7.975472637938368e-08,0.04999999651757947,0.0,0.0,0.0,0.0,-3.0199784480583416e-08,23.37227084433102,0.3209613263607025,0.11300475895404816,19.263254165649414,0.006151995155960321,0.0068670460022985935,1.1269235610961914,22.83673166187428,4.7845466304225575,22.99528684879744,True,0.8415744304656982,396.5,224.0,True,OFFBOARD
29.752,TAKEOFF,True,-12.617467218549777,-5.867375053108221,19.614997257462267,0.055353205249552624,0.03164748474234819,1.2263045611686956,-0.0010982717812662074,0.0021392781942636964,-0.01019320674760216,10.000000004412279,7.975472637938368e-08,0.04999999651757947,0.0,0.0,0.0,0.0,-3.0199784480583416e-08,23.36612750396397,0.32831302285194397,0.11449934542179108,19.39017105102539,0.0068375649861991405,0.007499523926526308,1.12850022315979,22.753338413572738,4.767510633403921,22.902669665795763,True,0.8415744304656982,396.5,224.0,True,OFFBOARD
29.852,TAKEOFF,True,-12.6117073787389,-5.864086919182896,19.742481506545825,0.05536718088156018,0.031581712012057825,1.2254690264659986,-0.0010681249601982676,0.0019065371746524733,-0.010216004399136704,10.000000004412279,7.975472637938368e-08,0.04999999651757947,0.0,0.0,0.0,0.0,-3.0199784480583416e-08,23.35972660611341,0.33329343795776367,0.11570081859827042,19.505186080932617,0.0066246530041098595,0.007942656055092812,1.1274361610412598,22.80418133726778,4.775633093473201,22.948981933623514,True,0.8415744304656982,396.5,224.0,True,OFFBOARD
29.951999999999998,TAKEOFF,True,-12.606396973114126,-5.861062117556308,19.860159668079618,0.05527142715005531,0.03141391308157743,1.226436501710023,-0.0009228266970427248,0.0019317271380648255,-0.010246851074577595,10.000000004412279,7.975472637938368e-08,0.04999999651757947,0.0,0.0,0.0,0.0,-3.0199784480583416e-08,23.35382697517183,0.3371576964855194,0.11684354394674301,19.6282958984375,0.005078092683106661,0.007858640514314175,1.1263197660446167,22.816619149171558,4.762127991948118,22.954408178074225,True,0.8394179344177246,400.5,241.0,True,OFFBOARD
30.052,TAKEOFF,True,-12.600866787674022,-5.85793312044578,19.98291555662776,0.0554186641367943,0.0311854671949793,1.2285917987113537,-0.0009916920168839198,0.002444896104250417,-0.010263186746834003,10.000000004412279,7.975472637938368e-08,0.04999999651757947,0.0,0.0,0.0,0.0,-3.0199784480583416e-08,23.347688560789923,0.3427595794200897,0.11879795789718628,19.744159698486328,0.004817630164325237,0.007139639928936958,1.1279553174972534,22.758216397938085,4.7449630628523805,22.88785940102634,True,0.8394179344177246,400.5,241.0,True,OFFBOARD
30.152,TAKEOFF,True,-12.595297019184938,-5.854820972386694,20.105737702397317,0.05596592082655913,0.03108068505257897,1.2270619601842636,-0.001083790769733418,0.002510994796070527,-0.010230031621932546,10.000000004412279,7.975472637938368e-08,0.04999999651757947,0.0,0.0,0.0,0.0,-3.0199784480583416e-08,23.341516170488575,0.3531622886657715,0.12250511348247528,19.87386703491211,0.006990282330662012,0.008287198841571808,1.1296087503433228,22.776983140082834,4.740042086094882,22.8943091022614,True,0.8394179344177246,400.5,241.0,True,OFFBOARD
30.252,TAKEOFF,True,-12.589684544792426,-5.851721067949054,20.228263112612304,0.05615775689461192,0.030870663942422997,1.223499710065362,-0.0007531031910344456,0.0018359226654987217,-0.010195807613679128,10.000000004412279,7.975472637938368e-08,0.04999999651757947,0.0,0.0,0.0,0.0,-3.0199784480583416e-08,23.335305620948304,0.36036741733551025,0.12526606023311615,19.991243362426758,0.008617839775979519,0.009473416022956371,1.1276603937149048,22.860497226930686,4.749792853623969,22.97046123854337,True,0.8394179344177246,400.5,241.0,True,OFFBOARD
30.352,TAKEOFF,True,-12.584093519829915,-5.848662086769055,20.35046746882969,0.05554973732931616,0.03025363346689851,1.2210732592587736,-0.0002465651176223714,0.0010656843878829381,-0.010199011167606428,10.000000004412279,7.975472637938368e-08,0.04999999651757947,0.0,0.0,0.0,0.0,-3.0199784480583416e-08,23.329126204164712,0.36622288823127747,0.12778788805007935,20.116512298583984,0.008746671490371227,0.010372448712587357,1.124564290046692,22.83898531894061,4.733538414601655,22.9398777062985,True,0.8421948552131653,403.0,256.5,True,OFFBOARD
30.452,TAKEOFF,True,-12.578593563905713,-5.845690339520261,20.472521440639753,0.05447900347608687,0.02916893601782815,1.2201064595231643,0.00011744514859586407,0.0009542832076175878,-0.01016872271738533,10.000000004412279,7.975472637938368e-08,0.04999999651757947,0.0,0.0,0.0,0.0,-3.0199784480583416e-08,23.323056918022004,0.3729621171951294,0.13070790469646454,20.23483657836914,0.009575435891747475,0.011429384350776672,1.1246073246002197,22.70504146100321,4.698544378522954,22.794448838911617,True,0.8421948552131653,403.0,256.5,True,OFFBOARD
30.552,TAKEOFF,True,-12.573200370203597,-5.84283866441012,20.594332088224547,0.053416362021692865,0.027900422925494436,1.2154377228396547,0.00027228425204809466,0.0008478943527979589,-0.010159705073307022,10.000000004412279,7.975472637938368e-08,0.04999999651757947,0.0,0.0,0.0,0.0,-3.0199784480583416e-08,23.317121171852932,0.3837313950061798,0.13504689931869507,20.36721420288086,0.010904776863753796,0.01243116706609726,1.1240167617797852,22.738744966267035,4.70395651887554,22.81713318721123,True,0.8421948552131653,403.0,256.5,True,OFFBOARD
30.652,TAKEOFF,True,-12.567921827037,-5.840121082938932,20.715535378253826,0.05215380868596383,0.026468511572372056,1.2091995626619518,0.0005664076011551015,0.0005023701872904479,-0.010166201991299884,10.000000004412279,7.975472637938368e-08,0.04999999651757947,0.0,0.0,0.0,0.0,-3.0199784480583416e-08,23.311330099017244,0.3911121189594269,0.13833403587341309,20.485849380493164,0.011125577613711357,0.013124874792993069,1.1180893182754517,22.818045377830085,4.718209687237091,22.889792405781943,True,0.8421948552131653,403.0,256.5,True,OFFBOARD
30.752,TAKEOFF,True,-12.562784985498832,-5.837559802912848,20.836252015285048,0.05062958748921981,0.024783853843488968,1.20575561785214,0.0008522659664500559,0.0004029781201940595,-0.010130437338325943,10.000000004412279,7.975472637938368e-08,0.04999999651757947,0.0,0.0,0.0,0.0,-3.0199784480583416e-08,23.305715433873466,0.39696407318115234,0.1413087546825409,20.6117000579834,0.009472303092479706,0.01357826218008995,1.1127463579177856,22.780524988904034,4.705096635672911,22.844079300566076,True,0.8534223437309265,406.5,270.5,True,OFFBOARD
30.852,TAKEOFF,True,-12.557595522268569,-5.835084162665989,20.961615949371957,0.049302009209769876,0.02290421499195356,1.205366656386696,0.0008644357732822405,0.00082321754166686,-0.010163174273949378,10.000000004412279,7.975472637938368e-08,0.04999999651757947,0.0,0.0,0.0,0.0,-3.0199784480583416e-08,23.300071331682194,0.40316885709762573,0.14436012506484985,20.72879981994629,0.00882701575756073,0.013261479325592518,1.1122103929519653,22.842299867178188,4.712698101924482,22.89943912759387,True,0.8534223437309265,406.5,270.5,True,OFFBOARD
30.951999999999998,TAKEOFF,True,-12.552904589781873,-5.832966897991632,21.077200786269245,0.04849348198453663,0.021298074545363695,1.202116175852979,0.0007649363643750124,0.0009369340006876281,-0.010222325855868259,10.000000004412279,7.975472637938368e-08,0.04999999651757947,0.0,0.0,0.0,0.0,-3.0199784480583416e-08,23.294999665127776,0.4125664234161377,0.14850059151649475,20.858850479125977,0.010969570837914944,0.012787050567567348,1.113402247428894,22.787977760194718,4.701167291541147,22.833874103435726,True,0.8534223437309265,406.5,270.5,True,OFFBOARD
31.052,TAKEOFF,True,-12.548109174237105,-5.830918043786883,21.197153935989267,0.047350777409028696,0.019749126041244187,1.1973662814828179,0.0007412527609164944,0.00028369412778149244,-0.01023072102646805,10.000000004412279,7.975472637938368e-08,0.04999999651757947,0.0,0.0,0.0,0.0,-3.0199784480583416e-08,23.289844003250398,0.41906407475471497,0.15147100389003754,20.976715087890625,0.011682451702654362,0.011963355354964733,1.1093488931655884,22.604611780790673,4.661519931583456,22.639325704335494,True,0.8534223437309265,406.5,270.5,True,OFFBOARD
31.152,TAKEOFF,True,-12.543457530160241,-5.82901903117223,21.316714222185478,0.045704951605686314,0.018296535779187696,1.1943541924380618,0.0007415033050744459,-1.2786763849410253e-05,-0.010209787550679646,10.000000004412279,7.975472637938368e-08,0.04999999651757947,0.0,0.0,0.0,0.0,-3.0199784480583416e-08,23.28486507172902,0.42424285411834717,0.15407605469226837,21.101726531982422,0.010490608401596546,0.0116653461009264,1.1060938835144043,22.64483153946441,4.667439079227279,22.67432484804276,True,0.8612606525421143,409.5,286.5,True,OFFBOARD
31.252,TAKEOFF,True,-12.538797170979183,-5.827197369752432,21.440891210087774,0.044049777177134056,0.01678887540173705,1.1940997843922394,0.0008057162059350164,0.0002875702556746993,-0.010186026774244574,10.000000004412279,7.975472637938368e-08,0.04999999651757947,0.0,0.0,0.0,0.0,-3.0199784480583416e-08,23.2798970837282,0.4288583993911743,0.15763266384601593,21.21774673461914,0.00978422537446022,0.012589280493557453,1.1047683954238892,22.771908457177446,4.686822362725905,22.797487695208495,True,0.8612606525421143,409.5,286.5,True,OFFBOARD
31.352,TAKEOFF,True,-12.53445765493042,-5.8255974679689695,21.56023825932135,0.04283373037207441,0.015218981874524343,1.1924433568547201,0.0011661405483812139,0.0005156292714423752,-0.01019659468084324,10.000000004412279,7.975472637938368e-08,0.04999999651757947,0.0,0.0,0.0,0.0,-3.0199784480583416e-08,23.275295246006078,0.4346916973590851,0.16377243399620056,21.345600128173828,0.007948738522827625,0.014665471389889717,1.105903148651123,22.788394748954072,4.692229644722188,22.8077829880123,True,0.8612606525421143,409.5,286.5,True,OFFBOARD
31.452,TAKEOFF,True,-12.53072799692758,-5.824334743919985,21.66508044932138,0.042023732131176154,0.013491327229463935,1.1906562834570553,0.0016826993571836329,0.0008634276599499158,-0.010232186934021682,10.000000004412279,7.975472637938368e-08,0.04999999651757947,0.0,0.0,0.0,0.0,-3.0199784480583416e-08,23.27136825390011,0.4383894205093384,0.16842113435268402,21.46055793762207,0.006227325648069382,0.016381345689296722,1.1038860082626343,22.71749937472363,4.680635693911906,22.731450032575317,True,0.8797788619995117,412.5,302.0,True,OFFBOARD
31.552,TAKEOFF,True,-12.526221051518169,-5.823026094396949,21.793656600140654,0.041544254778509586,0.010728346032514397,1.1907552524738652,0.002406780079100744,0.0013042922939010698,-0.010290449749889104,10.000000004412279,7.975472637938368e-08,0.04999999651757947,0.0,0.0,0.0,0.0,-3.0199784480583416e-08,23.266677220555145,0.44107162952423096,0.17261728644371033,21.582975387573242,0.004618444945663214,0.01734423078596592,1.103545069694519,22.80876936586805,4.697986020855895,22.820886578019614,True,0.8797788619995117,412.5,302.0,True,OFFBOARD
31.652,TAKEOFF,True,-12.52207365110655,-5.822106714554032,21.912833471236898,0.04146974691519199,0.007782543828968475,1.1929982593679271,0.0024639360616947065,0.0016541765291965365,-0.010350592734364615,10.000000004412279,7.975472637938368e-08,0.04999999651757947,0.0,0.0,0.0,0.0,-3.0199784480583416e-08,23.262431714439305,0.4437979757785797,0.17501626908779144,21.696229934692383,0.003807593137025833,0.01587369479238987,1.1047683954238892,22.837306308158578,4.705425240378432,22.847184090813535,True,0.8797788619995117,412.5,302.0,True,OFFBOARD
31.752,TAKEOFF,True,-12.517749911540728,-5.821447535259089,22.036976483340506,0.04167920719166086,0.005098585360859815,1.193983082904621,0.0019968009144159106,0.0016978111231873067,-0.010421617580790283,10.000000004412279,7.975472637938368e-08,0.04999999651757947,0.0,0.0,0.0,0.0,-3.0199784480583416e-08,23.258080608935717,0.4479444921016693,0.17576275765895844,21.821237564086914,0.00439635943621397,0.01418410986661911,1.1077361106872559,22.733914630055555,4.686792007878504,22.737938558411766,True,0.8797788619995117,412.5,302.0,True,OFFBOARD
31.852,TAKEOFF,True,-12.51374437353327,-5.821057013422248,22.151605991671907,0.04172913856213118,0.0032170082495354808,1.194197201937706,0.0014553291311074693,0.0014712604056082476,-0.010506033054823033,10.000000004412279,7.975472637938368e-08,0.04999999651757947,0.0,0.0,0.0,0.0,-3.0199784480583416e-08,23.254104833286977,0.4506203532218933,0.17641402781009674,21.93502426147461,0.00436752662062645,0.013572447933256626,1.1083943843841553,22.680454827971694,4.682164382609182,22.681872211846773,True,0.8496382832527161,416.0,311.5,True,OFFBOARD
31.951999999999998,TAKEOFF,True,-12.509576121826068,-5.820812740774082,22.27109783069646,0.04164239845425012,0.0017844686435654958,1.1959523491815116,0.0011690669267689687,0.0014714427260393696,-0.010586409528353744,10.000000004412279,7.975472637938368e-08,0.04999999651757947,0.0,0.0,0.0,0.0,-3.0199784480583416e-08,23.250008156440543,0.4525221884250641,0.1771318018436432,22.056522369384766,0.0038964806590229273,0.013209573924541473,1.1087327003479004,22.648670425045488,4.680099155859131,22.648304826925948,True,0.8496382832527161,416.0,311.5,True,OFFBOARD
32.052,TAKEOFF,True,-12.50541253968432,-5.82070153837999,22.390861562026156,0.04164901303162743,0.0004679765962619106,1.199312749479993,0.001345254999761262,0.0015822000800368135,-0.010599437976922348,10.000000004412279,7.975472637938368e-08,0.04999999651757947,0.0,0.0,0.0,0.0,-3.0199784480583416e-08,23.245949348377593,0.4564477503299713,0.17753636837005615,22.17013931274414,0.0037520872429013252,0.013310562819242477,1.1121007204055786,22.693131606165277,4.687803936435812,22.689482639317987,True,0.8496382832527161,416.0,311.5,True,OFFBOARD
32.152,TAKEOFF,True,-12.501245251389497,-5.820731055655266,22.510851516754354,0.04166319451971096,-0.0010175278139886576,1.199717528031855,0.001509169855842946,0.0013912205714188893,-0.010562724812182109,10.000000004412279,7.975472637938368e-08,0.04999999651757947,0.0,0.0,0.0,0.0,-3.0199784480583416e-08,23.241922231443624,0.4647810459136963,0.17748810350894928,22.297725677490234,0.0058342404663562775,0.012378687970340252,1.1152091026306152,22.8059294593847,4.705167572098799,22.795323945998835,True,0.8598062992095947,418.5,319.5,True,OFFBOARD
32.252,TAKEOFF,True,-12.497095765360243,-5.820910250759902,22.630724356763086,0.041239023324465815,-0.0024754238274414153,1.1977009637236262,0.0013768741798365995,0.0007737993955678615,-0.010549127143965402,10.000000004412279,7.975472637938368e-08,0.04999999651757947,0.0,0.0,0.0,0.0,-3.0199784480583416e-08,23.237949891292228,0.47108545899391174,0.17702919244766235,22.415708541870117,0.0065700397826731205,0.010610292665660381,1.115225911140442,22.698417061077503,4.685918296535599,22.68004301367056,True,0.8598062992095947,418.5,319.5,True,OFFBOARD
32.352,TAKEOFF,True,-12.493019676006645,-5.821219659506578,22.750284394709603,0.04025895097341495,-0.003583371894459854,1.193293888690889,0.0009161320731600579,0.00037319072639212047,-0.01054094050572188,10.000000004412279,7.975472637938368e-08,0.04999999651757947,0.0,0.0,0.0,0.0,-3.0199784480583416e-08,23.234081294436383,0.477222740650177,0.17568081617355347,22.54557228088379,0.00647217221558094,0.009800657629966736,1.1134594678878784,22.70801989825189,4.689078543998933,22.684336034188256,True,0.8598062992095947,418.5,319.5,True,OFFBOARD
32.452,TAKEOFF,True,-12.488897808513263,-5.821629706930563,22.874114691382214,0.03904839848811186,-0.004230218933519399,1.1886665344710647,0.0007014986033885494,0.00031526309971646445,-0.010573298304097674,10.000000004412279,7.975472637938368e-08,0.04999999651757947,0.0,0.0,0.0,0.0,-3.0199784480583416e-08,23.230193675762344,0.4812946617603302,0.17497518658638,22.66250991821289,0.006019961088895798,0.011190642602741718,1.108854055404663,22.788152668452483,4.707361489314462,22.7626544965187,True,0.8598062992095947,418.5,319.5,True,OFFBOARD
32.552,TAKEOFF,True,-12.485197849907314,-5.82206718411351,22.988121333543436,0.03814962733925696,-0.004913838033276237,1.18689744210663,0.0010862704860441022,0.0007233045989444133,-0.010640767449182928,10.000000004412279,7.975472637938368e-08,0.04999999651757947,0.0,0.0,0.0,0.0,-3.0199784480583416e-08,23.22672145983812,0.484330415725708,0.17477503418922424,22.786540985107422,0.005036807619035244,0.012173734605312347,1.1065385341644287,22.74506389408771,4.696465826000494,22.71532396008073,True,0.8684272766113281,419.5,335.5,True,OFFBOARD
32.652,TAKEOFF,True,-12.481412761640897,-5.8226152773663555,23.10682834539504,0.03765109723469945,-0.006075643088944999,1.1875932714862862,0.001591718466607227,0.001181460461222689,-0.010685583089653285,10.000000004412279,7.975472637938368e-08,0.04999999651757947,0.0,0.0,0.0,0.0,-3.0199784480583416e-08,23.22319464575537,0.4871796667575836,0.17446260154247284,22.900836944580078,0.00414113188162446,0.012829403392970562,1.106473445892334,22.7531131163066,4.700301121901061,22.721245711714563,True,0.8684272766113281,419.5,335.5,True,OFFBOARD
32.752,TAKEOFF,True,-12.477651660962444,-5.82330186651094,23.22559573298522,0.03760123786239967,-0.007613818011941983,1.1872044977589453,0.0017533897432795396,0.001324547110232339,-0.010712481129186581,10.000000004412279,7.975472637938368e-08,0.04999999651757947,0.0,0.0,0.0,0.0,-3.0199784480583416e-08,23.219725880106864,0.4923163056373596,0.17300567030906677,23.027263641357422,0.005182851571589708,0.012373062781989574,1.1088296175003052,22.83844485912934,4.7151627558407325,22.803084272063618,True,0.8684272766113281,419.5,335.5,True,OFFBOARD
32.852,TAKEOFF,True,-12.473900290516932,-5.8241384947506845,23.344240940828335,0.03736799686462543,-0.009007905863295683,1.1858988101232681,0.0014758202049472188,0.0009259005807539969,-0.010656557120557068,10.000000004412279,7.975472637938368e-08,0.04999999651757947,0.0,0.0,0.0,0.0,-3.0199784480583416e-08,23.21630428387475,0.4957023561000824,0.1721927374601364,23.141719818115234,0.005497321020811796,0.010780113749206066,1.1079626083374023,22.632020588852086,4.677374316663155,22.590113898855382,True,0.8684272766113281,419.5,335.5,True,OFFBOARD
32.952,TAKEOFF,True,-12.470192711993803,-5.825092426315697,23.462840506996447,0.03677562677195395,-0.009965425727292258,1.1864773246835483,0.0011491755585696188,0.0007042152428082057,-0.010598650826256054,10.000000004412279,7.975472637938368e-08,0.04999999651757947,0.0,0.0,0.0,0.0,-3.0199784480583416e-08,23.21295464641903,0.49823319911956787,0.17178049683570862,23.264015197753906,0.0054297856986522675,0.011452367529273033,1.1074398756027222,22.75304402798317,4.69622117492257,22.710067557760187,True,0.8650744557380676,422.0,346.0,True,OFFBOARD
33.052,TAKEOFF,True,-12.466551564096578,-5.826133375690281,23.581542107533373,0.03605879583498405,-0.01085374510085454,1.185317702426611,0.0014074741790175821,0.0005944660825343581,-0.010581524321945415,10.000000004412279,7.975472637938368e-08,0.04999999651757947,0.0,0.0,0.0,0.0,-3.0199784480583416e-08,23.209691303873978,0.5005659461021423,0.17185211181640625,23.37693214416504,0.004518245346844196,0.01255305390805006,1.1077618598937988,22.650975167146406,4.669508503374064,22.602423358486188,True,0.8650744557380676,422.0,346.0,True,OFFBOARD
33.152,TAKEOFF,True,-12.462982098463304,-5.82727752976608,23.698514706804804,0.035400679908581506,-0.012037858423197299,1.1479962916560522,0.0018625973210616997,0.0008361144786770679,-0.010596487180627352,10.000000004412279,7.975472637938368e-08,0.04999999651757947,0.0,0.0,0.0,0.0,-3.0199784480583416e-08,23.206523421066997,0.5035173892974854,0.17234058678150177,23.499555587768555,0.002677551470696926,0.01341521181166172,1.0863546133041382,22.635955086315143,4.6662114215355865,22.584057950063393,True,0.8650744557380676,422.0,346.0,True,OFFBOARD
33.252,TAKEOFF,True,-12.459461084336137,-5.828556131851865,23.80992285180595,0.035102795888152016,-0.013495549541353955,1.0792022142691486,0.0020803948305754467,0.001285238295471309,-0.010571836198646293,10.000000004412279,7.975472637938368e-08,0.04999999651757947,0.0,0.0,0.0,0.0,-3.0199784480583416e-08,23.203436381468627,0.5051395893096924,0.17300714552402496,23.60787010192871,0.00015327322762459517,0.012717198580503464,1.0277256965637207,22.720861439191975,4.67761012021633,22.66781297944166,True,0.8650744557380676,422.0,346.0,True,OFFBOARD
33.352,TAKEOFF,True,-12.455944995164892,-5.829981594975971,23.913784919683394,0.03531490760865343,-0.014932537542867344,1.001395315416421,0.0019794384034471863,0.00197260099045121,-0.010569230932668412,10.000000004412279,7.975472637938368e-08,0.04999999651757947,0.0,0.0,0.0,0.0,-3.0199784480583416e-08,23.20039120686827,0.505821943283081,0.17380647361278534,23.717239379882812,-0.004007010255008936,0.012229032814502716,0.9478426575660706,22.577919243471836,4.645436710106003,22.52050079818209,True,0.8820960521697998,424.0,358.0,True,OFFBOARD
33.452,TAKEOFF,True,-12.452369975833324,-5.831540161689197,24.010140083054473,0.03627267275813777,-0.01613293462998972,0.9295086272503392,0.0016361947645990981,0.002751306766098063,-0.010614370289277085,10.000000004412279,7.975472637938368e-08,0.04999999651757947,0.0,0.0,0.0,0.0,-3.0199784480583416e-08,23.1973226756325,0.5079711079597473,0.17339567840099335,23.813251495361328,-0.005050615407526493,0.010688761249184608,0.8773319125175476,22.697109387187393,4.671553483486819,22.64047882033726,True,0.8820960521697998,424.0,358.0,True,OFFBOARD
33.552,TAKEOFF,True,-12.448673894534627,-5.833200782216866,24.099470620649644,0.037564006685338505,-0.01700850327287645,0.8565067166565359,0.0014295935263368537,0.0026096207533867384,-0.01068469237484009,10.000000004412279,7.975472637938368e-08,0.04999999651757947,0.0,0.0,0.0,0.0,-3.0199784480583416e-08,23.194162888911645,0.5135154128074646,0.17112654447555542,23.913158416748047,-0.0030703856609761715,0.009550398215651512,0.8077643513679504,22.749947324493068,4.680274538992739,22.689013195806645,True,0.8820960521697998,424.0,358.0,True,OFFBOARD
33.652,TAKEOFF,True,-12.444873309341851,-5.8349355993276495,24.181146180811517,0.03829249397821604,-0.01758770675323464,0.7804942465792541,0.000990838776845605,0.0018398782523438824,-0.01070889639134996,10.000000004412279,7.975472637938368e-08,0.04999999651757947,0.0,0.0,0.0,0.0,-3.0199784480583416e-08,23.190920905593654,0.5170937776565552,0.16971096396446228,23.995914459228516,-0.0020596561953425407,0.00834672898054123,0.7345558404922485,22.715760037004074,4.676496867523078,22.651532020470682,True,0.8820960521697998,424.0,358.0,True,OFFBOARD
33.752,TAKEOFF,True,-12.441036356216774,-5.836705999285166,24.255624849460638,0.038354328432890335,-0.01776254288366341,0.7138700115484542,0.0006593245888865166,0.0012979462375171257,-0.010686301890515209,10.000000004412279,7.975472637938368e-08,0.04999999651757947,0.0,0.0,0.0,0.0,-3.0199784480583416e-08,23.18765298153689,0.5196080803871155,0.1686815619468689,24.07536506652832,-0.003336080815643072,0.006989587564021349,0.6622450947761536,22.686016248802133,4.667228264949248,22.61827963236527,True,0.8820960521697998,424.0,358.0,True,OFFBOARD
33.852,TAKEOFF,True,-12.437209096349598,-5.8384787648810414,24.324078408997753,0.03821729847886093,-0.01769100168838208,0.6594296975030102,0.000661016307817915,0.0014357363408867617,-0.010673866074557418,10.000000004412279,7.975472637938368e-08,0.04999999651757947,0.0,0.0,0.0,0.0,-3.0199784480583416e-08,23.184395343648088,0.523034930229187,0.16786156594753265,24.1431941986084,-0.0035089123994112015,0.007813295349478722,0.6060367226600647,22.60939366907723,4.654127236054215,22.537387204462433,True,0.8827210664749146,426.0,370.0,True,OFFBOARD
33.952,TAKEOFF,True,-12.433381489320697,-5.840253776429005,24.387526355382686,0.03838433777553346,-0.0178632560831112,0.611785725597274,0.0010837631710225392,0.001768848632296611,-0.010687701397960098,10.000000004412279,7.975472637938368e-08,0.04999999651757947,0.0,0.0,0.0,0.0,-3.0199784480583416e-08,23.181138245306897,0.5294162631034851,0.16691526770591736,24.213363647460938,-0.0030743982642889023,0.008492118678987026,0.5564595460891724,22.57980271122615,4.644798386325221,22.50046621151587,True,0.8827210664749146,426.0,370.0,True,OFFBOARD
34.052,TAKEOFF,True,-12.429372586147592,-5.842143978280483,24.44868401734625,0.03868727773918249,-0.018530576300455043,0.566353815214636,0.0015024695477071136,0.0017152400391680985,-0.010734832018929077,10.000000004412279,7.975472637938368e-08,0.04999999651757947,0.0,0.0,0.0,0.0,-3.0199784480583416e-08,23.17773504898601,0.5335049033164978,0.16651517152786255,24.272008895874023,-0.0023802206851541996,0.008163131773471832,0.5142278671264648,22.748222428223905,4.6786602869359255,22.668328748585086,True,0.8827210664749146,426.0,370.0,True,OFFBOARD
34.152,TAKEOFF,True,-12.425649504204372,-5.843959905501428,24.501066540783267,0.03885734258741886,-0.01925671944076247,0.5274338187337354,0.0014686740544512084,0.0016559037476035726,-0.010736449315285432,10.000000004412279,7.975472637938368e-08,0.04999999651757947,0.0,0.0,0.0,0.0,-3.0199784480583416e-08,23.17459005446684,0.5363948941230774,0.16649261116981506,24.329925537109375,-0.0029078456573188305,0.00901581160724163,0.4712812304496765,22.730406617500957,4.676932556683287,22.647698003980853,True,0.8827210664749146,426.0,370.0,True,OFFBOARD
34.252,TAKEOFF,True,-12.421752337414075,-5.845925513942063,24.552130561198133,0.0390996335700829,-0.020047200394772643,0.4951749888873477,0.0016711190617294536,0.0018293812327907894,-0.010770103330689241,10.000000004412279,7.975472637938368e-08,0.04999999651757947,0.0,0.0,0.0,0.0,-3.0199784480583416e-08,23.17131468271135,0.5415818095207214,0.1663135588169098,24.38416862487793,-0.002295959275215864,0.00963502749800682,0.4374150037765503,22.695961703879323,4.668879044302661,22.6072918425593,True,0.8840183019638062,427.0,379.5,True,OFFBOARD
34.352,TAKEOFF,True,-12.417823693797075,-5.8479816416667445,24.599711802982362,0.03944066641184702,-0.021068823112197887,0.45816731679015565,0.0019128461176539631,0.001725288485370367,-0.010783616788514368,10.000000004412279,7.975472637938368e-08,0.04999999651757947,0.0,0.0,0.0,0.0,-3.0199784480583416e-08,23.168032060968763,0.5493921041488647,0.16584652662277222,24.431501388549805,-0.000653550960123539,0.010174527764320374,0.40381932258605957,22.71926352813234,4.666546143405228,22.622101935860535,True,0.8840183019638062,427.0,379.5,True,OFFBOARD
34.452,TAKEOFF,True,-12.41371651593607,-5.850234238947795,24.645484202692064,0.039470275019145004,-0.022202213790552417,0.42355912133089424,0.001938916166195212,0.0013048111358088838,-0.0107821779224393,10.000000004412279,7.975472637938368e-08,0.04999999651757947,0.0,0.0,0.0,0.0,-3.0199784480583416e-08,23.164626693263617,0.5550124049186707,0.1657763123512268,24.47429847717285,-2.7425572625361383e-05,0.009696521796286106,0.37232211232185364,22.802718584337775,4.681929649004513,22.70145526625832,True,0.8840183019638062,427.0,379.5,True,OFFBOARD
34.552,TAKEOFF,True,-12.409942128019583,-5.852416138867571,24.68469746067031,0.03912231574606677,-0.02320199624258124,0.395080734829949,0.0019323139134603466,0.0009532768895860331,-0.010785588605768956,10.000000004412279,7.975472637938368e-08,0.04999999651757947,0.0,0.0,0.0,0.0,-3.0199784480583416e-08,23.16152589910557,0.559246301651001,0.16606386005878448,24.51651382446289,0.00020874770416412503,0.010832964442670345,0.34135740995407104,22.713968065753807,4.66389125853755,22.60668369644953,True,0.8820156455039978,428.5,384.5,True,OFFBOARD
34.652,TAKEOFF,True,-12.406058912854279,-5.8547930158396,24.72283600139792,0.038568602505954515,-0.024333114122619688,0.36898133706063196,0.002224642466316385,0.0009924371089756925,-0.01082216348910265,10.000000004412279,7.975472637938368e-08,0.04999999651757947,0.0,0.0,0.0,0.0,-3.0199784480583416e-08,23.158369510745768,0.5629734992980957,0.16528263688087463,24.554203033447266,-0.000563912617508322,0.010162996128201485,0.3164407014846802,22.63191240339375,4.646572882124986,22.51932562522303,True,0.8820156455039978,428.5,384.5,True,OFFBOARD
34.756,TAKEOFF,True,-12.402067564675905,-5.857395699128813,24.759730673496545,0.03824273392459342,-0.025620095398297665,0.3411515740561439,0.0019871894202644442,0.0012393850151293773,-0.010841369456874634,10.000000004412279,7.975472637938368e-08,0.04999999651757947,0.0,0.0,0.0,0.0,-3.0199784480583416e-08,23.155166090539606,0.5677704215049744,0.1623237133026123,24.595239639282227,-0.0013154814951121807,0.007949616760015488,0.2914225161075592,22.732429951489127,4.662219965913143,22.616834401931136,True,0.8820156455039978,428.5,384.5,True,OFFBOARD
34.852,TAKEOFF,True,-12.398248425973401,-5.860000244871929,24.792463363130015,0.038217050508068534,-0.026356037816634516,0.3146456754073884,0.0015020704725661384,0.0016778599235628348,-0.010842567271197059,10.000000004412279,7.975472637938368e-08,0.04999999651757947,0.0,0.0,0.0,0.0,-3.0199784480583416e-08,23.15213028111882,0.570598304271698,0.16047441959381104,24.62886619567871,-0.0028652918990701437,0.007372485473752022,0.2667834162712097,22.687113457311316,4.660395515926584,22.569659554097218,True,0.8820156455039978,428.5,384.5,True,OFFBOARD
34.952,TAKEOFF,True,-12.39456291179573,-5.86255181737869,24.821466791915697,0.03860446443370685,-0.026765000367501988,0.29104724634649864,0.0013716088170420556,0.0020539957050890612,-0.010824220264219192,10.000000004412279,7.975472637938368e-08,0.04999999651757947,0.0,0.0,0.0,0.0,-3.0199784480583416e-08,23.14921084949942,0.5723350644111633,0.1592136174440384,24.660987854003906,-0.0041151512414216995,0.006952122785151005,0.2426154464483261,22.740990211377888,4.668300390480356,22.62258019218642,True,0.8984474539756775,430.5,389.0,True,OFFBOARD
35.052,TAKEOFF,True,-12.39066743012344,-5.865246014031156,24.849448951183106,0.039314766989090186,-0.027085807640853186,0.2697081016043234,0.0012780264738394085,0.002289057210350136,-0.0108308934148866,10.000000004412279,7.975472637938368e-08,0.04999999651757947,0.0,0.0,0.0,0.0,-3.0199784480583416e-08,23.146124943597982,0.5748172998428345,0.156960591673851,24.688716888427734,-0.004497481510043144,0.005858618300408125,0.22232161462306976,22.776346634416267,4.676791828899116,22.65693666864349,True,0.8984474539756775,430.5,389.0,True,OFFBOARD
35.152,TAKEOFF,True,-12.386695946654767,-5.86796780592344,24.875368695087428,0.04006671141733534,-0.02730680820282149,0.24943876442170754,0.0010434549699523364,0.0021789072261899217,-0.010839639722452596,10.000000004412279,7.975472637938368e-08,0.04999999651757947,0.0,0.0,0.0,0.0,-3.0199784480583416e-08,23.142973074194074,0.5796857476234436,0.15225447714328766,24.71831703186035,-0.0037492893170565367,0.003196451347321272,0.20274361968040466,22.663551210194118,4.649218808020284,22.537076162672516,True,0.8984474539756775,430.5,389.0,True,OFFBOARD
35.252,TAKEOFF,True,-12.382661243025746,-5.870690898098267,24.89932314469336,0.040543137033162674,-0.027073275876477395,0.23052040265224494,0.000521506117851869,0.0018165988173160894,-0.01080822287756721,10.000000004412279,7.975472637938368e-08,0.04999999651757947,0.0,0.0,0.0,0.0,-3.0199784480583416e-08,23.139760955442224,0.5826687812805176,0.14911140501499176,24.742652893066406,-0.0037791000213474035,0.0030033858492970467,0.18462231755256653,22.68978180015967,4.657067823283196,22.56205037443409,True,0.8863121867179871,430.5,392.5,True,OFFBOARD
35.352,TRANSIT,True,-12.378593495808177,-5.873371031891768,24.92150987697693,0.04079008631735911,-0.026539623727101676,0.2171495817736676,0.0007787811501454013,0.000594311834986388,-0.010774490845986992,10.000000004412279,7.975472637938368e-08,0.04999999651757947,0.0,0.0,0.0,0.0,-3.0199784480583416e-08,23.136506548380044,0.5845755934715271,0.14684049785137177,24.76593017578125,-0.005050986539572477,0.004028132185339928,0.1673806756734848,22.635768604547035,4.641686315919624,22.504638458324788,True,0.8863121867179871,430.5,392.5,True,OFFBOARD
35.452,TRANSIT,True,-12.374980027241095,-5.876135495230272,24.943000429929402,0.02594672265395291,-0.03028483558910551,0.21077220368214616,0.011226379642489875,-0.03595072706388085,-0.010717007827113597,10.000000004412279,7.975472637938368e-08,0.04999999651757947,0.0,0.0,0.0,0.0,-3.0199784480583416e-08,23.133713508913594,0.5860641002655029,0.14438319206237793,24.78651237487793,-0.012210006825625896,0.002426431281492114,0.16268201172351837,22.433272078922123,4.584510956054423,22.29383840937335,True,0.8863121867179871,430.5,392.5,True,OFFBOARD
35.552,TRANSIT,True,-12.374889754548505,-5.879803634345834,24.963172622744835,-0.027372895971878322,-0.04375243886488313,0.19196267329085306,0.019378701932671317,-0.07018605115200695,-0.011003429304696841,10.000000004412279,7.975472637938368e-08,0.04999999651757947,0.0,0.0,0.0,0.0,-3.0199784480583416e-08,23.134558207192953,0.5858258008956909,0.1400136649608612,24.808439254760742,-0.056460488587617874,-0.008031031116843224,0.1475711464881897,22.385772847670385,4.588018657195663,22.249099749273597,True,0.8863121867179871,430.5,392.5,True,OFFBOARD
35.652,TRANSIT,True,-12.381259067415764,-5.885046159521696,24.981281547884127,-0.09737017899838453,-0.06027800165474653,0.17156402174179536,0.018942109362724,-0.07330213537414303,-0.010956487827432946,10.000000004412279,7.975472637938368e-08,0.04999999651757947,0.0,0.0,0.0,0.0,-3.0199784480583416e-08,23.142051051683094,0.5790879130363464,0.1358620524406433,24.826457977294922,-0.12260423600673676,-0.021671094000339508,0.12837795913219452,22.5932382150436,4.63960733978535,22.470125392009848,True,0.8874133825302124,430.0,394.0,True,OFFBOARD
35.752,TRANSIT,True,-12.394265061386339,-5.89180333905209,24.997619548947714,-0.15723969719672679,-0.07350317290366694,0.15664004960734063,0.01413312184015512,-0.05642162895526386,-0.010570915055529843,10.000000004412279,7.975472637938368e-08,0.04999999651757947,0.0,0.0,0.0,0.0,-3.0199784480583416e-08,23.15634805756538,0.5637472867965698,0.13091117143630981,24.84339714050293,-0.19219857454299927,-0.03296627849340439,0.11049813032150269,22.75828732062674,4.668365682976229,22.65361120787553,True,0.8874133825302124,430.0,394.0,True,OFFBOARD
35.852,TRANSIT,True,-12.412213693960124,-5.89962465295161,25.01269101819368,-0.19684965704428597,-0.08187120435297131,0.14553999490289726,0.009854671504053893,-0.03793544435638095,-0.010286244003011891,10.000000004412279,7.975472637938368e-08,0.04999999651757947,0.0,0.0,0.0,0.0,-3.0199784480583416e-08,23.175696210648603,0.5467573404312134,0.12552329897880554,24.858245849609375,-0.23755301535129547,-0.04096207767724991,0.099859319627285,22.841444853910293,4.674669439332166,22.754072644912863,True,0.8874133825302124,430.0,394.0,True,OFFBOARD
35.952,TRANSIT,True,-12.433226610527615,-5.908086702733287,25.02668599943794,-0.22058338343867626,-0.0867183607218699,0.13468447474104672,0.007128917703109062,-0.02748963289368174,-0.010120425906923186,10.000000004412279,7.975472637938368e-08,0.04999999651757947,0.0,0.0,0.0,0.0,-3.0199784480583416e-08,23.198171173320045,0.5293349027633667,0.11870314925909042,24.874492645263672,-0.2641306221485138,-0.045484863221645355,0.09009529650211334,22.82748113131799,4.671699180011382,22.758231435813528,True,0.8874133825302124,430.0,394.0,True,OFFBOARD
36.052,TRANSIT,True,-12.457130172216013,-5.917271845423434,25.040063457524962,-0.23777334784862728,-0.08955691118344489,0.12342579218225942,0.005671182261085017,-0.024100950599981547,-0.01009290369375876,10.000000004412279,7.975472637938368e-08,0.04999999651757947,0.0,0.0,0.0,0.0,-3.0199784480583416e-08,23.223625961647993,0.5089232325553894,0.11276213824748993,24.887449264526367,-0.279535174369812,-0.048079535365104675,0.07943268865346909,22.78023523557283,4.673929768677565,22.733578435623194,True,0.887091338634491,443.5,474.5,True,OFFBOARD
36.152,TRANSIT,True,-12.480643781224153,-5.925951171692436,25.05147041358349,-0.25120763206195257,-0.09102999267115268,0.11466926314827895,0.004615341139894331,-0.022406313960114832,-0.01011514782795048,10.000000004412279,7.975472637938368e-08,0.04999999651757947,0.0,0.0,0.0,0.0,-3.0199784480583416e-08,23.248575080017318,0.48324358463287354,0.10669467598199844,24.899995803833008,-0.29555198550224304,-0.048166293650865555,0.07032198458909988,22.590798263708365,4.6379502898044445,22.567149827262412,True,0.887091338634491,443.5,474.5,True,OFFBOARD
36.252,TRANSIT,True,-12.506375440949851,-5.935088854825929,25.06251070534361,-0.2623714482243027,-0.09154336110889623,0.10661822408429407,0.003635256362952201,-0.019056941991822545,-0.01010298357880558,10.000000004412279,7.975472637938368e-08,0.04999999651757947,0.0,0.0,0.0,0.0,-3.0199784480583416e-08,23.27578605222563,0.4600106179714203,0.09956637769937515,24.911348342895508,-0.3055041432380676,-0.048069629818201065,0.06277013570070267,22.68214671676779,4.655553348835682,22.684363558949425,True,0.887091338634491,443.5,474.5,True,OFFBOARD
36.352,TRANSIT,True,-12.533014506587154,-5.944230166553554,25.07275174141064,-0.2694144400688633,-0.09112731396508099,0.098218650610791,0.002487651554903758,-0.014975316929434017,-0.010127396285127764,10.000000004412279,7.975472637938368e-08,0.04999999651757947,0.0,0.0,0.0,0.0,-3.0199784480583416e-08,23.30387556124597,0.4377550184726715,0.08908428996801376,24.925376892089844,-0.3126370310783386,-0.049370672553777695,0.05617113783955574,22.748757539040827,4.665626260034827,22.77554763066262,True,0.8745083808898926,434.5,433.0,True,OFFBOARD
36.452,ACQUIRE,True,-12.56123022460395,-5.953624179023111,25.082481250195997,-0.2723793627554427,-0.08933887928354935,0.08952918130431185,0.0008527166184629083,-0.01094662785017049,-0.010203800991584622,10.000000004412279,7.975472637938368e-08,0.04999999651757947,0.0,0.0,0.0,0.0,-3.0199784480583416e-08,23.333554192651054,0.41190651059150696,0.08008779585361481,24.936662673950195,-0.3160438537597656,-0.04978981986641884,0.04700285941362381,22.764750855110787,4.671565483975186,22.819538068305103,True,0.8745083808898926,434.5,433.0,True,OFFBOARD
36.552,ACQUIRE,True,-12.587345012847926,-5.962067757491178,25.085034074698722,-0.27081447689003524,-0.08657756348843203,-0.13075271561716034,-0.0036308204219454732,-0.0039545467240428775,-0.0102531310276831,10.000000004412279,7.975472637938368e-08,0.04999999651757947,0.0,0.0,0.0,0.0,-3.0199784480583416e-08,23.360959051902633,0.385890394449234,0.07291101664304733,24.944385528564453,-0.31690219044685364,-0.04930859059095383,-0.03100695088505745,22.661110021636944,4.652957855841535,22.741201342248846,True,0.8745083808898926,434.5,433.0,True,OFFBOARD
36.652,ACQUIRE,True,-12.61396660348305,-5.970372753451702,25.048384830559645,-0.25934848557139745,-0.07785957296170341,-0.5536009492402202,-0.021339612759707787,0.020908794563199485,-0.01032610336670925,10.000000004412279,7.975472637938368e-08,0.04999999651757947,0.0,0.0,0.0,0.0,-3.0199784480583416e-08,23.388818642900596,0.36022287607192993,0.06371963769197464,24.924442291259766,-0.3185174763202667,-0.05376138538122177,-0.4686492085456848,22.92508825539488,4.77717400816829,23.051893668189816,True,0.8745083808898926,434.5,433.0,True,OFFBOARD
36.752,ACQUIRE,True,-12.63926940594472,-5.977261214846173,24.976715282245266,-0.22420275571291373,-0.05272770635576454,-0.7856233024444524,-0.037718730663419256,0.04719705944558821,-0.010734907944754894,10.000000004412279,7.975472637938368e-08,0.04999999651757947,0.0,0.0,0.0,0.0,-3.0199784480583416e-08,23.41504157627443,0.3352161943912506,0.05052883177995682,24.864274978637695,-0.29611966013908386,-0.04424960911273956,-0.7673002481460571,22.8546708880423,4.758028281365586,23.00622504382784,True,0.8938072323799133,431.0,418.0,True,OFFBOARD
36.852,ACQUIRE,True,-12.658322436451638,-5.980661282327296,24.89603760841367,-0.17278119700224878,-0.018624434454974918,-0.8773416079060758,-0.041862374660648946,0.059225856805195674,-0.010969637045496607,10.000000004412279,7.975472637938368e-08,0.04999999651757947,0.0,0.0,0.0,0.0,-3.0199784480583416e-08,23.434331357264245,0.3133706748485565,0.042165957391262054,24.788358688354492,-0.2514163851737976,-0.01938675343990326,-0.8939461708068848,22.83335336469468,4.6845782645752285,22.99351239764952,True,0.8938072323799133,431.0,418.0,True,OFFBOARD
36.952,ACQUIRE,True,-12.67274253844063,-5.980480220472693,24.802668360917647,-0.10491693689909669,0.020582903990537173,-0.909112626515457,-0.04171556164217772,0.07304331556074779,-0.011297614400992908,10.000000004412279,7.975472637938368e-08,0.04999999651757947,0.0,0.0,0.0,0.0,-3.0199784480583416e-08,23.44822805748657,0.2937137186527252,0.03781980276107788,24.696863174438477,-0.18767397105693817,0.013734069652855396,-0.9447917938232422,22.708137546587476,4.627133045305307,22.879427256303448,True,0.8938072323799133,431.0,418.0,True,OFFBOARD
37.052,ACQUIRE,True,-12.679070322334747,-5.976697291143963,24.715181309243082,-0.02734560742731278,0.05678420961836552,-0.9108666913687629,-0.043173198118317296,0.093136150175111,-0.01172388014192292,10.000000004412279,7.975472637938368e-08,0.04999999651757947,0.0,0.0,0.0,0.0,-3.0199784480583416e-08,23.45338232214801,0.2828029692173004,0.03669392690062523,24.6107177734375,-0.1148613914847374,0.04451721906661987,-0.9533543586730957,22.887180353091683,4.639937652971317,23.06832741475248,True,0.8938072323799133,431.0,418.0,True,OFFBOARD
37.152,ACQUIRE,True,-12.676774782796254,-5.969005502501217,24.624426983885833,0.0725948286752379,0.09587635345114064,-0.904211922666515,-0.04721190616397682,0.11730196722322248,-0.01219001829373394,10.000000004412279,7.975472637938368e-08,0.04999999651757947,0.0,0.0,0.0,0.0,-3.0199784480583416e-08,23.449203448961317,0.2820442318916321,0.03752819448709488,24.5194091796875,-0.0151892164722085,0.07785455882549286,-0.946520209312439,22.802666502780554,4.624199675871993,22.982949826908808,True,0.8832212090492249,413.5,376.0,True,OFFBOARD
37.252,ACQUIRE,True,-12.663519728120091,-5.957286550732301,24.534354649552885,0.1901081901721002,0.13707791746100745,-0.8976923519356259,-0.050318605701552645,0.1359608214658592,-0.012467989957238483,10.000000004412279,7.975472637938368e-08,0.04999999651757947,0.0,0.0,0.0,0.0,-3.0199784480583416e-08,23.433403309478194,0.28956207633018494,0.04303504899144173,24.434396743774414,0.09505848586559296,0.1113232970237732,-0.9394179582595825,22.830209841474485,4.630152594000489,23.00266178171636,True,0.8832212090492249,413.5,376.0,True,OFFBOARD
37.352,ACQUIRE,True,-12.636652843048896,-5.940698297307046,24.441387309484842,0.32248004666939595,0.18007843151545888,-0.8900847895888556,-0.0507564162871176,0.14666939239806945,-0.01257448100930036,10.000000004412279,7.975472637938368e-08,0.04999999651757947,0.0,0.0,0.0,0.0,-3.0199784480583416e-08,23.40320382647847,0.3088979423046112,0.05388637259602547,24.341585159301758,0.22680619359016418,0.14814727008342743,-0.9324066638946533,22.757289038408505,4.612606893292906,22.906597206688286,True,0.8832212090492249,413.5,376.0,True,OFFBOARD
37.452,ACQUIRE,True,-12.599464663494992,-5.921503470773224,24.356298897028875,0.4469687445118276,0.21778149574786232,-0.8831214422912487,-0.04921683792213453,0.15082886260201564,-0.012500788509497625,10.000000004412279,7.975472637938368e-08,0.04999999651757947,0.0,0.0,0.0,0.0,-3.0199784480583416e-08,23.36236305631141,0.3389899730682373,0.06737079471349716,24.257226943969727,0.35248032212257385,0.1802840679883957,-0.9233152270317078,22.687338871150605,4.593634227741132,22.8020998843436,True,0.8702061772346497,391.0,281.0,True,OFFBOARD
37.552,ACQUIRE,True,-12.548148911309077,-5.897843677105434,24.268196855584705,0.5733830328198017,0.25325638852241833,-0.8797353689509412,-0.04610857235820801,0.15059963190945866,-0.012341972583174645,10.000000004412279,7.975472637938368e-08,0.04999999651757947,0.0,0.0,0.0,0.0,-3.0199784480583416e-08,23.30672822396744,0.3857885003089905,0.08487857133150101,24.169326782226562,0.4881921708583832,0.21155661344528198,-0.9156538844108582,22.6354635362547,4.575321526707708,22.69828445369107,True,0.8702061772346497,391.0,281.0,True,OFFBOARD
37.652,ACQUIRE,True,-12.48174224323746,-5.869732036562668,24.176758891183077,0.6973823526207671,0.2852871907825822,-0.878740009027625,-0.04227088956645168,0.1463039713157647,-0.012114665110373452,10.000000004412279,7.975472637938368e-08,0.04999999651757947,0.0,0.0,0.0,0.0,-3.0199784480583416e-08,23.23537151859395,0.44010505080223083,0.10459049046039581,24.087121963500977,0.6062231063842773,0.2364441603422165,-0.9143674969673157,22.59242266997321,4.563823269887627,22.596679687107823,True,0.8702061772346497,391.0,281.0,True,OFFBOARD
37.752,ACQUIRE,True,-12.40944358058039,-5.841056248438358,24.09250784697146,0.8028852268708925,0.31031852004976257,-0.8764503446096258,-0.03813498823995587,0.14013209107703145,-0.011901903061220716,10.000000004412279,7.975472637938368e-08,0.04999999651757947,0.0,0.0,0.0,0.0,-3.0199784480583416e-08,23.158175679834834,0.5104442834854126,0.12924152612686157,23.996570587158203,0.7244566082954407,0.2603897750377655,-0.9128817319869995,22.593698804357096,4.5635006847421975,22.524049025860418,True,0.8702061772346497,391.0,281.0,True,OFFBOARD
37.852,ACQUIRE,True,-12.323901942535656,-5.808892274016502,24.004989680553372,0.902009162167374,0.3311753740016187,-0.8740715263974052,-0.032900502003220054,0.1317380599459499,-0.011671005423930444,10.000000004412279,7.975472637938368e-08,0.04999999651757947,0.0,0.0,0.0,0.0,-3.0199784480583416e-08,23.067289145338417,0.5858744382858276,0.15483132004737854,23.913898468017578,0.8243423700332642,0.2787964344024658,-0.9092959761619568,22.606555274724435,4.564696886861183,22.45790058793708,True,0.8762210011482239,386.0,204.0,True,OFFBOARD
37.952,ACQUIRE,True,-12.229093418407816,-5.774944243443327,23.917610712948413,0.9885077893347736,0.34623356674491923,-0.8740309664636462,-0.0274102654571657,0.12170691223140571,-0.011439211345299656,10.000000004412279,7.975472637938368e-08,0.04999999651757947,0.0,0.0,0.0,0.0,-3.0199784480583416e-08,22.966988839125186,0.6782171130180359,0.18520337343215942,23.826519012451172,0.918502926826477,0.293460488319397,-0.9076018929481506,22.54428156012651,4.551801119949995,22.29780146752132,True,0.8762210011482239,386.0,204.0,True,OFFBOARD
38.052,ACQUIRE,True,-12.126336734947488,-5.739790550502096,23.83012902666466,1.0614036232228312,0.3555275886757958,-0.8755795184510172,-0.021776486789582623,0.11013980645299148,-0.011275055324239152,10.000000004412279,7.975472637938368e-08,0.04999999651757947,0.0,0.0,0.0,0.0,-3.0199784480583416e-08,22.85869580668866,0.7709504961967468,0.21439436078071594,23.744792938232422,0.9938694834709167,0.30175983905792236,-0.9079564809799194,22.62097839174559,4.568913294779331,22.2797117167798,True,0.8762210011482239,386.0,204.0,True,OFFBOARD
38.152,ACQUIRE,True,-12.017016349311584,-5.703985800826544,23.742495196732822,1.1202671226005252,0.35958423660577615,-0.8770623023613539,-0.016627984284305435,0.09747124974283425,-0.011173408257043901,10.000000004412279,7.975472637938368e-08,0.04999999651757947,0.0,0.0,0.0,0.0,-3.0199784480583416e-08,22.74388849880368,0.8782459497451782,0.24661429226398468,23.654951095581055,1.0596221685409546,0.3047774136066437,-0.9090575575828552,22.59465766082934,4.567816239653106,22.14216168027487,True,0.8826050758361816,394.5,212.0,True,OFFBOARD
38.252,ACQUIRE,True,-11.90255712055902,-5.668022735410744,23.65478573416627,1.164783368714734,0.3589828511354459,-0.8766768079616847,-0.011941691491628997,0.084280141369183,-0.011155665744571528,10.000000004649303,7.991840964708362e-08,0.04999999379560949,5.184065303148962e-09,1.372658536315241e-09,0.004999403227888492,5.362716151786522e-09,-3.182082530162646e-08,22.62406884842127,0.9836821556091309,0.27744898200035095,23.57162857055664,1.1077141761779785,0.3046102523803711,-0.91050785779953,22.602988075494345,4.576223444891532,22.04254636697832,True,0.8826050758361816,394.5,212.0,True,OFFBOARD
38.352,ACQUIRE,True,-11.784375796277395,-5.632335807534602,23.56715165030046,1.1953121965429108,0.3542673052783568,-0.8762046645398974,-0.007369563262830137,0.07103359785689975,-0.01114307000115782,10.000000005004836,8.016393497593146e-08,0.049999996287036774,-1.285918535593487e-13,1.215129628294543e-12,6.321574334069327e-07,1.221914840879291e-12,-3.425237632175832e-08,22.500716357559547,1.104138731956482,0.31221920251846313,23.48270034790039,1.145453691482544,0.3015313148498535,-0.90993732213974,22.569914616833785,4.576908558606968,21.885317215971867,True,0.8826050758361816,394.5,212.0,True,OFFBOARD
38.452,ACQUIRE,True,-11.663850242005301,-5.597328583399202,23.47953794017641,1.2123905525854926,0.34558627988005214,-0.8760468176145485,-0.0029303210285471478,0.0583931950649088,-0.011176326109925321,10.00000000536038,8.040944790648399e-08,0.04999999651757947,1.9973206680805354e-13,-1.8863194861756965e-12,6.636450625503478e-08,1.896864281501858e-12,-3.668392841641543e-08,22.375265265712045,1.2266219854354858,0.345703661441803,23.392515182495117,1.1683015823364258,0.2941654920578003,-0.9103481769561768,22.546227819377307,4.575340482957276,21.735119520181286,True,0.8826050758361816,394.5,212.0,True,OFFBOARD
38.552,ACQUIRE,True,-11.542250452584744,-5.563369794041926,23.39198390235584,1.2174924112197958,0.33360718015645485,-0.8749479190523518,0.0006145720648677811,0.046537697034857384,-0.011207828751709177,10.000000005700233,8.067422398283616e-08,0.04992755344872801,-3.921808891950322e-09,4.7931278373408714e-09,-0.01811021350370689,6.193113873494705e-09,-3.91247069059307e-08,22.249036814441617,1.3404676914215088,0.37532758712768555,23.3089656829834,1.1765658855438232,0.2854187488555908,-0.9099026322364807,22.52135818206691,4.576921139502097,21.59359882826545,True,0.8847178220748901,410.5,259.5,True,OFFBOARD
38.652,ACQUIRE,True,-11.420723683441265,-5.530746460367105,23.304604916405296,1.2115914124749243,0.3190889661272812,-0.8727345911824301,0.0035409867580356506,0.03565954756249806,-0.01125615784652485,10.00000000613071,8.094141159330426e-08,0.049999993795609377,5.184065405644499e-09,1.3726586811646513e-09,0.0049994032278916885,5.362716287943708e-09,-4.1952289522814e-08,22.123213163760507,1.4552584886550903,0.40546202659606934,23.227449417114258,1.174656629562378,0.27523162961006165,-0.9083936214447021,22.465594547462587,4.56798896393683,21.418703317617382,True,0.8847178220748901,410.5,259.5,True,OFFBOARD
38.752,ACQUIRE,True,-11.300292448355902,-5.499674512524232,23.217319151827883,1.1961490864285576,0.3027270641883821,-0.8735900855087521,0.006106502254208513,0.02570757186498243,-0.01133154771378135,10.000000006486248,8.118693693551426e-08,0.049999996287036774,-1.2859184903797947e-13,1.2151292941400452e-12,6.32157433580405e-07,1.2219145081045118e-12,-4.4383840443835984e-08,21.998838135195175,1.5803509950637817,0.4395798146724701,23.142086029052734,1.1616692543029785,0.26422491669654846,-0.9066973924636841,22.524104462042782,4.591696122121757,21.351367148643696,True,0.8847178220748901,410.5,259.5,True,OFFBOARD
38.852,ACQUIRE,True,-11.181834194423438,-5.4703224595999655,23.12984962453499,1.1728882303262114,0.28481480862914277,-0.8755480921241787,0.008196221544671306,0.018176097657106264,-0.01143362296893791,10.000000006841791,8.143244987963826e-08,0.04999999651757936,1.997320733156256e-13,-1.886319475561315e-12,6.636450641429628e-08,1.8968642716317037e-12,-4.681539243938921e-08,21.87680344183804,1.6931195259094238,0.468564510345459,23.060848236083984,1.1415417194366455,0.2523772716522217,-0.9086092710494995,22.514884697128,4.599507443665037,21.227590404087643,True,0.8847178220748901,410.5,259.5,True,OFFBOARD
38.952,ACQUIRE,True,-11.065987208801529,-5.442810114462967,23.042274663655423,1.144480537470916,0.26614343036669447,-0.8755083054333992,0.009187128634365722,0.012597801148558671,-0.01151576704892586,10.000000007181638,8.169722596945207e-08,0.04992755344871724,-3.921809205731805e-09,4.7931278373408714e-09,-0.01811021350644255,6.193114072197823e-09,-4.9256170830553685e-08,21.75775724231226,1.8119277954101562,0.49741867184638977,22.97101593017578,1.1137514114379883,0.23763245344161987,-0.9106980562210083,22.544377078129322,4.610644143152383,21.13653417754015,True,0.8863404393196106,426.0,323.0,True,OFFBOARD
39.052,ACQUIRE,True,-10.953193845583318,-5.417164131403156,22.954860789233418,1.1120514222109714,0.24760491443838697,-0.872602130307828,0.009390668566149592,0.007407386092806146,-0.01163540335753415,10.000000007612115,8.19644135955036e-08,0.049999993795609265,5.1840655085403045e-09,1.3726588338203172e-09,0.004999403227895444,5.3627164264859456e-09,-5.208375333107735e-08,21.64213484765718,1.9207438230514526,0.5229277610778809,22.889238357543945,1.084396243095398,0.22497029602527618,-0.9094647169113159,22.59483704566379,4.63003329894593,21.07810348386334,True,0.8863404393196106,426.0,323.0,True,OFFBOARD
39.152,ACQUIRE,True,-10.83951891843751,-5.3924157220575015,22.86424476864216,1.0749929790161776,0.229257299421877,-0.8703821140449732,0.008825535416802954,0.003227276154444105,-0.011762459416671145,10.00000000796766,8.220993141664106e-08,0.04999999651757936,1.997320765162071e-13,-1.8863194507061918e-12,6.636450603992909e-08,1.8968642472517595e-12,-5.451530482087824e-08,21.52588435558717,2.0388426780700684,0.5501370429992676,22.802907943725586,1.0507675409317017,0.2117116004228592,-0.9078726768493652,22.607917825324645,4.634030635196946,20.970575559240118,True,0.8863404393196106,426.0,323.0,True,OFFBOARD
39.252,ACQUIRE,True,-10.7339706658271,-5.370344321537015,22.77731086890154,1.0372129136113222,0.21309320523161493,-0.8682248165760338,0.007763833931022549,8.496471514326826e-05,-0.011874064497717258,10.000000008307508,8.247470751665314e-08,0.04992755344870892,-3.921809443811107e-09,4.793127847749212e-09,-0.01811021350852164,6.193114231017783e-09,-5.6956083135841414e-08,21.418173099813483,2.1426689624786377,0.5730063915252686,22.721027374267578,1.0170286893844604,0.20145860314369202,-0.9074413180351257,22.599309230317917,4.64466644578677,20.857913285975,True,0.8648737668991089,435.0,365.0,True,OFFBOARD
39.352,ACQUIRE,True,-10.6362565125776,-5.350595933289729,22.694122255924817,0.9999909469278875,0.19919752628172416,-0.8647175505948752,0.006414707083857522,-0.0016261294049559304,-0.011951284163381738,10.000000008663042,8.272022801207379e-08,0.04992755344870614,-3.9218095180972535e-09,4.793127851218659e-09,-0.018110213509178182,6.1931142807448836e-09,-5.9387634341470385e-08,21.318629433830598,2.2498362064361572,0.5958439707756042,22.63101577758789,0.9782118797302246,0.19140489399433136,-0.905518651008606,22.585171453997575,4.646568057323588,20.734855322766393,True,0.8648737668991089,435.0,365.0,True,OFFBOARD
39.452,ACQUIRE,True,-10.538248771169664,-5.331343335111003,22.60792643120258,0.9620052984380977,0.18671529245593643,-0.859058344076651,0.004569496788970789,-0.001196806370607611,-0.011992420466578134,10.000000009093526,8.29874156538985e-08,0.049999993795609265,5.184065610323415e-09,1.3726589778023657e-09,0.004999403227888445,5.3627165617324324e-09,-6.221521672561843e-08,21.218927531844855,2.346757650375366,0.6155440807342529,22.548004150390625,0.9446974992752075,0.18268771469593048,-0.9021446704864502,22.653880597447436,4.664229047322554,20.70678855704523,True,0.8648737668991089,435.0,365.0,True,OFFBOARD
39.552,ACQUIRE,True,-10.443938477591082,-5.3132193377112555,22.52231172185909,0.9259376007645962,0.1765681697572914,-0.8536582677502287,0.002455905484448923,-0.0007583923578857275,-0.012042306020107417,10.000000009449062,8.323294102292659e-08,0.049999996287036774,-1.2859185380915725e-13,1.2151297301502548e-12,6.321574339273498e-07,1.2219149421956941e-12,-6.464676744843715e-08,21.123089771077048,2.4513580799102783,0.6358701586723328,22.458526611328125,0.9093602299690247,0.17638163268566132,-0.896613359451294,22.517158993187017,4.643458257088967,20.462090036402152,True,0.8648737668991089,435.0,365.0,True,OFFBOARD
39.652,ACQUIRE,True,-10.349567581351874,-5.295311717438189,22.433841446845587,0.8907684866200619,0.16854947701562992,-0.8477924786984073,0.00011950171228526157,0.001048965742898796,-0.012084351582782132,10.000000009788911,8.349770960204664e-08,0.04992755344867483,-3.921809764659402e-09,4.793127854688106e-09,-0.018110213517020007,6.193114439566319e-09,-6.708754633319442e-08,21.02724965884836,2.5498459339141846,0.655092179775238,22.368600845336914,0.8750342726707458,0.1711573302745819,-0.8925797343254089,22.494351449990276,4.644574825448718,20.33959862093939,True,0.8658702373504639,435.0,386.5,True,OFFBOARD
39.752,ACQUIRE,True,-10.2620998240079,-5.278747890852872,22.349380589526223,0.8603710794232812,0.16335458580649445,-0.8414672889744363,-0.0023201434812780268,0.003372505756359654,-0.01212207788571508,10.000000010219392,8.376489725567329e-08,0.049999993795609377,5.184065688658192e-09,1.3726590896920299e-09,0.004999403227887932,5.362716666097258e-09,-6.991512862946074e-08,20.93843045387416,2.6361000537872314,0.6721211075782776,22.285564422607422,0.8476167917251587,0.16859936714172363,-0.8891739249229431,22.614965132599007,4.677854431924868,20.376480297223697,True,0.8658702373504639,435.0,386.5,True,OFFBOARD
39.852,ACQUIRE,True,-10.180835040960675,-5.263220655155075,22.26896257421568,0.83426440511174,0.16058371437869526,-0.834169165510303,-0.004441781015564529,0.005766851360758092,-0.012130298058994397,10.000000010574931,8.401041776816707e-08,0.049999993795609265,5.1840657146948956e-09,1.3726591295906698e-09,0.004999403227896255,5.362716701479178e-09,-7.234667970745127e-08,20.85587677194296,2.720977783203125,0.6896929144859314,22.20409393310547,0.8245260119438171,0.16794587671756744,-0.884051501750946,22.62057059404062,4.682321882112369,20.29617895344503,True,0.8658702373504639,435.0,386.5,True,OFFBOARD
39.952,ACQUIRE,True,-10.098676825015517,-5.247223849169896,22.185836453923145,0.8103704155207301,0.15968625879737428,-0.8289923779465175,-0.006321524663819437,0.008063573426864562,-0.012145959859320227,10.000000010930464,8.425594315072962e-08,0.04999999628703666,-1.2859187083584298e-13,1.215129892145306e-12,6.321574341077611e-07,1.2219151050830516e-12,-7.477823033174257e-08,20.772341455967556,2.8131015300750732,0.7100455164909363,22.118019104003906,0.8030457496643066,0.17027683556079865,-0.8788676857948303,22.661233384180367,4.696330548147499,20.244475949047395,True,0.8731902837753296,428.5,393.0,True,OFFBOARD
40.052,ACQUIRE,True,-10.018747353281139,-5.231230712524591,22.103151170762075,0.7895746263032459,0.16037286526657146,-0.8248101540789275,-0.007802798254816263,0.010594015863281674,-0.012142051605119034,10.000000011286,8.450145613500997e-08,0.04999999651757947,1.9973209258731828e-13,-1.886319440224159e-12,6.636450693487987e-08,1.89686423852022e-12,-7.720978202999095e-08,20.690964735799962,2.8941333293914795,0.7284137010574341,22.037460327148438,0.7849655151367188,0.17379121482372284,-0.8767489790916443,22.545121814840535,4.67930391256678,20.044223155778617,True,0.8731902837753296,428.5,393.0,True,OFFBOARD
40.152,ACQUIRE,True,-9.940721580716383,-5.21510237130644,22.02093698245939,0.772256457750607,0.1623202785680221,-0.8194296408540975,-0.009246657001542164,0.013864080264832589,-0.012111126935290876,10.000000011625854,8.476623226532791e-08,0.04992755344869371,-3.921810179763972e-09,4.7931278703006175e-09,-0.018110213512315027,6.19311471451586e-09,-7.965056012535809e-08,20.61139663512978,2.9784538745880127,0.7481158971786499,21.949979782104492,0.7685222029685974,0.17806848883628845,-0.8744558095932007,22.69289391429761,4.713296063784815,20.109246625195876,True,0.8731902837753296,428.5,393.0,True,OFFBOARD
40.252,ACQUIRE,True,-9.86118707505072,-5.198044238427801,21.936047985189976,0.7585382907382281,0.16584262775505731,-0.8133128572673709,-0.010951730610694864,0.01783196762865474,-0.012093883261755936,10.000000012056331,8.503342480510038e-08,0.049999996287036885,-1.2859187243395592e-13,1.2151295412619076e-12,6.321574342255558e-07,1.221914756316268e-12,-8.247814184648442e-08,20.53013437115635,3.05442214012146,0.7663300037384033,21.86988639831543,0.7562257647514343,0.18386243283748627,-0.8701711297035217,22.64241004601079,4.709744830510693,19.98098572886919,True,0.8731902837753296,428.5,393.0,True,OFFBOARD
40.352,ACQUIRE,True,-9.788835205847677,-5.1819120803288925,21.858186034535283,0.7497609544543026,0.17020030732827263,-0.8093875538726948,-0.012069855386043469,0.021355471958294483,-0.012037213117905583,10.000000012411865,8.527894533420915e-08,0.049999996287036774,-1.2859186243499668e-13,1.2151300636694778e-12,6.321574342810669e-07,1.2219152747706733e-12,-8.490969280127903e-08,20.456055655661082,3.1357970237731934,0.7863247990608215,21.785123825073242,0.7469199299812317,0.1901913285255432,-0.8663663268089294,22.637104463687056,4.709865401494255,19.89208794282248,True,0.8820125460624695,422.0,382.5,True,OFFBOARD
40.452,ACQUIRE,True,-9.714185979592608,-5.16462455415748,21.777410137725433,0.7439519737885477,0.17542883792179956,-0.8062441362030486,-0.012883963284309146,0.024303640333492405,-0.0119532009266672,10.000000012767407,8.552445833209899e-08,0.04999999651757958,1.9973209883796028e-13,-1.886319426062827e-12,6.636450711545764e-08,1.896864225095779e-12,-8.734124440041143e-08,20.379462137411124,3.2151637077331543,0.8068081736564636,21.699861526489258,0.7413292527198792,0.19723902642726898,-0.8649383783340454,22.70038364121579,4.727957950324935,19.875844923606547,True,0.8820125460624695,422.0,382.5,True,OFFBOARD
40.552,ACQUIRE,True,-9.639962823808752,-5.146787131695321,21.696963415389565,0.7410628590779514,0.1811515485518607,-0.8027784988310355,-0.013498604531953564,0.026935409633992716,-0.011820040393022205,10.000000013107256,8.578923447592643e-08,0.04992755344867328,-3.921810457296772e-09,4.793127884178405e-09,-0.018110213517384708,6.1931149010050565e-09,-8.978202239816235e-08,20.303141601671015,3.2873220443725586,0.8262856006622314,21.620134353637695,0.7396231293678284,0.20473681390285492,-0.863354504108429,22.670495829132967,4.729874370565136,19.772340055105648,True,0.8820125460624695,422.0,382.5,True,OFFBOARD
40.652,ACQUIRE,True,-9.565898249304569,-5.128365212865841,21.616922531697046,0.7406472530723269,0.18704267588259824,-0.7980923429745898,-0.013672363064624944,0.0293590150809381,-0.011733010532351863,10.000000013537733,8.605642216441675e-08,0.049999993795609377,5.184065916842737e-09,1.3726594244936607e-09,0.004999403227891568,5.362716972377136e-09,-9.260960443320513e-08,20.226826381592478,3.359586238861084,0.845318078994751,21.542442321777344,0.7391586899757385,0.2111143171787262,-0.8610360026359558,22.683176420029515,4.737508770009638,19.71167892050223,True,0.8820125460624695,422.0,382.5,True,OFFBOARD
40.752,ACQUIRE,True,-9.491759491301277,-5.109361786314759,21.537215499492934,0.7424325618919386,0.19280198229945858,-0.797029751201964,-0.014020160565226336,0.03184782447893753,-0.011690724413673,10.000000013893267,8.630194757378424e-08,0.049999996287036774,-1.2859185220111814e-13,1.215129622153554e-12,6.321574344476005e-07,1.2219148346294651e-12,-9.504115485871038e-08,20.150291991772505,3.4386188983917236,0.8648124933242798,21.462480545043945,0.7412621378898621,0.21735112369060516,-0.8584403991699219,22.678138765014218,4.737864387936836,19.625484852011265,True,0.8553550243377686,416.5,366.0,True,OFFBOARD
40.852,ACQUIRE,True,-9.414342261074921,-5.088979610718865,21.4542721627064,0.7465288877697881,0.1989494870863779,-0.7978177013704306,-0.014400508964718037,0.03389232335137709,-0.011683406617645156,10.000000014233121,8.656671619311008e-08,0.04992755344864208,-3.921810703892018e-09,4.793127884178405e-09,-0.018110213525226515,6.193115057162314e-09,-9.748193344840511e-08,20.0702366787788,3.5111074447631836,0.8839775323867798,21.386066436767578,0.7459474205970764,0.22168101370334625,-0.8605693578720093,22.75533245084017,4.759130604350878,19.630512153677287,True,0.8553550243377686,416.5,366.0,True,OFFBOARD
40.952,ACQUIRE,True,-9.33942601660818,-5.068775339753108,21.37450454677316,0.7517187613116124,0.20488362476073022,-0.7972898756835229,-0.014497632168636544,0.03490537830487622,-0.011682526639297332,10.000000014663598,8.683390389346334e-08,0.049999993795609265,5.184065994999285e-09,1.3726595467916658e-09,0.0049994032278906355,5.362717079233831e-09,-1.0030951539637272e-07,19.992645736475318,3.5925464630126953,0.9067357778549194,21.298307418823242,0.7504400014877319,0.22928106784820557,-0.8617157340049744,22.712833719146932,4.755243042315247,19.50375330344632,True,0.8553550243377686,416.5,366.0,True,OFFBOARD
41.052,ACQUIRE,True,-9.266981393028743,-5.048834556760076,21.298047203413574,0.7574286205213036,0.2102166112805391,-0.7954034032231465,-0.013981221840044186,0.035901252655095084,-0.011695959376484598,10.000000015019133,8.707942444627588e-08,0.049999993795609377,5.184066019071397e-09,1.372659572812518e-09,0.004999403227896655,5.362717109164402e-09,-1.0274106617679953e-07,19.917512491244896,3.6654436588287354,0.9280508160591125,21.219999313354492,0.7545915246009827,0.23443494737148285,-0.8610420227050781,22.62886466584773,4.740502121421964,19.342857111740553,True,0.8553550243377686,416.5,366.0,True,OFFBOARD
41.152,ACQUIRE,True,-9.190890496502867,-5.027560503778375,21.218604987783362,0.7643133203858695,0.2149125896747606,-0.7938293163957684,-0.013152505178582624,0.037368653725158886,-0.011694381027227934,10.000000015374672,8.732494986917481e-08,0.04999999628703666,-1.2859188187374107e-13,1.2151296134714663e-12,6.321574346280119e-07,1.221914829118276e-12,-1.0517261650320588e-07,19.838514161501276,3.7457003593444824,0.9524266123771667,21.137420654296875,0.7614567279815674,0.24115519225597382,-0.860020637512207,22.69222776569498,4.752870173791878,19.323930035660165,True,0.8559401631355286,415.0,354.0,True,OFFBOARD
41.252,ACQUIRE,True,-9.114061486229922,-5.0058722229619805,21.139264415892683,0.772020764853401,0.21849419571646725,-0.7928703166060103,-0.011945835163172403,0.038042800012338784,-0.01170318978813025,10.000000015730208,8.757046289398669e-08,0.04999999651757936,1.9973211195765225e-13,-1.886319405786976e-12,6.636450744819147e-08,1.896864206314093e-12,-1.076041679041382e-07,19.75869693805919,3.8199260234832764,0.9755918979644775,21.059446334838867,0.769177258014679,0.2458072155714035,-0.8605583310127258,22.719251920630303,4.758032476385388,19.2741115514012,True,0.8559401631355286,415.0,354.0,True,OFFBOARD
41.352,ACQUIRE,True,-9.036453772720586,-4.983890252540101,21.060104406738738,0.7798167393729483,0.2209160335705329,-0.7899184035935478,-0.011188365722850506,0.03828253961647522,-0.0117343435777482,10.000000016070056,8.783523906480211e-08,0.04992755344865152,-3.9218110841137495e-09,4.793127898056193e-09,-0.018110213522856047,6.193115308679634e-09,-1.1004494570436797e-07,19.67805213372625,3.900719404220581,1.0011342763900757,20.97362518310547,0.7772060036659241,0.24854877591133118,-0.8618698120117188,22.710623921702844,4.765876893345093,19.18295584441347,True,0.8559401631355286,415.0,354.0,True,OFFBOARD
41.452,ACQUIRE,True,-8.958062644987136,-4.961694115344783,20.981365352838946,0.7876979657720357,0.22289849608891196,-0.78505340537445,-0.011030431720245032,0.03853389909605869,-0.011732394514361979,10.000000016500536,8.810242678459145e-08,0.049999993795609154,5.184066121224949e-09,1.37265971852929e-09,0.004999403227887877,5.362717245213027e-09,-1.128725275066623e-07,19.596595348310245,3.97568678855896,1.0239837169647217,20.8950252532959,0.7847663760185242,0.25000789761543274,-0.8597313165664673,22.67253962184285,4.77062389732345,19.068550508902202,True,0.8437128067016602,413.5,348.0,True,OFFBOARD
41.552,ACQUIRE,True,-8.878901438050853,-4.939315361225337,20.903048297300895,0.7950865424671872,0.22452390153526364,-0.7818230105205239,-0.010527545478765003,0.03795503681874754,-0.011665616150396548,10.000000016856069,8.834795222085154e-08,0.049999996287036774,-1.285918919752707e-13,1.215129650740916e-12,6.321574347874399e-07,1.2219148672438357e-12,-1.153040777339648e-07,19.514347471911023,4.057399272918701,1.0473564863204956,20.811717987060547,0.7928755879402161,0.2513478696346283,-0.8571580648422241,22.669685217668054,4.773113430492052,18.98152925599402,True,0.8437128067016602,413.5,348.0,True,OFFBOARD
41.652,ACQUIRE,True,-8.799052830645643,-4.916805269591403,20.824977898866784,0.8014448137811477,0.22553328707750092,-0.7796541263927304,-0.009889947972172661,0.037083737339931235,-0.011635751055560686,10.000000017211605,8.8593465259074e-08,0.04999999651757947,1.9973211797599867e-13,-1.8863193901168663e-12,6.636450762166381e-08,1.8968641913648023e-12,-1.177356290357923e-07,19.431401465329387,4.1334309577941895,1.0696470737457275,20.733983993530273,0.7993091940879822,0.2516492009162903,-0.8569567203521729,22.637041215374694,4.7735266655446065,18.870673453668335,True,0.8437128067016602,413.5,348.0,True,OFFBOARD
41.752,ACQUIRE,True,-8.718617642715513,-4.894228294557723,20.747143009131673,0.8068931629002078,0.22586024614277242,-0.7770661965965022,-0.009064102195921638,0.036297208295217265,-0.01164999684929504,10.000000017551452,8.88582414433571e-08,0.04992755344864064,-3.921811396651033e-09,4.793127911933981e-09,-0.018110213525592153,6.1931155173355624e-09,-1.2017640673767696e-07,19.347871164040058,4.216318607330322,1.0944008827209473,20.648902893066406,0.8042107820510864,0.25124090909957886,-0.8562014698982239,22.741589765097515,4.797567773718046,18.89177377832421,True,0.8437128067016602,413.5,348.0,True,OFFBOARD
41.852,ACQUIRE,True,-8.63769699009098,-4.871658956039909,20.669592843232454,0.8111095963298851,0.2254349891340068,-0.7741787948912503,-0.008338594951806135,0.03501858107170977,-0.011622676749578176,10.000000017981932,8.912542917889589e-08,0.049999993795609377,5.184066223424759e-09,1.3726598755217645e-09,0.004999403227893553,5.3627173841925395e-09,-1.2300398842360196e-07,19.26387322469371,4.292942523956299,1.1160881519317627,20.57328224182129,0.808434009552002,0.2503032982349396,-0.8538065552711487,22.683511959423207,4.791469042971631,18.754238690358793,True,0.8460245728492737,415.5,346.0,True,OFFBOARD
41.952,ACQUIRE,True,-8.553170113545297,-4.848267404731825,20.589015649700276,0.814045044938168,0.22435961150987638,-0.776302729905416,-0.007823155443800864,0.0337221364174912,-0.011622475718580093,10.000000018337467,8.937094709403107e-08,0.04999999651757936,1.9973212164348486e-13,-1.886319369867485e-12,6.63645072401912e-08,1.89686417161416e-12,-1.254355392196533e-07,19.17617844193572,4.37589693069458,1.137384295463562,20.496002197265625,0.8119191527366638,0.24783635139465332,-0.8529195785522461,22.71548184133002,4.798056502418861,18.701360798112585,True,0.8460245728492737,415.5,346.0,True,OFFBOARD
42.052,ACQUIRE,True,-8.471684049779919,-4.8258972226203385,20.51114116344952,0.8153869655087048,0.22308179981870774,-0.7809575567749729,-0.007652363965294885,0.03226084370117681,-0.011623264532260693,10.000000018677314,8.963572328830042e-08,0.04992755344860911,-3.92181164286217e-09,4.7931279101992574e-09,-0.018110213533433492,6.1931156719070225e-09,-1.2787631684645194e-07,19.091683980030073,4.452860355377197,1.1579762697219849,20.422286987304688,0.8138368129730225,0.24594596028327942,-0.8576564192771912,22.68024541146296,4.79725615749661,18.587144054006238,True,0.8460245728492737,415.5,346.0,True,OFFBOARD
42.152,ACQUIRE,True,-8.39339826414894,-4.804547574131728,20.436007801828183,0.8153929562985176,0.2217379662949684,-0.7838445214643306,-0.007454572683804594,0.031098475223088676,-0.011645316477531498,10.00000001903285,8.988124387767396e-08,0.049927553448629536,-3.921811709612906e-09,4.793127917138151e-09,-0.0181102135283269,6.193115719547472e-09,-1.3030786735806902e-07,19.01054388121306,4.536563396453857,1.181005597114563,20.339881896972656,0.8151336312294006,0.24382813274860382,-0.8620932698249817,22.687492450072206,4.806555319922752,18.50947963347542,True,0.8627634644508362,417.5,346.0,True,OFFBOARD
42.252,ACQUIRE,True,-8.311895268163042,-4.7824515647537185,20.35756927409619,0.81460158177962,0.22021451000403788,-0.7845449259545381,-0.007196631729521346,0.030399456797584518,-0.01162822676544575,10.000000019463329,9.014843162865729e-08,0.049999993795609377,5.184066325720499e-09,1.3726600221058982e-09,0.004999403227885059,5.362717520600634e-09,-1.3313544892758228e-07,18.926102421166096,4.614598274230957,1.202404260635376,20.263442993164062,0.8160723447799683,0.2416597306728363,-0.8642784953117371,22.61506773515284,4.793202451368501,18.355128233280027,True,0.8627634644508362,417.5,346.0,True,OFFBOARD
42.352,ACQUIRE,True,-8.230507401955546,-4.760519766497947,20.279069581355774,0.8130454467756083,0.21844812567332694,-0.7856769953220036,-0.0068692274240944266,0.029283996657541007,-0.01163471026043311,10.000000019818861,9.039395709187385e-08,0.049999996287036774,-1.2859191042967018e-13,1.2151299992949738e-12,6.321574351343847e-07,1.221915215804499e-12,-1.3556699895667798e-07,18.841813876674234,4.700610160827637,1.2249970436096191,20.182777404785156,0.8166826963424683,0.23929931223392487,-0.8653557300567627,22.662580112040796,4.805050940918018,18.315270962667125,True,0.8627634644508362,417.5,346.0,True,OFFBOARD
42.452,ACQUIRE,True,-8.149334191799117,-4.73877293149297,20.200431571729055,0.810324325691849,0.2165442289886544,-0.7867434801037022,-0.006650837940055712,0.027943367022915878,-0.011597012631017964,10.000000020174399,9.06394701568979e-08,0.04999999651757936,1.9973213130702237e-13,-1.8863193710850947e-12,6.636450795439767e-08,1.896864173842532e-12,-1.3799855006117603e-07,18.7577797751547,4.779668807983398,1.2463488578796387,20.105892181396484,0.8169832825660706,0.23771417140960693,-0.8672030568122864,22.71675481056808,4.820956917249433,18.28980254246149,True,0.8627634644508362,417.5,346.0,True,OFFBOARD
42.552,ACQUIRE,True,-8.06848476540218,-4.717224361575238,20.12176478762411,0.8067215039532896,0.21448137916078552,-0.7861781103155724,-0.006419132438484528,0.02732548295665074,-0.011539458308340194,10.000000020514246,9.090424636811861e-08,0.049927553448595674,-3.921812031154725e-09,4.793127922342322e-09,-0.018110213536826167,6.1931159271926736e-09,-1.404393275674715e-07,18.67410905489104,4.864884853363037,1.2698314189910889,20.02036476135254,0.814702570438385,0.23600967228412628,-0.8686742782592773,22.60342813668162,4.802503316443674,18.086892727862853,True,0.8738756775856018,420.5,352.5,True,OFFBOARD
42.652,ACQUIRE,True,-7.9879976342126735,-4.6958840356653075,20.04327500181815,0.8032773274268263,0.21242971413421088,-0.7837283992447432,-0.006492098979093054,0.02789882177060905,-0.011471108018739752,10.000000020944723,9.117143413495981e-08,0.049999993795609265,5.184066428193825e-09,1.3726601678226702e-09,0.00499940322789404,5.362717656958386e-09,-1.432669090211795e-07,18.59084149183746,4.949634075164795,1.2928177118301392,19.9360294342041,0.8116394281387329,0.23431232571601868,-0.8662723302841187,22.612522750370342,4.807281494077975,18.009139125161873,True,0.8738756775856018,420.5,352.5,True,OFFBOARD
42.752,ACQUIRE,True,-7.90781612696341,-4.67473909480166,19.96495619394729,0.8005631529866949,0.2105854615389097,-0.7829679017751854,-0.006680267338830959,0.028382914928962534,-0.011432682136111936,10.000000021300256,9.141695961160299e-08,0.049999996287036774,-1.2859191389555694e-13,1.2151285671740183e-12,6.321574353215684e-07,1.2219137920007717e-12,-1.4569845895116888e-07,18.50791899861194,5.0274577140808105,1.313310146331787,19.86014747619629,0.8095453381538391,0.23169754445552826,-0.8653399348258972,22.689323994925953,4.828176291596967,18.008214918241787,True,0.8738756775856018,420.5,352.5,True,OFFBOARD
42.852,ACQUIRE,True,-7.824700228688218,-4.65293044982112,19.883544992067417,0.7978914566380306,0.20893981246223245,-0.7824452557746878,-0.006960044657751156,0.028045113925240357,-0.011373947105313812,10.000000021640107,9.16817282983141e-08,0.04992755344858735,-3.921812269089936e-09,4.793127931015939e-09,-0.018110213538905268,6.193116084578869e-09,-1.4813923704912012e-07,18.42198962213649,5.105023384094238,1.3341655731201172,19.78294563293457,0.8084481358528137,0.23064151406288147,-0.8657218217849731,22.64434258539162,4.82415451906733,17.883169207045846,True,0.8652297854423523,419.5,360.0,True,OFFBOARD
42.952,ACQUIRE,True,-7.7450592399305975,-4.632107934973772,19.805367483229375,0.7950047813467114,0.20757961699014696,-0.7809511881539335,-0.007017008504801258,0.02770084270030239,-0.011306344206435587,10.000000022070584,9.194891607685222e-08,0.049999993795609377,5.184066505816792e-09,1.372660277977611e-09,0.004999403227891847,5.362717760191104e-09,-1.5096681841521966e-07,18.339671561536086,5.188827991485596,1.3570799827575684,19.698007583618164,0.8066986203193665,0.22876903414726257,-0.8663224577903748,22.71820753957912,4.845594754798624,17.87313298377954,True,0.8652297854423523,419.5,360.0,True,OFFBOARD
43.052,ACQUIRE,True,-7.668877106974628,-4.612238365402045,19.73052548421309,0.7922793556902888,0.20645701823134413,-0.7782374681525493,-0.0072356688525277565,0.027894522665198436,-0.011280498128978864,10.000000022426118,9.21944366968853e-08,0.049999993795609265,5.184066530157689e-09,1.3726603187436126e-09,0.004999403227896263,5.362717794155729e-09,-1.5339836870013284e-07,18.260940901377253,5.266597747802734,1.3780497312545776,19.620752334594727,0.8049684166908264,0.2274099737405777,-0.8651207685470581,22.77470132017745,4.864295513226944,17.851823446172673,True,0.8652297854423523,419.5,360.0,True,OFFBOARD
43.152,ACQUIRE,True,-7.589778895088482,-4.591642961823653,19.652749391785417,0.7898310762964877,0.20551383205081128,-0.7779503128330001,-0.0073684909924967585,0.028156384247476556,-0.011286973456941924,10.00000002278165,9.243996218686134e-08,0.04999999628703666,-1.2859191486832134e-13,1.2151295567202589e-12,6.32157435474224e-07,1.2219147761544888e-12,-1.5582991853103215e-07,18.179205381900385,5.351756572723389,1.4004284143447876,19.54043197631836,0.8048420548439026,0.22652913630008698,-0.8638235330581665,22.691680160048534,4.85024849920098,17.679768342151775,True,0.8652297854423523,419.5,360.0,True,OFFBOARD
43.252,ACQUIRE,True,-7.507765643042206,-4.570316849000905,19.57180113513659,0.7874366002985743,0.2046667318005634,-0.7785052509780344,-0.00748054615845606,0.028040038194238837,-0.011297358098795132,10.0000000231215,9.270473088704846e-08,0.049927553448576245,-3.9218125817263595e-09,4.7931279431590035e-09,-0.01811021354164093,6.193116291955031e-09,-1.582706965306265e-07,18.094464777078713,5.429827690124512,1.4213743209838867,19.463647842407227,0.8036951422691345,0.22660288214683533,-0.8658795952796936,22.669155847395064,4.855319815963009,17.578009471397742,True,0.8532502055168152,420.5,359.5,True,OFFBOARD
43.352,ACQUIRE,True,-7.42914373193599,-4.549888466055538,19.49400393819565,0.7850822180935023,0.20392037761412948,-0.7771870216123589,-0.007373419975191615,0.027800889359240882,-0.0112709887536791,10.000000023551976,9.297191868121745e-08,0.049999993795609265,5.1840666080180685e-09,1.3726604315006385e-09,0.004999403227883232,5.362717898283992e-09,-1.6109827778035465e-07,18.013232301534174,5.513973236083984,1.4444140195846558,19.378726959228516,0.8030875325202942,0.22718125581741333,-0.8673641085624695,22.687424983557896,4.863560818055526,17.51051140750345,True,0.8532502055168152,420.5,359.5,True,OFFBOARD
43.452,ACQUIRE,True,-7.353896076382143,-4.530352748140318,19.419543565294973,0.7826632190495676,0.20309002855699168,-0.7740324181945092,-0.007230924971275405,0.027582016403841184,-0.011202093777826274,10.000000023907509,9.321743931469125e-08,0.049999993795609265,5.18406663258558e-09,1.372660460123576e-09,0.0049994032278881965,5.362717929359502e-09,-1.6352982796616622e-07,17.935490144594507,5.5905609130859375,1.46440851688385,19.301071166992188,0.8017513155937195,0.22518552839756012,-0.8661484718322754,22.678087370873406,4.864818316541698,17.422581532344623,True,0.8532502055168152,420.5,359.5,True,OFFBOARD
43.552,ACQUIRE,True,-7.275759669492145,-4.510085605884589,19.342249280254943,0.7802025946028937,0.20235828639552322,-0.7724108578251855,-0.00764196749451088,0.027714957695658512,-0.011111763729768772,10.000000024263041,9.346296481828476e-08,0.04999999628703666,-1.2859190977288877e-13,1.2151297019864093e-12,6.321574634034386e-07,1.2219149200777517e-12,-1.6596137769795682e-07,17.85476815900547,5.671925067901611,1.4837721586227417,19.218883514404297,0.800529956817627,0.22457566857337952,-0.8644447922706604,22.734528493706613,4.880075350129789,17.397336320107556,True,0.8532502055168152,420.5,359.5,True,OFFBOARD
43.652,ACQUIRE,True,-7.197860216028244,-4.489869749181101,19.26504836780872,0.7779146920027451,0.2020349090060922,-0.7714490141618288,-0.008018869795345985,0.02784471626513803,-0.011018916758838258,10.000000024618577,9.370847792361246e-08,0.04999999651757947,1.9973214863468552e-13,-1.8863193173249724e-12,6.636450797571395e-08,1.8968641222057997e-12,-1.6839292850398582e-07,17.77428839821471,5.747326850891113,1.5025978088378906,19.142200469970703,0.7999995946884155,0.22298675775527954,-0.8653720021247864,22.67029535302367,4.865159077036118,17.2538019348362,True,0.8594734072685242,420.0,361.0,True,OFFBOARD
43.752,ACQUIRE,True,-7.120172738604333,-4.469666239176607,19.18799584294778,0.7759813795372987,0.20209097417076674,-0.7694897972826655,-0.008392087390854204,0.028200136083588248,-0.010963828619621042,10.000000024958425,9.397325417513511e-08,0.04992755344859523,-3.921812997398881e-09,4.793127953567344e-09,-0.01811021353693644,6.193116563236597e-09,-1.708337057144244e-07,17.69401685836004,5.829256057739258,1.5237057209014893,19.057575225830078,0.7988392114639282,0.22257834672927856,-0.8658286929130554,22.686125353327746,4.871830017683321,17.186156602197443,True,0.8594734072685242,420.0,361.0,True,OFFBOARD
43.852,ACQUIRE,True,-7.042651914722282,-4.449437999229872,19.111199632863933,0.7746088343132946,0.20250401148725727,-0.7665308449363817,-0.00866227559867165,0.028804163182366532,-0.010913510005627873,10.0000000253889,9.424044198888926e-08,0.049999993795609265,5.184066734676082e-09,1.372660618850774e-09,0.0049994032278937095,5.362718068677387e-09,-1.736612868183823e-07,17.613900320468495,5.904122352600098,1.5425549745559692,18.98059844970703,0.7978907823562622,0.2227819561958313,-0.8639656901359558,22.71265072412766,4.881459264020923,17.136945698421712,True,0.8594734072685242,420.0,361.0,True,OFFBOARD
43.952,ACQUIRE,True,-6.9652412889814945,-4.429164325532336,19.034618140812576,0.773693016528137,0.2029476177232332,-0.765598100551083,-0.00869957714447912,0.029142536588124004,-0.01082389683768562,10.00000002574444,9.448596750583774e-08,0.049999996287036774,-1.285919078852626e-13,1.215129659634762e-12,6.32157464097328e-07,1.2219148777626306e-12,-1.7609283645136488e-07,17.533878929844352,5.983839988708496,1.561375617980957,18.899036407470703,0.796342134475708,0.22051511704921722,-0.8626508712768555,22.701308825652724,4.876760329924181,17.043049612742088,True,0.8756789565086365,420.0,364.0,True,OFFBOARD
44.052,ACQUIRE,True,-6.887906958588444,-4.408837746212799,18.95806294431941,0.7730477535698969,0.20363955497588054,-0.7653748960752752,-0.009208674626226489,0.02926638008191777,-0.010706189142350235,10.000000026099986,9.47314806245922e-08,0.04999999651757947,1.997321569221176e-13,-1.886319323121854e-12,6.636450864845359e-08,1.8968641288430892e-12,-1.7852438715916407e-07,17.453917996576887,6.058061122894287,1.5797040462493896,18.82164764404297,0.7964544296264648,0.21916894614696503,-0.8641674518585205,22.628458542738503,4.8669313239768295,16.893310327671582,True,0.8756789565086365,420.0,364.0,True,OFFBOARD
44.152,ACQUIRE,True,-6.807544697087431,-4.387599245557199,18.878562532990323,0.7723891258542627,0.20480745654374868,-0.7632194469079405,-0.009631722716263289,0.029143822543864786,-0.01065754636443878,10.000000026514783,9.501792405842954e-08,0.049999993795609154,5.1840668129945e-09,1.3726607298730764e-09,0.004999403227893225,5.362718172804407e-09,-1.8136119527186364e-07,17.370796976802872,6.138988971710205,1.6003060340881348,18.736873626708984,0.7953278422355652,0.21808210015296936,-0.8652386665344238,22.756725877377335,4.896546608985456,16.941498805996204,True,0.8756789565086365,420.0,364.0,True,OFFBOARD
44.252,ACQUIRE,True,-6.733425858830191,-4.367872300872459,18.80545807050315,0.7717720075321417,0.2061053319866689,-0.7599538124271027,-0.009600020690159644,0.029076993028700458,-0.010604060496851284,10.000000026870328,9.526344471863569e-08,0.049999993795609154,5.1840668369415115e-09,1.3726607628328225e-09,0.0049994032278853785,5.3627182043901545e-09,-1.8379274525943056e-07,17.294098737464125,6.213972091674805,1.6195446252822876,18.661054611206055,0.7945098876953125,0.21823005378246307,-0.8637619614601135,22.752009295656848,4.898558153384773,16.859970470845234,True,0.8756789565086365,420.0,364.0,True,OFFBOARD
44.352,ACQUIRE,True,-6.65628466110951,-4.347201808254912,18.72950615899616,0.7710874077011328,0.20720817940846134,-0.7599080695439725,-0.009334174550739921,0.029173542453108693,-0.010589148605772938,10.000000027225873,9.550897024895702e-08,0.04999999628703666,-1.2859190689926332e-13,1.215129631894433e-12,6.321574637502169e-07,1.2219148500725772e-12,-1.8622429479300749e-07,17.214237828349066,6.295287609100342,1.6403323411941528,18.582691192626953,0.7932193279266357,0.21886517107486725,-0.86126309633255,22.726760271696854,4.894292895802972,16.750568741168365,True,0.8740496039390564,421.0,360.5,True,OFFBOARD
44.452,ACQUIRE,True,-6.579206515075924,-4.32643761484695,18.653358223720094,0.7705259828606539,0.20799412133069628,-0.7630896826938716,-0.00905360117731038,0.02933069757431976,-0.010570099409097797,10.000000027581418,9.575448338114207e-08,0.04999999651757947,1.9973216275339195e-13,-1.8863193062341347e-12,6.636450846110346e-08,1.8968641126632595e-12,-1.8865584540084464e-07,17.13441428376839,6.370236396789551,1.6591768264770508,18.51036262512207,0.7929826974868774,0.21880638599395752,-0.8634856939315796,22.674177228098987,4.8848427125759155,16.61997012751771,True,0.8740496039390564,421.0,360.5,True,OFFBOARD
44.552,ACQUIRE,True,-6.502179337853781,-4.3056105203204815,18.576797144414623,0.7700659848626703,0.20849319639077799,-0.7681367075617985,-0.008869338856975847,0.029555442735570814,-0.010524815476644786,10.000000027921274,9.601925965977863e-08,0.04992755344856392,-3.921813587664263e-09,4.793127977853473e-09,-0.018110213544741304,6.19311695582037e-09,-1.9109662241453505e-07,17.05462419989809,6.451063632965088,1.678515076637268,18.43256378173828,0.7925776839256287,0.21781377494335175,-0.8681195378303528,22.714977903932997,4.893487321096064,16.578629435090043,True,0.8740496039390564,421.0,360.5,True,OFFBOARD
44.652,ACQUIRE,True,-6.4251785312273775,-4.284736962893398,18.499758250988727,0.7700423359141397,0.20899068323760572,-0.7720947073009148,-0.00910711751828621,0.030087145681584836,-0.010500486749375643,10.000000028351762,9.628644750478436e-08,0.049999993795609154,5.184066939078956e-09,1.3726609154884883e-09,0.004999403227890907,5.362718342199331e-09,-1.939242032858594e-07,16.97484793393942,6.526000499725342,1.6972206830978394,18.35761833190918,0.7924160957336426,0.21781662106513977,-0.8726506233215332,22.742957501538413,4.903164497629007,16.53081274894204,True,0.8758251667022705,419.5,360.5,True,OFFBOARD
44.752,ACQUIRE,True,-6.345076710698449,-4.26296286580286,18.41933261897162,0.7703914257777066,0.20972078621584642,-0.7740683594630516,-0.009169541237373407,0.030304527748771164,-0.010441014776947059,10.000000028707309,9.653196551405825e-08,0.04999999651757936,1.9973216829738906e-13,-1.8863193032695194e-12,6.636450894649296e-08,1.896864110298885e-12,-1.9635575338847974e-07,16.891843796202405,6.607458591461182,1.718231201171875,18.273984909057617,0.7918862700462341,0.21750515699386597,-0.8753126263618469,22.739161901964323,4.907596252084262,16.443962452100145,True,0.8758251667022705,419.5,360.5,True,OFFBOARD
44.852,ACQUIRE,True,-6.271089831835203,-4.242799316669566,18.345024702772264,0.7710530282418504,0.21029899875519034,-0.7737921548774798,-0.008957803477855172,0.03077270189652851,-0.0103929599167221,10.000000029062848,9.67774861942684e-08,0.04999999651757936,1.9973216969467806e-13,-1.8863192989549453e-12,6.636450898845939e-08,1.8968641061554254e-12,-1.9878730323109852e-07,16.815163160795258,6.682189464569092,1.7383081912994385,18.197349548339844,0.7919687032699585,0.21782582998275757,-0.8758170008659363,22.661383310473905,4.893755230424322,16.287770933486396,True,0.8758251667022705,419.5,360.5,True,OFFBOARD
44.952,ACQUIRE,True,-6.193936014214015,-4.2217539982056485,18.267617446696416,0.7720023699526244,0.21051475463755823,-0.7747064804472118,-0.008463872468363283,0.030984024413875554,-0.010314563788236662,10.000000029402706,9.704226248635983e-08,0.04992755344855304,-3.921813900606349e-09,4.793127984792367e-09,-0.018110213547476973,6.193117159362393e-09,-2.0122808014615776e-07,16.735195613601032,6.762233734130859,1.7606844902038574,18.11675453186035,0.7916404604911804,0.21844540536403656,-0.8754042983055115,22.74086179058449,4.909405550302678,16.28591412481341,True,0.8758251667022705,419.5,360.5,True,OFFBOARD
45.052,ACQUIRE,True,-6.113585278194714,-4.199869428855623,18.18695321701589,0.7732189888399222,0.21027975854907419,-0.7763361294123827,-0.008030428682427197,0.03138907015449563,-0.010273986920708463,10.000000029833194,9.730945521377358e-08,0.049999996287036774,-1.285919254893204e-13,1.2151298557228893e-12,6.321574640555283e-07,1.2219150746145089e-12,-2.040556604709352e-07,16.651922877430792,6.83665132522583,1.7815667390823364,18.04075050354004,0.7919508218765259,0.21865254640579224,-0.8768311738967896,22.67692876089415,4.902556683648518,16.144812401295535,True,0.874784529209137,420.0,360.5,True,OFFBOARD
45.152,ACQUIRE,True,-6.039284914473072,-4.179707379911628,18.11239342987037,0.7747262435758892,0.20976943390235844,-0.7765165155688555,-0.0079126279760094,0.03197798896202156,-0.01022931772361605,10.000000030188733,9.755497590404707e-08,0.049999996287036774,-1.2859191467641544e-13,1.2151299344969534e-12,6.321574646103069e-07,1.221915151813217e-12,-2.0648721023678593e-07,16.57493940059043,6.917783737182617,1.804290771484375,17.956453323364258,0.7931661605834961,0.21733862161636353,-0.8795441389083862,22.716399931670523,4.917970913305997,16.102523953912,True,0.874784529209137,420.0,360.5,True,OFFBOARD
45.252,ACQUIRE,True,-5.9617042142581775,-4.158755124838073,18.03483343280163,0.7768575997411119,0.20931691380581904,-0.7747806744564384,-0.008015460198733747,0.03241374019694388,-0.010177215285808358,10.00000003054428,9.780048906319209e-08,0.04999999651757947,1.9973217613446008e-13,-1.8863192871494236e-12,6.63645091617652e-08,1.8968640950936145e-12,-2.0891876064727933e-07,16.49458236513942,6.993313789367676,1.8246105909347534,17.880889892578125,0.7958378791809082,0.21788832545280457,-0.8772398829460144,22.6763795209514,4.914786190037249,15.984609346945712,True,0.874784529209137,420.0,360.5,True,OFFBOARD
45.352,ACQUIRE,True,-5.8839029902381155,-4.137847330462665,17.95728687239362,0.7790736930606444,0.20884364155818358,-0.7768138399148073,-0.007972480305364753,0.03256307476499351,-0.010078062051317983,10.000000030884138,9.806526536862837e-08,0.04992755344854216,-3.9218142137988556e-09,4.793127998670155e-09,-0.018110213550212185,6.1931173684333235e-09,-2.1135953746399032e-07,16.41402316698109,7.0758748054504395,1.845597267150879,17.803150177001953,0.7987447381019592,0.21612480282783508,-0.8769499659538269,22.746890007409,4.928028161736252,15.971289793874217,True,0.874784529209137,420.0,360.5,True,OFFBOARD
45.456,ACQUIRE,True,-5.809006662475827,-4.1178164149271606,17.88252369373131,0.7811383300433767,0.20852293303692207,-0.780506694320946,-0.008187284497304645,0.03232007528988269,-0.010014671419754073,10.00000003123968,9.831078606869896e-08,0.04992755344854871,-3.92181432415405e-09,4.793127988261814e-09,-0.018110213548535634,6.193117430260679e-09,-2.1379108715854592e-07,16.33649611999577,7.152496814727783,1.8653043508529663,17.72833824157715,0.8017789721488953,0.21529355645179749,-0.8814347982406616,22.705019268433787,4.924087214989086,15.850460790871733,True,0.8793489933013916,421.0,358.5,True,OFFBOARD
45.552,ACQUIRE,True,-5.7276750740881095,-4.096145125681619,17.801230496856043,0.7827397254936233,0.20821719475562087,-0.7822956759331158,-0.008049656891411003,0.03163185586721878,-0.009981551942689036,10.000000031670165,9.8577978815389e-08,0.049999996287036774,-1.2859194133479222e-13,1.2151299423320081e-12,6.321574647768403e-07,1.2219151624102385e-12,-2.166186673391457e-07,16.25232813877794,7.235835075378418,1.886924386024475,17.64510726928711,0.8033353686332703,0.2139281928539276,-0.884242832660675,22.779304648368562,4.9417459703368305,15.84081378207733,True,0.8793489933013916,421.0,358.5,True,OFFBOARD
45.652,ACQUIRE,True,-5.64933540339693,-4.075337672805082,17.72299854231515,0.7840471948525161,0.20797185712696617,-0.7822518547367923,-0.008225152046742235,0.03194676253925613,-0.0099485627221759,10.000000032025712,9.882349198789669e-08,0.04999999651757936,1.9973218204015483e-13,-1.8863192706058114e-12,6.636450896747618e-08,1.896864079263815e-12,-2.190502176502646e-07,16.171273218990436,7.3115973472595215,1.9079676866531372,17.56995391845703,0.8039601445198059,0.2147359400987625,-0.8839355111122131,22.76273408170331,4.941727144187956,15.746152635887288,True,0.8793489933013916,421.0,358.5,True,OFFBOARD
45.752,ACQUIRE,True,-5.570847672179802,-4.054550861776408,17.644647680936465,0.7857113566351861,0.20772175028002943,-0.7854133804902712,-0.007901873385017844,0.032591474237144334,-0.009903060158982317,10.000000032365568,9.908826830678076e-08,0.049927553448540496,-3.921814562059569e-09,4.793128002139602e-09,-0.01811021355061426,6.193117591655858e-09,-2.2149099436815592e-07,16.090080227655626,7.3916215896606445,1.9324584007263184,17.492435455322266,0.8027503490447998,0.215811088681221,-0.8832387328147888,22.73092792444215,4.939980626019179,15.631362984970265,True,0.8793489933013916,421.0,358.5,True,OFFBOARD
45.852,ACQUIRE,True,-5.492164259726012,-4.033816073853933,17.565837124211196,0.7879563483349119,0.2068867222344619,-0.7904981628581378,-0.007190101187672275,0.03328816659012227,-0.009849416694683883,10.000000032796049,9.935545619855036e-08,0.049999993795609377,5.184067246037501e-09,1.3726613526388043e-09,0.004999403227882026,5.362718750826583e-09,-2.243185748902554e-07,16.00871098451531,7.466328144073486,1.9547358751296997,17.41795539855957,0.803817629814148,0.21603137254714966,-0.8863863348960876,22.692247940628178,4.933481950655555,15.51455967256489,True,0.878550112247467,421.5,358.0,True,OFFBOARD
45.952,ACQUIRE,True,-5.413229249438254,-4.013188722647207,17.48658099074445,0.7906839031508147,0.20568694705938237,-0.7938604988549155,-0.007008042539423119,0.03364000904363953,-0.009791044137711567,10.000000033151593,9.960098178258675e-08,0.049999996287036774,-1.2859196588220408e-13,1.2151295402031164e-12,6.321574644437735e-07,1.2219147650976671e-12,-2.267501240274572e-07,15.927125335122561,7.5480828285217285,1.9785223007202148,17.3342342376709,0.8046249747276306,0.21627449989318848,-0.8911646008491516,22.706205358797735,4.940971464907793,15.444895069027071,True,0.878550112247467,421.5,358.0,True,OFFBOARD
46.052,ACQUIRE,True,-5.334015683688191,-3.992685565839374,17.407196035997746,0.7934449220185112,0.20442200409785782,-0.7933577825932179,-0.006946420403352214,0.03351819775782394,-0.00976825625204583,10.00000003350714,9.984649496848919e-08,0.04999999651757936,1.9973218868156212e-13,-1.8863192606267045e-12,6.636450914094852e-08,1.8968640700394964e-12,-2.2918167423888563e-07,15.845301412095854,7.6237077713012695,2.000279188156128,17.257957458496094,0.8075289130210876,0.21673297882080078,-0.8913312554359436,22.720745264893214,4.955203084416967,15.383501432236233,True,0.878550112247467,421.5,358.0,True,OFFBOARD
46.152,ACQUIRE,True,-5.25453854995388,-3.9723041638078596,17.327768922821136,0.7959611881959697,0.20330549163333692,-0.7959198514299044,-0.007229017297842875,0.033476480206092216,-0.009745864604436242,10.00000003384699,1.0011127130087798e-07,0.04992755344851996,-3.9218148395749054e-09,4.7931280125479425e-09,-0.01811021355568396,6.193117775448948e-09,-2.3162245085917114e-07,15.763253108727891,7.705336093902588,2.0236973762512207,17.179351806640625,0.8090295195579529,0.21728475391864777,-0.8897721767425537,22.71665741126112,4.962298497489924,15.296246083360716,True,0.878550112247467,421.5,358.0,True,OFFBOARD
46.252,ACQUIRE,True,-5.174816754762071,-3.952021709902183,17.247946462739463,0.7983868186780215,0.20238569628582423,-0.8001974706406437,-0.007227400559311382,0.03358730845173845,-0.009727006979332362,10.000000034277477,1.0037845920836315e-07,0.049999993795609154,5.184067348294828e-09,1.3726615000902997e-09,0.00499940322788786,5.362718887419582e-09,-2.34450031265014e-07,15.680992984178342,7.781469345092773,2.045238494873047,17.10305404663086,0.8105930089950562,0.21760909259319305,-0.8925358057022095,22.780427125478198,4.980202679819696,15.283414188744084,True,0.8889791965484619,421.0,358.5,True,OFFBOARD
46.352,ACQUIRE,True,-5.094850265762075,-3.931831304494538,17.167809723715862,0.8008506261375085,0.20147258697849374,-0.8018531301759236,-0.0072638821370555485,0.033620731066150523,-0.009669963731708496,10.000000034633022,1.0062398480591501e-07,0.04999999628703666,-1.2859194733681475e-13,1.2151295891192691e-12,6.321574651236187e-07,1.2219148117905102e-12,-2.368815803033712e-07,15.598519281957957,7.864588260650635,2.0684566497802734,17.017436981201172,0.8122454881668091,0.21740104258060455,-0.8958572745323181,22.81209035051336,4.9889315921329995,15.230134359727778,True,0.8889791965484619,421.0,358.5,True,OFFBOARD
46.452,ACQUIRE,True,-5.014640328101069,-3.9117249138371526,17.08771478273308,0.8032484041222842,0.2007294576848237,-0.799742048834586,-0.007501417313922384,0.033637129325880186,-0.009657803874066192,10.000000034988565,1.0086949800527007e-07,0.04999999651757936,1.9973219539618782e-13,-1.886319251812268e-12,6.636450966119903e-08,1.896864061981083e-12,-2.393131304165516e-07,15.515831199893936,7.940640449523926,2.088535785675049,16.940452575683594,0.8139926791191101,0.21792159974575043,-0.8950867652893066,22.81288746496057,4.999330773141542,15.15442043587363,True,0.8889791965484619,421.0,358.5,True,OFFBOARD
46.552,ACQUIRE,True,-4.934192540177882,-3.891677052353655,17.007747361993,0.8056115234715789,0.2003160298135656,-0.8003368376405953,-0.007970914907196265,0.03381786457624674,-0.009636913885156308,10.000000035328418,1.0113427435109621e-07,0.049927553448518625,-3.921815188016999e-09,4.7931280125479425e-09,-0.01811021355608606,6.193117996101205e-09,-2.4175390693910896e-07,15.43292775040716,8.021492004394531,2.1081533432006836,16.861724853515625,0.8144035935401917,0.21682323515415192,-0.8928914666175842,22.77510945456408,5.00129877086769,15.034610681077778,True,0.8937960863113403,422.0,358.5,True,OFFBOARD
46.652,ACQUIRE,True,-4.853502174750613,-3.8716409511084584,16.927563892448305,0.8081540550011517,0.20052340449918224,-0.8031868047853759,-0.008728363639997858,0.03430836399650138,-0.009579615762285897,10.000000035758905,1.0140146227415805e-07,0.049999993795609154,5.184067451110723e-09,1.3726616562154126e-09,0.004999403227888999,5.3627190267726745e-09,-2.4458148722848225e-07,15.349792583520184,8.097143173217773,2.127046823501587,16.78636932373047,0.8150899410247803,0.21758095920085907,-0.8952412009239197,22.806521621571704,5.012328796203638,14.989685333551819,True,0.8937960863113403,422.0,358.5,True,OFFBOARD
46.752,ACQUIRE,True,-4.772533284898122,-3.851552259658555,16.847157433905082,0.8111676227496338,0.20126595773958425,-0.8044391571650947,-0.009036879818669408,0.03478213312338282,-0.009515284199075432,10.000000036114448,1.0164698788514194e-07,0.049999996287036774,-1.285919403504473e-13,1.2151304033296897e-12,6.321574647908848e-07,1.2219156207444387e-12,-2.4701303616747524e-07,15.266374694481495,8.180020332336426,2.148247718811035,16.70163917541504,0.8167139291763306,0.21920718252658844,-0.8971508145332336,22.728833711091497,5.001038976466271,14.825868901673072,True,0.8937960863113403,422.0,358.5,True,OFFBOARD
46.852,ACQUIRE,True,-4.691248246893766,-3.8313812991991547,16.766766305568957,0.814427175196049,0.20210675480702675,-0.8031752643197084,-0.00896629348018889,0.03498073057152846,-0.00945198801266059,10.000000036469986,1.018925010979846e-07,0.04999999651757936,1.9973220191280716e-13,-1.886319240986128e-12,6.636450983467138e-08,1.896864051901301e-12,-2.494445861809711e-07,15.18263019256115,8.25732707977295,2.1683647632598877,16.624649047851562,0.8185024261474609,0.2215101718902588,-0.8961883783340454,22.77970961781788,5.015567030344265,14.798856554849186,True,0.8937960863113403,422.0,358.5,True,OFFBOARD
46.952,ACQUIRE,True,-4.609645162564004,-3.8111365044259,16.686419934445542,0.8173908578433995,0.2027136234846464,-0.8044045469795592,-0.008681846310545294,0.0343572424411427,-0.00938215543617458,10.000000036809844,1.0215727745746934e-07,0.04992755344849831,-3.921815465720854e-09,4.793128036834071e-09,-0.018110213561155282,6.1931181907543244e-09,-2.5188536260509474e-07,15.098559371199151,8.341985702514648,2.1905975341796875,16.54459571838379,0.8220994472503662,0.223997101187706,-0.8936808109283447,22.741605909718203,5.011439499484063,14.673316309032774,True,0.8895772695541382,420.0,359.5,True,OFFBOARD
47.052,ACQUIRE,True,-4.527796866153452,-3.790846121785714,16.605800752549996,0.8193382682221811,0.20307143633863084,-0.807906612675654,-0.00867452726290695,0.033502119488918625,-0.009303373028219137,10.000000037240332,1.0242446539613495e-07,0.049999993795609265,5.1840675525790055e-09,1.3726618019321846e-09,0.0049994032278847435,5.3627191621588945e-09,-2.547129427781971e-07,15.014239839627798,8.420536041259766,2.211601495742798,16.468414306640625,0.8223493695259094,0.22496932744979858,-0.8945324420928955,22.764984560995106,5.023735715349196,14.617499861618562,True,0.8895772695541382,420.0,359.5,True,OFFBOARD
47.152,ACQUIRE,True,-4.445786969348718,-3.7705109514917123,16.524867579813076,0.8207634833245306,0.20366146863604276,-0.8101242899172328,-0.009012863810050871,0.03324605410561647,-0.009225919904575788,10.000000037595868,1.0266999102048042e-07,0.04999999628703666,-1.2859196423280594e-13,1.2151298826161853e-12,6.321574649643571e-07,1.2219151054357563e-12,-2.5714449161805196e-07,14.92975270590791,8.505838394165039,2.2346858978271484,16.383024215698242,0.8228301405906677,0.22612306475639343,-0.8967491984367371,22.764466596266114,5.0315180557233745,14.530338892303739,True,0.8895772695541382,420.0,359.5,True,OFFBOARD
47.252,ACQUIRE,True,-4.363645042335928,-3.7501027587757485,16.443884204461195,0.8219923185867078,0.20449720478537323,-0.809090447398615,-0.009205419073783846,0.03304262704165315,-0.009143067642249328,10.000000037951413,1.0291550424667437e-07,0.04999999651757947,1.9973220839308225e-13,-1.8863192294982437e-12,6.63645100079772e-08,1.8968640411596255e-12,-2.595760415324441e-07,14.845119449358691,8.584519386291504,2.2553980350494385,16.304750442504883,0.8224853277206421,0.22663374245166779,-0.8959037661552429,22.813986992155876,5.04682485456275,14.500683157528881,True,0.8895772695541382,420.0,359.5,True,OFFBOARD
47.352,ACQUIRE,True,-4.278098366737015,-3.7287813510597343,16.35972882252587,0.8230727767001352,0.20551633913560247,-0.8099127159685605,-0.009401657469259824,0.03301497659850401,-0.009063121175650272,10.000000038366213,1.0320194780607743e-07,0.049999993795609265,5.184067631027971e-09,1.3726619216281044e-09,0.004999403227881921,5.36271926863226e-09,-2.6241284872016196e-07,14.756961245441326,8.669454574584961,2.2766952514648438,16.223674774169922,0.8230907917022705,0.2279190868139267,-0.8933953642845154,22.796682900256137,5.046388386429389,14.396172415872067,True,0.8884892463684082,418.0,360.0,True,OFFBOARD
47.452,ACQUIRE,True,-4.195740154561655,-3.7081738136224205,16.27863666305122,0.8240530179355939,0.20661250002819462,-0.8116311960047515,-0.009599220539509342,0.033044423702094386,-0.00900446835619155,10.000000038721751,1.0344747344075769e-07,0.049999996287036774,-1.2859194754195554e-13,1.2151292776229028e-12,6.321574650890909e-07,1.2219145020454544e-12,-2.6484439748476537e-07,14.672068478385707,8.748164176940918,2.2970869541168213,16.14661407470703,0.8239651322364807,0.22848857939243317,-0.8954297304153442,22.757449979743363,5.044981099392157,14.276239383613621,True,0.8884892463684082,418.0,360.0,True,OFFBOARD
47.552,ACQUIRE,True,-4.116578389415563,-3.6882769494986527,16.20070888055886,0.8251583332678972,0.20789575530755464,-0.8113820564485946,-0.009897236993366474,0.03330015548893443,-0.008979605939679457,10.00000003907729,1.0369299421167327e-07,0.04999999628703666,-1.2859192985683404e-13,1.215129386890153e-12,6.321574656440358e-07,1.2219146088448014e-12,-2.67275946655998e-07,14.590448044830216,8.833685874938965,2.3197686672210693,16.060495376586914,0.8247507214546204,0.2295001894235611,-0.8969377875328064,22.767852185996915,5.053574898983908,14.199812931762436,True,0.8884892463684082,418.0,360.0,True,OFFBOARD
47.652,ACQUIRE,True,-4.03400046031496,-3.667411415744346,16.119716210425064,0.8263101387482003,0.20936308123039502,-0.8084741367096371,-0.009999920361830898,0.033041181845135166,-0.009002504972080074,10.000000039432837,1.039385074513091e-07,0.04999999651757947,1.9973221486115643e-13,-1.8863192181427082e-12,6.636451017467718e-08,1.8968640305482788e-12,-2.6970749647187556e-07,14.50527756651433,8.91287899017334,2.3404808044433594,15.98293399810791,0.8247348070144653,0.2304186075925827,-0.8936030268669128,22.76177668290628,5.059238839373018,14.113242453677268,True,0.8782737851142883,417.5,361.0,True,OFFBOARD
47.752,ACQUIRE,True,-3.9513231632983477,-3.6463955810085515,16.03886863379809,0.8271731972684421,0.21092454712997008,-0.8092890242804234,-0.010290072383190733,0.032933655929337266,-0.009013894609579815,10.000000039772692,1.0420328383752833e-07,0.049927553448476325,-3.921816091641952e-09,4.7931280524465825e-09,-0.01811021356662614,6.193118599204453e-09,-2.721482726993143e-07,14.41997297534499,8.998858451843262,2.3622143268585205,15.903100967407227,0.8240358233451843,0.23117968440055847,-0.8913091421127319,22.84207811607874,5.079822525149192,14.107449273050477,True,0.8782737851142883,417.5,361.0,True,OFFBOARD
47.852,ACQUIRE,True,-3.8685712024296337,-3.6252148357811387,15.957806082526082,0.8278006686646966,0.2126146094931783,-0.8114962452973532,-0.010316783304163068,0.032685363746965346,-0.008974210697495726,10.000000040203169,1.0447047180755393e-07,0.049999993795609154,5.184067757127394e-09,1.372662102039346e-09,0.004999403227879603,5.362719436709599e-09,-2.7497585263967656e-07,14.334554463777556,9.078155517578125,2.3830270767211914,15.8259859085083,0.8230578899383545,0.232360377907753,-0.8937324285507202,22.84089906421297,5.0865647984925175,14.025770073100425,True,0.8782737851142883,417.5,361.0,True,OFFBOARD
47.952,ACQUIRE,True,-3.7824533832011062,-3.603010579800911,15.873400426698876,0.8282745433859103,0.21432577328108385,-0.8112380776202744,-0.01037297206564861,0.032576669073138796,-0.008944465312148226,10.000000040558715,1.0471598992426185e-07,0.04999999651757947,1.9973221782070526e-13,-1.8863191910641237e-12,6.63645097928715e-08,1.8968640039318548e-12,-2.7740740194917675e-07,14.245620673415807,9.163956642150879,2.4061429500579834,15.740188598632812,0.8229967951774597,0.23302291333675385,-0.8949790000915527,22.765282385668442,5.078804482327811,13.861427835809288,True,0.8782737851142883,417.5,361.0,True,OFFBOARD
48.052,ACQUIRE,True,-3.6996047513491557,-3.5814949427140776,15.792388545708482,0.8286296047814186,0.21586284351721258,-0.8088763815498068,-0.01001366646907962,0.0322394704111118,-0.008881690076469977,10.000000040898573,1.0498076632079568e-07,0.04992755344844513,-3.921816337743761e-09,4.7931280559160294e-09,-0.018110213574468393,6.1931187577345286e-09,-2.798481781006994e-07,14.160023949147813,9.242974281311035,2.4265031814575195,15.661630630493164,0.8222754597663879,0.23506563901901245,-0.8940422534942627,22.793923372243597,5.088568773300853,13.809953456848513,True,0.8606960773468018,417.0,363.0,True,OFFBOARD
48.152,ACQUIRE,True,-3.6200563421894456,-3.560718563957947,15.714836147016113,0.8285963084872711,0.2168714758064631,-0.8071089815786823,-0.009704039374897264,0.03208497811811726,-0.00882513462563068,10.000000041254108,1.052262871117224e-07,0.049927553448465445,-3.921816404555606e-09,4.7931280559160294e-09,-0.0181102135693618,6.193118800043386e-09,-2.8227972712577335e-07,14.077807120757786,9.32803726196289,2.4465415477752686,15.578866004943848,0.8196117877960205,0.23450717329978943,-0.8917484283447266,22.778488195268014,5.086548904255082,13.707088281305998,True,0.8606960773468018,417.0,363.0,True,OFFBOARD
48.252,ACQUIRE,True,-3.5371927140124413,-3.5389791853912604,15.634168869971758,0.8287408014448103,0.2179113202328031,-0.8062831715732327,-0.009972920197792043,0.03252268687754827,-0.008814763453742429,10.000000041684592,1.054934750973721e-07,0.049999993795609265,5.184067859410302e-09,1.3726622460213944e-09,0.004999403227885117,5.362719572439288e-09,-2.851073069497662e-07,13.992139297698806,9.406478881835938,2.4661834239959717,15.500570297241211,0.8183785676956177,0.23411042988300323,-0.8907215595245361,22.764133292173888,5.089277182935996,13.612771658050061,True,0.8606960773468018,417.0,363.0,True,OFFBOARD
48.356,ACQUIRE,True,-3.450977210854873,-3.5162487627753958,15.550422058247,0.8292471051899477,0.21917435375163596,-0.8039823015021665,-0.010031225113022886,0.032568160420822466,-0.0087573493249661,10.000000042040138,1.0573899322758352e-07,0.04999999651757936,1.9973222418668725e-13,-1.8863191788086157e-12,6.636450995957147e-08,1.8968639924147885e-12,-2.875388561601661e-07,13.902977924287578,9.49148178100586,2.4883861541748047,15.413991928100586,0.8180926442146301,0.23459725081920624,-0.8905612826347351,22.82273810235364,5.105116232245303,13.585642105066436,True,0.8606960773468018,417.0,363.0,True,OFFBOARD
48.452,ACQUIRE,True,-3.3713529548400922,-3.49515353911259,15.473418677231479,0.8295255590719948,0.22024115871347572,-0.8002504228921663,-0.009855710482192442,0.032162827668842965,-0.008714333068429959,10.000000042395676,1.0598451402863693e-07,0.04999999651757947,1.9973222765907514e-13,-1.8863191943199066e-12,6.636451051434993e-08,1.8968640082054798e-12,-2.899704051094006e-07,13.820607077097645,9.576699256896973,2.5109243392944336,15.328401565551758,0.8174229860305786,0.23543260991573334,-0.8876994252204895,22.743041711893042,5.09596576655821,13.417712652419631,True,0.8501015901565552,417.0,366.0,True,OFFBOARD
48.552,ACQUIRE,True,-3.2884070239934515,-3.4730864828344727,15.393554121920474,0.8293188019121759,0.2209833532486567,-0.7974441571494943,-0.009371467597233124,0.031680696353110556,-0.008685444752504223,10.000000042735524,1.0624929044184098e-07,0.049927553448454565,-3.9218167180110735e-09,4.793128069793817e-09,-0.018110213572097453,6.193119009280909e-09,-2.9241118113931204e-07,13.734776766528316,9.655484199523926,2.5317845344543457,15.250225067138672,0.8159098029136658,0.23585860431194305,-0.8845589756965637,22.81039704404609,5.113559367341145,13.405867865778102,True,0.8501015901565552,417.0,366.0,True,OFFBOARD
48.652,ACQUIRE,True,-3.2021845291490405,-3.450083156099151,15.310765998303594,0.8287910195696984,0.22130095607496286,-0.7945017569876182,-0.008873552944993028,0.03136625204141724,-0.008641242296402203,10.000000043166013,1.0651648330985775e-07,0.049999996287036774,-1.2859197432606377e-13,1.2151293805374059e-12,6.321574656024027e-07,1.2219146072071873e-12,-2.9523876041675836e-07,13.64553963756854,9.733936309814453,2.5532469749450684,15.170666694641113,0.8126413822174072,0.23662260174751282,-0.8838268518447876,22.756640621512933,5.1075258402509185,13.270839013102309,True,0.8501015901565552,417.0,366.0,True,OFFBOARD
48.752,ACQUIRE,True,-3.1226601924992115,-3.42884742455672,15.234685702268765,0.8279280585680037,0.22102212352261155,-0.7904161258265375,-0.008223973443957396,0.03086096572251413,-0.008621388910715493,10.000000043521554,1.0676200412099143e-07,0.049999996287036774,-1.2859197346248721e-13,1.2151287084167622e-12,6.321574934067171e-07,1.2219139387279147e-12,-2.9767030929038857e-07,13.563229964247864,9.818581581115723,2.576972723007202,15.08324909210205,0.8102913498878479,0.23622871935367584,-0.8815459609031677,22.79151504158665,5.1214531765958355,13.220112834181894,True,0.8501015901565552,417.0,366.0,True,OFFBOARD
48.852,ACQUIRE,True,-3.036620151203114,-3.4058994426557083,15.152772465972662,0.8267009149931231,0.22026633458637213,-0.7851495988004582,-0.007875647438175398,0.03058979157366597,-0.008560936487596659,10.000000043861402,1.070267730097913e-07,0.049927553448423034,-3.9218169639131025e-09,4.793128071528541e-09,-0.01811021357994018,6.193119166341909e-09,-3.001110859130668e-07,13.474183383526116,9.896936416625977,2.5982916355133057,15.005453109741211,0.8077579736709595,0.23543301224708557,-0.8780327439308167,22.83147990676067,5.136162160005492,13.181168464793704,True,0.8420599699020386,418.0,368.5,True,OFFBOARD
48.952,ACQUIRE,True,-2.9573289582619693,-3.3848016413011477,15.077495511036306,0.8251481825477361,0.21926007387337973,-0.7839931476828715,-0.0075283895150964186,0.029872605208812485,-0.008486575009360543,10.000000044216947,1.0727229382752492e-07,0.04992755344844357,-3.921817030382666e-09,4.793128078467435e-09,-0.018110213574834055,6.193119213804336e-09,-3.025426347407648e-07,13.392134174791822,9.98216438293457,2.6201603412628174,14.925968170166016,0.8045363426208496,0.23346109688282013,-0.8744884729385376,22.778619861871658,5.129654705768319,13.040200718926984,True,0.8420599699020386,418.0,368.5,True,OFFBOARD
49.052,ACQUIRE,True,-2.871641815477367,-3.362064841662377,14.99586425489035,0.8226600361086329,0.21804745040935622,-0.7858663901131381,-0.007541050398657804,0.02906561745417981,-0.008403993065159817,10.000000044647434,1.0753948671133146e-07,0.049999996287036885,-1.285919699436609e-13,1.2151295194508092e-12,6.321574935314506e-07,1.2219147448880162e-12,-3.0537021390183716e-07,13.30348243498554,10.060186386108398,2.6408512592315674,14.850890159606934,0.8011257648468018,0.23094463348388672,-0.8758639693260193,22.77652665578123,5.1364286812343645,12.958904912195049,True,0.8420599699020386,418.0,368.5,True,OFFBOARD
49.152,ACQUIRE,True,-2.7895282542609796,-3.3403162335860825,14.91718689431451,0.8196143493139288,0.21701208375910863,-0.7873229172853896,-0.007779853069104521,0.028220193404520488,-0.008329820367513431,10.00000004500297,1.0778500000155914e-07,0.04999999651757947,1.9973223731432792e-13,-1.8863191575798525e-12,6.636451030651616e-08,1.896863972686326e-12,-3.0780176334420415e-07,13.218538019694316,10.144097328186035,2.6634953022003174,14.767439842224121,0.7973994612693787,0.22818677127361298,-0.8786550164222717,22.760637431324135,5.137809692984474,12.856878154456215,True,0.8420599699020386,418.0,368.5,True,OFFBOARD
49.252,ACQUIRE,True,-2.711014225080137,-3.3195193406839554,14.841627426939183,0.8161977047311425,0.21631816519898261,-0.7865478969311674,-0.007923474892236682,0.02779314418655719,-0.00820969313080647,10.00000004535851,1.0803052082945129e-07,0.04999999651757936,1.9973224046526567e-13,-1.8863191701794676e-12,6.636451085435573e-08,1.8968639855476804e-12,-3.1023331209610906e-07,13.137316817131593,10.222366333007812,2.684112548828125,14.691427230834961,0.7944894433021545,0.22637954354286194,-0.8795350790023804,22.820144170916087,5.156755736706808,12.838145145925704,True,0.8247129917144775,420.0,374.0,True,OFFBOARD
49.352,ACQUIRE,True,-2.6295911692448257,-3.2979248742437703,14.762930076891676,0.8123270548945438,0.21556760533925967,-0.7879523753149473,-0.007693439300529034,0.027144275743744624,-0.008122196864308026,10.000000045698368,1.0829529726968224e-07,0.04992755344843269,-3.921817343720155e-09,4.793128090610499e-09,-0.018110213577569256,6.193119421624587e-09,-3.1267408793013345e-07,13.053079462219847,10.308773040771484,2.7057502269744873,14.611906051635742,0.7911983132362366,0.2246062010526657,-0.8797487020492554,22.751870196922503,5.145387873097053,12.680003891237261,True,0.8247129917144775,420.0,374.0,True,OFFBOARD
49.452,ACQUIRE,True,-2.545353339400843,-3.2755582743048675,14.680860609408194,0.8077257703766847,0.21456136606323753,-0.7899672910967535,-0.007444106713271959,0.02655013107055104,-0.008038694619173909,10.000000046128847,1.0856249016916943e-07,0.049999996287036774,-1.2859198729625578e-13,1.215129441523778e-12,6.321574936978176e-07,1.2219146692198639e-12,-3.1550166697483375e-07,12.965923580192579,10.387197494506836,2.7261459827423096,14.53594970703125,0.7868664264678955,0.22389551997184753,-0.883129894733429,22.7327082377333,5.14746335573135,12.580715930814849,True,0.8247129917144775,420.0,374.0,True,OFFBOARD
49.552,ACQUIRE,True,-2.4680230259433382,-3.255012146616466,14.60502852690745,0.803588612681191,0.21351587224260826,-0.7895192786603692,-0.007327208019341045,0.026925151294849813,-0.007973351528734919,10.000000046484383,1.08808011007277e-07,0.049999996287036774,-1.2859198297175554e-13,1.215129007842909e-12,6.321574937463899e-07,1.2219142374921002e-12,-3.179332156502602e-07,12.885911070527902,10.470882415771484,2.748530626296997,14.451211929321289,0.7818915843963623,0.2216736078262329,-0.8850154280662537,22.794566010662397,5.163744593003518,12.55812230598021,True,0.811082661151886,420.0,378.5,True,OFFBOARD
49.652,ACQUIRE,True,-2.387864019767376,-3.2337175590823604,14.526195531189657,0.7998420045380188,0.21245440810258465,-0.7870078833087637,-0.007543438613748161,0.027439196911837424,-0.007948479030572615,10.00000004683993,1.0905352431414668e-07,0.04999999651757947,1.9973224638113216e-13,-1.8863191540064322e-12,6.636451066683906e-08,1.896863970087469e-12,-3.203647649697621e-07,12.802972548980751,10.548611640930176,2.768463134765625,14.374643325805664,0.7783279418945312,0.21922741830348969,-0.8841940760612488,22.764932947096366,5.166982586323497,12.449554281780191,True,0.811082661151886,420.0,378.5,True,OFFBOARD
49.752,ACQUIRE,True,-2.308043957459243,-3.2125089544494503,14.447511054559666,0.7967602355408787,0.21182358247628186,-0.787496961269483,-0.008072332798084413,0.02786004551066923,-0.007932276598462962,10.000000047179782,1.0931830076770985e-07,0.04992755344842159,-3.92181765671079e-09,4.793128095814669e-09,-0.0181102135803049,6.193119623854884e-09,-3.228055407048897e-07,12.720383709028617,10.634275436401367,2.7888007164001465,14.295894622802734,0.7758315801620483,0.21578264236450195,-0.8818016648292542,22.773424191920796,5.171663854946015,12.370811179775947,True,0.811082661151886,420.0,378.5,True,OFFBOARD
49.852,ACQUIRE,True,-2.225339226071341,-3.1904876424716107,14.365455535192241,0.7938941984224271,0.21178196571052435,-0.7902812469287734,-0.008727131311643526,0.02815116302039088,-0.007921064551316604,10.000000047610259,1.0958549368273101e-07,0.04999999628703666,-1.285919729595614e-13,1.215129778642891e-12,6.3215749387129e-07,1.2219150029582065e-12,-3.25633119633205e-07,12.634798472973289,10.71182632446289,2.8079726696014404,14.220560073852539,0.7724339365959167,0.21403992176055908,-0.8844072222709656,22.809190251886335,5.187603299044054,12.329187155895857,True,0.811082661151886,420.0,378.5,True,OFFBOARD
49.952,ACQUIRE,True,-2.1492396709537926,-3.1701402960640013,14.289526744752571,0.7916966496258706,0.2121547380307639,-0.7911502858937939,-0.009084907344862048,0.02867784912382309,-0.007917612976558425,10.0000000479658,1.0983101453433996e-07,0.049999996287036774,-1.2859200279265737e-13,1.2151303342965045e-12,6.321574944260684e-07,1.2219155586658847e-12,-3.2806466820982015e-07,12.556027076303304,10.794524192810059,2.8290114402770996,14.136346817016602,0.7690384984016418,0.21117892861366272,-0.886624276638031,22.769448954578905,5.182750289858394,12.204052999805146,True,0.7813224196434021,422.5,381.5,True,OFFBOARD
50.052,ACQUIRE,True,-2.066995008338437,-3.148037509298231,14.207296319519392,0.7900971586050424,0.21290489646866007,-0.7899941618820024,-0.0093335645013635,0.029174073450573164,-0.007942221983326534,10.000000048305656,1.1009578346356892e-07,0.049927553448390394,-3.921817903080259e-09,4.793128099284116e-09,-0.01811021358814669,6.193119782554493e-09,-3.305054445380247e-07,12.47086647150842,10.870943069458008,2.8475804328918457,14.059712409973145,0.7684416770935059,0.20858624577522278,-0.8865720629692078,22.801228925741732,5.193082142916227,12.158663531999345,True,0.7813224196434021,422.5,381.5,True,OFFBOARD
50.152,ACQUIRE,True,-1.9943672011169118,-3.1284147873689157,14.134603472802304,0.7888382224814456,0.21366237163439342,-0.7907429402860634,-0.009545973278218142,0.029316219922377297,-0.007977871552992444,10.00000004867688,1.1032204871258055e-07,0.04999999651757947,1.9973225439711976e-13,-1.886319139368644e-12,6.63645108821113e-08,1.8968639563751055e-12,-3.3292776596130695e-07,12.395637357353621,10.95455265045166,2.8661415576934814,13.979887962341309,0.7675951719284058,0.20508453249931335,-0.8860676884651184,22.82132058732151,5.202362461283933,12.094548746352435,True,0.7813224196434021,422.5,381.5,True,OFFBOARD
50.252,ACQUIRE,True,-1.9123867554775549,-3.106129009359492,14.05225936716205,0.7878413874363585,0.21497528927051332,-0.7926126304473073,-0.010228025399408262,0.02978433512102053,-0.008011134470765728,10.000000049091671,1.1060849238551346e-07,0.049999993795609154,5.184068370500817e-09,1.372662991952489e-09,0.004999403227884569,5.362720257434929e-09,-3.3576457231054096e-07,12.310686312776722,11.0307035446167,2.8838582038879395,13.90422534942627,0.7668474316596985,0.20382322371006012,-0.8878071308135986,22.79080641865719,5.20344598774771,11.986680403474805,True,0.7813224196434021,422.5,381.5,True,OFFBOARD
50.352,ACQUIRE,True,-1.8336330793736058,-3.084547426799999,13.972948228850052,0.787347989084366,0.21661237250010446,-0.7933493383811286,-0.010406253033999217,0.030288804619874474,-0.008026958898990624,10.000000049447216,1.1085401811737954e-07,0.049999996287036885,-1.2859198418605668e-13,1.215129844711461e-12,6.321574940862293e-07,1.2219150698413563e-12,-3.381961203575751e-07,12.229035388761172,11.112305641174316,2.9035866260528564,13.820404052734375,0.7662225365638733,0.2030143141746521,-0.8895211219787598,22.806835461935982,5.206758381008889,11.919170602919952,True,0.7639790177345276,422.0,382.0,True,OFFBOARD
50.452,ACQUIRE,True,-1.7549035251640868,-3.06280245792938,13.893657744433611,0.7873065123252586,0.2181944651932402,-0.7922144087971036,-0.010260806724995436,0.030639110926115733,-0.008020706815863678,10.000000049802754,1.1109953145103024e-07,0.04999999651757947,1.9973225932774952e-13,-1.8863191312953613e-12,6.636451101395029e-08,1.8968639488658783e-12,-3.406276694788743e-07,12.147366695445491,11.188323020935059,2.9227516651153564,13.743704795837402,0.7663783431053162,0.20274649560451508,-0.8887563943862915,22.825987969208946,5.213876498501175,11.861049635274268,True,0.7639790177345276,422.0,382.0,True,OFFBOARD
50.552,ACQUIRE,True,-1.676165620094103,-3.0409146757319383,13.814389460053706,0.7874290244295867,0.21942819593070836,-0.7937887636150635,-0.009848188940845585,0.030633869931774218,-0.008029575827379417,10.0000000501426,1.113643079316199e-07,0.04992755344840916,-3.921818318025636e-09,4.793128113161904e-09,-0.018110213583442197,6.193120056060952e-09,-3.430684450173744e-07,12.065654043656096,11.27222728729248,2.94473934173584,13.664708137512207,0.7668693661689758,0.20170153677463531,-0.8876715302467346,22.82361409233159,5.218770618199281,11.773094553513344,True,0.7639790177345276,422.0,382.0,True,OFFBOARD
50.652,ACQUIRE,True,-1.5974189982532703,-3.0189231450879648,13.734851214222079,0.7875226718970216,0.22034082020648293,-0.7966781687488245,-0.009704520427110421,0.030790627622998213,-0.008003656144772511,10.000000050573087,1.1163149601110565e-07,0.049999993795609154,5.184068472758622e-09,1.3726631463428784e-09,0.004999403227876673,5.362720395804525e-09,-3.4589602414302424e-07,11.983906968265487,11.34859848022461,2.964777946472168,13.588846206665039,0.7667508125305176,0.2006610929965973,-0.8911848068237305,22.809682245042552,5.220436763582738,11.680943359308872,True,0.7347665429115295,421.5,383.0,True,OFFBOARD
50.752,ACQUIRE,True,-1.5186470592660894,-2.9968481560472418,13.655139630457477,0.7880167680264129,0.2210994312580181,-0.7971340106717537,-0.009564098234190813,0.03155472791095594,-0.00800001299325441,10.000000050928627,1.1187702175638499e-07,0.049999996287036885,-1.2859198515716671e-13,1.2151297557730015e-12,6.321574942598682e-07,1.2219149814989648e-12,-3.4832757209096306e-07,11.902114551211385,11.43045711517334,2.9862632751464844,13.504048347473145,0.7668161392211914,0.19894613325595856,-0.8935497403144836,22.804724596595946,5.223276325387812,11.592160632336741,True,0.7347665429115295,421.5,383.0,True,OFFBOARD
50.852,ACQUIRE,True,-1.4397804943301846,-2.974701979852817,13.575541194334457,0.7893699805211425,0.22178573817600347,-0.7947430729766399,-0.009468388589785565,0.03231753046784475,-0.007976287524975317,10.000000051284163,1.1212253510344931e-07,0.04999999651757947,1.9973226636284308e-13,-1.886319124730856e-12,6.636451154097315e-08,1.896863943078633e-12,-3.507591211134354e-07,11.82021283513199,11.506340980529785,3.005904197692871,13.426946640014648,0.7665501832962036,0.19937826693058014,-0.8918494582176208,22.827939949661562,5.231056949976817,11.53819344563275,True,0.7347665429115295,421.5,383.0,True,OFFBOARD
50.952,ACQUIRE,True,-1.360749037125576,-2.9525039610473596,13.496056362908854,0.7912591676798901,0.22204368113422104,-0.7956908567921134,-0.008776071430453971,0.032938026463443716,-0.007951811713854595,10.000000051624015,1.1238731159750911e-07,0.04992755344838873,-3.92181859575148e-09,4.793128123570245e-09,-0.018110213588511895,6.1931202399874434e-09,-3.5319989655406003e-07,11.738138700883246,11.589567184448242,3.0270700454711914,13.34731388092041,0.7678365707397461,0.19797970354557037,-0.8896472454071045,22.80088474637325,5.228266507798063,11.425362459899835,True,0.7347665429115295,421.5,383.0,True,OFFBOARD
51.052,ACQUIRE,True,-1.2815099717799823,-2.930311913890305,13.416366757761075,0.7934755330201543,0.22176914364678196,-0.7977167296343045,-0.008500169874515065,0.033254064875986096,-0.007934664506534874,10.0000000520545,1.1265449969268672e-07,0.049999993795609154,5.184068575094195e-09,1.372663293794374e-09,0.004999403227881767,5.3627205324731935e-09,-3.5602747556345134e-07,11.655865347145658,11.671916961669922,3.0480034351348877,13.264839172363281,0.7699679732322693,0.19625718891620636,-0.8937691450119019,22.815806314200966,5.234711302782305,11.356406174485214,True,0.741990864276886,417.0,385.0,True,OFFBOARD
51.152,ACQUIRE,True,-1.2020425227896834,-2.908153972870749,13.336587654677412,0.7957494785713176,0.22141460790793488,-0.7974293459044522,-0.008540244685321127,0.03314126227999449,-0.007905632621949703,10.000000052410034,1.1290002545132945e-07,0.049999996287036885,-1.2859199118400466e-13,1.2151299069683826e-12,6.321574944402795e-07,1.2219151324890191e-12,-3.5845902341228947e-07,11.573379715673912,11.747406959533691,3.0671162605285645,13.18618392944336,0.7713363170623779,0.19407181441783905,-0.8951589465141296,22.798773609397244,5.234524119724098,11.261898670198509,True,0.741990864276886,417.0,385.0,True,OFFBOARD
51.252,ACQUIRE,True,-1.1223543592726994,-2.886025255014949,13.25697110979383,0.7979135548842783,0.22119748310701193,-0.7948026751992703,-0.00869387649999886,0.03311557117790249,-0.007881649627588808,10.000000052765571,1.1314553881195418e-07,0.04999999651757947,1.9973227293627939e-13,-1.886319114381172e-12,6.636451170056771e-08,1.896863933478641e-12,-3.6089057233653017e-07,11.490687972991568,11.824090957641602,3.0873448848724365,13.108162879943848,0.7735995650291443,0.1932922750711441,-0.8937343955039978,22.81257226253558,5.241976996113737,11.19773016833307,True,0.741990864276886,417.0,385.0,True,OFFBOARD
51.352,ACQUIRE,True,-1.0424547949853502,-2.863915648076735,13.177565805956965,0.7999801036895121,0.2209443070139075,-0.793808293013352,-0.008271884950991237,0.03312031884819662,-0.007811544571994163,10.00000005310543,1.1341031531942447e-07,0.04992755344837796,-3.921818908573433e-09,4.793128132243862e-09,-0.018110213591248033,6.1931204447961166e-09,-3.633313476788079e-07,11.407796569058265,11.90945816040039,3.111388921737671,13.025957107543945,0.7775325179100037,0.19413898885250092,-0.8904781341552734,22.845364147828114,5.250743266222911,11.143198677988533,True,0.7077198624610901,422.0,378.5,True,OFFBOARD
51.452,ACQUIRE,True,-0.9623562941728668,-2.84186379061981,13.098167889746863,0.8018809716507822,0.21997889068408863,-0.794009281283023,-0.007265104640117104,0.032993261100759994,-0.007707583300395337,10.000000053535906,1.13677503430216e-07,0.049999993795609154,5.184068677180866e-09,1.3726634429805928e-09,0.0049994032278877065,5.362720669345282e-09,-3.661589265718235e-07,11.32472724372198,11.987288475036621,3.1327595710754395,12.948129653930664,0.7795416712760925,0.1943379044532776,-0.8913443684577942,22.806963792731064,5.244984110074018,11.023922463600428,True,0.7077198624610901,422.0,378.5,True,OFFBOARD
51.552,ACQUIRE,True,-0.8820785641346104,-2.8199543855059503,13.018835805745905,0.803557958150566,0.2181761066071284,-0.7921760806915418,-0.006564074815501493,0.03269859157044608,-0.007695102973494762,10.00000005389144,1.1392302920248052e-07,0.049999996287036885,-1.2859198098652207e-13,1.2151292079544429e-12,6.321574946135853e-07,1.2219144362835026e-12,-3.685904743215615e-07,11.24152028987848,12.070775985717773,3.155092477798462,12.861970901489258,0.7812026143074036,0.19259262084960938,-0.8920602798461914,22.799894093272755,5.249885066775308,10.931703040089248,True,0.7077198624610901,422.0,378.5,True,OFFBOARD
51.652,ACQUIRE,True,-0.8016518342150349,-2.798245016454354,12.939821447405865,0.8048578541170742,0.2160977944119618,-0.7881827368961511,-0.0065252266149593875,0.0323160070789115,-0.007699637967933586,10.000000054246986,1.1416854257635489e-07,0.04999999651757947,1.9973227930183487e-13,-1.8863191023374224e-12,6.636451188114549e-08,1.8968639221721113e-12,-3.710220231458341e-07,11.158219362002608,12.148398399353027,3.175311326980591,12.784316062927246,0.7833417654037476,0.19053784012794495,-0.8889585137367249,22.819440203864673,5.259680412491699,10.872705628235758,True,0.7077198624610901,422.0,378.5,True,OFFBOARD
51.752,ACQUIRE,True,-0.7178952753010904,-2.775873753617869,12.857908339854722,0.8057135424998341,0.21430530229262673,-0.788020985255256,-0.00710918380191435,0.0318336808456788,-0.007672322562184324,10.000000054661777,1.1445498630817469e-07,0.04999999379560904,5.1840687555842035e-09,1.3726635592070657e-09,0.004999403227886789,5.36272077488651e-09,-3.738588290609117e-07,11.071529073957654,12.233797073364258,3.1970136165618896,12.70470142364502,0.7851746678352356,0.1885790228843689,-0.8858556747436523,22.79698801948276,5.261903043452966,10.763120890775427,True,0.7021467685699463,418.5,382.5,True,OFFBOARD
51.852,ACQUIRE,True,-0.6405291980464614,-2.755365229167458,12.782145419390138,0.806003273615372,0.21301035769139104,-0.7902604340951508,-0.007057839074059335,0.03143672227908806,-0.007647478592721842,10.000000055017312,1.1470050722394424e-07,0.04999999379560904,5.1840687794443615e-09,1.3726635869626413e-09,0.004999403227879361,5.362720805056226e-09,-3.76290377165572e-07,10.991492208226077,12.311673164367676,3.216387987136841,12.628963470458984,0.7854927778244019,0.18590421974658966,-0.8872937560081482,22.814550739187247,5.2683716428656995,10.701451970411595,True,0.7021467685699463,418.5,382.5,True,OFFBOARD
51.952,ACQUIRE,True,-0.5599241697518034,-2.734136080146679,12.703053593925722,0.8060880226719626,0.2116532769180604,-0.791190129017902,-0.007134003571260422,0.03134399234484268,-0.007646799549068259,10.00000005537285,1.1494603300945461e-07,0.049999996287036774,-1.2859201371475018e-13,1.2151296219417958e-12,6.321574947801189e-07,1.221914851416262e-12,-3.787219248162058e-07,10.908139180157656,12.395172119140625,3.236726999282837,12.54460620880127,0.7851901054382324,0.1838570088148117,-0.8893671035766602,22.819281390304674,5.273957536919372,10.621316413733616,True,0.7021467685699463,418.5,382.5,True,OFFBOARD
52.052,ACQUIRE,True,-0.47931124881249654,-2.713033437788297,12.623984363098092,0.8061624475809179,0.21046981676036652,-0.7901229792055949,-0.007243182902889181,0.03132780290244197,-0.007618327341843662,10.000000055728393,1.1519154639679991e-07,0.04999999651757947,1.9973228507299645e-13,-1.8863190844173817e-12,6.636451168668993e-08,1.89686390495937e-12,-3.811534735411003e-07,10.824810228224461,12.472723960876465,3.255681276321411,12.468932151794434,0.7852564454078674,0.18165132403373718,-0.8888062238693237,22.81037229214742,5.275433090239645,10.533108297689488,True,0.7021467685699463,418.5,382.5,True,OFFBOARD
52.152,ACQUIRE,True,-0.3986906312259575,-2.692039337925123,12.544915656312646,0.80624917240757,0.20951879563604586,-0.791808767440397,-0.007631318368234628,0.03136228550718707,-0.007609929098957968,10.000000056068238,1.154563229312591e-07,0.04992755344835598,-3.9218195346705084e-09,4.7931281547952675e-09,-0.018110213596718897,6.193120858728198e-09,-3.835942486861173e-07,10.74150103237817,12.557838439941406,3.2767677307128906,12.390048027038574,0.7845352292060852,0.1796482503414154,-0.8881880044937134,22.807263956877698,5.281615414898997,10.44366495364588,True,0.7119580507278442,419.5,387.5,True,OFFBOARD
52.252,ACQUIRE,True,-0.3180670908155043,-2.671119516843869,12.465569040617194,0.8061681065446921,0.20894137474080446,-0.7948121748244208,-0.007881681136440865,0.030943473696881843,-0.007616980248689704,10.000000056498715,1.1572351107320057e-07,0.049999993795609154,5.1840688817234675e-09,1.3726637344141368e-09,0.004999403227884455,5.362720941670316e-09,-3.864218273463896e-07,10.658207623609696,12.635380744934082,3.2955446243286133,12.314373016357422,0.7841891646385193,0.17835989594459534,-0.8915125727653503,22.826266791622068,5.290941835321103,10.384400244896982,True,0.7119580507278442,419.5,387.5,True,OFFBOARD
52.352,ACQUIRE,True,-0.2374751435637815,-2.650244001204933,12.386016650370664,0.8056591760635188,0.20864430053817706,-0.79576407924944,-0.008232144395774871,0.030650636845670067,-0.007572426051187089,10.00000005685426,1.1596903687222708e-07,0.049999996287036774,-1.28592001247484e-13,1.2151298436526698e-12,6.321574949466523e-07,1.2219150705839562e-12,-3.8885337489791956e-07,10.574955903444215,12.718585968017578,3.3152670860290527,12.229702949523926,0.7841036915779114,0.1773013323545456,-0.8938285112380981,22.844460642710477,5.2976664266888,10.318102784593455,True,0.7119580507278442,419.5,387.5,True,OFFBOARD
52.452,ACQUIRE,True,-0.1569433576763312,-2.6293834438459984,12.306511149384786,0.804948669202032,0.20857681726973012,-0.7940714964835577,-0.008276548214361605,0.03034606413280136,-0.007492329201581808,10.000000057209796,1.1621455027300565e-07,0.04999999651757936,1.9973229207215936e-13,-1.8863190778528763e-12,6.636451222098476e-08,1.8968638991683413e-12,-3.9128492352399053e-07,10.49176617348649,12.795534133911133,3.333745241165161,12.151592254638672,0.7830975651741028,0.17726461589336395,-0.8930823802947998,22.818489242679995,5.294341026870028,10.212911678229649,True,0.674111008644104,421.0,390.5,True,OFFBOARD
52.552,ACQUIRE,True,-0.07648531945192087,-2.6085309759212185,12.227123973941676,0.8042840159765761,0.20843127193526925,-0.794203441885767,-0.008017286594429024,0.030572515695550775,-0.007411130781283565,10.000000057549641,1.1647932682087343e-07,0.049927553448354534,-3.921819882941932e-09,4.793128159999438e-09,-0.018110213597120044,6.193121083300267e-09,-3.93725698571286e-07,10.408649865037575,12.879599571228027,3.354579448699951,12.070261001586914,0.7831068634986877,0.17648035287857056,-0.891269862651825,22.862782991174292,5.303212338069765,10.17158401301507,True,0.674111008644104,421.0,390.5,True,OFFBOARD
52.652,ACQUIRE,True,0.003910392108730632,-2.5877041466931514,12.14765298934278,0.8036528342231478,0.20811792399123855,-0.7950970650009017,-0.007996284891442112,0.030503860383134768,-0.0073301350294214295,10.000000057980126,1.1674651497851692e-07,0.049999993795609154,5.18406898399951e-09,1.3726638818656323e-09,0.00499940322787626,5.362721078281449e-09,-3.9655327711508125e-07,10.325600319747261,12.95631217956543,3.373067855834961,11.993452072143555,0.7822767496109009,0.17568573355674744,-0.8929550051689148,22.83945778840608,5.304062318023275,10.070020195538246,True,0.674111008644104,421.0,390.5,True,OFFBOARD
52.752,ACQUIRE,True,0.08745099018278173,-2.5660762578834735,12.06500842960177,0.8028917296489047,0.20780836115082696,-0.7938851414333927,-0.007944914810631502,0.030232466454706834,-0.0072563861857291405,10.000000058335663,1.1699203325653263e-07,0.04999999651757936,1.9973229696401503e-13,-1.88631906901197e-12,6.636451234588485e-08,1.8968638908916755e-12,-3.98984825235641e-07,10.239305493549491,13.03874397277832,3.3925905227661133,11.90774917602539,0.7807631492614746,0.17527204751968384,-0.8939431309700012,22.81892147748919,5.302607967630064,9.964940474650973,True,0.674111008644104,421.0,390.5,True,OFFBOARD
52.852,ACQUIRE,True,0.16448897697392806,-2.5461427188717356,11.988953733896139,0.8021377791696283,0.2074974688297597,-0.7904583558351529,-0.008039072364942943,0.030422502027789098,-0.007224093927326031,10.000000058691198,1.172375542054013e-07,0.04999999651757936,1.9973229846928987e-13,-1.8863190654650195e-12,6.636451239429057e-08,1.896863887522942e-12,-4.0141637309533523e-07,10.15973038916161,13.115450859069824,3.4107561111450195,11.830114364624023,0.7788068652153015,0.17406754195690155,-0.8927603363990784,22.828351373320313,5.30527864348113,9.895941189460284,True,0.6335522532463074,422.0,389.0,True,OFFBOARD
52.952,ACQUIRE,True,0.24467730822471428,-2.5253965945632215,11.910018072476655,0.8016941391616264,0.20750365296720039,-0.789079641421665,-0.00854824156395161,0.030718569381582683,-0.007188995917264478,10.000000059031047,1.1750233076682562e-07,0.049927553448334216,-3.921820160866455e-09,4.793128172142502e-09,-0.018110213602190225,6.1931212686951895e-09,-4.038571480433719e-07,10.076901831699619,13.200004577636719,3.430877685546875,11.749249458312988,0.7799428701400757,0.17281457781791687,-0.8898733258247375,22.83220672166889,5.308572677465473,9.813513979516925,True,0.6335522532463074,422.0,389.0,True,OFFBOARD
53.052,ACQUIRE,True,0.32802819280485007,-2.5037940865725985,11.827906083618641,0.8011569529368487,0.20798797233616337,-0.7898900557437664,-0.00901030473987103,0.03026023574967416,-0.007082768243008001,10.000000059461529,1.1776952380710746e-07,0.049999996287036774,-1.2859202270620344e-13,1.2151292600469691e-12,6.321574952589026e-07,1.221914492477263e-12,-4.0668472604072744e-07,9.990797025617901,13.277165412902832,3.4487533569335938,11.672435760498047,0.7809386253356934,0.1721780151128769,-0.8905630707740784,22.836500593889838,5.314423814827137,9.73969277543766,True,0.6335522532463074,422.0,389.0,True,OFFBOARD
53.152,ACQUIRE,True,0.4048985948636643,-2.483790141099489,11.75211310479373,0.8003177825178932,0.2087749480296357,-0.7889677258355594,-0.009341834351671567,0.030061963854707486,-0.0070025334058330365,10.000000059817063,1.180150447661343e-07,0.04999999628703666,-1.2859201350795503e-13,1.2151295118275127e-12,6.321574952934306e-07,1.221914741891675e-12,-4.0911627382423054e-07,9.911366513958765,13.35998249053955,3.4675934314727783,11.587371826171875,0.7799699902534485,0.17110675573349,-0.8910230994224548,22.84568928361664,5.320102261199043,9.664906741838879,True,0.6335522532463074,422.0,389.0,True,OFFBOARD
53.252,ACQUIRE,True,0.4880851377214753,-2.4620199739350115,11.670183026454648,0.7994684992451915,0.2098367249314398,-0.7865235921215528,-0.009353550594654661,0.03004375334853981,-0.0069208287452087605,10.00000006015691,1.1827981380302253e-07,0.04992755344830291,-3.92182040686626e-09,4.793128179081396e-09,-0.018110213610032466,6.19312142984592e-09,-4.1155704936504293e-07,9.82537879300943,13.437085151672363,3.486078977584839,11.509739875793457,0.7800095677375793,0.17019546031951904,-0.890632152557373,22.86140528113786,5.325260223135342,9.602103808886532,True,0.6335522532463074,422.0,389.0,True,OFFBOARD
53.352,ACQUIRE,True,0.5647867482726312,-2.4418319435750786,11.594752221683772,0.7984640723965065,0.21068238667430994,-0.7853829257008685,-0.009153655068676199,0.029642551312318334,-0.006858294115071551,10.000000060512454,1.1852533476859389e-07,0.049927553448323225,-3.921820473979685e-09,4.79312818081612e-09,-0.018110213604925884,6.19312147368836e-09,-4.1398859710178314e-07,9.746065568575307,13.522068977355957,3.508197784423828,11.427599906921387,0.7802897691726685,0.1711505651473999,-0.8886967301368713,22.85012164617838,5.329012993617265,9.504100936877473,True,0.6208450198173523,423.0,394.5,True,OFFBOARD
53.452,ACQUIRE,True,0.6445623354960444,-2.4207333638850486,11.516235689004667,0.7970514052937961,0.21119138898158551,-0.7848026346411142,-0.008704458188661966,0.029310452100260436,-0.0067975905902138214,10.00000006094293,1.1879252295735682e-07,0.049999993795609154,5.1840691885522e-09,1.3726641732991762e-09,0.004999403227873721,5.36272135061625e-09,-4.1681617541295354e-07,9.663548293917255,13.599461555480957,3.5275228023529053,11.350156784057617,0.7803711891174316,0.1709597110748291,-0.8892850875854492,22.827552234716393,5.326418449529735,9.401791485329998,True,0.6208450198173523,423.0,394.5,True,OFFBOARD
53.552,ACQUIRE,True,0.7241961372568222,-2.3995991873523344,11.437837933980186,0.7957612717158039,0.21150288482288288,-0.7830797088607087,-0.008830928445930253,0.029769818209116006,-0.0067719152308321475,10.000000061298465,1.1903804879669669e-07,0.04999999628703666,-1.2859201363534084e-13,1.2151299999302485e-12,6.321574959731092e-07,1.2219152272974083e-12,-4.1924772266746963e-07,9.58115939062155,13.682387351989746,3.547508955001831,11.265238761901855,0.778580367565155,0.1704556941986084,-0.8888776898384094,22.851553629147,5.334808581553377,9.341736999789124,True,0.6208450198173523,423.0,394.5,True,OFFBOARD
53.652,ACQUIRE,True,0.8037336483758543,-2.378423881505655,11.359662510577902,0.7951413745503537,0.21202065824675967,-0.7805226650444407,-0.009032823709257221,0.03047285004675532,-0.006764435472391767,10.000000061654006,1.192835622378274e-07,0.04999999651757947,1.9973231067251743e-13,-1.8863190365070806e-12,6.636451237380696e-08,1.896863860010935e-12,-4.216792709965311e-07,9.498853439837779,13.75974178314209,3.5661942958831787,11.189709663391113,0.7783762812614441,0.17051298916339874,-0.8862785696983337,22.865561632890007,5.342397414871578,9.27743782819197,True,0.6208450198173523,423.0,394.5,True,OFFBOARD
53.752,ACQUIRE,True,0.8832286206135717,-2.3571969060191598,11.281527954278163,0.7946850472920528,0.2124351455327769,-0.7832250041748564,-0.008673504987671728,0.03003139093466863,-0.006724720163985507,10.000000061993854,1.1954833882617147e-07,0.049927553448312345,-3.921820786486955e-09,4.793128189489737e-09,-0.018110213607661064,6.1931216782978135e-09,-4.2412004574813345e-07,9.416575775286438,13.845511436462402,3.587252140045166,11.11337661743164,0.7789871692657471,0.1705242395401001,-0.8845192790031433,22.828674966077408,5.33750308716313,9.15208202420042,True,0.6185157299041748,422.5,395.5,True,OFFBOARD
53.852,ACQUIRE,True,0.9626444277479638,-2.33594864555927,11.20290269982264,0.7936054930226734,0.2124893850795841,-0.7888960509845175,-0.008423479058932211,0.029557042981938234,-0.006664269413908209,10.00000006242433,1.1981552703088036e-07,0.04999999379560904,5.184069290788374e-09,1.372664329424289e-09,0.004999403227878807,5.362721489408984e-09,-4.2694762394292497e-07,9.33436947533537,13.923386573791504,3.605717897415161,11.039800643920898,0.7786529064178467,0.16937294602394104,-0.8895034790039062,22.843088282754508,5.3435240060632285,9.087411548297572,True,0.6185157299041748,422.5,395.5,True,OFFBOARD
53.956,ACQUIRE,True,1.0482723315892017,-2.313006325304823,11.11748003543338,0.792078092086253,0.21233065588764752,-0.7921552064878372,-0.008142944183106009,0.029100814082371234,-0.0066367856998532345,10.000000062764181,1.2008030095850844e-07,0.04992755344831634,-3.9218209845492384e-09,4.793128192959184e-09,-0.018110213606635332,6.19312180640676e-09,-4.2938839888023184e-07,9.245724860143756,14.006671905517578,3.624903678894043,10.957173347473145,0.7779884338378906,0.16791146993637085,-0.8951318860054016,22.867644601123498,5.349889813467005,9.027314898503464,True,0.6185157299041748,422.5,395.5,True,OFFBOARD
54.052,ACQUIRE,True,1.1242389759466616,-2.2926376624459226,11.041425690366854,0.7906669891688934,0.21204669960852993,-0.7921657553225824,-0.008268187978781328,0.02938100379104773,-0.0066758568490978415,10.00000006311972,1.2032582194770864e-07,0.049927553448280926,-3.921821033048456e-09,4.793128196428631e-09,-0.01811021361550379,6.193121839804256e-09,-4.31819946442145e-07,9.167078208435226,14.083571434020996,3.643272638320923,10.882143020629883,0.7774319052696228,0.16548064351081848,-0.8955357074737549,22.838109600406725,5.346288881915443,8.91864355340268,True,0.6185157299041748,422.5,395.5,True,OFFBOARD
54.152,ACQUIRE,True,1.2000935218862376,-2.2722825714217088,10.96525961371683,0.7897882241685179,0.21207271165194858,-0.7951003583405003,-0.008630976794191043,0.03015011309358451,-0.0066894744687566385,10.000000063475253,1.20571342940175e-07,0.04992755344831057,-3.921821135152835e-09,4.7931281981633544e-09,-0.01811021360806271,6.19312190580487e-09,-4.3425149398158046e-07,9.088543545201968,14.167582511901855,3.6648190021514893,10.803998947143555,0.7770620584487915,0.16620509326457977,-0.8964858055114746,22.883916214015613,5.359066143731901,8.879467697072698,True,0.6326466798782349,422.5,400.5,True,OFFBOARD
54.252,ACQUIRE,True,1.2822088838698344,-2.250221531094175,10.882333785407459,0.7893898632037403,0.212122765323805,-0.799247002202271,-0.008336655903534194,0.03029729036678984,-0.0066417990361990805,10.00000006390573,1.2083853602729444e-07,0.04999999628703666,-1.2859203699823006e-13,1.2151290182190627e-12,6.321575235348955e-07,1.2219142534962824e-12,-4.370790716297148e-07,9.00352045266397,14.244165420532227,3.6835803985595703,10.728693008422852,0.7767220735549927,0.16627958416938782,-0.8995144367218018,22.86648245681036,5.358143669571606,8.783422637145195,True,0.6326466798782349,422.5,400.5,True,OFFBOARD
54.352,ACQUIRE,True,1.357975064357492,-2.2298665065264807,10.805504330249915,0.789124518497729,0.21193521403556986,-0.8007111960850042,-0.008272383737692878,0.030500054645190726,-0.00657920937659359,10.000000064261268,1.2108405702658794e-07,0.049999996287036774,-1.2859202668659655e-13,1.215130204276947e-12,6.321575235694234e-07,1.2219154318828702e-12,-4.3951061911591155e-07,8.925071499763632,14.326398849487305,3.7028934955596924,10.644201278686523,0.7770389914512634,0.16455142199993134,-0.9028119444847107,22.85796970148037,5.35833910768799,8.6906962538851,True,0.6326466798782349,422.5,400.5,True,OFFBOARD
54.452,ACQUIRE,True,1.4368884672587101,-2.208675314521769,10.725482166238198,0.789240133102656,0.21194983099353962,-0.799591509338794,-0.00866064494136702,0.031133675768414828,-0.006520305723785879,10.000000064616803,1.2132957049456823e-07,0.04999999651757947,1.997323242135933e-13,-1.8863190193546634e-12,6.636451307430217e-08,1.8968638443796917e-12,-4.4194216724646533e-07,8.843366293993581,14.402544021606445,3.7226645946502686,10.568258285522461,0.7762231230735779,0.16446858644485474,-0.901762843132019,22.865760469293207,5.362151167102618,8.620553860492219,True,0.6294609308242798,435.5,401.5,True,OFFBOARD
54.552,ACQUIRE,True,1.5158474102021708,-2.1874666242590006,10.645459856839503,0.7899743479781774,0.2122026387188393,-0.8016038084720755,-0.008585248774067782,0.03167875728900467,-0.006481677844321701,10.00000006495665,1.215943471099065e-07,0.04992755344829025,-3.9218214127964175e-09,4.793128212041142e-09,-0.01811021361313335,6.193122092364497e-09,-4.443829418019173e-07,8.761612695924859,14.48583698272705,3.747843027114868,10.490128517150879,0.7768120169639587,0.16576792299747467,-0.9008511304855347,22.869183678047122,5.3713498716312404,8.53910278004226,True,0.6294609308242798,435.5,401.5,True,OFFBOARD
54.652,ACQUIRE,True,1.5948973899141858,-2.1662507172305077,10.565087672210492,0.791042509300339,0.21203953175767196,-0.8053852344818414,-0.008116374879691874,0.03212996633077306,-0.006427394337615898,10.00000006538713,1.2186153534558914e-07,0.04999999379560904,5.184069495329455e-09,1.372664627796727e-09,0.004999403227875984,5.362721763508685e-09,-4.472105197639717e-07,8.67976921830929,14.561999320983887,3.7690298557281494,10.414563179016113,0.7772903442382812,0.1649714559316635,-0.9047156572341919,22.875449901859433,5.373255028373453,8.466817522848169,True,0.6294609308242798,435.5,401.5,True,OFFBOARD
54.752,ACQUIRE,True,1.6772556818207969,-2.144213629353525,10.481244009693867,0.7928679178429382,0.2118192479305456,-0.8064217626892166,-0.008440549475818107,0.033067109030650986,-0.006378793143193047,10.000000065742665,1.2210705369066127e-07,0.04999999651757947,1.9973232890441823e-13,-1.886319008607933e-12,6.636451320614116e-08,1.8968638341866285e-12,-4.4964206738902977e-07,8.594517246015373,14.644024848937988,3.7901628017425537,10.3297700881958,0.7792521715164185,0.16329528391361237,-0.90642249584198,22.86096138256741,5.3777920820759455,8.368907499158167,True,0.6294609308242798,435.5,401.5,True,OFFBOARD
54.852,ACQUIRE,True,1.7566595240934164,-2.123027509958884,10.400660459645543,0.7951158772856557,0.21193082245654052,-0.805001818055381,-0.008663579358740943,0.03313572310089246,-0.006305429137625952,10.000000066082512,1.2237183031618085e-07,0.049927553448282036,-3.9218216505418535e-09,4.793128218980036e-09,-0.018110213615211534,6.193122248288142e-09,-4.5208284186886145e-07,8.512338669181391,14.719415664672852,3.8097119331359863,10.252007484436035,0.781696617603302,0.16327467560768127,-0.905726432800293,22.859227049252155,5.3811140313747226,8.290104579007187,True,0.6294609308242798,435.5,401.5,True,OFFBOARD
54.952,ACQUIRE,True,1.836287977509662,-2.1018215172288306,10.320168186735597,0.7974320647785486,0.21218035624379133,-0.8052963576361195,-0.008685568261760724,0.03369415574056608,-0.006266658778372097,10.000000066512989,1.226390185638755e-07,0.049999993795609154,5.184069573589378e-09,1.3726647405537529e-09,0.004999403227875918,5.3627218680232395e-09,-4.5491041974331247e-07,8.429937679363698,14.800640106201172,3.831958532333374,10.170402526855469,0.7829532623291016,0.16381613910198212,-0.9036553502082825,22.871337167615657,5.388135349726472,8.21935747757184,True,0.57606041431427,439.5,404.5,True,OFFBOARD
55.052,ACQUIRE,True,1.912975938305735,-2.0814440710024065,10.242818943254104,0.8002079549921614,0.21232943222045395,-0.8059266567036212,-0.008633803977631575,0.03432410275482681,-0.006236559200993708,10.000000066868527,1.2288453958698785e-07,0.04999999379560893,5.184069597445626e-09,1.372664773513499e-09,0.004999403227884545,5.362721899521261e-09,-4.573419670551437e-07,8.350590948443259,14.87565803527832,3.8509793281555176,10.09239673614502,0.7848361134529114,0.16235080361366272,-0.9042472243309021,22.857570782995595,5.391172060894387,8.129152770501557,True,0.57606041431427,439.5,404.5,True,OFFBOARD
55.156,ACQUIRE,True,1.9931651417904253,-2.0601960644873385,10.16226492791632,0.8035253401395351,0.212700792892656,-0.8047469885370332,-0.009146857947154875,0.03481706885112225,-0.006151012377128392,10.000000067224061,1.2313006548001642e-07,0.04999999628703666,-1.2859205853966758e-13,1.2151296570936631e-12,6.321575239094293e-07,1.2219148910902235e-12,-4.597735139129632e-07,8.267636533775367,14.957053184509277,3.8702075481414795,10.005836486816406,0.7871070504188538,0.15997754037380219,-0.9047864079475403,22.861611209123573,5.395193414408622,8.050317972403873,True,0.57606041431427,439.5,404.5,True,OFFBOARD
55.252,ACQUIRE,True,2.076924999340316,-2.03803173904373,10.0787723727712,0.807030258048327,0.2135656988550987,-0.8007059442657204,-0.009550114694197904,0.034456253083049074,-0.006071831035544759,10.000000067563908,1.233948345843918e-07,0.04992755344824806,-3.921821971835969e-09,4.793128218980036e-09,-0.018110213623709848,6.193122451749045e-09,-4.6221428896202524e-07,8.180995807908783,15.032804489135742,3.8892247676849365,9.927223205566406,0.7901685833930969,0.16008798778057098,-0.9026394486427307,22.85685202211294,5.398061130600069,7.968206006896505,True,0.57606041431427,439.5,404.5,True,OFFBOARD
55.352,ACQUIRE,True,2.157778472429831,-2.016620650854846,9.998813819630023,0.8098565907604235,0.2146016251037653,-0.7991868003938999,-0.009511669503936648,0.034228594381981996,-0.006020941569614052,10.000000067994387,1.2366202284764277e-07,0.04999999379560893,5.18406967501329e-09,1.3726648845358014e-09,0.004999403227882506,5.362722002922591e-09,-4.65041866720615e-07,8.097357525893996,15.115621566772461,3.9126293659210205,9.845288276672363,0.7917662858963013,0.1602911800146103,-0.89808189868927,22.871901521015698,5.407539922180264,7.899027554060739,True,0.5501872301101685,423.5,402.5,True,OFFBOARD
55.452,ACQUIRE,True,2.235655493277021,-1.9959805309038985,9.922068825155845,0.8125211804882565,0.21530786505168922,-0.799507201801335,-0.009105036576502893,0.03456870006896078,-0.005940556439700146,10.000000068349921,1.2390754388403999e-07,0.04999999379560893,5.1840696996858635e-09,1.3726649261691648e-09,0.0049994032278736,5.362722037429879e-09,-4.6747341393329927e-07,8.016793963602002,15.191961288452148,3.932476043701172,9.76745319366455,0.7941985130310059,0.1611034870147705,-0.8988212943077087,22.85634426719362,5.406068547332213,7.804757607484015,True,0.5501872301101685,423.5,402.5,True,OFFBOARD
55.552,ACQUIRE,True,2.3203156715717457,-1.9735689907988656,9.838989474258572,0.8153920450999861,0.21559277129838997,-0.7978541242003153,-0.00865705420427322,0.03433241280520519,-0.0058491758697783135,10.000000068705456,1.2415306225599061e-07,0.04999999651757958,1.9973234210488956e-13,-1.8863189882526724e-12,6.636451353920806e-08,1.896863815334483e-12,-4.6990496136014363e-07,7.929219853874092,15.274735450744629,3.9525492191314697,9.681253433227539,0.7964863777160645,0.16081976890563965,-0.8989019989967346,22.855326103317314,5.408469086692332,7.719135787290621,True,0.5501872301101685,423.5,402.5,True,OFFBOARD
55.652,ACQUIRE,True,2.3987106385907744,-1.9528714558279192,9.76254667771454,0.8176306313235956,0.21557012742924486,-0.7946792564449346,-0.008382820385060094,0.03369272727629765,-0.005746744812968419,10.000000069060992,1.2439858329894654e-07,0.04999999651757936,1.9973234347353744e-13,-1.8863189835410516e-12,6.636451358084143e-08,1.8968638107931676e-12,-4.723365085261153e-07,7.848140443100811,15.351859092712402,3.9726431369781494,9.602294921875,0.7975409030914307,0.16229718923568726,-0.8966368436813354,22.858298113791832,5.410812142555091,7.642967804837731,True,0.5501872301101685,423.5,402.5,True,OFFBOARD
55.752,ACQUIRE,True,2.480562064356718,-1.9313308136209741,9.683207363865293,0.819205339658284,0.21516955245573857,-0.7925409031875197,-0.007807649746943443,0.03295940671484625,-0.005635538866068901,10.000000069400839,1.2466335995468873e-07,0.04992755344825761,-3.921822351666963e-09,4.793128241531441e-09,-0.018110213621339858,6.193122709732213e-09,-4.7477728278650906e-07,7.763503532869432,15.436585426330566,3.9977614879608154,9.518434524536133,0.7996018528938293,0.16361819207668304,-0.8931464552879333,22.876828283008848,5.421730562169054,7.575282284552415,True,0.4380686581134796,408.5,403.0,True,OFFBOARD
55.852,ACQUIRE,True,2.5625295291147547,-1.9098583018160171,9.604027187151475,0.8199813242501837,0.21424019376113806,-0.7909869728335033,-0.007277206737680508,0.0321386657878511,-0.005543860287476345,10.000000069831316,1.2493054823722333e-07,0.049999993795609154,5.184069802024089e-09,1.3726650692838516e-09,0.004999403227879128,5.362722172991075e-09,-4.776048603994073e-07,7.678771207311855,15.514402389526367,4.018809795379639,9.439748764038086,0.8006125688552856,0.16330015659332275,-0.8928347826004028,22.87652235497709,5.427711460993137,7.4957197312237245,True,0.4380686581134796,408.5,403.0,True,OFFBOARD
55.952,ACQUIRE,True,2.644535089248103,-1.8884985964312813,9.525075867507732,0.8200256301519976,0.21297124154181843,-0.7878936457399816,-0.006984516323284612,0.03142828117812381,-0.005445796267723353,10.00000007018685,1.2517607415716372e-07,0.04999999628703666,-1.2859204424433223e-13,1.2151296278710265e-12,6.321575242562076e-07,1.2219148605254441e-12,-4.800364070590078e-07,7.5940300570467105,15.598386764526367,4.039797782897949,9.35291862487793,0.8011451959609985,0.16279584169387817,-0.8924654126167297,22.86532202980312,5.42960994987317,7.398643524943967,True,0.4380686581134796,408.5,403.0,True,OFFBOARD
56.052,ACQUIRE,True,2.7297845841453348,-1.866429919452769,9.443399475851338,0.8192626749206023,0.2114766035372723,-0.7829265126377193,-0.006916042088318086,0.030508156577086835,-0.005423729213429354,10.0000000705267,1.2544084328840427e-07,0.04992755344822619,-3.921822598103894e-09,4.793128241531441e-09,-0.018110213629182113,6.193122865789492e-09,-4.824771819113662e-07,7.505970578872594,15.67759895324707,4.060356140136719,9.27537727355957,0.8005849123001099,0.16225400567054749,-0.8887633681297302,22.859877168032266,5.4338951205354284,7.312436644871034,True,0.4380686581134796,408.5,403.0,True,OFFBOARD
56.152,ACQUIRE,True,2.8083687457400948,-1.8461934107093199,9.36829714541781,0.8178715403980805,0.2101492236123225,-0.782664518306627,-0.006712942566116537,0.029906555641199168,-0.00539709376285007,10.000000070882233,1.2568636434792853e-07,0.04992755344824662,-3.921822664869062e-09,4.793128245000888e-09,-0.0181102136240746,6.19312291075399e-09,-4.849087289552097e-07,7.424822670649776,15.766230583190918,4.085617542266846,9.196389198303223,0.8005759716033936,0.16305285692214966,-0.8849278688430786,22.86918738260867,5.444495755548155,7.23177331592504,True,0.46772512793540955,409.0,403.5,True,OFFBOARD
56.252,ACQUIRE,True,2.8933178253537744,-1.8244310209109833,9.28673544214731,0.8157512881834822,0.2083655894807719,-0.7858492438331142,-0.006242661384869256,0.029222188666542782,-0.005404504421015031,10.00000007131271,1.2595355751306318e-07,0.049999996287036774,-1.2859207419488785e-13,1.2151302540401327e-12,6.321575243949856e-07,1.2219154863694056e-12,-4.877363060215605e-07,7.337130335129491,15.846504211425781,4.106651782989502,9.12112808227539,0.798251748085022,0.16248510777950287,-0.8863278031349182,22.870653713885222,5.450864415336336,7.151614071932434,True,0.46772512793540955,409.0,403.5,True,OFFBOARD
56.352,ACQUIRE,True,2.971505708569485,-1.8045246834621391,9.21117015220179,0.8131377079755306,0.20639940940626775,-0.7880509126840386,-0.005955185292668766,0.028232317348483214,-0.005416198771487831,10.000000071668243,1.2619907857952594e-07,0.049999996287036774,-1.2859204369839303e-13,1.2151290031842279e-12,6.321575244295135e-07,1.2219142392500484e-12,-4.901678530122473e-07,7.256448359961908,15.932133674621582,4.127517223358154,9.037227630615234,0.7959566116333008,0.16132083535194397,-0.8897597789764404,22.86945759897469,5.455525398389298,7.063290235035764,True,0.46772512793540955,409.0,403.5,True,OFFBOARD
56.452,ACQUIRE,True,3.05587976240326,-1.7831762488016303,9.12921676011721,0.809475852329419,0.20425989329165817,-0.7877270409998701,-0.006068857667929176,0.02748692393440786,-0.00541582385530422,10.00000007200809,1.2646384772433452e-07,0.04992755344821509,-3.921822911211548e-09,4.793128251939782e-09,-0.018110213631917303,6.1931230721217824e-09,-4.926086277662464e-07,7.169415935735018,16.011064529418945,4.14785099029541,8.961626052856445,0.7923876643180847,0.16036278009414673,-0.8896596431732178,22.87584573189467,5.460799561141616,6.9892098915078495,True,0.46772512793540955,409.0,403.5,True,OFFBOARD
56.552,ACQUIRE,True,3.1334140838559477,-1.7636543952840473,9.05350130102805,0.8060489094647736,0.20255103458197762,-0.7902237299897146,-0.0062079161443498385,0.02790176606593907,-0.005436546002240088,10.000000072363624,1.267093687973571e-07,0.04992755344823563,-3.9218229776579345e-09,4.793128262348123e-09,-0.018110213626810267,6.193123122254723e-09,-4.950401747109825e-07,7.089462631999535,16.097023010253906,4.172789573669434,8.883480072021484,0.7886244654655457,0.1614694595336914,-0.8895910382270813,22.871814075613244,5.469829406098779,6.897833450162526,True,0.39825960993766785,409.0,416.0,True,OFFBOARD
56.652,ACQUIRE,True,3.21707389262023,-1.7426874043023404,8.971089900769547,0.8030310079718788,0.20072688641325037,-0.7942600877036216,-0.006114068391770636,0.02845775857597324,-0.00541854667447588,10.0000000727941,1.2697656197809158e-07,0.04999999628703666,-1.2859207237343614e-13,1.2151296750931133e-12,6.321575245544136e-07,1.2219149104455637e-12,-4.978677516609598e-07,7.003216932050802,16.175003051757812,4.193543434143066,8.808028221130371,0.7856217622756958,0.1609751284122467,-0.8933466672897339,22.882226960662084,5.4759729495238325,6.8287244801717435,True,0.39825960993766785,409.0,416.0,True,OFFBOARD
56.752,ACQUIRE,True,3.2940423892403627,-1.7235015787660053,8.894754543928293,0.8006272732346313,0.1990561360302619,-0.7953572090370967,-0.00612968198510349,0.028627243855771208,-0.005395849777928193,10.000000073149634,1.2722208305793566e-07,0.049999996287036774,-1.2859206377737522e-13,1.21512970791564e-12,6.321575246099247e-07,1.221914942181195e-12,-5.002992985525289e-07,6.923895333475634,16.25829315185547,4.214181423187256,8.722902297973633,0.7824286818504333,0.15999209880828857,-0.8960081934928894,22.878104567087934,5.481803766011412,6.740086763333916,True,0.39825960993766785,409.0,416.0,True,OFFBOARD
56.852,ACQUIRE,True,3.3739920432844075,-1.7036770499606004,8.815301518375136,0.7985244607018077,0.19756465466939724,-0.793394765815635,-0.006533934794745315,0.028941793964701687,-0.005354891380913421,10.000000073505168,1.2746759660653666e-07,0.04999999651757947,1.997323621281663e-13,-1.886318942195256e-12,6.636451372639167e-08,1.896863771641476e-12,-5.027308460890662e-07,6.841527485981453,16.335033416748047,4.234429359436035,8.644113540649414,0.7805371880531311,0.15928076207637787,-0.8953921794891357,22.890546729383544,5.488487139645018,6.674385043451113,True,0.39825960993766785,409.0,416.0,True,OFFBOARD
56.952,ACQUIRE,True,3.453747899897524,-1.6839736208548048,8.736040378862358,0.7966952125657096,0.19664166892151455,-0.7921715799082379,-0.007079062335463165,0.02905931334318197,-0.005304517402020545,10.000000073845015,1.2773237330276438e-07,0.04992755344822475,-3.921823290647762e-09,4.793128262348123e-09,-0.01811021362954639,6.193123320456939e-09,-5.051716200538608e-07,6.759377568300428,16.4185733795166,4.2593817710876465,8.560702323913574,0.7785524129867554,0.16084183752536774,-0.8927310705184937,22.88286340374573,5.497821922906877,6.581852286931565,True,0.5975262522697449,408.5,419.5,True,OFFBOARD
57.052,ACQUIRE,True,3.533331928387576,-1.6643431208272654,8.656871699918502,0.7951163750685455,0.19599849876984393,-0.7912120300955511,-0.007102201096472923,0.02936904761378859,-0.0052501011586595136,10.000000074275489,1.2799956163224578e-07,0.04999999379560904,5.1840701087657946e-09,1.3726655142404232e-09,0.004999403227881823,5.362722583407045e-09,-5.079991973176397e-07,6.677412325067014,16.494773864746094,4.280186176300049,8.48226261138916,0.7771080732345581,0.16089749336242676,-0.8920389413833618,22.8723789693668,5.4985914441830435,6.492946809214527,True,0.5975262522697449,408.5,419.5,True,OFFBOARD
57.152,ACQUIRE,True,3.612772916434527,-1.6447749884878613,8.577830634129786,0.7937832461159157,0.1954184185427538,-0.7894458003222019,-0.007297911132063161,0.029516415311395323,-0.0051853515579459684,10.000000074631023,1.282450875925251e-07,0.04999999628703666,-1.2859206703977555e-13,1.2151300259765117e-12,6.321575252829976e-07,1.2219152588192193e-12,-5.104307436802232e-07,6.59560125803757,16.576574325561523,4.300919055938721,8.396156311035156,0.7751566171646118,0.161075621843338,-0.8912044763565063,22.888167726750094,5.510124042439353,6.426382182947503,True,0.5975262522697449,408.5,419.5,True,OFFBOARD
57.252,ACQUIRE,True,3.692103843619067,-1.6252447992967216,8.499067891700285,0.7930443015149135,0.19531518708427628,-0.7857478879173497,-0.008042759885079362,0.030484336688287927,-0.005130477450416998,10.000000074986557,1.2849060115464693e-07,0.04999999651757947,1.997323692929592e-13,-1.8863189378806818e-12,6.636451426051996e-08,1.896863768105312e-12,-5.128622911185163e-07,6.5139063503399095,16.658485412597656,4.3223724365234375,8.31220531463623,0.7740978598594666,0.162331685423851,-0.887966513633728,22.886865598060417,5.515507342651381,6.3416315439235404,True,0.5975262522697449,408.5,419.5,True,OFFBOARD
57.352,ACQUIRE,True,3.771405395388468,-1.6056918119484316,8.420547173592912,0.7930361078205965,0.1957535921243539,-0.7854539507768182,-0.008264184946604946,0.03088589519041824,-0.005095189560003599,10.000000075326401,1.287553778642317e-07,0.04992755344822308,-3.921823639247957e-09,4.7931282710217404e-09,-0.01811021362994848,6.193123547922482e-09,-5.153030649855901e-07,6.432234315958358,16.73448371887207,4.343574523925781,8.238094329833984,0.7737760543823242,0.16361112892627716,-0.8851402997970581,22.888553833807414,5.523664274243215,6.266194283482167,True,0.32920926809310913,456.0,434.0,True,OFFBOARD
57.452,ACQUIRE,True,3.850715503850444,-1.5860902127013017,8.341877331776516,0.7931561417565762,0.19627049557648102,-0.7880640920137684,-0.008350312061356157,0.030862709241987633,-0.005039733911974233,10.000000075756878,1.2902256620951677e-07,0.04999999379560893,5.1840702132915876e-09,1.3726656616919186e-09,0.004999403227875493,5.36272272219301e-09,-5.181306421332182e-07,6.350541970446005,16.816238403320312,4.364744663238525,8.156363487243652,0.7750608921051025,0.16422608494758606,-0.8859919309616089,22.885941495932656,5.529364446678116,6.180423518857483,True,0.32920926809310913,456.0,434.0,True,OFFBOARD
57.552,ACQUIRE,True,3.9300244493721417,-1.5664340570235975,8.262960356765236,0.7929174538235111,0.19684508896911518,-0.7898464090122611,-0.008472627577249722,0.030131739860940164,-0.005007672362239876,10.000000076112412,1.292680921833225e-07,0.049999996287036774,-1.2859206194599734e-13,1.215128978196756e-12,6.321575249500972e-07,1.2219142163216758e-12,-5.205621883969975e-07,6.268837226248919,16.89133071899414,4.383049011230469,8.07837963104248,0.7746809124946594,0.1649937927722931,-0.8878491520881653,22.882064977728728,5.532995225672347,6.100104364261767,True,0.32920926809310913,456.0,434.0,True,OFFBOARD
57.652,ACQUIRE,True,4.009275575278796,-1.546711931673293,8.183993280010483,0.7920837880071382,0.19761495840487917,-0.7891608476878964,-0.008780022977106691,0.029736985470264873,-0.004988579773269144,10.000000076467945,1.295136057587916e-07,0.04999999651757947,1.9973237582753095e-13,-1.8863189268957232e-12,6.636451442688688e-08,1.8968637578694847e-12,-5.229937357347343e-07,6.187172072067255,16.96678352355957,4.401778221130371,8.001660346984863,0.7742162942886353,0.16548915207386017,-0.8889139294624329,22.890098821728554,5.54001167831045,6.031686291955743,True,0.32920926809310913,456.0,434.0,True,OFFBOARD
57.752,ACQUIRE,True,4.08843628002196,-1.52689992854952,8.105057065823852,0.7911893059531672,0.19861285448767393,-0.7900923325655796,-0.009036174613785336,0.029897213142846067,-0.004989593284739821,10.00000007680779,1.2977838248197588e-07,0.049927553448179895,-3.921823924945701e-09,4.793128286634252e-09,-0.018110213640781334,6.193123740925084e-09,-5.254345095028558e-07,6.105572070788343,17.04939079284668,4.423267841339111,7.921386241912842,0.7740759253501892,0.16664406657218933,-0.8869125843048096,22.884240555322286,5.544878710749224,5.94167339164991,False,,,,True,OFFBOARD
57.852,ACQUIRE,True,4.167524332538688,-1.5069739402643285,8.02592695751369,0.7907291180754876,0.19994353611438578,-0.7923808708948376,-0.009610376488627538,0.030678442938003647,-0.004962542168810922,10.000000077238267,1.3004557084287825e-07,0.04999999379560904,5.184070313190697e-09,1.3726658212864784e-09,0.0049994032278811665,5.362722859614616e-09,-5.282620865344642e-07,6.024013957578061,17.12495994567871,4.441866397857666,7.845438480377197,0.7731130719184875,0.16702261567115784,-0.8891811966896057,22.89162966750522,5.551754376499326,5.872506364897691,False,,,,True,OFFBOARD
57.952,ACQUIRE,True,4.246604110802701,-1.4868922373580806,7.946625721867455,0.7909273562604144,0.20165782173147184,-0.7931620604772971,-0.009883931694386939,0.03108266087751078,-0.004897923289139664,10.000000077593802,1.3029109682993296e-07,0.04999999628703666,-1.285920656980886e-13,1.2151299516493705e-12,6.321575251164642e-07,1.2219151847636166e-12,-5.306936326985648e-07,5.94242493126009,17.206281661987305,4.461074352264404,7.76093053817749,0.7736459374427795,0.16836777329444885,-0.8908575773239136,22.89141725109134,5.5568266751016555,5.789770273465133,False,,,,True,OFFBOARD
58.052,ACQUIRE,True,4.325723808081883,-1.4666295694731233,7.8673634567628685,0.7915286988319381,0.20355958094237595,-0.7920403762370752,-0.010186600114491413,0.03163088531607279,-0.004909161190096822,10.00000007794933,1.3053661041874986e-07,0.04999999651757947,1.9973238216253244e-13,-1.8863189142696384e-12,6.636451460746466e-08,1.8968637459806403e-12,-5.331251799371931e-07,5.860751987904919,17.282262802124023,4.481167316436768,7.684630393981934,0.7741153240203857,0.17063969373703003,-0.8896251320838928,22.885512641488553,5.557807374767047,5.705748204884269,False,,,,True,OFFBOARD
58.152,ACQUIRE,True,4.408098331938488,-1.4453475359054122,7.784927046357952,0.7925782060635193,0.2055874147397986,-0.7938138689831439,-0.009988236272210682,0.031887466972750106,-0.004913426984560227,10.00000007836412,1.3082305440138386e-07,0.04999999379560893,5.184070391668276e-09,1.3726659305740574e-09,0.0049994032278780805,5.362722963451535e-09,-5.359619840031712e-07,5.775672689773501,17.36635398864746,4.507266521453857,7.603902339935303,0.776634156703949,0.17423218488693237,-0.887759804725647,22.897020467635848,5.572148036419572,5.632250379974374,False,,,,True,OFFBOARD
58.252,ACQUIRE,True,4.484234593672608,-1.4255362925648565,7.708579217862651,0.793544864532558,0.20700028979472748,-0.7964694914593049,-0.009459586170040902,0.031922358238682745,-0.004909210409902212,10.000000078719655,1.3106857553187289e-07,0.04999999379560882,5.184070415133742e-09,1.3726659670032504e-09,0.0049994032278699585,5.362722995459852e-09,-5.383935305221923e-07,5.697001227061645,17.44327163696289,4.52939510345459,7.527133464813232,0.7788794040679932,0.177195206284523,-0.8893977403640747,22.898703393436875,5.579657855711412,5.555608652373104,False,,,,True,OFFBOARD
58.352,ACQUIRE,True,4.56364569162681,-1.404783601283145,7.628862871625918,0.7946425988649539,0.2079223021586787,-0.7973861853256505,-0.008914957040635099,0.03200266373197359,-0.004886384035812413,10.000000079075182,1.3131410153245357e-07,0.049999996287036774,-1.2859208041859478e-13,1.215130975076929e-12,6.321575252828312e-07,1.2219162040572956e-12,-5.408250765871814e-07,5.614923540111567,17.525955200195312,4.551845550537109,7.442046642303467,0.7796932458877563,0.17913776636123657,-0.8915560245513916,22.889837064840744,5.582897763883614,5.462078114098963,False,,,,True,OFFBOARD
58.452,ACQUIRE,True,4.643164335179028,-1.3839635746098418,7.549182645926526,0.7956382215199143,0.20839754096113225,-0.7962557780248918,-0.008561661968131384,0.031746290482189354,-0.004847811225276302,10.000000079430716,1.315596151348571e-07,0.04999999651757947,1.9973238840189118e-13,-1.8863189005847623e-12,6.636451477399811e-08,1.89686373302882e-12,-5.432566237267092e-07,5.5327248920298615,17.602420806884766,4.573034763336182,7.365174293518066,0.7810737490653992,0.1802573949098587,-0.8896930813789368,22.89907802371617,5.589589713231858,5.393325656658386,False,,,,True,OFFBOARD
58.552,ACQUIRE,True,4.722767344870263,-1.363110135283533,7.469523681121467,0.7963793515108756,0.2086453248436645,-0.7972384946176548,-0.008439616670357595,0.03172768156890155,-0.004818581645759415,10.000000079770563,1.318243918847634e-07,0.04992755344819033,-3.921824577771057e-09,4.7931283039814865e-09,-0.018110213638154536,6.193124167755526e-09,-5.456973972987217e-07,5.45043621544169,17.685884475708008,4.59761381149292,7.2837090492248535,0.7825149893760681,0.18218360841274261,-0.8884739279747009,22.902825334748066,5.59843411448631,5.312072402142633,False,,,,True,OFFBOARD
58.652,ACQUIRE,True,4.802444584591764,-1.3422421790686931,7.3897090410515895,0.7971414714409188,0.2086604007078586,-0.7988145275858157,-0.00811929137380969,0.03180524979892777,-0.004768980884888016,10.000000080201037,1.3209158027671746e-07,0.04999999379560904,5.184070517469842e-09,1.3726661144547458e-09,0.004999403227876169,5.36272313212908e-09,-5.485249740969573e-07,5.368072051659425,17.76238441467285,4.618762969970703,7.206670761108398,0.7838337421417236,0.1833525449037552,-0.8898208737373352,22.90432600149743,5.60443449308527,5.235562207995915,False,,,,True,OFFBOARD
58.752,ACQUIRE,True,4.882203574539688,-1.3213874095768707,7.309796346058721,0.7980594440501688,0.20842252957144392,-0.7992787824615399,-0.008001293187552697,0.03216589638729598,-0.004698840043886154,10.000000080556568,1.323371062907599e-07,0.04999999628703666,-1.2859209260461956e-13,1.2151287920612657e-12,6.321575254632426e-07,1.2219140344462478e-12,-5.509565200628482e-07,5.285632044791241,17.84486961364746,4.640369892120361,7.121901988983154,0.7851070165634155,0.18275333940982819,-0.8893522024154663,22.90079817044608,5.608241263637637,5.147736256186257,False,,,,True,OFFBOARD
58.852,ACQUIRE,True,4.965269406022281,-1.2997193233023523,7.226693841867387,0.7993449677468394,0.20834415202856846,-0.7987212618854865,-0.0083746535464988,0.03244940460453169,-0.0046037495079201615,10.000000080896417,1.3260187551632961e-07,0.049927553448149586,-3.921824789037839e-09,4.793128309185657e-09,-0.018110213648331305,6.193124305568931e-09,-5.533972942267446e-07,5.19978688338037,17.9289493560791,4.662770748138428,7.038180351257324,0.7857407331466675,0.18325641751289368,-0.88801109790802,22.906195804509906,5.614510775215999,5.067424522137323,False,,,,True,OFFBOARD
58.952,ACQUIRE,True,5.042076184239162,-1.2797105235143644,7.149978409995738,0.8007764767759242,0.2085005297845991,-0.7999605386841846,-0.008421063018181732,0.03281705640188498,-0.004556466164058295,10.00000008125196,1.3284739667003716e-07,0.049927553448169903,-3.921824856037427e-09,4.793128316124551e-09,-0.018110213643224262,6.193124353367043e-09,-5.558288405768609e-07,5.1204168514464135,18.008392333984375,4.684793949127197,6.963047504425049,0.7873785495758057,0.18414831161499023,-0.8863354921340942,22.908598378801635,5.6220046050795425,4.989026267248374,False,,,,True,OFFBOARD
59.052,ACQUIRE,True,5.122241286497406,-1.2588545265913882,7.069858128110692,0.8025032289813695,0.20860150844250103,-0.80219096295643,-0.008336320620519751,0.033092009092810355,-0.004492989631820011,10.00000008168244,1.3311458507780166e-07,0.04999999379560871,5.184070622196281e-09,1.37266626624305e-09,0.0049994032278559515,5.362723272219085e-09,-5.586564172590853e-07,5.03758334107421,18.08683967590332,4.705469131469727,6.885797023773193,0.7887400984764099,0.18406203389167786,-0.8870370388031006,22.915898255465798,5.628464619695747,4.916475102767384,False,,,,True,OFFBOARD
59.152,ACQUIRE,True,5.2025795325466335,-1.2379924271443234,6.989566482036231,0.8041265286186067,0.2086243466599837,-0.8033365918688463,-0.00825751740088378,0.032731588282751335,-0.004484493312453893,10.000000082037987,1.333601111051583e-07,0.04999999628703666,-1.285920986910145e-13,1.2151293491971868e-12,6.321575533922905e-07,1.2219145891289367e-12,-5.610879631264507e-07,4.9545806592027795,18.171100616455078,4.7267351150512695,6.800643444061279,0.7912085652351379,0.1844884157180786,-0.8873091340065002,22.91527674640093,5.633829961343206,4.830116790732641,False,,,,True,OFFBOARD
59.252,ACQUIRE,True,5.283061071038839,-1.21712798417858,6.9092529071073985,0.8054012050932622,0.2086926860149048,-0.8027394756675236,-0.008430426155280595,0.03244158281978261,-0.004441361356172855,10.000000082393532,1.3360562473426197e-07,0.04999999651757947,1.997324015328018e-13,-1.8863188801500925e-12,6.636451511367084e-08,1.8968637140903825e-12,-5.6351951006778e-07,4.871438647046754,18.249164581298828,4.746740341186523,6.724425792694092,0.7924339175224304,0.18472711741924286,-0.8867127299308777,22.91296532295565,5.638220474593846,4.748239061603644,False,,,,True,OFFBOARD
59.352,ACQUIRE,True,5.363656668505881,-1.1962486337983502,6.8288952417142,0.8064533595712572,0.2088891295369296,-0.8051002652345071,-0.008446844058988235,0.032431466951311355,-0.004342407296089197,10.000000082733383,1.3387040151130317e-07,0.04992755344815902,-3.9218251688200795e-09,4.793128324798168e-09,-0.01811021364596038,6.19312455815101e-09,-5.659602834430062e-07,4.788182470290762,18.334638595581055,4.76967716217041,6.645662307739258,0.79426109790802,0.18682223558425903,-0.8848637938499451,22.92117707952597,5.6457888766886635,4.669465387067758,False,,,,True,OFFBOARD
59.452,ACQUIRE,True,5.44112311057748,-1.1761922729662697,6.7513829907282945,0.8074261035201865,0.2088963031595159,-0.8094261073149177,-0.00808125405482141,0.032676600165074676,-0.004275475152314925,10.000000083088926,1.341159226814906e-07,0.049927553448165685,-3.921825279161348e-09,4.793128324798168e-09,-0.01811021364428337,6.193124628025136e-09,-5.683918296689176e-07,4.708161831221706,18.412784576416016,4.789916515350342,6.570301055908203,0.7951969504356384,0.18864338099956512,-0.887983500957489,22.91750912515784,5.649251626477048,4.585956835083859,False,,,,True,OFFBOARD
59.552,ACQUIRE,True,5.525166403160225,-1.1544855550233155,6.667027338631694,0.8087672020556763,0.2084803839193724,-0.8121055092731153,-0.007626541778298573,0.032803069123165114,-0.004257387069792311,10.000000083519415,1.343831159754019e-07,0.04999999628703666,-1.2859210041155018e-13,1.215129346656088e-12,6.32157581820939e-07,1.2219145867830148e-12,-5.712194057765316e-07,4.621360586874955,18.496923446655273,4.811022758483887,6.485812187194824,0.7972346544265747,0.1883256435394287,-0.8914596438407898,22.925614125889958,5.656217291224633,4.508620069435327,False,,,,True,OFFBOARD
59.652,ACQUIRE,True,5.609347090475853,-1.132837755650753,6.582557999491399,0.810020494670948,0.2078744176350335,-0.8123178022528653,-0.00776729611751836,0.03269220149332796,-0.004262109349486305,10.000000083859268,1.3464788522806734e-07,0.04992755344815081,-3.9218254064165005e-09,4.7931283334717856e-09,-0.018110213648039955,6.193124715322949e-09,-5.736601797439962e-07,4.534441023323935,18.574953079223633,4.831148624420166,6.409788608551025,0.7995831966400146,0.18855711817741394,-0.8900924324989319,22.921995150171945,5.66037719465135,4.425425944277255,False,,,,True,OFFBOARD
59.752,ACQUIRE,True,5.6871595685533345,-1.1129000600708268,6.504456327302796,0.8109975805745482,0.20753702815073882,-0.8151200970389322,-0.007978978969470816,0.032621547817969256,-0.0042313933683599154,10.000000084214808,1.34893406408636e-07,0.04992755344814814,-3.921825481698029e-09,4.7931283334717856e-09,-0.018110213648696524,6.193124762995332e-09,-5.760917258953725e-07,4.4541149690463255,18.660249710083008,4.8546061515808105,6.330481052398682,0.8013980388641357,0.19081494212150574,-0.8900244832038879,22.928776083513128,5.669025049568356,4.345525922378987,False,,,,True,OFFBOARD
59.852,ACQUIRE,True,5.768317177485538,-1.0921567019495844,6.4227341458314005,0.8121744488649256,0.20732848976950805,-0.8190934916526766,-0.007930818078233454,0.03300259132867999,-0.004222410086117325,10.000000084645295,1.351605948475809e-07,0.04999999379560882,5.184070824397879e-09,1.3726665602786792e-09,0.004999403227864999,5.3627235429472415e-09,-5.789193023445951e-07,4.370348588338757,18.738506317138672,4.875317573547363,6.2552876472473145,0.8030135035514832,0.19230039417743683,-0.8928050398826599,22.93101148783914,5.6738896403224075,4.267882021821072,False,,,,True,OFFBOARD
59.952,ACQUIRE,True,5.852855858661519,-1.070612845214274,6.337360513207795,0.8135213801835404,0.20696112948716175,-0.8222964240554531,-0.00778169234582814,0.03304059026731621,-0.004201304244275329,10.00000008500084,1.3540611336724082e-07,0.04999999651757947,1.9973241096483213e-13,-1.8863188412659862e-12,6.636451490567056e-08,1.8968636764155926e-12,-5.813508486810313e-07,4.283108379241931,18.822919845581055,4.89687967300415,6.172103404998779,0.8042784333229065,0.19201864302158356,-0.8953831195831299,22.929194440943856,5.6797836592564925,4.180242780534612,False,,,,True,OFFBOARD
60.052,ACQUIRE,True,5.931018853993484,-1.0507584460385664,6.2583683261622225,0.8148618161888213,0.20675530495785266,-0.8231601355844435,-0.008243549120302538,0.033336861724611914,-0.004203893998132774,10.000000085356376,1.356516345577658e-07,0.04999999651757936,1.997324137597591e-13,-1.8863188505039393e-12,6.636451509995959e-08,1.896863685896486e-12,-5.837823947560282e-07,4.202463784279299,18.901697158813477,4.916999340057373,6.097165584564209,0.8062620759010315,0.19230453670024872,-0.8951598405838013,22.930983750771897,5.687015232685096,4.102203665718608,False,,,,True,OFFBOARD
60.152,ACQUIRE,True,6.012589615769274,-1.0300716608321314,6.175854327061942,0.8165249245877568,0.20702716639816013,-0.8279213985101755,-0.008608542022683258,0.033722377893970014,-0.004187697526008066,10.000000085696234,1.359164113616087e-07,0.04992755344814648,-3.921825829887602e-09,4.793128338675956e-09,-0.018110213649098147,6.193124987515762e-09,-5.862231679340928e-07,4.118311566909418,18.988672256469727,4.939793586730957,6.0197343826293945,0.8094377517700195,0.19536681473255157,-0.8935779929161072,22.929881922366977,5.693095731547984,4.0125550154418885,False,,,,True,OFFBOARD
60.252,ACQUIRE,True,6.0976060962582155,-1.0085224880821102,6.0893449266953406,0.8183289380741108,0.207335056031608,-0.8352021132860017,-0.00840666904315556,0.03374953476793687,-0.0041356912387364,10.000000086126724,1.3618360468291909e-07,0.049999996287036774,-1.285920906359297e-13,1.215129606906961e-12,6.321575816195446e-07,1.2219148445599574e-12,-5.890507438366124e-07,4.030607489674188,19.068359375,4.960198402404785,5.944498062133789,0.81136554479599,0.19757084548473358,-0.8978764414787292,22.935350310044594,5.698742078009769,3.9368852729655694,False,,,,True,OFFBOARD
60.352,ACQUIRE,True,6.176253001069754,-0.988612056737458,6.008944469484709,0.8201653635308114,0.20747178790659923,-0.8390755458629419,-0.008474740424079103,0.034327780502930214,-0.004072495991033862,10.00000008648226,1.3642912588376828e-07,0.049999996287036774,-1.2859210132641194e-13,1.2151299857424467e-12,6.321575821744896e-07,1.2219152224168339e-12,-5.914822898365568e-07,3.9494804521200346,19.154212951660156,4.981766700744629,5.860238075256348,0.8128756880760193,0.198430597782135,-0.9015669226646423,22.940422233362295,5.705038950210158,3.8546729396531623,False,,,,True,OFFBOARD
60.452,ACQUIRE,True,6.258399787768732,-0.9678464634940528,5.924957882485835,0.8228116449910573,0.20790519209081695,-0.8401616286804539,-0.00897432327330425,0.03525036710770265,-0.004017125910145553,10.000000086837801,1.3667463955332166e-07,0.04999999651757936,1.997324208027238e-13,-1.8863188448129367e-12,6.636451562714899e-08,1.8968636809787174e-12,-5.939138364811473e-07,3.864750941451706,19.23413848876953,5.002176284790039,5.781783580780029,0.8155413866043091,0.20017480850219727,-0.9019140601158142,22.944117129911593,5.711239868536693,3.7771302179731574,False,,,,True,OFFBOARD
60.552,ACQUIRE,True,6.340848913800378,-0.9470151555417424,5.840935233285787,0.8260905498014781,0.20869618056678244,-0.8402252955762214,-0.00904057783730596,0.035617614713023035,-0.003995753187937273,10.000000087177659,1.3693941637066178e-07,0.04992755344813549,-3.921826143126318e-09,4.793128349084297e-09,-0.018110213651833344,6.193125193931139e-09,-5.963546095614112e-07,3.7797123268605386,19.32223892211914,5.025565147399902,5.695953845977783,0.8207669258117676,0.20234015583992004,-0.901201069355011,22.946015405404754,5.718311582632183,3.6893974608790634,False,,,,True,OFFBOARD
60.652,ACQUIRE,True,6.423623024676019,-0.9261116617566826,5.757006848999432,0.8292049836618869,0.20931495492017724,-0.837937134693513,-0.008826148478273736,0.03528448013883252,-0.0039902493449510724,10.00000008760814,1.3720660484095992e-07,0.04999999379560882,5.184071028793996e-09,1.3726668603858405e-09,0.004999403227861736,5.362723817350914e-09,-5.99182185777794e-07,3.6943410725657153,19.403154373168945,5.046560287475586,5.615057468414307,0.8254729509353638,0.20512764155864716,-0.901402473449707,22.945809542113956,5.724210883224426,3.6068845249011727,False,,,,True,OFFBOARD
60.752,ACQUIRE,True,6.506687697162408,-0.9051553906455925,5.673423963286585,0.831887737037181,0.20977155559761335,-0.8337092433878063,-0.008689138659040495,0.03483464240912707,-0.003986185320099091,10.000000087963679,1.3745213092206876e-07,0.049999996287036885,-1.28592101093147e-13,1.215130116609037e-12,6.321575818415893e-07,1.22191535253218e-12,-6.016137312481704e-07,3.6086753788296835,19.4906005859375,5.068963050842285,5.5272016525268555,0.8287675380706787,0.2079000324010849,-0.8973108530044556,22.949464559565378,5.731189187508029,3.5216875846877835,False,,,,True,OFFBOARD
60.852,ACQUIRE,True,6.590005603334603,-0.8841582272298539,5.59030532495496,0.8344347229235058,0.21018471182505113,-0.8288062710408635,-0.008867435618315841,0.03525409942445836,-0.00399040676243088,10.000000088319224,1.3769764460503187e-07,0.04999999651757947,1.9973242538521392e-13,-1.8863188154314813e-12,6.636451529408208e-08,1.8968636522431144e-12,-6.040452777936748e-07,3.5227543771737473,19.571922302246094,5.090322017669678,5.4476704597473145,0.832569420337677,0.20923472940921783,-0.8927615880966187,22.947090159039654,5.736848627717052,3.4365323683957616,False,,,,True,OFFBOARD
60.952,ACQUIRE,True,6.673592984392011,-0.8631097860689739,5.507562453761767,0.8372005743052817,0.21076523160868474,-0.8267243358947278,-0.008936649717411631,0.03544166741801784,-0.003996500508568622,10.000000088659078,1.3796242143586975e-07,0.04992755344811528,-3.921826420813652e-09,4.793128362962085e-09,-0.018110213656903067,6.193125380518597e-09,-6.064860507749233e-07,3.436559757123379,19.661287307739258,5.114753723144531,5.364410877227783,0.8364232778549194,0.21094836294651031,-0.8881596326828003,22.951617204021733,5.745538342084385,3.350247761265029,False,,,,True,OFFBOARD
61.052,ACQUIRE,True,6.7574550694262125,-0.8420042561461757,5.4249084021288665,0.8398997219778068,0.21132325444824626,-0.8263665731822873,-0.00896031974990469,0.035252925950595364,-0.003974849143725345,10.000000089089555,1.3822960992162256e-07,0.04999999379560882,5.184071131139955e-09,1.3726670026331655e-09,0.004999403227853384,5.362723952697604e-09,-6.093136268750008e-07,3.3500850145468966,19.743436813354492,5.13656759262085,5.28592586517334,0.8409352898597717,0.2116357535123825,-0.8873611688613892,22.956931018556148,5.751008940784719,3.2717095190737906,False,,,,True,OFFBOARD
61.152,ACQUIRE,True,6.841554200309593,-0.820841640495146,5.342329724247178,0.8417843768363331,0.21191148065326282,-0.8249419642554863,-0.008979216290263154,0.03395334128400625,-0.003903177164121324,10.000000089445102,1.3847513601610635e-07,0.04999999628703666,-1.2859211008625463e-13,1.2151293218803743e-12,6.321575820010173e-07,1.2219145631630279e-12,-6.117451722462806e-07,3.2633666145102507,19.83222007751465,5.159697532653809,5.199665069580078,0.8436258435249329,0.21371641755104065,-0.8868480324745178,22.95732703342683,5.757809263525431,3.1818282682283376,False,,,,True,OFFBOARD
61.252,ACQUIRE,True,6.9257792563147245,-0.7996242283148176,5.259991685027628,0.8425763053092026,0.21237640736729785,-0.8216752739036202,-0.008718164761145746,0.03328068834817108,-0.0037947351464915017,10.000000089800647,1.3872064971239601e-07,0.04999999651757958,1.9973243373396076e-13,-1.8863188219165773e-12,6.636451598119911e-08,1.89686365957125e-12,-6.14176718692093e-07,3.1765126886879815,19.91312026977539,5.180271148681641,5.120853900909424,0.844754695892334,0.21535387635231018,-0.8849584460258484,22.961374729424534,5.766118828083493,3.1040413583313335,False,,,,True,OFFBOARD
61.352,ACQUIRE,True,7.010064367650546,-0.7783754663043612,5.177952738887526,0.8431018055628668,0.21253464867610986,-0.8195788455589926,-0.008400334117183047,0.03328680027489684,-0.003732094561116589,10.000000090140496,1.389854265567244e-07,0.04992755344810429,-3.921826733926561e-09,4.7931283699009786e-09,-0.018110213659638715,6.193125584169167e-09,-6.166174915755688e-07,3.089592887021159,19.999126434326172,5.201534748077393,5.0371575355529785,0.8436740040779114,0.21677805483341217,-0.8818931579589844,22.961525260443572,5.770913807056851,3.0166205127238137,False,,,,True,OFFBOARD
61.452,ACQUIRE,True,7.097771110885769,-0.7562744426778301,5.092769727769837,0.8435048594325306,0.21244965229756183,-0.818598372794902,-0.008176070139664525,0.03306980332346671,-0.0036343918337401293,10.00000009057098,1.3925261992513527e-07,0.049999996287036774,-1.2859211381353047e-13,1.2151297307855295e-12,6.321575821328564e-07,1.2219149701898022e-12,-6.194450671291488e-07,2.9991472611058527,20.078733444213867,5.2214250564575195,4.958831310272217,0.8425247669219971,0.2179236114025116,-0.8806827068328857,22.962853347977955,5.772771212157479,2.936346403729181,False,,,,True,OFFBOARD
61.552,TAG_APPROACH,True,7.1787947214216725,-0.735887148795439,5.018560029899604,0.8430940710560422,0.2116696156378742,-0.6755314698669486,-0.0007779859066721667,0.013505660713864158,-0.0033394313165184156,10.000000090926525,1.3949814116624054e-07,0.04999999628703666,-1.2859210601818038e-13,1.2151291999076299e-12,6.321575821746563e-07,1.2219144414394765e-12,-6.218766128315007e-07,2.9156011109195115,20.16520881652832,5.243231773376465,4.874034404754639,0.8454856872558594,0.22082269191741943,-0.8078027963638306,22.960582308579866,5.780788452582266,2.846590968759513,False,,,,True,OFFBOARD
61.652,TAG_APPROACH,True,7.261492421884944,-0.7153509552589264,4.9513533073380565,0.8088997404353416,0.19807540768684775,-0.699032751095023,0.010749221870126007,-0.01028034817505863,-0.002618984830282418,10.000000091282063,1.3974365487601995e-07,0.04999999651757947,1.997324392833087e-13,-1.886318802143652e-12,6.636451577980466e-08,1.896863640492569e-12,-6.243081591787954e-07,2.8303977537562153,20.245460510253906,5.2636237144470215,4.809869289398193,0.8228391408920288,0.2157987505197525,-0.7381345629692078,22.938277674582032,5.777768243423904,2.7414610843812888,False,,,,True,OFFBOARD
61.752,TAG_APPROACH,True,7.340707869541423,-0.6963673125241713,4.877860994580239,0.7804534774622335,0.18287200548735388,-0.7627555938172775,0.006412437782862077,0.014590880711566521,-0.0017658115348966263,10.000000091621912,1.4000843173375428e-07,0.049927553448102735,-3.921827082140383e-09,4.793128375105149e-09,-0.018110213660040324,6.193125808704993e-09,-6.267489319634499e-07,2.748956665967023,20.329771041870117,5.28476095199585,4.737997055053711,0.7849294543266296,0.2017417699098587,-0.8117809891700745,22.98068446556692,5.7935092481823025,2.6992900564423463,False,,,,True,OFFBOARD
61.852,TAG_APPROACH,True,7.418414035608233,-0.6786145255972135,4.7997695399812255,0.7777473718867324,0.1736652672771509,-0.7932121939158884,-0.0005013644668198628,0.039264834550662576,-0.0013061238109162848,10.000000092052401,1.4027562025086369e-07,0.04999999379560871,5.184071335372625e-09,1.3726673062097738e-09,0.004999403227853615,5.3627242278313466e-09,-6.295765078307246e-07,2.669289124760495,20.404918670654297,5.303129196166992,4.6643452644348145,0.7738317847251892,0.1927720159292221,-0.8509511947631836,22.986939766106456,5.802778766288277,2.6299206509479247,False,,,,True,OFFBOARD
61.952,TAG_APPROACH,True,7.496804970364688,-0.6614902487107277,4.719771989492367,0.7907230216049645,0.16951061902346057,-0.804177281585234,-0.0036326166243872272,0.04664345429886758,-0.0011500013247817012,10.000000092407943,1.4052114637221795e-07,0.049999996287036774,-1.2859213428625063e-13,1.215129968166513e-12,6.321575828543348e-07,1.2219152084071317e-12,-6.320080530040795e-07,2.5891225065777164,20.486177444458008,5.3223557472229,4.580985069274902,0.7841264009475708,0.1893157660961151,-0.8675602078437805,22.971889927518824,5.804911748599094,2.5321190420097843,False,,,,True,OFFBOARD
62.052,TAG_APPROACH,True,7.576603824385793,-0.6446795632794056,4.639173326213765,0.8038438932806476,0.16678774309538233,-0.8070298457088013,-0.003387617119184477,0.04157111786852179,-0.0011157772477918557,10.000000092763477,1.4076666009543863e-07,0.04999999651757936,1.997324465936983e-13,-1.8863187984908224e-12,6.636451630699406e-08,1.8968636376298017e-12,-6.344395992522571e-07,2.507680480921724,20.562253952026367,5.340006351470947,4.505160331726074,0.7969498038291931,0.18743640184402466,-0.8718316555023193,22.966603473236763,5.812526129280089,2.4503411110630005,False,,,,True,OFFBOARD
62.152,TAG_APPROACH,True,7.657369205984756,-0.6281724218764827,4.558317337469994,0.810006263915389,0.16334590137565544,-0.8104673204236109,-0.00238096485634472,0.0344237624247992,-0.0011347478905301142,10.000000093103333,1.4103143696665444e-07,0.04992755344808242,-3.921827359749032e-09,4.793128387248213e-09,-0.018110213665110526,6.19312599390007e-09,-6.36880371939036e-07,2.4253907400813337,20.64565086364746,5.359039306640625,4.4257426261901855,0.8045110106468201,0.18577417731285095,-0.873187243938446,22.964523801868538,5.819122491928143,2.3640744998832752,False,,,,True,OFFBOARD
62.252,TAG_APPROACH,True,7.738437123749291,-0.6120399855023401,4.477060424971908,0.8107954465342047,0.1594461244047215,-0.8141981455426914,-0.002169226756435959,0.031163699673227945,-0.0011593303078691768,10.00000009353382,1.4129862549939812e-07,0.04999999379560882,5.18407143770479e-09,1.372667454528631e-09,0.004999403227856115,5.362724364718805e-09,-6.397079476900593e-07,2.3429170243769115,20.722951889038086,5.376439571380615,4.3494648933410645,0.8062204122543335,0.184380441904068,-0.8769025802612305,22.969000380288527,5.8272503408842775,2.2908435509542917,False,,,,True,OFFBOARD
62.352,TAG_APPROACH,True,7.819486817877109,-0.5962901478510958,4.3955504859364485,0.8102355194591238,0.15577894577771836,-0.815512106670117,-0.0025463598768200304,0.03119763864258762,-0.001172264263255688,10.000000093889353,1.4154415163435002e-07,0.049999996287036774,-1.2859211749944728e-13,1.2151298317942085e-12,6.321575830278073e-07,1.2219150710254839e-12,-6.421394927643135e-07,2.2605752046974055,20.806615829467773,5.395125865936279,4.264680862426758,0.8054746389389038,0.18339622020721436,-0.8791800737380981,22.970899693920522,5.835052805475094,2.2085425868799793,False,,,,True,OFFBOARD
62.452,TAG_APPROACH,True,7.903754086773083,-0.5802688915664084,4.310771613827802,0.810487433655143,0.15253946528043483,-0.814561649893288,-0.003032112934116858,0.0323977499070282,-0.0012292557827021861,10.000000094229206,1.418089209812015e-07,0.04992755344807409,-3.921827597757588e-09,4.793128395921831e-09,-0.018110213667189613,6.193126151333043e-09,-6.445802660441967e-07,2.1750768894156534,20.883682250976562,5.411025524139404,4.186086654663086,0.8054589033126831,0.18121802806854248,-0.8791704773902893,22.973995218034048,5.843856486456663,2.134654759484342,False,,,,True,OFFBOARD
62.552,TAG_APPROACH,True,7.981612649070854,-0.565747274794684,4.232651868382755,0.8116093919833467,0.15022926215150714,-0.8130571186067561,-0.003827380286106124,0.03300390979808259,-0.0012705054250980283,10.00000009458475,1.420544422556824e-07,0.04992755344807154,-3.9218276726793e-09,4.793128399391278e-09,-0.018110213667846188,6.193126201462742e-09,-6.470118115018756e-07,2.0961770010854455,20.96700668334961,5.426065921783447,4.101222038269043,0.8070648312568665,0.1798545867204666,-0.8772743344306946,22.973922481053425,5.848726042682521,2.0509394425169067,False,,,,True,OFFBOARD
62.652,TAG_APPROACH,True,8.062845328204483,-0.550811961112275,4.151426245326944,0.8129766530231053,0.14869892444861466,-0.8112623846245114,-0.004767650521257223,0.033017331003409804,-0.0012554196511545283,10.000000095015231,1.4232163080402644e-07,0.04999999379560871,5.184071539968075e-09,1.372667600245403e-09,0.0049994032278507915,5.3627245008736405e-09,-6.498393871364736e-07,2.013942045806405,21.044071197509766,5.440639019012451,4.021853923797607,0.8073699474334717,0.1789281815290451,-0.8757590651512146,22.973322591062278,5.854148106966141,1.9730688546892128,False,,,,True,OFFBOARD
62.752,TAG_APPROACH,True,8.144214397472858,-0.535979930606196,4.070432320184788,0.8143351218662443,0.14810096364486575,-0.808614165250225,-0.005579388269337865,0.032941263588543476,-0.0012377048542082398,10.000000095370764,1.4256715695233295e-07,0.04999999628703666,-1.2859213841884497e-13,1.2151296615405861e-12,6.321575826876349e-07,1.221914903918792e-12,-6.522709321113315e-07,1.9316353681172154,21.12764549255371,5.457031726837158,3.935241222381592,0.8083437085151672,0.17858737707138062,-0.874008059501648,22.974680973009427,5.860511593303027,1.8905914600213323,False,,,,True,OFFBOARD
62.852,TAG_APPROACH,True,8.225706436563446,-0.521173516060704,3.989753687403973,0.8153751240337564,0.1480802007906362,-0.804876581375241,-0.005920330209057754,0.03241512924700342,-0.0012337751209148006,10.00000009572631,1.428126707023867e-07,0.04999999651757947,1.9973245953857083e-13,-1.886318775620933e-12,6.636451664699986e-08,1.8968636162500933e-12,-6.547024781607355e-07,1.8492538959399298,21.205324172973633,5.471938610076904,3.8568081855773926,0.8102613687515259,0.17984901368618011,-0.8718651533126831,22.97442774366688,5.86536813874323,1.8123228845507091,False,,,,True,OFFBOARD
62.952,TAG_APPROACH,True,8.307270360559702,-0.5063564274814433,3.9093750584121847,0.8157657674834674,0.1482837950871843,-0.8035137023741841,-0.006149220690337495,0.031760556838646786,-0.0012433950950023619,10.000000096066163,1.4307744760070262e-07,0.049927553448060547,-3.921827985371051e-09,4.793128411534342e-09,-0.018110213670581403,6.19312640887438e-09,-6.571432506508024e-07,1.7668420795351052,21.290552139282227,5.486732006072998,3.7766013145446777,0.8121376633644104,0.18108680844306946,-0.86911940574646,22.975888171920648,5.8727432329780624,1.728977215062757,False,,,,True,OFFBOARD
63.052,TAG_APPROACH,True,8.38884459034992,-0.491504022688741,3.8289905794401715,0.8157438130056239,0.14884321922003899,-0.804117359043814,-0.0068001225307322164,0.03185999006063512,-0.0012755025172909728,10.000000096496642,1.4334463616481646e-07,0.04999999379560871,5.184071642353503e-09,1.3726677485642602e-09,0.004999403227853704,5.3627246378125935e-09,-6.599708261690668e-07,1.6844578980238905,21.36908721923828,5.50138521194458,3.7005114555358887,0.8130474090576172,0.18190428614616394,-0.8698645830154419,22.977506770488585,5.877015690716891,1.6516996426187611,False,,,,True,OFFBOARD
63.152,TAG_APPROACH,True,8.470432289904263,-0.4765596582140195,3.7485440215588968,0.8160334712235553,0.15011156673895124,-0.8047261752589526,-0.007591363326878181,0.03202457753780735,-0.0013081142112288855,10.000000096852181,1.4359016232648306e-07,0.04999999628703666,-1.285921534652603e-13,1.2151294353827892e-12,6.321575828683794e-07,1.2219146806002984e-12,-6.624023710448322e-07,1.6020882999220443,21.454038619995117,5.518117427825928,3.616806745529175,0.8137780427932739,0.18362286686897278,-0.8709555268287659,22.979735573372697,5.885803152440927,1.5693769418566355,False,,,,True,OFFBOARD
63.252,TAG_APPROACH,True,8.552041991528313,-0.46145798654444875,3.668076788590672,0.8160346406215776,0.15188197491978322,-0.8046430598987399,-0.007848739707428965,0.03125646674087602,-0.001323529996882109,10.000000097207726,1.4383567609004136e-07,0.04999999651757947,1.997324656441848e-13,-1.886318760956675e-12,6.636451682030567e-08,1.896863602310253e-12,-6.648339169951308e-07,1.519712565551998,21.53335189819336,5.5327467918396,3.5417532920837402,0.8140872716903687,0.1857690066099167,-0.8711702227592468,22.98081784347457,5.893181298201763,1.4916670862244568,False,,,,True,OFFBOARD
63.352,TAG_APPROACH,True,8.633609946925707,-0.44617400775889393,3.5875153354356795,0.8152572277971448,0.153779656905961,-0.8071506435069588,-0.008330925461820474,0.03068188264706787,-0.0012989453102404637,10.000000097547574,1.441004530017151e-07,0.04992755344805888,-3.9218283343253585e-09,4.793128415003789e-09,-0.018110213670983005,6.1931266325365855e-09,-6.672746893861125e-07,1.4373911845784546,21.620647430419922,5.546663761138916,3.4630491733551025,0.8150230050086975,0.187330961227417,-0.8708439469337463,22.9819493323135,5.89425156960505,1.404976922477151,False,,,,True,OFFBOARD
63.452,TAG_APPROACH,True,8.715077348875303,-0.4306680449751432,3.506596832010636,0.814076124967716,0.1564034777798218,-0.8108223906396219,-0.009468869507538707,0.030247242112317562,-0.0013111433656115973,10.000000097978054,1.4436764158143947e-07,0.04999999379560882,5.184071744533374e-09,1.372667895148394e-09,0.0049994032278614054,5.362724774108813e-09,-6.701022647878924e-07,1.3551758411636343,21.700624465942383,5.560940265655518,3.387707471847534,0.8153935670852661,0.18820658326148987,-0.8748723864555359,22.987670291733615,5.901839271078648,1.3314274631331269,False,,,,True,OFFBOARD
63.552,TAG_APPROACH,True,8.79640974494081,-0.41484627145432235,3.4254044208538676,0.8126168640313568,0.16006701412130891,-0.812576022616995,-0.010712451783616133,0.03008924231984468,-0.0013396019659316792,10.000000098333597,1.446131677565841e-07,0.04999999628703666,-1.2859215150815098e-13,1.2151294385591627e-12,6.321575830347463e-07,1.2219146835530708e-12,-6.725338095645475e-07,1.273077879669667,21.786664962768555,5.577704906463623,3.303779363632202,0.8142344355583191,0.19176924228668213,-0.8773834705352783,22.988995461155007,5.90343231287136,1.2456712931730127,False,,,,True,OFFBOARD
63.652,TAG_APPROACH,True,8.877600877339725,-0.3986111026294766,3.344151472300121,0.8113165688680534,0.1645278432588149,-0.8123398760555977,-0.011340562694019781,0.030361413662856038,-0.0013772277532136427,10.000000098689135,1.448586815335132e-07,0.04999999651757958,1.9973247233027277e-13,-1.8863187512952054e-12,6.636451699394456e-08,1.896863593406512e-12,-6.749653554157403e-07,1.1910797365037433,21.864957809448242,5.592380046844482,3.2268779277801514,0.8129922151565552,0.19497080147266388,-0.877545952796936,22.9934911835755,5.914203668211446,1.1735237619191188,False,,,,True,OFFBOARD
63.752,TAG_APPROACH,True,8.958679589064857,-0.38191057383180205,3.2629091605551466,0.8103576214317478,0.16937470460872073,-0.8128310883130393,-0.012161561712554579,0.030738112256293172,-0.001408405436816304,10.000000099028982,1.4512345845863855e-07,0.049927553448048,-3.9218286467621134e-09,4.793128423677406e-09,-0.018110213673718668,6.193126837101611e-09,-6.774061277094637e-07,1.109145708067641,21.948339462280273,5.606062889099121,3.1447839736938477,0.8116938471794128,0.19697469472885132,-0.8764755129814148,22.993705253831333,5.914828922313475,1.0900119730590583,False,,,,True,OFFBOARD
63.852,TAG_APPROACH,True,9.039685985207543,-0.364682213315167,3.1816068018083223,0.8098935610247714,0.1751466465352826,-0.8129993455768388,-0.013553707815778237,0.031366424522928406,-0.0014170006351444638,10.00000009945947,1.453906470538989e-07,0.04999999379560893,5.184071846516271e-09,1.3726680521408685e-09,0.004999403227850893,5.36272491287879e-09,-6.802337029948311e-07,1.0272275408996294,22.025360107421875,5.620704650878906,3.0670511722564697,0.8099887371063232,0.20188038051128387,-0.8774014115333557,22.994043503802576,5.917346803150489,1.0130864173050431,False,,,,True,OFFBOARD
63.952,TAG_APPROACH,True,9.120681740773705,-0.34681931733233123,3.1003442876604295,0.8101232087268366,0.18199271107985907,-0.8120552768110989,-0.014820234784128423,0.03203038458048858,-0.0014403417726565452,10.000000099815008,1.4563617324255274e-07,0.049999996287036774,-1.2859215698408664e-13,1.2151291738613667e-12,6.321575837215303e-07,1.2219144209014099e-12,-6.826652476726776e-07,0.9452430991236337,22.10893440246582,5.6384782791137695,2.9814963340759277,0.8106351494789124,0.20763808488845825,-0.876852810382843,22.994043503802576,5.917346803150489,0.9280009563397972,False,,,,True,OFFBOARD
64.052,TAG_APPROACH,True,9.204974176502471,-0.32746487801862806,3.0160391385125127,0.8109112579358705,0.19000884108722038,-0.8092346777272776,-0.01575174446619131,0.03230709536185922,-0.0014984523257488454,10.000000100154857,1.4590094264326983e-07,0.049927553448007256,-3.921828858396402e-09,4.793128434085747e-09,-0.018110213683894486,6.193126979175553e-09,-6.851060205585858e-07,0.8598253085191049,22.18675994873047,5.655007839202881,2.9040095806121826,0.8115667700767517,0.21378128230571747,-0.8747924566268921,22.994043503802576,5.917346803150489,0.8488394844109014,False,,,,True,OFFBOARD
64.152,TAG_APPROACH,True,9.282852376491256,-0.30884287265945615,2.9383621588690305,0.8114583861725039,0.19765870305681593,-0.8095320003481106,-0.01629933799018019,0.03195107383011489,-0.0015087247568252784,10.000000100510396,1.461464639714865e-07,0.04992755344803701,-3.921828959712329e-09,4.793128432351024e-09,-0.018110213676454344,6.193127041991798e-09,-6.875375656204514e-07,0.7808231991500938,22.272119522094727,5.672120094299316,2.8232150077819824,0.8129996061325073,0.21992497146129608,-0.8727487921714783,22.994043503802576,5.917346803150489,0.7624371279645906,False,,,,True,OFFBOARD
64.252,TAG_APPROACH,True,9.364008727936383,-0.28864787841853556,2.8573183517045346,0.8115588696423338,0.2059827803385736,-0.8111654017981798,-0.01709019466120931,0.03129530876562877,-0.0014509915108267325,10.000000100940882,1.4641365258239467e-07,0.04999999379560893,5.184071948947377e-09,1.372668196122917e-09,0.004999403227855974,5.362725048751838e-09,-6.90365140789489e-07,0.6984287428046411,22.350725173950195,5.6899590492248535,2.7468831539154053,0.8139917254447937,0.22737139463424683,-0.8737741112709045,22.994043503802576,5.917346803150489,0.6823222582910528,False,,,,True,OFFBOARD
64.352,TAG_DEAD_RECKON,False,9.445141528183411,-0.2675964338670654,2.7761352226779374,0.8110514136185917,0.21478202369243082,-0.8123097940636479,-0.018019634138816895,0.03087893519495561,-0.001413164157313315,10.000000101296415,1.4665917878432967e-07,0.04999999628703666,-1.2859214213454028e-13,1.2151299421202499e-12,6.32157611144039e-07,1.221915183331442e-12,-6.927966853679425e-07,0.6160162060094987,22.435789108276367,5.711154937744141,2.663008689880371,0.8145536184310913,0.23445817828178406,-0.8748324513435364,22.994043503802576,5.917346803150489,0.5951160017039391,False,,,,True,OFFBOARD
64.452,TAG_DEAD_RECKON,False,9.526216732786887,-0.24563002044368845,2.6949090946002037,0.8105140308015557,0.22428998613168957,-0.8121102889093285,-0.019130499549364532,0.031041894597222293,-0.0014010141196057467,10.00000010165195,1.469046925880586e-07,0.04999999651757947,1.9973248511330224e-13,-1.886318727340055e-12,6.63645173336173e-08,1.896863570930535e-12,-6.95228231020936e-07,0.5336711156927296,22.514698028564453,5.731019020080566,2.5863821506500244,0.8149387836456299,0.24297232925891876,-0.8741039037704468,22.994043503802576,5.917346803150489,0.5142860365351312,False,,,,True,OFFBOARD
64.552,TAG_DEAD_RECKON,False,9.607242886249443,-0.22267996070416504,2.613649979050142,0.8100262978978066,0.2344453321141632,-0.813252685399001,-0.020496169168128395,0.031112378031152382,-0.0013489731722945285,10.000000101991809,1.4716946953999467e-07,0.04992755344802602,-3.921829273366161e-09,4.793128441024641e-09,-0.018110213679190475,6.193127247327561e-09,-6.976690031168719e-07,0.45149159566963015,22.600929260253906,5.752090930938721,2.5050907135009766,0.8155221939086914,0.25173720717430115,-0.873187243938446,22.994043503802576,5.917346803150489,0.42643676176112605,False,,,,True,OFFBOARD
64.652,TAG_DEAD_RECKON,False,9.688239770646234,-0.19864479235342958,2.5323207484565793,0.8101579531248247,0.2461852680428364,-0.8130331686405702,-0.02333427438212485,0.0324275097999766,-0.0012496962520984057,10.000000102422288,1.474366581664185e-07,0.0499999937956086,5.184072051240697e-09,1.372668345309136e-09,0.00499940322785067,5.362725185823776e-09,-7.004965781695477e-07,0.36966784628003885,22.686859130859375,5.775514125823975,2.421156883239746,0.8177990913391113,0.26255300641059875,-0.8728381395339966,22.994043503802576,5.917346803150489,0.33834708117274326,False,,,,True,OFFBOARD
64.752,DONE,False,9.7692179532578,-0.17346434034263208,2.4424964988725892,0.8078601488608215,0.25364450028535257,-1.1908118653089173,-0.022929090505327168,0.026424841905166464,-0.0009383773647540741,10.00000010277782,1.476821843818529e-07,0.049999996287036774,-1.285921583042669e-13,1.2151300346585994e-12,6.321576113038003e-07,1.221915277057603e-12,-7.02928122648891e-07,0.28870457069951794,22.766040802001953,5.799112319946289,2.341303586959839,0.8148860931396484,0.27133917808532715,-0.9925726056098938,22.994043503802576,5.917346803150489,0.25683579393641404,False,,,,False,OFFBOARD
64.852,DONE,False,9.825876256900475,-0.15640917207294885,2.331682827591695,-0.00023754446764422745,-0.0003786631674782283,0.0032824839582018405,-0.007000587330787908,0.004383813795810649,-0.0004560679332476652,10.000000103140007,1.4793456995572155e-07,0.049999996512552713,-7.514740443841365e-12,7.734077803162884e-11,6.695962304893951e-08,7.770500157953791e-11,-7.053392546763116e-07,0.23405766215713267,22.842647552490234,5.823216438293457,2.209724187850952,0.6962940096855164,0.1774463951587677,-1.8191328048706055,22.994043503802576,5.917346803150489,0.17827299195864468,False,,,,False,OFFBOARD
64.952,DONE,False,9.825853662759208,-0.1559095267024837,2.331910460589317,-0.00021578976109762563,-0.018474253549732624,-0.01809148700473951,-0.006266802887633896,0.003971794584842734,-0.00045268977297412507,10.000000103475982,1.4820413460567565e-07,0.049927608011406055,-4.003291054361813e-09,4.830578569092747e-09,-0.01809657248681573,6.2738208914593226e-09,-7.077779629647831e-07,0.23374090259047126,22.842689514160156,5.828225135803223,2.085580825805664,-0.01996462792158127,0.0554627887904644,-1.285299301147461,22.994043503802576,5.917346803150489,0.1756436784271914,False,,,,False,OFFBOARD
65.052,DONE,False,9.82583240593005,-0.15516141277633638,2.3322879639147223,-0.00019438036423370775,-0.00030631471184451863,0.0026840236131543886,-0.005724641090599251,0.003584200272531544,-0.0004504435905510573,10.00000010390347,1.4847497962959547e-07,0.04999999628073237,-4.302780480660233e-12,4.336445650096165e-11,6.45002632971878e-07,4.357740248670802e-11,-7.10602373092047e-07,0.23325843416113895,22.841365814208984,5.831053733825684,2.00003719329834,-0.020141588523983955,0.05440017953515053,-1.2719783782958984,22.994043503802576,5.917346803150489,0.1753766538429015,False,,,,False,OFFBOARD
65.152,DONE,False,9.825814621011183,-0.15458181575720026,2.3325331478165023,-0.00017687737892055694,-0.0002783526902592016,0.0024410754270700152,-0.00520746823350005,0.00326005530728392,-0.0004484919275874811,10.000000104256298,1.4872302148239333e-07,0.04999999628072804,-3.276548539299695e-12,3.2919251639812043e-11,6.450096962268029e-07,3.3081911958888577e-11,-7.130313820800364e-07,0.23288659539762835,22.84355926513672,5.8357439041137695,2.2241361141204834,0.012337744235992432,0.07860449701547623,-0.025095535442233086,22.994043503802576,5.917346803150489,0.17118568637020976,False,,,,False,OFFBOARD
65.252,DONE,False,9.825797796741183,-0.15400086196022883,2.332764967020571,-0.00016037214101185355,-0.0002552648954460358,0.002210149787275583,-0.004718392351536722,0.0029535019816673883,-0.0004468245418848466,10.00000010460921,1.4897053394693616e-07,0.04999999651323728,-2.1100383677354608e-12,2.183242123699995e-11,6.686364483016353e-08,2.1934148695199505e-11,-7.154603980796512e-07,0.23251398976028056,22.844921112060547,5.837228298187256,2.2281572818756104,0.012232192791998386,0.07194607704877853,-0.032711055129766464,22.994043503802576,5.917346803150489,0.16928219799024027,False,,,,False,OFFBOARD
65.352,DONE,False,9.825782548104215,-0.15349030295351618,2.332890886206115,-0.00014558735315685017,-0.01841159164122989,-0.019016590574001485,-0.004199046940819773,0.00267577787162665,-0.000445225354586969,10.000000104946224,1.4923692224615295e-07,0.04992760831680432,-3.997026847032131e-09,4.830687048290594e-09,-0.01809649614394482,6.269909167955954e-09,-7.178988445875015e-07,0.23218758800940256,22.84610939025879,5.840015411376953,2.2301206588745117,0.01149313896894455,0.06939897686243057,-0.03341292962431908,22.994043503802576,5.917346803150489,0.16692706821728537,False,,,,False,OFFBOARD
65.452,DONE,False,9.825768730329498,-0.15273102496449947,2.333165176110449,-0.00013173929247434424,0.011805762219643232,0.007615283367136662,-0.0038738279541834088,0.002424088838560343,-0.00044431221050327126,10.000000105374111,1.4950497664005556e-07,0.04999999373743891,5.180457512120748e-09,1.3693656764068862e-09,0.004999399703792301,5.358386174083534e-09,-7.207233243434679e-07,0.23169674944798457,22.84754180908203,5.842315673828125,2.233304500579834,0.012051152065396309,0.06965537369251251,-0.02535007894039154,22.994043503802576,5.917346803150489,0.16459774276514577,False,,,,False,OFFBOARD
65.552,DONE,False,9.82575573310492,-0.1521445729770128,2.3333440447460907,-0.00011889724885226129,-0.0001890583299208481,0.0016364802850232772,-0.0034963043507893034,0.0021874293013479052,-0.0004433654296537533,10.000000105727183,1.4975124828754275e-07,0.049999996513226064,-7.309971649135325e-13,7.791084750482421e-12,6.68640683333466e-08,7.82530245066038e-12,-7.231523668084091e-07,0.23132037965684232,22.849103927612305,5.841800212860107,2.238886833190918,0.011503965593874454,0.06265272200107574,-0.024940062314271927,22.994043503802576,5.917346803150489,0.16344652963803893,False,,,,False,OFFBOARD
65.652,DONE,False,9.82574442993962,-0.15162851649024897,2.333415593613471,-0.00010791604098540234,-0.018388941617308124,-0.0195006962090456,-0.0030918608763668086,0.001981706475220001,-0.00044245187666001434,10.000000106064313,1.5001662871840508e-07,0.04992760853823597,-3.995445438819199e-09,4.830669426969525e-09,-0.018096440786668826,6.26888757015463e-09,-7.255908242113744e-07,0.23098981182798461,22.85052490234375,5.842466831207275,2.2421629428863525,0.011020923033356667,0.0530412457883358,-0.032654207199811935,22.994043503802576,5.917346803150489,0.16187834680065735,False,,,,False,OFFBOARD
65.752,DONE,False,9.82573418843174,-0.15086416514736842,2.333640363409442,-9.764939586190833e-05,0.011862705869023306,0.007134774110850043,-0.002870747812607957,0.0017952628010836226,-0.0004419916172549052,10.00000010649229,1.502839704118883e-07,0.049999993737395054,5.181215087606015e-09,1.3614854244003993e-09,0.004999399684259894,5.357110447329879e-09,-7.284153079890025e-07,0.23049653331027117,22.85167694091797,5.843937873840332,2.2436745166778564,0.009969625622034073,0.047957893460989,-0.0324813574552536,22.994043503802576,5.917346803150489,0.1601783666106024,False,,,,False,AUTO.LAND
65.852,DONE,False,9.825725262143367,-0.15027192802979156,2.3337630873124735,-8.883363239187809e-05,0.011877426515594598,0.007010108966558223,-0.0026116382680905137,0.0016328213695127626,-0.0004415053392315759,10.000000106845448,1.5052967839475527e-07,0.04999999373738584,5.181341898152762e-09,1.360142914963447e-09,0.004999399681186109,5.3568920667378135e-09,-7.308443541585708e-07,0.2301160991554438,22.852981567382812,5.84491491317749,2.2458603382110596,0.010211941786110401,0.04600114747881889,-0.025399742648005486,22.994043503802576,5.917346803150489,0.1585712729076553,False,,,,False,AUTO.LAND
65.952,DONE,False,9.825716179928392,-0.14975316746579603,2.333804141751992,-7.998167790769343e-05,-0.018381585816168305,-0.019849604617846305,-0.0022718188629641165,0.0014676045610164917,-0.00044094415417459505,10.000000107182633,1.5079472781052788e-07,0.04992760875349789,-3.994733444936651e-09,4.830616181367153e-09,-0.018096386971670805,6.2683927754873196e-09,-7.332828036162031e-07,0.22978455916183563,22.854290008544922,5.8437652587890625,2.2482526302337646,0.008934848941862583,0.038533952087163925,-0.0239485464990139,22.994043503802576,5.917346803150489,0.157940758220745,False,,,,False,AUTO.LAND
66.052,DONE,False,9.825709171426535,-0.14908531714214537,2.33398425066625,-7.291713078753523e-05,-0.00011570757709074464,0.0010023850334082542,-0.002144658203067186,0.0013400586425244836,-0.0004407494809394044,10.000000107551793,1.5102087749295482e-07,0.04999999651320752,-3.2293539917327176e-15,3.772915562754687e-13,6.686456098759733e-08,3.7730537653732036e-13,-7.357024382305893e-07,0.22935519883535793,22.855239868164062,5.843144416809082,2.2489030361175537,0.005734051112085581,0.026934953406453133,-0.03394792973995209,22.994043503802576,5.917346803150489,0.15739264088650629,False,,,,False,AUTO.LAND
66.152,DONE,False,9.825701977307062,-0.14839009646307355,2.334083084995031,-6.582594950545781e-05,0.01191583558546399,0.0066832975556738415,-0.001935933258723003,0.0012091967432226011,-0.00044045630436226774,10.000000107963848,1.5130729114730429e-07,0.04999999373736197,5.181566468136684e-09,1.3576957110655874e-09,0.004999399676722011,5.356488467976419e-09,-7.385363156941211e-07,0.22890937941421274,22.855785369873047,5.842961311340332,2.2477753162384033,0.0037554074078798294,0.020806726068258286,-0.03546730428934097,22.994043503802576,5.917346803150489,0.156998449003532,False,,,,False,AUTO.LAND
66.252,DONE,False,9.825695961199512,-0.14779419953390097,2.3341657317299376,-5.9878958360891945e-05,0.011925761390664792,0.006598318656593388,-0.0017613975683393205,0.0010997718564640367,-0.0004402369301394931,10.000000108317042,1.5155276222252245e-07,0.04999999373735542,5.181603057779891e-09,1.3572728765551267e-09,0.004999399676437981,5.356416704274057e-09,-7.409653488324726e-07,0.2285281293746951,22.856599807739258,5.842662811279297,2.2471201419830322,0.0034706778824329376,0.016597751528024673,-0.02910081297159195,22.994043503802576,5.917346803150489,0.1564240014491452,False,,,,False,AUTO.LAND
66.352,DONE,False,9.825690056125644,-0.14719835248725682,2.3342468525760167,-5.402204630759692e-05,-8.557783462504793e-05,0.0007423296260712694,-0.001590090767253714,0.0009923737946451478,-0.00044004383087166166,10.000000108670243,1.5179821021879379e-07,0.04999999651319598,1.2605820850373632e-13,-9.404142076561887e-13,6.686479380364784e-08,9.488253547902207e-13,-7.4339437785557e-07,0.2281477461689667,22.857831954956055,5.841559886932373,2.247514486312866,0.0020184810273349285,0.008701655082404613,-0.02953435853123665,22.994043503802576,5.917346803150489,0.15587572841536326,False,,,,False,AUTO.LAND
66.452,DONE,False,9.825685117616791,-0.14660122983259583,2.33431467638193,-4.913884398332897e-05,-7.779231521107529e-05,0.0006751672981495112,-0.0014468469610201902,0.0009025663948713844,-0.000439896528703913,10.000000109023444,1.520436328159124e-07,0.049999996513192535,1.4797815372247278e-13,-1.1638721933034091e-12,6.686484600905487e-08,1.1732416700424512e-12,-7.4582340284648e-07,0.22776672583395827,22.858692169189453,5.840172290802002,2.246816873550415,0.000967054336797446,-0.0032687403727322817,-0.03790902718901634,22.994043503802576,5.917346803150489,0.1558072178616268,False,,,,False,AUTO.LAND
66.552,DONE,False,9.825680269811155,-0.14590346418071032,2.334381235165147,-4.43633172400204e-05,0.011951653840430773,0.006374972492662652,-0.0013062564919109733,0.0008144191221504286,-0.00043976500628184695,10.000000109435517,1.52329940208156e-07,0.049999993737340875,5.181663886802307e-09,1.3564979764457696e-09,0.004999399677521214,5.356279249245007e-09,-7.486572596964121e-07,0.22732195625928914,22.859268188476562,5.838685512542725,2.24674654006958,0.0013103719102218747,-0.010746835730969906,-0.03876662254333496,22.994043503802576,5.917346803150489,0.1560512231970824,False,,,,False,AUTO.LAND
66.652,DONE,False,9.825676055665006,-0.14530571660440797,2.3344391077512148,-4.01120945013217e-05,-6.01253399834487e-05,0.0005531753045039468,-0.0011840337353405414,0.000737793352607159,-0.00043966344794665836,10.000000109788715,1.5257534023593435e-07,0.04999999628066654,-1.8706561324837088e-13,1.4533500800703212e-12,6.450394013877954e-07,1.4653395507186716e-12,-7.510862746605621e-07,0.22694200022077834,22.85976791381836,5.83727502822876,2.245785713195801,0.0005864851991645992,-0.014902272261679173,-0.032123345881700516,22.994043503802576,5.917346803150489,0.15633752973846562,False,,,,False,AUTO.LAND
