t,phase,tag_visible,uav_x_gt,uav_y_gt,uav_z_gt,uav_vx_gt,uav_vy_gt,uav_vz_gt,uav_roll_gt,uav_pitch_gt,uav_yaw_gt,vehicle_x_gt,vehicle_y_gt,vehicle_z_gt,vehicle_vx_gt,vehicle_vy_gt,vehicle_vz_gt,vehicle_speed_gt,vehicle_yaw_gt,horizontal_error_gt,uav_x_mavros,uav_y_mavros,uav_z_mavros,uav_vx_mavros,uav_vy_mavros,uav_vz_mavros,tag_x_map_visual,tag_y_map_visual,tag_error_visual,yolo_detected,yolo_confidence,yolo_center_x,yolo_center_y,armed,flight_mode
0.2,WAIT_FCU,True,-12.99999999979786,-5.999999999992101,0.05365256317358427,3.3315592681709733e-09,2.214374728041077e-09,0.009997325879639241,-1.4515808840090903e-10,3.649202769292322e-09,5.006016898053176e-14,,,,,,,,,,,,,,,,,,,False,,,,False,
0.264,WAIT_FCU,True,-12.999999999951244,-5.999999999995438,0.053998366576005576,-7.901157172462672e-11,2.288478029415226e-09,0.00015958184766960858,-8.457701660880002e-11,8.59003477404988e-10,4.727616852137518e-14,,,,,,,,,,,,,,,,,,,False,,,,False,
0.364,WAIT_FCU,True,-12.999999999951491,-6.000000000004747,0.0539999618651757,-2.1748243022505506e-11,-2.3147953835693964e-09,6.263243452531153e-08,8.449513822750153e-11,8.502847184618461e-10,5.639416875392389e-14,10.000000000011608,7.674589709622166e-08,0.04992755432651541,-3.921173327979166e-09,4.8127997108460274e-09,-0.018110242307412306,6.20794984876447e-09,-2.1988509663218275e-10,23.769728667347266,,,,,,,,,,False,,,,False,
0.464,WAIT_FCU,True,-12.99999999995126,-6.000000000004749,0.053999962219823734,-2.1775173069066205e-11,-2.315246565949324e-09,2.7164477928665053e-08,8.452350923433365e-11,8.502911717974948e-10,5.638421687298133e-14,10.000000000442094,7.701308898928451e-08,0.04999999628703666,-1.2859190270380326e-13,1.2151304611396883e-12,6.321573646248409e-07,1.221915674271566e-12,-3.0474580865580615e-09,23.769728667831032,,,,,,,,,,False,,,,False,
0.564,WAIT_FCU,True,-12.999999999951047,-6.000000000004749,0.05399996221987916,-2.177569115109089e-11,-2.3152526739014556e-09,2.7158859957299164e-08,8.452396357810365e-11,8.502912751925395e-10,5.63821793139946e-14,10.000000000797634,7.725860941395956e-08,0.04999999628703666,-1.285918876276094e-13,1.2151295842488297e-12,6.321573646319464e-07,1.2219148006634365e-12,-5.4790097658693074e-09,23.769728668236827,,,,,,,,,,False,,,,False,
0.664,WAIT_FCU,False,-12.999999999950825,-5.999999999995443,0.05399996221987914,-2.1771700384678556e-11,2.3152529145053734e-09,2.7158848757924403e-08,-8.45256153621284e-11,8.502914227933136e-10,4.760623629682376e-14,10.000000001153168,7.750412230718871e-08,0.04999999651757947,1.9973200333728314e-13,-1.8863190929935902e-12,6.636452019149788e-08,1.8968638838222644e-12,-7.910562089092047e-09,23.769728668640255,,,,,,,,,,False,,,,False,
0.764,WAIT_FCU,False,-12.999999999950594,-5.999999999995443,0.05399996221987914,-2.1771695969979008e-11,2.3152529155707187e-09,2.715884874421315e-08,-8.452561498198938e-11,8.502914226421356e-10,4.760413367127047e-14,10.000000001567965,7.779056547804154e-08,0.0499999937956096,5.1840650302802346e-09,1.3726582223302919e-09,0.0049994032279420016,5.362715807639388e-09,-1.0747372085753698e-08,23.769728669113704,,,,,,,,,,False,,,,False,
0.864,WAIT_FCU,False,-12.999999999950381,-5.999999999995443,0.05399996221987914,-2.1771697127565574e-11,2.3152529198106286e-09,2.7158848730168827e-08,-8.452561500420484e-11,8.502914224509939e-10,4.760219275382773e-14,10.000000001923508,7.803608591287596e-08,0.0499999937956096,5.184065054589711e-09,1.3726582492185058e-09,0.0049994032279417,5.362715838021426e-09,-1.3178923689228135e-08,23.7697286695195,,,,,,,,,,False,,,,False,
0.964,WAIT_FCU,False,-12.99999999995015,-5.999999999995443,0.05399996221987914,-2.1771694738940735e-11,2.3152529187633174e-09,2.7158848723063402e-08,-8.452561529058979e-11,8.502914227009483e-10,4.760009008649682e-14,10.000000002279043,7.828160368325466e-08,0.04999999651757947,1.9973200771003128e-13,-1.886319079096956e-12,6.636452019149788e-08,1.8968638704633153e-12,-1.5610475506426445e-08,23.76972866992527,,,,,,,,,,False,,,,False,
1.064,WAIT_FCU,False,-12.999999999949928,-6.000000000004749,0.05399996221987916,-2.1775701934745423e-11,-2.3152528394269004e-09,2.7158858000697617e-08,8.45239741558609e-11,8.502912770515584e-10,5.637198662765357e-14,10.000000002618892,7.854637973294943e-08,0.04992755344959976,-3.921808395764573e-09,4.793127965710409e-09,-0.018110213285770227,6.193113658634458e-09,-1.8051254146128263e-08,23.769728670323083,,,,,,,,,,False,,,,False,
1.164,WAIT_FCU,False,-12.999999999949715,-6.000000000004749,0.05399996221987916,-2.1775699026165836e-11,-2.3152528428846514e-09,2.7158858000531083e-08,8.452397416723911e-11,8.50291277081759e-10,5.637004568597219e-14,10.000000002974437,7.879190017739902e-08,0.04992755344959976,-3.921808470731166e-09,4.793127965710409e-09,-0.01811021328577018,6.193113706107286e-09,-2.0482805677934717e-08,23.769728670728888,,,,,,,,,,False,,,,False,
1.264,WAIT_FCU,False,-12.999999999949493,-5.999999999995443,0.05399996221987914,-2.1771699917802396e-11,2.3152529178083953e-09,2.7158848723063402e-08,-8.452561507400467e-11,8.50291422511464e-10,4.759410551680749e-14,10.000000003404917,7.905908775938047e-08,0.04999999379560971,5.1840651560875914e-09,1.3726584018741717e-09,0.004999403227942113,5.3627159752123015e-09,-2.331038844589974e-08,23.769728671210302,,,,,,,,,,False,,,,False,
1.3639999999999999,WAIT_FCU,False,-12.99999999994927,-6.000000000004749,0.05399996221987916,-2.1775699199505298e-11,-2.31525283944655e-09,2.715885799359219e-08,8.45239737577664e-11,8.502912770415827e-10,5.636600206565891e-14,10.000000003626253,7.924202100084607e-08,0.04992755344959976,0.0,0.0,0.0,0.0,-2.4940650090687922e-08,23.769728671472784,,,,,,,,,,False,,,,False,
1.464,WAIT_FCU,False,-12.999999999949049,-5.999999999995443,0.05399996221987914,-2.1771696386681755e-11,2.315252919426642e-09,2.7158848730168827e-08,-8.452561505872361e-11,8.502914227289765e-10,4.759006190030868e-14,10.000000003626253,7.924202100084607e-08,0.04992755344959976,0.0,0.0,0.0,0.0,-2.4940650090687922e-08,23.76972867147022,,,,,,,,,,False,,,,False,CMODE(65536)
1.564,WAIT_FCU,False,-12.999999999948827,-6.000000000004749,0.05399996221987916,-2.1775700795081718e-11,-2.315252839037452e-09,2.7158858000697617e-08,8.452397403467023e-11,8.50291277273433e-10,5.636195844478548e-14,10.000000003626253,7.924202100084607e-08,0.04992755344959976,0.0,0.0,0.0,0.0,-2.4940650090687922e-08,23.769728671472354,,,,,,,,,,False,,,,False,CMODE(65536)
1.6640000000000001,WAIT_FCU,False,-12.999999999948605,-5.999999999995443,0.05399996221987914,-2.177169621261268e-11,2.3152529187532056e-09,2.7158848723063402e-08,-8.45256150504329e-11,8.502914227003017e-10,4.7586018295026853e-14,10.000000003626253,7.924202100084607e-08,0.04992755344959976,0.0,0.0,0.0,0.0,-2.4940650090687922e-08,23.76972867146979,,,,,,,,,,False,,,,False,CMODE(65536)
1.764,WAIT_FCU,False,-12.999999999948383,-6.000000000004749,0.05399996221987916,-2.177570021362219e-11,-2.3152528390679826e-09,2.7158858000531083e-08,8.452397385333885e-11,8.502912771334424e-10,5.6357914840108625e-14,10.000000003626253,7.924202100084607e-08,0.04992755344959976,0.0,0.0,0.0,0.0,-2.4940650090687922e-08,23.769728671471924,,,,,,,,,,False,,,,False,CMODE(65536)
1.8639999999999999,WAIT_FCU,False,-12.99999999994816,-5.999999999995443,0.05399996221987914,-2.1771698121955726e-11,2.3152529154048115e-09,2.715884874421315e-08,-8.452561503874115e-11,8.502914226995305e-10,4.758197471763655e-14,10.000000003626253,7.924202100084607e-08,0.04992755344959976,0.0,0.0,0.0,0.0,-2.4940650090687922e-08,23.769728671469363,,,,,,,,,,False,,,,False,CMODE(65536)
1.964,WAIT_FCU,False,-12.99999999994793,-5.999999999995443,0.05399996221987914,-2.1771697657704912e-11,2.315252919969974e-09,2.7158848730168827e-08,-8.452561494749684e-11,8.502914225152507e-10,4.7579872043357596e-14,10.000000003626253,7.924202100084607e-08,0.04992755344959976,0.0,0.0,0.0,0.0,-2.4940650090687922e-08,23.76972867146914,,,,,,,,,,False,,,,False,CMODE(65536)
2.064,WAIT_FCU,False,-12.999999999947716,-5.999999999995443,0.05399996221987914,-2.1771696540025964e-11,2.315252919242801e-09,2.7158848730168827e-08,-8.452561519064188e-11,8.502914226093901e-10,4.7577931121318834e-14,10.000000003626253,7.924202100084607e-08,0.04992755344959976,0.0,0.0,0.0,0.0,-2.4940650090687922e-08,23.769728671468933,,,,,,,,,,False,,,,False,CMODE(65536)
2.164,WAIT_FCU,False,-12.999999999947486,-5.999999999995443,0.05399996221987914,-2.1771697962339637e-11,2.315252915210386e-09,2.715884874421315e-08,-8.452561503796784e-11,8.502914228165942e-10,4.757582844428404e-14,10.000000003626253,7.924202100084607e-08,0.04992755344959976,0.0,0.0,0.0,0.0,-2.4940650090687922e-08,23.76972867146871,,,,,,,,,,False,,,,False,CMODE(65536)
2.2640000000000002,WAIT_FCU,False,-12.999999999947264,-6.000000000004749,0.05399996221987916,-2.1775699320861618e-11,-2.3152528390702363e-09,2.7158857993425657e-08,8.452397406224618e-11,8.502912771450034e-10,5.634772498461636e-14,10.000000003626253,7.924202100084607e-08,0.04992755344959976,0.0,0.0,0.0,0.0,-2.4940650090687922e-08,23.769728671470848,,,,,,,,,,False,,,,False,CMODE(65536)
2.364,WAIT_FCU,False,-12.99999999994705,-6.000000000004749,0.05399996221987916,-2.1775701988427858e-11,-2.315252839288411e-09,2.7158858000531083e-08,8.452397411359532e-11,8.502912770726956e-10,5.634578405957579e-14,10.000000003626253,7.924202100084607e-08,0.04992755344959976,0.0,0.0,0.0,0.0,-2.4940650090687922e-08,23.769728671470638,,,,,,,,,,False,,,,False,CMODE(65536)
2.464,WAIT_FCU,False,-12.999999999946828,-5.999999999995443,0.05399996221987914,-2.1771697470314656e-11,2.315252917844176e-09,2.7158848730168827e-08,-8.452561503876004e-11,8.502914225999793e-10,4.7569843923644805e-14,10.000000003626253,7.924202100084607e-08,0.04992755344959976,0.0,0.0,0.0,0.0,-2.4940650090687922e-08,23.769728671468073,,,,,,,,,,False,,,,False,MANUAL
2.564,WAIT_FCU,False,-12.999999999946597,-5.999999999995443,0.05399996221987914,-2.177169650916974e-11,2.315252921304497e-09,2.7158848730168827e-08,-8.45256152004519e-11,8.502914225985438e-10,4.756774124734069e-14,10.000000003626253,7.924202100084607e-08,0.04992755344959976,0.0,0.0,0.0,0.0,-2.4940650090687922e-08,23.76972867146785,,,,,,,,,,False,,,,False,MANUAL
2.664,WAIT_FCU,False,-12.999999999946384,-5.999999999995443,0.05399996221987914,-2.1771696427004435e-11,2.3152529194339347e-09,2.7158848730168827e-08,-8.452561510746926e-11,8.502914226925849e-10,4.756580032131289e-14,10.000000003626253,7.924202100084607e-08,0.04992755344959976,0.0,0.0,0.0,0.0,-2.4940650090687922e-08,23.769728671467643,,,,,,,,,,False,,,,False,MANUAL
2.7640000000000002,WAIT_FCU,False,-12.999999999946162,-6.000000000004749,0.05399996221987916,-2.1775700383562655e-11,-2.315252838573974e-09,2.715885800036455e-08,8.452397419063923e-11,8.502912770794636e-10,5.633769688666361e-14,10.000000003626253,7.924202100084607e-08,0.04992755344959976,0.0,0.0,0.0,0.0,-2.4940650090687922e-08,23.769728671469778,,,,,,,,,,False,,,,False,MANUAL
2.864,WAIT_FCU,False,-12.99999999994594,-5.999999999995443,0.05399996221987914,-2.1771696952517665e-11,2.315252918585664e-09,2.7158848723063402e-08,-8.452561495666516e-11,8.5029142253482e-10,4.7561756746164636e-14,10.000000003626253,7.924202100084607e-08,0.04992755344959976,0.0,0.0,0.0,0.0,-2.4940650090687922e-08,23.769728671467213,,,,,,,,,,False,,,,False,MANUAL
2.964,WAIT_FCU,False,-12.99999999994571,-5.999999999995443,0.05399996221987914,-2.1771700068667027e-11,2.3152529156261295e-09,2.7158848723063402e-08,-8.452561496976042e-11,8.502914226285764e-10,4.75596540834506e-14,10.000000003626253,7.924202100084607e-08,0.04992755344959976,0.0,0.0,0.0,0.0,-2.4940650090687922e-08,23.769728671466986,,,,,,,,,,False,,,,False,MANUAL
3.064,WAIT_FCU,False,-12.999999999945496,-5.999999999995443,0.05399996221987914,-2.1771697153855875e-11,2.315252919538736e-09,2.7158848730168827e-08,-8.45256152081258e-11,8.502914226409827e-10,4.755771314979009e-14,10.000000003626253,7.924202100084607e-08,0.04992755344959976,0.0,0.0,0.0,0.0,-2.4940650090687922e-08,23.76972867146678,,,,,,,,,,False,,,,False,MANUAL
3.164,WAIT_FCU,False,-12.999999999945274,-6.000000000004749,0.05399996221987916,-2.1775701826119758e-11,-2.315252838451792e-09,2.7158858000697617e-08,8.452397391283528e-11,8.502912773121327e-10,5.6329609687821164e-14,10.000000003626253,7.924202100084607e-08,0.04992755344959976,0.0,0.0,0.0,0.0,-2.4940650090687922e-08,23.76972867146892,,,,,,,,,,False,,,,False,MANUAL
3.2640000000000002,WAIT_FCU,False,-12.999999999945052,-5.999999999995443,0.05399996221987914,-2.1771696240834087e-11,2.31525291944316e-09,2.7158848723063402e-08,-8.452561522733911e-11,8.502914227055458e-10,4.7553669540714735e-14,10.000000003626253,7.924202100084607e-08,0.04992755344959976,0.0,0.0,0.0,0.0,-2.4940650090687922e-08,23.769728671466353,,,,,,,,,,False,,,,False,MANUAL
3.364,WAIT_FCU,False,-12.99999999994483,-6.000000000004749,0.05399996221987916,-2.1775697993068843e-11,-2.3152528355965545e-09,2.715885801440887e-08,8.452397386761435e-11,8.502912770874504e-10,5.632556608286103e-14,10.000000003626253,7.924202100084607e-08,0.04992755344959976,0.0,0.0,0.0,0.0,-2.4940650090687922e-08,23.769728671468485,,,,,,,,,,False,,,,False,MANUAL
3.464,WAIT_FCU,False,-12.999999999944608,-5.999999999995443,0.05399996221987914,-2.1771698883623276e-11,2.3152529202384493e-09,2.7158848730168827e-08,-8.452561508924405e-11,8.50291422214056e-10,4.7549625943018274e-14,10.000000003626253,7.924202100084607e-08,0.04992755344959976,0.0,0.0,0.0,0.0,-2.4940650090687922e-08,23.769728671465923,,,,,,,,,,False,,,,False,MANUAL
3.564,WAIT_FCU,False,-12.999999999944386,-6.000000000004749,0.05399996221987916,-2.177570095628805e-11,-2.315252838691233e-09,2.7158858000697617e-08,8.452397395161144e-11,8.502912772392189e-10,5.632152249601031e-14,10.000000003626253,7.924202100084607e-08,0.04992755344959976,0.0,0.0,0.0,0.0,-2.4940650090687922e-08,23.769728671468055,,,,,,,,,,False,,,,False,MANUAL
3.664,WAIT_FCU,False,-12.999999999944164,-5.999999999995443,0.05399996221987914,-2.1771698348560618e-11,2.3152529202441585e-09,2.7158848730168827e-08,-8.452561506212028e-11,8.502914226082389e-10,4.754558232982076e-14,10.000000003626253,7.924202100084607e-08,0.04992755344959976,0.0,0.0,0.0,0.0,-2.4940650090687922e-08,23.769728671465497,,,,,,,,,,False,,,,False,MANUAL
3.7640000000000002,WAIT_FCU,False,-12.999999999943942,-6.000000000004749,0.05399996221987916,-2.1775700261008245e-11,-2.3152528386725357e-09,2.7158858000531083e-08,8.452397386518187e-11,8.502912770336394e-10,5.631747887421822e-14,10.000000003626253,7.924202100084607e-08,0.04992755344959976,0.0,0.0,0.0,0.0,-2.4940650090687922e-08,23.769728671467625,,,,,,,,,,False,,,,False,MANUAL
3.864,WAIT_FCU,False,-12.99999999994372,-5.999999999995443,0.05399996221987914,-2.177169805736085e-11,2.3152529168808794e-09,2.7158848730168827e-08,-8.452561498099149e-11,8.50291422581823e-10,4.754153872803335e-14,10.000000003626253,7.924202100084607e-08,0.04992755344959976,0.0,0.0,0.0,0.0,-2.4940650090687922e-08,23.769728671465064,,,,,,,,,,False,,,,False,MANUAL
3.964,WAIT_FCU,False,-12.999999999943498,-6.000000000004749,0.05399996221987916,-2.177569973475193e-11,-2.3152528388556416e-09,2.7158858000697617e-08,8.452397403312625e-11,8.502912774084915e-10,5.6313435262044985e-14,10.000000003626253,7.924202100084607e-08,0.04992755344959976,0.0,0.0,0.0,0.0,-2.4940650090687922e-08,23.7697286714672,,,,,,,,,,False,,,,False,MANUAL
4.064,WAIT_FCU,False,-12.999999999943276,-5.999999999995443,0.05399996221987914,-2.1771696132214222e-11,2.3152529194945323e-09,2.7158848730168827e-08,-8.452561513240915e-11,8.502914225288136e-10,4.7537495119190264e-14,10.000000003626253,7.924202100084607e-08,0.04992755344959976,0.0,0.0,0.0,0.0,-2.4940650090687922e-08,23.769728671464634,,,,,,,,,,False,,,,False,MANUAL
4.164,WAIT_FCU,False,-12.999999999943054,-6.000000000004749,0.05399996221987916,-2.177569781638625e-11,-2.315252837459171e-09,2.715885801424234e-08,8.452397405239945e-11,8.502912769858309e-10,5.6309391660294215e-14,10.000000003626253,7.924202100084607e-08,0.04992755344959976,0.0,0.0,0.0,0.0,-2.4940650090687922e-08,23.76972867146677,,,,,,,,,,False,,,,False,MANUAL
4.264,WAIT_FCU,False,-12.999999999942832,-5.999999999995443,0.05399996221987914,-2.177169795274279e-11,2.315252917468527e-09,2.7158848730168827e-08,-8.452561492717292e-11,8.502914226547133e-10,4.753345150588664e-14,10.000000003626253,7.924202100084607e-08,0.04992755344959976,0.0,0.0,0.0,0.0,-2.4940650090687922e-08,23.769728671464208,,,,,,,,,,False,,,,False,MANUAL
4.364,WAIT_FCU,False,-12.99999999994261,-6.000000000004749,0.05399996221987916,-2.177569974210041e-11,-2.315252839430674e-09,2.715885799359219e-08,8.452397409711288e-11,8.502912771363982e-10,5.630534803786993e-14,10.000000003626253,7.924202100084607e-08,0.04992755344959976,0.0,0.0,0.0,0.0,-2.4940650090687922e-08,23.769728671466343,,,,,,,,,,False,,,,False,MANUAL
4.464,WAIT_FCU,False,-12.999999999942387,-5.999999999995443,0.05399996221987914,-2.1771696025873543e-11,2.315252920234563e-09,2.7158848730168827e-08,-8.452561510503613e-11,8.502914225120578e-10,4.75294078724705e-14,10.000000003626253,7.924202100084607e-08,0.04992755344959976,0.0,0.0,0.0,0.0,-2.4940650090687922e-08,23.769728671463778,,,,,,,,,,False,,,,False,MANUAL
4.564,WAIT_FCU,False,-12.999999999942165,-6.000000000004749,0.05399996221987916,-2.1775698917938743e-11,-2.3152528409639397e-09,2.7158857993425657e-08,8.452397403348041e-11,8.502912770055009e-10,5.6301304413082705e-14,10.000000003626253,7.924202100084607e-08,0.04992755344959976,0.0,0.0,0.0,0.0,-2.4940650090687922e-08,23.769728671465913,,,,,,,,,,False,,,,False,MANUAL
4.664,WAIT_FCU,False,-12.999999999941943,-5.999999999995443,0.05399996221987914,-2.1771695606079744e-11,2.3152529202860093e-09,2.7158848730168827e-08,-8.452561507070359e-11,8.502914222282961e-10,4.752536425381006e-14,10.000000003626253,7.924202100084607e-08,0.04992755344959976,0.0,0.0,0.0,0.0,-2.4940650090687922e-08,23.769728671463344,,,,,,,,,,False,,,,False,MANUAL
4.764,WAIT_FCU,False,-12.999999999941721,-6.000000000004749,0.05399996221987916,-2.1775701699879088e-11,-2.315252839809768e-09,2.7158858000531083e-08,8.452397384809184e-11,8.502912771488972e-10,5.6297260796990563e-14,10.000000003626253,7.924202100084607e-08,0.04992755344959976,0.0,0.0,0.0,0.0,-2.4940650090687922e-08,23.769728671465483,,,,,,,,,,False,,,,False,MANUAL
4.864,WAIT_FCU,False,-12.9999999999415,-5.999999999995443,0.05399996221987914,-2.177169532269487e-11,2.315252920201675e-09,2.7158848730168827e-08,-8.452561497204658e-11,8.502914226757412e-10,4.7521320659281576e-14,10.000000003626253,7.924202100084607e-08,0.04992755344959976,0.0,0.0,0.0,0.0,-2.4940650090687922e-08,23.769728671462918,,,,,,,,,,False,,,,False,MANUAL
4.964,WAIT_FCU,False,-12.999999999941277,-6.000000000004749,0.05399996221987916,-2.1775697188530565e-11,-2.3152528437796154e-09,2.7158858000531083e-08,8.452397422005604e-11,8.502912770676021e-10,5.629321720899937e-14,10.000000003626253,7.924202100084607e-08,0.04992755344959976,0.0,0.0,0.0,0.0,-2.4940650090687922e-08,23.76972867146505,,,,,,,,,,False,,,,False,MANUAL
5.064,WAIT_FCU,False,-12.999999999941055,-5.999999999995443,0.05399996221987914,-2.177169930226676e-11,2.3152529159435282e-09,2.7158848730168827e-08,-8.452561482043709e-11,8.502914226514634e-10,4.7517277046814395e-14,10.000000003626253,7.924202100084607e-08,0.04992755344959976,0.0,0.0,0.0,0.0,-2.4940650090687922e-08,23.769728671462484,,,,,,,,,,False,,,,False,MANUAL
5.164,WAIT_FCU,False,-12.999999999940833,-6.000000000004749,0.05399996221987916,-2.177570121773688e-11,-2.315252839235435e-09,2.7158858000531083e-08,8.45239740608675e-11,8.502912772308286e-10,5.628917359194117e-14,10.000000003626253,7.924202100084607e-08,0.04992755344959976,0.0,0.0,0.0,0.0,-2.4940650090687922e-08,23.76972867146462,,,,,,,,,,False,,,,False,MANUAL
5.264,WAIT_FCU,False,-12.999999999940611,-5.999999999995443,0.05399996221987914,-2.1771695476422292e-11,2.315252915491062e-09,2.715884873710772e-08,-8.452561506190709e-11,8.50291422649689e-10,4.751323343852956e-14,10.000000003626253,7.924202100084607e-08,0.04992755344959976,0.0,0.0,0.0,0.0,-2.4940650090687922e-08,23.769728671462055,,,,,,,,,,False,,,,False,MANUAL
5.364,WAIT_FCU,False,-12.999999999940389,-6.000000000004749,0.05399996221987916,-2.177570151130714e-11,-2.3152528389157785e-09,2.7158857993425657e-08,8.452397406751911e-11,8.502912770408028e-10,5.6285129971187877e-14,10.000000003626253,7.924202100084607e-08,0.04992755344959976,0.0,0.0,0.0,0.0,-2.4940650090687922e-08,23.769728671464186,,,,,,,,,,False,,,,False,MANUAL
5.464,WAIT_FCU,False,-12.999999999940158,-6.000000000004749,0.05399996221987916,-2.177569866309103e-11,-2.315252836300408e-09,2.715885801440887e-08,8.452397387824233e-11,8.502912771007198e-10,5.628302729056772e-14,10.000000003626253,7.924202100084607e-08,0.04992755344959976,0.0,0.0,0.0,0.0,-2.4940650090687922e-08,23.76972867146397,,,,,,,,,,False,,,,False,MANUAL
5.564,WAIT_FCU,False,-12.999999999939945,-6.000000000004749,0.05399996221987916,-2.1775699005872307e-11,-2.3152528428865424e-09,2.7158858000531083e-08,8.452397438197472e-11,8.50291276839661e-10,5.628108635210162e-14,10.000000003626253,7.924202100084607e-08,0.04992755344959976,0.0,0.0,0.0,0.0,-2.4940650090687922e-08,23.769728671463763,,,,,,,,,,False,,,,False,MANUAL
5.664,WAIT_FCU,False,-12.999999999939714,-6.000000000004749,0.05399996221987916,-2.1775699991538418e-11,-2.3152528394666336e-09,2.715885799359219e-08,8.452397396802048e-11,8.502912771411956e-10,5.6278983676991626e-14,10.000000003626253,7.924202100084607e-08,0.04992755344959976,0.0,0.0,0.0,0.0,-2.4940650090687922e-08,23.769728671463536,,,,,,,,,,False,,,,False,MANUAL
5.764,WAIT_FCU,False,-12.9999999999395,-6.000000000004749,0.05399996221987916,-2.1775700571951563e-11,-2.315252839937462e-09,2.7158858000697617e-08,8.452397406315235e-11,8.502912773392797e-10,5.627704275221132e-14,10.000000003626253,7.924202100084607e-08,0.04992755344959976,0.0,0.0,0.0,0.0,-2.4940650090687922e-08,23.76972867146333,,,,,,,,,,False,,,,False,MANUAL
5.864,TAKEOFF,False,-12.999999999939279,-5.999999999995443,0.05399996221987914,-2.1771697800870938e-11,2.3152529194127465e-09,2.7158848730168827e-08,-8.452561509884525e-11,8.502914226252485e-10,4.7501102592506967e-14,10.000000003626253,7.924202100084607e-08,0.04992755344959976,0.0,0.0,0.0,0.0,-2.4940650090687922e-08,23.76972867146077,0.007412545848637819,0.0005171205848455429,-0.012981593608856201,0.0006927238428033888,0.0015350407920777798,-0.03919784352183342,,,,False,,,,False,MANUAL
5.964,TAKEOFF,False,-12.999999999939057,-6.000000000004749,0.05399996221987916,-2.1775700925436936e-11,-2.315252840393871e-09,2.7158858000531083e-08,8.45239738146843e-11,8.502912770552184e-10,5.627299913511263e-14,10.000000003626253,7.924202100084607e-08,0.04992755344959976,0.0,0.0,0.0,0.0,-2.4940650090687922e-08,23.7697286714629,0.007545196916908026,0.0005864035920239985,-0.016718685626983643,0.0006959731690585613,0.0011962054995819926,-0.038281023502349854,,,,False,,,,False,MANUAL
6.064,TAKEOFF,False,-12.999999999938835,-5.999999999995443,0.05399996221987914,-2.177169783531578e-11,2.315252919384502e-09,2.7158848730168827e-08,-8.45256150453303e-11,8.50291422641164e-10,4.749705898231311e-14,10.000000003626253,7.924202100084607e-08,0.04992755344959976,0.0,0.0,0.0,0.0,-2.4940650090687922e-08,23.769728671460335,0.006806942634284496,-0.00031569518614560366,-0.018367717042565346,0.0007943456876091659,-0.0004302418965380639,-0.034161876887083054,,,,False,,,,False,MANUAL
6.164,TAKEOFF,False,-12.999999999938613,-6.000000000004749,0.05399996221987916,-2.177570198855068e-11,-2.3152528383601302e-09,2.7158858000531083e-08,8.452397400072826e-11,8.502912772144693e-10,5.626895553835859e-14,10.000000003626253,7.924202100084607e-08,0.04992755344959976,0.0,0.0,0.0,0.0,-2.4940650090687922e-08,23.76972867146247,0.005731705576181412,-0.0021501993760466576,-0.01874544657766819,0.00025258056120947003,-0.003313204040750861,-0.028752373531460762,,,,False,,,,False,MANUAL
6.264,TAKEOFF,False,-12.99999999993839,-5.999999999995443,0.05399996221987914,-2.1771697609295866e-11,2.3152529147747824e-09,2.715884874421315e-08,-8.452561532325947e-11,8.502914226608441e-10,4.749301538236706e-14,10.000000003626253,7.924202100084607e-08,0.04992755344959976,0.0,0.0,0.0,0.0,-2.4940650090687922e-08,23.76972867145991,0.0049014706164598465,-0.003920947667211294,-0.019036268815398216,-0.0015044721076264977,-0.005752335302531719,-0.025175396353006363,,,,False,,,,False,MANUAL
6.364,TAKEOFF,False,-12.99999999993816,-5.999999999995443,0.05399996221987914,-2.177169892591883e-11,2.3152529202623056e-09,2.7158848730168827e-08,-8.452561500541622e-11,8.502914225283217e-10,4.749091270292156e-14,10.000000003626253,7.924202100084607e-08,0.04992755344959976,0.0,0.0,0.0,0.0,-2.4940650090687922e-08,23.769728671459685,0.004137706011533737,-0.005730781704187393,-0.01952989213168621,-0.0022681611590087414,-0.006758834235370159,-0.023003021255135536,,,,False,,,,False,MANUAL
6.464,TAKEOFF,False,-12.999999999937938,-6.000000000004749,0.05399996221987916,-2.1775698707487164e-11,-2.3152528429344907e-09,2.7158858000531083e-08,8.452397394229495e-11,8.502912771953377e-10,5.6262809246604044e-14,10.000000003626253,7.924202100084607e-08,0.04992755344959976,0.0,0.0,0.0,0.0,-2.4940650090687922e-08,23.769728671461817,0.0034209266304969788,-0.005592306610196829,-0.018100153654813766,-0.0023169012274593115,-0.007553737610578537,-0.019053015857934952,,,,False,,,,False,MANUAL
6.564,TAKEOFF,False,-12.999999999937724,-6.000000000004749,0.05399996221987916,-2.1775698941325924e-11,-2.3152528370174267e-09,2.715885799359219e-08,8.45239738941807e-11,8.502912773056189e-10,5.6260868322555183e-14,10.000000003626253,7.924202100084607e-08,0.04992755344959976,0.0,0.0,0.0,0.0,-2.4940650090687922e-08,23.769728671461614,0.0027684527449309826,-0.00458932900801301,-0.015409211628139019,-0.0021822452545166016,-0.007470772601664066,-0.014044627547264099,,,,False,,,,False,MANUAL
6.664,TAKEOFF,False,-12.999999999937502,-5.999999999995443,0.05399996221987914,-2.1771696855056314e-11,2.3152529184014545e-09,2.7158848723063402e-08,-8.452561506185858e-11,8.502914226607467e-10,4.748492817910814e-14,10.000000003626253,7.924202100084607e-08,0.04992755344959976,0.0,0.0,0.0,0.0,-2.4940650090687922e-08,23.769728671459045,0.0023027670104056597,-0.0041991244070231915,-0.013427427038550377,-0.002624812535941601,-0.008859427645802498,-0.011032653972506523,,,,False,,,,False,MANUAL
6.764,TAKEOFF,False,-12.99999999993728,-6.000000000004749,0.05399996221987916,-2.1775697577343244e-11,-2.3152528376032844e-09,2.715885801440887e-08,8.452397402592958e-11,8.502912772760452e-10,5.625682470572542e-14,10.000000003626253,7.924202100084607e-08,0.04992755344959976,0.0,0.0,0.0,0.0,-2.4940650090687922e-08,23.769728671461184,0.001946531469002366,-0.0042046750895679,-0.011559640988707542,-0.002023387933149934,-0.009026017040014267,-0.0102463373914361,,,,False,,,,False,MANUAL
6.864,TAKEOFF,False,-12.999999999937058,-5.999999999995443,0.05399996221987914,-2.1771696754594848e-11,2.315252920251102e-09,2.7158848723063402e-08,-8.452561491463946e-11,8.502914227641025e-10,4.748088454765384e-14,10.000000003626253,7.924202100084607e-08,0.04992755344959976,0.0,0.0,0.0,0.0,-2.4940650090687922e-08,23.76972867145862,0.0020277774892747402,-0.004090540576726198,-0.00967340636998415,-0.0022052237764000893,-0.010779988020658493,-0.007392278406769037,,,,False,,,,False,MANUAL
6.964,TAKEOFF,False,-12.999999999936836,-6.000000000004749,0.05399996221987916,-2.1775699598547235e-11,-2.3152528424186324e-09,2.715885800036455e-08,8.452397403963776e-11,8.502912769694144e-10,5.62527810746238e-14,10.000000003626253,7.924202100084607e-08,0.04992755344959976,0.0,0.0,0.0,0.0,-2.4940650090687922e-08,23.76972867146075,0.0022837205324321985,-0.004047991707921028,-0.007798764854669571,-0.0011671624379232526,-0.01142797339707613,-0.006008195225149393,,,,False,,,,False,MANUAL
7.064,TAKEOFF,False,-12.999999999936614,-5.999999999995443,0.05399996221987914,-2.177169881843761e-11,2.315252917018176e-09,2.715884873033536e-08,-8.452561502425932e-11,8.502914227479954e-10,4.747684093073852e-14,10.000000003626253,7.924202100084607e-08,0.04992755344959976,0.0,0.0,0.0,0.0,-2.4940650090687922e-08,23.76972867145819,0.002502838848158717,-0.004390004090964794,-0.006701009348034859,-0.0013345580082386732,-0.012761790305376053,-0.005204730201512575,,,,False,,,,False,MANUAL
7.164,TAKEOFF,False,-12.999999999936392,-6.000000000004749,0.05399996221987916,-2.177570109763332e-11,-2.315252839504754e-09,2.7158858000531083e-08,8.452397382641665e-11,8.502912771575266e-10,5.6248737465697043e-14,10.000000003626253,7.924202100084607e-08,0.04992755344959976,0.0,0.0,0.0,0.0,-2.4940650090687922e-08,23.769728671460328,0.0026583585422486067,-0.0050978404469788074,-0.0063223280012607574,-0.0003499660233501345,-0.013907392509281635,-0.004068933892995119,,,,False,,,,False,MANUAL
7.264,TAKEOFF,False,-12.99999999993617,-5.999999999995443,0.05399996221987914,-2.1771698617427388e-11,2.3152529179568714e-09,2.7158848723063402e-08,-8.452561508181274e-11,8.502914225722624e-10,4.7472797315303924e-14,10.000000003626253,7.924202100084607e-08,0.04992755344959976,0.0,0.0,0.0,0.0,-2.4940650090687922e-08,23.76972867145776,0.003110818564891815,-0.004810696002095938,-0.006537187844514847,0.0003267807187512517,-0.01421696599572897,-0.0037232001777738333,,,,False,,,,False,MANUAL
7.364,TAKEOFF,False,-12.999999999935948,-6.000000000004749,0.05399996221987916,-2.1775700320535173e-11,-2.3152528389866186e-09,2.7158858000531083e-08,8.452397393534952e-11,8.502912773150261e-10,5.624469387278453e-14,10.000000003626253,7.924202100084607e-08,0.04992755344959976,0.0,0.0,0.0,0.0,-2.4940650090687922e-08,23.76972867145989,0.0038436816539615393,-0.004190403036773205,-0.0074583133682608604,0.0016269753687083721,-0.013943139463663101,-0.004558822140097618,,,,False,,,,False,MANUAL
7.464,TAKEOFF,False,-12.999999999935717,-6.000000000004749,0.05399996221987916,-2.177570075282968e-11,-2.3152528397839095e-09,2.7158858000531083e-08,8.452397389149773e-11,8.502912770476941e-10,5.624259119592691e-14,10.000000003626253,7.924202100084607e-08,0.04992755344959976,0.0,0.0,0.0,0.0,-2.4940650090687922e-08,23.76972867145967,0.004490264691412449,-0.004067183937877417,-0.008181661367416382,0.0020101082045584917,-0.013467062264680862,-0.0052049788646399975,,,,False,,,,False,OFFBOARD
7.564,TAKEOFF,False,-13.000000000025036,-6.000000000003372,0.05399996269024397,-1.4362594568174967e-09,-1.4215409951126316e-09,2.3888887527634405e-08,5.967016443719488e-11,-7.711568259700711e-10,2.0732737538760905e-15,10.000000003626253,7.924202100084607e-08,0.04992755344959976,0.0,0.0,0.0,0.0,-2.4940650090687922e-08,23.76972867154575,0.00511707691475749,-0.004383812192827463,-0.008546985685825348,0.0024939735885709524,-0.014245937578380108,-0.0045445263385772705,,,,False,,,,False,OFFBOARD
7.664,TAKEOFF,False,-13.000000000121018,-5.999999999994509,0.05399996248921272,7.306901657214545e-10,2.7810098496554297e-09,2.8402977322983247e-08,-1.0129938679435463e-10,-2.506647586344378e-09,1.625694678383383e-14,10.000000003626253,7.924202100084607e-08,0.04992755344959976,0.0,0.0,0.0,0.0,-2.4940650090687922e-08,23.769728671636386,0.005312852095812559,-0.00431424705311656,-0.008515860885381699,0.002610547002404928,-0.013961365446448326,-0.004571991972625256,,,,False,,,,False,OFFBOARD
7.764,TAKEOFF,False,-13.00000000000949,-6.000000000002061,0.053999962759990125,-2.4785323905029434e-09,-9.625494845649382e-10,1.6489225720173195e-08,3.648395307156852e-11,-4.707443679926456e-10,3.233822814333049e-14,10.000000003626253,7.924202100084607e-08,0.04992755344959976,0.0,0.0,0.0,0.0,-2.4940650090687922e-08,23.769728671530377,0.005269849207252264,-0.004213111009448767,-0.007970848120748997,0.0019305627793073654,-0.01465662382543087,-0.003581203054636717,,,,False,,,,False,OFFBOARD
7.864,TAKEOFF,False,-13.000000000003986,-5.999999999998136,0.05399996273236015,-1.1177018962515262e-09,8.81205210853493e-10,2.4610618549469888e-08,-3.472453375416327e-11,-3.616480126601131e-10,4.5242303550588915e-14,10.000000003626253,7.924202100084607e-08,0.04992755344959976,0.0,0.0,0.0,0.0,-2.4940650090687922e-08,23.76972867152406,0.005304601509124041,-0.004540766589343548,-0.0075037251226603985,0.0027399391401559114,-0.014543356373906136,-0.00293054711073637,,,,False,,,,False,OFFBOARD
7.964,TAKEOFF,False,-13.000000000126763,-6.000000000005261,0.0539999624797115,-1.1959461939246335e-10,-2.612830138124914e-09,2.653759880016926e-08,9.461274460068044e-11,-2.5844953728023136e-09,3.020539394666292e-14,10.000000003626253,7.924202100084607e-08,0.04992755344959976,0.0,0.0,0.0,0.0,-2.4940650090687922e-08,23.769728671644657,0.005387167911976576,-0.005179295781999826,-0.007330956868827343,0.0016279594274237752,-0.014192091301083565,-0.002700996585190296,,,,False,,,,False,OFFBOARD
8.064,TAKEOFF,False,-13.000000000004126,-5.999999999999663,0.05399996281940894,-1.277734083833879e-10,5.082644192904543e-10,1.700529186587918e-08,-7.577468357185138e-12,-3.456668143022587e-10,1.5534129151969206e-14,10.000000003626253,7.924202100084607e-08,0.04992755344959976,0.0,0.0,0.0,0.0,-2.4940650090687922e-08,23.76972867152458,0.005201598163694143,-0.004793149419128895,-0.007337748073041439,0.0013275884557515383,-0.01447851862758398,-0.0013179471716284752,,,,False,,,,False,OFFBOARD
8.164,TAKEOFF,False,-13.000000000000162,-6.000000000001444,0.05399996274233258,-2.7685125571674863e-10,-6.087355043741325e-10,2.6373978541827102e-08,2.4600192589603205e-11,-2.648499822567522e-10,1.3780914661808055e-15,10.000000003626253,7.924202100084607e-08,0.04992755344959976,0.0,0.0,0.0,0.0,-2.4940650090687922e-08,23.769728671521193,0.004840114153921604,-0.004071414936333895,-0.006932929158210754,0.00032155393273569643,-0.014687039889395237,-0.00023664708714932203,,,,False,,,,False,OFFBOARD
8.264,TAKEOFF,False,-13.00000000012647,-6.000000000005284,0.053999962483512555,-3.0560885298051687e-10,-2.60949412609978e-09,2.6137379528279324e-08,9.437834379299441e-11,-2.55234385521332e-09,8.707146443620708e-16,10.000000003626253,7.924202100084607e-08,0.04992755344959976,0.0,0.0,0.0,0.0,-2.4940650090687922e-08,23.76972867164438,0.004637742415070534,-0.003915117122232914,-0.006374673917889595,0.0014943329151719809,-0.014276150614023209,-0.0007082627853378654,,,,False,,,,False,OFFBOARD
8.364,TAKEOFF,False,-12.999999999988571,-6.000000000000093,0.05399996276897578,1.4303390760443781e-09,-1.9803972516445935e-11,2.9576528810471014e-08,1.9120800175849196e-14,-3.563925019261393e-11,1.840062234862055e-15,10.000000003626253,7.924202100084607e-08,0.04992755344959976,0.0,0.0,0.0,0.0,-2.4940650090687922e-08,23.769728671509636,0.004549696575850248,-0.004136206116527319,-0.005293501541018486,0.0010145215783268213,-0.014059674926102161,-0.0007427507662214339,,,,False,,,,False,OFFBOARD
8.464,TAKEOFF,False,-13.000000000011442,-5.999999999999449,0.05399996272037306,2.180682895551986e-09,2.9686645559860265e-10,3.1399915365937225e-08,-1.1472239217590188e-11,-4.431008746314011e-10,2.9162823736610926e-14,10.000000003626253,7.924202100084607e-08,0.04992755344959976,0.0,0.0,0.0,0.0,-2.4940650090687922e-08,23.769728671531603,0.0050545986741781235,-0.0039693559519946575,-0.0015609756810590625,0.0018283044919371605,-0.013857357203960419,0.0004861468041781336,,,,False,,,,True,OFFBOARD
8.564,TAKEOFF,False,-13.00000000012969,-5.999999999994167,0.053999962555569235,-1.0001345877279496e-09,2.954190717649343e-09,2.6315154965705913e-08,-1.0748549808850261e-10,-2.584186990477517e-09,3.007450411041843e-14,10.000000003626253,7.924202100084607e-08,0.04992755344959976,0.0,0.0,0.0,0.0,-2.4940650090687922e-08,23.76972867164469,0.005986703559756279,-0.003825781401246786,0.0037428932264447212,0.0029275466222316027,-0.01502719521522522,0.0028178582433611155,,,,False,,,,True,OFFBOARD
8.664,TAKEOFF,False,-13.000000000066885,-5.99999999999261,0.053999962907344365,-3.1757614909925324e-09,-1.4653086377748133e-09,2.3336954237396234e-08,-1.3675036000503303e-10,-1.4328137876190616e-09,-3.208495473871119e-14,10.000000003626253,7.924202100084607e-08,0.04992755344959976,0.0,0.0,0.0,0.0,-2.4940650090687922e-08,23.769728671583525,0.006788213271647692,-0.004162400029599667,0.007253988180309534,0.003809352871030569,-0.015100747346878052,0.0035441145300865173,,,,False,,,,True,OFFBOARD
8.764,TAKEOFF,False,-13.000000000090818,-5.999999999988492,0.05399996310082927,1.1006450291264112e-09,-1.323646270114691e-09,3.23877004574924e-08,-2.168569887205745e-10,-1.8591279253859667e-09,-3.707823282862445e-13,10.000000003626253,7.924202100084607e-08,0.04992755344959976,0.0,0.0,0.0,0.0,-2.4940650090687922e-08,23.76972867160564,0.007670844905078411,-0.0049591693095862865,0.00971137173473835,0.005744593217968941,-0.016774922609329224,0.004855463746935129,,,,False,,,,True,OFFBOARD
8.864,TAKEOFF,False,-13.000000000119535,-6.000000000000037,0.05399996332503679,-1.7133277718654252e-09,-7.851244985344336e-11,2.5572376112337205e-08,-1.1909564602532552e-11,-2.3725245960405964e-09,-6.97614644237177e-13,10.000000003626253,7.924202100084607e-08,0.04992755344959976,0.0,0.0,0.0,0.0,-2.4940650090687922e-08,23.769728671636344,0.007987476885318756,-0.006200305186212063,0.011092372238636017,0.005755532532930374,-0.018396105617284775,0.005695079918950796,,,,False,,,,True,OFFBOARD
8.964,TAKEOFF,False,-13.000000000122414,-5.999999999986645,0.05399996368562192,-3.3640776698618054e-09,-2.0693745586538557e-09,2.4043272236928816e-08,-2.606803710701099e-10,-2.4159477721579148e-09,-1.0382084199197327e-12,10.000000003626253,7.924202100084607e-08,0.04992755344959976,0.0,0.0,0.0,0.0,-2.4940650090687922e-08,23.76972867163575,0.00813583005219698,-0.00794586818665266,0.012483936734497547,0.007040811702609062,-0.01980552263557911,0.004919345956295729,,,,False,,,,True,OFFBOARD
9.064,TAKEOFF,False,-13.000000000156987,-5.99999999999795,0.05399996409919181,-4.6263626150503424e-10,-1.76964706958354e-11,2.951779717219605e-08,-6.097539617937694e-11,-3.035118082567483e-09,-1.4236260633624253e-12,10.000000003626253,7.924202100084607e-08,0.04992755344959976,0.0,0.0,0.0,0.0,-2.4940650090687922e-08,23.76972867167206,0.008471381850540638,-0.00981508381664753,0.013772432692348957,0.007575287949293852,-0.021297605708241463,0.0052775852382183075,,,,False,,,,True,OFFBOARD
9.164,TAKEOFF,False,-13.000000000103855,-5.999999999997195,0.05399996473593572,-2.5449726708428e-10,1.6693552191552778e-10,3.0666117334876566e-08,-8.008470830750332e-11,-2.0606168752412453e-09,-1.7735054693670107e-12,10.000000003626253,7.924202100084607e-08,0.04992755344959976,0.0,0.0,0.0,0.0,-2.4940650090687922e-08,23.769728671620456,0.009002459235489368,-0.012173708528280258,0.01536839734762907,0.008074825629591942,-0.023372765630483627,0.006390954367816448,,,,False,,,,True,OFFBOARD
9.264,TAKEOFF,False,-13.000000000145429,-5.9999999999998535,0.053999965338008514,-7.0466353084865e-10,-3.9239394034341577e-10,3.22349441366776e-08,-3.7830396675638574e-11,-2.807545384702913e-09,-2.1732895959689167e-12,10.000000003626253,7.924202100084607e-08,0.04992755344959976,0.0,0.0,0.0,0.0,-2.4940650090687922e-08,23.76972867166135,0.009152653627097607,-0.012274933978915215,0.014205493964254856,0.008584165945649147,-0.023279080167412758,0.005821156315505505,,,,False,,,,True,OFFBOARD
9.364,TAKEOFF,False,-13.000000000168987,-5.999999999989697,0.053999966168956276,1.272541245654981e-10,-2.106273389576673e-10,3.3259107020122695e-08,-2.286711045364678e-10,-3.22670619012025e-09,-2.5817059165388103e-12,10.000000003626253,7.924202100084607e-08,0.04992755344959976,0.0,0.0,0.0,0.0,-2.4940650090687922e-08,23.769728671681587,0.009165718220174313,-0.011473497375845909,0.011804478242993355,0.00818632636219263,-0.02260753884911537,0.0046809581108391285,,,,False,,,,True,OFFBOARD
9.464,TAKEOFF,False,-13.000000000184665,-5.999999999976104,0.05399996713183467,-5.535668134466768e-10,-8.078400352964437e-11,3.3786256454448884e-08,-4.816816601623451e-10,-3.503013937773038e-09,-2.969240176683579e-12,10.000000003626253,7.924202100084607e-08,0.04992755344959976,0.0,0.0,0.0,0.0,-2.4940650090687922e-08,23.769728671693326,0.00941102858632803,-0.011404349468648434,0.010128508321940899,0.00936107151210308,-0.022101955488324165,0.002992441412061453,,,,False,,,,True,OFFBOARD
9.564,TAKEOFF,False,-13.000000000196504,-5.999999999971241,0.05399996829541131,8.740582630816202e-10,-2.7206721857535016e-11,3.634730750912141e-08,-5.758651456821037e-10,-3.709652163727561e-09,-3.352177199884888e-12,10.000000003626253,7.924202100084607e-08,0.04992755344959976,0.0,0.0,0.0,0.0,-2.4940650090687922e-08,23.769728671703554,0.00994658563286066,-0.011964472942054272,0.008775015361607075,0.010046751238405704,-0.022827040404081345,0.0021016302052885294,,,,False,,,,True,OFFBOARD
9.664,TAKEOFF,False,-13.000000000212479,-5.999999999954953,0.05399996963416273,-5.022686543890714e-10,5.288749578986123e-10,3.528117970286182e-08,-8.776246566705012e-10,-3.991541703662286e-09,-3.728515604071499e-12,10.000000003626253,7.924202100084607e-08,0.04992755344959976,0.0,0.0,0.0,0.0,-2.4940650090687922e-08,23.7697286717149,0.009869012981653214,-0.011596682481467724,0.007405147887766361,0.01041720062494278,-0.022872166708111763,0.0011447634315118194,,,,False,,,,True,OFFBOARD
9.764,TAKEOFF,False,-13.000000000272598,-5.999999999932937,0.053999971109311394,3.266151436001083e-10,7.712980682124173e-10,3.6634697443083116e-08,-1.2833962526658528e-09,-5.076149950857767e-09,-4.098512448679164e-12,10.000000003626253,7.924202100084607e-08,0.04992755344959976,0.0,0.0,0.0,0.0,-2.4940650090687922e-08,23.769728671767513,0.00961721409112215,-0.010878503322601318,0.005883162375539541,0.010839896276593208,-0.021723754703998566,-2.7707923436537385e-05,,,,False,,,,True,OFFBOARD
9.864,TAKEOFF,False,-13.000000000311978,-5.999999999923681,0.05399997282815702,1.9687953513031306e-09,-1.0255272558042775e-10,4.4078750768283825e-08,-1.4569918928880489e-09,-5.783902765241309e-09,-4.460387458471364e-12,10.000000003626253,7.924202100084607e-08,0.04992755344959976,0.0,0.0,0.0,0.0,-2.4940650090687922e-08,23.769728671803286,0.00963782798498869,-0.010874942876398563,0.004899787716567516,0.00934852845966816,-0.021119374781847,-0.0006218401831574738,,,,False,,,,True,OFFBOARD
9.964,TAKEOFF,False,-13.000000000326049,-5.999999999910539,0.05399997481851192,-1.1068066992215906e-09,4.286419540496564e-10,3.762335262069705e-08,-1.700840774305606e-09,-6.0319773142649605e-09,-4.796608437132871e-12,10.000000003626253,7.924202100084607e-08,0.04992755344959976,0.0,0.0,0.0,0.0,-2.4940650090687922e-08,23.76972867181358,0.009869758039712906,-0.011485420167446136,0.003968015778809786,0.009141827933490276,-0.02153540961444378,-0.0021844767034053802,,,,False,,,,True,OFFBOARD
10.064,TAKEOFF,False,-13.000000000375612,-5.999999999884406,0.053999977075881195,1.8184016838093651e-09,7.1841791309415e-10,4.418144768941756e-08,-2.18090443778417e-09,-6.925111715330736e-09,-5.137725847595101e-12,10.000000003626253,7.924202100084607e-08,0.04992755344959976,0.0,0.0,0.0,0.0,-2.4940650090687922e-08,23.769728671854942,0.009721004404127598,-0.010770454071462154,0.004125832114368677,0.009115754626691341,-0.020136278122663498,-0.0028849439695477486,,,,False,,,,True,OFFBOARD
10.164,TAKEOFF,False,-13.00000000043329,-5.99999999985697,0.05399997961900238,1.1844012399527164e-09,1.0499539493081088e-10,4.732210926761127e-08,-2.6845004332701386e-09,-7.966015578542255e-09,-5.466554125153696e-12,10.000000003626253,7.924202100084607e-08,0.04992755344959976,0.0,0.0,0.0,0.0,-2.4940650090687922e-08,23.769728671903824,0.00940090510994196,-0.009445029310882092,0.004835024941712618,0.007895298302173615,-0.018405966460704803,-0.0018201767234131694,,,,False,,,,True,OFFBOARD
10.264,TAKEOFF,False,-13.00000000047651,-5.9999999998251194,0.05399998250252216,-1.2176141470436575e-10,-9.200387206965482e-11,4.10362727297775e-08,-3.268020095689207e-09,-8.744304117567681e-09,-5.780205868686879e-12,10.000000003626253,7.924202100084607e-08,0.04992755344959976,0.0,0.0,0.0,0.0,-2.4940650090687922e-08,23.769728671937607,0.009332298301160336,-0.008944261819124222,0.005537297576665878,0.008259467780590057,-0.017108291387557983,-0.0010583089897409081,,,,False,,,,True,OFFBOARD
10.364,TAKEOFF,False,-13.000000000518458,-5.9999999998005125,0.053999985884113,2.2629399345549415e-09,1.8553298992264756e-10,4.745581685611233e-08,-3.719650884022374e-09,-9.49950656004542e-09,-6.09055941368583e-12,10.000000003626253,7.924202100084607e-08,0.04992755344959976,0.0,0.0,0.0,0.0,-2.4940650090687922e-08,23.769728671971986,0.009513940662145615,-0.009031912311911583,0.00609043100848794,0.0077347406186163425,-0.0167832113802433,-0.0017340899212285876,,,,False,,,,True,OFFBOARD
10.464,TAKEOFF,False,-13.000000000586152,-5.999999999766469,0.053999989387713325,1.222275689600166e-10,4.964055882261075e-10,4.510181100053634e-08,-4.342270323386697e-09,-1.0723657247025768e-08,-6.359991616463946e-12,10.000000003626253,7.924202100084607e-08,0.04992755344959976,0.0,0.0,0.0,0.0,-2.4940650090687922e-08,23.769728672028894,0.009274435229599476,-0.00833338312804699,0.006156169343739748,0.006815320812165737,-0.016213519498705864,-0.0030665723606944084,,,,False,,,,True,OFFBOARD
10.564,TAKEOFF,False,-13.000000000654609,-5.999999999743435,0.053999992425471065,-1.4940114686617432e-10,-4.137156791318756e-10,1.6911547594311572e-08,-4.764662004102341e-09,-1.1961415783973515e-08,-6.633460347358914e-12,10.000000003626253,7.924202100084607e-08,0.04992755344959976,0.0,0.0,0.0,0.0,-2.4940650090687922e-08,23.76972867208932,0.008925414644181728,-0.00736243836581707,0.006105334032326937,0.006650397554039955,-0.015439648181200027,-0.003741474822163582,,,,False,,,,True,OFFBOARD
10.664,TAKEOFF,False,-13.000000000708614,-5.9999999997163895,0.05399999347140852,-2.277626418865968e-09,-3.71346611347606e-10,1.0560891211208734e-08,-5.2597238976788875e-09,-1.2936828698616635e-08,-6.889509616342621e-12,10.000000003626253,7.924202100084607e-08,0.04992755344959976,0.0,0.0,0.0,0.0,-2.4940650090687922e-08,23.769728672134747,0.00891258753836155,-0.007064072415232658,0.005952891893684864,0.00768562126904726,-0.01392974890768528,-0.004842786584049463,,,,False,,,,True,OFFBOARD
10.764,TAKEOFF,False,-13.00000000071578,-5.999999999823952,0.05399999457440315,2.001488432446606e-09,-9.618015576540549e-11,1.767168326560764e-08,-3.3069212622294542e-09,-1.3060590634019845e-08,-7.131521078622558e-12,10.000000003626253,7.924202100084607e-08,0.04992755344959976,0.0,0.0,0.0,0.0,-2.4940650090687922e-08,23.769728672168835,0.009173545055091381,-0.007173567544668913,0.005646051373332739,0.007986101321876049,-0.012959582731127739,-0.006156192161142826,,,,False,,,,True,OFFBOARD
10.864,TAKEOFF,False,-13.000000000732093,-5.999999999862869,0.05399999571429424,-1.9758744993345583e-09,-2.517950166535569e-10,9.673357620698653e-09,-2.602013177174279e-09,-1.335079395203397e-08,-7.365276450503893e-12,10.000000003626253,7.924202100084607e-08,0.04992755344959976,0.0,0.0,0.0,0.0,-2.4940650090687922e-08,23.76972867219445,0.008857478387653828,-0.0063323089852929115,0.005471693351864815,0.006834525149315596,-0.012008722871541977,-0.007437809370458126,,,,False,,,,True,OFFBOARD
10.964,TAKEOFF,False,-13.000000000873811,-5.999999999664122,0.05399999714213965,-4.55342759726876e-09,1.1823768973791718e-08,2.9083651444550273e-08,-6.2180850892526736e-09,-1.592097042859905e-08,-7.594654161531969e-12,10.000000003626253,7.924202100084607e-08,0.04992755344959976,0.0,0.0,0.0,0.0,-2.4940650090687922e-08,23.769728672281406,0.008223854005336761,-0.005071107763797045,0.005826643668115139,0.005528016481548548,-0.01070565264672041,-0.008609829470515251,,,,False,,,,True,OFFBOARD
11.064,TAKEOFF,False,-13.000004811898865,-6.00000000080215,0.054020551094765994,-0.00035313550807660957,-1.4331308587700652e-08,0.001508438916157134,1.4314375618947474e-08,-8.747446874493554e-05,-1.1919499970423962e-11,10.000000003626253,7.924202100084607e-08,0.04992755344959976,0.0,0.0,0.0,0.0,-2.4940650090687922e-08,23.76973332779963,0.007833530195057392,-0.004475550260394812,0.005827691871672869,0.0050628106109797955,-0.010051273740828037,-0.009463842958211899,,,,False,,,,True,OFFBOARD
11.164,TAKEOFF,False,-13.000201243577717,-6.000012151455162,0.05490431770306784,-0.0035927132848854937,-0.0006566627203869595,0.01787214399764238,0.00021857423537056855,-0.003631164285129761,-5.907617310411507e-07,10.000000003626253,7.924202100084607e-08,0.04992755344959976,0.0,0.0,0.0,0.0,-2.4940650090687922e-08,23.76992646560773,0.007596669718623161,-0.004326768219470978,0.006280689500272274,0.0016009827377274632,-0.009244868531823158,0.0017284407513216138,,,,False,,,,True,OFFBOARD
11.264,TAKEOFF,False,-13.000778660185786,-6.000245296650137,0.05821214447776304,-0.00782212385826769,-0.0036349477088773096,0.0454964963660632,0.004647787243009498,-0.013300009749058983,5.342260471011919e-05,10.000000003626253,7.924202100084607e-08,0.04992755344959976,0.0,0.0,0.0,0.0,-2.4940650090687922e-08,23.770544034846708,0.0061651053838431835,-0.0031001854222267866,0.007540734019130468,-0.00208055111579597,-0.00922664999961853,0.024372346699237823,,,,False,,,,True,OFFBOARD
11.364,TAKEOFF,False,-13.001892529410132,-6.000724517883208,0.06421424808840985,-0.014525443009306305,-0.00577668877955379,0.0730134097354149,0.01619533867092706,-0.027396496754717573,0.0008370974064987844,10.000000003626253,7.924202100084607e-08,0.04992755344959976,0.0,0.0,0.0,0.0,-2.4940650090687922e-08,23.771742800894906,0.003773930249735713,-0.0014285928336903453,0.011206941679120064,-0.008757507428526878,-0.008733670227229595,0.05058516934514046,,,,False,,,,True,OFFBOARD
11.464,TAKEOFF,False,-13.004331342687964,-6.0018724785523005,0.07225289281178587,-0.04134170519111031,-0.022985538243722355,0.09254610848717976,0.033069705115599216,-0.044160012301039914,0.0016602248804850697,10.000000003626253,7.924202100084607e-08,0.04992755344959976,0.0,0.0,0.0,0.0,-2.4940650090687922e-08,23.77439241896666,0.0011453042970970273,-0.0006770101026631892,0.016944080591201782,-0.026481540873646736,-0.015179963782429695,0.06970272958278656,,,,False,,,,True,OFFBOARD
11.564,TAKEOFF,False,-13.011247338854824,-6.006321178914698,0.08342697744945321,-0.09082030073889809,-0.062455897774272774,0.12362649874217625,0.041248112196285665,-0.05070282190969425,0.001971650045425146,10.000000003626253,7.924202100084607e-08,0.04992755344959976,0.0,0.0,0.0,0.0,-2.4940650090687922e-08,23.782207620677855,-0.004972926806658506,-0.0025102149229496717,0.025218209251761436,-0.07575634866952896,-0.046992525458335876,0.09498961269855499,,,,False,,,,True,OFFBOARD
11.664,TAKEOFF,False,-13.02323169579729,-6.014941465840196,0.0985752643579346,-0.13552108711529354,-0.10010967377123392,0.1677357739310767,0.032428109828685,-0.03846529368189672,0.0025381280080282124,10.000000003626253,7.924202100084607e-08,0.04992755344959976,0.0,0.0,0.0,0.0,-2.4940650090687922e-08,23.795981166493156,-0.01576092094182968,-0.006823074072599411,0.036143746227025986,-0.12237119674682617,-0.08020614832639694,0.13108719885349274,,,,False,,,,True,OFFBOARD
11.764,TAKEOFF,False,-13.037629786543802,-6.025786100470341,0.1169627051295684,-0.16054782718373886,-0.12275185338776988,0.21376169014074556,0.020529438529429712,-0.02227891832623023,0.00290822437060598,10.000000003626253,7.924202100084607e-08,0.04992755344959976,0.0,0.0,0.0,0.0,-2.4940650090687922e-08,23.812653893099423,-0.03185649588704109,-0.014424790628254414,0.05266054347157478,-0.1564965397119522,-0.1050887480378151,0.17950204014778137,,,,False,,,,True,OFFBOARD
11.864,TAKEOFF,False,-13.054319328414659,-6.038748990276495,0.14086983617138413,-0.17063223222022955,-0.13435906137899203,0.2621404189005037,0.011350515646528694,-0.010004391580863477,0.002995872034927661,10.000000003626253,7.924202100084607e-08,0.04992755344959976,0.0,0.0,0.0,0.0,-2.4940650090687922e-08,23.832081952450693,-0.04866050183773041,-0.023805955424904823,0.07279039919376373,-0.17149311304092407,-0.11797274649143219,0.22665716707706451,,,,False,,,,True,OFFBOARD
11.964,TAKEOFF,False,-13.070774646144779,-6.051875590282369,0.16829083006737763,-0.1712077007819464,-0.13806658214432488,0.3071061527983061,0.006209312585388193,-0.004247249924895563,0.002902716927290547,10.000000003626253,7.924202100084607e-08,0.04992755344959976,0.0,0.0,0.0,0.0,-2.4940650090687922e-08,23.851327888817824,-0.06742695719003677,-0.03533836826682091,0.0994848683476448,-0.1737072914838791,-0.12178822606801987,0.2739211320877075,,,,False,,,,True,OFFBOARD
12.064,TAKEOFF,False,-13.087739691203033,-6.065694211762303,0.20137829727074255,-0.1678616682731193,-0.13782831941966509,0.3524227501554178,0.0033968853017677927,-0.0019523400662087994,0.0027701448877810275,10.000000003626253,7.924202100084607e-08,0.04992755344959976,0.0,0.0,0.0,0.0,-2.4940650090687922e-08,23.871245703735664,-0.08458393067121506,-0.04726129770278931,0.1287299245595932,-0.17127776145935059,-0.12158465385437012,0.31748080253601074,,,,False,,,,True,OFFBOARD
12.164,TAKEOFF,False,-13.104281896532113,-6.0793592355280195,0.23887991272578257,-0.1629710347716273,-0.13526248900188553,0.39545246405015555,0.0014861120724354662,-0.0005465393326506583,0.0026643455472834137,10.000000003626253,7.924202100084607e-08,0.04992755344959976,0.0,0.0,0.0,0.0,-2.4940650090687922e-08,23.89071894690628,-0.1026633009314537,-0.060567185282707214,0.1653226763010025,-0.1657411903142929,-0.11868896335363388,0.3617558777332306,,,,False,,,,True,OFFBOARD
12.264,TAKEOFF,False,-13.120894609096299,-6.093197843109649,0.28233129931247636,-0.15649769045901726,-0.13073973606573927,0.43811469432188455,-0.0003101754268314216,0.0011192779268295937,0.002518727443533966,10.000000003626253,7.924202100084607e-08,0.04992755344959976,0.0,0.0,0.0,0.0,-2.4940650090687922e-08,23.910307999136553,-0.11862900853157043,-0.07247622311115265,0.20347283780574799,-0.15903007984161377,-0.11438952386379242,0.40127041935920715,,,,False,,,,True,OFFBOARD
12.364,TAKEOFF,False,-13.136153868034846,-6.1059773751159145,0.32817456949889917,-0.14874162981957198,-0.1248564541478251,0.4767762860541681,-0.0018642056342482026,0.0028738212014840373,0.0024063439375156094,10.000000003626253,7.924202100084607e-08,0.04992755344959976,0.0,0.0,0.0,0.0,-2.4940650090687922e-08,23.928321642904805,-0.1350049078464508,-0.08479895442724228,0.2490876168012619,-0.15064264833927155,-0.10982830822467804,0.44113093614578247,,,,False,,,,True,OFFBOARD
12.464,TAKEOFF,False,-13.150562657321272,-6.1180976806446274,0.3777818059070582,-0.1396241887469091,-0.11763243569012391,0.5136139481296306,-0.0033109124648185587,0.004191336917816493,0.002295438679906895,10.000000003626253,7.924202100084607e-08,0.04992755344959976,0.0,0.0,0.0,0.0,-2.4940650090687922e-08,23.94534760069245,-0.14921338856220245,-0.09550531208515167,0.2949340045452118,-0.1408388763666153,-0.10514771938323975,0.47600090503692627,,,,False,,,,True,OFFBOARD
12.564,TAKEOFF,False,-13.164017557942833,-6.129439459558752,0.4309672244393722,-0.12977275208904845,-0.10940886649471415,0.5483170179026591,-0.00432668820646718,0.005081966273463615,0.0021949041970821866,10.000000003626253,7.924202100084607e-08,0.04992755344959976,0.0,0.0,0.0,0.0,-2.4940650090687922e-08,23.961254947362317,-0.16349726915359497,-0.10636816918849945,0.34849339723587036,-0.12895812094211578,-0.09861432015895844,0.5120402574539185,,,,False,,,,True,OFFBOARD
12.664,TAKEOFF,False,-13.176467092847766,-6.139924844376806,0.48752267655460985,-0.11962584581185016,-0.10058033422414096,0.5811838771742388,-0.005046059891499489,0.005444507865308659,0.002027248798406455,10.000000003626253,7.924202100084607e-08,0.04992755344959976,0.0,0.0,0.0,0.0,-2.4940650090687922e-08,23.975973497266356,-0.17548613250255585,-0.11577895283699036,0.4010196626186371,-0.11848977208137512,-0.09217571467161179,0.5429879426956177,,,,False,,,,True,OFFBOARD
12.764,TAKEOFF,False,-13.187907244075213,-6.149513162352385,0.5472930643179679,-0.10958942437510008,-0.09153412864543087,0.6127514365669161,-0.005437203601972846,0.005730317785504992,0.0018454345075586452,10.000000003626253,7.924202100084607e-08,0.04992755344959976,0.0,0.0,0.0,0.0,-2.4940650090687922e-08,23.989488440493083,-0.18730822205543518,-0.12521478533744812,0.4607310891151428,-0.10722918808460236,-0.08318427950143814,0.5751696228981018,,,,False,,,,True,OFFBOARD
12.864,TAKEOFF,False,-13.198346361224216,-6.158199448926153,0.6101370204909398,-0.09960805616667964,-0.08259795610875928,0.6426700533406005,-0.005500332389909919,0.005972560962928146,0.0016969581717505753,10.000000003626253,7.924202100084607e-08,0.04992755344959976,0.0,0.0,0.0,0.0,-2.4940650090687922e-08,24.001806088132234,-0.19618378579616547,-0.13345518708229065,0.5190231800079346,-0.09625351428985596,-0.07600459456443787,0.6040623188018799,,,,False,,,,True,OFFBOARD
12.964,TAKEOFF,False,-13.207439006525759,-6.165708940054332,0.6732228445827972,-0.09027237514125905,-0.07421597709041139,0.6702130104497223,-0.005660275935762847,0.005929912068196398,0.00156473314793059,10.000000003626253,7.924202100084607e-08,0.04992755344959976,0.0,0.0,0.0,0.0,-2.4940650090687922e-08,24.01252159021534,-0.20422664284706116,-0.14169380068778992,0.5854615569114685,-0.08445540070533752,-0.06758077442646027,0.6338295936584473,,,,False,,,,True,OFFBOARD
13.064,TAKEOFF,False,-13.216306439930667,-6.172951927919204,0.7444459878789226,-0.08075614362961125,-0.0655146222155651,0.69821856519633,-0.005412513739475923,0.005511468940392329,0.0014061172055634605,10.000000003626253,7.924202100084607e-08,0.04992755344959976,0.0,0.0,0.0,0.0,-2.4940650090687922e-08,24.022951970227524,-0.2107776254415512,-0.148417130112648,0.6497041583061218,-0.07289375364780426,-0.06015589088201523,0.6588804125785828,,,,False,,,,True,OFFBOARD
13.164,TAKEOFF,False,-13.223655847407008,-6.178860257396137,0.8127224699774217,-0.07283975689637122,-0.05794028599788168,0.7229907588712752,-0.005379810362256465,0.004907136974455535,0.0012836771399461035,10.000000003626253,7.924202100084607e-08,0.04992755344959976,0.0,0.0,0.0,0.0,-2.4940650090687922e-08,24.03157311011727,-0.21693331003189087,-0.15486496686935425,0.7214540839195251,-0.061878908425569534,-0.05367455258965492,0.6853210926055908,,,,False,,,,True,OFFBOARD
13.264,TAKEOFF,False,-13.230547043142753,-6.1842572140230105,0.8863107799081601,-0.06538755725898686,-0.05032823381632939,0.7476023624445641,-0.005517708528069212,0.004558990196637596,0.0011571949832848384,10.000000003626253,7.924202100084607e-08,0.04992755344959976,0.0,0.0,0.0,0.0,-2.4940650090687922e-08,24.039620512009957,-0.222975954413414,-0.16159124672412872,0.7906236052513123,-0.053606439381837845,-0.04837053269147873,0.7090042233467102,,,,False,,,,True,OFFBOARD
13.364,TAKEOFF,False,-13.236720594718117,-6.188896551369232,0.9622739438915673,-0.05840237710774358,-0.042776047927966965,0.7704578005422319,-0.005723634382019583,0.004593776814178153,0.0010146719415845605,10.000000003626253,7.924202100084607e-08,0.04992755344959976,0.0,0.0,0.0,0.0,-2.4940650090687922e-08,24.04677994389088,-0.2292557954788208,-0.16874288022518158,0.868549644947052,-0.04481107369065285,-0.04311901330947876,0.7342208623886108,,,,False,,,,True,OFFBOARD
13.464,TAKEOFF,False,-13.242203284153065,-6.192784600511965,1.0404381103542049,-0.051552543311780184,-0.03529161794478804,0.7917633949549286,-0.00595588849427951,0.004683286484456409,0.0008880021390122424,10.000000003626253,7.924202100084607e-08,0.04992755344959976,0.0,0.0,0.0,0.0,-2.4940650090687922e-08,24.053078716876463,-0.2339789718389511,-0.17434687912464142,0.9422975182533264,-0.036941614001989365,-0.03775985166430473,0.7549002170562744,,,,False,,,,True,OFFBOARD
13.564,TAKEOFF,False,-13.247194978978929,-6.196038358287488,1.1239112359784613,-0.044808816656825845,-0.02762241109459797,0.8125372360649247,-0.005978642124957749,0.004360118889177299,0.0008025664039939476,10.000000003626253,7.924202100084607e-08,0.04992755344959976,0.0,0.0,0.0,0.0,-2.4940650090687922e-08,24.05873992707446,-0.23800304532051086,-0.179353728890419,1.024514079093933,-0.028824858367443085,-0.03104574792087078,0.7755662798881531,,,,False,,,,True,OFFBOARD
13.664,TAKEOFF,False,-13.251209149341905,-6.198352014227376,1.2028385056796003,-0.03914451810759389,-0.02094235620611897,0.8307784760435615,-0.0057147696013716545,0.004037637968840544,0.0007203175305158699,10.000000003626253,7.924202100084607e-08,0.04992755344959976,0.0,0.0,0.0,0.0,-2.4940650090687922e-08,24.063214576396202,-0.24218007922172546,-0.18352577090263367,1.1041568517684937,-0.022743776440620422,-0.02556322142481804,0.7951964139938354,,,,False,,,,True,OFFBOARD
13.764,TAKEOFF,False,-13.254971678047188,-6.200166723275401,1.2901906806778893,-0.03345869621471112,-0.014307720453605644,0.848024109105659,-0.0054168149096484606,0.0041121612892909346,0.000612849864976033,10.000000003626253,7.924202100084607e-08,0.04992755344959976,0.0,0.0,0.0,0.0,-2.4940650090687922e-08,24.067317596576327,-0.24661444127559662,-0.18742552399635315,1.1930885314941406,-0.018704500049352646,-0.020389406010508537,0.8145769238471985,,,,False,,,,True,OFFBOARD
13.864,TAKEOFF,False,-13.258028531388906,-6.201287511164867,1.3757959880893682,-0.027865254957319972,-0.008408204761104208,0.8633428419310794,-0.00522735961468837,0.0045150019571627426,0.0004779563220454749,10.000000003626253,7.924202100084607e-08,0.04992755344959976,0.0,0.0,0.0,0.0,-2.4940650090687922e-08,24.070560008327885,-0.24966801702976227,-0.19017571210861206,1.2757881879806519,-0.013057918287813663,-0.014920884743332863,0.8295984864234924,,,,False,,,,True,OFFBOARD
13.964,TAKEOFF,False,-13.260521381651525,-6.201841971703906,1.462910345531188,-0.0222466428081298,-0.0029786654349364277,0.8784854671056779,-0.004945606396858002,0.004538892270841286,0.00035683662824044905,10.000000003626253,7.924202100084607e-08,0.04992755344959976,0.0,0.0,0.0,0.0,-2.4940650090687922e-08,24.073111555007713,-0.2519044280052185,-0.1923600733280182,1.3662627935409546,-0.007181090768426657,-0.010657237842679024,0.843932032585144,,,,False,,,,True,OFFBOARD
14.064,TAKEOFF,False,-13.262467645332746,-6.201873922736075,1.55155535214974,-0.016973903423722347,0.0020904803667309907,0.8937995288745014,-0.004826936141521944,0.004233804515181484,0.0002997670576160637,10.000000003626253,7.924202100084607e-08,0.04992755344959976,0.0,0.0,0.0,0.0,-2.4940650090687922e-08,24.07500035836502,-0.25317519903182983,-0.19297385215759277,1.4506829977035522,-0.00043378197005949914,-0.005278239492326975,0.8591493964195251,,,,False,,,,True,OFFBOARD
14.164,TAKEOFF,False,-13.263867654729733,-6.201446265195527,1.63807668419923,-0.012479561014751834,0.006536863179568962,0.9080230653384106,-0.0044311864568072415,0.003798636710253852,0.00023323322812742852,10.000000003626253,7.924202100084607e-08,0.04992755344959976,0.0,0.0,0.0,0.0,-2.4940650090687922e-08,24.07624296248149,-0.253689706325531,-0.19260787963867188,1.5430035591125488,0.005445521324872971,-5.920575131312944e-05,0.8748320937156677,,,,False,,,,True,OFFBOARD
14.264,TAKEOFF,False,-13.264896749157739,-6.200579031875843,1.729658382482053,-0.008340369064419434,0.010524086243937705,0.923149268534869,-0.003893447778682886,0.0035214054262856687,0.00016813600837017114,10.000000003626253,7.924202100084607e-08,0.04992755344959976,0.0,0.0,0.0,0.0,-2.4940650090687922e-08,24.07701398078529,-0.2533857822418213,-0.19201447069644928,1.6280585527420044,0.010492818430066109,0.003303161822259426,0.8887244462966919,,,,False,,,,True,OFFBOARD
14.364,TAKEOFF,False,-13.265549181099948,-6.199290447425385,1.8265263304905706,-0.004418457198290062,0.014036914160795682,0.939140712672684,-0.0035691842177693694,0.0033394529191009457,5.0089234243372374e-05,10.000000003626253,7.924202100084607e-08,0.04992755344959976,0.0,0.0,0.0,0.0,-2.4940650090687922e-08,24.077312597151334,-0.2523549497127533,-0.1910991370677948,1.721042275428772,0.015145759098231792,0.007190200965851545,0.9041615724563599,,,,False,,,,True,OFFBOARD
14.464,TAKEOFF,False,-13.265803861348159,-6.197795559228078,1.9174312760669316,-0.0010636058697485447,0.016951251118884098,0.9540826072209956,-0.003473482066577008,0.003237820779995521,-8.248497341642871e-05,10.000000003626253,7.924202100084607e-08,0.04992755344959976,0.0,0.0,0.0,0.0,-2.4940650090687922e-08,24.077173842868213,-0.25287240743637085,-0.1897946298122406,1.8086894750595093,0.019184982404112816,0.009905128739774227,0.9184610843658447,,,,False,,,,True,OFFBOARD
14.564,TAKEOFF,False,-13.265727214596758,-6.195866973410293,2.0175061389617954,0.002404520143629419,0.020034473570548935,0.969511764602763,-0.0036627298149345656,0.0033599376398690123,-0.00019618479956220235,10.000000003626253,7.924202100084607e-08,0.04992755344959976,0.0,0.0,0.0,0.0,-2.4940650090687922e-08,24.076603405108983,-0.2537674009799957,-0.18807485699653625,1.906044602394104,0.022779032588005066,0.013257135637104511,0.9349304437637329,,,,False,,,,True,OFFBOARD
14.664,TAKEOFF,False,-13.26533411822438,-6.193799251784764,2.111216978688807,0.005636566768400375,0.022898209044462152,0.9820850727467533,-0.0036395891625423888,0.0034217345184895474,-0.00025423861457734046,10.000000003626253,7.924202100084607e-08,0.04992755344959976,0.0,0.0,0.0,0.0,-2.4940650090687922e-08,24.075691515600862,-0.25348517298698425,-0.18632295727729797,1.9976919889450073,0.025251803919672966,0.015149381943047047,0.9477600455284119,,,,False,,,,True,OFFBOARD
14.764,TAKEOFF,False,-13.2645975921987,-6.191358708041644,2.210087080150426,0.008973870836886801,0.025806777212423554,0.9946067120071557,-0.0037739692970239626,0.0036017389058737802,-0.0003115841712263945,10.000000003626253,7.924202100084607e-08,0.04992755344959976,0.0,0.0,0.0,0.0,-2.4940650090687922e-08,24.07435201471763,-0.25230178236961365,-0.18434496223926544,2.0984997749328613,0.028316490352153778,0.018003128468990326,0.9614192247390747,,,,False,,,,True,OFFBOARD
14.864,TAKEOFF,False,-13.263477101483604,-6.1885132704059,2.3141577715821295,0.012407718552896805,0.028783523199941874,1.0061657592693918,-0.0037876748227769178,0.00354391370882358,-0.00038721873668248166,10.000000003626253,7.924202100084607e-08,0.04992755344959976,0.0,0.0,0.0,0.0,-2.4940650090687922e-08,24.07253755836183,-0.25226864218711853,-0.18228039145469666,2.193331003189087,0.02942628227174282,0.02009679190814495,0.972270667552948,,,,False,,,,True,OFFBOARD
14.964,TAKEOFF,False,-13.262131437741933,-6.185615305820931,2.4112498894235244,0.01555178217152282,0.03148090390543722,1.0161217196501007,-0.0038797940270967534,0.003987837953354936,-0.0004727353500214222,10.000000003626253,7.924202100084607e-08,0.04992755344959976,0.0,0.0,0.0,0.0,-2.4940650090687922e-08,24.070492244393712,-0.25270363688468933,-0.1798701137304306,2.2972352504730225,0.028966309502720833,0.021858513355255127,0.9827106595039368,,,,False,,,,True,OFFBOARD
15.064,TAKEOFF,False,-13.260381388208573,-6.18232228833216,2.513390637008903,0.019415257494915947,0.034250743483059294,1.0262686175509455,-0.003869721426909669,0.0048232759701685776,-0.0005395335541688262,10.000000003626253,7.924202100084607e-08,0.04992755344959976,0.0,0.0,0.0,0.0,-2.4940650090687922e-08,24.067954885079537,-0.25226572155952454,-0.17746372520923615,2.3939831256866455,0.030348768457770348,0.024738021194934845,0.9914708733558655,,,,False,,,,True,OFFBOARD
15.164,TAKEOFF,False,-13.258114011632506,-6.178613143450116,2.6206651461161683,0.02408805616730624,0.03692957459126373,1.0361916563837583,-0.003724417324085672,0.005434746021460863,-0.0005717837241994054,10.000000003626253,7.924202100084607e-08,0.04992755344959976,0.0,0.0,0.0,0.0,-2.4940650090687922e-08,24.064811009073022,-0.2509332597255707,-0.1746276468038559,2.4998538494110107,0.03276968374848366,0.027697645127773285,1.001281499862671,,,,False,,,,True,OFFBOARD
15.264,TAKEOFF,False,-13.255578023506876,-6.174954210363154,2.7205772243132085,0.028508732145500114,0.039166269114521035,1.0448746170726797,-0.0035755182921999393,0.00531847709575992,-0.0006243473895412128,10.000000003626253,7.924202100084607e-08,0.04992755344959976,0.0,0.0,0.0,0.0,-2.4940650090687922e-08,24.06142077797549,-0.2501409649848938,-0.17224588990211487,2.5982093811035156,0.03496323525905609,0.028358476236462593,1.0095207691192627,,,,False,,,,True,OFFBOARD
15.364,TAKEOFF,False,-13.252370486100496,-6.170755339226686,2.8297316703309083,0.0329860655543524,0.04154738887997658,1.0538582660370996,-0.003955049594512908,0.005408628917898854,-0.0007080376526803909,10.000000003626253,7.924202100084607e-08,0.04992755344959976,0.0,0.0,0.0,0.0,-2.4940650090687922e-08,24.057243313107932,-0.24938704073429108,-0.16987909376621246,2.7056539058685303,0.03572511300444603,0.028527436777949333,1.0180628299713135,,,,False,,,,True,OFFBOARD
15.464,TAKEOFF,False,-13.248991100932109,-6.166639393469889,2.9313134040468674,0.03729317611570733,0.04416307125609138,1.061993988130529,-0.004482146896210243,0.005867183100840078,-0.0007599193502803642,10.000000003626253,7.924202100084607e-08,0.04992755344959976,0.0,0.0,0.0,0.0,-2.4940650090687922e-08,24.05292143932297,-0.24786606431007385,-0.1675579845905304,2.8061366081237793,0.0381903201341629,0.029812665656208992,1.0260039567947388,,,,False,,,,True,OFFBOARD
15.564,TAKEOFF,False,-13.24501869967584,-6.1620652012002815,3.037921999551755,0.04198404314530538,0.04720674187159365,1.0697417861954424,-0.004600440908426301,0.006155262974539553,-0.0007959099091232087,10.000000003626253,7.924202100084607e-08,0.04992755344959976,0.0,0.0,0.0,0.0,-2.4940650090687922e-08,24.047909327783497,-0.2454870343208313,-0.164697527885437,2.9161593914031982,0.03822224587202072,0.03310433402657509,1.0325431823730469,,,,False,,,,True,OFFBOARD
15.664,TAKEOFF,False,-13.240381124848927,-6.156998684163953,3.149599701553792,0.04704536193292405,0.05002374117184765,1.0774484776117748,-0.004210228409185651,0.006502460254991303,-0.0008387413849191967,10.000000003626253,7.924202100084607e-08,0.04992755344959976,0.0,0.0,0.0,0.0,-2.4940650090687922e-08,24.04212862392529,-0.24266363680362701,-0.16158902645111084,3.018780469894409,0.04053635522723198,0.03454161807894707,1.0399349927902222,,,,False,,,,True,OFFBOARD
15.764,TAKEOFF,False,-13.235427108662575,-6.151875244318349,3.257657682570097,0.051745211975447326,0.052286289974918715,1.0831861508698422,-0.0038884827951266776,0.006066139694451389,-0.0008411452020866706,10.000000003626253,7.924202100084607e-08,0.04992755344959976,0.0,0.0,0.0,0.0,-2.4940650090687922e-08,24.0360280222652,-0.23880541324615479,-0.15793707966804504,3.13059401512146,0.04509880021214485,0.036565084010362625,1.0480515956878662,,,,False,,,,True,OFFBOARD
15.864,TAKEOFF,False,-13.230270938040132,-6.146766614840722,3.3618770824255293,0.05533199363565208,0.05396733192225798,1.0878975789732226,-0.0032789131340469767,0.005025474212478187,-0.0008744526703630894,10.000000003626253,7.924202100084607e-08,0.04992755344959976,0.0,0.0,0.0,0.0,-2.4940650090687922e-08,24.029736345093646,-0.2345767617225647,-0.15437902510166168,3.234156370162964,0.048168450593948364,0.03835238143801689,1.052543044090271,,,,False,,,,True,OFFBOARD
15.964,TAKEOFF,False,-13.22459610790997,-6.141312917281801,3.470953099048987,0.05789690014871209,0.05496281539512743,1.0936110084900252,-0.002697141302579221,0.004191362617122331,-0.0009001270371687487,10.000000003626253,7.924202100084607e-08,0.04992755344959976,0.0,0.0,0.0,0.0,-2.4940650090687922e-08,24.022855572667787,-0.22959527373313904,-0.15045052766799927,3.346841812133789,0.04975117743015289,0.03860943019390106,1.0567405223846436,,,,False,,,,True,OFFBOARD
16.064,TAKEOFF,False,-13.218702164402842,-6.135785922503795,3.5806106571880947,0.059842138929531205,0.05549458660234251,1.0992167167946185,-0.0023569541488734965,0.003890381513443728,-0.0009675464875602347,10.000000003626253,7.924202100084607e-08,0.04992755344959976,0.0,0.0,0.0,0.0,-2.4940650090687922e-08,24.01574484014308,-0.22504973411560059,-0.14617349207401276,3.4611263275146484,0.050262484699487686,0.038976311683654785,1.0630683898925781,,,,False,,,,True,OFFBOARD
16.164,TAKEOFF,False,-13.212630160506183,-6.130220322612323,3.6907820880550726,0.06151381884406528,0.05579643438929216,1.1039325884749358,-0.002286946310081449,0.0038575045949727875,-0.0010572810232606057,10.000000003626253,7.924202100084607e-08,0.04992755344959976,0.0,0.0,0.0,0.0,-2.4940650090687922e-08,24.00845270549733,-0.221051424741745,-0.14210383594036102,3.5667076110839844,0.049762431532144547,0.03940312936902046,1.0672686100006104,,,,False,,,,True,OFFBOARD
16.264,TAKEOFF,False,-13.206389534857653,-6.124630557220873,3.801418631015336,0.06325044853493604,0.05595090172685113,1.1086076174167094,-0.0020541584053056644,0.004035511827181348,-0.001171125215665511,10.000000003626253,7.924202100084607e-08,0.04992755344959976,0.0,0.0,0.0,0.0,-2.4940650090687922e-08,24.000991976269546,-0.21682263910770416,-0.13805526494979858,3.67173433303833,0.05028768628835678,0.04048832878470421,1.0713845491409302,,,,False,,,,True,OFFBOARD
16.364,TAKEOFF,False,-13.199970462575527,-6.119038985956127,3.912557449740177,0.06507345543737474,0.05584482123457233,1.1142160986919598,-0.0018280609084839537,0.00418501431999822,-0.001225662402649905,10.000000003626253,7.924202100084607e-08,0.04992755344959976,0.0,0.0,0.0,0.0,-2.4940650090687922e-08,23.993358846023536,-0.21206626296043396,-0.1336263120174408,3.7857279777526855,0.04934031143784523,0.04152503237128258,1.0748100280761719,,,,False,,,,True,OFFBOARD
16.464,TAKEOFF,False,-13.19309742224659,-6.1132483057064855,4.028788453856956,0.06702321002066756,0.05546496026638192,1.1208288068135652,-0.001503245182750996,0.0042195348549893645,-0.001252136546586155,10.000000003626253,7.924202100084607e-08,0.04992755344959976,0.0,0.0,0.0,0.0,-2.4940650090687922e-08,23.98523658465984,-0.20666922628879547,-0.13001807034015656,3.891592264175415,0.050472963601350784,0.03995823487639427,1.0794031620025635,,,,False,,,,True,OFFBOARD
16.564,TAKEOFF,False,-13.186581169062894,-6.10794869388867,4.136685316232163,0.06858138798494258,0.05499583833073278,1.126664324931185,-0.0016890683772071739,0.003761611674139807,-0.001278573336690943,10.000000003626253,7.924202100084607e-08,0.04992755344959976,0.0,0.0,0.0,0.0,-2.4940650090687922e-08,23.977585047141243,-0.20016373693943024,-0.1266230344772339,4.006989002227783,0.051681213080883026,0.037820473313331604,1.084407925605774,,,,False,,,,True,OFFBOARD
16.664,TAKEOFF,False,-13.179389263755935,-6.1022400056174355,4.254164844923665,0.06954530618033966,0.05484620444676454,1.1322583596540028,-0.0019832749064653135,0.0030309571130151124,-0.0013117217279332556,10.000000003626253,7.924202100084607e-08,0.04992755344959976,0.0,0.0,0.0,0.0,-2.4940650090687922e-08,23.96917647442436,-0.19422635436058044,-0.12352470308542252,4.113918304443359,0.052204933017492294,0.037443019449710846,1.0892361402511597,,,,False,,,,True,OFFBOARD
16.764,TAKEOFF,False,-13.172975464266251,-6.097193371732052,4.358547947753895,0.0698044893112514,0.05486568515249448,1.136667652927139,-0.0019938798055050967,0.0026137885982543837,-0.0013454904883493522,10.000000003626253,7.924202100084607e-08,0.04992755344959976,0.0,0.0,0.0,0.0,-2.4940650090687922e-08,23.961689423205307,-0.1879054605960846,-0.12011367082595825,4.230906963348389,0.05239669978618622,0.037207022309303284,1.0927748680114746,,,,False,,,,True,OFFBOARD
16.864,TAKEOFF,False,-13.165436051199986,-6.0912711449531844,4.481583419129076,0.06978816675982182,0.05478216533728773,1.1415930739083398,-0.001839504852025607,0.0024647069672657064,-0.0013372358851511273,10.000000003626253,7.924202100084607e-08,0.04992755344959976,0.0,0.0,0.0,0.0,-2.4940650090687922e-08,23.952891531857944,-0.18241877853870392,-0.11617887765169144,4.338747501373291,0.05221651494503021,0.03650163859128952,1.0966755151748657,,,,False,,,,True,OFFBOARD
16.964,TAKEOFF,False,-13.158738263593143,-6.086022951177866,4.591391396270519,0.06977867138801847,0.05452744270464358,1.1459223114670942,-0.0015950965581410018,0.0026483223780000443,-0.0012989003116205496,10.000000003626253,7.924202100084607e-08,0.04992755344959976,0.0,0.0,0.0,0.0,-2.4940650090687922e-08,23.945079545835164,-0.17683938145637512,-0.11152174323797226,4.455214500427246,0.05052546039223671,0.03764180466532707,1.1001789569854736,,,,False,,,,True,OFFBOARD
17.064,TAKEOFF,False,-13.151468399543603,-6.0803807183186205,4.710842203897258,0.07006333595656433,0.053936160250216095,1.1510065208295595,-0.001235508971292986,0.0029269364577448518,-0.0012887292032415889,10.000000003626253,7.924202100084607e-08,0.04992755344959976,0.0,0.0,0.0,0.0,-2.4940650090687922e-08,23.936614628353702,-0.17178694903850555,-0.10739759355783463,4.562587738037109,0.04947476461529732,0.037164513021707535,1.1042619943618774,,,,False,,,,True,OFFBOARD
17.164,TAKEOFF,False,-13.144438433552246,-6.075028249207972,4.826189402995728,0.07054061414602741,0.05312586540440431,1.1556679009444861,-0.0010668533723724527,0.003050013732566886,-0.0012800294450373334,10.000000003626253,7.924202100084607e-08,0.04992755344959976,0.0,0.0,0.0,0.0,-2.4940650090687922e-08,23.928455858325158,-0.16641460359096527,-0.10305970162153244,4.680086612701416,0.04913651570677757,0.03797510638833046,1.108124852180481,,,,False,,,,True,OFFBOARD
17.264,TAKEOFF,False,-13.137643781255193,-6.069974508974903,4.93735169707588,0.07098905230438433,0.052157640138811474,1.159925674548003,-0.0007613536138154988,0.003017785940418206,-0.0012964042284102405,10.000000003626253,7.924202100084607e-08,0.04992755344959976,0.0,0.0,0.0,0.0,-2.4940650090687922e-08,23.920600983622098,-0.15898102521896362,-0.09774112701416016,4.7893266677856445,0.04995257407426834,0.03817889839410782,1.1118143796920776,,,,False,,,,True,OFFBOARD
17.364,TAKEOFF,False,-13.130527886539664,-6.064826404571525,5.053544508073644,0.07121800110850192,0.05079392070014017,1.1637039863344254,-0.00038339652248695717,0.0024366978409720626,-0.00132534169342772,10.000000003626253,7.924202100084607e-08,0.04992755344959976,0.0,0.0,0.0,0.0,-2.4940650090687922e-08,23.91241185569765,-0.14965377748012543,-0.09152325987815857,4.907874584197998,0.05263316631317139,0.03764622285962105,1.1155612468719482,,,,False,,,,True,OFFBOARD
17.464,TAKEOFF,False,-13.123148603393513,-6.059625952906858,5.174749696685315,0.0705266596598422,0.049321490369056344,1.1669230516136242,-0.0005989705996357898,0.0013540953527584982,-0.0013708662030624517,10.000000003626253,7.924202100084607e-08,0.04992755344959976,0.0,0.0,0.0,0.0,-2.4940650090687922e-08,23.903955094331494,-0.14166897535324097,-0.08638187497854233,5.017819404602051,0.053011469542980194,0.037372421473264694,1.1193325519561768,,,,False,,,,True,OFFBOARD
17.564,TAKEOFF,False,-13.116173030398032,-6.0547529773069355,5.29155325706203,0.06895912509291179,0.04821377846883753,1.168915311556297,-0.0007538477907904222,0.0008107908761354107,-0.0014569284135545109,10.000000003626253,7.924202100084607e-08,0.04992755344959976,0.0,0.0,0.0,0.0,-2.4940650090687922e-08,23.895972261340205,-0.13377389311790466,-0.08128785341978073,5.1375555992126465,0.052382972091436386,0.03725350648164749,1.1227024793624878,,,,False,,,,True,OFFBOARD
17.664,TAKEOFF,False,-13.109365534056407,-6.049983537690891,5.408523607969892,0.0672948742013054,0.04722639239279412,1.1700511236679845,-0.0007912778230729741,0.0009514322588850067,-0.0015442591444919038,10.000000003626253,7.924202100084607e-08,0.04992755344959976,0.0,0.0,0.0,0.0,-2.4940650090687922e-08,23.88817861033761,-0.12525300681591034,-0.07555628567934036,5.252027988433838,0.0526127815246582,0.03668849542737007,1.1255277395248413,,,,False,,,,True,OFFBOARD
17.764,TAKEOFF,False,-13.102711968096235,-6.045312642044099,5.525424991057452,0.06585718460550109,0.04618865930148647,1.1675773167878387,-0.0005032233551924833,0.001020493682939634,-0.0015977827560593725,10.000000003626253,7.924202100084607e-08,0.04992755344959976,0.0,0.0,0.0,0.0,-2.4940650090687922e-08,23.880559171562826,-0.11561330407857895,-0.06897928565740585,5.376852989196777,0.05391422659158707,0.037979256361722946,1.126197338104248,,,,False,,,,True,OFFBOARD
17.864,TAKEOFF,False,-13.09620278640852,-6.040761224630543,5.642027770478473,0.0643332555486858,0.044843589316239475,1.1649530132467993,-0.0001409589991615875,0.0006748999764879788,-0.0016010727747586084,10.000000003626253,7.924202100084607e-08,0.04992755344959976,0.0,0.0,0.0,0.0,-2.4940650090687922e-08,23.873109986945025,-0.1075051873922348,-0.06351365894079208,5.489811897277832,0.054663144052028656,0.03824755549430847,1.1232738494873047,,,,False,,,,True,OFFBOARD
17.964,TAKEOFF,False,-13.089862385725166,-6.036363465757714,5.758493171938231,0.06250567088906238,0.04310069203868821,1.164633723757101,0.0003951861538537991,0.000345247569866707,-0.001619276970030864,10.000000003626253,7.924202100084607e-08,0.04992755344959976,0.0,0.0,0.0,0.0,-2.4940650090687922e-08,23.865863278050238,-0.09949124604463577,-0.05806931480765343,5.611024379730225,0.05441974103450775,0.03875141963362694,1.1220916509628296,,,,False,,,,True,OFFBOARD
18.064,TAKEOFF,False,-13.083719008182614,-6.032164421426686,5.875014245228856,0.06041124450869696,0.040931394339007644,1.1656884681053254,0.0006633437837200819,7.128413662068066e-05,-0.0016184792618260538,10.000000003626253,7.924202100084607e-08,0.04992755344959976,0.0,0.0,0.0,0.0,-2.4940650090687922e-08,23.85885772578549,-0.09456373006105423,-0.05427174270153046,5.725729942321777,0.05348456650972366,0.03736743703484535,1.1224455833435059,,,,False,,,,True,OFFBOARD
18.164,TAKEOFF,False,-13.078021312129797,-6.028337173460493,5.9868759214196805,0.05843610189438977,0.03893675437162675,1.1643909190170998,0.00040779471301576026,0.00038646769120212037,-0.0016008351544308747,10.000000003626253,7.924202100084607e-08,0.04992755344959976,0.0,0.0,0.0,0.0,-2.4940650090687922e-08,23.852377614879646,-0.09076787531375885,-0.05101581662893295,5.8506245613098145,0.05037878453731537,0.0366237536072731,1.1234064102172852,,,,False,,,,True,OFFBOARD
18.264,TAKEOFF,False,-13.072257655986895,-6.024531309677537,6.10320739885874,0.05702276138530744,0.03733412516512956,1.1623992987106906,-4.661436078634196e-05,0.0010749131874591335,-0.0016100802720974397,10.000000003626253,7.924202100084607e-08,0.04992755344959976,0.0,0.0,0.0,0.0,-2.4940650090687922e-08,23.845839300969356,-0.0871930941939354,-0.04804709553718567,5.964090824127197,0.04877687618136406,0.03513514623045921,1.1231024265289307,,,,False,,,,True,OFFBOARD
18.364,TAKEOFF,False,-13.066375865419458,-6.020717470074557,6.224057528118915,0.05618118149431941,0.036121805739531235,1.1621031645870263,-0.000351687950017387,0.0014091173337694117,-0.001666511170663375,10.000000003626253,7.924202100084607e-08,0.04992755344959976,0.0,0.0,0.0,0.0,-2.4940650090687922e-08,23.83918487576165,-0.08326777070760727,-0.044958386570215225,6.085475921630859,0.0461331270635128,0.03379526361823082,1.1213946342468262,,,,False,,,,True,OFFBOARD
18.464,TAKEOFF,False,-13.060786975290956,-6.017154361067128,6.340327190576168,0.055652309221571085,0.035192071150851253,1.1633220436693623,-0.0003894977874348884,0.001578750096606459,-0.0016848236608158532,10.000000003626253,7.924202100084607e-08,0.04992755344959976,0.0,0.0,0.0,0.0,-2.4940650090687922e-08,23.83287736815531,-0.07757507264614105,-0.040991589426994324,6.19807767868042,0.046305496245622635,0.033922839909791946,1.122649073600769,,,,False,,,,True,OFFBOARD
18.564,TAKEOFF,False,-13.05546820000872,-6.013823492533234,6.452056142425886,0.05512920749992468,0.034177992496554226,1.164379238519158,5.553051527963497e-05,0.001270645477603632,-0.0016907883496624563,10.000000003626253,7.924202100084607e-08,0.04992755344959976,0.0,0.0,0.0,0.0,-2.4940650090687922e-08,23.82689002033759,-0.0702553316950798,-0.036082908511161804,6.319712162017822,0.0482247918844223,0.03560861572623253,1.1244537830352783,,,,False,,,,True,OFFBOARD
18.664,TAKEOFF,False,-13.050004393526356,-6.010486134810779,6.568559973419517,0.054083923694836444,0.03252783862381144,1.16582340403222,0.0007233524915631096,0.000646415027215123,-0.0016727167484778369,10.000000003626253,7.924202100084607e-08,0.04992755344959976,0.0,0.0,0.0,0.0,-2.4940650090687922e-08,23.82076084507112,-0.06392638385295868,-0.031817518174648285,6.431209564208984,0.04846605286002159,0.036317382007837296,1.125124216079712,,,,False,,,,True,OFFBOARD
18.764,TAKEOFF,False,-13.04467380313617,-6.007341071798379,6.685251584099715,0.05252981352727808,0.03040895735667899,1.1679919862264583,0.001073589962280399,0.00023460181628578771,-0.0016417239074352392,10.000000003626253,7.924202100084607e-08,0.04992755344959976,0.0,0.0,0.0,0.0,-2.4940650090687922e-08,23.81480922797967,-0.05755005404353142,-0.02745017036795616,6.552101135253906,0.04832072928547859,0.03638020530343056,1.12728750705719,,,,False,,,,True,OFFBOARD
18.864,TAKEOFF,False,-13.039511605367764,-6.004417447314394,6.802178625528578,0.05080736823013489,0.028146775398920573,1.170159118114976,0.0012050809996345887,0.000335524440202174,-0.0016566365441134426,10.000000003626253,7.924202100084607e-08,0.04992755344959976,0.0,0.0,0.0,0.0,-2.4940650090687922e-08,23.80907652585854,-0.050685834139585495,-0.02476455457508564,6.666956901550293,0.04590309411287308,0.03505721315741539,1.1301476955413818,,,,False,,,,True,OFFBOARD
18.964,TAKEOFF,False,-13.034305374211693,-6.001614139678757,6.923842274143931,0.04944087477748417,0.0259279978805105,1.1690784685092903,0.0008343741089196164,0.0006793797247286272,-0.0017446292178640277,10.000000003626253,7.924202100084607e-08,0.04992755344959976,0.0,0.0,0.0,0.0,-2.4940650090687922e-08,23.80333164647853,-0.043061573058366776,-0.022758718580007553,6.791968822479248,0.04579218849539757,0.03219597414135933,1.1312798261642456,,,,False,,,,True,OFFBOARD
19.064,TAKEOFF,False,-13.029613842388326,-5.999202462003156,7.035998997502583,0.04832744906794881,0.024487482513579146,1.1677066384978443,0.00020309529831030225,0.0005343511135441174,-0.0018074990908265682,10.000000003626253,7.924202100084607e-08,0.04992755344959976,0.0,0.0,0.0,0.0,-2.4940650090687922e-08,23.79818364975422,-0.036663345992565155,-0.02087387442588806,6.905298233032227,0.04639458283782005,0.0302209984511137,1.1305052042007446,,,,False,,,,True,OFFBOARD
19.164,TAKEOFF,False,-13.024850617185328,-5.996804388755753,7.152759611730987,0.046950574625734126,0.023556262380920748,1.1678263745906976,-3.367782743431182e-05,0.00024494281253034764,-0.0018733450623413235,10.000000003626253,7.924202100084607e-08,0.04992755344959976,0.0,0.0,0.0,0.0,-2.4940650090687922e-08,23.792969758693122,-0.03029469959437847,-0.01870383694767952,7.026745319366455,0.04569747671484947,0.02924109622836113,1.1301970481872559,,,,False,,,,True,OFFBOARD
19.264,TAKEOFF,False,-13.020052478877579,-5.99440067047923,7.274301562531559,0.045389302612413765,0.02270021303738222,1.1695816761914295,4.605182968469212e-06,0.000190622399406887,-0.001995774480555222,10.000000003626253,7.924202100084607e-08,0.04992755344959976,0.0,0.0,0.0,0.0,-2.4940650090687922e-08,23.787720711440375,-0.0238090418279171,-0.017313148826360703,7.138679504394531,0.0471649169921875,0.02898111753165722,1.1319414377212524,,,,False,,,,True,OFFBOARD
19.364,TAKEOFF,False,-13.015596492574137,-5.9921755768994345,7.3913637309931435,0.0437288783693931,0.021826274934265637,1.1716286380496623,0.00010732455165654272,-0.0002603466380187608,-0.0021251905866060115,10.000000003626253,7.924202100084607e-08,0.04992755344959976,0.0,0.0,0.0,0.0,-2.4940650090687922e-08,23.782847835571875,-0.016572600230574608,-0.01597052812576294,7.25942850112915,0.047582682222127914,0.02850283682346344,1.1346323490142822,,,,False,,,,True,OFFBOARD
19.464,TAKEOFF,False,-13.011495286568485,-5.990125061773442,7.503946436095368,0.04175199345856209,0.020946138456205764,1.1737636609783266,3.294017253330759e-05,-0.000592138100590902,-0.002186757885380244,10.000000003626253,7.924202100084607e-08,0.04992755344959976,0.0,0.0,0.0,0.0,-2.4940650090687922e-08,23.77836232156622,-0.010505742393434048,-0.014494636096060276,7.37095832824707,0.047083668410778046,0.02749462053179741,1.1370234489440918,,,,False,,,,True,OFFBOARD
19.564,TAKEOFF,False,-13.007273409303988,-5.987989413680547,7.626142381739251,0.03954298575266293,0.020162360327296226,1.1761859846296616,1.4532347703069855e-05,-0.0005799377262934023,-0.0022384683412475324,10.000000003626253,7.924202100084607e-08,0.04992755344959976,0.0,0.0,0.0,0.0,-2.4940650090687922e-08,23.773738621947487,-0.004484033677726984,-0.01261343527585268,7.491698741912842,0.04583700746297836,0.026875760406255722,1.1387884616851807,,,,False,,,,True,OFFBOARD
19.664,TAKEOFF,False,-13.00357333444749,-5.986091219595627,7.739208965053076,0.037667018188135865,0.019418980769499612,1.1791477193223223,2.2531116734021736e-05,-0.00038911250879482555,-0.002255570868834139,10.000000003626253,7.924202100084607e-08,0.04992755344959976,0.0,0.0,0.0,0.0,-2.4940650090687922e-08,23.769679748750445,0.0007525606779381633,-0.00985817052423954,7.605053424835205,0.0447496697306633,0.026733262464404106,1.1416137218475342,,,,False,,,,True,OFFBOARD
19.764,TAKEOFF,False,-12.999751555898545,-5.984113971067392,7.861935075681879,0.035952298784034796,0.018622170062869117,1.180609961730624,0.00015599707542682237,-0.00015193444688014053,-0.0022576415810401816,10.000000003626253,7.924202100084607e-08,0.04992755344959976,0.0,0.0,0.0,0.0,-2.4940650090687922e-08,23.7654832218277,0.0061660162173211575,-0.00634594913572073,7.72808313369751,0.04467281326651573,0.027140479534864426,1.1443579196929932,,,,False,,,,True,OFFBOARD
19.864,TAKEOFF,False,-12.99637074586696,-5.982370560343431,7.975314262522322,0.03454056953852705,0.017700623554290484,1.1815081848374527,0.00039825960212246396,-0.00016080226144241224,-0.002229085886236414,10.000000003626253,7.924202100084607e-08,0.04992755344959976,0.0,0.0,0.0,0.0,-2.4940650090687922e-08,23.761772369028392,0.010850532911717892,-0.0032530908938497305,7.840429306030273,0.04367692396044731,0.027440767735242844,1.1451058387756348,,,,False,,,,True,OFFBOARD
19.964,TAKEOFF,False,-12.992991552112846,-5.9806587082701395,8.093539539175339,0.03309412603286231,0.01654428595518567,1.1830964714743228,0.000648879298617613,-0.00025291837962253017,-0.0021669935401018724,10.000000003626253,7.924202100084607e-08,0.04992755344959976,0.0,0.0,0.0,0.0,-2.4940650090687922e-08,23.758071054168855,0.015738898888230324,9.634004527470097e-06,7.961711883544922,0.04367462918162346,0.02784775383770466,1.1460762023925781,,,,False,,,,True,OFFBOARD
20.064,TAKEOFF,False,-12.989634997297857,-5.979011221118095,8.216733142782093,0.031515783571158335,0.015200392820336504,1.1859381317018127,0.0006473261940673493,-0.0003186923527601083,-0.0021293106069853367,10.000000003626253,7.924202100084607e-08,0.04992755344959976,0.0,0.0,0.0,0.0,-2.4940650090687922e-08,23.754407877392964,0.019680330529808998,0.00220360211096704,8.073909759521484,0.04229719936847687,0.02718248777091503,1.1484960317611694,,,,False,,,,True,OFFBOARD
20.164,TAKEOFF,False,-12.986679413851212,-5.9776068512573675,8.33069794297365,0.030141293807546803,0.01416106338004117,1.1881875339038228,0.00031378365990866785,-0.00019749082295174249,-0.0020976283782046276,10.000000003626253,7.924202100084607e-08,0.04992755344959976,0.0,0.0,0.0,0.0,-2.4940650090687922e-08,23.75119397540756,0.023579543456435204,0.004023931920528412,8.195777893066406,0.0411338247358799,0.025236055254936218,1.151284098625183,,,,False,,,,True,OFFBOARD
20.264,TAKEOFF,False,-12.98372838836866,-5.976225601278213,8.449633383362633,0.028991763888280436,0.013564130711322508,1.1906209196845936,-6.411769367144412e-05,0.00016910035076665112,-0.0020855146512425856,10.000000003626253,7.924202100084607e-08,0.04992755344959976,0.0,0.0,0.0,0.0,-2.4940650090687922e-08,23.747990318793345,0.02705194056034088,0.00582589628174901,8.307559967041016,0.03917429596185684,0.02541603520512581,1.1520603895187378,,,,False,,,,True,OFFBOARD
20.364,TAKEOFF,False,-12.980755671564877,-5.974840605607097,8.573645233188081,0.02826915503327561,0.01308580930248973,1.19405655680151,-1.4200755038861936e-05,0.0004977243619748551,-0.0021050259577249284,10.000000003626253,7.924202100084607e-08,0.04992755344959976,0.0,0.0,0.0,0.0,-2.4940650090687922e-08,23.744764741141523,0.03071434609591961,0.007905011996626854,8.428298950195312,0.037776343524456024,0.024438561871647835,1.154991626739502,,,,False,,,,True,OFFBOARD
20.464,TAKEOFF,False,-12.977955406478149,-5.973558642136563,8.693206082589251,0.027770112585202244,0.012563290718307163,1.1968184646977185,5.6786008612547065e-05,0.0005594647060958051,-0.0021119550945528777,10.000000003626253,7.924202100084607e-08,0.04992755344959976,0.0,0.0,0.0,0.0,-2.4940650090687922e-08,23.741732005616278,0.03394642472267151,0.008915137499570847,8.542332649230957,0.03669119253754616,0.024042397737503052,1.157904028892517,,,,False,,,,True,OFFBOARD
20.564,TAKEOFF,False,-12.975310434380331,-5.972375849557154,8.80816398304425,0.027359818524113347,0.012121938485731305,1.1978678643187721,-7.928911571414013e-05,0.0005904303522400042,-0.0020937518699666036,10.000000003626253,7.924202100084607e-08,0.04992755344959976,0.0,0.0,0.0,0.0,-2.4940650090687922e-08,23.73887453013883,0.03731776773929596,0.009573065675795078,8.666910171508789,0.034863971173763275,0.022722681984305382,1.158887267112732,,,,False,,,,True,OFFBOARD
20.664,TAKEOFF,False,-12.972487717723265,-5.971131783069273,8.932770194290796,0.026946361343531722,0.0118579579369043,1.1983369894976361,-0.0003129365540045829,0.000621328713890771,-0.0021062804799659336,10.000000003626253,7.924202100084607e-08,0.04992755344959976,0.0,0.0,0.0,0.0,-2.4940650090687922e-08,23.735829621579764,0.040333300828933716,0.010524030774831772,8.781230926513672,0.03372607380151749,0.021973511204123497,1.159456729888916,,,,False,,,,True,OFFBOARD
20.764,TAKEOFF,False,-12.969809424859463,-5.969949521842055,9.052624188621257,0.026660528437975076,0.011824611289909836,1.1988569087025227,-0.0005294205768670462,0.0007766086807431752,-0.00214004598972003,10.000000003626253,7.924202100084607e-08,0.04992755344959976,0.0,0.0,0.0,0.0,-2.4940650090687922e-08,23.732940050074607,0.043529167771339417,0.011787022463977337,8.904693603515625,0.03264724090695381,0.02066321298480034,1.15895414352417,,,,False,,,,True,OFFBOARD
20.864,TAKEOFF,False,-12.967149839770991,-5.9687589035552815,9.172588213001362,0.02656147047662829,0.012000325403931485,1.2004606070118768,-0.0006544583808392579,0.0009230257717466505,-0.0021994986508787544,10.000000003626253,7.924202100084607e-08,0.04992755344959976,0.0,0.0,0.0,0.0,-2.4940650090687922e-08,23.73006649219057,0.04624588042497635,0.01225262600928545,9.018482208251953,0.03193455561995506,0.0194722730666399,1.159340262413025,,,,False,,,,True,OFFBOARD
20.964,TAKEOFF,False,-12.96449408870246,-5.967545262177879,9.292725915912353,0.026581321598712977,0.012291367889519502,1.2022352598183133,-0.0008561118673569112,0.0010865500910091392,-0.0022283949778740403,10.000000003626253,7.924202100084607e-08,0.04992755344959976,0.0,0.0,0.0,0.0,-2.4940650090687922e-08,23.727190864459764,0.04902336746454239,0.01248253509402275,9.14116382598877,0.03076489083468914,0.0182501170784235,1.1609294414520264,,,,False,,,,True,OFFBOARD
21.064,TAKEOFF,False,-12.961934454636513,-5.966341744369836,9.4082221212132,0.026749438363490478,0.01278554832577588,1.203870163477922,-0.001013118828043285,0.001191538363489564,-0.0022095936299444414,10.000000003626253,7.924202100084607e-08,0.04992755344959976,0.0,0.0,0.0,0.0,-2.4940650090687922e-08,23.724410821382587,0.05189892649650574,0.014342495240271091,9.255722999572754,0.03009914979338646,0.019308041781187057,1.1617538928985596,,,,False,,,,True,OFFBOARD
21.164,TAKEOFF,False,-12.95913913543259,-5.96498486540636,9.533488022723592,0.0269875941623082,0.013230131847496607,1.204812637110553,-0.0007118583941382957,0.0011833465574589183,-0.002204270549620834,10.000000003626253,7.924202100084607e-08,0.04992755344959976,0.0,0.0,0.0,0.0,-2.4940650090687922e-08,23.721364113316618,0.05520925298333168,0.017236759886145592,9.379377365112305,0.029537741094827652,0.01900947093963623,1.1636148691177368,,,,False,,,,True,OFFBOARD
21.264,TAKEOFF,False,-12.956428789177693,-5.963655145156555,9.653973421177675,0.0272147119029732,0.013307821701265992,1.2049818739169353,-0.00040315368219311554,0.0012050209961101293,-0.0021905477987932765,10.000000003626253,7.924202100084607e-08,0.04992755344959976,0.0,0.0,0.0,0.0,-2.4940650090687922e-08,23.718406492734175,0.058140017092227936,0.01970711722970009,9.493753433227539,0.028948409482836723,0.019046803936362267,1.1631187200546265,,,,False,,,,True,OFFBOARD
21.364,TAKEOFF,False,-12.953806336475962,-5.962385071685941,9.76969110435038,0.027405685240941183,0.013139560728274593,1.2058619733615827,-0.00027922295532959346,0.0011391116083097738,-0.0021918427517267705,10.000000003626253,7.924202100084607e-08,0.04992755344959976,0.0,0.0,0.0,0.0,-2.4940650090687922e-08,23.715548953944182,0.06121455878019333,0.022218042984604836,9.616724014282227,0.02852102369070053,0.019505351781845093,1.1628237962722778,,,,False,,,,True,OFFBOARD
21.464,TAKEOFF,False,-12.951061756600138,-5.961082965083601,9.890361687120306,0.027452481884972832,0.012892402315175185,1.2073261366202226,-0.00014753670656675728,0.0009481559404030906,-0.0022219880662078225,10.000000003626253,7.924202100084607e-08,0.04992755344959976,0.0,0.0,0.0,0.0,-2.4940650090687922e-08,23.712565170876655,0.06333906203508377,0.024346908554434776,9.731545448303223,0.02781285159289837,0.01994921639561653,1.1650981903076172,,,,False,,,,True,OFFBOARD
21.564,TAKEOFF,False,-12.948210696476917,-5.9597632303511245,10.015920697573984,0.027391483532998438,0.012483099664642706,1.207076496205989,1.1025036136524457e-06,0.0010091873763540123,-0.0022685782280972865,10.000000003626253,7.924202100084607e-08,0.04992755344959976,0.0,0.0,0.0,0.0,-2.4940650090687922e-08,23.70947390902426,0.0652671530842781,0.02654094249010086,9.856729507446289,0.02675188146531582,0.02035406418144703,1.1656750440597534,,,,False,,,,True,OFFBOARD
21.664,TAKEOFF,False,-12.945578693811344,-5.95858979037049,10.13176980436095,0.027459425403313965,0.011969490328700387,1.2065724967379625,0.00010485957044586378,0.0011369591393063133,-0.0023324877209353915,10.000000003626253,7.924202100084607e-08,0.04992755344959976,0.0,0.0,0.0,0.0,-2.4940650090687922e-08,23.706631456083144,0.06715399771928787,0.02853216975927353,9.971259117126465,0.026173869147896767,0.019253749400377274,1.1647350788116455,,,,False,,,,True,OFFBOARD
21.764,TAKEOFF,False,-12.942822467989572,-5.957419081321663,10.252452777510575,0.02768554860864876,0.011497490614550288,1.2072312338348332,-4.507555053641941e-05,0.001321150850005543,-0.002414868531195562,10.000000003626253,7.924202100084607e-08,0.04992755344959976,0.0,0.0,0.0,0.0,-2.4940650090687922e-08,23.70366946315974,0.06923246383666992,0.030595077201724052,10.094979286193848,0.02385786548256874,0.01930984854698181,1.1648041009902954,,,,False,,,,True,OFFBOARD
21.864,TAKEOFF,False,-12.939918499348396,-5.956242426575513,10.378054981343805,0.028210575880936044,0.011177999231815958,1.2079214943173218,-0.00023322000441980384,0.0017226231263369847,-0.0024700803984427514,10.000000003626253,7.924202100084607e-08,0.04992755344959976,0.0,0.0,0.0,0.0,-2.4940650090687922e-08,23.70056298300161,0.07072047889232635,0.03220301494002342,10.211481094360352,0.02287910506129265,0.018415052443742752,1.1656912565231323,,,,False,,,,True,OFFBOARD
21.964,TAKEOFF,False,-12.937171101078931,-5.95517532341412,10.49396524552697,0.029039265796123367,0.011083610956596532,1.2067469990065474,-0.00040082334239493556,0.0020363304737018276,-0.002508620252303087,10.000000003626253,7.924202100084607e-08,0.04992755344959976,0.0,0.0,0.0,0.0,-2.4940650090687922e-08,23.697635585917073,0.0721454918384552,0.033756185322999954,10.33813190460205,0.020914297550916672,0.018368525430560112,1.1649690866470337,,,,False,,,,True,OFFBOARD
22.064,TAKEOFF,False,-12.934090680465326,-5.954021471196232,10.619385845170871,0.03018876307090405,0.011099444800152255,1.2053542082233941,-0.000372270106628255,0.0022474138203149256,-0.002581542112667122,10.000000003626253,7.924202100084607e-08,0.04992755344959976,0.0,0.0,0.0,0.0,-2.4940650090687922e-08,23.69436405834137,0.0735534057021141,0.03532559797167778,10.453958511352539,0.021031364798545837,0.018765084445476532,1.1632994413375854,,,,False,,,,True,OFFBOARD
22.164,TAKEOFF,False,-12.931012209627342,-5.952915870086164,10.739868922046321,0.03130280569137182,0.010992730583855309,1.2044929884250797,-0.00023029172237913143,0.0021232862384716815,-0.0026545743021357043,10.000000003626253,7.924202100084607e-08,0.04992755344959976,0.0,0.0,0.0,0.0,-2.4940650090687922e-08,23.69110654706005,0.07523588836193085,0.03710533306002617,10.578683853149414,0.02028501220047474,0.01854298822581768,1.16188645362854,,,,False,,,,True,OFFBOARD
22.264,TAKEOFF,False,-12.927960230907871,-5.951869224197946,10.855504352931371,0.03223958241325808,0.010828585282545685,1.2045538187735565,-0.00028184578738504315,0.0021688968574795357,-0.0027354716040728705,10.000000003626253,7.924202100084607e-08,0.04992755344959976,0.0,0.0,0.0,0.0,-2.4940650090687922e-08,23.687889494879215,0.07665231823921204,0.038051359355449677,10.695526123046875,0.018891505897045135,0.017976373434066772,1.1615910530090332,,,,False,,,,True,OFFBOARD
22.364,TAKEOFF,False,-12.924679307707763,-5.950789447326408,10.975898182824844,0.03337486265134866,0.01080817481425561,1.2030697593901942,-0.0005285767306338345,0.002443246028439038,-0.0027925676273019948,10.000000003626253,7.924202100084607e-08,0.04992755344959976,0.0,0.0,0.0,0.0,-2.4940650090687922e-08,23.68444252071436,0.07814116775989532,0.03872520849108696,10.823124885559082,0.018326090648770332,0.016947636380791664,1.1610257625579834,,,,False,,,,True,OFFBOARD
22.464,TAKEOFF,False,-12.92113450311638,-5.94965306382085,11.100881558799745,0.034768890702403785,0.011067355931983816,1.200569271186581,-0.0007319129252395238,0.0026421691906879687,-0.0028502206952634407,10.000000003626253,7.924202100084607e-08,0.04992755344959976,0.0,0.0,0.0,0.0,-2.4940650090687922e-08,23.680725909459486,0.079621322453022,0.039577919989824295,10.939787864685059,0.018738368526101112,0.01655275747179985,1.1590826511383057,,,,False,,,,True,OFFBOARD
22.564,TAKEOFF,False,-12.917585614759007,-5.948528670860114,11.220858674851707,0.03612270023681811,0.011397037134254934,1.1992800065639684,-0.000644726024971214,0.0025082895245292693,-0.002884850703556676,10.000000003626253,7.924202100084607e-08,0.04992755344959976,0.0,0.0,0.0,0.0,-2.4940650090687922e-08,23.677008359731822,0.08136773109436035,0.04076487943530083,11.065359115600586,0.01917661726474762,0.017369868233799934,1.1561686992645264,,,,False,,,,True,OFFBOARD
22.664,TAKEOFF,False,-12.914064417911636,-5.947430465260477,11.335985705571577,0.03713603784681277,0.011406996937134229,1.1992323176876745,-0.00016592873553874723,0.0022161802336756885,-0.0028774992268663668,10.000000003626253,7.924202100084607e-08,0.04992755344959976,0.0,0.0,0.0,0.0,-2.4940650090687922e-08,23.673324194038944,0.08440633118152618,0.04441342130303383,11.181467056274414,0.020554212853312492,0.018990444019436836,1.1553809642791748,,,,False,,,,True,OFFBOARD
22.764,TAKEOFF,False,-12.910158498364833,-5.946269982200089,11.460664315704353,0.037874988332106105,0.010825391415339662,1.198509733623668,0.0004634552279027152,0.0018281080235848517,-0.0028924103216749894,10.000000003626253,7.924202100084607e-08,0.04992755344959976,0.0,0.0,0.0,0.0,-2.4940650090687922e-08,23.669251999798327,0.08845982700586319,0.0495406799018383,11.307276725769043,0.022774022072553635,0.020867986604571342,1.1540412902832031,,,,False,,,,True,OFFBOARD
22.864,TAKEOFF,False,-12.906355072447349,-5.945241669810501,11.580500170975895,0.03811319639144279,0.009705045787992085,1.1983236510360578,0.0009653998470537556,0.0014275866098860486,-0.00292856256600715,10.000000003626253,7.924202100084607e-08,0.04992755344959976,0.0,0.0,0.0,0.0,-2.4940650090687922e-08,23.665312216952472,0.09185022115707397,0.053701251745224,11.422768592834473,0.022403812035918236,0.021961063146591187,1.1526281833648682,,,,False,,,,True,OFFBOARD
22.964,TAKEOFF,False,-12.902697359468267,-5.9443790425460525,11.695562754011362,0.038065128999997595,0.008291518819379673,1.1987940960236005,0.0012196954868295788,0.0012751731741915471,-0.002923490729348641,10.000000003626253,7.924202100084607e-08,0.04992755344959976,0.0,0.0,0.0,0.0,-2.4940650090687922e-08,23.66155509785962,0.0951644703745842,0.05767413228750229,11.547255516052246,0.023387612774968147,0.022139137610793114,1.153244137763977,,,,False,,,,True,OFFBOARD
23.064,TAKEOFF,False,-12.899049206488101,-5.94365776375398,11.810656718164205,0.03793655185861001,0.00681865608135423,1.1990784237986236,0.001144884798354465,0.0012268013132774147,-0.002916675551841831,10.000000003626253,7.924202100084607e-08,0.04992755344959976,0.0,0.0,0.0,0.0,-2.4940650090687922e-08,23.657842743619856,0.09876235574483871,0.06079697608947754,11.671754837036133,0.02362983115017414,0.021492093801498413,1.1525652408599854,,,,False,,,,True,OFFBOARD
23.164,TAKEOFF,False,-12.894960775773644,-5.943004737958372,11.940203839459313,0.037781856523431065,0.005358812162015431,1.2001071129474907,0.0010086153835727606,0.001220095761449783,-0.0029193991310207364,10.000000003626253,7.924202100084607e-08,0.04992755344959976,0.0,0.0,0.0,0.0,-2.4940650090687922e-08,23.65372138475311,0.10198667645454407,0.06319605559110641,11.786330223083496,0.022782986983656883,0.020286880433559418,1.1518268585205078,,,,False,,,,True,OFFBOARD
23.264,TAKEOFF,False,-12.89134031167032,-5.94254537929355,12.055499206726916,0.03766794328006983,0.004305268820439665,1.2018289207834512,0.0007558891480137125,0.001319744591732058,-0.0029344826841344383,10.000000003626253,7.924202100084607e-08,0.04992755344959976,0.0,0.0,0.0,0.0,-2.4940650090687922e-08,23.65010164793133,0.1048722043633461,0.06539329886436462,11.900754928588867,0.022113505750894547,0.019050823524594307,1.1525626182556152,,,,False,,,,True,OFFBOARD
23.364,TAKEOFF,False,-12.887422105033203,-5.9421459269549555,12.180574709033031,0.03771825166999753,0.0034540392875805374,1.2034884469434135,0.0005431414620687928,0.001507750288675452,-0.0029355843202341306,10.000000003626253,7.924202100084607e-08,0.04992755344959976,0.0,0.0,0.0,0.0,-2.4940650090687922e-08,23.646208785742303,0.10772869735956192,0.06759529560804367,12.023566246032715,0.02238803543150425,0.018771275877952576,1.1533453464508057,,,,False,,,,True,OFFBOARD
23.464,TAKEOFF,False,-12.8836420410731,-5.941834987852048,12.301044488863475,0.03788697963541404,0.0028010562505750717,1.205974642777014,0.000494375330436383,0.0015720618569745625,-0.0029578078693962982,10.000000003626253,7.924202100084607e-08,0.04992755344959976,0.0,0.0,0.0,0.0,-2.4940650090687922e-08,23.64247189264441,0.11064460128545761,0.06812291592359543,12.135503768920898,0.022416697815060616,0.017940640449523926,1.154843807220459,,,,False,,,,True,OFFBOARD
23.564,TAKEOFF,False,-12.879995484607415,-5.941593171009812,12.416983335109489,0.038065757889166434,0.0022849870716506503,1.2095241310711253,0.00036971280792277324,0.0015189010709100526,-0.0029799244811850017,10.000000003626253,7.924202100084607e-08,0.04992755344959976,0.0,0.0,0.0,0.0,-2.4940650090687922e-08,23.638881612568543,0.11384595185518265,0.06804566830396652,12.256664276123047,0.023126687854528427,0.016534382477402687,1.155707836151123,,,,False,,,,True,OFFBOARD
23.664,TAKEOFF,False,-12.876186090325383,-5.941386199252127,12.538190442826298,0.038068421215521134,0.0019173657680862564,1.2144189887363215,0.00010329172798595927,0.0012500613239046364,-0.0030015766031758285,10.000000003626253,7.924202100084607e-08,0.04992755344959976,0.0,0.0,0.0,0.0,-2.4940650090687922e-08,23.63514250254026,0.11662352830171585,0.06828539818525314,12.368606567382812,0.023615092039108276,0.015484748408198357,1.1587131023406982,,,,False,,,,True,OFFBOARD
23.764,TAKEOFF,False,-12.872238136575891,-5.941193066484526,12.664739751789662,0.037816963247487394,0.0018238766106896845,1.2190716081812898,-3.7066685802487926e-05,0.001016988942853086,-0.0030613785348368784,10.000000003626253,7.924202100084607e-08,0.04992755344959976,0.0,0.0,0.0,0.0,-2.4940650090687922e-08,23.63127278707065,0.11950019001960754,0.06888831406831741,12.490192413330078,0.023521775379776955,0.015777237713336945,1.1613610982894897,,,,False,,,,True,OFFBOARD
23.864,TAKEOFF,False,-12.868626068172512,-5.9410200351892986,12.78196133666933,0.03745422174832971,0.0017734090332080933,1.2224825553182224,-2.3558262684779921e-07,0.0010349582886394876,-0.003122601033792346,10.000000003626253,7.924202100084607e-08,0.04992755344959976,0.0,0.0,0.0,0.0,-2.4940650090687922e-08,23.627733247432598,0.12300264090299606,0.06975916028022766,12.605430603027344,0.02299107238650322,0.015625035390257835,1.1654142141342163,,,,False,,,,True,OFFBOARD
23.964,TAKEOFF,False,-12.864745790173231,-5.940839909827712,12.909143379641206,0.03722452455947324,0.0016792897265163662,1.2227654693738754,8.344502055929969e-05,0.0013063862179358776,-0.0031897779454122155,10.000000003626253,7.924202100084607e-08,0.04992755344959976,0.0,0.0,0.0,0.0,-2.4940650090687922e-08,23.623932356633627,0.127054363489151,0.07101873308420181,12.731762886047363,0.02255474403500557,0.016291746869683266,1.1681526899337769,,,,False,,,,True,OFFBOARD
24.064,TAKEOFF,False,-12.861022528903389,-5.9406821327251125,13.03134441753955,0.037254532258577104,0.0014596863892085796,1.2213344326947422,0.0002510991848432158,0.0014025119221037572,-0.003257422272543931,10.000000003626253,7.924202100084607e-08,0.04992755344959976,0.0,0.0,0.0,0.0,-2.4940650090687922e-08,23.620289083252363,0.1303146928548813,0.0723942220211029,12.847368240356445,0.021927151829004288,0.017326418310403824,1.1662741899490356,,,,False,,,,True,OFFBOARD
24.116,TAKEOFF,False,-12.8590845127342,-5.940611282796468,13.094840400662916,0.03728571693916953,0.0012717650918364811,1.2208968209845164,0.0003608138702796223,0.0014423625333065614,-0.0032836411231461373,10.000000003626253,7.924202100084607e-08,0.04992755344959976,0.0,0.0,0.0,0.0,-2.4940650090687922e-08,23.61839554840445,0.13130667805671692,0.07288800179958344,12.885737419128418,0.021575678139925003,0.017389066517353058,1.1663315296173096,,,,False,,,,True,OFFBOARD
24.212,TAKEOFF,False,-12.855499555740714,-5.9405143383488985,13.212040735395018,0.03742301067063111,0.0007232449139623909,1.2210687227750003,0.0006422978697785516,0.0016220450403770165,-0.0032949826224826346,10.000000003626253,7.924202100084607e-08,0.04992755344959976,0.0,0.0,0.0,0.0,-2.4940650090687922e-08,23.61490147457383,0.1342218667268753,0.07456471025943756,13.009767532348633,0.020333150401711464,0.01762828230857849,1.1645506620407104,,,,False,,,,True,OFFBOARD
24.264,TAKEOFF,False,-12.853549116740679,-5.940486978174138,13.2755398991679,0.037589976746382266,0.0003552546669495584,1.220993623643858,0.0006796009913501007,0.00172047386474333,-0.0033031350313859173,10.000000003626253,7.924202100084607e-08,0.04992755344959976,0.0,0.0,0.0,0.0,-2.4940650090687922e-08,23.613006879183196,0.13780440390110016,0.07443542778491974,13.089818000793457,0.02076096460223198,0.01764008216559887,1.1662616729736328,,,,False,,,,True,OFFBOARD
24.364,TAKEOFF,False,-12.849924571803097,-5.9404864433087665,13.39260996758247,0.037881313192176365,-0.00030513585366526787,1.2176493197366538,0.0006256548888718999,0.001574229810480399,-0.003322656849422946,10.000000003626253,7.924202100084607e-08,0.04992755344959976,0.0,0.0,0.0,0.0,-2.4940650090687922e-08,23.609498792380524,0.14319851994514465,0.07441249489784241,13.219419479370117,0.020810309797525406,0.017629094421863556,1.165069818496704,,,,False,,,,True,OFFBOARD
24.464,TAKEOFF,False,-12.846129911481484,-5.940547246288722,13.514141497560324,0.037975826772366016,-0.0008689631012746033,1.213191067194247,0.0005345431134478668,0.0013734408645587669,-0.0033341991256421143,10.000000003626253,7.924202100084607e-08,0.04992755344959976,0.0,0.0,0.0,0.0,-2.4940650090687922e-08,23.605841536044657,0.14736421406269073,0.07484590262174606,13.337989807128906,0.020705675706267357,0.017223969101905823,1.161227822303772,,,,False,,,,True,OFFBOARD
24.516,TAKEOFF,False,-12.844155822320193,-5.940599863166924,13.577171859521364,0.0379456146887769,-0.0011327954512524246,1.211299678588753,0.0005247893550640848,0.0012946837757863434,-0.0033294163758925493,10.000000003626253,7.924202100084607e-08,0.04992755344959976,0.0,0.0,0.0,0.0,-2.4940650090687922e-08,23.60394422709628,0.14860330522060394,0.07507042586803436,13.377010345458984,0.020723264664411545,0.017385095357894897,1.1593847274780273,,,,False,,,,True,OFFBOARD
24.612,TAKEOFF,False,-12.84051756513315,-5.940732854560235,13.693356477204343,0.03785743614694009,-0.001619699292220561,1.2096372582983144,0.000534865745365793,0.0012949477437779453,-0.0033414808909194593,10.000000003626253,7.924202100084607e-08,0.04992755344959976,0.0,0.0,0.0,0.0,-2.4940650090687922e-08,23.600456576082795,0.15223872661590576,0.07602772116661072,13.502523422241211,0.0206910390406847,0.016964897513389587,1.1562589406967163,,,,False,,,,True,OFFBOARD
24.664,TAKEOFF,False,-12.838550315690895,-5.940824018148705,13.756243282003421,0.03780817332390969,-0.0018612295735547244,1.2090666518650233,0.0004560736184990607,0.0012780378541798376,-0.0033560231036208208,10.000000003626253,7.924202100084607e-08,0.04992755344959976,0.0,0.0,0.0,0.0,-2.4940650090687922e-08,23.59857562744243,0.15365244448184967,0.0754869133234024,13.580632209777832,0.019770454615354538,0.01560904923826456,1.1554467678070068,,,,False,,,,True,OFFBOARD
24.764,TAKEOFF,False,-12.83462346133489,-5.9410334833378435,13.88191924754544,0.037736690836622025,-0.00209339388707848,1.2078933137613406,0.0001412036106163643,0.0014321577420695721,-0.003371934160100578,10.000000003626253,7.924202100084607e-08,0.04992755344959976,0.0,0.0,0.0,0.0,-2.4940650090687922e-08,23.594828004845773,0.15560106933116913,0.07489945739507675,13.70675277709961,0.01841103844344616,0.015095382928848267,1.1536226272583008,,,,False,,,,True,OFFBOARD
24.864,TAKEOFF,False,-12.830841704493059,-5.941245185598042,14.002659742328227,0.03794238410923246,-0.002125832127569427,1.206653521579624,7.351807995354816e-05,0.0017508865381898322,-0.0033565552072847846,10.000000003626253,7.924202100084607e-08,0.04992755344959976,0.0,0.0,0.0,0.0,-2.4940650090687922e-08,23.591221426585456,0.1592046618461609,0.0746205523610115,13.825927734375,0.017782118171453476,0.014931460842490196,1.153977394104004,,,,False,,,,True,OFFBOARD
24.964,TAKEOFF,False,-12.827024442115121,-5.941458570713329,14.123123278897962,0.038396516815027947,-0.002151851803096853,1.2025130045207844,0.00013347646109662463,0.0018061759093208625,-0.0033290129632922204,10.000000003626253,7.924202100084607e-08,0.04992755344959976,0.0,0.0,0.0,0.0,-2.4940650090687922e-08,23.5875809682893,0.1638469249010086,0.07463125884532928,13.954963684082031,0.018322862684726715,0.014290804974734783,1.1514605283737183,,,,False,,,,True,OFFBOARD
25.064,TAKEOFF,False,-12.823323929461953,-5.941666583737821,14.238392377224116,0.03862602239305243,-0.00215396763510839,1.1995027337189463,-2.3169868033050347e-05,0.0014359190587984935,-0.003336427137492308,10.000000003626253,7.924202100084607e-08,0.04992755344959976,0.0,0.0,0.0,0.0,-2.4940650090687922e-08,23.584052198225876,0.16747570037841797,0.07498648762702942,14.070301055908203,0.019065769389271736,0.013826770707964897,1.1472543478012085,,,,False,,,,True,OFFBOARD
25.164,TAKEOFF,True,-12.819774234445585,-5.941858228499625,14.348711309178428,0.03849814495891502,-0.0020080456303385374,1.1991239984028215,-9.519187466844542e-05,0.0011245482096339599,-0.0033482572429798783,10.000000003626253,7.924202100084607e-08,0.04992755344959976,0.0,0.0,0.0,0.0,-2.4940650090687922e-08,23.580665309228355,0.17076952755451202,0.07566797733306885,14.194035530090332,0.01768612302839756,0.013551662676036358,1.1461565494537354,22.807575307964804,4.817932247187594,23.128208887528572,False,,,,True,OFFBOARD
25.264,TAKEOFF,True,-12.816092645638355,-5.942042491582744,14.463856096646888,0.03822896292111086,-0.0018350484221270392,1.1996599641621661,-0.00011465036054560906,0.0011890856130168058,-0.0033391433399214123,10.000000003626253,7.924202100084607e-08,0.04992755344959976,0.0,0.0,0.0,0.0,-2.4940650090687922e-08,23.577148972963638,0.17253145575523376,0.07613490521907806,14.309096336364746,0.01627669297158718,0.01313440315425396,1.1467726230621338,22.923007360685492,4.8393592399094025,23.243761742958007,False,,,,True,OFFBOARD
25.364,TAKEOFF,True,-12.812125968947957,-5.9422230301116405,14.588626188151204,0.038100854953008995,-0.0016388023394492766,1.1997514385540249,-0.00017438910072485681,0.0014328053300171383,-0.003283967183241336,10.000000003626253,7.924202100084607e-08,0.04992755344959976,0.0,0.0,0.0,0.0,-2.4940650090687922e-08,23.57335586779981,0.1735924482345581,0.07664530724287033,14.43333911895752,0.013826759532094002,0.012775633484125137,1.1476925611495972,22.811001190213258,4.81664215040935,23.128334237999976,False,,,,True,OFFBOARD
25.464,TAKEOFF,True,-12.808304975881926,-5.9423717591072736,14.708619852433147,0.03840477892488093,-0.0013224887310393492,1.2003356181203968,-0.0003554798616995523,0.001986132363012516,-0.003212664161684631,10.000000003626253,7.924202100084607e-08,0.04992755344959976,0.0,0.0,0.0,0.0,-2.4940650090687922e-08,23.569695778763553,0.1744542270898819,0.07732056826353073,14.547059059143066,0.01330613438040018,0.012853613123297691,1.1473344564437866,22.871261474905204,4.83269397033772,23.18962344320487,False,,,,True,OFFBOARD
25.564,TAKEOFF,True,-12.804583758972809,-5.942476411379783,14.823932660670293,0.03912793703544991,-0.000869628731240228,1.2020941334007043,-0.0004051964114237615,0.002249396966496686,-0.003189634641210168,10.000000003626253,7.924202100084607e-08,0.04992755344959976,0.0,0.0,0.0,0.0,-2.4940650090687922e-08,23.56612117907802,0.17530296742916107,0.07830315083265305,14.670183181762695,0.01144496537744999,0.012705163098871708,1.1476637125015259,22.950445652356617,4.853922562747024,23.270446172909065,False,,,,True,OFFBOARD
25.664,TAKEOFF,True,-12.800462375288102,-5.942545603257764,14.949086565527677,0.04012998475770217,-0.0005018288958239214,1.2044868469705305,-0.0002828581267732639,0.002451796232808709,-0.0031736203476282997,10.000000003626253,7.924202100084607e-08,0.04992755344959976,0.0,0.0,0.0,0.0,-2.4940650090687922e-08,23.56215045111302,0.17877338826656342,0.07803581655025482,14.785215377807617,0.011942025274038315,0.011789577081799507,1.1506677865982056,22.873236502382607,4.837628661775876,23.188194843288183,False,,,,True,OFFBOARD
25.764,TAKEOFF,True,-12.796563829075996,-5.942578829186256,15.064742664896313,0.04100471026350974,-0.00018664394548759198,1.2047074285540025,-0.00038579656944242463,0.0021708615195260355,-0.003144763064342721,10.000000003626253,7.924202100084607e-08,0.04992755344959976,0.0,0.0,0.0,0.0,-2.4940650090687922e-08,23.55838633398656,0.18374508619308472,0.0773082822561264,14.911383628845215,0.014076756313443184,0.010647139512002468,1.1502366065979004,22.734516446288495,4.80384987859728,23.040778728099504,False,,,,True,OFFBOARD
25.864,TAKEOFF,True,-12.792272231483594,-5.942572905139713,15.190026910830138,0.04140055632053525,0.00031793511155855486,1.204675860338494,-0.0006085208210691557,0.001610747976426292,-0.0031876633748377857,10.000000003626253,7.924202100084607e-08,0.04992755344959976,0.0,0.0,0.0,0.0,-2.4940650090687922e-08,23.55423204679072,0.18749627470970154,0.07706351578235626,15.027229309082031,0.013894653879106045,0.00932314619421959,1.1498136520385742,22.9287527513774,4.846519597837896,23.236016385263568,True,0.4069705605506897,373.5,72.0,True,OFFBOARD
25.964,TAKEOFF,True,-12.788129354597904,-5.942503881397924,15.310503005305087,0.04144146963098891,0.001109025623571,1.2049051517279148,-0.0010634556829106777,0.0015371840099296025,-0.003280959639107641,10.000000003626253,7.924202100084607e-08,0.04992755344959976,0.0,0.0,0.0,0.0,-2.4940650090687922e-08,23.55020579462904,0.1907680630683899,0.07703910022974014,15.151878356933594,0.012981395237147808,0.008124672807753086,1.1485192775726318,22.870224688779217,4.835304688063614,23.173235515177048,True,0.4069705605506897,373.5,72.0,True,OFFBOARD
26.064,TAKEOFF,True,-12.783982029573743,-5.942332123143741,15.431042550119118,0.04153310762235975,0.0023387633738258923,1.2057801446238694,-0.001452969945736875,0.0017428146653578414,-0.0033259420659413922,10.000000003626253,7.924202100084607e-08,0.04992755344959976,0.0,0.0,0.0,0.0,-2.4940650090687922e-08,23.546149351702738,0.19504831731319427,0.076891228556633,15.269430160522461,0.013753194361925125,0.008115534670650959,1.1492019891738892,22.790415117118197,4.818044857133124,23.087423817903417,True,0.4069705605506897,373.5,72.0,True,OFFBOARD
26.164,TAKEOFF,True,-12.779980540031554,-5.942040500050529,15.546750663932698,0.04181329023163067,0.0036679279587606213,1.2044303603300883,-0.0014304082715743721,0.0017057022148522175,-0.0033342532757987186,10.000000003626253,7.924202100084607e-08,0.04992755344959976,0.0,0.0,0.0,0.0,-2.4940650090687922e-08,23.542203801160746,0.20011116564273834,0.07681860029697418,15.396900177001953,0.014378729276359081,0.008122680708765984,1.1486703157424927,23.009570652262617,4.860412160008974,23.305669040305876,True,0.4069705605506897,373.5,72.0,True,OFFBOARD
26.264,TAKEOFF,True,-12.775794886688496,-5.941608516106813,15.667078530688075,0.04184424028951938,0.00488177711523858,1.2023683223594341,-0.0012191545986601072,0.0013942593303861474,-0.003362082832450187,10.000000003626253,7.924202100084607e-08,0.04992755344959976,0.0,0.0,0.0,0.0,-2.4940650090687922e-08,23.53804464236591,0.20387284457683563,0.07711780816316605,15.512574195861816,0.014233165420591831,0.009383996948599815,1.1465617418289185,22.79563800979696,4.815000309054433,23.0832273279259,False,,,,True,OFFBOARD
26.364,TAKEOFF,True,-12.77161985880382,-5.941071155767379,15.78727679733516,0.04164987751737047,0.005762229344668317,1.2019760950855176,-0.0008606006293651559,0.0013111785372982782,-0.0034217246149186543,10.000000003626253,7.924202100084607e-08,0.04992755344959976,0.0,0.0,0.0,0.0,-2.4940650090687922e-08,23.53386917993885,0.20712295174598694,0.0777590349316597,15.63722038269043,0.013426248915493488,0.009843294508755207,1.144507884979248,22.840692441346878,4.82771650421757,23.126620241631013,False,,,,True,OFFBOARD
26.464,TAKEOFF,True,-12.767296760023791,-5.940440854215484,15.912336377035713,0.041543519221152035,0.006290390162413535,1.203010900492311,-0.0006479981602381844,0.0016213839459868695,-0.003459045311670655,10.000000003626253,7.924202100084607e-08,0.04992755344959976,0.0,0.0,0.0,0.0,-2.4940650090687922e-08,23.529526990740962,0.20975425839424133,0.07742241024971008,15.753385543823242,0.011494423262774944,0.00928422436118126,1.1448692083358765,22.901112247894027,4.838068490149036,23.185372080380695,False,,,,True,OFFBOARD
26.564,TAKEOFF,True,-12.763127811046663,-5.939786071014296,16.03263356534305,0.041907237002165,0.006835422603839623,1.2028172106256774,-0.0009416622228955954,0.0021302837485730965,-0.003520032003802264,10.000000003626253,7.924202100084607e-08,0.04992755344959976,0.0,0.0,0.0,0.0,-2.4940650090687922e-08,23.525327785557263,0.21211950480937958,0.07664699107408524,15.879457473754883,0.010357949882745743,0.007667371537536383,1.1443713903427124,22.920076363231072,4.848294770106778,23.20387741760175,True,0.5854712128639221,378.0,108.5,True,OFFBOARD
26.616,TAKEOFF,True,-12.760938416355268,-5.939419812262455,16.095171513721656,0.0422936945226937,0.007233981151734414,1.2025663929762072,-0.0011189575697139443,0.0023921873854775,-0.003562225324849391,10.000000003626253,7.924202100084607e-08,0.04992755344959976,0.0,0.0,0.0,0.0,-2.4940650090687922e-08,23.5231168514249,0.21273182332515717,0.0764869749546051,15.918085098266602,0.010267317295074463,0.0070778182707726955,1.1433991193771362,22.920076363231072,4.848294770106778,23.203311093201116,True,0.5854712128639221,378.0,108.5,True,OFFBOARD
26.712,TAKEOFF,True,-12.757005075484049,-5.938710453431696,16.205824692371426,0.043196813799294104,0.00819952686462064,1.203018525931876,-0.0014801352735623623,0.0025730888003416127,-0.003608172097167076,10.000000003626253,7.924202100084607e-08,0.04992755344959976,0.0,0.0,0.0,0.0,-2.4940650090687922e-08,23.519131849656816,0.214302659034729,0.07618061453104019,16.033496856689453,0.008992965333163738,0.0062056854367256165,1.143042802810669,22.836572889511096,4.829936788077387,23.11634287983779,True,0.5854712128639221,378.0,108.5,True,OFFBOARD
26.764,TAKEOFF,True,-12.754568289560947,-5.938230190959603,16.273204406179204,0.04379767761194089,0.00892186219622764,1.2033597049001303,-0.001718089496973933,0.002687822865801142,-0.0036050458729611416,10.000000003626253,7.924202100084607e-08,0.04992755344959976,0.0,0.0,0.0,0.0,-2.4940650090687922e-08,23.516652758231963,0.21522343158721924,0.07609959691762924,16.11979103088379,0.008514748886227608,0.005647076293826103,1.1427360773086548,22.812329368394543,4.826627862605923,23.091052715768427,True,0.5854712128639221,378.0,108.5,True,OFFBOARD
26.864,TAKEOFF,True,-12.750306224524287,-5.937302310565298,16.388770727244196,0.04498093984291273,0.010361066606406157,1.2043265933578535,-0.0018539899650494988,0.002919409563895451,-0.003589060207055217,10.000000003626253,7.924202100084607e-08,0.04992755344959976,0.0,0.0,0.0,0.0,-2.4940650090687922e-08,23.512294510375572,0.2183210253715515,0.07557421177625656,16.235153198242188,0.008267530240118504,0.005191695876419544,1.1427953243255615,22.85575768394756,4.8341174332705235,23.13216963585279,True,0.5854712128639221,378.0,108.5,True,OFFBOARD
26.964,TAKEOFF,True,-12.74555501815025,-5.936142587091504,16.514059253933677,0.04630718500461898,0.01185717210774682,1.2049368092650008,-0.0017948257344581468,0.002808215611705914,-0.003617933493152011,10.000000003626253,7.924202100084607e-08,0.04992755344959976,0.0,0.0,0.0,0.0,-2.4940650090687922e-08,23.507404429322424,0.22231647372245789,0.07490846514701843,16.36001205444336,0.008897713385522366,0.003944862633943558,1.1424435377120972,22.843075576167067,4.825707495904927,23.114256072854282,True,0.7942554354667664,381.0,121.5,True,OFFBOARD
27.064,TAKEOFF,True,-12.741059024206113,-5.934935792538428,16.629774254725806,0.04725973310517809,0.013252513430680297,1.2059858864849586,-0.001997569809134067,0.002513470734097019,-0.0036716063110934357,10.000000003626253,7.924202100084607e-08,0.04992755344959976,0.0,0.0,0.0,0.0,-2.4940650090687922e-08,23.502749403197537,0.22538958489894867,0.07455570250749588,16.484052658081055,0.009301461279392242,0.004212910775095224,1.141303300857544,22.914462036466894,4.838881273107607,23.183891106869304,True,0.7942554354667664,381.0,121.5,True,OFFBOARD
27.164,TAKEOFF,True,-12.736100599906955,-5.933468244467699,16.755307023990664,0.04802937020674681,0.014918049442213062,1.208066532631887,-0.002123078234443326,0.0023364153326719647,-0.0036933075338017847,10.000000003626253,7.924202100084607e-08,0.04992755344959976,0.0,0.0,0.0,0.0,-2.4940650090687922e-08,23.497581088325873,0.22769369184970856,0.07448189705610275,16.597911834716797,0.010015890933573246,0.0032445320393890142,1.1424000263214111,22.811080823915635,4.811790944055148,23.074909996867593,True,0.7942554354667664,381.0,121.5,True,OFFBOARD
27.264,TAKEOFF,True,-12.7314637038108,-5.931957973407146,16.871391439571894,0.04851949622458381,0.016500424538109085,1.2101605583985673,-0.0022841119247477876,0.0021908029332848634,-0.0037399193270765724,10.000000003626253,7.924202100084607e-08,0.04992755344959976,0.0,0.0,0.0,0.0,-2.4940650090687922e-08,23.49271309621171,0.23391945660114288,0.07546054571866989,16.714868545532227,0.010629440657794476,0.003062840551137924,1.1440050601959229,22.80912144042012,4.8086163840750435,23.066046666049893,True,0.7942554354667664,381.0,121.5,True,OFFBOARD
27.364,TAKEOFF,True,-12.726589868112905,-5.9302169709337145,16.992410788694727,0.048907661403984566,0.018262305675564656,1.2098264576374935,-0.0024245744091780856,0.0020033296172281027,-0.0037876096144620008,10.000000003626253,7.924202100084607e-08,0.04992755344959976,0.0,0.0,0.0,0.0,-2.4940650090687922e-08,23.48755758823024,0.24211512506008148,0.07703043520450592,16.841876983642578,0.013312598690390587,0.0027578037697821856,1.1436491012573242,22.92644803315395,4.828594121821866,23.176632994315874,True,0.8001947402954102,384.5,132.5,True,OFFBOARD
27.468,TAKEOFF,True,-12.721304583274957,-5.928137027156398,17.123008024463378,0.048833868838981824,0.02015404375746552,1.208991394256905,-0.002331748351186954,0.0012964054050819704,-0.003815639777757315,10.000000003626253,7.924202100084607e-08,0.04992755344959976,0.0,0.0,0.0,0.0,-2.4940650090687922e-08,23.481918398695534,0.24810785055160522,0.07826478779315948,16.957494735717773,0.013704103417694569,0.003167093265801668,1.1410672664642334,22.85004880195416,4.81022669200499,23.09197259295099,True,0.8001947402954102,384.5,132.5,True,OFFBOARD
27.564,TAKEOFF,True,-12.716647751213536,-5.926125901937588,17.2391151204198,0.048152217715963334,0.021663301424721493,1.2102158488367436,-0.0022842116154356,0.0009298663375688975,-0.0038450141508670345,10.000000003626253,7.924202100084607e-08,0.04992755344959976,0.0,0.0,0.0,0.0,-2.4940650090687922e-08,23.476904701477995,0.2530951201915741,0.07938731461763382,17.08086585998535,0.013033929280936718,0.0033655634615570307,1.1385375261306763,22.892634204092637,4.817686623364208,23.13007155783899,True,0.8001947402954102,384.5,132.5,True,OFFBOARD
27.664,TAKEOFF,True,-12.711874428460227,-5.923880888735246,17.360296442830393,0.047372616658572814,0.02316850802987906,1.2132727534973877,-0.002328064480830296,0.0010552049521298477,-0.0038598785619255596,10.000000003626253,7.924202100084607e-08,0.04992755344959976,0.0,0.0,0.0,0.0,-2.4940650090687922e-08,23.47171927962728,0.26046040654182434,0.08110438287258148,17.197534561157227,0.013530191034078598,0.00350615824572742,1.140197515487671,22.833675143894602,4.803033146866002,23.061800338023676,True,0.8397608399391174,387.5,153.5,True,OFFBOARD
27.764,TAKEOFF,True,-12.707170146525739,-5.921485042980062,17.48167662656272,0.046748755003970494,0.0246706547539444,1.2137656666321355,-0.002274856715699386,0.0010802631230909425,-0.003810105768231448,10.000000003626253,7.924202100084607e-08,0.04992755344959976,0.0,0.0,0.0,0.0,-2.4940650090687922e-08,23.466562643059827,0.26921346783638,0.08324530720710754,17.32509994506836,0.014990567229688168,0.0042851087637245655,1.140688180923462,22.856035039278154,4.803984815913522,23.074875735509586,True,0.8397608399391174,387.5,153.5,True,OFFBOARD
27.864,TAKEOFF,True,-12.702715886676343,-5.9190528395230455,17.598141427931193,0.04602444443535465,0.025901462068871693,1.212571216329863,-0.0020212616675132386,0.0007527168379877045,-0.003787815533861285,10.000000003626253,7.924202100084607e-08,0.04992755344959976,0.0,0.0,0.0,0.0,-2.4940650090687922e-08,23.4616388227877,0.2754890024662018,0.08485881239175797,17.44164276123047,0.015323281288146973,0.004563689697533846,1.139256238937378,22.917811675391746,4.807791346069863,23.129653428933025,True,0.8397608399391174,387.5,153.5,True,OFFBOARD
27.964,TAKEOFF,True,-12.698168567138953,-5.916409071505897,17.719357597161682,0.044914150827674526,0.02690904534357205,1.2120427957271886,-0.0019022797275062028,0.0004635315312509406,-0.0037864563491872296,10.000000003626253,7.924202100084607e-08,0.04992755344959976,0.0,0.0,0.0,0.0,-2.4940650090687922e-08,23.456571652863662,0.280682772397995,0.08633542060852051,17.56637954711914,0.014010520651936531,0.004600340034812689,1.136768102645874,22.755952796331744,4.771382145837694,22.958384644097148,True,0.8397608399391174,387.5,153.5,True,OFFBOARD
28.064,TAKEOFF,True,-12.693734535583584,-5.913670666118244,17.840604605777326,0.04386902482150587,0.02781529531559641,1.2128977130114642,-0.0019051936379967385,0.0007329156590426134,-0.0037695117392838907,10.000000003626253,7.924202100084607e-08,0.04992755344959976,0.0,0.0,0.0,0.0,-2.4940650090687922e-08,23.45159033030927,0.28613734245300293,0.0870833471417427,17.683155059814453,0.014900768175721169,0.0037884293124079704,1.1377183198928833,22.868285291148,4.788241634015561,23.066302157367833,True,0.8404614329338074,389.5,168.5,True,OFFBOARD
28.164,TAKEOFF,True,-12.689219256264476,-5.910722873621757,17.966723795304336,0.042995091123125245,0.02887580839036791,1.2122454683931816,-0.0021779167027950108,0.0006826051804622814,-0.0037433953680925647,10.000000003626253,7.924202100084607e-08,0.04992755344959976,0.0,0.0,0.0,0.0,-2.4940650090687922e-08,23.446477698129993,0.2919331192970276,0.08746296167373657,17.809743881225586,0.015020287595689297,0.0032142922282218933,1.1372441053390503,22.782391333666684,4.76328878587473,22.971374748381354,True,0.8404614329338074,389.5,168.5,True,OFFBOARD
28.264,TAKEOFF,True,-12.68513911224287,-5.907892435215378,18.083048599470725,0.04200650957793884,0.03006492231564258,1.2115233981055933,-0.0023379094394883285,0.0004299587471799083,-0.0037595797833263004,10.000000003626253,7.924202100084607e-08,0.04992755344959976,0.0,0.0,0.0,0.0,-2.4940650090687922e-08,23.441815856898057,0.2960225045681,0.08778592199087143,17.924856185913086,0.013078378513455391,0.003146351780742407,1.1345975399017334,22.76434342773822,4.760525662893818,22.949072787212515,True,0.8404614329338074,389.5,168.5,True,OFFBOARD
28.364,TAKEOFF,True,-12.680828917288856,-5.904695136705286,18.209095332712593,0.04099546858221998,0.03137474258087033,1.212607584743027,-0.0024246510777648275,0.0007914733096903052,-0.003792560718618645,10.000000003626253,7.924202100084607e-08,0.04992755344959976,0.0,0.0,0.0,0.0,-2.4940650090687922e-08,23.436839081519725,0.2992335557937622,0.08814112842082977,18.048959732055664,0.010452148504555225,0.002969243796542287,1.13518488407135,22.76849598610741,4.762235253649949,22.950270369950022,True,0.813710629940033,392.5,183.5,True,OFFBOARD
28.416,TAKEOFF,True,-12.678868987059955,-5.90317248861195,18.267318083570995,0.0407146642241681,0.0320189370975296,1.2132790244619325,-0.00249516169850111,0.001069738027097012,-0.0038138920602018883,10.000000003626253,7.924202100084607e-08,0.04992755344959976,0.0,0.0,0.0,0.0,-2.4940650090687922e-08,23.4345587767846,0.3000015616416931,0.08824530988931656,18.087017059326172,0.009605004452168941,0.002783582080155611,1.1353039741516113,22.728383524959586,4.754743953147613,22.90869981208045,True,0.813710629940033,392.5,183.5,True,OFFBOARD
28.512,TAKEOFF,True,-12.674970828189808,-5.900032498813935,18.383797578413514,0.040587461943824205,0.03335261233697016,1.2125945262400473,-0.0026188311761783105,0.0015732129528550395,-0.0038335299579848863,10.000000003626253,7.924202100084607e-08,0.04992755344959976,0.0,0.0,0.0,0.0,-2.4940650090687922e-08,23.429995446986986,0.3033798038959503,0.08954261243343353,18.207929611206055,0.008760916069149971,0.0028103566728532314,1.1370011568069458,22.858472438220048,4.784479786399989,23.038546803356198,True,0.813710629940033,392.5,183.5,True,OFFBOARD
28.564,TAKEOFF,True,-12.672695234064644,-5.898140691774673,18.45164431198049,0.04068709885555195,0.03415629684726553,1.210540932106911,-0.002672996518649426,0.0016846531373158695,-0.0038230860113257076,10.000000003626253,7.924202100084607e-08,0.04992755344959976,0.0,0.0,0.0,0.0,-2.4940650090687922e-08,23.427316830912172,0.3054371774196625,0.09039036929607391,18.297439575195312,0.008510064333677292,0.0027561672031879425,1.135076642036438,22.79882563504627,4.771585181209997,22.975336976261733,True,0.813710629940033,392.5,183.5,True,OFFBOARD
28.664,TAKEOFF,True,-12.668778712736174,-5.894791729504711,18.56767193296763,0.04090123711512026,0.03555814430272352,1.2070829581893987,-0.002731554544082711,0.0017490837759383767,-0.003802015126872937,10.000000003626253,7.924202100084607e-08,0.04992755344959976,0.0,0.0,0.0,0.0,-2.4940650090687922e-08,23.42268342782,0.3074665069580078,0.09130384773015976,18.414390563964844,0.006205136887729168,0.002585850888863206,1.1308494806289673,22.88744696387721,4.787964944112103,23.063263925323334,True,0.813710629940033,392.5,183.5,True,OFFBOARD
28.764,TAKEOFF,True,-12.664670088697516,-5.891161133965114,18.68829422215039,0.04129664285997064,0.036985479289659104,1.2058924483406717,-0.002707565316863522,0.002002234770977504,-0.003804363749205551,10.000000003626253,7.924202100084607e-08,0.04992755344959976,0.0,0.0,0.0,0.0,-2.4940650090687922e-08,23.417793466376622,0.30887559056282043,0.09212460368871689,18.53868865966797,0.0045055001974105835,0.0030243645887821913,1.1270947456359863,22.890051112874016,4.788724205886187,23.064421427661866,True,0.853789210319519,395.0,196.0,True,OFFBOARD
28.864,TAKEOFF,True,-12.660339186431502,-5.887237774288433,18.813769958578735,0.04202042483424306,0.038398860616612185,1.2072202791217879,-0.002688807958944111,0.0023112769838992742,-0.0038383200481497634,10.000000003626253,7.924202100084607e-08,0.04992755344959976,0.0,0.0,0.0,0.0,-2.4940650090687922e-08,23.412615013118657,0.3115619719028473,0.09426471590995789,18.654033660888672,0.005330569110810757,0.0034809664357453585,1.126927375793457,22.81217612677279,4.772438103448369,22.981795917425735,True,0.853789210319519,395.0,196.0,True,OFFBOARD
28.964,TAKEOFF,True,-12.656096273304966,-5.8833323781930185,18.934565578738408,0.04277268033068059,0.03961671428023703,1.2086292306804105,-0.002483451264337787,0.002162427854193465,-0.0038697910529818173,10.000000003626253,7.924202100084607e-08,0.04992755344959976,0.0,0.0,0.0,0.0,-2.4940650090687922e-08,23.407526552677137,0.3149271309375763,0.09707874059677124,18.778406143188477,0.00598759762942791,0.003943558782339096,1.1275255680084229,22.77899263422801,4.76129628338551,22.94317249690159,True,0.853789210319519,395.0,196.0,True,OFFBOARD
29.064,TAKEOFF,True,-12.651962692088315,-5.879482080919106,19.05066666700784,0.04329048894074981,0.04052808740950631,1.2101196070665456,-0.002338607633961678,0.0019722975272438684,-0.003899665513102543,10.000000003626253,7.924202100084607e-08,0.04992755344959976,0.0,0.0,0.0,0.0,-2.4940650090687922e-08,23.40255807469981,0.3172323703765869,0.09902874380350113,18.89219856262207,0.006635515484958887,0.0035113380290567875,1.1285679340362549,22.766282377359886,4.7617025938344835,22.92815678696828,True,0.8352386951446533,397.0,208.0,True,OFFBOARD
29.164,TAKEOFF,True,-12.647441541570762,-5.875218339912231,19.17662578500742,0.04361406640163137,0.04142103450705828,1.2122020784969503,-0.002318266445193216,0.001858430242857996,-0.0039800168819745145,10.000000003626253,7.924202100084607e-08,0.04992755344959976,0.0,0.0,0.0,0.0,-2.4940650090687922e-08,23.397110933102084,0.3189789354801178,0.10070544481277466,19.01504135131836,0.004581798799335957,0.004763766657561064,1.1291929483413696,22.777264045169012,4.771312978821279,22.938813064428835,True,0.8352386951446533,397.0,208.0,True,OFFBOARD
29.264,TAKEOFF,True,-12.643061180960608,-5.871034458764454,19.297989606982973,0.044030394737510845,0.04218865499802922,1.2147824698723655,-0.002091031131019214,0.0021626600426940252,-0.004040583281025481,10.000000003626253,7.924202100084607e-08,0.04992755344959976,0.0,0.0,0.0,0.0,-2.4940650090687922e-08,23.391820501094163,0.3243882954120636,0.10473453253507614,19.1313419342041,0.006626559887081385,0.007404918782413006,1.131652593612671,22.783167499926112,4.773396970395401,22.938900852390475,True,0.8352386951446533,397.0,208.0,True,OFFBOARD
29.364,TAKEOFF,True,-12.638628877074403,-5.86679767583052,19.41949119566853,0.04453478654807681,0.04241119969292791,1.214935176461228,-0.0013886170623140753,0.0018394368029605508,-0.00410897821777006,10.000000003626253,7.924202100084607e-08,0.04992755344959976,0.0,0.0,0.0,0.0,-2.4940650090687922e-08,23.386466887860983,0.33179986476898193,0.11004789918661118,19.25775718688965,0.008469631895422935,0.007877734489738941,1.1315966844558716,22.819203436129513,4.7835612889504375,22.96791341819148,True,0.8352386951446533,397.0,208.0,True,OFFBOARD
29.464,TAKEOFF,True,-12.634353335588735,-5.862740322995007,19.536101282674718,0.04442831308345031,0.0420945340899692,1.2144910657243722,-0.0011468804842320603,0.0011415667070844046,-0.004116817416541895,10.000000003626253,7.924202100084607e-08,0.04992755344959976,0.0,0.0,0.0,0.0,-2.4940650090687922e-08,23.381310401867022,0.337015300989151,0.11382022500038147,19.37240219116211,0.0099257193505764,0.008283481001853943,1.1309871673583984,22.86608095461037,4.790899012067902,23.009429919179055,True,0.8422598242759705,400.0,223.0,True,OFFBOARD
29.564,TAKEOFF,True,-12.630121421536076,-5.858718825202581,19.652713004104097,0.04368226900038123,0.04169646563877917,1.215225161756409,-0.0011014189996413947,0.0006587185829247344,-0.004121558949267078,10.000000003626253,7.924202100084607e-08,0.04992755344959976,0.0,0.0,0.0,0.0,-2.4940650090687922e-08,23.37620548589714,0.3412226736545563,0.11708863824605942,19.495176315307617,0.008526308462023735,0.008948883973062038,1.13038969039917,22.733901561169965,4.7631228016041876,22.869580258642028,True,0.8422598242759705,400.0,223.0,True,OFFBOARD
29.664,TAKEOFF,True,-12.62545775421434,-5.854241979750375,19.78408501888045,0.042775504941657876,0.04121612257306598,1.2175832131450808,-0.0010241150952926107,0.0009667824555955668,-0.004141921841835026,10.000000003626253,7.924202100084607e-08,0.04992755344959976,0.0,0.0,0.0,0.0,-2.4940650090687922e-08,23.370568859938015,0.3467043340206146,0.12258265912532806,19.609609603881836,0.007941427640616894,0.011022152379155159,1.1319767236709595,22.82976871749456,4.783136096050901,22.961030952678787,True,0.8422598242759705,400.0,223.0,True,OFFBOARD
29.764,TAKEOFF,True,-12.621373565003207,-5.850314317410128,19.901057153056993,0.04237775324945713,0.04056986830900399,1.2190698529317086,-0.0005991708241117547,0.0012722754164027647,-0.004158928990813137,10.000000003626253,7.924202100084607e-08,0.04992755344959976,0.0,0.0,0.0,0.0,-2.4940650090687922e-08,23.365631184951173,0.35282862186431885,0.12936238944530487,19.73391342163086,0.007004769518971443,0.012597309425473213,1.133696436882019,22.758937288141926,4.765417272525353,22.88070607398231,True,0.8422598242759705,400.0,223.0,True,OFFBOARD
29.864,TAKEOFF,True,-12.616976852617354,-5.846155791002159,20.0278998447876,0.04222035918903238,0.039361076857550116,1.220330231990829,-0.00010144926033662389,0.0014752510558562952,-0.004151078245801191,10.000000003626253,7.924202100084607e-08,0.04992755344959976,0.0,0.0,0.0,0.0,-2.4940650090687922e-08,23.3603334859554,0.3568972647190094,0.1342518925666809,19.847997665405273,0.00584773113951087,0.012221887707710266,1.1339995861053467,22.791092646461596,4.762660447559968,22.906664710911876,True,0.8574250936508179,402.5,236.0,True,OFFBOARD
29.964,TAKEOFF,True,-12.612754130379995,-5.842292315446197,20.1500162154871,0.04227351429043139,0.037961811997419576,1.2221276868465294,-2.6528379475876924e-05,0.0016864079811092646,-0.00412234005227517,10.000000003626253,7.924202100084607e-08,0.04992755344959976,0.0,0.0,0.0,0.0,-2.4940650090687922e-08,23.355278417309616,0.3599758744239807,0.13839265704154968,19.970975875854492,0.004947529174387455,0.011628249660134315,1.1339361667633057,22.741765314959355,4.741984590389342,22.85032947791444,True,0.8574250936508179,402.5,236.0,True,OFFBOARD
30.064,TAKEOFF,True,-12.608515410305891,-5.838567036814242,20.27235520901292,0.042524855487882304,0.03662487626238766,1.2244361991949384,-0.00010037858708643213,0.0018669149930730154,-0.0040864017702174,10.000000003626253,7.924202100084607e-08,0.04992755344959976,0.0,0.0,0.0,0.0,-2.4940650090687922e-08,23.35024272230807,0.3647754490375519,0.1446663737297058,20.085662841796875,0.006255630403757095,0.013623664155602455,1.136139988899231,22.718603353694462,4.732646788445407,22.819798120860597,True,0.8574250936508179,402.5,236.0,True,OFFBOARD
30.164,TAKEOFF,True,-12.60424926910869,-5.834974984412724,20.39486696707733,0.04273370516237302,0.03518983292842659,1.2255743090357984,0.0004644606291587091,0.0015771246444631968,-0.004069817496778284,10.000000003626253,7.924202100084607e-08,0.04992755344959976,0.0,0.0,0.0,0.0,-2.4940650090687922e-08,23.345214052936225,0.37052270770072937,0.15233226120471954,20.210668563842773,0.006703285966068506,0.015867292881011963,1.1374456882476807,22.746056691457177,4.734761832266883,22.83994706281047,True,0.8689336180686951,406.5,248.5,True,OFFBOARD
30.264,TAKEOFF,True,-12.599981620384863,-5.831563897507644,20.517441733879544,0.04255199270580678,0.032977419787245985,1.2259465812492418,0.00134439232615382,0.0011383089183518427,-0.004019563512824427,10.000000003626253,7.924202100084607e-08,0.04992755344959976,0.0,0.0,0.0,0.0,-2.4940650090687922e-08,23.340229386631236,0.3744763433933258,0.15801869332790375,20.325265884399414,0.0076462156139314175,0.017058344557881355,1.1372755765914917,22.796416275717103,4.732544088582962,22.88382994432027,True,0.8689336180686951,406.5,248.5,True,OFFBOARD
30.364,TAKEOFF,True,-12.595752967017523,-5.828406729332571,20.640098722280975,0.04203399520297304,0.030247437915808924,1.2273407429630154,0.0016198864338988006,0.0010620656075041284,-0.004026104331661973,10.000000003626253,7.924202100084607e-08,0.04992755344959976,0.0,0.0,0.0,0.0,-2.4940650090687922e-08,23.335346113494776,0.37754181027412415,0.16292598843574524,20.448579788208008,0.005804633721709251,0.017346613109111786,1.1371229887008667,22.708976089755808,4.709548320225975,22.789575064198612,True,0.8689336180686951,406.5,248.5,True,OFFBOARD
30.464,TAKEOFF,True,-12.591570802618582,-5.825527114079838,20.762951310966237,0.04166976741571755,0.027469129808146482,1.2295764548143369,0.0016272191397632668,0.0012957255423003552,-0.004014982361146939,10.000000003626253,7.924202100084607e-08,0.04992755344959976,0.0,0.0,0.0,0.0,-2.4940650090687922e-08,23.330577330484267,0.3835843503475189,0.16886082291603088,20.564455032348633,0.006767561659216881,0.018422098830342293,1.138076663017273,22.789210470418855,4.722184892228194,22.863613929398834,True,0.8689336180686951,406.5,248.5,True,OFFBOARD
30.564,TAKEOFF,True,-12.587414654165444,-5.8229201432989,20.88595118941065,0.041456642637684615,0.024757012082802884,1.2301576278967226,0.0018439701429297886,0.0012516122241256406,-0.003991177095455774,10.000000003626253,7.924202100084607e-08,0.04992755344959976,0.0,0.0,0.0,0.0,-2.4940650090687922e-08,23.325901929852556,0.3911781311035156,0.1755664348602295,20.690942764282227,0.00789968203753233,0.019021403044462204,1.1378990411758423,22.800892699554257,4.726691342103247,22.867182707118975,True,0.8597908020019531,411.0,264.0,True,OFFBOARD
30.664,TAKEOFF,True,-12.583288156344274,-5.820593661570239,21.008966405849865,0.04103856902968278,0.021873246737133995,1.2300976173849463,0.0020516512541119947,0.0009513909032471096,-0.004023828142374545,10.000000003626253,7.924202100084607e-08,0.04992755344959976,0.0,0.0,0.0,0.0,-2.4940650090687922e-08,23.321325339951155,0.3964006304740906,0.1804712414741516,20.80618667602539,0.008443077094852924,0.018480101600289345,1.1375577449798584,22.7981442404523,4.726016284542053,22.858261012285222,True,0.8597908020019531,411.0,264.0,True,OFFBOARD
30.764,TAKEOFF,True,-12.579217525722816,-5.818558193827049,21.13198136027449,0.04034940709746757,0.0189728551704934,1.230268138167161,0.0020362365444223434,0.0006258709650406493,-0.004075178477193016,10.000000003626253,7.924202100084607e-08,0.04992755344959976,0.0,0.0,0.0,0.0,-2.4940650090687922e-08,23.316875532857413,0.40059465169906616,0.18459613621234894,20.930498123168945,0.008318022824823856,0.01611511781811714,1.136733889579773,22.711351952429634,4.708009319289917,22.764691040225923,True,0.8597908020019531,411.0,264.0,True,OFFBOARD
30.864,TAKEOFF,True,-12.575388896508036,-5.816866597246832,21.250134332651154,0.039443515334468555,0.01645015466742108,1.2311600975780548,0.0016707878993547237,0.0005535066679335479,-0.004086202931385424,10.000000003626253,7.924202100084607e-08,0.04992755344959976,0.0,0.0,0.0,0.0,-2.4940650090687922e-08,23.312745911289664,0.40590351819992065,0.1872132569551468,21.04940414428711,0.008713478222489357,0.014812611974775791,1.1383790969848633,22.75735612097157,4.7147368746296205,22.805391984409027,True,0.8515416383743286,415.5,276.0,True,OFFBOARD
30.964,TAKEOFF,True,-12.571488259449835,-5.81533455171449,21.37313331031319,0.03862787186802603,0.01434711600709001,1.2282835505584546,0.0013250889163923384,0.0006547401482584892,-0.0040772505673426765,10.000000003626253,7.924202100084607e-08,0.04992755344959976,0.0,0.0,0.0,0.0,-2.4940650090687922e-08,23.30858638528265,0.4118002951145172,0.1892472803592682,21.179250717163086,0.008502882905304432,0.013826507143676281,1.1373107433319092,22.694497416930627,4.6984477290076345,22.734367809743084,True,0.8515416383743286,415.5,276.0,True,OFFBOARD
31.064,TAKEOFF,True,-12.567665745292494,-5.81399357875755,21.49573393545845,0.0378549216679502,0.012589928171137016,1.2241336927769095,0.0011067879627842132,0.0006055788859209753,-0.004057162976913087,10.000000003626253,7.924202100084607e-08,0.04992755344959976,0.0,0.0,0.0,0.0,-2.4940650090687922e-08,23.304550191114604,0.41578927636146545,0.19073736667633057,21.296876907348633,0.008340937085449696,0.012533612549304962,1.1324490308761597,22.73144243467541,4.701490405667723,22.76697759609161,True,0.8515416383743286,415.5,276.0,True,OFFBOARD
31.164,TAKEOFF,True,-12.563775426707133,-5.8127699990822626,21.622899274070303,0.036995016027429925,0.011038004550906479,1.2217995298989444,0.0009638165359153413,0.0006318896903976127,-0.004079302339821773,10.000000003626253,7.924202100084607e-08,0.04992755344959976,0.0,0.0,0.0,0.0,-2.4940650090687922e-08,23.300477627164184,0.41878968477249146,0.1920626014471054,21.42234992980957,0.005712600890547037,0.012669356539845467,1.1292206048965454,22.862521470481422,4.724242230045116,22.896762842260483,True,0.864996075630188,419.0,292.5,True,OFFBOARD
31.264,TAKEOFF,True,-12.56025182306409,-5.811776611878855,21.74016582790145,0.03652288935827357,0.009712133049195657,1.2214587265595462,0.001034212188318714,0.0011488879850636048,-0.004123545123404971,10.000000003626253,7.924202100084607e-08,0.04992755344959976,0.0,0.0,0.0,0.0,-2.4940650090687922e-08,23.29681761080558,0.42262208461761475,0.19320303201675415,21.53973388671875,0.005095208995044231,0.013235567137598991,1.1289969682693481,22.783102190708302,4.69996609393835,22.810128975329757,True,0.864996075630188,419.0,292.5,True,OFFBOARD
31.364,TAKEOFF,True,-12.556601535525296,-5.810883426716043,21.86222651474421,0.036527201946647984,0.0081605208299452,1.2194688041565682,0.0013943237379232803,0.0013973464407646794,-0.00415868190928141,10.000000003626253,7.924202100084607e-08,0.04992755344959976,0.0,0.0,0.0,0.0,-2.4940650090687922e-08,23.293059913112952,0.4269240200519562,0.19438108801841736,21.667064666748047,0.005176656413823366,0.012605828233063221,1.1282416582107544,22.8722972994228,4.71185277034924,22.895465316323133,True,0.864996075630188,419.0,292.5,True,OFFBOARD
31.464,TAKEOFF,True,-12.55294556453059,-5.810158136722896,21.984048022224528,0.036591582619158736,0.0064368938064331745,1.2172966802607486,0.0013444140055232185,0.00141270977459293,-0.0041756310942725845,10.000000003626253,7.924202100084607e-08,0.04992755344959976,0.0,0.0,0.0,0.0,-2.4940650090687922e-08,23.289338597194856,0.42970263957977295,0.19533705711364746,21.782224655151367,0.00458430266007781,0.012721393257379532,1.1258862018585205,22.773390588206563,4.684110818395362,22.790118056420447,True,0.864996075630188,419.0,292.5,True,OFFBOARD
31.564,TAKEOFF,True,-12.549282762034256,-5.809595407197593,22.105754916547568,0.036644514869563764,0.004908842146704417,1.2171952846517273,0.0012320554657433336,0.0013259963419340465,-0.0042300799095337715,10.000000003626253,7.924202100084607e-08,0.04992755344959976,0.0,0.0,0.0,0.0,-2.4940650090687922e-08,23.285651224773023,0.4317714273929596,0.19629137217998505,21.905521392822266,0.0041711716912686825,0.012239431031048298,1.1249618530273438,22.735831242061426,4.670176241981494,22.748334665301275,True,0.8569900989532471,419.5,303.5,True,OFFBOARD
31.664,TAKEOFF,True,-12.54561873346097,-5.809177716299952,22.227540861091025,0.03665212084609024,0.0035423210613817376,1.2185819690299409,0.001046438532305836,0.001395417448127783,-0.0043015775608166796,10.000000003626253,7.924202100084607e-08,0.04992755344959976,0.0,0.0,0.0,0.0,-2.4940650090687922e-08,23.28199885959787,0.4371088743209839,0.1960049867630005,22.0306396484375,0.004986749496310949,0.010926424525678158,1.1262800693511963,22.86318722036769,4.697952070453669,22.873489404272707,True,0.8569900989532471,419.5,303.5,True,OFFBOARD
31.764,TAKEOFF,True,-12.541951065615871,-5.808882111524359,22.349428260121737,0.036673692826926424,0.002452961598779129,1.2189509740442055,0.0008664841605457743,0.0012256724639399298,-0.004376698438791258,10.000000003626253,7.924202100084607e-08,0.04992755344959976,0.0,0.0,0.0,0.0,-2.4940650090687922e-08,23.27837344649125,0.44277697801589966,0.19530951976776123,22.146055221557617,0.007119578775018454,0.010626127943396568,1.1268119812011719,22.6882644356972,4.666291567214999,22.6903369895304,True,0.8569900989532471,419.5,303.5,True,OFFBOARD
31.864,TAKEOFF,True,-12.53815300601116,-5.808679823950545,22.476204864744147,0.036273788463833015,0.0014952369249173034,1.219087323022583,0.000785396934308866,0.0006476066216812355,-0.004371630956882944,10.000000003626253,7.924202100084607e-08,0.04992755344959976,0.0,0.0,0.0,0.0,-2.4940650090687922e-08,23.274645073632836,0.44700998067855835,0.1949537843465805,22.260591506958008,0.006899499800056219,0.010522705502808094,1.1264750957489014,22.68210845092541,4.661473918661602,22.679272609407366,True,0.8569900989532471,419.5,303.5,True,OFFBOARD
31.964,TAKEOFF,True,-12.534709230125713,-5.808576814530789,22.593272216824722,0.0354749513950329,0.0006909144609916678,1.2199750369533533,0.000774197456296608,0.00045286391234427783,-0.004327405531031102,10.000000003626253,7.924202100084607e-08,0.04992755344959976,0.0,0.0,0.0,0.0,-2.4940650090687922e-08,23.271284575214526,0.4502396285533905,0.19482773542404175,22.384326934814453,0.005339839030057192,0.010157045908272266,1.1264151334762573,22.735130664971365,4.6674521011675125,22.729292492773823,True,0.8922567367553711,421.0,316.5,True,OFFBOARD
32.064,TAKEOFF,True,-12.531064290511203,-5.808548614483814,22.720241458142716,0.03470111716659363,-9.099909171424113e-05,1.221440633611295,0.0006474940411192133,0.0007178819882959774,-0.00428748455386325,10.000000003626253,7.924202100084607e-08,0.04992755344959976,0.0,0.0,0.0,0.0,-2.4940650090687922e-08,23.26774798200161,0.4542527496814728,0.19463354349136353,22.502347946166992,0.004204164259135723,0.009193533100187778,1.1280896663665771,22.745856806967293,4.669205634432,22.736257538210342,True,0.8922567367553711,421.0,316.5,True,OFFBOARD
32.164,TAKEOFF,True,-12.527754525310941,-5.80858620528854,22.837428802940224,0.034317698859792856,-0.0006353402229245386,1.2194083986367983,0.0004866067930131677,0.000988115264040411,-0.004256544328482764,10.000000003626253,7.924202100084607e-08,0.04992755344959976,0.0,0.0,0.0,0.0,-2.4940650090687922e-08,23.264552407920657,0.45864197611808777,0.19449667632579803,22.631698608398438,0.005143639165908098,0.010463310405611992,1.1280146837234497,22.78380056802789,4.678991371224034,22.77110886238293,True,0.8922567367553711,421.0,316.5,True,OFFBOARD
32.264,TAKEOFF,True,-12.524200080894262,-5.80867995747995,22.964039849729147,0.034034315045913706,-0.0011767439271925609,1.215839682632763,0.0007056837561617226,0.0009501867970648909,-0.00428267596926086,10.000000003626253,7.924202100084607e-08,0.04992755344959976,0.0,0.0,0.0,0.0,-2.4940650090687922e-08,23.261133962395867,0.461557000875473,0.19474564492702484,22.748493194580078,0.004934336990118027,0.011966004967689514,1.1240450143814087,22.76727649936013,4.676009313089904,22.75141416283118,True,0.8884032964706421,423.5,325.5,True,OFFBOARD
32.364,TAKEOFF,True,-12.520945752446186,-5.808833060880714,23.080669260195926,0.03378461156348224,-0.0020569594693958158,1.21423316886069,0.0012347698537227704,0.0009713275292844215,-0.004362434904475583,10.000000003626253,7.924202100084607e-08,0.04992755344959976,0.0,0.0,0.0,0.0,-2.4940650090687922e-08,23.25802098626935,0.46371743083000183,0.19533315300941467,22.87344741821289,0.0037272118497639894,0.01339767500758171,1.1217674016952515,22.69725177113708,4.6574123682218165,22.67686486674127,True,0.8884032964706421,423.5,325.5,True,OFFBOARD
32.464,TAKEOFF,True,-12.517446565574824,-5.809120406351822,23.206936557979834,0.033552604203781124,-0.003477034903623556,1.2142035208149644,0.0016535097808730874,0.0011391460738597768,-0.004414653942948359,10.000000003626253,7.924202100084607e-08,0.04992755344959976,0.0,0.0,0.0,0.0,-2.4940650090687922e-08,23.254704487758417,0.4691036343574524,0.19594788551330566,22.99029541015625,0.0052259452641010284,0.013932689093053341,1.1224263906478882,22.802356193078083,4.674723770206186,22.7779192042844,True,0.8884032964706421,423.5,325.5,True,OFFBOARD
32.564,TAKEOFF,True,-12.514230330188148,-5.809532883803607,23.32343483567657,0.033416886193719006,-0.00507235653089933,1.2125442674017244,0.0018600293880086842,0.0008924049570850854,-0.004437521559213824,10.000000003626253,7.924202100084607e-08,0.04992755344959976,0.0,0.0,0.0,0.0,-2.4940650090687922e-08,23.251693288291122,0.4762380123138428,0.1967216432094574,23.1173095703125,0.007563068065792322,0.01352822594344616,1.1222050189971924,22.707504385967887,4.653546881584155,22.673607912764453,True,0.8884032964706421,423.5,325.5,True,OFFBOARD
32.664,TAKEOFF,True,-12.510916932974428,-5.810128317751456,23.44456757391184,0.03275692572180604,-0.006738148614501594,1.2103947883450443,0.0017315321207236123,0.0001797774991111916,-0.004383302528907459,10.000000003626253,7.924202100084607e-08,0.04992755344959976,0.0,0.0,0.0,0.0,-2.4940650090687922e-08,23.24863379461437,0.4811393916606903,0.1974821835756302,23.23299789428711,0.0076926760375499725,0.013255801983177662,1.1196343898773193,22.772355650051452,4.658925483894327,22.73329713438645,True,0.8854411840438843,425.5,338.5,True,OFFBOARD
32.764,TAKEOFF,True,-12.507578332079042,-5.8109100194385395,23.570400959375924,0.0314327552990862,-0.008214695962122055,1.2097704573765713,0.0016777406525202761,-0.00023499983405504736,-0.004341383909256033,10.000000003626253,7.924202100084607e-08,0.04992755344959976,0.0,0.0,0.0,0.0,-2.4940650090687922e-08,23.245596544568567,0.48504137992858887,0.19844265282154083,23.357023239135742,0.007757365237921476,0.013899452984333038,1.1181256771087646,22.794610707509797,4.65859761586461,22.751040984458488,True,0.8854411840438843,425.5,338.5,True,OFFBOARD
32.864,TAKEOFF,True,-12.504509447191317,-5.811807384938847,23.690851592279806,0.030010039781437497,-0.00969852232854381,1.1925523553939692,0.0019516566420695988,-0.0002534695699944972,-0.004351123410684436,10.000000003626253,7.924202100084607e-08,0.04992755344959976,0.0,0.0,0.0,0.0,-2.4940650090687922e-08,23.24284947295933,0.48871225118637085,0.19854626059532166,23.47466468811035,0.006640209816396236,0.014291585423052311,1.1087613105773926,22.761384114328642,4.6444960646232865,22.71207567755853,True,0.8854411840438843,425.5,338.5,True,OFFBOARD
32.964,TAKEOFF,True,-12.501572071796275,-5.812859657188816,23.80738839221257,0.028864398851122137,-0.0112877085634573,1.134633050985776,0.0020854007505281664,0.0001810636667490959,-0.004327267868210142,10.000000003626253,7.924202100084607e-08,0.04992755344959976,0.0,0.0,0.0,0.0,-2.4940650090687922e-08,23.24026859097919,0.49210596084594727,0.19834281504154205,23.60015869140625,0.00438348762691021,0.013466468080878258,1.05774986743927,22.764817945830213,4.635403398039074,22.71037661033502,True,0.8854411840438843,425.5,338.5,True,OFFBOARD
33.064,TAKEOFF,True,-12.4988350526994,-5.814014761682685,23.912446160059435,0.02826044131832375,-0.01266803812203148,1.0556525289905831,0.0018197225752588932,0.0006814524532830014,-0.004258163550105239,10.000000003626253,7.924202100084607e-08,0.04992755344959976,0.0,0.0,0.0,0.0,-2.4940650090687922e-08,23.23790755344037,0.49404478073120117,0.19840478897094727,23.707895278930664,0.0008675269782543182,0.011894605122506618,0.9814626574516296,22.789143233676583,4.630330100814931,22.73133029534987,True,0.880673885345459,428.5,351.0,True,OFFBOARD
33.164,TAKEOFF,True,-12.496018477136044,-5.815339915344516,24.013651242695143,0.02818800006799653,-0.01372990409403376,0.9725082022326349,0.001452541117613427,0.001420078464751802,-0.004221552467268306,10.000000003626253,7.924202100084607e-08,0.04992755344959976,0.0,0.0,0.0,0.0,-2.4940650090687922e-08,23.235512190167803,0.494984894990921,0.19864147901535034,23.814908981323242,-0.00269674276933074,0.010453962720930576,0.8957564830780029,22.630023057720347,4.598631077933844,22.568115183507885,True,0.880673885345459,428.5,351.0,True,OFFBOARD
33.264,TAKEOFF,True,-12.493171465740616,-5.816752814439739,24.106685779583014,0.02882192963900485,-0.014444103852849112,0.891850576797133,0.0011696811178614525,0.002035091956116202,-0.004244906388898655,10.000000003626253,7.924202100084607e-08,0.04992755344959976,0.0,0.0,0.0,0.0,-2.4940650090687922e-08,23.233109498655036,0.4984433352947235,0.19760729372501373,23.910282135009766,-0.0029936227947473526,0.010091818869113922,0.8202771544456482,22.694710714276198,4.609751892477987,22.63053922290722,True,0.880673885345459,428.5,351.0,True,OFFBOARD
33.364,TAKEOFF,True,-12.490243070894953,-5.818228298658699,24.19182178920809,0.029682354559819855,-0.015050776593513806,0.8139063643975359,0.001244531644303835,0.0018731149300110325,-0.004281024568052649,10.000000003626253,7.924202100084607e-08,0.04992755344959976,0.0,0.0,0.0,0.0,-2.4940650090687922e-08,23.2306438784735,0.5031181573867798,0.19608880579471588,24.00535774230957,-0.0016384483315050602,0.009146668016910553,0.7421984076499939,22.785182772103152,4.623971558799043,22.717758453878073,True,0.880673885345459,428.5,351.0,True,OFFBOARD
33.464,TAKEOFF,True,-12.487248927629885,-5.819763935845262,24.26919411382989,0.030084154784359995,-0.015599479991606359,0.7373436122220799,0.0010538036876698413,0.0012630053998826467,-0.004271712851729014,10.000000003626253,7.924202100084607e-08,0.04992755344959976,0.0,0.0,0.0,0.0,-2.4940650090687922e-08,23.228129879256,0.506108283996582,0.19518378376960754,24.08283042907715,-0.0013931032735854387,0.007812922820448875,0.6700925230979919,22.641954134745035,4.5954027583453705,22.568952092472394,True,0.8766157627105713,431.5,361.0,True,OFFBOARD
33.564,TAKEOFF,True,-12.484242002662912,-5.821342936563215,24.339508094856466,0.030011041097602626,-0.01592099113316496,0.6737840961108831,0.0007823304205938498,0.000999476686079573,-0.00424117272868838,10.000000003626253,7.924202100084607e-08,0.04992755344959976,0.0,0.0,0.0,0.0,-2.4940650090687922e-08,23.225614590469778,0.5081104040145874,0.1945720911026001,24.15767478942871,-0.003179394407197833,0.007716378662735224,0.6029868721961975,22.655805724386255,4.5907030620204425,22.579778021882237,True,0.8766157627105713,431.5,361.0,True,OFFBOARD
33.664,TAKEOFF,True,-12.481244944934195,-5.822943430478066,24.404090744138212,0.02996996778554476,-0.016102920721909914,0.6215899783305842,0.0008996195862513082,0.00124245083314386,-0.0041907374758616955,10.000000003626253,7.924202100084607e-08,0.04992755344959976,0.0,0.0,0.0,0.0,-2.4940650090687922e-08,23.223114467154613,0.5114917755126953,0.19273591041564941,24.221166610717773,-0.0034307767637073994,0.007550767157226801,0.5515682101249695,22.789783691829378,4.613365788740436,22.712645359573575,True,0.8766157627105713,431.5,361.0,True,OFFBOARD
33.764,TAKEOFF,True,-12.478116234865075,-5.8246374937706085,24.466246517225677,0.03023239943069637,-0.016495122124203607,0.5762517612705191,0.0010935203770449365,0.001489319674523384,-0.004190428096247869,10.000000003626253,7.924202100084607e-08,0.04992755344959976,0.0,0.0,0.0,0.0,-2.4940650090687922e-08,23.220510599211167,0.5154634714126587,0.19034577906131744,24.284528732299805,-0.002731149084866047,0.0066409604623913765,0.5057514905929565,22.789594385106767,4.611432808498236,22.708652942925497,True,0.8776534199714661,433.5,371.0,True,OFFBOARD
33.864,TAKEOFF,True,-12.475198250185548,-5.826242065980982,24.51964248470714,0.030535162739195598,-0.016894866635234908,0.5380739455833881,0.0009504695091577415,0.0014335498388048445,-0.004206945052304198,10.000000003626253,7.924202100084607e-08,0.04992755344959976,0.0,0.0,0.0,0.0,-2.4940650090687922e-08,23.218088510532425,0.5178819298744202,0.1888122409582138,24.33798599243164,-0.0033071222715079784,0.006282959599047899,0.46755683422088623,22.779240941766293,4.607017615269285,22.695564407741234,True,0.8776534199714661,433.5,371.0,True,OFFBOARD
33.964,TAKEOFF,True,-12.472007909373417,-5.828012100278923,24.573555730125744,0.030817130893642835,-0.017111805842873525,0.5008793632614971,0.0008327330558233892,0.001511792639833213,-0.004193420038959321,10.000000003626253,7.924202100084607e-08,0.04992755344959976,0.0,0.0,0.0,0.0,-2.4940650090687922e-08,23.215444548975672,0.5194036960601807,0.18782667815685272,24.390684127807617,-0.0038374990690499544,0.007004740182310343,0.42962121963500977,22.812661001843377,4.612929831676156,22.728195247778526,True,0.8776534199714661,433.5,371.0,True,OFFBOARD
34.064,TAKEOFF,True,-12.468904274762666,-5.829735008933385,24.6219270730183,0.03128710906946796,-0.017363392482175107,0.46804382803482203,0.0010103123194008365,0.0018398691529466582,-0.004194555952914159,10.000000003626253,7.924202100084607e-08,0.04992755344959976,0.0,0.0,0.0,0.0,-2.4940650090687922e-08,23.212872951655665,0.5225147008895874,0.18629522621631622,24.438322067260742,-0.0038592631462961435,0.007398503832519054,0.4001190960407257,22.626695464208407,4.571411607612051,22.534951805936018,True,0.8776534199714661,433.5,371.0,True,OFFBOARD
34.164,TAKEOFF,True,-12.465867136963542,-5.831421591001977,24.665319400867272,0.03197188033820163,-0.017779982485098204,0.43722044952309025,0.001177457915121347,0.0019734214973366675,-0.004148617236686835,10.000000003626253,7.924202100084607e-08,0.04992755344959976,0.0,0.0,0.0,0.0,-2.4940650090687922e-08,23.21035684936411,0.5262938737869263,0.1845909208059311,24.48660659790039,-0.0037484329659491777,0.007236214354634285,0.368601530790329,22.754925961471468,4.59060545438072,22.66109107169624,True,0.8788405656814575,433.5,379.0,True,OFFBOARD
34.268,TAKEOFF,True,-12.462500727766972,-5.833300790793792,24.708998549514074,0.03272224255969494,-0.018348164289871165,0.40446208087301916,0.0012166878862079269,0.0018922417571856534,-0.0041026445207577155,10.000000003626253,7.924202100084607e-08,0.04992755344959976,0.0,0.0,0.0,0.0,-2.4940650090687922e-08,23.207570707598883,0.5285421013832092,0.183631032705307,24.526729583740234,-0.0035988374147564173,0.007369382306933403,0.3392653465270996,22.74087600989572,4.590742490235785,22.645317596853243,True,0.8788405656814575,433.5,379.0,True,OFFBOARD
34.364,TAKEOFF,True,-12.459199322951669,-5.835159482614622,24.747960128904065,0.033240917496733226,-0.018796046629840128,0.3762484242056701,0.0011653951273608834,0.001632905042568922,-0.00406437650110228,10.000000003626253,7.924202100084607e-08,0.04992755344959976,0.0,0.0,0.0,0.0,-2.4940650090687922e-08,23.204842630435685,0.5300031900405884,0.18317405879497528,24.566648483276367,-0.004449574276804924,0.008213662542402744,0.31050729751586914,22.777216849154062,4.601044376293981,22.681624583271894,True,0.8788405656814575,433.5,379.0,True,OFFBOARD
34.464,TAKEOFF,True,-12.45585786370833,-5.8370643487259235,24.78420431780008,0.03358947818803353,-0.019306565847728656,0.3500312001866445,0.001319596539674849,0.0017326890543956515,-0.0040335677724786185,10.000000003626253,7.924202100084607e-08,0.04992755344959976,0.0,0.0,0.0,0.0,-2.4940650090687922e-08,23.202087701200107,0.5326820611953735,0.18111151456832886,24.602989196777344,-0.0042745317332446575,0.006983808241784573,0.28649476170539856,22.714254613623602,4.590497362605836,22.61558852772819,True,0.8788405656814575,433.5,379.0,True,OFFBOARD
34.564,TAKEOFF,True,-12.452609599977542,-5.8389423293164295,24.81661477622635,0.03406785907241171,-0.01974382645476065,0.3260633914816407,0.0009986730083152008,0.001824110482805441,-0.004024042020966206,10.000000003626253,7.924202100084607e-08,0.04992755344959976,0.0,0.0,0.0,0.0,-2.4940650090687922e-08,23.19941651124665,0.5358180403709412,0.17826072871685028,24.640172958374023,-0.005031983833760023,0.006325394380837679,0.26223891973495483,22.675818677090955,4.5841521022994804,22.574133582261194,True,0.8759524822235107,434.0,385.0,True,OFFBOARD
34.664,TAKEOFF,True,-12.449171189213331,-5.840925049546706,24.84789041112256,0.03472034438722498,-0.019875635014486664,0.30081957252408187,0.0007850485816598414,0.0021121571976006797,-0.004021097090304417,10.000000003626253,7.924202100084607e-08,0.04992755344959976,0.0,0.0,0.0,0.0,-2.4940650090687922e-08,23.19658797335363,0.5376359224319458,0.17637591063976288,24.672889709472656,-0.005564612336456776,0.005823344457894564,0.23761974275112152,22.774885186427074,4.614783316864204,22.675861949056753,True,0.8759524822235107,434.0,385.0,True,OFFBOARD
34.764,TAKEOFF,True,-12.445369516857133,-5.843073137397346,24.879019087850097,0.03569095174968647,-0.019907776276428087,0.2768331858722469,0.000784907850486715,0.002404252773227258,-0.00398280182090355,10.000000003626253,7.924202100084607e-08,0.04992755344959976,0.0,0.0,0.0,0.0,-2.4940650090687922e-08,23.193449884095575,0.5384273529052734,0.17525950074195862,24.699552536010742,-0.00655430369079113,0.005269161891192198,0.2176361382007599,22.659087638501056,4.59117646325872,22.557126015753376,True,0.8759524822235107,434.0,385.0,True,OFFBOARD
34.864,TAKEOFF,True,-12.442038428187216,-5.844906667247619,24.903585030508463,0.03669363005719688,-0.019952864297614812,0.25830918888443244,0.000809198665324181,0.0025307602984566357,-0.003988544177057599,10.000000003626253,7.924202100084607e-08,0.04992755344959976,0.0,0.0,0.0,0.0,-2.4940650090687922e-08,23.190688300482865,0.5420691967010498,0.17291174829006195,24.726802825927734,-0.005710223224014044,0.003714226186275482,0.19927780330181122,22.656310653057066,4.59247620772093,22.551545960334504,True,0.8759524822235107,434.0,385.0,True,OFFBOARD
34.964,TAKEOFF,True,-12.438160893947908,-5.8469836587657325,24.929377678271578,0.03779065653151072,-0.01994066171714968,0.23840907745102025,0.0004976472770810062,0.0023197186791004596,-0.003989995652719815,10.000000003626253,7.924202100084607e-08,0.04992755344959976,0.0,0.0,0.0,0.0,-2.4940650090687922e-08,23.1874596128587,0.546998918056488,0.16996663808822632,24.755348205566406,-0.004138551652431488,0.0024844303261488676,0.1815035194158554,22.77680031555726,4.61076154072644,22.66902577394152,True,0.8758543729782104,435.5,387.5,True,OFFBOARD
35.064,TRANSIT,True,-12.434344188504701,-5.848958158894993,24.952231187169765,0.03843837922498524,-0.019513416869758434,0.2217628399636819,0.0004274521362137674,0.001131977921115296,-0.003958129775022963,10.000000003626253,7.924202100084607e-08,0.04992755344959976,0.0,0.0,0.0,0.0,-2.4940650090687922e-08,23.184264314454115,0.5502753257751465,0.16798216104507446,24.780214309692383,-0.004179126583039761,0.0034564624074846506,0.1626620888710022,22.74646672748094,4.5994944120466945,22.634248685828645,True,0.8758543729782104,435.5,387.5,True,OFFBOARD
35.164,TRANSIT,True,-12.43097183612699,-5.850923523818616,24.973177612249973,0.02740962560341707,-0.022961565054499276,0.21305370962217812,0.010995531012387172,-0.029386739807933722,-0.0038374560410216786,10.000000003626253,7.924202100084607e-08,0.04992755344959976,0.0,0.0,0.0,0.0,-2.4940650090687922e-08,23.18149703286341,0.5519067645072937,0.16682440042495728,24.80135726928711,-0.013668385334312916,0.0013359796721488237,0.1569753885269165,22.618364070686752,4.565284484532342,22.50055530774578,True,0.8758543729782104,435.5,387.5,True,OFFBOARD
35.264,TRANSIT,True,-12.430436662681315,-5.854057501744008,24.994290681020743,-0.020645506145060426,-0.03830985705144293,0.19269702544938905,0.02089468926851883,-0.06213817950106823,-0.004047420836266552,10.000000003626253,7.924202100084607e-08,0.04992755344959976,0.0,0.0,0.0,0.0,-2.4940650090687922e-08,23.181770406997284,0.5531719923019409,0.1650453358888626,24.821659088134766,-0.05460872873663902,-0.009501233696937561,0.13857655227184296,22.445203557865568,4.5206308750203705,22.32111492413239,True,0.8823499083518982,435.5,393.0,True,OFFBOARD
35.364,TRANSIT,True,-12.435729789446757,-5.858882547583388,25.012497976811513,-0.08300135963644421,-0.05738621811121008,0.17300556223012292,0.021173396219534315,-0.06564045016397344,-0.003981005995660286,10.000000003626253,7.924202100084607e-08,0.04992755344959976,0.0,0.0,0.0,0.0,-2.4940650090687922e-08,23.188110681612258,0.5493274927139282,0.16181786358356476,24.841306686401367,-0.1181124672293663,-0.02679559774696827,0.11844883859157562,22.592934271299384,4.557388399421875,22.47758083389822,True,0.8823499083518982,435.5,393.0,True,OFFBOARD
35.464,TRANSIT,True,-12.446977410488545,-5.86549559487758,25.02897017879196,-0.13718279811421313,-0.073378969543085,0.15746048129319912,0.01642881935966748,-0.051798258137899664,-0.003638296770694841,10.000000003626253,7.924202100084607e-08,0.04992755344959976,0.0,0.0,0.0,0.0,-2.4940650090687922e-08,23.200664527829705,0.5431563854217529,0.1558164358139038,24.860273361206055,-0.17077691853046417,-0.04090182110667229,0.10464836657047272,22.675557333102073,4.582762374311727,22.570800208483153,True,0.8823499083518982,435.5,393.0,True,OFFBOARD
35.564,TRANSIT,True,-12.46277524714447,-5.87342732110687,25.043991633191304,-0.17458905716129147,-0.08397376633336526,0.1433885402732267,0.01159727761251297,-0.03696415736984593,-0.0033491126500581614,10.000000003626253,7.924202100084607e-08,0.04992755344959976,0.0,0.0,0.0,0.0,-2.4940650090687922e-08,23.217954720297975,0.5322660803794861,0.1476593315601349,24.879741668701172,-0.21027438342571259,-0.05123808979988098,0.09199412912130356,22.676314295827073,4.580823661071756,22.583441220073652,True,0.8823499083518982,435.5,393.0,True,OFFBOARD
35.664,TRANSIT,True,-12.480791775239808,-5.881826314676802,25.05705730302948,-0.19829547065019862,-0.09025668523969342,0.12959826355578474,0.008660243870790252,-0.028445583544223448,-0.0032048981057258698,10.000000003626253,7.924202100084607e-08,0.04992755344959976,0.0,0.0,0.0,0.0,-2.4940650090687922e-08,23.23751020942072,0.5167174935340881,0.1402255743741989,24.89447593688965,-0.23516829311847687,-0.057518940418958664,0.07930538058280945,22.72680075131736,4.5878241318155455,22.651024949123585,True,0.8670340180397034,435.5,394.0,True,OFFBOARD
35.764,TRANSIT,True,-12.501593697128355,-5.891077260223148,25.069386364865263,-0.2162579131151836,-0.09424640599989864,0.1178542077130832,0.006618751249412092,-0.024292396053462766,-0.0030884889557831973,10.000000003626253,7.924202100084607e-08,0.04992755344959976,0.0,0.0,0.0,0.0,-2.4940650090687922e-08,23.25997659700885,0.49569910764694214,0.13240766525268555,24.90764808654785,-0.25314000248908997,-0.06100078672170639,0.06800444424152374,22.750042565524485,4.590306427518581,22.696446067959382,True,0.8670340180397034,435.5,394.0,True,OFFBOARD
35.864,TRANSIT,True,-12.52398799773195,-5.900631859971572,25.080640750958516,-0.2305331075308118,-0.09652913009644841,0.10800830863508055,0.005243002213983895,-0.021545525373703005,-0.003053481572882459,10.000000003626253,7.924202100084607e-08,0.04992755344959976,0.0,0.0,0.0,0.0,-2.4940650090687922e-08,23.284060916588327,0.47557690739631653,0.12269309163093567,24.92137908935547,-0.2666439116001129,-0.0638163611292839,0.058092452585697174,22.693159914942814,4.580606665562285,22.660405736214443,True,0.8670340180397034,435.5,394.0,True,OFFBOARD
35.964,TRANSIT,True,-12.547645554055192,-5.9103402905674365,25.090973986257445,-0.24160943460978723,-0.09736277111483006,0.09887540658190733,0.0037963266218957424,-0.018498464561153814,-0.003032799390114065,10.000000003626253,7.924202100084607e-08,0.04992755344959976,0.0,0.0,0.0,0.0,-2.4940650090687922e-08,23.30940675954305,0.45597127079963684,0.11337437480688095,24.932958602905273,-0.2757982015609741,-0.064580537378788,0.05082927271723747,22.777545710583315,4.598756784597434,22.76776978170814,True,0.8714191913604736,452.0,471.0,True,OFFBOARD
36.064,ACQUIRE,True,-12.573226035051112,-5.9204488481311435,25.100752681357438,-0.24935892511663138,-0.09683046066504841,0.08970602608648338,0.0024854265158906867,-0.014839907516414922,-0.0030020463749322558,10.000000003626253,7.924202100084607e-08,0.04992755344959976,0.0,0.0,0.0,0.0,-2.4940650090687922e-08,23.336714620847037,0.4337296783924103,0.10496878623962402,24.942949295043945,-0.28202730417251587,-0.0633828192949295,0.042846135795116425,22.836305361794746,4.60320394273376,22.849715901378065,True,0.8714191913604736,452.0,471.0,True,OFFBOARD
36.164,ACQUIRE,True,-12.597270221647989,-5.9296705553321924,25.09784363245636,-0.24996721232887292,-0.09502031685532596,-0.22787110101596753,-0.002518400132677903,-0.004085880930822178,-0.0029644375439463644,10.000000003626253,7.924202100084607e-08,0.04992755344959976,0.0,0.0,0.0,0.0,-2.4940650090687922e-08,23.362311860528653,0.4072713553905487,0.09659896790981293,24.944997787475586,-0.29043999314308167,-0.06680534780025482,-0.21761593222618103,22.77698135676052,4.5864542596431255,22.81584375135176,True,0.8714191913604736,452.0,471.0,True,OFFBOARD
36.264,ACQUIRE,True,-12.622721292874791,-5.939185603333103,25.050958423419253,-0.23640202616087042,-0.0863725130456812,-0.6202797515535612,-0.017368894338850582,0.025385137659645434,-0.003049539467231072,10.000000003626253,7.924202100084607e-08,0.04992755344959976,0.0,0.0,0.0,0.0,-2.4940650090687922e-08,23.389344698628626,0.3838270306587219,0.08618525415658951,24.91196060180664,-0.2882106900215149,-0.06937053054571152,-0.608680248260498,22.72497734810451,4.601995587452561,22.792971295401806,True,0.8714191913604736,452.0,471.0,True,OFFBOARD
36.364,ACQUIRE,True,-12.643853927641171,-5.946589923040252,24.98103575538697,-0.20177484271702661,-0.06691464826329818,-0.806429590541299,-0.02830985888153033,0.04794499667842902,-0.0033234897366443044,10.000000003626253,7.924202100084607e-08,0.04992755344959976,0.0,0.0,0.0,0.0,-2.4940650090687922e-08,23.4116649026894,0.3602201044559479,0.07469234615564346,24.844911575317383,-0.25704464316368103,-0.0581134557723999,-0.8335334658622742,22.890565255830165,4.644553714062415,22.989129726067024,True,0.8808387517929077,440.5,430.5,True,OFFBOARD
36.464,ACQUIRE,True,-12.661389262855142,-5.951855729074582,24.895161988147024,-0.14929090280463583,-0.03881772045098867,-0.8943820191986491,-0.031729547336472,0.057554266842238154,-0.0033824513397215914,10.000000003626253,7.924202100084607e-08,0.04992755344959976,0.0,0.0,0.0,0.0,-2.4940650090687922e-08,23.42996267709341,0.3408167064189911,0.066922627389431,24.76661491394043,-0.20921041071414948,-0.03755878284573555,-0.9266161322593689,22.71085303964462,4.58473295379224,22.821681263552573,True,0.8808387517929077,440.5,430.5,True,OFFBOARD
36.564,ACQUIRE,True,-12.673556464142683,-5.954199305858928,24.80009404693554,-0.08539224428488557,-0.007198078915197934,-0.9258009848374706,-0.03346855223643315,0.06886066231046194,-0.0034973606511250594,10.000000003626253,7.924202100084607e-08,0.04992755344959976,0.0,0.0,0.0,0.0,-2.4940650090687922e-08,23.442326105031537,0.32434019446372986,0.06202884018421173,24.673768997192383,-0.14675471186637878,-0.010662263259291649,-0.9637367725372314,22.65166533551826,4.552198550493963,22.774351186845013,True,0.8808387517929077,440.5,430.5,True,OFFBOARD
36.664,ACQUIRE,True,-12.678263694172946,-5.953339942042068,24.71098619809463,-0.012803537932999844,0.024350793611207712,-0.9280520816948455,-0.037929963249815395,0.08944421476841649,-0.0038480899927743205,10.000000003626253,7.924202100084607e-08,0.04992755344959976,0.0,0.0,0.0,0.0,-2.4940650090687922e-08,23.446660780502196,0.3172589838504791,0.06117178127169609,24.589223861694336,-0.07555459439754486,0.015993600711226463,-0.9662386775016785,22.79359010996825,4.578939166823978,22.92587365927088,True,0.8808387517929077,440.5,430.5,True,OFFBOARD
36.764,ACQUIRE,True,-12.67474642586591,-5.949023377587102,24.618343370236353,0.08275228398459293,0.0611989837098147,-0.9246877827550305,-0.04360475703238615,0.11416234718213421,-0.004285433681256404,10.000000003626253,7.924202100084607e-08,0.04992755344959976,0.0,0.0,0.0,0.0,-2.4940650090687922e-08,23.44216299174781,0.31871047616004944,0.06404344737529755,24.49834632873535,0.022575467824935913,0.04899987205862999,-0.9608815908432007,22.787340452631266,4.580759497032325,22.918116346960332,True,0.8746636509895325,436.0,412.5,True,OFFBOARD
36.864,ACQUIRE,True,-12.6598645305827,-5.9404144519127255,24.5224492540058,0.2016611515867696,0.10320435072305109,-0.9192888706979705,-0.04785742467750451,0.1348349689862214,-0.004576994773466742,10.000000003626253,7.924202100084607e-08,0.04992755344959976,0.0,0.0,0.0,0.0,-2.4940650090687922e-08,23.42558399508228,0.32869386672973633,0.07011205703020096,24.412921905517578,0.13222558796405792,0.08197717368602753,-0.9557514190673828,22.840560803931794,4.589013420882514,22.960936882769342,True,0.8746636509895325,436.0,412.5,True,OFFBOARD
36.964,ACQUIRE,True,-12.633226227274209,-5.92792267546024,24.43083480527258,0.32716884968474963,0.1449744956667869,-0.9130197817793766,-0.04942981307128976,0.14603304512833706,-0.004631037501732919,10.000000003626253,7.924202100084607e-08,0.04992755344959976,0.0,0.0,0.0,0.0,-2.4940650090687922e-08,23.396649285845136,0.3509362041950226,0.08058526366949081,24.319746017456055,0.2619750201702118,0.11983860284090042,-0.9483644366264343,22.922221371573368,4.604493142122667,23.020179334658632,True,0.8746636509895325,436.0,412.5,True,OFFBOARD
37.064,ACQUIRE,True,-12.593818164040341,-5.911289242139378,24.33991549477788,0.4559058078639453,0.18573416050541272,-0.9054967470378039,-0.048791943413571376,0.15103096560663098,-0.004536066876930841,10.000000003626253,7.924202100084607e-08,0.04992755344959976,0.0,0.0,0.0,0.0,-2.4940650090687922e-08,23.354313538073836,0.38398951292037964,0.09296119958162308,24.23368263244629,0.3880249559879303,0.1541411578655243,-0.9405370354652405,22.785626016184846,4.575822320713146,22.845773391499435,True,0.8737710118293762,407.5,321.5,True,OFFBOARD
37.164,ACQUIRE,True,-12.543941888168135,-5.891609965149865,24.25334064555537,0.5774427099044641,0.2221916875920709,-0.8984314972788542,-0.04669430783253022,0.15131817483519297,-0.004353009920039512,10.000000003626253,7.924202100084607e-08,0.04992755344959976,0.0,0.0,0.0,0.0,-2.4940650090687922e-08,23.30108119671234,0.43311071395874023,0.10966527462005615,24.14020347595215,0.5219663381576538,0.1876513957977295,-0.9316595792770386,22.699814007477006,4.554327265826513,22.70597048746546,True,0.8737710118293762,407.5,321.5,True,OFFBOARD
37.264,ACQUIRE,True,-12.479856182198317,-5.867571292373136,24.16383747679738,0.6982100876516056,0.25655603949584577,-0.8920196906680716,-0.04389615650723479,0.1483404691706102,-0.004113602448074351,10.000000003626253,7.924202100084607e-08,0.04992755344959976,0.0,0.0,0.0,0.0,-2.4940650090687922e-08,23.233000837953607,0.48984086513519287,0.1284249871969223,24.053722381591797,0.6403423547744751,0.21593205630779266,-0.9249202013015747,22.680275647112676,4.543539970636682,22.62539803252509,True,0.8737710118293762,407.5,321.5,True,OFFBOARD
37.364,ACQUIRE,True,-12.404135169823936,-5.840317977839257,24.074926250895754,0.81001101946592,0.2865181350774137,-0.8864997135639202,-0.04008563204905078,0.14194565985014249,-0.0038714408227813646,10.000000003626253,7.924202100084607e-08,0.04992755344959976,0.0,0.0,0.0,0.0,-2.4940650090687922e-08,23.15285269417351,0.5632171034812927,0.15187440812587738,23.960325241088867,0.759638249874115,0.24170808494091034,-0.9192590117454529,22.67584893317105,4.543317870153791,22.54447298376248,True,0.8737710118293762,407.5,321.5,True,OFFBOARD
37.464,ACQUIRE,True,-12.314146680858897,-5.8090712296587,23.98305174673543,0.9143436160309232,0.3124824432203291,-0.8806589325100359,-0.03562388827103911,0.13297352964018763,-0.003617935285446852,10.000000003626253,7.924202100084607e-08,0.04992755344959976,0.0,0.0,0.0,0.0,-2.4940650090687922e-08,23.05789347986093,0.6481032371520996,0.18025845289230347,23.869182586669922,0.8661230802536011,0.26568540930747986,-0.9136340618133545,22.717667754704543,4.553138815062698,22.498616860959814,True,0.8839535713195801,394.0,226.0,True,OFFBOARD
37.564,ACQUIRE,True,-12.222071950808884,-5.7780880299567,23.898697865490643,0.9983492549509994,0.33134708089087267,-0.8772425463969649,-0.030706796850520968,0.12325837044486715,-0.003417182696268679,10.000000003626253,7.924202100084607e-08,0.04992755344959976,0.0,0.0,0.0,0.0,-2.4940650090687922e-08,22.960983954215823,0.7354496121406555,0.20920152962207794,23.785789489746094,0.9515551328659058,0.2830564081668854,-0.9094282984733582,22.682746706718024,4.551283543957591,22.37269599259017,True,0.8839535713195801,394.0,226.0,True,OFFBOARD
37.664,ACQUIRE,True,-12.118267114899197,-5.744185131853179,23.811061997317818,1.0724053345941496,0.3450990839384775,-0.875815407845928,-0.024627791295883862,0.11141400603000748,-0.0032167854363363835,10.000000003626253,7.924202100084607e-08,0.04992755344959976,0.0,0.0,0.0,0.0,-2.4940650090687922e-08,22.851989061475784,0.830234944820404,0.23906689882278442,23.7025146484375,1.0248188972473145,0.2956649363040924,-0.9078264832496643,22.63762926738244,4.549817111491354,22.229372787726895,True,0.8839535713195801,394.0,226.0,True,OFFBOARD
37.764,ACQUIRE,True,-12.003273294135493,-5.707817955207942,23.72003119665823,1.13400718921265,0.352946636634138,-0.8747089831473384,-0.018708599893816253,0.0978675706299657,-0.003055857346795998,10.000000003626253,7.924202100084607e-08,0.04992755344959976,0.0,0.0,0.0,0.0,-2.4940650090687922e-08,22.731546857404737,0.9398852586746216,0.27201732993125916,23.612085342407227,1.0890403985977173,0.304096519947052,-0.9067873954772949,22.72559997949039,4.571099570631865,22.205843240216666,True,0.8839535713195801,394.0,226.0,True,OFFBOARD
37.864,ACQUIRE,True,-11.892164822107954,-5.673793639981854,23.63609456153464,1.1766973002707588,0.35504031166932465,-0.8740919720554079,-0.013773563638215995,0.0846717052345756,-0.00299660600001196,10.000000003626253,7.924202100084607e-08,0.04992755344959976,0.0,0.0,0.0,0.0,-2.4940650090687922e-08,22.615455244708613,1.0472697019577026,0.3042307496070862,23.530920028686523,1.1344401836395264,0.30711546540260315,-0.9047802686691284,22.678540512957124,4.566049508091575,22.047108110338776,True,0.8825291991233826,393.5,200.0,True,OFFBOARD
37.964,ACQUIRE,True,-11.76798205680937,-5.636964602221973,23.545103482766105,1.2077236477776068,0.3525475193516248,-0.8760655415343301,-0.009063786727797465,0.07081200745179173,-0.002996222198977702,10.000000003626253,7.924202100084607e-08,0.04992755344959976,0.0,0.0,0.0,0.0,-2.4940650090687922e-08,22.486004843091166,1.1680042743682861,0.3395560085773468,23.443403244018555,1.1682976484298706,0.30556294322013855,-0.9060295820236206,22.642299302319262,4.568914624490415,21.886818435978267,True,0.8825291991233826,393.5,200.0,True,OFFBOARD
38.064,ACQUIRE,True,-11.64625416687297,-5.602012290822508,23.457367624361662,1.2240456559747783,0.34612210892022377,-0.8784440637726804,-0.004776857159486784,0.05793852410019743,-0.003035402471773266,10.000000003626253,7.924202100084607e-08,0.04992755344959976,0.0,0.0,0.0,0.0,-2.4940650090687922e-08,22.359402098629804,1.2932430505752563,0.3767661452293396,23.355226516723633,1.188383936882019,0.3020331561565399,-0.9089072346687317,22.62239156856856,4.5731879112539175,21.73804342945751,True,0.8825291991233826,393.5,200.0,True,OFFBOARD
38.164,ACQUIRE,True,-11.528463761169139,-5.569242794211815,23.372966531187508,1.227894009397808,0.3364212598551935,-0.8796668352201114,-0.0007196649564132712,0.045845814063277264,-0.0030894822007232025,10.000000003626253,7.924202100084607e-08,0.04992755344959976,0.0,0.0,0.0,0.0,-2.4940650090687922e-08,22.237158502282266,1.4104074239730835,0.41087642312049866,23.272924423217773,1.1949326992034912,0.29619380831718445,-0.9097931981086731,22.636942040351425,4.582443960939202,21.63256220476185,True,0.8736013770103455,407.5,232.0,True,OFFBOARD
38.264,ACQUIRE,True,-11.401075757166835,-5.5349805608560985,23.281451721926,1.2203171610997812,0.32247009219924794,-0.8800177273354407,0.0030127269003321078,0.03434159697896792,-0.0031709901972025354,10.000000004056663,7.950996654924943e-08,0.049999996287036885,-1.285918605523336e-13,1.215129980660249e-12,6.321574057070347e-07,1.2219151920242615e-12,-2.776819435765057e-08,22.105249476693423,1.5268694162368774,0.44290921092033386,23.189865112304688,1.1914712190628052,0.28676438331604004,-0.9109116196632385,22.65817698983457,4.594505118829484,21.535271262571904,True,0.8736013770103455,407.5,232.0,True,OFFBOARD
38.364,ACQUIRE,True,-11.28465969719919,-5.504765745596442,23.197010004757505,1.204391605725417,0.3073752020219928,-0.8788971783322796,0.005290064034797659,0.025353473960556552,-0.003216812246525134,10.000000004412204,7.975548700591982e-08,0.049999996287036774,-1.2859185389352967e-13,1.2151298480995927e-12,6.321574057417292e-07,1.2219150594989466e-12,-3.0199745847631635e-08,21.984976356716025,1.6513248682022095,0.47539234161376953,23.099271774291992,1.1753277778625488,0.27499231696128845,-0.9106566905975342,22.583056211761118,4.590756378351754,21.332454106215785,True,0.8736013770103455,407.5,232.0,True,OFFBOARD
38.464,ACQUIRE,True,-11.160675965781001,-5.473740414707449,23.105757798898974,1.179748322056427,0.28980625282740846,-0.8761363648977768,0.006887562989291596,0.01757252136008583,-0.0032563403203489,10.000000004752053,8.00202555391411e-08,0.04992755344874433,-3.9218087273832655e-09,4.79312782172836e-09,-0.018110213499624526,6.193113757198877e-09,-3.264052506660634e-08,21.85717370872815,1.7656631469726562,0.5061317682266235,23.019289016723633,1.155287742614746,0.2644783556461334,-0.9073811769485474,22.560754335320315,4.590733665227377,21.192446536175964,True,0.8733142614364624,423.0,285.0,True,OFFBOARD
38.564,ACQUIRE,True,-11.048799969354102,-5.446759851026384,23.021643028167123,1.1514180603674835,0.2729065770894646,-0.8768039579056877,0.00821192990649034,0.011400793808651447,-0.003310300078167994,10.000000005107589,8.026577600219831e-08,0.04992755344874178,-3.921808802546835e-09,4.793127828667254e-09,-0.018110213500274853,6.193113810166765e-09,-3.5072076509158574e-08,21.742106018369707,1.8872170448303223,0.538731575012207,22.933685302734375,1.1254189014434814,0.25333017110824585,-0.9061295986175537,22.651224657551047,4.619714344438133,21.161248368314087,True,0.8733142614364624,423.0,285.0,True,OFFBOARD
38.664,ACQUIRE,True,-10.935382740444515,-5.42040948516329,22.93386166500007,1.1176324803172304,0.25474320929466493,-0.878524161838721,0.00941811055688481,0.006084785924902712,-0.003367228580408632,10.000000005538078,8.053296360626904e-08,0.049999993795609377,5.1840653668639334e-09,1.372658629122947e-09,0.004999403227899233,5.362716237134293e-09,-3.7899659173586514e-08,21.62570439501745,1.9956090450286865,0.5663334727287292,22.85216522216797,1.0939421653747559,0.2415832132101059,-0.9073348641395569,22.600512348676958,4.623615587753115,21.000561380915325,True,0.8733142614364624,423.0,285.0,True,OFFBOARD
38.764,ACQUIRE,True,-10.82120617705805,-5.394944393203195,22.84249565245597,1.079081747507572,0.235770814512029,-0.8778661365854001,0.009605970294506654,0.0019015130091835923,-0.00340536320417572,10.000000005893613,8.077848140871584e-08,0.04999999651757947,1.9973206838128644e-13,-1.886319475296617e-12,6.636450595649583e-08,1.8968642708489113e-12,-4.033121080273311e-08,21.50879012846445,2.108736753463745,0.5937978029251099,22.76207160949707,1.056312918663025,0.2284483164548874,-0.9095156788825989,22.574721306461054,4.6261931312931495,20.85945195367723,True,0.8733142614364624,423.0,285.0,True,OFFBOARD
38.864,ACQUIRE,True,-10.715303425755089,-5.372272495134294,22.75490578586786,1.0404156333120804,0.2186322360778647,-0.8739167431628495,0.008533231978899828,-0.00025275661427192806,-0.00343918456870178,10.00000000623346,8.104325749000544e-08,0.049927553448733564,-3.921809040674356e-09,4.793127832136701e-09,-0.018110213502359727,6.1931139636469295e-09,-4.2771989255497795e-08,21.400586648783857,2.2109827995300293,0.6163275837898254,22.679290771484375,1.020119547843933,0.21665611863136292,-0.9074392318725586,22.585758260474847,4.639101355040699,20.768104966476436,True,0.8670971989631653,436.0,341.5,True,OFFBOARD
38.964,ACQUIRE,True,-10.613280311305408,-5.351220100549624,22.66776703612724,1.001709383399718,0.20340297520383097,-0.8688592707387838,0.006756649354869802,-0.0010466914885828014,-0.00347782646791467,10.000000006663948,8.131044510579003e-08,0.049999993795609265,5.1840654425257636e-09,1.3726587323389938e-09,0.0049994032279000985,5.362716336695083e-09,-4.559957183033871e-08,21.296546266987267,2.3181779384613037,0.6385334134101868,22.589439392089844,0.9814112782478333,0.20547378063201904,-0.9045088291168213,22.551012773934673,4.639041253013536,20.624540442256468,True,0.8670971989631653,436.0,341.5,True,OFFBOARD
39.064,ACQUIRE,True,-10.51893385463872,-5.33232982209621,22.58464401866395,0.9655778995519912,0.191034848402677,-0.8628825284800358,0.004768140348026777,-0.0008510206670531415,-0.003528661242559925,10.000000007019484,8.155596558592036e-08,0.049999993795609377,5.1840654693158e-09,1.3726587731049955e-09,0.004999403227890427,5.362716373027251e-09,-4.803112314702193e-08,21.200480867671068,2.4126155376434326,0.6579838395118713,22.505613327026367,0.9462289810180664,0.19756115972995758,-0.9008538722991943,22.541001164728936,4.6452391090841765,20.519505660161368,True,0.8670971989631653,436.0,341.5,True,OFFBOARD
39.164,ACQUIRE,True,-10.420529157078132,-5.313070997881233,22.495299447401937,0.9287035340949905,0.18017615834114828,-0.8554277582404709,0.002610276217840935,0.0005335685803419957,-0.003564958341870486,10.000000007375018,8.180148340175805e-08,0.04999999651757947,1.997320748829519e-13,-1.8863194643116585e-12,6.636450612319581e-08,1.8968642606096173e-12,-5.0462674677077185e-08,21.10039657575285,2.5104317665100098,0.678230881690979,22.414888381958008,0.9101843237876892,0.19125087559223175,-0.8959930539131165,22.646787342548485,4.673920111074994,20.528963644141204,True,0.8670971989631653,436.0,341.5,True,OFFBOARD
39.264,ACQUIRE,True,-10.332966559930208,-5.296185044565453,22.413552064180948,0.8972280273990849,0.17227782416903892,-0.8478569140043358,0.0006840106417146148,0.0019594393842085854,-0.0035889885857351583,10.000000007730556,8.204700388837365e-08,0.04999999651757936,1.9973207543854586e-13,-1.8863194522943786e-12,6.636450601894587e-08,1.896864248717644e-12,-5.2894225945067924e-08,21.011404197172574,2.599470376968384,0.6951864361763,22.330238342285156,0.880156934261322,0.18605086207389832,-0.8903524875640869,22.653800817565838,4.679096669359345,20.44621505723576,True,0.891242504119873,440.5,376.0,True,OFFBOARD
39.364,ACQUIRE,True,-10.244834004313667,-5.279286047813546,22.32919858369542,0.8671023884360542,0.16632195614990547,-0.8394589221247715,-0.0014866314151360184,0.0037519396773005656,-0.0036274824749280114,10.00000000807041,8.231177998623148e-08,0.04992755344871991,-3.921809428893759e-09,4.793127846014489e-09,-0.01811021350574569,6.193114220228744e-09,-5.533500427585515e-08,20.921858575009935,2.6932623386383057,0.7126868367195129,22.238187789916992,0.8503378033638,0.1827513873577118,-0.8845589756965637,22.594944818054294,4.672955722181664,20.291887422234854,True,0.891242504119873,440.5,376.0,True,OFFBOARD
39.464,ACQUIRE,True,-10.156207275112513,-5.262216136838439,22.242425161503256,0.8389391037317496,0.16249917951793644,-0.8295969060118911,-0.0037998258697724534,0.006252301267688245,-0.003667069131063046,10.000000008500885,8.257897248843393e-08,0.049999996287036774,-1.285918637353246e-13,1.2151293504677362e-12,6.32157434336578e-07,1.2219145656661382e-12,-5.8162586277363635e-08,20.831793288142272,2.7760329246520996,0.7289667725563049,22.154176712036133,0.8243488073348999,0.18118613958358765,-0.8772388696670532,22.675975218981016,4.694365280430028,20.29118253438838,True,0.891242504119873,440.5,376.0,True,OFFBOARD
39.564,ACQUIRE,True,-10.07682520850857,-5.2466992168916144,22.163221538355195,0.8163359115546909,0.16117651964855453,-0.8208184055704869,-0.006039483758465453,0.008936598825459411,-0.003709173559254358,10.00000000885642,8.28244929856058e-08,0.049999996287036774,-1.2859184713215534e-13,1.215130264204528e-12,6.321574340173889e-07,1.221915472581727e-12,-6.059413747061942e-08,20.751066583437687,2.8622984886169434,0.7468405365943909,22.064128875732422,0.8025150299072266,0.18220853805541992,-0.8720788359642029,22.645459789092605,4.697340921051429,20.17374343864403,True,0.8752490282058716,439.0,390.5,True,OFFBOARD
39.664,ACQUIRE,True,-9.993073904090869,-5.229910388657582,22.078386508716022,0.7957726043928448,0.16201901156064596,-0.8113615312376994,-0.008232055802436012,0.012289370606638336,-0.0037293175206828673,10.00000000919628,8.308926155934499e-08,0.04992755344871147,-3.92180966631404e-09,4.793127851218659e-09,-0.018110213507825736,6.193114374603641e-09,-6.303491639453006e-08,20.66579221913959,2.9416844844818115,0.7635241150856018,21.983224868774414,0.7857176661491394,0.18455955386161804,-0.8645936250686646,22.63811066064543,4.704614817823758,20.08684644338858,True,0.8752490282058716,439.0,390.5,True,OFFBOARD
39.764,ACQUIRE,True,-9.9174884549912,-5.214250914813009,22.000820004493615,0.7800078176461032,0.1642933588811536,-0.8050910296099912,-0.009449546279011307,0.014500585006475171,-0.003742676253991406,10.000000009551814,8.333478206270064e-08,0.04992755344870903,-3.9218097413440595e-09,4.793127854688106e-09,-0.018110213508482294,6.1931144248018035e-09,-6.546646753977635e-08,20.588704675304108,3.0263872146606445,0.7820444703102112,21.89630126953125,0.7711107730865479,0.18938963115215302,-0.8603895902633667,22.597554188409838,4.701881445308457,19.959852169415846,True,0.8752490282058716,439.0,390.5,True,OFFBOARD
39.864,ACQUIRE,True,-9.840224296916142,-5.197656993252814,21.92061287299056,0.7662791256269448,0.16759427987966893,-0.7993012464789292,-0.010469206569502223,0.016864066149867372,-0.0037280629281277265,10.00000000998229,8.360196971380968e-08,0.049999993795609265,5.184065673827429e-09,1.3726590680079864e-09,0.004999403227887616,5.3627166462102386e-09,-6.829404985509881e-08,20.509757181317923,3.102215528488159,0.7998104095458984,21.816116333007812,0.7602949142456055,0.1941930204629898,-0.8578746914863586,22.55443525887031,4.698980581098071,19.83916279649398,True,0.8752490282058716,439.0,390.5,True,OFFBOARD
39.964,ACQUIRE,True,-9.76116678516924,-5.1800034692395025,21.837825139442817,0.7549896501113401,0.1718736564314013,-0.7930907756350544,-0.011502729672218149,0.01946624660045524,-0.003675336548253158,10.000000010337832,8.38474875566348e-08,0.04999999651757947,1.9973208779548684e-13,-1.8863194412829502e-12,6.636450647707939e-08,1.8968642390685647e-12,-7.072560118721032e-08,20.428806865058103,3.1823647022247314,0.8197495937347412,21.72968292236328,0.7496823072433472,0.20040765404701233,-0.8545480966567993,22.612874249730936,4.713833358961808,19.81687638469632,True,0.8572808504104614,433.5,385.5,True,OFFBOARD
40.064,ACQUIRE,True,-9.686106373788494,-5.162568354291843,21.758787919658424,0.746990587568462,0.17671557178350733,-0.7882272727682528,-0.012193035698486707,0.02197223322603534,-0.0036503736022502307,10.000000010677681,8.411226367831487e-08,0.0499275534487007,-3.921809979808484e-09,4.793127861627e-09,-0.018110213510566672,6.193114581180494e-09,-7.316637934492849e-08,20.351778729676827,3.2568209171295166,0.837914228439331,21.653539657592773,0.7435994744300842,0.20696952939033508,-0.8501001596450806,22.59805448319063,4.7177795466944055,19.726547359959564,True,0.8572808504104614,433.5,385.5,True,OFFBOARD
40.164,ACQUIRE,True,-9.61171675899007,-5.144636029025521,21.680033014092146,0.741356439517119,0.18173232453800145,-0.7876307788220926,-0.012462632447662988,0.023882740798592258,-0.0036031951711030285,10.000000011108158,8.437945134102596e-08,0.049999993795609377,5.1840657492267554e-09,1.3726591798976506e-09,0.004999403227889193,5.362716747737406e-09,-7.599396157064875e-08,20.275273497783026,3.3371896743774414,0.8579404354095459,21.57303237915039,0.739307701587677,0.2126874476671219,-0.8490852117538452,22.688218648758987,4.73658751180902,19.73591207698839,True,0.8572808504104614,433.5,385.5,True,OFFBOARD
40.264,ACQUIRE,True,-9.540741665255636,-5.126944451738455,21.604361389962406,0.7377566366723922,0.18667439554179763,-0.7887707543137853,-0.012900243799663865,0.0258504210041064,-0.0035450312996740158,10.000000011463696,8.462497186155978e-08,0.049999993795609377,5.184065775925437e-09,1.3726592197962906e-09,0.0049994032278928725,5.3627167837592505e-09,-7.842551259002917e-08,20.202132203191393,3.385862112045288,0.8708240389823914,21.5228328704834,0.7371388673782349,0.21923355758190155,-0.8512459397315979,22.761273067536273,4.759731537905708,19.761835725188643,True,0.8738188743591309,424.0,375.5,True,OFFBOARD
40.364,ACQUIRE,True,-9.464119475740205,-5.107231488910107,21.522297785470382,0.7362121640798396,0.19221034773959392,-0.7890962270435267,-0.013092641717906217,0.02821025855389316,-0.0034410787123901423,10.000000011819235,8.487048971772003e-08,0.04999999651757936,1.9973209418252317e-13,-1.886319429186261e-12,6.636450663667396e-08,1.8968642277116508e-12,-8.085706382277804e-08,20.123015722654806,3.4880495071411133,0.8996282815933228,21.413270950317383,0.7368665337562561,0.2270590364933014,-0.8537594079971313,22.639263591517008,4.739393743021321,19.53235264130701,True,0.8738188743591309,424.0,375.5,True,OFFBOARD
40.464,ACQUIRE,True,-9.393425536359667,-5.088531059078477,21.446618998756694,0.736904455894451,0.19712645658078554,-0.787400746527184,-0.012959354466185662,0.03051881406404551,-0.0033658025972474275,10.00000001217477,8.511601024469232e-08,0.04999999651757947,1.9973209483268713e-13,-1.886319418121893e-12,6.636450653242402e-08,1.89686421677725e-12,-8.32886147934641e-08,20.049890366582694,3.5598061084747314,0.9169706702232361,21.337873458862305,0.737185537815094,0.23091626167297363,-0.85341477394104,22.701496247406176,4.756418920920529,19.52295224203163,True,0.8738188743591309,424.0,375.5,True,OFFBOARD
40.564,ACQUIRE,True,-9.316646578095952,-5.067754410232756,21.364741503681653,0.7398030600323481,0.20222029325814378,-0.7875335517632014,-0.013124338596979477,0.032463809105165366,-0.0033137551680182988,10.00000001258956,8.540245353116497e-08,0.049999993795609265,5.184065851398259e-09,1.3726593264817843e-09,0.0049994032278940035,5.36271688402539e-09,-8.612542399235953e-08,19.97035230378956,3.637373924255371,0.9348200559616089,21.25661277770996,0.7401387095451355,0.23443856835365295,-0.8549783825874329,22.79599743176395,4.776302794980525,19.539955075092692,True,0.8738188743591309,424.0,375.5,True,OFFBOARD
40.664,ACQUIRE,True,-9.242461696461103,-5.047275563874263,21.285977041999974,0.743913631365566,0.20718574402467577,-0.7875506315675957,-0.013480880047563452,0.03375714270756938,-0.003308262819319015,10.000000012945101,8.564797893220195e-08,0.049999996287036885,-1.2859187707113043e-13,1.2151294059483943e-12,6.321574344892339e-07,1.221914622242149e-12,-8.855697448217648e-08,19.893399008722067,3.7089922428131104,0.9531158804893494,21.1795711517334,0.7445937991142273,0.23706091940402985,-0.8562790751457214,22.779213889523433,4.780814904049977,19.450568975472823,True,0.8774193525314331,422.5,365.5,True,OFFBOARD
40.764,ACQUIRE,True,-9.170808165870724,-5.027140595011082,21.210411372645645,0.7487961679393426,0.21207971801258627,-0.7866013282798024,-0.013554622653526336,0.034795000909105964,-0.0033004415423284984,10.000000013300635,8.589349946947539e-08,0.049999996287036774,-1.2859187719520753e-13,1.2151297898660776e-12,6.321574345378061e-07,1.2219150040410197e-12,-9.09885253776032e-08,19.818981549721197,3.7866995334625244,0.9746524095535278,21.09455680847168,0.7487981915473938,0.2422875016927719,-0.8568909764289856,22.634376975739084,4.756096340254731,19.22327399714049,True,0.8774193525314331,422.5,365.5,True,OFFBOARD
40.864,ACQUIRE,True,-9.092605604216487,-5.004817531236935,21.128737650958605,0.7550619260673582,0.21689683947914798,-0.7840440451989845,-0.012939221857325295,0.03619998200967929,-0.0032897125152459915,10.000000013640484,8.615826808347249e-08,0.04992755344867883,-3.921810605631829e-09,4.793127882443682e-09,-0.018110213516037556,6.193114993596143e-09,-9.342930400646242e-08,19.73767434786614,3.8601834774017334,0.993044912815094,21.018482208251953,0.7535706758499146,0.24532964825630188,-0.855432391166687,22.63195539409657,4.7584943466081935,19.145705271179374,True,0.8774193525314331,422.5,365.5,True,OFFBOARD
40.964,ACQUIRE,True,-9.019790773801333,-4.983807559221469,21.05350620431421,0.7617133926183364,0.22051913029312248,-0.7836850107347252,-0.012173882211918598,0.03699809359478514,-0.0032666196341411178,10.000000013996024,8.640378862707237e-08,0.049927553448676165,-3.9218106806395015e-09,4.793127885913129e-09,-0.018110213516688803,6.193115043780159e-09,-9.586085485439836e-08,19.661911917719852,3.940880060195923,1.0129033327102661,20.936819076538086,0.7612784504890442,0.24803952872753143,-0.8555853962898254,22.7703424444351,4.783418770007634,19.203266397734943,True,0.8648577928543091,421.5,354.0,True,OFFBOARD
41.064,ACQUIRE,True,-8.940173986385277,-4.960702085861537,20.97198470700786,0.7691004096732436,0.22356106998652409,-0.783834997109543,-0.01142995445765399,0.0372614900108561,-0.0032545604842017612,10.0000000144265,8.66709811918841e-08,0.049999996287036774,-1.285918846282525e-13,1.2151294336887233e-12,6.321574350233622e-07,1.2219146506237344e-12,-9.868843638959622e-08,19.57903872067256,4.015467643737793,1.032918930053711,20.859607696533203,0.7684550285339355,0.2492961436510086,-0.8576362729072571,22.66718186083986,4.765844242048098,19.02159758330976,True,0.8648577928543091,421.5,354.0,True,OFFBOARD
41.164,ACQUIRE,True,-8.866000863980972,-4.939127177954103,20.896817876410648,0.7759073530102925,0.2257725222585645,-0.7817590020722651,-0.011124031900452656,0.0375274059379378,-0.0032400994691641903,10.000000014782035,8.691650174243366e-08,0.049999996287036774,-1.285918833229615e-13,1.2151299527081617e-12,6.321574347112785e-07,1.2219151666237251e-12,-1.0111998718643762e-07,19.501819589363315,4.096536636352539,1.055901288986206,20.774791717529297,0.7756687998771667,0.2502996325492859,-0.8595283627510071,22.754811415425305,4.785474501304302,19.027373283704286,True,0.8648577928543091,421.5,354.0,True,OFFBOARD
41.264,ACQUIRE,True,-8.788040529650837,-4.916444278547627,20.81882117783554,0.7829542216401527,0.2277236611059049,-0.7783821897437431,-0.0106576897732694,0.03734818027428832,-0.0031990118592271017,10.000000015137573,8.716201476172517e-08,0.04999999651757947,1.9973210762331631e-13,-1.886319393610877e-12,6.636450687920218e-08,1.896864193749294e-12,-1.0355153862676876e-07,19.420656340961578,4.172028064727783,1.0753509998321533,20.699359893798828,0.7824666500091553,0.2502919137477875,-0.8569206595420837,22.774018410727212,4.797846458737011,18.970793796629156,True,0.8648577928543091,421.5,354.0,True,OFFBOARD
41.364,ACQUIRE,True,-8.706253577786375,-4.892680855269278,20.73792236262707,0.7894775398924696,0.22911330902383498,-0.7781318783235244,-0.010140998651232068,0.03682404146932386,-0.0031206865506336486,10.000000015552368,8.74484580798467e-08,0.049999993795609377,5.184066058094542e-09,1.3726596369972865e-09,0.004999403227891586,5.362717163316503e-09,-1.0638834759471545e-07,19.335517844255733,4.254438400268555,1.0959991216659546,20.61929702758789,0.7904607653617859,0.24907685816287994,-0.8566458821296692,22.644581437847613,4.774729934692552,18.75447736774685,True,0.8607049584388733,421.0,348.0,True,OFFBOARD
41.464,ACQUIRE,True,-8.627012063237924,-4.869719528502223,20.660015010689406,0.7950049180002916,0.23001172152476432,-0.7801559847725991,-0.009742334992230864,0.03626208707846201,-0.003103484398242405,10.0000000159079,8.769398350786625e-08,0.04999999628703666,-1.2859188606423805e-13,1.2151292795287269e-12,6.321574351898957e-07,1.2219144974708995e-12,-1.088198978871833e-07,19.253045165298154,4.33146333694458,1.115377426147461,20.547712326049805,0.7962068915367126,0.24840904772281647,-0.8575751781463623,22.713423962687255,4.791455162072747,18.74593353148676,True,0.8607049584388733,421.0,348.0,True,OFFBOARD
41.564,ACQUIRE,True,-8.550466247781953,-4.847617777440081,20.584881180130605,0.7992892930076377,0.2303129630585609,-0.7853314774140296,-0.009062519123707808,0.03504013938924934,-0.0030925637578435366,10.000000016263435,8.793950407197597e-08,0.04999999628703666,-1.2859188782613276e-13,1.2151287137107181e-12,6.321574348776455e-07,1.2219139349802641e-12,-1.1125144858491379e-07,19.173398175134043,4.4154133796691895,1.136916160583496,20.46996307373047,0.8006700277328491,0.24546760320663452,-0.8614298105239868,22.653262875248817,4.7812096528928425,18.598387814041903,True,0.8607049584388733,421.0,348.0,True,OFFBOARD
41.664,ACQUIRE,True,-8.470364141703033,-4.824594316205796,20.506035511994558,0.8024558728515978,0.2300880777699939,-0.7910838504470943,-0.008536184155047902,0.03403268929502462,-0.003048515073458594,10.000000016618975,8.818501710475736e-08,0.04999999651757947,1.997321140324151e-13,-1.886319381884765e-12,6.636450705284106e-08,1.89686418276322e-12,-1.1368299992612697e-07,19.090077613983272,4.492922782897949,1.1577030420303345,20.39481544494629,0.8046247363090515,0.24388791620731354,-0.8669458031654358,22.720519936872474,4.7934312705992035,18.5866569818134,True,0.8607049584388733,421.0,348.0,True,OFFBOARD
41.764,ACQUIRE,True,-8.386775956285723,-4.800703806712706,20.42358245239938,0.8047670185871773,0.22927236681676513,-0.7936862871946584,-0.007844827737535264,0.03317301130371245,-0.0030550728035486406,10.000000017033765,8.847146043818613e-08,0.049999993795609265,5.184066158162802e-09,1.3726597749078029e-09,0.004999403227896712,5.362717295351189e-09,-1.1651980877729506e-07,19.00316522535852,4.577018737792969,1.1809741258621216,20.310501098632812,0.8077191710472107,0.24273832142353058,-0.8717775344848633,22.68906972912759,4.788571911589569,18.467841045890854,True,0.862379789352417,422.5,347.0,True,OFFBOARD
41.864,ACQUIRE,True,-8.306212440426636,-4.777843808883229,20.34423516965922,0.8063442454181691,0.2278885224229181,-0.7931814474928404,-0.007184805465760023,0.03260903900224868,-0.003054429045661679,10.000000017389297,8.871698587957534e-08,0.049999996287036774,-1.2859185922222718e-13,1.2151299694370624e-12,6.321574353633681e-07,1.221915180723419e-12,-1.1895135896926024e-07,18.919439919313966,4.654760360717773,1.2014720439910889,20.2357120513916,0.8105642199516296,0.24062074720859528,-0.8713170886039734,22.647683195250828,4.780401060766167,18.34540828208998,True,0.862379789352417,422.5,347.0,True,OFFBOARD
41.964,ACQUIRE,True,-8.228755060898434,-4.756053038000063,20.26801747259548,0.8072079856904547,0.22611738123038128,-0.795021020873317,-0.006839820523646478,0.031986386065881355,-0.0031004101243958843,10.000000017744835,8.896250645717046e-08,0.049999996287036885,-1.2859189243518313e-13,1.2151299688017877e-12,6.321574350512844e-07,1.2219151835869358e-12,-1.2138290956788282e-07,18.8389902347141,4.739111423492432,1.223274827003479,20.15496063232422,0.8131532669067383,0.2375963032245636,-0.8725087642669678,22.693290758343085,4.793139518878515,18.305640920390474,True,0.862379789352417,422.5,347.0,True,OFFBOARD
42.064,ACQUIRE,True,-8.148013018008035,-4.733544028359966,20.18840169333951,0.8075386540400619,0.2241350094777588,-0.7970468897599131,-0.006707835674091916,0.03146071855629019,-0.0031191171171182416,10.000000018100371,8.920801950343372e-08,0.04999999651757947,1.9973212056313528e-13,-1.8863193710056854e-12,6.636450721920797e-08,1.8968641726322763e-12,-1.2381446080999341e-07,18.75518107275222,4.817076683044434,1.2439616918563843,20.078052520751953,0.8145217895507812,0.23448115587234497,-0.8752824664115906,22.64430058562436,4.790994074445477,18.17667050908534,True,0.8469839692115784,424.5,346.5,True,OFFBOARD
42.164,ACQUIRE,True,-8.064032905115395,-4.710344022258081,20.10550155582778,0.8074092627513714,0.22213632075753034,-0.7967369278762986,-0.0068823136622136035,0.0311015938787252,-0.003156034382664971,10.000000018515161,8.949446285269739e-08,0.049999993795609377,5.184066262779841e-09,1.37265992322666e-09,0.0049994032278880655,5.362717434447276e-09,-1.266512695458269e-07,18.668064364500424,4.901611804962158,1.266780138015747,19.9929256439209,0.8166654706001282,0.23269806802272797,-0.8772261738777161,22.686026500241056,4.809150765977712,18.133774999141785,True,0.8469839692115784,424.5,346.5,True,OFFBOARD
42.264,ACQUIRE,True,-7.986532435211488,-4.689099953704733,20.029118262127053,0.807183408984239,0.22052091784990613,-0.7946198065720351,-0.006840518478378412,0.03107237535987002,-0.003100441303386012,10.000000018870695,8.973998344042464e-08,0.049999993795609377,5.184066287243592e-09,1.3726599613905766e-09,0.0049994032278930164,5.362717467864621e-09,-1.290828200702734e-07,18.587711234554533,4.979151248931885,1.28779137134552,19.917245864868164,0.8169722557067871,0.23074911534786224,-0.8740881085395813,22.656134552683692,4.804427072008151,18.02338662328185,True,0.8469839692115784,424.5,346.5,True,OFFBOARD
42.364,ACQUIRE,True,-7.902596471771607,-4.666267563710277,19.94646294224989,0.8070170393812294,0.2185975975253567,-0.7954505057294915,-0.006553917773875298,0.03137567478131053,-0.0030319128878224535,10.000000019226233,8.998550136372602e-08,0.04999999651757936,1.9973212618297451e-13,-1.8863193691792706e-12,6.636450749693027e-08,1.896864171407761e-12,-1.3151437080750964e-07,18.500730118982215,5.062894344329834,1.310571551322937,19.836315155029297,0.8170771598815918,0.22880978882312775,-0.8729552626609802,22.69217458452546,4.81381383119057,17.97398754474933,True,0.8469839692115784,424.5,346.5,True,OFFBOARD
42.464,ACQUIRE,True,-7.825118462205464,-4.645375922948519,19.869981845078787,0.8071374017063263,0.21672075337355615,-0.797747329228495,-0.006485981565919636,0.031618299457106196,-0.002945863923827712,10.000000019581767,9.02310219578916e-08,0.04999999651757947,1.9973212664971117e-13,-1.886319356262018e-12,6.636450738574144e-08,1.8968641586114623e-12,-1.3394592128268092e-07,18.420487702381187,5.140376091003418,1.3317897319793701,19.759349822998047,0.8166561126708984,0.22654932737350464,-0.8752666115760803,22.74306576358189,4.827009726457153,17.946343541760758,True,0.8701618313789368,426.0,351.5,True,OFFBOARD
42.564,ACQUIRE,True,-7.741159815829851,-4.622941247780452,19.78696554505475,0.8074744616700923,0.2148355915221702,-0.7982118289919866,-0.006720091415779541,0.03179790871852039,-0.002879722644735984,10.000000019996557,9.051746532277062e-08,0.049999993795609265,5.184066362668787e-09,1.3726600741476025e-09,0.0049994032278941735,5.3627175696388194e-09,-1.367827299026036e-07,18.333584999603428,5.2245330810546875,1.3548280000686646,19.6739559173584,0.8180133104324341,0.2242407202720642,-0.877478837966919,22.696799658757826,4.823121121187272,17.813173679508118,True,0.8701618313789368,426.0,351.5,True,OFFBOARD
42.664,ACQUIRE,True,-7.660387400027384,-4.601535604103505,19.70725792270314,0.8079531061878731,0.21339090854829332,-0.7959216834209805,-0.006943370796888967,0.031730525965427345,-0.002801554681649604,10.000000020352092,9.076299079092703e-08,0.04999999628703666,-1.2859188711806615e-13,1.2151306076763882e-12,6.321574357030409e-07,1.221915818354347e-12,-1.392142798971837e-07,18.250025057216448,5.300788402557373,1.3767366409301758,19.597885131835938,0.8183425664901733,0.22366344928741455,-0.8753131628036499,22.74371557943416,4.840479532326696,17.783509870538122,True,0.8701618313789368,426.0,351.5,True,OFFBOARD
42.764,ACQUIRE,True,-7.579584019621257,-4.580271651513453,19.62768689974451,0.8080083651077922,0.2119027538631877,-0.7959726210103251,-0.006642099058446976,0.031156971815270874,-0.0027399462878834845,10.000000020707628,9.100850386085776e-08,0.04999999651757947,1.9973213292078712e-13,-1.8863193603913038e-12,6.636450765619175e-08,1.896864163378112e-12,-1.416458309654959e-07,18.16647088089294,5.382814407348633,1.4007080793380737,19.515941619873047,0.8176646828651428,0.22178491950035095,-0.8738780617713928,22.651235500881203,4.828671792346505,17.60537708432464,True,0.8674597144126892,426.5,351.5,True,OFFBOARD
42.864,ACQUIRE,True,-7.4987941829424045,-4.559163632611344,19.548039652179227,0.8078690154176301,0.21034626351635527,-0.7966538955017001,-0.006750636601120844,0.03156086794937438,-0.0027426561175430027,10.000000021047475,9.127328007692238e-08,0.049927553448624096,-3.921812170365513e-09,4.793127932750663e-09,-0.018110213529716316,6.1931160234038655e-09,-1.440866084347419e-07,18.08296912718637,5.459097862243652,1.4225972890853882,19.438249588012695,0.816888153553009,0.22114892303943634,-0.8761267066001892,22.77355694415201,4.860165680795118,17.65240407839002,True,0.8674597144126892,426.5,351.5,True,OFFBOARD
42.964,ACQUIRE,True,-7.421223924001825,-4.53903697958397,19.471606905616685,0.808211670859963,0.20902316988312103,-0.7952597504436039,-0.006759858566832763,0.031856638350528585,-0.0027330709245705275,10.00000002140301,9.151880068772924e-08,0.04992755344862154,-3.921812245859459e-09,4.793127934485386e-09,-0.01811021353036664,6.193116072553247e-09,-1.465181587871593e-07,18.002830368827894,5.542335510253906,1.446166753768921,19.35188865661621,0.8176161050796509,0.2200181931257248,-0.8776615262031555,22.62842668738707,4.839460121576446,17.419786209747645,True,0.8674597144126892,426.5,351.5,True,OFFBOARD
43.064,ACQUIRE,True,-7.340376261555162,-4.518204621043805,19.39227829639789,0.8086939007891887,0.20768673793096482,-0.7914497599509375,-0.006747218441433289,0.031661583718039545,-0.0027203032577085983,10.000000021833488,9.178598846379719e-08,0.049999993795609377,5.184066491720113e-09,1.3726602606303762e-09,0.004999403227890206,5.3627177421237764e-09,-1.4934574017151613e-07,17.919342160820104,5.625580787658691,1.4671422243118286,19.27000617980957,0.8181447386741638,0.21917743980884552,-0.8735523819923401,22.73028275269808,4.866349266433322,17.43919257959011,True,0.8674597144126892,426.5,351.5,True,OFFBOARD
43.164,ACQUIRE,True,-7.25949909801049,-4.497503039312376,19.3131937043724,0.8087913256180203,0.20643958159998355,-0.7910511709383609,-0.0070285389303488075,0.03138598135216994,-0.002692974608458025,10.00000002218902,9.20315139485398e-08,0.049999996287036774,-1.285919027319274e-13,1.2151301316438718e-12,6.321574354116074e-07,1.2219153466083772e-12,-1.5177729004268029e-07,17.835858384070438,5.702637195587158,1.4856584072113037,19.195556640625,0.8185901045799255,0.21750885248184204,-0.8728561401367188,22.671187265374055,4.861647233553641,17.30112690047828,True,0.8752515912055969,427.0,353.0,True,OFFBOARD
43.264,ACQUIRE,True,-7.175394186225602,-4.476079162614121,19.230832518325354,0.8085313654687604,0.2057043037047767,-0.7926152104269603,-0.007744883546087489,0.030873494495056997,-0.0026252964967943618,10.00000002252887,9.229628264340349e-08,0.049927553448613216,-3.921812483589341e-09,4.7931279362201096e-09,-0.018110213532451975,6.193116224439102e-09,-1.5421806808139356e-07,17.749069038187777,5.780050277709961,1.5046433210372925,19.118955612182617,0.8186907768249512,0.2157890647649765,-0.8744637966156006,22.68902996882906,4.872477344897521,17.241110759082456,True,0.8752515912055969,427.0,353.0,True,OFFBOARD
43.364,ACQUIRE,True,-7.094575860693758,-4.455514521377238,19.151547690264202,0.8077564808302938,0.20566222323421834,-0.792786192629254,-0.00816301506612359,0.03010713544587059,-0.0025427096549396886,10.000000022959346,9.256347043119883e-08,0.049999993795609377,5.184066567068502e-09,1.3726603690505934e-09,0.004999403227891362,5.362717842713666e-09,-1.570456493761455e-07,17.665676752307384,5.864322185516357,1.5257960557937622,19.034265518188477,0.8205393552780151,0.21605707705020905,-0.8764804601669312,22.692329928739795,4.880552854224988,17.15914443620685,True,0.8752515912055969,427.0,353.0,True,OFFBOARD
43.464,ACQUIRE,True,-7.0138771876519,-4.434945699168283,19.07236060720176,0.8061299404143762,0.20567880032747665,-0.7910246469532037,-0.007959126302326437,0.0291068309588556,-0.002487875687766512,10.000000023314879,9.280899592615194e-08,0.049999996287036774,-1.285919138889395e-13,1.215128907681263e-12,6.321574360570911e-07,1.2219141306165012e-12,-1.5947719917252214e-07,17.582399208516215,5.9418044090271,1.5450565814971924,18.9594669342041,0.8203897476196289,0.21499484777450562,-0.8749927282333374,22.68970245256139,4.87968568685493,17.07664604502063,True,0.8750516176223755,427.5,354.5,True,OFFBOARD
43.564,ACQUIRE,True,-6.9365967110599875,-4.415206299507216,18.996398506055765,0.8039207006853841,0.2055705073866321,-0.7918951749344239,-0.008054333215700307,0.028756817148320596,-0.0024591000007808017,10.000000023670413,9.305451655751997e-08,0.049999996287036885,-1.2859191149673317e-13,1.2151293187040007e-12,6.321574355923518e-07,1.2219145391051016e-12,-1.6190874937477064e-07,17.502638556623353,6.025532245635986,1.565916657447815,18.878746032714844,0.8182948231697083,0.21450656652450562,-0.8746626973152161,22.728011582081432,4.889930698447024,17.0300289291929,True,0.8750516176223755,427.5,354.5,True,OFFBOARD
43.664,ACQUIRE,True,-6.856319013920953,-4.394642795008153,18.91711584486378,0.8018354077775849,0.20575490438828722,-0.793566958631646,-0.008443866174870897,0.029392222394805302,-0.0024240798603529013,10.000000024025947,9.330002965746256e-08,0.04999999651757925,1.9973214595796783e-13,-1.8863193210042717e-12,6.636450790615848e-08,1.8968641255827976e-12,-1.643403002204428e-07,17.419769735125914,6.102985858917236,1.585631012916565,18.802026748657227,0.8168569207191467,0.21449998021125793,-0.8765469193458557,22.7082020973626,4.889451184697721,16.930695025692174,True,0.8750516176223755,427.5,354.5,True,OFFBOARD
43.764,ACQUIRE,True,-6.773002830703489,-4.373219406619402,18.834563463940093,0.800626428948089,0.20626337328559566,-0.7936240804105679,-0.008777705974215988,0.030323240198740258,-0.0023391137016170005,10.000000024440737,9.358647306951313e-08,0.049999993795609154,5.184066669362648e-09,1.3726605165020889e-09,0.004999403227882734,5.36271797934224e-09,-1.6717710849350377e-07,17.333743784181685,6.187055587768555,1.6073027849197388,18.716331481933594,0.8166957497596741,0.2140476405620575,-0.878000020980835,22.663876341890255,4.882911282830486,16.799262876538386,True,0.8750516176223755,427.5,354.5,True,OFFBOARD
43.864,ACQUIRE,True,-6.692972589051979,-4.352551894571543,18.75530341236579,0.8000006392952863,0.2071039378359731,-0.7914519005108557,-0.009114400588400138,0.030237431746686073,-0.0022504642039397464,10.00000002479627,9.383199857789145e-08,0.04999999628703666,-1.2859191479552945e-13,1.2151301521844208e-12,6.321574639720948e-07,1.221915368304415e-12,-1.6960865818995664e-07,17.251088183023214,6.2657976150512695,1.6256389617919922,18.6400089263916,0.8172690272331238,0.2124173790216446,-0.8770285844802856,22.71110872700314,4.895893749719285,16.767314154236182,True,0.8659367561340332,426.5,354.5,True,OFFBOARD
43.964,ACQUIRE,True,-6.6130190447938455,-4.3317862021321565,18.67621169766202,0.7990482038556597,0.2082459391334985,-0.7908344801011773,-0.009660879681477384,0.02983783809399978,-0.0022260374178538294,10.000000025151804,9.407751168812811e-08,0.04999999651757947,1.9973215218948127e-13,-1.8863193250276782e-12,6.636450817677534e-08,1.8968641302399913e-12,-1.720402089609498e-07,17.168482027669416,6.351596832275391,1.644774317741394,18.55820655822754,0.817452073097229,0.21078531444072723,-0.8761051893234253,22.697500321686654,4.899261540608501,16.666740772237162,True,0.8659367561340332,426.5,354.5,True,OFFBOARD
44.064,ACQUIRE,True,-6.533175725591816,-4.31087924262394,18.59713165332507,0.7978424457164768,0.20988762946712936,-0.7905676944315021,-0.010078428341728885,0.029611091745471347,-0.0021813992663269406,10.000000025491651,9.434228794459322e-08,0.04992755344859123,-3.9218131092981275e-09,4.793127957036791e-09,-0.018110213537922817,6.19311663678235e-09,-1.744809861351396e-07,17.085946888425497,6.430551528930664,1.6631813049316406,18.48023223876953,0.8165736198425293,0.21136224269866943,-0.8776511549949646,22.73986860843982,4.912341017647497,16.629818472812772,True,0.8659367561340332,426.5,354.5,True,OFFBOARD
44.164,ACQUIRE,True,-6.456641432762388,-4.29064372077778,18.52133697114488,0.7967371761082136,0.21161424813400476,-0.7883835538003512,-0.010143393636200525,0.02999554918610038,-0.00219521216768019,10.000000025847196,9.458780859564431e-08,0.04992755344858857,-3.921813184569667e-09,4.793127957036791e-09,-0.018110213538574067,6.193116684448321e-09,-1.7691253619026602e-07,17.006783130491282,6.515830993652344,1.6838366985321045,18.39460563659668,0.8164272308349609,0.2120956927537918,-0.87654709815979,22.771601634994177,4.92094104309647,16.574948678095765,True,0.8721170425415039,426.5,358.0,True,OFFBOARD
44.264,ACQUIRE,True,-6.37699983621048,-4.269391994712751,18.442653858443798,0.7962017017706645,0.21331050596865564,-0.7854532805653948,-0.009923286702660607,0.03043245306683308,-0.0021802585878331272,10.000000026277684,9.485499641860148e-08,0.049999993795609154,5.18406679837329e-09,1.3726607055869477e-09,0.004999403227892888,5.3627181524539166e-09,-1.797401172255011e-07,16.924356215537447,6.593196868896484,1.703802466392517,18.318241119384766,0.815873384475708,0.21362818777561188,-0.8741031289100647,22.705876316242083,4.908626564460048,16.428308996134316,True,0.8721170425415039,426.5,358.0,True,OFFBOARD
44.364,ACQUIRE,True,-6.2942206375884036,-4.247133462743114,18.36103998666447,0.7957007239250129,0.2145749820510552,-0.7844299016835479,-0.009299522151959517,0.030278924025412383,-0.002156338283045182,10.000000026633227,9.510051440910656e-08,0.04999999651757936,1.9973215851870543e-13,-1.8863193126398214e-12,6.636450834297572e-08,1.896864118587441e-12,-1.8217166746722156e-07,16.838639212017956,6.676410675048828,1.7260568141937256,18.23566246032715,0.8156925439834595,0.21462856233119965,-0.8740593791007996,22.704867952284854,4.908334228993328,16.341307543551224,True,0.8721170425415039,426.5,358.0,True,OFFBOARD
44.464,ACQUIRE,True,-6.214683091034099,-4.225639988614933,18.28264252249248,0.795071065633169,0.21520149170394792,-0.78349698989394,-0.008902675506639035,0.03023979488279708,-0.002133035209319894,10.000000026973085,9.536529067899013e-08,0.04992755344858024,-3.921813422302987e-09,4.793127967445132e-09,-0.018110213540658487,6.193116843049271e-09,-1.8461244454306682e-07,16.756252049212186,6.753592014312744,1.7468030452728271,18.157711029052734,0.8154988884925842,0.21587589383125305,-0.8731203675270081,22.736639696587424,4.917537718098851,16.294519679307125,True,0.8721170425415039,426.5,358.0,True,OFFBOARD
44.564,ACQUIRE,True,-6.138382488478825,-4.2049635349946435,18.2074777958993,0.7945502082688491,0.21548377163892932,-0.7823182007044847,-0.008506995717260173,0.030255866253490565,-0.00208188109368154,10.00000002732863,9.561081134349888e-08,0.04992755344857769,-3.921813497973145e-09,4.793127963975685e-09,-0.018110213541309723,6.193116888282511e-09,-1.870439944990794e-07,16.677203283561497,6.83741569519043,1.769436001777649,18.07172203063965,0.8145714998245239,0.21654106676578522,-0.8726926445960999,22.686904505082218,4.913759332506103,16.158374446182645,True,0.8738588690757751,426.0,357.5,True,OFFBOARD
44.664,ACQUIRE,True,-6.0557760393129785,-4.182555483229499,18.126266573639075,0.7940815064743016,0.21536897195480093,-0.7794216765772148,-0.00804517330910574,0.030381475055501643,-0.0020251173922782896,10.000000027759114,9.587800404902768e-08,0.049999996287036885,-1.285919187097481e-13,1.2151303234968344e-12,6.321574643258121e-07,1.2219155390774667e-12,-1.8987157498693548e-07,16.591615843198884,6.912576675415039,1.7904585599899292,17.995471954345703,0.8132759928703308,0.2159077227115631,-0.8698149919509888,22.704059884507256,4.92199298975882,16.098989093352085,True,0.8738588690757751,426.0,357.5,True,OFFBOARD
44.764,ACQUIRE,True,-5.976384561582369,-4.161041660909742,18.048349462319518,0.7938041027194042,0.21488436521829077,-0.7794400596413531,-0.007736605851017391,0.030675950304065325,-0.0019428830913512211,10.00000002811466,9.612351718621862e-08,0.04999999651757947,1.9973216485352598e-13,-1.88631929959022e-12,6.636450850950918e-08,1.8968641062774147e-12,-1.9230312555969478e-07,16.509365010856207,6.993066787719727,1.813260793685913,17.91410255432129,0.8109983801841736,0.21610289812088013,-0.8686820864677429,22.678243377945833,4.91686903985335,15.98928231073101,True,0.8738588690757751,426.0,357.5,True,OFFBOARD
44.864,ACQUIRE,True,-5.897006087921284,-4.139593213234591,17.970339696389907,0.793841145911184,0.21406216415621362,-0.7806150702297513,-0.00737975394251737,0.03116343224427172,-0.0019030837253273653,10.000000028454519,9.63882934695826e-08,0.04992755344856936,-3.9218137354852365e-09,4.793127970914579e-09,-0.01811021354339366,6.193117044058216e-09,-1.9474390253718848e-07,16.427143276697997,7.074447154998779,1.836037278175354,17.83051109313965,0.809675395488739,0.21533209085464478,-0.8705241680145264,22.731164766633743,4.933144026643884,15.960102649478472,True,0.8795869946479797,425.5,358.5,True,OFFBOARD
44.964,ACQUIRE,True,-5.817600257909501,-4.118236520715844,17.892294070550054,0.7942691853425348,0.21310126283014452,-0.7799383690760128,-0.0072692699368378045,0.031217562384996234,-0.0018441387673832606,10.000000028885003,9.665548132001325e-08,0.049999993795609265,5.184066975950604e-09,1.3726609709996396e-09,0.0049994032278854236,5.36271839205149e-09,-1.9757148336645366e-07,16.34491822155925,7.150223731994629,1.856923222541809,17.75206184387207,0.8094128370285034,0.21394647657871246,-0.8710727691650391,22.711257351754206,4.932318097759973,15.862024491022764,True,0.8795869946479797,425.5,358.5,True,OFFBOARD
45.064,ACQUIRE,True,-5.741336708844729,-4.0978273790234905,17.81749982095951,0.7944730173653174,0.21211868717864837,-0.7784417150862439,-0.007124247567406661,0.030758932309042683,-0.001798870282954262,10.000000029240548,9.690100200179842e-08,0.049999993795609154,5.184067001262542e-09,1.372661005694109e-09,0.0049994032278864505,5.362718425400718e-09,-2.0000303319633198e-07,16.26597283669916,7.22523307800293,1.8780076503753662,17.676837921142578,0.8093902468681335,0.21431054174900055,-0.8692496418952942,22.777641357523123,4.9498313636414535,15.85287053559298,True,0.8795869946479797,425.5,358.5,True,OFFBOARD
45.164,ACQUIRE,True,-5.661900732838183,-4.076679155650646,17.739644245651174,0.7941970906995178,0.21084434815128097,-0.778987815546559,-0.006776333133917271,0.030440760288198223,-0.001748699763505254,10.000000029596093,9.714652755368546e-08,0.04999999628703666,-1.285919383999554e-13,1.2151299164975032e-12,6.321574641872008e-07,1.2219151364103349e-12,-2.0243458257143904e-07,16.183771168134026,7.306339740753174,1.9008400440216064,17.596210479736328,0.8089888691902161,0.21303707361221313,-0.8696350455284119,22.725516664405014,4.945335705707066,15.716868989620643,True,0.8795869946479797,425.5,358.5,True,OFFBOARD
45.264,ACQUIRE,True,-5.582500441078746,-4.0556668498314785,17.661661296644823,0.7938243307999764,0.20946741956339102,-0.7803751613608221,-0.006748629110718663,0.030392360789014118,-0.0017404621074586651,10.00000002995164,9.73920407074264e-08,0.04999999651757936,1.9973217188082595e-13,-1.8863192761379953e-12,6.636450859294244e-08,1.8968640836955088e-12,-2.0486613302076955e-07,16.101638280512436,7.381951332092285,1.9217020273208618,17.519615173339844,0.8082922697067261,0.2118770182132721,-0.8724013566970825,22.78822735965609,4.963781971473562,15.703744503273839,True,0.8765977025032043,427.5,359.5,True,OFFBOARD
45.364,ACQUIRE,True,-5.499964184141283,-4.033959526846137,17.580517561946923,0.7934757092247955,0.20804880523726466,-0.7798987332031877,-0.006777243047770849,0.030617346015931482,-0.0017285091052483038,10.000000030366435,9.767848418203574e-08,0.049999993795609377,5.184067078197354e-09,1.3726611236553055e-09,0.004999403227891228,5.362718529966336e-09,-2.0770294083136584e-07,16.016295480020176,7.4643659591674805,1.9440772533416748,17.434959411621094,0.8066060543060303,0.21062415838241577,-0.8728814125061035,22.76764650599742,4.962684057411351,15.598153176980901,True,0.8765977025032043,427.5,359.5,True,OFFBOARD
45.464,ACQUIRE,True,-5.420618603914211,-4.013217387814494,17.50261577534838,0.7935135321108872,0.20688619063291075,-0.7781037017478308,-0.0070066485011987265,0.03108355242332578,-0.0016858978631455314,10.00000003072198,9.792400974411801e-08,0.049999996287036774,-1.285919244917406e-13,1.2151301847951893e-12,6.321574643122674e-07,1.221915401754508e-12,-2.1013449013195336e-07,15.934283594273268,7.53950834274292,1.9642579555511475,17.359094619750977,0.8055320978164673,0.20995569229125977,-0.871265709400177,22.740830402391317,4.961335952641112,15.493955882272088,True,0.8765977025032043,427.5,359.5,True,OFFBOARD
45.564,ACQUIRE,True,-5.3412453508518,-3.9925803779154134,17.424805541039348,0.793991041473124,0.20589709129920167,-0.7785114655473384,-0.006956497271025581,0.03148085329490056,-0.0016538537855579727,10.000000031077526,9.816952290815226e-08,0.04999999651757947,1.9973217770761543e-13,-1.886319275926237e-12,6.636450886339277e-08,1.8968640840984657e-12,-2.1256604050599473e-07,15.852271405908445,7.620600700378418,1.985854983329773,17.277511596679688,0.8039326071739197,0.20910032093524933,-0.8705368041992188,22.7333278290115,4.966821576399726,15.403917783912036,True,0.8709236979484558,428.0,359.0,True,OFFBOARD
45.664,ACQUIRE,True,-5.264990258832015,-3.9728664746891607,17.350010450031395,0.7946594611455928,0.20485046053468894,-0.7796362607851917,-0.0069040557990529185,0.03168398465339048,-0.0015992285113588685,10.000000031433064,9.84150436098136e-08,0.04999999651757947,1.9973217834195956e-13,-1.8863192645707016e-12,6.63645087594759e-08,1.8968640728728497e-12,-2.149975901883429e-07,15.773509354914518,7.696077346801758,2.005797863006592,17.200332641601562,0.8041414618492126,0.20821000635623932,-0.8714274764060974,22.712261892423246,4.962607290183554,15.304526137610539,True,0.8709236979484558,428.0,359.0,True,OFFBOARD
45.764,ACQUIRE,True,-5.182304772743661,-3.9516197974474125,17.26891466770833,0.7953833307757885,0.20379490575205061,-0.7793876569139411,-0.006952104995540287,0.03151249488187618,-0.0015290867306417598,10.000000031847865,9.870148710009114e-08,0.049999993795609154,5.184067182752376e-09,1.372661264167907e-09,0.004999403227882999,5.362718667004376e-09,-2.178343978844752e-07,15.688138161782065,7.778349876403809,2.027430772781372,17.115264892578125,0.804231584072113,0.2082114964723587,-0.8736821413040161,22.688685010494783,4.9620578487081115,15.196385421726776,True,0.8709236979484558,428.0,359.0,True,OFFBOARD
45.864,ACQUIRE,True,-5.1027363464398725,-3.93128919712162,17.191095985543416,0.7958760288857883,0.2028413553587046,-0.7771198579122742,-0.006827064842393712,0.030938930441371394,-0.0014835662654810288,10.00000003220341,9.894701267561347e-08,0.049999996287036774,-1.2859194310992182e-13,1.2151291702614767e-12,6.321574648392905e-07,1.2219143948137814e-12,-2.202659470868154e-07,15.606014278225528,7.8538818359375,2.04805850982666,17.039791107177734,0.8043237924575806,0.20846661925315857,-0.8706172108650208,22.714319825417014,4.972342814570137,15.14543019970496,True,0.8709236979484558,428.0,359.0,True,OFFBOARD
45.964,ACQUIRE,True,-5.026345660950449,-3.911870160909878,17.116468966602962,0.7954559615557569,0.20172611139760616,-0.7780423622792776,-0.006509541742063523,0.029985704426706086,-0.0014379848099613337,10.00000003255895,9.919253338751824e-08,0.049999996287036774,-1.2859193283137553e-13,1.2151293934546583e-12,6.321574643814899e-07,1.2219146156858894e-12,-2.2269749669444393e-07,15.527195298337755,7.935606002807617,2.070716619491577,16.95866584777832,0.8035625219345093,0.20957006514072418,-0.8703951835632324,22.707851737764038,4.975793910232439,15.055189076166277,True,0.8794378638267517,428.0,361.5,True,OFFBOARD
46.064,ACQUIRE,True,-4.94685042026717,-3.891768288583328,17.038562387345983,0.7944693822275206,0.2003439989281215,-0.7799213593440047,-0.006303176450890431,0.029790201981991886,-0.0013865026964573113,10.000000032914492,9.943804656801324e-08,0.04999999651757947,1.997321846730578e-13,-1.886319252394603e-12,6.636450892567628e-08,1.8968640614310787e-12,-2.2512904694550734e-07,15.445199890444258,8.011415481567383,2.091487169265747,16.881139755249023,0.80111163854599,0.20972569286823273,-0.8716803789138794,22.74515616629379,4.98760878512753,15.015679637586304,True,0.8794378638267517,428.0,361.5,True,OFFBOARD
46.164,ACQUIRE,True,-4.867455060668269,-3.8718076920681526,16.960556981512884,0.793508968256071,0.1989563775372287,-0.7796543231920015,-0.006443617049168294,0.02990875760020633,-0.0013352187335100472,10.00000003325435,9.970282289497538e-08,0.04992755344850108,-3.921814722797355e-09,4.793128005609049e-09,-0.018110213560463814,6.193117696128814e-09,-2.27569823604237e-07,15.363336764720874,8.093778610229492,2.1137988567352295,16.796207427978516,0.8001556992530823,0.20925939083099365,-0.8735690116882324,22.74976004903669,4.993862785551373,14.936283345221092,True,0.8794378638267517,428.0,361.5,True,OFFBOARD
46.264,ACQUIRE,True,-4.788142932690153,-3.851971377000385,16.88269850799213,0.7927946366999249,0.1978700848966857,-0.7775322872601187,-0.006742187175831419,0.03002986194149981,-0.0013323340360602875,10.000000033684836,9.997001079620549e-08,0.049999993795609265,5.184067308104327e-09,1.3726614411097016e-09,0.004999403227889579,5.362718833471078e-09,-2.3039740405828548e-07,15.281585541210687,8.168075561523438,2.1337685585021973,16.720335006713867,0.7989385724067688,0.20919741690158844,-0.8730047941207886,22.794992782319678,5.013165270791288,14.907636727891072,True,0.877368688583374,428.0,361.0,True,OFFBOARD
46.364,ACQUIRE,True,-4.708900584946109,-3.832228407711408,16.805027750010485,0.7920894373931024,0.19707355794339398,-0.7762916322592724,-0.0070744787624363184,0.030161666443547435,-0.0013241914013286372,10.000000034040374,1.0021553638850218e-07,0.04999999628703666,-1.2859193395303244e-13,1.215129100804775e-12,6.321574647005126e-07,1.2219143247791156e-12,-2.3282895313607993e-07,15.199925419428508,8.247832298278809,2.1551120281219482,16.63853645324707,0.796565592288971,0.20971252024173737,-0.8725372552871704,22.738884921541146,5.010324702612287,14.769659628668787,True,0.877368688583374,428.0,361.0,True,OFFBOARD
46.464,ACQUIRE,True,-4.6297107564299464,-3.812544498175955,16.727410170839487,0.791791895681885,0.19666291249670814,-0.7759361846153422,-0.007343178852360018,0.030662923701713626,-0.0012797215198922236,10.00000003439592,1.00461049582531e-07,0.04999999651757936,1.9973219113044325e-13,-1.8863192404567324e-12,6.636450909237627e-08,1.8968640502395083e-12,-2.3526050328805793e-07,15.118331063308643,8.322074890136719,2.175060749053955,16.561748504638672,0.7946114540100098,0.21104347705841064,-0.8727895617485046,22.730528848511696,5.019631896484771,14.686562922733401,True,0.877368688583374,428.0,361.0,True,OFFBOARD
46.564,ACQUIRE,True,-4.550522900121027,-3.7928927084551716,16.64985815974903,0.7920435735372373,0.1963773809994509,-0.7750428145473499,-0.007286800014103317,0.031183196218800537,-0.0012141596662345495,10.000000034735779,1.0072582592285227e-07,0.049927553448522954,-3.92181506300875e-09,4.793128014282666e-09,-0.01811021355498804,6.193117918281842e-09,-2.37701279848521e-07,15.036746773811508,8.403043746948242,2.196923017501831,16.47695541381836,0.7934947609901428,0.21290674805641174,-0.8735495209693909,22.782767360443913,5.033004896861096,14.656732638175365,True,0.877368688583374,428.0,361.0,True,OFFBOARD
46.664,ACQUIRE,True,-4.46812678502516,-3.7724935283624057,16.569364391696844,0.7924206550135955,0.19588158925154878,-0.7730063784616407,-0.006978769862999682,0.030811954569293427,-0.0011568895327555618,10.000000035166257,1.0099301870655793e-07,0.049999996287036774,-1.2859194555837643e-13,1.2151304660101278e-12,6.321574651862353e-07,1.2219156836248887e-12,-2.4052885975534877e-07,14.9518695108227,8.478021621704102,2.2156121730804443,16.401060104370117,0.7933253645896912,0.21329182386398315,-0.8719308376312256,22.76194290591832,5.031116470807875,14.558759277635907,True,0.8728684782981873,429.0,362.5,True,OFFBOARD
46.764,ACQUIRE,True,-4.388894360615373,-3.7529381183412536,16.4920859351644,0.7920881433470979,0.19527740326927165,-0.773054071379617,-0.007122669134657912,0.029900636683101316,-0.0011095009715529694,10.000000035521804,1.0123853191081204e-07,0.04999999651757936,1.9973219606236548e-13,-1.886319232118752e-12,6.63645092169433e-08,1.8968640424671905e-12,-2.4296040983262116e-07,14.870266548491001,8.534449577331543,2.2291455268859863,16.344799041748047,0.7921879291534424,0.21351869404315948,-0.8699394464492798,22.683471408193604,5.021225534528263,14.421876768967584,True,0.8728684782981873,429.0,362.5,True,OFFBOARD
46.864,ACQUIRE,True,-4.3129032565123016,-3.7342067512000683,16.417784109987196,0.7910228100755939,0.19506462930110915,-0.7750192928291691,-0.007745537391186332,0.02937207576139367,-0.0010462432711871306,10.000000035877349,1.0148405265273195e-07,0.04999999651757947,1.9973219744586383e-13,-1.8863192278041778e-12,6.636450926584861e-08,1.8968640383222785e-12,-2.453919592176296e-07,14.792008027172361,8.634916305541992,2.254055976867676,16.243206024169922,0.789838433265686,0.21279382705688477,-0.8708924651145935,22.75588974279563,5.044822338748077,14.394105310932877,True,0.8728684782981873,429.0,362.5,True,OFFBOARD
46.964,ACQUIRE,True,-4.233865734671413,-3.714683657641636,16.340207723124266,0.7898305693511657,0.19546672507779078,-0.7761036584367802,-0.008287567622227683,0.029608604381592175,-0.0009913845745644734,10.0000000362172,1.01748829006613e-07,0.04992755344851196,-3.921815375555553e-09,4.79312802122156e-09,-0.01811021355772372,6.193118121573595e-09,-2.4783273567973863e-07,14.710601966471453,8.716551780700684,2.2749135494232178,16.15856170654297,0.7877663969993591,0.21327805519104004,-0.8733451962471008,22.743524613726187,5.047950229230944,14.298450940084194,True,0.8776091933250427,428.0,362.5,True,OFFBOARD
47.064,ACQUIRE,True,-4.151768500840067,-3.6943123050098734,16.25954638171432,0.7891057371496264,0.1963321015555679,-0.7750917927012612,-0.00875126468452138,0.030206086303776213,-0.0009169254585647399,10.000000036647684,1.02016021805972e-07,0.049999996287036774,-1.285919468951003e-13,1.2151305939121028e-12,6.321574653595411e-07,1.2219158109573065e-12,-2.506603154693653e-07,14.626021225860901,8.793357849121094,2.294088363647461,16.08363151550293,0.7859251499176025,0.21393771469593048,-0.8709086775779724,22.749152977300128,5.052155437493159,14.225721480597652,True,0.8776091933250427,428.0,362.5,True,OFFBOARD
47.164,ACQUIRE,True,-4.072877328546557,-3.6746227009572374,16.181957997045927,0.788710884540938,0.1974132086784334,-0.7771985877224163,-0.008806303903116416,0.030098810882944565,-0.0008600007987959452,10.00000003700323,1.0226153502376358e-07,0.04999999651757947,1.997322034268708e-13,-1.886319229207076e-12,6.636450953629894e-08,1.8968640403471544e-12,-2.5309186544754303e-07,14.544714850822583,8.877205848693848,2.315081834793091,16.003923416137695,0.7871548533439636,0.21529753506183624,-0.8715009689331055,22.752587373984596,5.0604071665333485,14.14436367071614,True,0.8776091933250427,428.0,362.5,True,OFFBOARD
47.264,ACQUIRE,True,-3.9971932505386247,-3.655621766518678,16.107189696444955,0.7879987671586544,0.19838843057599811,-0.7802048064850293,-0.008773555519993903,0.029579820009457494,-0.0008243889367232889,10.000000037358774,1.0250705577921003e-07,0.04999999651757947,1.997322040443482e-13,-1.8863192176133126e-12,6.636450944642639e-08,1.8968640288828597e-12,-2.5552341473348294e-07,14.46668556332304,8.954233169555664,2.334925889968872,15.927972793579102,0.7873994708061218,0.2159566730260849,-0.8750935196876526,22.81984156104823,5.076837575686337,14.134113900719175,True,0.8776091933250427,428.0,362.5,True,OFFBOARD
47.364,ACQUIRE,True,-3.915302550472353,-3.6349348934020247,16.025976106097485,0.7868434642150731,0.19939440340541573,-0.7810292874488739,-0.0087939570447028,0.029371315319344945,-0.000827933253288144,10.000000037773566,1.0279349933216428e-07,0.049999993795609154,5.184067589494835e-09,1.3726618522391654e-09,0.004999403227890824,5.362719210721688e-09,-2.583602219659745e-07,14.382225090333224,9.037275314331055,2.356818437576294,15.843719482421875,0.7862613201141357,0.21679076552391052,-0.8778079152107239,22.76939393275311,5.073834200556018,13.998330486407799,True,0.8709813952445984,428.5,365.0,True,OFFBOARD
47.464,ACQUIRE,True,-3.8366686895551045,-3.6149409496694838,15.9479380348534,0.7859506470752778,0.20049038093421553,-0.7799240712086776,-0.009127733866834967,0.02981463368309841,-0.0008726219822485874,10.00000003812911,1.030390249615793e-07,0.049999996287036774,-1.2859194487512524e-13,1.2151294375003716e-12,6.32157465532847e-07,1.2219146607544803e-12,-2.607917707704946e-07,14.301090877769836,9.112495422363281,2.3770368099212646,15.769372940063477,0.7836146950721741,0.2174808830022812,-0.8749274015426636,22.819754948495614,5.088775406780625,13.972919878623879,True,0.8709813952445984,428.5,365.0,True,OFFBOARD
47.564,ACQUIRE,True,-3.7581026017614443,-3.5948238679800957,15.869845848714931,0.7854660020179293,0.2018358056773094,-0.7822809060215073,-0.009416429033711007,0.030315863146313994,-0.0008889105212813131,10.000000038484657,1.0328453819262368e-07,0.04999999651757936,1.9973220977296168e-13,-1.8863192165545214e-12,6.636450970960477e-08,1.896864028433154e-12,-2.6322332064953824e-07,14.21999112671754,9.193100929260254,2.399087905883789,15.689663887023926,0.7816295623779297,0.2188875675201416,-0.8768550753593445,22.76762834702581,5.087184996162127,13.838123448735079,True,0.8709813952445984,428.5,365.0,True,OFFBOARD
47.664,ACQUIRE,True,-3.6827019060809887,-3.575378783586012,15.794613488252125,0.7854578417761693,0.20319020667892723,-0.7846309510741607,-0.009346817201078604,0.030840128017899822,-0.0008575114871596258,10.000000038840192,1.0353005896145241e-07,0.04999999651757936,1.9973221063014052e-13,-1.8863192074489172e-12,6.636450959858247e-08,1.8968640194684263e-12,-2.656548698363814e-07,14.14212383979101,9.267486572265625,2.4197659492492676,15.613581657409668,0.7793959379196167,0.2192985713481903,-0.8798440098762512,22.742737778836958,5.08736243337231,13.736756024706407,True,0.8750162720680237,427.5,365.5,True,OFFBOARD
47.764,ACQUIRE,True,-3.6041291206833055,-3.554988303346327,15.716098375148285,0.7860814956613706,0.20458716791900888,-0.7852975347936769,-0.009506267212460067,0.03150930336847193,-0.0008235828646647448,10.000000039180048,1.0379483534222648e-07,0.0499275534484902,-3.921816001811318e-09,4.793128043772965e-09,-0.01811021356319502,6.193118535605965e-09,-2.6809564610177414e-07,14.06094850190244,9.348159790039062,2.4424185752868652,15.529112815856934,0.7794604897499084,0.22114378213882446,-0.8814334273338318,22.76361206412168,5.097973834150185,13.675757143612383,True,0.8750162720680237,427.5,365.5,True,OFFBOARD
47.864,ACQUIRE,True,-3.522319501462628,-3.5336314344765625,15.63448834296942,0.7871573911113872,0.20602273184089687,-0.7840237499123345,-0.009306352706705236,0.03168719596413639,-0.0007442018562355384,10.000000039610535,1.0406202817275048e-07,0.049999996287036774,-1.285919510971778e-13,1.2151300892922245e-12,6.321574656997135e-07,1.2219153095817682e-12,-2.7092322565949614e-07,13.976397161680964,9.4230375289917,2.462956190109253,15.454263687133789,0.7783693671226501,0.22263367474079132,-0.8814157247543335,22.754087829370988,5.1038142235231305,13.590107919508563,True,0.8750162720680237,427.5,365.5,True,OFFBOARD
47.964,ACQUIRE,True,-3.44354303458627,-3.5129713892924075,15.556072577554723,0.7883855401955656,0.20707795583612978,-0.7848340519927302,-0.00902510802065445,0.0321542678714908,-0.0006796827782483296,10.000000039966075,1.043075414172861e-07,0.04999999651757947,1.9973221642230474e-13,-1.8863192068401123e-12,6.636450987630474e-08,1.8968640194728974e-12,-2.7335477543947527e-07,13.894956607063952,9.504204750061035,2.4851574897766113,15.37376594543457,0.7775534391403198,0.22398649156093597,-0.880387544631958,22.773825747886754,5.1100506707241475,13.52674778493789,True,0.8750162720680237,427.5,365.5,True,OFFBOARD
48.064,ACQUIRE,True,-3.3646271422991685,-3.4922207681232753,15.477471883940847,0.7898798623458413,0.20785666375643114,-0.7868981236251555,-0.008771615049381285,0.032257288079125646,-0.0006455969017709484,10.000000040305926,1.045723178084583e-07,0.049927553448481876,-3.921816239704108e-09,4.7931280489771355e-09,-0.01811021356527895,6.1931186902802235e-09,-2.757955516301581e-07,13.813358257632999,9.579096794128418,2.506047487258911,15.297425270080566,0.778486967086792,0.22471736371517181,-0.8831462264060974,22.788815997280096,5.11760175591945,13.465396285452325,True,0.8775215148925781,425.5,369.0,True,OFFBOARD
48.164,ACQUIRE,True,-3.2887288330583817,-3.4722369626803116,15.401899146032223,0.7912650165128016,0.2084390490257428,-0.7871331732481854,-0.008752308956203056,0.03222956130728074,-0.0005770851968061271,10.00000004066147,1.0481783859399112e-07,0.04992755344844635,-3.9218162881365885e-09,4.793128050711859e-09,-0.018110213574142126,6.193118722292857e-09,-2.7822710069417647e-07,13.734873327852132,9.660296440124512,2.5289981365203857,15.212991714477539,0.7793062329292297,0.22535859048366547,-0.8850050568580627,22.727395759225374,5.111054886070604,13.319763574220982,True,0.8775215148925781,425.5,369.0,True,OFFBOARD
48.264,ACQUIRE,True,-3.2095213575430535,-3.451356481231237,15.323264157571858,0.7928852529587618,0.20918882692428903,-0.785668883543862,-0.009025749525960516,0.03262541081875864,-0.0005355857078543397,10.000000041091955,1.0508502657348741e-07,0.049999993795609377,5.184067820937557e-09,1.3726621887755197e-09,0.004999403227878789,5.362719520595337e-09,-2.8105468056663765e-07,13.652960040478577,9.737467765808105,2.5495126247406006,15.13978385925293,0.7812647223472595,0.2254355251789093,-0.8825035095214844,22.772542013997743,5.124267050224244,13.28693045843788,True,0.8775215148925781,425.5,369.0,True,OFFBOARD
48.364,ACQUIRE,True,-3.130145118216248,-3.4303960741309023,15.244575899334405,0.7945262025978238,0.2099612013640502,-0.788825889016222,-0.008914963737373209,0.032449004324741015,-0.0005157909942883983,10.000000041447489,1.0533055223282335e-07,0.04999999628703666,-1.2859196880049728e-13,1.2151301886068375e-12,6.321574655609357e-07,1.2219154102079555e-12,-2.834862291494839e-07,13.570863268853048,9.822019577026367,2.5715434551239014,15.060784339904785,0.7818235754966736,0.2254648357629776,-0.8837721347808838,22.70636140317985,5.117779500647597,13.13352893523642,True,0.8775215148925781,425.5,369.0,True,OFFBOARD
48.416,ACQUIRE,True,-3.0856292201952047,-3.4186271478425354,15.20032748993228,0.795247267627077,0.21032662195139976,-0.791194504381377,-0.008875663635255012,0.03217031963498595,-0.0004977188886487266,10.000000041609576,1.0547256070461757e-07,0.049927553448472106,-3.921816515111987e-09,4.793128059385476e-09,-0.01811021356768634,6.193118872738801e-09,-2.8471123141825373e-07,13.524818130921771,9.847846984863281,2.578425407409668,15.035651206970215,0.7817038297653198,0.22607384622097015,-0.8853263258934021,22.777022507698465,5.134861008693652,13.179489469770544,True,0.8724843263626099,423.5,368.0,True,OFFBOARD
48.512,ACQUIRE,True,-3.009230502588945,-3.3984051944541736,15.124238089722349,0.7963664034082432,0.21093851157639307,-0.7934369324986946,-0.008906007306969527,0.03229945816933091,-0.00048401200998310476,10.000000041965121,1.0571808150185977e-07,0.04992755344846955,-3.921816589876505e-09,4.793128059385476e-09,-0.01811021356833808,6.193118920083722e-09,-2.871427803951255e-07,13.445788855459442,9.92491340637207,2.5993287563323975,14.958569526672363,0.7817525267601013,0.22593434154987335,-0.8888391852378845,22.833241896720374,5.1534575129554225,13.158591038562845,True,0.8724843263626099,423.5,368.0,True,OFFBOARD
48.564,ACQUIRE,True,-2.970987999483149,-3.388271676267839,15.08615214468169,0.7970337719546461,0.211269034622163,-0.7934570401152933,-0.008979697582688458,0.03253495461283729,-0.00047476876970113424,10.000000042142892,1.0584084190173447e-07,0.04992755344846833,-3.92181662782779e-09,4.793128064589647e-09,-0.018110213568665892,6.193118948144258e-09,-2.883585548746439e-07,13.406226778830789,9.982407569885254,2.6151905059814453,14.900131225585938,0.7826202511787415,0.2260751873254776,-0.8895793557167053,22.770551724113346,5.14256582019928,13.035499871053501,True,0.8724843263626099,423.5,368.0,True,OFFBOARD
48.664,ACQUIRE,True,-2.8912041371047628,-3.3671066403969667,15.006839142287127,0.7986085415039365,0.21199851699663308,-0.792694969603454,-0.008970588828473278,0.032822328307329195,-0.00040802883232992433,10.000000042573369,1.0610802989674305e-07,0.049999993795609154,5.184067923129855e-09,1.3726623405638239e-09,0.00499940322788475,5.362719658235552e-09,-2.911861346297929e-07,13.32368391416242,10.059274673461914,2.6354217529296875,14.826827049255371,0.782562255859375,0.22629667818546295,-0.888634204864502,22.793931418851756,5.151147959130862,12.980768881983469,True,0.8724843263626099,423.5,368.0,True,OFFBOARD
48.764,ACQUIRE,True,-2.808049975861718,-3.3450246193364546,14.924283156216246,0.8004497843986368,0.21259608146729303,-0.7956436311487544,-0.008817992772831686,0.0330373884849421,-0.0003518301112644062,10.000000042928912,1.0635354803493986e-07,0.04999999651757947,1.9973222916133853e-13,-1.8863191824349755e-12,6.636451021614402e-08,1.8968639965448003e-12,-2.936176837813853e-07,13.237648420294299,10.142385482788086,2.657029151916504,14.748604774475098,0.7829757332801819,0.2254839390516281,-0.8898666501045227,22.801098940608004,5.156182694040007,12.903053701907142,True,0.8605164885520935,423.5,369.0,True,OFFBOARD
48.864,ACQUIRE,True,-2.727916583023623,-3.3237385664238426,14.844480120801812,0.8021394846302018,0.2131224406247948,-0.8000641992125423,-0.00895219909553538,0.03304871457998967,-0.0002945507455089816,10.00000004326877,1.0661832445285933e-07,0.049927553448460005,-3.921816865641984e-09,4.793128068059094e-09,-0.018110213570750287,6.19311910142618e-09,-2.960584597753753e-07,13.154736805140816,10.218737602233887,2.6773643493652344,14.673558235168457,0.784059464931488,0.2233177274465561,-0.893187940120697,22.76711792945583,5.156173232006601,12.790869490119599,True,0.8605164885520935,423.5,369.0,True,OFFBOARD
48.972,ACQUIRE,True,-2.6444016088060724,-3.3015344525765187,14.761112547508706,0.8037741957765798,0.21390723658386615,-0.8025247682442123,-0.009279343579537544,0.032613020560097086,-0.00024481983342358163,10.000000043699249,1.0688551732651193e-07,0.049999996287036774,-1.2859196557283853e-13,1.2151295965308074e-12,6.321574934273672e-07,1.2219148210800165e-12,-2.9888603901075825e-07,13.06832137641256,10.301230430603027,2.6996541023254395,14.58963394165039,0.7853906154632568,0.22298797965049744,-0.8966127634048462,22.809862640529154,5.169320394203263,12.75010319003101,True,0.8605164885520935,423.5,369.0,True,OFFBOARD
49.064,ACQUIRE,True,-2.5704042143905426,-3.281814503390613,14.687275625657582,0.8047551218827117,0.2147441746434224,-0.8023273475285693,-0.00926903814857121,0.032156069244450226,-0.0001591336028705946,10.000000044054786,1.0713103327577072e-07,0.04999999379560904,5.184068025199838e-09,1.372662495821575e-09,0.004999403227889837,5.362719796645585e-09,-3.01317588280055e-07,12.991742391171933,10.378459930419922,2.7202529907226562,14.513755798339844,0.7866088151931763,0.22245937585830688,-0.8970498442649841,22.79643142947394,5.1722734507847985,12.657741523979752,True,0.8605164885520935,423.5,369.0,True,OFFBOARD
49.164,ACQUIRE,True,-2.486669937076174,-3.2594339962939345,14.603822599419756,0.8054517221500785,0.21558674777811104,-0.8026030557911775,-0.009104282665576193,0.03196047999745477,-9.469044277720116e-05,10.000000044410333,1.0737655142748252e-07,0.04999999651757947,1.997322358529712e-13,-1.8863191734617202e-12,6.636451038978289e-08,1.8968639883260303e-12,-3.0374913733254783e-07,12.905070240131455,10.462451934814453,2.7427051067352295,14.43096923828125,0.7870822548866272,0.22307105362415314,-0.8976629376411438,22.758702494967483,5.169894230991016,12.53351606226159,True,0.8347166776657104,423.0,369.0,True,OFFBOARD
49.264,ACQUIRE,True,-2.4060915112034493,-3.2378452835951874,14.523565028247612,0.8061302858147668,0.21611639866134588,-0.8021900025985705,-0.008802519690281932,0.03227832993800643,-3.972124705552644e-05,10.000000044750186,1.0764132785904146e-07,0.049927553448449014,-3.921817178470998e-09,4.7931280819368816e-09,-0.018110213573485943,6.1931193102670125e-09,-3.0618991322816804e-07,12.821651628095955,10.539417266845703,2.7637035846710205,14.352706909179688,0.7866324782371521,0.22323454916477203,-0.8992910981178284,22.77971319865012,5.178600876466312,12.476240356295964,True,0.8347166776657104,423.0,369.0,True,OFFBOARD
49.364,ACQUIRE,True,-2.325417143624808,-3.216217151401874,14.4434820942477,0.8074225659231321,0.2163999884037075,-0.7991330355456115,-0.008580371956790836,0.03300138897593844,-1.158650348864782e-05,10.000000045180663,1.0790851588146252e-07,0.049999993795609154,5.1840681007293935e-09,1.3726625999049835e-09,0.0049994032278902825,5.362719896300568e-09,-3.090174927773529e-07,12.738130252795635,10.622356414794922,2.786574125289917,14.265512466430664,0.7871981263160706,0.22153140604496002,-0.8982527256011963,22.841284769996868,5.194582795173068,12.45394378916938,True,0.8347166776657104,423.0,369.0,True,OFFBOARD
49.464,ACQUIRE,True,-2.24458114191782,-3.194565564780657,14.363819113127331,0.8093077144777704,0.21666897677132868,-0.7943390107509812,-0.008880635214090734,0.033593507903607864,1.968889524053137e-06,10.000000045536208,1.0815404157800787e-07,0.04999999628703666,-1.2859197446503012e-13,1.2151299791779413e-12,6.321574941488456e-07,1.2219152025381298e-12,-3.1144904108718003e-07,12.654446581927074,10.7008638381958,2.8062617778778076,14.189234733581543,0.7887082695960999,0.22003336250782013,-0.8940065503120422,22.81577387269269,5.197978689407677,12.348739001568195,True,0.8250219821929932,424.5,372.0,True,OFFBOARD
49.564,ACQUIRE,True,-2.163541217343867,-3.1728688335541593,14.28445892152441,0.81137354096212,0.2173101895782047,-0.7937124446057793,-0.009387104203501306,0.03352941632292919,8.682425971779801e-06,10.000000045891753,1.0839955487626498e-07,0.04999999651757947,1.9973224126266778e-13,-1.88631915186238e-12,6.636451041753847e-08,1.8968639674163822e-12,-3.1388059047155666e-07,12.570554219494461,10.786663055419922,2.826904535293579,14.108396530151367,0.7902591824531555,0.21709945797920227,-0.8919454216957092,22.7993421178574,5.201858520348473,12.245197617362159,True,0.8250219821929932,424.5,372.0,True,OFFBOARD
49.664,ACQUIRE,True,-2.0855695396288003,-3.151957725340326,14.208202807176804,0.8128368797269317,0.21833877282664696,-0.7947979877575723,-0.00966907887557653,0.032655520937040786,1.6060250043196e-05,10.000000046247287,1.0864507571223925e-07,0.04999999651757958,1.9973224280551472e-13,-1.886319148633067e-12,6.636451045173335e-08,1.896863964367477e-12,-3.1631213916284567e-07,12.489829078184977,10.871553421020508,2.848007917404175,14.024690628051758,0.7912937998771667,0.21559593081474304,-0.8937852382659912,22.797114924436244,5.207580258807059,12.156751161641207,True,0.8250219821929932,424.5,372.0,True,OFFBOARD
49.764,ACQUIRE,True,-2.0009987355198815,-3.129189389968278,14.125552486888798,0.8133245921597795,0.21946184275963962,-0.7942822921950748,-0.009650252130383367,0.03157907915589912,1.4967327499503029e-05,10.000000046662082,1.089315193592949e-07,0.049999993795609154,5.184068202738387e-09,1.3726627534280111e-09,0.0049994032278819316,5.36272003420762e-09,-3.191489457016091e-07,12.402249743089264,10.94926643371582,2.867676019668579,13.945706367492676,0.7917785048484802,0.2135520577430725,-0.8938360810279846,22.79055435180298,5.210442313707891,12.070818260065211,True,0.8250219821929932,424.5,372.0,True,OFFBOARD
49.864,ACQUIRE,True,-1.9196724982911684,-3.10718581066172,14.046235106258044,0.8131517161334498,0.2205721532044591,-0.792178248285126,-0.009693420859885494,0.03117366389657483,6.693925939002148e-07,10.000000047017627,1.0917704506925147e-07,0.04999999628703666,-1.2859198604886742e-13,1.215129826923769e-12,6.321574943223181e-07,1.221915052348477e-12,-3.215804939123321e-07,12.318003000804657,11.028057098388672,2.88832950592041,13.870611190795898,0.7921538352966309,0.2120545506477356,-0.89121413230896,22.779738359241378,5.213143124396112,11.979431155832348,True,0.8268857002258301,424.5,374.5,True,OFFBOARD
49.964,ACQUIRE,True,-1.8416349735903315,-3.0859632955936074,13.970166476555656,0.8126098051680908,0.22148788521350762,-0.7930014022476208,-0.009509401882203339,0.030899756911936055,-1.8184842460207838e-05,10.000000047373163,1.0942256591543092e-07,0.04999999628703666,-1.285919849404454e-13,1.2151299122623385e-12,6.321574940100679e-07,1.2219151370965177e-12,-3.2401204252894746e-07,12.237135698635042,11.113574028015137,2.911140203475952,13.790372848510742,0.7929035425186157,0.21130962669849396,-0.8914601802825928,22.81144819201687,5.224424280948285,11.924409552674136,True,0.8268857002258301,424.5,374.5,True,OFFBOARD
50.064,ACQUIRE,True,-1.760411962655389,-3.0637725437504297,13.890755305106136,0.8118406651448161,0.22225715808379673,-0.7950143131056244,-0.009289486404640189,0.030646575885176143,-3.770967760187081e-05,10.0000000477287,1.0966807923032226e-07,0.04999999651757947,1.9973224921268772e-13,-1.886319137198122e-12,6.636451061843333e-08,1.8968639536707496e-12,-3.26443591789004e-07,12.15294176427343,11.19167423248291,2.93200945854187,13.71410846710205,0.7918047308921814,0.21077708899974823,-0.8933494687080383,22.78178076161807,5.225419559540612,11.81483386459854,True,0.8268857002258301,424.5,374.5,True,OFFBOARD
50.164,ACQUIRE,True,-1.6760262790220577,-3.0406301973693686,13.807999955154855,0.8110500724703031,0.22269595330330622,-0.7959326706148083,-0.00883225242244796,0.0308377045814546,-3.206198432437586e-05,10.0000000481435,1.0995452289302467e-07,0.049999993795609154,5.18406830508216e-09,1.3726629017468683e-09,0.004999403227887898,5.362720171106223e-09,-3.2928039821302964e-07,12.065447503448839,11.275547981262207,2.9544239044189453,13.62954044342041,0.7915108799934387,0.20973719656467438,-0.8953850865364075,22.799500492241975,5.234490724038241,11.747348048697875,True,0.8268857002258301,424.5,374.5,True,OFFBOARD
50.264,ACQUIRE,True,-1.594956690621283,-3.0183584656008287,13.72846598610345,0.8103421721613531,0.22267855507172368,-0.79485197391866,-0.008408986825302691,0.03062874104874215,-4.377852268488675e-05,10.000000048499038,1.1020004861633342e-07,0.049999996287036774,-1.2859199952033087e-13,1.2151292685172986e-12,6.321574944820793e-07,1.221914498460519e-12,-3.317119463238383e-07,11.981381818228748,11.354247093200684,2.9761927127838135,13.555545806884766,0.7908607721328735,0.20887990295886993,-0.8928794264793396,22.8105777590182,5.241873784146637,11.678220028826424,True,0.8045616149902344,424.5,373.5,True,OFFBOARD
50.364,ACQUIRE,True,-1.5139737461846665,-2.9961108246554136,13.648851554622356,0.8092804224124234,0.2222285852148291,-0.7980434397998476,-0.008032805328883905,0.03019391087832432,-4.7277638674965855e-05,10.000000048854574,1.1044556194138056e-07,0.04999999651757936,1.997322551483807e-13,-1.886319137568699e-12,6.636451089615563e-08,1.8968639546642715e-12,-3.341434955094585e-07,11.897406157994354,11.439753532409668,3.0000014305114746,13.47696590423584,0.7900512218475342,0.20649343729019165,-0.8937993049621582,22.767213641656767,5.239737662333229,11.5467645214891,True,0.8045616149902344,424.5,373.5,True,OFFBOARD
50.464,ACQUIRE,True,-1.43311737196358,-2.9739196983860197,13.568806119811162,0.807853193738458,0.221618442719021,-0.8023295565582114,-0.007967100149449454,0.029807977214841172,-2.2522056981291317e-05,10.000000049194428,1.1071033841331785e-07,0.04992755344841615,-3.92181811776513e-09,4.793128104488287e-09,-0.018110213581693377,6.1931199225322855e-09,-3.3658427111005885e-07,11.81356732731153,11.517669677734375,3.021301746368408,13.401056289672852,0.7884418368339539,0.20514434576034546,-0.8982880711555481,22.799452047969936,5.252315594662392,11.5002624422505,True,0.8045616149902344,424.5,373.5,True,OFFBOARD
50.564,ACQUIRE,True,-1.3524145530602771,-2.9517922227719526,13.488473799688112,0.8062864743225592,0.220949004532445,-0.8035768241098864,-0.007931298905062866,0.029891682418121325,-4.7811040039066186e-05,10.000000049624912,1.1097752648271622e-07,0.04999999379560904,5.184068407341811e-09,1.3726630448615551e-09,0.004999403227879377,5.3627203065914275e-09,-3.3941185031012934e-07,11.729893234503121,11.601201057434082,3.0437402725219727,13.315845489501953,0.7861941456794739,0.20263004302978516,-0.901374876499176,22.787485526561184,5.256073555578382,11.402954826690904,True,0.8045616149902344,424.5,373.5,True,OFFBOARD
50.664,ACQUIRE,True,-1.2750645165170174,-2.930607710008908,13.411408804325742,0.8053473791860427,0.22042605352081668,-0.8020958943281054,-0.007932496104820703,0.03072783730665537,-4.7519630410196515e-05,10.000000049980446,1.1122304735262741e-07,0.049999993795609154,5.184068434312908e-09,1.372663081290748e-09,0.004999403227884189,5.362720341988579e-09,-3.4184339875283207e-07,11.649701420231876,11.679158210754395,3.065119504928589,13.24203109741211,0.7841965556144714,0.20278102159500122,-0.8977219462394714,22.825731276839008,5.268061346535774,11.362176018486362,True,0.7567760348320007,427.5,377.5,True,OFFBOARD
50.764,ACQUIRE,True,-1.1913242952223024,-2.907727332882778,13.327859105268088,0.8051778381454754,0.21950414301375165,-0.8054831008667291,-0.007261240834846253,0.031534678038122814,-5.083710679471509e-05,10.000000050335986,1.1146856555803081e-07,0.04999999651757936,1.9973226143729273e-13,-1.886319124466158e-12,6.636451106235601e-08,1.896863942296766e-12,-3.442749474091694e-07,11.562898403865688,11.76366901397705,3.0883750915527344,13.163537979125977,0.7831539511680603,0.20155125856399536,-0.8990355730056763,22.790288121432887,5.26604251863928,11.239598051705581,True,0.7567760348320007,427.5,377.5,True,OFFBOARD
50.864,ACQUIRE,True,-1.1107968595234579,-2.885847088505332,13.247075128043194,0.8053874426281167,0.21811297551603465,-0.809569814638911,-0.006953470811127742,0.03162740829649683,-3.593622006854463e-05,10.000000050675844,1.1173334204337418e-07,0.04992755344840527,-3.921818430553612e-09,4.793128120100798e-09,-0.01811021358442858,6.193120132690065e-09,-3.46715722911394e-07,11.479456522101547,11.840839385986328,3.109166145324707,13.087807655334473,0.7830292582511902,0.19994211196899414,-0.9039731025695801,22.798133162826545,5.2716869818943195,11.168651811233936,True,0.7567760348320007,427.5,377.5,True,OFFBOARD
50.964,ACQUIRE,True,-1.0302449608088877,-2.8641067943048664,13.166037252230712,0.8056561560172345,0.21680979170055123,-0.8106687311119474,-0.0072912672542578836,0.03167146076640135,-8.342314779996356e-06,10.000000051106321,1.1200053012836276e-07,0.049999993795609154,5.184068509707544e-09,1.3726631923130506e-09,0.004999403227885339,5.36272044328925e-09,-3.495433019950901e-07,11.396026210641438,11.923731803894043,3.1310276985168457,13.00273323059082,0.7827557921409607,0.19678811728954315,-0.9063717722892761,22.796245299643033,5.2769592960708245,11.082263854313545,True,0.7567760348320007,427.5,377.5,True,OFFBOARD
51.064,ACQUIRE,True,-0.9496612865425926,-2.8424754079937036,13.085040144783298,0.8060254302694329,0.21592067228848266,-0.8092361396701357,-0.007691262323220273,0.03187937544865198,5.38208690642465e-06,10.000000051461855,1.12246055878494e-07,0.04999999628703666,-1.2859198557902883e-13,1.2151302205823313e-12,6.321574948425688e-07,1.2219154437716312e-12,-3.5197484990851606e-07,11.312592563163923,12.001853942871094,3.1500957012176514,12.927875518798828,0.7836780548095703,0.19535179436206818,-0.9036226272583008,22.800275815023856,5.282576609437108,11.006970053239339,True,0.7183047533035278,427.5,385.5,True,OFFBOARD
51.164,ACQUIRE,True,-0.8690257657376855,-2.820913252719558,13.00404314056923,0.8067158041580479,0.21538400145991757,-0.8113530961441694,-0.007928700191278205,0.03231929368199247,7.696770711227892e-05,10.000000051817402,1.1249156923066065e-07,0.04999999651757936,1.9973226794755311e-13,-1.8863191139841255e-12,6.636451124276725e-08,1.8968639325585086e-12,-3.5440639889566446e-07,11.229126165321404,12.08703327178955,3.1701557636260986,12.847222328186035,0.7852383255958557,0.19464804232120514,-0.9026184678077698,22.791845406338133,5.28240229526822,10.911213875935745,True,0.7183047533035278,427.5,385.5,True,OFFBOARD
51.264,ACQUIRE,True,-0.7883115215040963,-2.799397598508642,12.92272869827926,0.8075349176031453,0.21492645379884356,-0.814405580087029,-0.0077868856301287785,0.03237959799264198,0.0001469447721882926,10.000000052157251,1.1275634572951765e-07,0.04992755344839428,-3.921818743616695e-09,4.793128130509139e-09,-0.018110213587164734,6.193120338994009e-09,-3.568471742995362e-07,11.145595280478789,12.164758682250977,3.188667058944702,12.770145416259766,0.7855257391929626,0.19368024170398712,-0.9058781862258911,22.81052256360472,5.288176506217159,10.850816952502806,True,0.7183047533035278,427.5,385.5,True,OFFBOARD
51.364,ACQUIRE,True,-0.7107385780035861,-2.778791030683001,12.844515253815528,0.8086202875429109,0.21442255976264465,-0.8143895415396464,-0.007910532547973323,0.03292263887721621,0.00014510926998219023,10.000000052512785,1.1300186662246102e-07,0.049927553448391615,-3.921818818833912e-09,4.793128128774415e-09,-0.01811021358781598,6.19312038528304e-09,-3.5927872257080015e-07,11.065333353833365,12.248266220092773,3.208594560623169,12.683671951293945,0.7869577407836914,0.19218285381793976,-0.9080613255500793,22.808471670634404,5.290129615226218,10.763397574241624,True,0.7183047533035278,427.5,385.5,True,OFFBOARD
51.464,ACQUIRE,True,-0.6265578862268407,-2.7565084131117183,12.759982973581051,0.8102151174269954,0.21414699484377986,-0.8111233329907728,-0.008209628360342185,0.03315009724907637,0.0001597800325245946,10.00000005294327,1.1326905959383428e-07,0.049999996287036774,-1.2859200134840002e-13,1.2151293013398253e-12,6.321574950089357e-07,1.2219145312931664e-12,-3.621063010811856e-07,10.978254546627584,12.32663345336914,3.2281744480133057,12.60490894317627,0.7893787622451782,0.19049926102161407,-0.9048866629600525,22.844723276000614,5.299683384082347,10.720138188902123,True,0.7002562880516052,424.5,383.0,True,OFFBOARD
51.564,ACQUIRE,True,-0.5454566802379895,-2.7350910801723867,12.67900210652023,0.8117012938242696,0.21426318426273525,-0.8087527362051448,-0.008569946227075926,0.032943205266108985,0.00017771372527792208,10.000000053298812,1.1351457295935398e-07,0.04999999651757947,1.9973227430528915e-13,-1.8863191015168593e-12,6.636451140946724e-08,1.8968639208299934e-12,-3.6453784996919277e-07,10.89437384876619,12.411951065063477,3.249870777130127,12.520386695861816,0.7913087010383606,0.19082243740558624,-0.9022171497344971,22.830019975028613,5.3030462730790155,10.618459842648893,True,0.7002562880516052,424.5,383.0,True,OFFBOARD
51.664,ACQUIRE,True,-0.46747183273381665,-2.714513318421022,12.601454460695146,0.8129137255617049,0.21438526140529862,-0.8067750273824829,-0.008267748767332174,0.03283830187034563,0.00016996479071943675,10.000000053654347,1.1376009386260701e-07,0.04999999651757947,1.9973227494781462e-13,-1.8863190901877936e-12,6.636451131232273e-08,1.896863909631562e-12,-3.669693981649931e-07,10.813720491385853,12.489950180053711,3.2694060802459717,12.440411567687988,0.7918568849563599,0.1900654286146164,-0.9009174704551697,22.82315183873918,5.304949817704449,10.531784978158571,True,0.7002562880516052,424.5,383.0,True,OFFBOARD
51.764,ACQUIRE,True,-0.38611505260087364,-2.6930783692263316,12.520951395684488,0.8142162084040928,0.21431750563601876,-0.8032127529625767,-0.008247226125519072,0.03308178626341798,0.0001480372683950724,10.000000053994196,1.1402487037804763e-07,0.049927553448380735,-3.9218191316055196e-09,4.793128135713309e-09,-0.01811021359055212,6.193120588717259e-09,-3.6941017344686437e-07,10.729588003478646,12.5738525390625,3.290126323699951,12.353006362915039,0.793255090713501,0.18966031074523926,-0.8986781239509583,22.82101111562021,5.3088824128008,10.44411963931867,True,0.712444007396698,427.5,384.0,True,OFFBOARD
51.864,ACQUIRE,True,-0.30135508816972956,-2.670792818423716,12.437666536315259,0.8157134264670937,0.21423978844906036,-0.7987888188973495,-0.008188552271486512,0.03305388650397379,0.00013136830056394952,10.000000054424683,1.1429206336502373e-07,0.049999996287036774,-1.2859200144931606e-13,1.2151303573781523e-12,6.321574951827413e-07,1.221915581477991e-12,-3.722377518408668e-07,10.641947785217747,12.65298080444336,3.310431480407715,12.278883934020996,0.794410765171051,0.1880042850971222,-0.8936461806297302,22.828867702148056,5.313818928474704,10.371221500958818,True,0.712444007396698,427.5,384.0,True,OFFBOARD
51.964,ACQUIRE,True,-0.22298962790026758,-2.650229483800026,12.360975604797462,0.8168028714744594,0.21420394729682357,-0.7998702684611608,-0.008456367762292163,0.03288598546998599,0.00012795798395742527,10.000000054780218,1.1453758427848168e-07,0.04999999628703666,-1.2859199681214155e-13,1.2151303976122173e-12,6.321574948564467e-07,1.2219156210006314e-12,-3.7466929996192895e-07,10.560929645447715,12.739157676696777,3.3327255249023438,12.199542999267578,0.795424222946167,0.18827508389949799,-0.8922194242477417,22.80721292575295,5.3155774915805685,10.26145401099704,True,0.712444007396698,427.5,384.0,True,OFFBOARD
52.064,ACQUIRE,True,-0.14125588336011125,-2.628798361166293,12.28080312225631,0.8178433866344998,0.21446138765651138,-0.8032250429609062,-0.008798285448305456,0.032965180741976435,0.00011784111179319036,10.000000055135754,1.1478309766064931e-07,0.04999999651757947,1.9973228147008205e-13,-1.8863190796263515e-12,6.636451147191728e-08,1.896863899815601e-12,-3.7710084872647714e-07,10.476433240241237,12.817809104919434,3.3525876998901367,12.12337875366211,0.7963205575942993,0.1874639093875885,-0.8958690166473389,22.81224192011998,5.322582343220758,10.186734815057713,True,0.712444007396698,427.5,384.0,True,OFFBOARD
52.164,ACQUIRE,True,-0.05614519158649619,-2.6064681105811482,12.197180121964003,0.8187836233664724,0.21493752674834696,-0.8043786835474019,-0.008710796332760336,0.03244235408303574,0.00020743132987326577,10.00000005555055,1.1506954140175405e-07,0.049999993795609154,5.184068816321072e-09,1.3726636433411543e-09,0.004999403227887772,5.362720855135307e-09,-3.7993765457239576e-07,10.388442320330979,12.902360916137695,3.373497724533081,12.03795051574707,0.7972419857978821,0.18679071962833405,-0.8980033993721008,22.809658165921498,5.327461217634932,10.098143994217377,True,0.6915991902351379,426.0,384.5,True,OFFBOARD
52.264,ACQUIRE,True,0.02247270230579574,-2.585822790457745,12.120019732308199,0.8189417636093027,0.21510229093279798,-0.8030403524260422,-0.008244684658981306,0.03154820241414132,0.00029121549229816257,10.000000055906087,1.1531506232536036e-07,0.049999993795609154,5.18406884330266e-09,1.372663680637709e-09,0.004999403227878541,5.362720890764616e-09,-3.8236920261787567e-07,10.307159268773397,12.987555503845215,3.3953614234924316,11.95510196685791,0.7975932955741882,0.18791817128658295,-0.8950399160385132,22.815651947026776,5.331317582970673,10.016955922230057,True,0.6915991902351379,426.0,384.5,True,OFFBOARD
52.364,ACQUIRE,True,0.10434271266397607,-2.564329949905596,12.0397056876757,0.8183891463560143,0.21466546736722752,-0.8036221138098532,-0.007618705818959379,0.030969340042453337,0.00036354758068494455,10.000000056261621,1.1556058811909524e-07,0.049999996287036774,-1.2859201707475783e-13,1.215129820571022e-12,6.32157495029919e-07,1.2219150492961116e-12,-3.8480075020969214e-07,10.222515490159541,13.066150665283203,3.41556715965271,11.879383087158203,0.7966672778129578,0.18674565851688385,-0.8952459692955017,22.850405637931136,5.3408387578533665,9.971876257586828,True,0.6915991902351379,426.0,384.5,True,OFFBOARD
52.464,ACQUIRE,True,0.1861342286939199,-2.542898783139404,11.95929581714688,0.8175005842185337,0.2140167873236933,-0.8042089464906209,-0.007794737308020793,0.031074307756592246,0.00042291252090616044,10.00000005661716,1.1580610151457725e-07,0.04999999651757958,1.9973228769462908e-13,-1.88631906541208e-12,6.63645116452231e-08,1.896863886335768e-12,-3.8723229887514394e-07,10.137963173080566,13.150442123413086,3.436671018600464,11.794830322265625,0.7960333228111267,0.18651296198368073,-0.8972480297088623,22.81228986698009,5.337850751779968,9.84712070595884,True,0.6915991902351379,426.0,384.5,True,OFFBOARD
52.564,ACQUIRE,True,0.2678621208514814,-2.52151867354659,11.878944775792258,0.8171756227051953,0.2136174209431824,-0.802563108994954,-0.007862182980147528,0.03160301542207444,0.0004689916775268388,10.000000056957013,1.1607087805708924e-07,0.04992755344835886,-3.921819758074171e-09,4.7931281547952675e-09,-0.018110213596022495,6.193121000199499e-09,-3.896730739611868e-07,10.053485257052818,13.227686882019043,3.455639362335205,11.71472454071045,0.795196533203125,0.18574142456054688,-0.8968307375907898,22.823082093929564,5.344965858795719,9.779630048370086,True,0.6700531244277954,430.0,387.0,True,OFFBOARD
52.664,ACQUIRE,True,0.3495723459893936,-2.50017985942726,11.798873303658574,0.8170174189029861,0.21316127319664224,-0.7986516583436142,-0.00778748151001807,0.03153821298457013,0.00047858324936542196,10.00000005738749,1.1633806620835231e-07,0.04999999379560904,5.184068945414622e-09,1.3726638211503106e-09,0.004999403227883783,5.362721025441026e-09,-3.9250065255263165e-07,9.969034804038865,13.305079460144043,3.476020336151123,11.638474464416504,0.7940840125083923,0.1850346326828003,-0.8947557806968689,22.819319806223717,5.347518152602033,9.696559876572248,True,0.6700531244277954,430.0,387.0,True,OFFBOARD
52.764,ACQUIRE,True,0.43454343191506173,-2.4780310001024004,11.71593406937846,0.8171125081319621,0.21283089306307182,-0.7972274061817092,-0.008017981697447593,0.031958143138086106,0.0005142875789884475,10.000000057743026,1.1658358448095775e-07,0.04999999651757947,1.9973229393326404e-13,-1.886319069594305e-12,6.636451192261232e-08,1.8968638911516473e-12,-3.949322007132026e-07,9.881224553457942,13.388833999633789,3.4984145164489746,11.556467056274414,0.7941567897796631,0.183761328458786,-0.8916429877281189,22.82868287978394,5.354628217214579,9.62061724542568,True,0.6700531244277954,430.0,387.0,True,OFFBOARD
52.864,ACQUIRE,True,0.5162557985672863,-2.4567585634806357,11.636166254984403,0.8170113841155751,0.21262986606969284,-0.7979108757718462,-0.00799762125794687,0.03112236052491338,0.0006021916157322455,10.00000005808288,1.1684836103381088e-07,0.04992755344835054,-3.9218199958911515e-09,4.7931281617341615e-09,-0.018110213598107373,6.1931211561684126e-09,-3.9737297572366795e-07,9.796788677585472,13.46579360961914,3.5181972980499268,11.478419303894043,0.7944363355636597,0.18360482156276703,-0.8932341933250427,22.841946391350387,5.36225196513945,9.555772004478824,True,0.6700531244277954,430.0,387.0,True,OFFBOARD
52.964,ACQUIRE,True,0.5979066203013563,-2.4355101582471916,11.556432619352728,0.8158933528306108,0.2123430568274093,-0.7964212957548895,-0.007945047885081834,0.030129844432128208,0.000667599901163095,10.000000058513358,1.171155491970148e-07,0.049999993795609154,5.184069023199008e-09,1.372663939111507e-09,0.004999403227884921,5.362721130827953e-09,-4.002005542257958e-07,9.712418407495974,13.548760414123535,3.538829803466797,11.392524719238281,0.7934041023254395,0.1821107417345047,-0.8929575681686401,22.837367909127025,5.366578971701463,9.466725739040797,True,0.6276111602783203,432.0,388.5,True,OFFBOARD
53.016,ACQUIRE,True,0.637050477677412,-2.42532075528047,11.518237557001752,0.8151500785805247,0.21222912264266908,-0.7951237655811016,-0.007990000394563981,0.02992868853442311,0.0007005970107675979,10.000000058691125,1.1723830967193002e-07,0.04999999379560904,5.184069033904068e-09,1.3726639538566565e-09,0.004999403227884005,5.362721144950617e-09,-4.0141632815283e-07,9.671970129776048,13.574213981628418,3.545034646987915,11.365816116333008,0.7930092215538025,0.18141166865825653,-0.8928968906402588,22.833545006378554,5.368793883738854,9.437229931475379,True,0.6276111602783203,432.0,388.5,True,OFFBOARD
53.112,ACQUIRE,True,0.718476076604981,-2.404106214992286,11.438873913390786,0.8133907443701744,0.2121021209807157,-0.7927203711432188,-0.008180263773947554,0.029684528831202695,0.0007736604896849979,10.000000059046661,1.1748383549093367e-07,0.049999996287036885,-1.2859200722138237e-13,1.2151293923958671e-12,6.321574953491083e-07,1.2219146224616404e-12,-4.038478755586002e-07,9.587826380076553,13.653619766235352,3.568302631378174,11.290648460388184,0.7916403412818909,0.1821521669626236,-0.8896659016609192,22.832284427380664,5.373890161359797,9.354572747602262,True,0.6276111602783203,432.0,388.5,True,OFFBOARD
53.164,ACQUIRE,True,0.760746195661684,-2.3930775994017206,11.397658545242619,0.8124633150755588,0.2120665758838849,-0.7925366229181421,-0.00803028764189978,0.029740837186257637,0.0008053023810288968,10.000000059224435,1.1760658843369495e-07,0.04999999651757958,1.9973229897380542e-13,-1.8863190442891958e-12,6.636451195053443e-08,1.8968638665179602e-12,-4.050636501350844e-07,9.54414128746012,13.712660789489746,3.58508563041687,11.23314380645752,0.7914858460426331,0.18285825848579407,-0.8895466327667236,22.82223555316639,5.373555822694889,9.283478766264366,True,0.6276111602783203,432.0,388.5,True,OFFBOARD
53.264,ACQUIRE,True,0.8419000877913272,-2.3718892926333184,11.318421909567835,0.8106524682166992,0.21161550509961702,-0.7920917958810538,-0.007404659854982897,0.029464408737623158,0.0008227450262091355,10.000000059564282,1.1787136499994956e-07,0.049927553448339546,-3.921820308664794e-09,4.793128172142502e-09,-0.018110213600842105,6.1931213622891116e-09,-4.075044250471685e-07,9.460267145733892,13.790624618530273,3.606302499771118,11.155243873596191,0.7905712723731995,0.18205751478672028,-0.8899537324905396,22.82539475218764,5.3789851093817775,9.207033995942625,True,0.6276111602783203,432.0,388.5,True,OFFBOARD
53.364,ACQUIRE,True,0.9228603123752264,-2.350772192936345,11.239291859032862,0.8085941455474501,0.21072410157731106,-0.7903266120977396,-0.007149016871275371,0.029212802173230964,0.0008304662719856438,10.00000005999476,1.1813855317874369e-07,0.049999993795609154,5.184069123107142e-09,1.3726640856956407e-09,0.004999403227876873,5.36272126492805e-09,-4.1033200343264893e-07,9.376598341420562,13.874192237854004,3.6281018257141113,11.069212913513184,0.7876929640769958,0.1818825602531433,-0.8897817134857178,22.82730048615945,5.384473666909451,9.123759606128328,True,0.6081496477127075,434.5,394.0,True,OFFBOARD
53.464,ACQUIRE,True,1.0003955874830592,-2.3305845434744734,11.163582995350364,0.8068952321115727,0.20993052299922207,-0.7870892288036828,-0.0073814767792139795,0.02972574612694489,0.000856084994892456,10.000000060350297,1.1838407414271281e-07,0.049999993795609154,5.184069149745312e-09,1.3726641299310893e-09,0.00499940322788125,5.3627213020014895e-09,-4.1276355118080523e-07,9.296478125297899,13.952528953552246,3.64886212348938,10.992730140686035,0.7862083315849304,0.18135510385036469,-0.8862667679786682,22.84114131766887,5.392557540894009,9.058029778500666,True,0.6081496477127075,434.5,394.0,True,OFFBOARD
53.564,ACQUIRE,True,1.0842266952417074,-2.3087899173752664,11.081771308700528,0.8052625922337926,0.2092262403889696,-0.7867167231730611,-0.007397034553793983,0.029525979521584294,0.0009233325634450628,10.000000060705839,1.186295924421044e-07,0.04999999651757947,1.997323065443821e-13,-1.8863190434951024e-12,6.636451226261812e-08,1.8968638665254335e-12,-4.1519509914313154e-07,9.209860266837653,14.037524223327637,3.671212911605835,10.911056518554688,0.7847012281417847,0.18043173849582672,-0.885104775428772,22.830518504641454,5.395559527879124,8.96047541619699,True,0.6081496477127075,434.5,394.0,True,OFFBOARD
53.664,ACQUIRE,True,1.1646681891047441,-2.2879008907822307,11.003069023769495,0.8036769451549293,0.20859338696885593,-0.7871135887319629,-0.00743455715916375,0.02966011118634856,0.0009726220967322153,10.000000061045684,1.1889436902180268e-07,0.04992755344832844,-3.921820621952724e-09,4.79312818602029e-09,-0.01811021360357822,6.193121571420652e-09,-4.1763587395689803e-07,9.126750808333414,14.114909172058105,3.690784454345703,10.834059715270996,0.783828616142273,0.17999695241451263,-0.8875474333763123,22.85650934633008,5.404566003074212,8.908008801275068,True,0.6081496477127075,434.5,394.0,True,OFFBOARD
53.764,ACQUIRE,True,1.244962130444156,-2.2670714325973735,10.924432261559335,0.8023045679499068,0.20803234637561932,-0.7853564083227734,-0.00747828376835002,0.029864115081631813,0.0009819402214720785,10.000000061476161,1.1916155721620397e-07,0.04999999379560904,5.184069225228882e-09,1.3726642409533918e-09,0.0049994032278816835,5.362721403388147e-09,-4.2046345222687144e-07,9.043799123963547,14.197875022888184,3.7111082077026367,10.748748779296875,0.7821005582809448,0.17803528904914856,-0.8877241611480713,22.84190594146534,5.405745021652821,8.80857902572901,True,0.6055535674095154,437.5,396.5,True,OFFBOARD
53.864,ACQUIRE,True,1.32513128613639,-2.24629210265045,10.846043770567787,0.8011011230108103,0.20762250699908366,-0.7827976449638885,-0.0077659158322578425,0.02963415524697328,0.0009317191517792762,10.000000061831702,1.1940708306048497e-07,0.049999996287036774,-1.2859203481281889e-13,1.2151305363138624e-12,6.321574956889476e-07,1.2219157629311916e-12,-4.228949994462983e-07,8.960980806943493,14.275944709777832,3.731452465057373,10.674504280090332,0.7821143269538879,0.17728284001350403,-0.8845799565315247,22.83669277650376,5.408749865909217,8.723516150776364,True,0.6055535674095154,437.5,396.5,True,OFFBOARD
53.964,ACQUIRE,True,1.4051526961272576,-2.2255432492476754,10.76770490992771,0.7992323302468752,0.20733950353016845,-0.7844998470012359,-0.00760093584179468,0.028582004203321274,0.0009313335700693172,10.000000062187237,1.1965259650658773e-07,0.04999999651757936,1.997323130740554e-13,-1.886319033330707e-12,6.636451242898504e-08,1.8968638571050916e-12,-4.253265477391804e-07,8.878313158068043,14.36085319519043,3.753999710083008,10.594864845275879,0.7811235785484314,0.17790596187114716,-0.8853968381881714,22.84964321911975,5.415848329257878,8.649930456565263,True,0.6055535674095154,437.5,396.5,True,OFFBOARD
54.064,ACQUIRE,True,1.4849424757576166,-2.2048353402458734,10.689109780503777,0.7966199036931143,0.20680766032970294,-0.7872156893836783,-0.00735328812642147,0.028182931129175214,0.000990007382397576,10.000000062527084,1.1991737309981746e-07,0.049927553448317674,-3.92182093484285e-09,4.79312818602029e-09,-0.01811021360631435,6.193121769559663e-09,-4.2776732245458336e-07,8.795880007844215,14.4380464553833,3.773740768432617,10.518689155578613,0.7791844010353088,0.1774527132511139,-0.888019859790802,22.856381933586874,5.420378915565186,8.577866250482877,True,0.6055535674095154,437.5,396.5,True,OFFBOARD
54.164,ACQUIRE,True,1.564469319405582,-2.1841874923416853,10.610330755820106,0.7940450343424031,0.20618655188981366,-0.7879053713008326,-0.007405287581624724,0.02819135369280013,0.001062350236226733,10.000000062957566,1.2018456130989027e-07,0.049999993795609154,5.18406932985523e-09,1.3726643849354403e-09,0.004999403227873449,5.362721541383241e-09,-4.3059490060760684e-07,8.713716454654913,14.520651817321777,3.794121742248535,10.434022903442383,0.7765529751777649,0.17614009976387024,-0.8899269700050354,22.83913129802304,5.420689062099234,8.476014518442865,True,0.610745370388031,442.0,402.0,True,OFFBOARD
54.264,ACQUIRE,True,1.6405797081110112,-2.1644165657827314,10.534750076148066,0.7917471292811006,0.2057641793234983,-0.7866866100592872,-0.007648969359908051,0.02848737056260208,0.0011201071239291972,10.0000000633131,1.2043008230063918e-07,0.04999999379560893,5.1840693545303905e-09,1.3726644152931011e-09,0.0049994032278784205,5.362721573006852e-09,-4.330264481581424e-07,8.6350800961267,14.598323822021484,3.8154051303863525,10.359794616699219,0.7742701172828674,0.17650997638702393,-0.8887883424758911,22.84858205059018,5.4251575006287585,8.405835088292331,True,0.610745370388031,442.0,402.0,True,OFFBOARD
54.364,ACQUIRE,True,1.7196469963104974,-2.1438521537558275,10.456022230025459,0.7897311506852858,0.20554407224563917,-0.7883807089153879,-0.007724280675013119,0.0288467071913064,0.0011400167432227596,10.000000063668635,1.2067560816161833e-07,0.04999999628703666,-1.28592030114433e-13,1.2151306724744087e-12,6.321575236526902e-07,1.2219158978411975e-12,-4.354579952544462e-07,8.55338234236563,14.656874656677246,3.8320634365081787,10.304973602294922,0.7729663252830505,0.17665036022663116,-0.8885406851768494,22.85757865226401,5.433344033093265,8.355575717581202,True,0.610745370388031,442.0,402.0,True,OFFBOARD
54.464,ACQUIRE,True,1.801689569244475,-2.122487446257375,10.373866112470383,0.7881847252022661,0.20536097172121287,-0.7911307582828843,-0.007957047413383947,0.029486964250574572,0.0011777754805026323,10.000000064008484,1.2094037723366866e-07,0.049927553448306794,-3.9218212477198704e-09,4.793128201632801e-09,-0.01811021360904426,6.193121979773589e-09,-4.378987705393578e-07,8.468603689007221,14.759251594543457,3.8596081733703613,10.203784942626953,0.7712371945381165,0.17498119175434113,-0.8925659656524658,22.85298605436021,5.438638658931265,8.246324925708171,True,0.610745370388031,442.0,402.0,True,OFFBOARD
54.564,ACQUIRE,True,1.8804583179667314,-2.101944906864938,10.294710686108484,0.7872711082588182,0.2055361498502048,-0.7916914899840835,-0.008287467182372788,0.029704792423074045,0.0012279153124061734,10.000000064438963,1.2120756545925377e-07,0.04999999379560904,5.184069429630538e-09,1.3726645306522123e-09,0.004999403227879299,5.36272167513293e-09,-4.4072634857572347e-07,8.387200431237115,14.841299057006836,3.8804492950439453,10.11937427520752,0.771212637424469,0.17478111386299133,-0.8936800956726074,22.855025236745444,5.4440599642600285,8.164844493847651,True,0.610745370388031,442.0,402.0,True,OFFBOARD
54.664,ACQUIRE,True,1.9591395779601346,-2.081372440107665,10.215577845628992,0.7863659720572049,0.20592396822665832,-0.7907718701469838,-0.008466657215901105,0.029541070238474493,0.0013018099201197132,10.000000064794497,1.2145309133026517e-07,0.04999999628703666,-1.285920525872759e-13,1.2151298245944285e-12,6.321575241522905e-07,1.2219150570344468e-12,-4.431578955972355e-07,8.305874373523364,14.918547630310059,3.900179862976074,10.043764114379883,0.7713594436645508,0.1754341870546341,-0.892277181148529,22.85420194142359,5.4465213343992245,8.084910716373921,True,0.3496437966823578,409.5,401.0,True,OFFBOARD
54.764,ACQUIRE,True,2.0377326687319295,-2.0607528141030764,10.136472616985188,0.7856367349074468,0.2064629418336575,-0.7917091017804948,-0.008563425011142024,0.03019737494394553,0.0013439463094749415,10.000000065150031,1.2169860480315516e-07,0.04999999651757947,1.997323261374086e-13,-1.886319011599018e-12,6.636451278303516e-08,1.8968638368697306e-12,-4.4558944369270635e-07,8.224621860880774,15.002524375915527,3.921452760696411,9.96229076385498,0.7716646194458008,0.17519992589950562,-0.8923299312591553,22.849848138774508,5.450861549975734,7.994972262857207,True,0.3496437966823578,409.5,401.0,True,OFFBOARD
54.864,ACQUIRE,True,2.113144420966487,-2.0409077954610684,10.060392425834443,0.7854943701524937,0.20694501165557697,-0.79304258238093,-0.008551259483405916,0.030492236415703956,0.001398674763157803,10.000000065505569,1.2194412581381263e-07,0.04999999651757947,1.9973232642909317e-13,-1.886318996828881e-12,6.636451267184633e-08,1.8968638222124153e-12,-4.480209910956993e-07,8.146643301699491,15.085366249084473,3.941622018814087,9.878143310546875,0.7721809148788452,0.17345154285430908,-0.8937193155288696,22.864620669263598,5.457796162147678,7.925628263222405,True,0.3496437966823578,409.5,401.0,True,OFFBOARD
54.964,ACQUIRE,True,2.194837291245694,-2.019350618265419,9.977931827365031,0.7855801155904606,0.20765933166008385,-0.792225628103733,-0.008981969073563415,0.030811461485922686,0.001491603675600674,10.000000065920359,1.2223056966454852e-07,0.04999999379560904,5.184069531997326e-09,1.3726646850426016e-09,0.004999403227884677,5.3627218136079065e-09,-4.5085779613141425e-07,8.062155006715564,15.161099433898926,3.959423780441284,9.798588752746582,0.7731016874313354,0.17227737605571747,-0.8951682448387146,22.86067008989569,5.46085092628989,7.8445950667308235,True,0.3496437966823578,409.5,401.0,True,OFFBOARD
55.064,ACQUIRE,True,2.273416445837326,-1.9985301390328991,9.898885245296283,0.7860187785501596,0.20876772815289082,-0.7887058486504475,-0.00942733311519455,0.031043715471976797,0.001553211329695554,10.000000066275893,1.2247609554924948e-07,0.04999999628703666,-1.2859203573264373e-13,1.2151297521731115e-12,6.321575243046132e-07,1.2219149832415317e-12,-4.532893430538058e-07,7.980865720571721,15.237893104553223,3.977273941040039,9.72143840789795,0.7733240127563477,0.1717463731765747,-0.8920871019363403,22.856734166783262,5.465022293250227,7.762740127753002,True,0.4418305456638336,409.0,404.0,True,OFFBOARD
55.164,ACQUIRE,True,2.3489012780956315,-1.9784200730522177,9.82325551882787,0.7865987529788857,0.2101813368929699,-0.7873491473493105,-0.009818774140348999,0.03141982670328765,0.001603470181152015,10.000000066631431,1.227216165702313e-07,0.049999996287036774,-1.2859204438826166e-13,1.2151295044159744e-12,6.321575239854241e-07,1.2219147377710787e-12,-4.5572089038208423e-07,7.902750099995555,15.321202278137207,3.9963204860687256,9.638688087463379,0.7737234830856323,0.17105452716350555,-0.8894618153572083,22.877405986264247,5.470443337302825,7.6986526522011225,True,0.4418305456638336,409.0,404.0,True,OFFBOARD
55.264,ACQUIRE,True,2.4307652325020257,-1.9564681813116263,9.7413757851675,0.7877739821078978,0.21191132289548484,-0.7874103989786665,-0.009927127600017557,0.032077156588723135,0.0017064213200984443,10.000000066971278,1.2298638566932753e-07,0.04992755344828459,-3.921821873831567e-09,4.793128222449483e-09,-0.018110213614520893,6.193122392372485e-09,-4.5816166547028924e-07,7.817997454915518,15.39894962310791,4.016368389129639,9.56489372253418,0.7760571837425232,0.1725929230451584,-0.8886957764625549,22.876692132943205,5.470876623410516,7.617888634456973,True,0.4418305456638336,409.0,404.0,True,OFFBOARD
55.364,ACQUIRE,True,2.5064543576995333,-1.9360508005003834,9.665656944675284,0.7889929955858457,0.21331184173057893,-0.7904699609580096,-0.009453762247537538,0.03195139005747009,0.0018353805125251252,10.000000067326813,1.232319066966171e-07,0.04992755344828237,-3.921821948710706e-09,4.793128218980036e-09,-0.018110213615172156,6.193122437104871e-09,-4.605932127514074e-07,7.739607256286204,15.483315467834473,4.038985252380371,9.4852294921875,0.7778406739234924,0.17421448230743408,-0.8901699185371399,22.878454997701354,5.4748544383254405,7.533246908561163,True,0.4418305456638336,409.0,404.0,True,OFFBOARD
55.464,ACQUIRE,True,2.5854074288213136,-1.9146747540651974,9.586407829837308,0.7899711461690981,0.2140167716700506,-0.7941097762075922,-0.008431438229221084,0.03164032246458146,0.001959990201250407,10.00000006775729,1.2349909495736064e-07,0.04999999379560904,5.184069661151091e-09,1.3726648645864814e-09,0.004999403227881144,5.362721984415882e-09,-4.634207905282529e-07,7.657817175157644,15.560273170471191,4.058793067932129,9.408268928527832,0.7791101336479187,0.17593006789684296,-0.8933362364768982,22.87356082040859,5.476512462714668,7.449436524534552,True,0.36582204699516296,394.5,405.0,True,OFFBOARD
55.564,ACQUIRE,True,2.66444830577164,-1.8932773991912764,9.506926048082812,0.7908454057484946,0.21386159580433584,-0.7948418396476155,-0.007953127878318436,0.031820234423652824,0.002040146520795093,10.000000068112826,1.2374462085851863e-07,0.04999999628703666,-1.2859205592081376e-13,1.2151295713315772e-12,6.321575241660019e-07,1.221914805528767e-12,-4.6585233732720746e-07,7.5759368685886725,15.642960548400879,4.079211711883545,9.321976661682129,0.7800552845001221,0.17476361989974976,-0.8957862854003906,22.87599391271025,5.480021320409719,7.367430977522068,True,0.36582204699516296,394.5,405.0,True,OFFBOARD
55.664,ACQUIRE,True,2.7467631627001126,-1.8710459906044676,9.424390277803802,0.7921499582003634,0.2137376813091591,-0.7923898296749071,-0.008324014031186728,0.032235095253494425,0.002114005025059766,10.000000068452673,1.2400938997100645e-07,0.04992755344827404,-3.921822187156317e-09,4.7931282276536535e-09,-0.018110213617257016,6.193122594814494e-09,-4.6829311231706437e-07,7.490678151808591,15.720696449279785,4.099273204803467,9.247077941894531,0.7826055288314819,0.1742478907108307,-0.8928487300872803,22.87777948545513,5.484268031053047,7.289859275421369,True,0.36582204699516296,394.5,405.0,True,OFFBOARD
55.764,ACQUIRE,True,2.822875327823807,-1.8505200016457564,9.34829835427263,0.7934496955617069,0.2138867713768712,-0.7934018680921944,-0.008368266215000341,0.03227749456152096,0.0022165963197749226,10.000000068808207,1.2425491101176724e-07,0.04992755344823829,-3.921822234784119e-09,4.7931282311231005e-09,-0.018110213626119247,6.193122627660167e-09,-4.7072465949900493e-07,7.411851609686598,15.805428504943848,4.121234893798828,9.167085647583008,0.785220205783844,0.17484404146671295,-0.8927493691444397,22.879899472366226,5.488921096473886,7.205463553296891,True,0.36582204699516296,394.5,405.0,True,OFFBOARD
55.864,ACQUIRE,True,2.9054670587481843,-1.8282742227935054,9.265649195968194,0.7947869909815227,0.2138668105803706,-0.7957369462172545,-0.008088818541066505,0.032295694785338815,0.002243221234365561,10.000000069238686,1.2452210415510024e-07,0.04999999628703666,-1.2859204904363414e-13,1.2151301500668384e-12,6.321575246584969e-07,1.2219153803265993e-12,-4.735522367294224e-07,7.326321432068876,15.882854461669922,4.1404242515563965,9.090581893920898,0.7857016324996948,0.17532877624034882,-0.8950463533401489,22.886586813600918,5.49425827567928,7.133381626014245,True,0.4316156804561615,393.5,406.5,True,OFFBOARD
55.964,ACQUIRE,True,2.9850184521010283,-1.8068990163003058,9.186033339699017,0.7962559040473952,0.21361960570382593,-0.79619056978024,-0.00792770163282595,0.032776173101709334,0.0022502304282807617,10.00000006959422,1.2476761766815032e-07,0.04999999651757936,1.9973234520975077e-13,-1.886318974356038e-12,6.636451328246899e-08,1.8968638018420305e-12,-4.759837845273156e-07,7.243952760734942,15.966034889221191,4.160279273986816,9.00575065612793,0.7860042452812195,0.1734161078929901,-0.8959850072860718,22.877322446869798,5.495703046904154,7.03912298214637,True,0.4316156804561615,393.5,406.5,True,OFFBOARD
56.016,ACQUIRE,True,3.0232612402792376,-1.7966486605850986,9.147824831951258,0.7971360739866579,0.2134921304733743,-0.7957933367952754,-0.007957817563582716,0.032985236866867086,0.002235548886059229,10.000000069771987,1.2489037819325567e-07,0.04999999651757936,1.9973234486864216e-13,-1.886318962471107e-12,6.63645131645078e-08,1.8968637899872515e-12,-4.77199558083146e-07,7.204361981001674,15.991509437561035,4.166215419769287,8.979446411132812,0.7857984900474548,0.17306962609291077,-0.8958539962768555,22.892273852229597,5.500540164106836,7.028582505036659,True,0.4316156804561615,393.5,406.5,True,OFFBOARD
56.112,ACQUIRE,True,3.099878465948043,-1.7761650671993465,9.071443836908589,0.7989683614801599,0.21325105103576034,-0.7964055462790812,-0.007903827563172499,0.03308364764984445,0.0021990818166378774,10.000000070127522,1.2513589924585565e-07,0.04999999651757936,1.9973234646232193e-13,-1.8863189597976593e-12,6.636451319903573e-08,1.896863787496474e-12,-4.79631105176895e-07,7.125057258922743,16.068347930908203,4.187985897064209,8.908370971679688,0.7870372533798218,0.17338791489601135,-0.892615556716919,22.889420242847528,5.505301183003698,6.947110697784737,True,0.4316156804561615,393.5,406.5,True,OFFBOARD
56.168,ACQUIRE,True,3.1414514062166847,-1.7650810846250737,9.029968326856904,0.7999131226997803,0.21305747201524422,-0.7987241654847608,-0.007743828098548728,0.03310918311413601,0.0021889485620159416,10.000000070289602,1.2527791538281477e-07,0.049927553448260165,-3.9218225749448084e-09,4.793128236327271e-09,-0.018110213620643023,6.193122847096165e-09,-4.808561058330117e-07,7.082033708971527,16.12572479248047,4.203620910644531,8.853570938110352,0.7874700427055359,0.17372757196426392,-0.894737184047699,22.8934961942764,5.508686217593286,6.892454222000179,True,0.44270825386047363,408.0,407.5,True,OFFBOARD
56.264,ACQUIRE,True,3.2247511124863175,-1.7429542457551892,8.946630973369233,0.8020176063214968,0.21243538288010347,-0.8034738325065013,-0.0074229998286568614,0.033677195108124405,0.00219351274293697,10.000000070720079,1.2554510854171026e-07,0.04999999628703666,-1.2859205539968997e-13,1.2151291492974113e-12,6.321575244784187e-07,1.2219143857832952e-12,-4.836836829458396e-07,6.995847939062318,16.201887130737305,4.223374843597412,8.778396606445312,0.7868002653121948,0.17381730675697327,-0.8985297083854675,22.893742632117675,5.512474457634172,6.814888690673125,True,0.44270825386047363,408.0,407.5,True,OFFBOARD
56.364,ACQUIRE,True,3.3018578399734184,-1.7225993506326327,8.86937146478054,0.8042971724171147,0.2116271153128369,-0.8054718942461027,-0.007216481648839137,0.03391847455295857,0.00217773827829326,10.000000071075613,1.2579062960285087e-07,0.049999996287036774,-1.2859205936850255e-13,1.2151286732648949e-12,6.321575245198857e-07,1.221913912811838e-12,-4.86115229976267e-07,6.916101380420069,16.284086227416992,4.2436652183532715,8.693758964538574,0.7878865003585815,0.17241081595420837,-0.9021267890930176,22.885116539125377,5.515853641609279,6.722504336953566,True,0.44270825386047363,408.0,407.5,True,OFFBOARD
56.464,ACQUIRE,True,3.3856539320642263,-1.7006366903214685,8.785640259584861,0.8071187327211182,0.2108097821865712,-0.8044848645970977,-0.007457523260760563,0.034331317373166415,0.0021972960938156554,10.000000071415462,1.2605539874241563e-07,0.04992755344825206,-3.921822812595552e-09,4.793128248470335e-09,-0.018110213622723033,6.193123006987604e-09,-4.885560047694171e-07,6.829475853414158,16.361783981323242,4.2640061378479,8.616525650024414,0.7896304130554199,0.17173823714256287,-0.9012644290924072,22.901900311941187,5.522769551867453,6.6601506702543665,True,0.44270825386047363,408.0,407.5,True,OFFBOARD
56.564,ACQUIRE,True,3.463271958259013,-1.6804250073284315,8.708448171846692,0.8097942623277561,0.21031498765916223,-0.8039244461831517,-0.007586889299358019,0.03429583459964991,0.0022374558138232603,10.000000071770993,1.2630091980996298e-07,0.049927553448249395,-3.921822887984707e-09,4.793128246735612e-09,-0.01811021362337959,6.193123053385546e-09,-4.909875517523587e-07,6.749269816781006,16.446733474731445,4.286409854888916,8.532498359680176,0.7914400100708008,0.1719885915517807,-0.9002510905265808,22.90625046816562,5.528828727974876,6.577914900989907,True,0.44494375586509705,424.5,416.0,True,OFFBOARD
56.664,ACQUIRE,True,3.547629428673369,-1.6585838628370924,8.624884976062285,0.8122443288002386,0.20969318554699629,-0.8027476410020549,-0.007361641789206614,0.03361432687335974,0.0023144400893733382,10.00000007220147,1.2656811298458862e-07,0.049999996287036774,-1.2859205589103526e-13,1.2151296261769606e-12,6.321575246446192e-07,1.2219148600664629e-12,-4.93815128749647e-07,6.662130873179731,16.524612426757812,4.305727958679199,8.452719688415527,0.7945953607559204,0.1706203818321228,-0.8997380137443542,22.894088576973246,5.531691359450367,6.486386720524273,True,0.44494375586509705,424.5,416.0,True,OFFBOARD
56.764,ACQUIRE,True,3.625692234107599,-1.638482638447047,8.54795512636228,0.8139385725455134,0.2091434920683121,-0.7997786374033123,-0.007565741328207615,0.0333101580079556,0.002393858904479739,10.000000072557004,1.2681363405929385e-07,0.04999999628703666,-1.2859205753547031e-13,1.2151291869903774e-12,6.321575245405358e-07,1.2219144234917195e-12,-4.962466756809542e-07,6.581521571139444,16.608543395996094,4.325523853302002,8.365068435668945,0.7957368493080139,0.16947291791439056,-0.8981805443763733,22.891336343054704,5.534653156206553,6.398084157523395,True,0.44494375586509705,424.5,416.0,True,OFFBOARD
56.864,ACQUIRE,True,3.7104336492835555,-1.6167511227114257,8.465033856167501,0.8156221966146401,0.20884833735219088,-0.7949174706808465,-0.007952747036702934,0.03326325625303009,0.0024807314013236405,10.00000007289685,1.2707840321209168e-07,0.04992755344824107,-3.921823125732628e-09,4.793128258878676e-09,-0.01811021362546308,6.193123213338531e-09,-4.986874503757209e-07,6.494038065852455,16.68709373474121,4.3455729484558105,8.2853422164917,0.7977144718170166,0.16916586458683014,-0.8938440680503845,22.903441041644086,5.539881471389553,6.330035283313261,True,0.5067344903945923,440.0,417.5,True,OFFBOARD
56.964,ACQUIRE,True,3.7888038527196657,-1.5966998043538552,8.388903636115145,0.8169749563269666,0.2089165177785486,-0.7914238736972576,-0.00811675211628811,0.03293450070573696,0.00255949537472615,10.000000073252384,1.273239242930628e-07,0.049927553448238515,-3.9218232006776e-09,4.7931282606133996e-09,-0.01811021362611526,6.19312326214035e-09,-5.011189972595622e-07,6.413143469608314,16.77251625061035,4.3677825927734375,8.198808670043945,0.7989017367362976,0.1700742542743683,-0.8908610343933105,22.891142849055583,5.542454904367469,6.2303648762193,True,0.5067344903945923,440.0,417.5,True,OFFBOARD
57.064,ACQUIRE,True,3.8738267129161708,-1.5749706108187205,8.306825993661292,0.8179599805916653,0.20892478443197296,-0.7870336386663828,-0.00790037010378906,0.032418999207711165,0.002627249515489639,10.00000007368286,1.27591117483334e-07,0.04999999628703666,-1.2859207540257154e-13,1.2151294646054259e-12,6.321575248180916e-07,1.2219147014454855e-12,-5.039465741404669e-07,6.32538796225296,16.85074806213379,4.387025833129883,8.11806869506836,0.799365758895874,0.17056815326213837,-0.8879184722900391,22.897072185024037,5.550028207153326,6.157159241162168,True,0.5067344903945923,440.0,417.5,True,OFFBOARD
57.164,ACQUIRE,True,3.955648330305531,-1.5540890185278669,8.228373523053097,0.8183576451428171,0.20866778077789003,-0.78212983939988,-0.0076087109147337595,0.03175413437446459,0.0026708747920034764,10.000000074038391,1.2783663103684537e-07,0.04999999651757958,1.9973236465389769e-13,-1.886318940157083e-12,6.63645137957806e-08,1.896863769880583e-12,-5.063781216405344e-07,6.240943925145811,16.93496322631836,4.4068121910095215,8.031074523925781,0.8002036809921265,0.16948793828487396,-0.883274495601654,22.907647663110097,5.554388923481595,6.08193157955641,True,0.5067344903945923,440.0,417.5,True,OFFBOARD
57.264,ACQUIRE,True,4.0374675707445205,-1.533241636487323,8.150382729413423,0.8178354307503298,0.2082850247173385,-0.7782339362014284,-0.007550364796035667,0.030425870768398016,0.002720775787999765,10.000000074378239,1.2810140773791584e-07,0.04992755344822997,-3.921823438935971e-09,4.7931282675522935e-09,-0.018110213628199198,6.193123418388851e-09,-5.088188955691321e-07,6.156510713510352,17.013090133666992,4.4271321296691895,7.955902576446533,0.8004850149154663,0.16964569687843323,-0.8787549138069153,22.882846141186853,5.552158910839973,5.976597765130843,False,,,,True,OFFBOARD
57.364,ACQUIRE,True,4.119160965908246,-1.5124378029463292,8.072547819902349,0.8158817799911197,0.20777364689743158,-0.7793292876611193,-0.007312794711318456,0.029004678309826264,0.0027546924226457756,10.000000074808716,1.283685960729543e-07,0.04999999379560904,5.184070145524035e-09,1.3726655714862979e-09,0.004999403227876211,5.362722633593629e-09,-5.116464727908965e-07,6.072210233584921,17.071666717529297,4.442931175231934,7.900470733642578,0.7982255220413208,0.1708824187517166,-0.877025306224823,22.884591395293945,5.558427548336504,5.9189885510765015,False,,,,True,OFFBOARD
57.464,ACQUIRE,True,4.197349561151151,-1.4925279563047216,7.997595865194411,0.8130935309931814,0.20699196547205054,-0.7818316705879141,-0.00691819165759752,0.028402138189531273,0.0027800961882988736,10.00000007516425,1.2861411717130348e-07,0.04999999379560904,5.184070170659308e-09,1.3726656131196613e-09,0.0049994032278773875,5.362722668548207e-09,-5.140780195485876e-07,5.9915267730394035,17.17483139038086,4.469152450561523,7.799321174621582,0.7954162359237671,0.1695498824119568,-0.8799934387207031,22.90031946609472,5.567121648673874,5.8298156115905675,False,,,,True,OFFBOARD
57.564,ACQUIRE,True,4.281735866909817,-1.4710603957380775,7.916198362175088,0.8098087977503913,0.20588139594091268,-0.7831244382893464,-0.006868516918438992,0.028017155231469314,0.00277545784567476,10.00000007551978,1.2885963560519358e-07,0.04999999651757936,1.9973237107709731e-13,-1.8863189288015474e-12,6.636451396908642e-08,1.896863759264512e-12,-5.165095665193739e-07,5.904452948961439,17.257883071899414,4.488967418670654,7.71523380279541,0.7922520041465759,0.16798563301563263,-0.8819127082824707,22.901507353788766,5.571618107633067,5.746531784428055,False,,,,True,OFFBOARD
57.664,ACQUIRE,True,4.359317211767797,-1.4513358950466015,7.841038164934607,0.8065919915033926,0.20516644513658636,-0.7826606096262627,-0.007408321144440909,0.027864372747343397,0.002801168646106163,10.000000075875315,1.2910515670993826e-07,0.04999999651757936,1.9973237152544213e-13,-1.8863189150902015e-12,6.636451386516954e-08,1.8968637456765978e-12,-5.189411132286398e-07,5.824403783086885,17.335668563842773,4.509212017059326,7.641234397888184,0.78902667760849,0.16771161556243896,-0.8807100653648376,22.900338792928757,5.576145630163435,5.666030541150236,False,,,,True,OFFBOARD
57.764,ACQUIRE,True,4.443021770921341,-1.4300186237973942,7.759526738751292,0.8032727026649371,0.20481848391093832,-0.7854547958172725,-0.007539109368454672,0.027958735301147026,0.0028738821431507247,10.000000076290105,1.2939160067049646e-07,0.04999999379560904,5.184070247624401e-09,1.372665726744049e-09,0.004999403227882159,5.362722772033091e-09,-5.217779174550111e-07,5.738027668181054,17.42011070251465,4.531666278839111,7.561694622039795,0.7865503430366516,0.16836869716644287,-0.8813191056251526,22.902948518949998,5.582152614800382,5.582565007536848,False,,,,True,OFFBOARD
57.864,ACQUIRE,True,4.523190530907027,-1.4095547609350894,7.680784222931382,0.8003119336926985,0.2044690065718056,-0.7892651953935806,-0.007507822127716837,0.028389225051033775,0.002885166586939934,10.000000076645636,1.2963712664893295e-07,0.04999999628703666,-1.2859207856405585e-13,1.215130291944857e-12,6.321575255327978e-07,1.22191552452345e-12,-5.2420946368287e-07,5.655288479806278,17.497026443481445,4.551003932952881,7.486325740814209,0.7832610011100769,0.16813331842422485,-0.8838008642196655,22.903741036426943,5.588876157925082,5.505428361620788,False,,,,True,OFFBOARD
57.964,ACQUIRE,True,4.599900915025121,-1.3899396450729649,7.604858531146952,0.7979623064528605,0.20422512306970902,-0.7920613862727606,-0.0077055386424584585,0.028544888654148115,0.00288201662181169,10.00000007700117,1.2988264776392545e-07,0.049999996287036774,-1.2859206771475493e-13,1.2151307144025395e-12,6.321575251995645e-07,1.2219159434934886e-12,-5.266410103174269e-07,5.576110072189938,17.57953453063965,4.570722579956055,7.402265548706055,0.7820128202438354,0.1668275147676468,-0.8858528137207031,22.904317887942216,5.594192795178318,5.422251292927461,False,,,,True,OFFBOARD
58.064,ACQUIRE,True,4.682750931415717,-1.3687035698546328,7.522408333632986,0.7953499573361036,0.20419725052778873,-0.7934237278321606,-0.007901325714084815,0.028104171083386156,0.0028746481091288093,10.000000077341017,1.3014741695720894e-07,0.049927553448208095,-3.921824064856959e-09,4.793128286634252e-09,-0.018110213633670526,6.193123829524529e-09,-5.290817847171739e-07,5.490581781400095,17.65587615966797,4.590635776519775,7.32846212387085,0.7794255018234253,0.1678687185049057,-0.885284960269928,22.908493880630076,5.599155368920515,5.3485609925307305,False,,,,True,OFFBOARD
58.164,ACQUIRE,True,4.758970770819843,-1.349099650613415,7.446069952596442,0.7926840797030839,0.20420410544355366,-0.7973041964791462,-0.007842084645161226,0.028118666908441392,0.0028733784003683155,10.000000077696548,1.3039293807841075e-07,0.04992755344820565,-3.921824140085443e-09,4.793128290103699e-09,-0.018110213634321796,6.193123879848467e-09,-5.315133313037084e-07,5.4118812269535175,17.738195419311523,4.612636089324951,7.249722480773926,0.7761731147766113,0.16873084008693695,-0.886867105960846,22.911114155873996,5.604848021713361,5.267216795790072,False,,,,True,OFFBOARD
58.264,ACQUIRE,True,4.838112098904898,-1.3286829110545932,7.366060954637502,0.7903905121155889,0.20411993550274854,-0.802663730704499,-0.007800209821548766,0.028999247581026733,0.0028857466189913367,10.000000078127021,1.30660126448672e-07,0.04999999379560904,5.1840703769556725e-09,1.3726659010837583e-09,0.004999403227877765,5.362722941680599e-09,-5.343409082651373e-07,5.3301487911106324,17.813425064086914,4.631658554077148,7.174713134765625,0.7738387584686279,0.16880206763744354,-0.8904536962509155,22.910113263404263,5.609805200971858,5.189701481192543,False,,,,True,OFFBOARD
58.364,ACQUIRE,True,4.920235267209902,-1.3074541725402031,7.282371386572308,0.7891490355884104,0.20416055898996205,-0.8060666682248375,-0.008021815802425657,0.030108836904804877,0.002936667345371933,10.000000078482556,1.3090564490937664e-07,0.04999999651757936,1.9973238385369028e-13,-1.886318903999364e-12,6.636451430925875e-08,1.8968637359455315e-12,-5.367724550382575e-07,5.245326233271194,17.89434051513672,4.651212692260742,7.090617656707764,0.7722458839416504,0.16826026141643524,-0.8940229415893555,22.91269397015106,5.614837868353767,5.110033745432088,False,,,,True,OFFBOARD
58.464,ACQUIRE,True,4.999135239653142,-1.287023567150692,7.201736941591387,0.7890249868862341,0.20451835393665035,-0.8064362201713358,-0.008477440244916274,0.031115516853372938,0.0030138241742534815,10.000000078822401,1.3117042165073885e-07,0.049927553448197326,-3.921824377881138e-09,4.7931283005120395e-09,-0.018110213636406663,6.193124038489154e-09,-5.392132286718119e-07,5.163824081015884,17.968786239624023,4.672168731689453,7.015688419342041,0.7723038792610168,0.16932010650634766,-0.8924748301506042,22.91048641936529,5.616981308274174,5.031209742331116,False,,,,True,OFFBOARD
58.564,ACQUIRE,True,5.078067117916368,-1.2665403638227521,7.120954223691581,0.7896997550227632,0.20512686339325975,-0.8097113512036974,-0.008552073845179106,0.03193674195139442,0.0031158630864168927,10.000000079252873,1.3143761003287658e-07,0.04999999379560904,5.1840704522398814e-09,1.3726660173102312e-09,0.004999403227878908,5.36272304420664e-09,-5.420408055444617e-07,5.082277924516239,18.049198150634766,4.6958112716674805,6.934963226318359,0.7716080546379089,0.17090246081352234,-0.8920102119445801,22.91250103247302,5.624648976469458,4.951207368143459,False,,,,True,OFFBOARD
58.664,ACQUIRE,True,5.153939250344901,-1.246820240334248,7.0430126425142285,0.7910248135892526,0.20565524624295062,-0.8135006430864671,-0.00834851990284982,0.03271369488054059,0.0032075980510087123,10.000000079608407,1.3168313117146663e-07,0.04999999379560882,5.184070479093453e-09,1.3726660554741477e-09,0.004999403227855536,5.362723079934222e-09,-5.444723520051175e-07,5.003885150660401,18.123214721679688,4.7160725593566895,6.857282638549805,0.7712015509605408,0.17178109288215637,-0.8949228525161743,22.911598697694636,5.630901234669869,4.874990523778687,False,,,,True,OFFBOARD
58.764,ACQUIRE,True,5.236325658130669,-1.2254096362150688,6.95832934230613,0.7934286334787864,0.20607469734028716,-0.8145506437634379,-0.00834449246544715,0.03386806442469653,0.0032872283903713517,10.000000079963941,1.319286496456294e-07,0.04999999651757958,1.9973239038412612e-13,-1.88631889364968e-12,6.636451447579221e-08,1.8968637263410122e-12,-5.469038986791369e-07,4.91876235419954,18.203289031982422,4.7367448806762695,6.770847797393799,0.7717055082321167,0.17170347273349762,-0.895939290523529,22.9106738236965,5.6358720069272135,4.792483820152267,False,,,,True,OFFBOARD
58.864,ACQUIRE,True,5.315830849983898,-1.2047763601971022,6.876969076013753,0.7967082006690889,0.20664796580311723,-0.81253331921821,-0.00883276119651935,0.034950756214971866,0.0033270629848573363,10.000000080303781,1.3219342640037623e-07,0.049927553448186224,-3.921824690835973e-09,4.7931283074509334e-09,-0.01811021363914234,6.193124242039564e-09,-5.493446722143307e-07,4.836623592434333,18.279075622558594,4.75834321975708,6.692065715789795,0.7744187712669373,0.17279277741909027,-0.8922910690307617,22.911417695737686,5.640671529567989,4.715622581297081,False,,,,True,OFFBOARD
58.964,ACQUIRE,True,5.395705822907756,-1.1840593157118735,6.795756138443668,0.8007014627876117,0.20770266046190428,-0.8119456358311421,-0.009199685253260636,0.035599654204600394,0.0033409388305408,10.000000080734258,1.3246061479805336e-07,0.04999999379560893,5.184070554377741e-09,1.3726661673638119e-09,0.004999403227870563,5.3627231813502735e-09,-5.521722489706143e-07,4.754105845420424,18.362154006958008,4.782498836517334,6.6070146560668945,0.7780337333679199,0.17516343295574188,-0.8904449939727783,22.9031419288841,5.647652482517361,4.622668292043653,False,,,,True,OFFBOARD
59.064,ACQUIRE,True,5.472782395275237,-1.1640617097817414,6.717855763012844,0.8049430574568841,0.20886526288488635,-0.8107761684373729,-0.009184735648571364,0.0360476488399713,0.0033821901794473396,10.000000081089798,1.3270613595009768e-07,0.04999999379560904,5.184070579684948e-09,1.37266620639509e-09,0.0049994032278717305,5.362723215805019e-09,-5.546037953318864e-07,4.674477505335587,18.438501358032227,4.803287029266357,6.527486324310303,0.7821102142333984,0.1769530028104782,-0.8897916078567505,22.91028718868537,5.655963021333512,4.552353771696344,False,,,,True,OFFBOARD
59.164,ACQUIRE,True,5.556743693373756,-1.1422846620665128,6.633666147598404,0.8094378482819711,0.20979617843634807,-0.8082966301463236,-0.008660692950287116,0.035701165053613,0.0034527721223095785,10.00000008144534,1.3295165443766664e-07,0.04999999651757936,1.9973239673174212e-13,-1.886318881050065e-12,6.636451464909802e-08,1.896863714479819e-12,-5.570353419062537e-07,4.587738209953641,18.52112579345703,4.82465124130249,6.441902160644531,0.786157488822937,0.17987370491027832,-0.8869162201881409,22.91101444184134,5.661639018301103,4.46896754117307,False,,,,True,OFFBOARD
59.264,ACQUIRE,True,5.634636187033473,-1.122122620541631,6.556186040513522,0.813113715940827,0.21015905656475053,-0.8060998948504842,-0.008210028063550482,0.03544892809193898,0.003478049395959715,10.00000008180088,1.3319717559605293e-07,0.04999999651757936,1.9973239708700327e-13,-1.8863188672063702e-12,6.63645145519535e-08,1.89686370075049e-12,-5.594668882191102e-07,4.507278714279519,18.599876403808594,4.846529006958008,6.3664960861206055,0.7908911108970642,0.18225641548633575,-0.8834384679794312,22.90901824977721,5.666135241798076,4.386394627580437,False,,,,True,OFFBOARD
59.364,ACQUIRE,True,5.719393719573827,-1.1002648089042593,6.472299676507899,0.8165800127052734,0.21011219816585516,-0.8077411517835204,-0.00777317023813912,0.03484479713462794,0.0034871879157501438,10.000000082215681,1.3348361961911735e-07,0.04999999379560893,5.184070656700594e-09,1.3726663174173925e-09,0.004999403227876078,5.36272331867274e-09,-5.623036919830235e-07,4.419748157456228,18.68637466430664,4.870734691619873,6.286205291748047,0.7967061996459961,0.1835290491580963,-0.8823040723800659,22.910791092556547,5.673763435250675,4.300063874219191,False,,,,True,OFFBOARD
59.464,ACQUIRE,True,5.8011800690182165,-1.0792730683952685,6.391334329674038,0.8188692814817069,0.20970832288603797,-0.8114950820747988,-0.007539645301343378,0.03378140561528575,0.0035067377192291344,10.000000082571226,1.3372914565146687e-07,0.04999999628703666,-1.285920994470576e-13,1.2151294866282825e-12,6.321575817237944e-07,1.2219147258764482e-12,-5.647352378152912e-07,4.335310848259578,18.765592575073242,4.891663551330566,6.210204601287842,0.7999396324157715,0.18437287211418152,-0.8849050998687744,22.91130642624403,5.680722296914985,4.2201370877937805,False,,,,True,OFFBOARD
59.564,ACQUIRE,True,5.8798620857883925,-1.0591658947955975,6.313300793176585,0.8201604271422844,0.20920557967944403,-0.8136294946151896,-0.007469974471909884,0.03297967699154253,0.0035152223079640567,10.000000082926764,1.3397466682016624e-07,0.049999996287036774,-1.2859209340367603e-13,1.2151303084619996e-12,6.321575813978329e-07,1.2219155425105674e-12,-5.67166784053441e-07,4.254100350481211,18.85081672668457,4.913258075714111,6.1262125968933105,0.8022095561027527,0.18598881363868713,-0.8875731229782104,22.91348065358116,5.686938919277016,4.1356765142601555,False,,,,True,OFFBOARD
59.664,ACQUIRE,True,5.965208615463726,-1.0374384929148985,6.2286596440923425,0.8210498147606365,0.20865027218621715,-0.8141719133777571,-0.00746776573153394,0.03277730192558214,0.00349849277378286,10.000000083266622,1.3423943606731607e-07,0.04992755344816435,-3.921825316551589e-09,4.793128317859274e-09,-0.018110213644612724,6.19312464633237e-09,-5.696075580597726e-07,4.166031816221153,18.931625366210938,4.935623645782471,6.051993370056152,0.8043835759162903,0.18739791214466095,-0.8855744004249573,22.911367514627003,5.692549701269224,4.0510843759855275,False,,,,True,OFFBOARD
59.764,ACQUIRE,True,6.047349831903001,-1.0166018559024015,6.147073753932009,0.8217464329357168,0.20808433677427546,-0.8178065459114044,-0.007376897351551824,0.03287261970324755,0.0034974500525866885,10.00000008369711,1.3450662449625494e-07,0.04999999379560893,5.184070758813283e-09,1.3726664718077819e-09,0.004999403227853854,5.3627234569021135e-09,-5.724351345832993e-07,4.08128945554118,19.01987648010254,4.960479259490967,5.971453666687012,0.8070635199546814,0.1883680671453476,-0.8874183297157288,22.919394536730096,5.701861667755491,3.969368835123345,False,,,,True,OFFBOARD
59.864,ACQUIRE,True,6.12956659365654,-0.9958228286292294,6.065098420910758,0.8225618761368838,0.20752407028770553,-0.8212519881171692,-0.0074324532572808385,0.03298264834538604,0.003522404980797699,10.000000084052646,1.3475215054206115e-07,0.049999996287036774,-1.2859211268029303e-13,1.215129245647409e-12,6.321575818830559e-07,1.2219144876263734e-12,-5.748666803164512e-07,3.9964883057476164,19.100353240966797,4.981988906860352,5.894947528839111,0.8092971444129944,0.19005848467350006,-0.8901134729385376,22.925483788018454,5.710567453838074,3.893899125697002,False,,,,True,OFFBOARD
59.964,ACQUIRE,True,6.208576207573517,-0.9759234619606273,5.986160540883376,0.8234312398283921,0.2070541765300641,-0.8230870318516579,-0.007329332554030854,0.03290089518058553,0.0035783962205411506,10.00000008440819,1.3499767172408167e-07,0.04999999628703666,-1.2859210827472909e-13,1.2151295618024566e-12,6.321575815640333e-07,1.2219148015621915e-12,-5.772982264554974e-07,3.9150123730241373,19.186777114868164,5.004266738891602,5.809788227081299,0.8113006949424744,0.19226527214050293,-0.8902158737182617,22.923022769485502,5.716811395285866,3.8035840307534894,False,,,,True,OFFBOARD
60.064,ACQUIRE,True,6.294239826698659,-0.9544293215999909,5.900512261743289,0.8237677427507868,0.20625734892807515,-0.8237803013701677,-0.006922131024306104,0.031952670824175064,0.003636115020242637,10.000000084748049,1.3526244098467953e-07,0.04992755344815336,-3.9218256297101514e-09,4.7931283334717856e-09,-0.01811021364734886,6.193124856724709e-09,-5.797390003634932e-07,3.826695007217716,19.266889572143555,5.026068210601807,5.734086990356445,0.8124632835388184,0.1936780959367752,-0.888999879360199,22.925178901928682,5.722565168127133,3.72400172291337,False,,,,True,OFFBOARD
60.164,ACQUIRE,True,6.3766034787141,-0.9338530022711996,5.818018576911489,0.8235073262926139,0.20532396946242004,-0.8264662291882984,-0.006993584049505885,0.031925297899809676,0.0037049281301525937,10.00000008517853,1.3552962942924247e-07,0.04999999379560871,5.184070863305131e-09,1.3726666175245539e-09,0.004999403227859078,5.362723595211253e-09,-5.825665767718349e-07,3.741802326515712,19.353479385375977,5.049850940704346,5.6528778076171875,0.8126304745674133,0.19425345957279205,-0.8884651064872742,22.92773798883196,5.730661002748046,3.6385198783240242,False,,,,True,OFFBOARD
60.264,ACQUIRE,True,6.458951107873893,-0.913359048080075,5.7351884009214205,0.8235580142319835,0.20465060197876958,-0.8297172282978977,-0.007389398784730211,0.032598660276879736,0.0037687037446907296,10.00000008553407,1.3577515548830932e-07,0.049999996287036774,-1.2859210057202322e-13,1.2151297398911337e-12,6.321575820565284e-07,1.2219149778513312e-12,-5.849981224064884e-07,3.656945837843498,19.43272590637207,5.070791244506836,5.574972152709961,0.8121570348739624,0.1958281695842743,-0.890885055065155,22.929208600643964,5.738092769462003,3.5595902231226466,False,,,,True,OFFBOARD
60.316,ACQUIRE,True,6.498488854487384,-0.9035406739752107,5.695339070992323,0.8238577207819803,0.20447527797596937,-0.8304994916548104,-0.007544354327111173,0.03305038677314481,0.0037818294511085056,10.000000085711843,1.3589791608567042e-07,0.049999996287036774,-1.2859209613502642e-13,1.215130109409257e-12,6.321575815708058e-07,1.2219153448505966e-12,-5.862138954296934e-07,3.6162089123137244,19.45903968811035,5.077610015869141,5.5485029220581055,0.8129289150238037,0.19618552923202515,-0.8911498188972473,22.931866383262797,5.742911744819482,3.5359795877674083,False,,,,True,OFFBOARD
60.412,ACQUIRE,True,6.577632358100005,-0.8839200822364515,5.615635009467946,0.8249907125392489,0.2043377155527223,-0.8294212594228516,-0.007801426785481145,0.033492699408098923,0.003805316268913226,10.000000086067388,1.3614343728261437e-07,0.04999999628703666,-1.2859209733774703e-13,1.2151296958454205e-12,6.3215758162665e-07,1.2219149337098326e-12,-5.886454414571238e-07,3.53467336792148,19.544397354125977,5.0993452072143555,5.461343288421631,0.8145893812179565,0.19765706360340118,-0.893105685710907,22.93104672356452,5.748690744608226,3.4483392493273954,False,,,,True,OFFBOARD
60.464,ACQUIRE,True,6.620551061162973,-0.8732944975272272,5.572548680894483,0.8256682533770799,0.2043401810267575,-0.82797087871851,-0.00782730706103399,0.03343148546570255,0.0038162080389308973,10.000000086245159,1.3626619034775714e-07,0.04999999651757936,1.9973241649355224e-13,-1.8863188327956568e-12,6.636451505832623e-08,1.896863668574503e-12,-5.898612151297586e-07,3.490461177343377,19.59813690185547,5.112771034240723,5.412095546722412,0.8168041706085205,0.19895920157432556,-0.8894966244697571,22.93397254948603,5.751653235028096,3.396464328457715,False,,,,True,OFFBOARD
60.564,ACQUIRE,True,6.703173961754656,-0.8528589196162142,5.489753800577119,0.8266910739228267,0.20439530665151792,-0.8286819143268905,-0.008013772257556631,0.03325383368745617,0.00380234092995533,10.000000086585006,1.3653096715967808e-07,0.049927553448107065,-3.921825991180922e-09,4.793128342145403e-09,-0.01811021365894816,6.193125092340681e-09,-5.923019882478406e-07,3.4053532954770143,19.685195922851562,5.134310722351074,5.331119060516357,0.8184889554977417,0.20063193142414093,-0.8875926733016968,22.93546761199506,5.75776235154167,3.3095253416748633,False,,,,True,OFFBOARD
60.664,ACQUIRE,True,6.7892035541199505,-0.8315874134067008,5.403408722042399,0.8276880434819917,0.20471273067359658,-0.8314793621062856,-0.008331600170863027,0.03327456317530822,0.003768751541078088,10.000000087015495,1.367981604906579e-07,0.049999996287036774,-1.2859210131648577e-13,1.2151295467676218e-12,6.321575822371062e-07,1.2219147858785714e-12,-5.951295640826266e-07,3.316738191252028,19.765090942382812,5.153858184814453,5.253607749938965,0.8202242851257324,0.20115430653095245,-0.8893846273422241,22.938141498983754,5.764528592974676,3.2312796508733377,False,,,,True,OFFBOARD
60.764,ACQUIRE,True,6.8687053092141,-0.8119108823440467,5.323547654485576,0.8285686748865079,0.20521796343375184,-0.83173562558506,-0.008531441226611678,0.033296373672824404,0.003734449121579094,10.00000008737104,1.3704368169963598e-07,0.049999996287036774,-1.2859211313524237e-13,1.215129220659937e-12,6.321575819175839e-07,1.2219144628255339e-12,-5.975611100234645e-07,3.23484257594031,19.851306915283203,5.174792766571045,5.167519569396973,0.8219754099845886,0.20127680897712708,-0.8907255530357361,22.938006161996718,5.769839106688208,3.143531833232902,False,,,,True,OFFBOARD
60.864,ACQUIRE,True,6.954932096601839,-0.7905249004030481,5.237146751731991,0.829613070441549,0.20610842747556038,-0.8298001519518274,-0.009142043316976536,0.03342837542061299,0.003746914425139771,10.000000087710887,1.3730845098728158e-07,0.04992755344813149,-3.921826256038262e-09,4.793128352553744e-09,-0.0181102136528149,6.193125268118323e-09,-6.000018837347583e-07,3.1460084084003435,19.931699752807617,5.194138526916504,5.089540481567383,0.8237159252166748,0.2016126960515976,-0.8891298174858093,22.939608281153546,5.7771277624032935,3.0638848156531027,False,,,,True,OFFBOARD
60.964,ACQUIRE,True,7.037948295014846,-0.7698418807953272,5.154215834865077,0.8306474198767776,0.2075789533827597,-0.8290142193933128,-0.00970023554578822,0.033370521468809075,0.0038320857899801033,10.000000088141372,1.3757563946301817e-07,0.04999999379560882,5.184071065708083e-09,1.3726669124275448e-09,0.004999403227856273,5.362723866356081e-09,-6.028294599091882e-07,3.0604587169922004,20.019041061401367,5.215155601501465,5.005620002746582,0.8258048892021179,0.20388270914554596,-0.8870418071746826,22.941445217190275,5.780604762996151,2.976605248266441,False,,,,True,OFFBOARD
61.064,TAG_APPROACH,True,7.117738627905215,-0.7498329357635759,5.07467718016137,0.8316857907712639,0.2092201318177516,-0.8278730406725853,-0.009831349494122522,0.033909435259565475,0.003931435043295582,10.000000088496916,1.3782116068209668e-07,0.04999999379560871,5.184071092600794e-09,1.3726669505914613e-09,0.004999403227860942,5.3627239021215e-09,-6.052610057752262e-07,2.978200927649735,20.099271774291992,5.234602451324463,4.9273176193237305,0.8267093896865845,0.20643781125545502,-0.8866773247718811,22.943182324762095,5.784998150337492,2.896681315672679,False,,,,True,OFFBOARD
61.164,TAG_APPROACH,True,7.204246741255134,-0.7280156333910374,4.997345627926973,0.8259435837920667,0.2080562970611759,-0.6676811526182601,0.002900125271785662,0.00027849384813864514,0.0044198680014972385,10.000000088852456,1.3806667923697988e-07,0.04999999651757947,1.997324288661838e-13,-1.8863188217842284e-12,6.636451549547654e-08,1.8968636589270787e-12,-6.076925518546328e-07,2.88898662926861,20.186079025268555,5.255937099456787,4.847584247589111,0.8294500112533569,0.21095101535320282,-0.7316179871559143,22.946082518263093,5.789991076760208,2.811197775329167,False,,,,True,OFFBOARD
61.264,TAG_APPROACH,True,7.2818402437360294,-0.7086591049853969,4.930808225403124,0.7917379878381179,0.1951289311364099,-0.7262856412959304,0.008251657084889362,-0.004427428327613868,0.005223511202341234,10.000000089207994,1.3831220046243733e-07,0.04999999651757936,1.9973242945190523e-13,-1.8863188103492837e-12,6.636451540527092e-08,1.8968636476173763e-12,-6.101240976719852e-07,2.809019556472916,20.26519203186035,5.2761311531066895,4.779147148132324,0.7945924997329712,0.20179791748523712,-0.7746652364730835,22.92726310163176,5.787220440022763,2.7106889603409434,False,,,,True,OFFBOARD
61.364,TAG_APPROACH,True,7.359728686878525,-0.6898245953304624,4.855209399166921,0.771268799013326,0.18293196891817112,-0.7765814408663939,0.002739473379667907,0.023625285720175245,0.005957706266570291,10.000000089547852,1.3857697730124097e-07,0.049927553448117945,-3.921826643703556e-09,4.793128359492638e-09,-0.018110213656207134,6.1931255189795466e-09,-6.125648705934414e-07,2.728899273198614,20.347488403320312,5.297169208526611,4.696874141693115,0.7686758041381836,0.19194790720939636,-0.8362053036689758,22.954471600428626,5.799996382806829,2.655032308127287,False,,,,True,OFFBOARD
61.464,TAG_APPROACH,True,7.440031863822202,-0.6711947118879499,4.773314785524783,0.776383290432171,0.1765811060047181,-0.7939588941404885,-0.0029375411015382397,0.04478858995616391,0.006259492954335811,10.000000089978338,1.3884417066339962e-07,0.04999999628703666,-1.28592115011288e-13,1.2151297710195945e-12,6.321575825696735e-07,1.221915010326499e-12,-6.153924461945495e-07,2.6464957673456246,20.421844482421875,5.315558433532715,4.617652893066406,0.768988847732544,0.18669815361499786,-0.8570930361747742,22.965392125679696,5.808720049881041,2.5909154739901696,False,,,,True,OFFBOARD
61.564,TAG_APPROACH,True,7.518487603518227,-0.6536741155724229,4.693724471171068,0.7924722406936655,0.1742190740725944,-0.7962087349631194,-0.00463606782332,0.04747137056797948,0.006333266506539485,10.000000090333872,1.3908968436457407e-07,0.04999999651757936,1.9973243557429545e-13,-1.8863188131021407e-12,6.636451567605432e-08,1.8968636509995938e-12,-6.178239926050421e-07,2.566163333350009,20.50301742553711,5.33485221862793,4.530410289764404,0.7842941284179688,0.18414443731307983,-0.8642764091491699,22.957000644056464,5.8137369157758245,2.5002728231009197,False,,,,True,OFFBOARD
61.664,TAG_APPROACH,True,7.598469077660058,-0.6363433195410976,4.614273204741304,0.805465847452584,0.17240327730589142,-0.7926135121763206,-0.0041628016489078596,0.0407186609483951,0.006358887875147444,10.00000009067373,1.3935446121377817e-07,0.04992755344810962,-3.921826881924353e-09,4.7931283699009786e-09,-0.01811021365829199,6.193125677889486e-09,-6.2026476545178e-07,2.4844082201090942,20.578947067260742,5.351593017578125,4.452558517456055,0.7977718114852905,0.18274971842765808,-0.8626706004142761,22.952769835403227,5.819384157746071,2.419475787308333,False,,,,True,OFFBOARD
61.764,TAG_APPROACH,True,7.679360258934387,-0.6192290449760991,4.535119686273219,0.8109889597349539,0.1698709584490962,-0.7910442360195439,-0.003429098347275974,0.03398018557390077,0.006334978508494053,10.000000091104218,1.396216497208578e-07,0.04999999379560871,5.184071270002472e-09,1.3726672055958122e-09,0.004999403227853464,5.362724138885316e-09,-6.230923413934586e-07,2.401835550929916,20.661975860595703,5.369163513183594,4.370265960693359,0.8041298985481262,0.1818825602531433,-0.8608697652816772,22.951997913927002,5.823626944294612,2.3346815660729616,False,,,,True,OFFBOARD
61.864,TAG_APPROACH,True,7.76052319656858,-0.6023909330698932,4.456005290377698,0.8118622638673274,0.1669995612039144,-0.7913113853236997,-0.0033002095008747103,0.0316922183281192,0.006250125968415027,10.000000091459752,1.3986717583369235e-07,0.049999996287036885,-1.285921168327397e-13,1.2151297032569588e-12,6.321575827505845e-07,1.2219149431318324e-12,-6.255238866311136e-07,2.319079939869619,20.738859176635742,5.385464191436768,4.294182300567627,0.8043623566627502,0.18050020933151245,-0.8616519570350647,22.95384821366119,5.829148841609432,2.258989265787192,False,,,,True,OFFBOARD
61.964,TAG_APPROACH,True,7.838470699674729,-0.5864896708942525,4.380032477471217,0.8121442476632332,0.16447467248895117,-0.7913905509040794,-0.003791643789217274,0.03240195641683416,0.006170541223959693,10.000000091815293,1.4011269708292002e-07,0.049999996287036774,-1.2859212910148255e-13,1.2151292486120243e-12,6.32157582292451e-07,1.2219144923026633e-12,-6.279554322746301e-07,2.239682926555124,20.822132110595703,5.403140544891357,4.210615634918213,0.8047594428062439,0.1794917732477188,-0.8621590733528137,22.95500526467438,5.834630395753024,2.176081658115372,False,,,,True,OFFBOARD
62.064,TAG_APPROACH,True,7.91974533715991,-0.5701513775932031,4.300916526921451,0.813465559328139,0.1624515038349911,-0.7909126445383099,-0.004214266699917123,0.03345503517679824,0.006142552881884495,10.000000092170838,1.4035821080066852e-07,0.04999999651757936,1.997324422409576e-13,-1.886318785944147e-12,6.63645157381713e-08,1.8968636246945475e-12,-6.303869785615921e-07,2.156973017719016,20.89985466003418,5.420289993286133,4.135416507720947,0.8059311509132385,0.17913080751895905,-0.8614323139190674,22.956326917338387,5.841003301451441,2.099065942920627,False,,,,True,OFFBOARD
62.164,TAG_APPROACH,True,8.004446713752117,-0.5533511467486935,4.218601349521635,0.8153402278267886,0.16074758259255617,-0.7924424594725092,-0.004453104329361391,0.03360559229797075,0.006112912235790931,10.000000092585632,1.4064465493338996e-07,0.04999999379560871,5.184071372352151e-09,1.3726673547820312e-09,0.004999403227859275,5.362724276011719e-09,-6.332237815161553e-07,2.0708527072280476,20.98447036743164,5.439314365386963,4.054640769958496,0.8084113597869873,0.18026840686798096,-0.8618753552436829,22.956560621538515,5.847996042072118,2.013991232156065,False,,,,True,OFFBOARD
62.264,TAG_APPROACH,True,8.082799360918766,-0.5379916300119186,4.142407548375703,0.8168776260499228,0.15930525359707787,-0.7947376503153003,-0.004430948257502225,0.03320718490692733,0.006051024869397908,10.000000092941168,1.408901761927906e-07,0.04999999379560882,5.184071397603391e-09,1.372667401619565e-09,0.004999403227860449,5.362724312410492e-09,-6.356553270837894e-07,1.991254326404742,21.062522888183594,5.456719875335693,3.978663206100464,0.8099176287651062,0.18083851039409637,-0.8648290634155273,22.958327129225047,5.85610990790664,1.9374173836496313,False,,,,True,OFFBOARD
62.364,TAG_APPROACH,True,8.164544228763605,-0.5221370387645886,4.062859920642148,0.8178536800393718,0.15784964741483903,-0.7958482341197801,-0.0043896814156689935,0.032407275993942206,0.006028935437006259,10.000000093296713,1.4113570232225507e-07,0.04999999628703666,-1.2859212017289502e-13,1.2151305674423232e-12,6.321575826116402e-07,1.2219158028699287e-12,-6.380868721974974e-07,1.9082781414886056,21.147092819213867,5.47554874420166,3.893929958343506,0.8118184208869934,0.18184033036231995,-0.8658610582351685,22.95939529621377,5.863672426392617,1.8533969517665267,False,,,,True,OFFBOARD
62.464,TAG_APPROACH,True,8.246347973151375,-0.5064269508155724,3.9832945708891736,0.8181175489022455,0.15644370446008954,-0.7954195733729881,-0.004541117051859843,0.03182392875199311,0.006040266359975711,10.000000093652252,1.4138121605348473e-07,0.04999999651757936,1.9973244874197683e-13,-1.8863187751444768e-12,6.636451591858253e-08,1.8968636146394462e-12,-6.405184183853845e-07,1.8253120717970719,21.22530746459961,5.49326753616333,3.8185954093933105,0.8112836480140686,0.18224546313285828,-0.8648925423622131,22.960308858353176,5.871077277073128,1.7756604508331961,False,,,,True,OFFBOARD
62.564,TAG_APPROACH,True,8.33142684440407,-0.4902225113708469,3.900493748025692,0.8179957877762586,0.15529885662438198,-0.7973529142887488,-0.004934228089722156,0.03172821465501416,0.006020049473371547,10.000000094067042,1.4166766020189401e-07,0.04999999379560882,5.184071476919773e-09,1.3726675022335266e-09,0.004999403227851026,5.362724414838151e-09,-6.43355221224617e-07,1.7390960120254895,21.309968948364258,5.512547492980957,3.7376630306243896,0.8113645315170288,0.18274055421352386,-0.8658488392829895,22.961113405875935,5.879395552318539,1.6914063728776951,False,,,,True,OFFBOARD
62.664,TAG_APPROACH,True,8.41322211904366,-0.47473100004798935,3.820639848347776,0.8179384959033871,0.15463243415167954,-0.7992980199836802,-0.005331988781343347,0.031826682446111636,0.005999918581304974,10.000000094422584,1.4191318634171294e-07,0.049999996287036885,-1.2859212510950891e-13,1.2151302493814515e-12,6.321575830902573e-07,1.2219154870947531e-12,-6.457867662646516e-07,1.6562711131621533,21.388002395629883,5.530307769775391,3.660951852798462,0.8122476935386658,0.18494845926761627,-0.8690170645713806,22.962165975059303,5.888182250757057,1.6143311676790306,False,,,,True,OFFBOARD
62.764,TAG_APPROACH,True,8.491742496882157,-0.45990685932859954,3.7439130833496272,0.8178853131940259,0.1542311410103143,-0.7987300331738346,-0.005378939037827998,0.03163759989395336,0.005984252151990328,10.000000094778127,1.421587076178364e-07,0.049999996287036774,-1.2859213595053802e-13,1.215129552273336e-12,6.321575827851125e-07,1.2219147949985382e-12,-6.482183117102359e-07,1.5768181352419708,21.4725284576416,5.5496826171875,3.5757029056549072,0.813082754611969,0.18710705637931824,-0.8711718320846558,22.96296404834129,5.896930534208603,1.530352693303027,False,,,,True,OFFBOARD
62.864,TAG_APPROACH,True,8.57679165725348,-0.4438866852556425,3.6609962441405712,0.8176415147387767,0.15389718313937165,-0.7959568145300109,-0.005579831788201241,0.031324051779655,0.005946424419628364,10.000000095117976,1.424234769727603e-07,0.04992755344807687,-3.921827821105608e-09,4.793128397656554e-09,-0.018110213666498513,6.193126294111856e-09,-6.506590849297741e-07,1.49082452803666,21.550996780395508,5.565089225769043,3.4995968341827393,0.8132307529449463,0.1873057782649994,-0.8681821823120117,22.964002543592283,5.906018368579473,1.4535535653166538,False,,,,True,OFFBOARD
62.964,TAG_APPROACH,True,8.658523569004252,-0.42849745274216283,3.5814182202082323,0.8169426485881426,0.15404227348406188,-0.7960041391139068,-0.006614098860338022,0.03085317271471014,0.005918920720373291,10.000000095548458,1.4269066552677997e-07,0.04999999379560893,5.184071576853896e-09,1.3726676548891925e-09,0.004999403227856429,5.3627245505175285e-09,-6.534866605223516e-07,1.408250496382239,21.636089324951172,5.580699920654297,3.4182817935943604,0.8134004473686218,0.187124565243721,-0.8674970269203186,22.964851776165588,5.909845477080198,1.3689216373015147,False,,,,True,OFFBOARD
63.064,TAG_APPROACH,True,8.740166335943169,-0.4130310810594991,3.501759127748743,0.8159256108140474,0.1554448173718888,-0.7969229403193749,-0.008018042892695958,0.030682384356049898,0.0059278519274600285,10.000000095904001,1.4293619167998527e-07,0.04999999628703666,-1.2859215830757562e-13,1.215129811677176e-12,6.321575832706687e-07,1.221915055314734e-12,-6.559182054626998e-07,1.3258114099420124,21.714323043823242,5.596076965332031,3.341498613357544,0.8113929629325867,0.189062237739563,-0.8694090843200684,22.966705989473684,5.91760212440281,1.2929970883461295,False,,,,True,OFFBOARD
63.164,TAG_APPROACH,True,8.821711684121542,-0.3973638637180441,3.422077993997571,0.8151012218610845,0.15793523553447036,-0.796504913082277,-0.008945016080259134,0.031168544322781332,0.005967317500096419,10.000000096259539,1.4318170543505757e-07,0.04999999651757947,1.997324611459637e-13,-1.8863187650859605e-12,6.636451634862742e-08,1.896863605942938e-12,-6.583497514767663e-07,1.2434877306021583,21.798805236816406,5.613723278045654,3.2574901580810547,0.8114894032478333,0.192606121301651,-0.8702159523963928,22.96810712542152,5.923896686120934,1.2097414805538065,False,,,,True,OFFBOARD
63.264,TAG_APPROACH,True,8.899940805537437,-0.382059618441609,3.3456801457398835,0.8146994508473018,0.1608204161733336,-0.7951187478601336,-0.00932412291972976,0.03125347457187873,0.005983393294364062,10.000000096615073,1.434272267277099e-07,0.04999999651757947,1.9973246155722757e-13,-1.8863187514275543e-12,6.636451625164944e-08,1.8968635924037647e-12,-6.607812967985933e-07,1.1645171125945308,21.877626419067383,5.6287713050842285,3.1826822757720947,0.8114415407180786,0.19450846314430237,-0.8686254620552063,22.96921290714411,5.931093727604012,1.1326782014808605,False,,,,True,OFFBOARD
63.364,TAG_APPROACH,True,8.98138622571609,-0.3658084663294317,3.2661265393854486,0.8142024016652513,0.16418373146382734,-0.7965696793857281,-0.010198054953056089,0.031130474796268612,0.005961286648755805,10.000000096954931,1.4369200363391511e-07,0.04992755344806332,-3.921828208721099e-09,4.7931284063301716e-09,-0.01811021366988592,6.193126546284175e-09,-6.63222069228286e-07,1.0823077925645705,21.96322250366211,5.644936561584473,3.1026010513305664,0.8108075857162476,0.1970491111278534,-0.8684605360031128,22.971435824016535,5.935740007767478,1.0493144160126684,False,,,,True,OFFBOARD
63.464,TAG_APPROACH,True,9.066026538818138,-0.3485032035036095,3.1831007381622825,0.8134873488466059,0.16863375547440998,-0.7997149886561788,-0.011521403550320284,0.030842730188299146,0.005918830095427318,10.000000097385412,1.4395919707416112e-07,0.04999999628703666,-1.2859212833055022e-13,1.2151293455972968e-12,6.32157583436869e-07,1.2219145886682486e-12,-6.660496442475486e-07,0.9968757150696366,22.041791915893555,5.6611199378967285,3.026604652404785,0.8107600212097168,0.19992534816265106,-0.8714384436607361,22.973480255041753,5.941426190546237,0.9729412914349659,False,,,,True,OFFBOARD
63.564,TAG_APPROACH,True,9.14732585127814,-0.33137037137237696,3.1030504102658902,0.8124948232686636,0.1739705731619803,-0.8008389447365364,-0.012714530756982274,0.030518083310704457,0.005893678075130832,10.000000097740948,1.4420471084255433e-07,0.04999999651757936,1.997324675203726e-13,-1.8863187525128152e-12,6.636451652209977e-08,1.8968635941108894e-12,-6.684811901625191e-07,0.9148004094745159,22.12660789489746,5.679876327514648,2.942336320877075,0.8099403977394104,0.20633697509765625,-0.8743825554847717,22.973480255041753,5.941426190546237,0.8863414270066626,False,,,,True,OFFBOARD
63.664,TAG_APPROACH,True,9.22852009627446,-0.31366062536017,3.0230064109454853,0.8114338166163635,0.18004069728066274,-0.8000676642904561,-0.01331067573154305,0.030456483621826635,0.005888055529775958,10.000000098080802,1.4446948775894238e-07,0.049927553448054995,-3.9218284467995185e-09,4.793128420207959e-09,-0.018110213671969855,6.1931267077891416e-09,-6.709219625175012e-07,0.8328051823309262,22.20781707763672,5.695958614349365,2.866218090057373,0.8107078671455383,0.2114381492137909,-0.8729539513587952,22.973480255041753,5.941426190546237,0.8040487747630369,False,,,,True,OFFBOARD
63.764,TAG_APPROACH,True,9.306360309940887,-0.2960806841356288,2.9461814720232318,0.8102163977863338,0.18596946945470486,-0.8007667268360471,-0.013686731375706964,0.029936669474583337,0.0058637383449192965,10.000000098436344,1.4471500906823294e-07,0.04992755344805233,-3.921828521954929e-09,4.793128420207959e-09,-0.018110213672621122,6.193126755381681e-09,-6.733535077165913e-07,0.7541883142802615,22.297014236450195,5.713420391082764,2.784169912338257,0.8119848370552063,0.21587468683719635,-0.872933566570282,22.973480255041753,5.941426190546237,0.7138577721774079,False,,,,True,OFFBOARD
63.864,TAG_APPROACH,True,9.39051176498319,-0.27637458969317347,2.8628347001985284,0.8078739501980776,0.19285282725326344,-0.8017851495148045,-0.014674672227225613,0.028031760927548766,0.005809419218247514,10.00000009886682,1.449822025241328e-07,0.049999996287036774,-1.2859215796346848e-13,1.2151289405037898e-12,6.321575836106746e-07,1.221914188942728e-12,-6.7618108261949e-07,0.669222700681267,22.378177642822266,5.731202125549316,2.706995964050293,0.8122150897979736,0.22158266603946686,-0.874047577381134,22.973480255041753,5.941426190546237,0.6313314166261453,False,,,,True,OFFBOARD
63.964,TAG_APPROACH,True,9.471094359554995,-0.25671764610937275,2.7826584673280075,0.8036416906383543,0.20008399546056807,-0.8015414657673612,-0.01549312641671186,0.02595664273563039,0.005824886842754852,10.00000009922236,1.452277163059724e-07,0.04999999651757925,1.9973247270197413e-13,-1.8863187287958927e-12,6.636451654985535e-08,1.896863571071414e-12,-6.786126284353459e-07,0.5879160704063772,22.464998245239258,5.7520833015441895,2.6224067211151123,0.8096662759780884,0.22931291162967682,-0.8747891187667847,22.973480255041753,5.941426190546237,0.5425907149117344,False,,,,True,OFFBOARD
64.064,TAG_DEAD_RECKON,False,9.551170406147387,-0.2363142645419445,2.702568946221357,0.7979048875249432,0.20772291077820507,-0.8003558096142941,-0.01608347245883683,0.024526829535011646,0.005890191255878104,10.000000099562218,1.454924932358829e-07,0.049927553448044115,-3.9218287596969435e-09,4.793128428881577e-09,-0.01811021367470552,6.193126912645893e-09,-6.810534006919465e-07,0.507240173961779,22.524032592773438,5.766730308532715,2.565448760986328,0.8058160543441772,0.23636923730373383,-0.8723713755607605,22.973480255041753,5.941426190546237,0.48220519730809286,False,,,,True,OFFBOARD
64.164,TAG_DEAD_RECKON,False,9.630623758813751,-0.21513557725338323,2.622472403581243,0.7912960986178987,0.21559916727810638,-0.8019441158789331,-0.016920910444009372,0.02356198648749718,0.005943662644981823,10.000000099992697,1.4575968183675114e-07,0.04999999379560882,5.184071883647091e-09,1.372668093774232e-09,0.00499940322785914,5.362724959429308e-09,-6.838809759354094e-07,0.42746024462995263,22.627065658569336,5.793186664581299,2.466273069381714,0.7996699213981628,0.2431045025587082,-0.8720449805259705,22.973480255041753,5.941426190546237,0.37679972094928293,False,,,,True,OFFBOARD
64.264,TAG_DEAD_RECKON,False,9.709386633909793,-0.19312789333322775,2.542125554522726,0.7841926507976802,0.22442888516007667,-0.8047985892432461,-0.018703119276836582,0.02292798568343153,0.0059982320888058525,10.00000010034823,1.4600520803026364e-07,0.049999996287036774,-1.2859214496515234e-13,1.2151300460935442e-12,6.321575837909193e-07,1.2219152870252658e-12,-6.86312520577634e-07,0.3489335559301696,22.70353126525879,5.814822673797607,2.389756441116333,0.7938289642333984,0.25210055708885193,-0.874188244342804,22.973480255041753,5.941426190546237,0.2981625522059462,False,,,,True,OFFBOARD
64.364,DONE,False,9.78433068978939,-0.17142494791757149,2.4390990904864083,0.778799551538644,0.22597652314964467,-1.4857290753162882,-0.020665894887536965,0.021863902189786538,0.006089157146824234,10.000000100703772,1.462507293601519e-07,0.04999999628703666,-1.2859216594245267e-13,1.2151298688519e-12,6.321575833329523e-07,1.2219151129754498e-12,-6.887440656265411e-07,0.2754992880476595,22.785184860229492,5.83956241607666,2.2892541885375977,0.7742358446121216,0.2499449998140335,-1.4377577304840088,22.973480255041753,5.941426190546237,0.21408265753370637,False,,,,True,OFFBOARD
64.464,DONE,False,9.828614191855065,-0.16046876141246183,2.3349003265773716,0.0008191117641573659,0.01494468732495423,-0.05919113875656676,0.008363809943220786,-0.007779090094181126,0.006145870596904817,10.000000101063687,1.4626064166045034e-07,0.0499999965205814,-1.9881594578545263e-10,-1.230817249669596e-10,2.0596769608858036e-06,2.338309032600403e-10,-6.910261358857008e-07,0.2347837307077836,22.839797973632812,5.8544816970825195,2.149458408355713,-0.006666773464530706,0.06825942546129227,-1.2408992052078247,22.973480255041753,5.941426190546237,0.15946879728135446,False,,,,False,OFFBOARD
64.564,DONE,False,9.8289979049383,-0.1592752751923333,2.3346432942403443,4.194707910222918e-05,0.012032562384828714,0.0061859202979247085,0.0001504568229118306,-0.0007706473086358352,0.006179636816577608,10.000000101476802,1.465485787648409e-07,0.0499999937373502,5.181786018658532e-09,1.3562565662553205e-09,0.004999399665862838,5.356336268073141e-09,-6.938598191123698e-07,0.23368870574278514,22.840656280517578,5.859981060028076,2.036796808242798,-0.0024198065511882305,0.0787891075015068,-1.2917920351028442,22.973480255041753,5.941426190546237,0.15580602521571194,False,,,,False,OFFBOARD
64.664,DONE,False,9.82900188996269,-0.15866373654166382,2.3346765085173566,3.8028433287888827e-05,1.1911844405297773e-05,0.000318115653018377,0.0001356370836232595,-0.000698139290895568,0.006179650916062607,10.000000101830022,1.4679394848632146e-07,0.04999999628073459,-1.471648050520693e-13,1.0750538041501127e-12,6.450287264890841e-07,1.0850797950674606e-12,-6.962889225722524e-07,0.23326940720326284,22.841073989868164,5.865505218505859,1.929264783859253,4.844475188292563e-05,0.07931643724441528,-1.2878665924072266,22.973480255041753,5.941426190546237,0.15262834943998677,False,,,,False,OFFBOARD
64.764,DONE,False,9.82900536211284,-0.15805258749197815,2.334705445032408,3.458941126035811e-05,1.1187068678446752e-05,0.0002894644982767261,0.00012272201869003058,-0.0006349573221892575,0.006179661597303404,10.000000102183252,1.4703931382475518e-07,0.049999996280731374,-1.4760383158735266e-13,1.0724157615405036e-12,6.450268754589067e-07,1.082525961212832e-12,-6.987180151495855e-07,0.23285160086322565,22.841684341430664,5.872247219085693,1.8114030361175537,0.002011131728067994,0.07379350066184998,-1.2866623401641846,22.973480255041753,5.941426190546237,0.14884855705353842,False,,,,False,OFFBOARD
64.864,DONE,False,9.829008769292845,-0.15751415740963676,2.334649465700999,3.1051333519275035e-05,-0.018102426704579677,-0.02083537050968952,0.00018627597079050052,-0.0005734200741680567,0.0061796270858537426,10.000000102520513,1.4730407360808676e-07,0.049927608004335045,-3.99341087376304e-09,4.829965826597116e-09,-0.018096574260192733,6.267048770576534e-09,-7.011565070980504e-07,0.23248396122833753,22.850759506225586,5.885241985321045,2.228565216064453,0.02535821869969368,0.09561596810817719,-0.03476772457361221,22.973480255041753,5.941426190546237,0.1349705416258948,False,,,,False,OFFBOARD
64.964,DONE,False,9.82901161862009,-0.1569037290235818,2.3346732599158964,2.8229324874252178e-05,-0.018114772188004214,-0.020847234892869815,0.00017567669556462883,-0.000521566963853868,0.006179637414995593,10.000000102873745,1.4754943740366577e-07,0.049927608068012996,-3.993380283421433e-09,4.829943041004259e-09,-0.018096558340674005,6.267011717506559e-09,-7.035855900992668e-07,0.23206871445975602,22.85320281982422,5.8857421875,2.2355148792266846,0.026007888838648796,0.1055774912238121,-0.020615028217434883,22.973480255041753,5.941426190546237,0.13254195417965442,False,,,,False,OFFBOARD
65.064,DONE,False,9.829014313081933,-0.15611951892071368,2.3347800417320266,2.5696939659511973e-05,0.01202987824428877,0.0060339162921126555,8.942372318949738e-05,-0.00047206203168284,0.006179681933642199,10.000000103301828,1.4781629571117655e-07,0.049999993737456894,5.18178671057382e-09,1.3559996693210397e-09,0.004999399597251411,5.3562718953651175e-09,-7.064101106468683e-07,0.2315372341529473,22.855417251586914,5.888233184814453,2.239496946334839,0.026210935786366463,0.10175999253988266,-0.020693620666861534,22.973480255041753,5.941426190546237,0.12949273587178176,False,,,,False,OFFBOARD
65.164,DONE,False,9.829016753838388,-0.15550970460520586,2.3348003899020635,2.3307319400855105e-05,8.808869515014848e-06,0.0001954570463480212,8.034564053690378e-05,-0.00042764412090102506,0.006179685668552547,10.00000010365506,1.4806166141104794e-07,0.04999999628071594,-1.49646790177473e-13,1.077222780242323e-12,6.450210983438807e-07,1.0875675059891321e-12,-7.088391833583985e-07,0.23112468537783012,22.857786178588867,5.892599105834961,2.2412467002868652,0.024847010150551796,0.08330415934324265,-0.03440607711672783,22.973480255041753,5.941426190546237,0.12557548935874563,False,,,,False,OFFBOARD
65.264,DONE,False,9.8290190482054,-0.1549728404049532,2.3347353323921416,2.0871341896717545e-05,-0.018153438625663376,-0.02087170189897549,0.00014803771354818322,-0.00038635134716320666,0.006179659016933448,10.000000103992319,1.483264175968833e-07,0.049927608268927726,-3.993281029711135e-09,4.829871601622071e-09,-0.018096508112005378,6.266893414635849e-09,-7.112776556551932e-07,0.23076210406898098,22.85953712463379,5.893218994140625,2.2434284687042236,0.024495946243405342,0.07685957849025726,-0.034641534090042114,22.973480255041753,5.941426190546237,0.12372134315652919,False,,,,False,OFFBOARD
65.364,DONE,False,9.829020967083407,-0.15436374610294606,2.334751373439664,1.8971039733551768e-05,-0.018165532719615737,-0.020875915500205865,0.00014089893115675143,-0.0003514263043915521,0.0061796632206613114,10.00000010434555,1.4857177809622342e-07,0.049927608332179796,-3.9932500080879785e-09,4.829849296547617e-09,-0.01809649229897474,6.2668564571446945e-09,-7.137067193472836e-07,0.23035207261506543,22.861072540283203,5.892314434051514,2.2448723316192627,0.023713182657957077,0.08338216692209244,-0.022350799292325974,22.973480255041753,5.941426190546237,0.12266808453398394,False,,,,False,OFFBOARD
65.464,DONE,False,9.829022850885197,-0.15358082635639564,2.334851210934448,1.7269566367373627e-05,7.536195798906519e-06,0.00014513752565380322,5.7663158869982165e-05,-0.0003166735514818588,0.006179690722204499,10.000000104773628,1.4883863638476978e-07,0.04999999628070417,-1.5019069691958363e-13,1.078457053359656e-12,6.450167407543298e-07,1.0888649417546613e-12,-7.165312174263251e-07,0.22982675494616805,22.862449645996094,5.892983436584473,2.2447988986968994,0.02286340855062008,0.0758383721113205,-0.0233552735298872,22.973480255041753,5.941426190546237,0.12113833644412565,False,,,,False,AUTO.LAND
65.564,DONE,False,9.829024488020291,-0.15297233734521387,2.334864858970651,1.5600753424406142e-05,3.8159063078656485e-06,0.00013041551068579676,5.157279684850876e-05,-0.0002868749591835296,0.006179691047185612,10.000000105126851,1.4908398778237624e-07,0.04999999651322351,2.152091203418743e-13,-1.8481891739099742e-12,6.68659619538242e-08,1.86067680913058e-12,-7.189602719360144e-07,0.22941936110385558,22.863920211791992,5.894908905029297,2.2440786361694336,0.020546771585941315,0.055058613419532776,-0.03725578263401985,22.973480255041753,5.941426190546237,0.11902630351629888,False,,,,False,AUTO.LAND
65.616,DONE,False,9.829025277021842,-0.15274100683827954,2.3347874235371346,1.470293897015063e-05,-0.01819755879468833,-0.02088052157651208,0.00012486434491994946,-0.0002729788175472279,0.006179670244805077,10.000000105287489,1.4922606881532797e-07,0.04992760850049005,-3.993171977538933e-09,4.829790954327673e-09,-0.018096450221385736,6.2667617718170526e-09,-7.201842002052051e-07,0.22926459093445117,22.864377975463867,5.895701885223389,2.2437939643859863,0.020307498052716255,0.05382899194955826,-0.037461601197719574,22.973480255041753,5.941426190546237,0.11829632076420778,False,,,,False,AUTO.LAND
65.712,DONE,False,9.829026578675142,-0.15206020001497111,2.334882286493954,1.3530581123954849e-05,3.3794626425938673e-06,0.00011316144811528123,4.379478783079363e-05,-0.00024882059771626783,0.006179690525563948,10.000000105656683,1.4945202452638165e-07,0.04999999651321807,2.1510234973648997e-13,-1.847797253062299e-12,6.686599222127766e-08,1.860275170313988e-12,-7.226038445321374e-07,0.22881061340884648,22.865276336669922,5.892822265625,2.2428462505340576,0.018330516293644905,0.04427039250731468,-0.03741324320435524,22.973480255041753,5.941426190546237,0.11861884112048665,False,,,,False,AUTO.LAND
65.764,DONE,False,9.82902726295584,-0.15182916800248983,2.3348040478627428,1.2736341629197965e-05,-0.018215448832278065,-0.020879513252444554,0.00011747581496533562,-0.00023683022546519233,0.006179672127623015,10.000000105817321,1.4959410477321828e-07,0.04992760859497081,-3.993099818291855e-09,4.829754549420806e-09,-0.018096426601203457,6.26668773487984e-09,-7.238277690931779e-07,0.22865663051393076,22.86580467224121,5.891122817993164,2.2417144775390625,0.016240084543824196,0.05261940881609917,-0.02525278739631176,22.973480255041753,5.941426190546237,0.11884637319518741,False,,,,False,AUTO.LAND
65.864,DONE,False,9.829028485247912,-0.1510475468491725,2.3348981740689543,1.1663411813606213e-05,0.0120275531227714,0.005890277286906052,3.669956318354959e-05,-0.0002141129637086922,0.006179688822221739,10.000000106245388,1.498609558728727e-07,0.04999999373747299,5.181750997297796e-09,1.3559719926753422e-09,0.004999399611704923,5.356230338859284e-09,-7.26652245047913e-07,0.22813746265780047,22.86629867553711,5.889657974243164,2.2395009994506836,0.013244024477899075,0.043452244251966476,-0.028103789314627647,22.973480255041753,5.941426190546237,0.11902873268380247,False,,,,False,AUTO.LAND
65.964,DONE,False,9.829029634411794,-0.15044029274165802,2.334907759696758,1.0504874357407047e-05,2.7415828943186798e-06,8.794186338237748e-05,3.2426314137271985e-05,-0.00019319772744742246,0.006179687618058276,10.00000010659861,1.5010630729969943e-07,0.04999999651320819,2.1498640337942177e-13,-1.8472860434794007e-12,6.686602473998452e-08,1.859753983749409e-12,-7.290812796107844e-07,0.22773499775852385,22.866683959960938,5.888848781585693,2.236452341079712,0.009453998878598213,0.0204276405274868,-0.043380070477724075,22.973480255041753,5.941426190546237,0.11903710587876785,False,,,,False,AUTO.LAND
66.064,DONE,False,9.829030595182223,-0.1498333723402515,2.3349157690838314,9.553568007028395e-06,2.541033943251536e-06,8.001223181629701e-05,2.885192864653382e-05,-0.00017570855082530876,0.006179686116200472,10.000000106951855,1.5035166181488988e-07,0.049999996513204636,2.1495784559357909e-13,-1.8471320584482436e-12,6.686603788169331e-08,1.8595977298140257e-12,-7.31510309192612e-07,0.22733380407896792,22.86740493774414,5.886848449707031,2.235745906829834,0.007828839123249054,0.011430461890995502,-0.044427912682294846,22.973480255041753,5.941426190546237,0.11929250913154929,False,,,,False,AUTO.LAND
66.164,DONE,False,9.82903150314864,-0.1492998063314981,2.3348395885971716,8.537424963047126e-06,-0.01826476617854594,-0.02086624801318252,0.00010170053441588429,-0.00015964554933654365,0.006179672295923178,10.000000107289127,1.5061641689388417e-07,0.04992760885686909,-3.992961234093039e-09,4.829660907312849e-09,-0.018096361126622263,6.2665272597026e-09,-7.339487366018314e-07,0.2269818070824089,22.8681697845459,5.883903503417969,2.2352821826934814,0.0068823774345219135,0.016075029969215393,-0.0318327434360981,22.973480255041753,5.941426190546237,0.11999647799212697,False,,,,False,AUTO.LAND
66.264,DONE,False,9.829032357905172,-0.14851939502198758,2.334930462871849,7.855847563375854e-06,5.552193073486547e-06,6.666446237679452e-05,2.2293824065960453e-05,-0.0001436206051974332,0.006179682319231324,10.000000107717215,1.5088326783527124e-07,0.04999999628067342,-1.5054917150997508e-13,1.079073052988349e-12,6.450052985996266e-07,1.08952453241216e-12,-7.367731900871412e-07,0.22646860045422745,22.868654251098633,5.881289005279541,2.2345025539398193,0.004917054902762175,-0.008468834683299065,-0.04597681388258934,22.973480255041753,5.941426190546237,0.12085103290615305,False,,,,False,AUTO.LAND
