t,phase,tag_visible,uav_x_gt,uav_y_gt,uav_z_gt,uav_vx_gt,uav_vy_gt,uav_vz_gt,uav_roll_gt,uav_pitch_gt,uav_yaw_gt,vehicle_x_gt,vehicle_y_gt,vehicle_z_gt,vehicle_vx_gt,vehicle_vy_gt,vehicle_vz_gt,vehicle_speed_gt,vehicle_yaw_gt,horizontal_error_gt,uav_x_mavros,uav_y_mavros,uav_z_mavros,uav_vx_mavros,uav_vy_mavros,uav_vz_mavros,tag_x_map_visual,tag_y_map_visual,tag_error_visual,yolo_detected,yolo_confidence,yolo_center_x,yolo_center_y,armed,flight_mode
0.188,WAIT_FCU,True,-12.99999999979786,-5.999999999992101,0.05365256317358427,3.3315592681709733e-09,2.214374728041077e-09,0.009997325879639241,-1.4515808840090903e-10,3.649202769292322e-09,5.006016898053176e-14,,,,,,,,,,,,,,,,,,,False,,,,False,
0.252,WAIT_FCU,True,-12.999999999951244,-5.999999999995438,0.053998366576005576,-7.901157172462672e-11,2.288478029415226e-09,0.00015958184766960858,-8.457701660880002e-11,8.59003477404988e-10,4.727616852137518e-14,,,,,,,,,,,,,,,,,,,False,,,,False,
0.352,WAIT_FCU,True,-12.999999999951491,-6.000000000004747,0.0539999618651757,-2.1748243022505506e-11,-2.3147953835693964e-09,6.263243452531153e-08,8.449513822750153e-11,8.502847184618461e-10,5.639416875392389e-14,10.000000000011608,7.674589709622166e-08,0.04992755432651541,-3.921173327979166e-09,4.8127997108460274e-09,-0.018110242307412306,6.20794984876447e-09,-2.1988509663218275e-10,23.769728667347266,,,,,,,,,,False,,,,False,
0.452,WAIT_FCU,True,-12.99999999995127,-5.999999999995443,0.05399996221980124,-2.1771728152310397e-11,2.3152450187053267e-09,2.7166743158169028e-08,-8.452562385816432e-11,8.502912884891831e-10,4.7610159879155504e-14,10.000000000442094,7.701308412240774e-08,0.0499999937956096,5.184064953319414e-09,1.3726580974302016e-09,0.004999403227941851,5.362715701272567e-09,-3.047458516737228e-09,23.76972866782869,,,,,,,,,,False,,,,False,
0.552,WAIT_FCU,True,-12.999999999951047,-6.000000000004749,0.05399996221987916,-2.177569115109089e-11,-2.3152526739014556e-09,2.7158859957299164e-08,8.452396357810365e-11,8.502912751925395e-10,5.63821793139946e-14,10.000000000797634,7.725860941395956e-08,0.04999999628703666,-1.285918876276094e-13,1.2151295842488297e-12,6.321573646319464e-07,1.2219148006634365e-12,-5.4790097658693074e-09,23.769728668236827,,,,,,,,,,False,,,,False,
0.652,WAIT_FCU,False,-12.999999999950825,-5.999999999995443,0.05399996221987914,-2.1771700384678556e-11,2.3152529145053734e-09,2.7158848757924403e-08,-8.45256153621284e-11,8.502914227933136e-10,4.760623629682376e-14,10.000000001153168,7.750412230718871e-08,0.04999999651757947,1.9973200333728314e-13,-1.8863190929935902e-12,6.636452019149788e-08,1.8968638838222644e-12,-7.910562089092047e-09,23.769728668640255,,,,,,,,,,False,,,,False,
0.752,WAIT_FCU,False,-12.999999999950603,-6.000000000004749,0.05399996221987916,-2.177570177341808e-11,-2.315252839597693e-09,2.7158858000531083e-08,8.452397390640291e-11,8.502912770400947e-10,5.637813288931399e-14,10.00000000149302,7.776889834662363e-08,0.04992755344959976,-3.921808156468739e-09,4.793127958771515e-09,-0.018110213285770362,6.193113501729314e-09,-1.0351340804067471e-08,23.769728669038074,,,,,,,,,,False,,,,False,
0.852,WAIT_FCU,False,-12.999999999950372,-6.000000000004749,0.05399996221987916,-2.1775699476805866e-11,-2.3152528417164458e-09,2.7158858000531083e-08,8.452397416249249e-11,8.502912768767908e-10,5.6376030230789895e-14,10.000000001923507,7.803609077975446e-08,0.04999999628703666,-1.285918814965467e-13,1.2151300103064021e-12,6.321573646250076e-07,1.221915223709918e-12,-1.3178923259048886e-08,23.769728669521843,,,,,,,,,,False,,,,False,
0.952,WAIT_FCU,False,-12.999999999950159,-6.000000000004749,0.05399996221987916,-2.1775696371326274e-11,-2.3152528372018325e-09,2.7158858014575405e-08,8.452397400443003e-11,8.502912771524521e-10,5.637408930168368e-14,10.000000002279041,7.828161121779735e-08,0.04999999628703666,-1.2859190122645868e-13,1.2151300321175005e-12,6.32157364624841e-07,1.2219152474762368e-12,-1.5610474838576876e-08,23.769728669927627,,,,,,,,,,False,,,,False,
1.052,WAIT_FCU,False,-12.999999999949937,-5.999999999995443,0.05399996221987914,-2.1771698696996192e-11,2.3152529178018403e-09,2.7158848723229933e-08,-8.452561493299648e-11,8.502914226904951e-10,4.759814915433709e-14,10.000000002634579,7.852712412448936e-08,0.04999999651757936,1.9973200896636354e-13,-1.8863190736177116e-12,6.636452019149788e-08,1.8968638651468167e-12,-1.8042027062004988e-08,23.769728670331062,,,,,,,,,,False,,,,False,
1.152,WAIT_FCU,False,-12.999999999949715,-6.000000000004749,0.05399996221987916,-2.1775699026165836e-11,-2.3152528428846514e-09,2.7158858000531083e-08,8.452397416723911e-11,8.50291277081759e-10,5.637004568597219e-14,10.000000002974437,7.879190017739902e-08,0.04992755344959976,-3.921808470731166e-09,4.793127965710409e-09,-0.01811021328577018,6.193113706107286e-09,-2.0482805677934717e-08,23.769728670728888,,,,,,,,,,False,,,,False,
1.252,WAIT_FCU,False,-12.999999999949493,-5.999999999995443,0.05399996221987914,-2.1771699917802396e-11,2.3152529178083953e-09,2.7158848723063402e-08,-8.452561507400467e-11,8.50291422511464e-10,4.759410551680749e-14,10.000000003404917,7.905908775938047e-08,0.04999999379560971,5.1840651560875914e-09,1.3726584018741717e-09,0.004999403227942113,5.3627159752123015e-09,-2.331038844589974e-08,23.769728671210302,,,,,,,,,,False,,,,False,
1.3519999999999999,WAIT_FCU,False,-12.99999999994927,-6.000000000004749,0.05399996221987916,-2.1775699199505298e-11,-2.31525283944655e-09,2.715885799359219e-08,8.45239737577664e-11,8.502912770415827e-10,5.636600206565891e-14,10.000000003626253,7.924202100084607e-08,0.04992755344959976,0.0,0.0,0.0,0.0,-2.4940650090687922e-08,23.769728671472784,,,,,,,,,,False,,,,False,
1.452,WAIT_FCU,False,-12.999999999949049,-5.999999999995443,0.05399996221987914,-2.1771696386681755e-11,2.315252919426642e-09,2.7158848730168827e-08,-8.452561505872361e-11,8.502914227289765e-10,4.759006190030868e-14,10.000000003626253,7.924202100084607e-08,0.04992755344959976,0.0,0.0,0.0,0.0,-2.4940650090687922e-08,23.76972867147022,,,,,,,,,,False,,,,False,CMODE(65536)
1.552,WAIT_FCU,False,-12.999999999948827,-6.000000000004749,0.05399996221987916,-2.1775700795081718e-11,-2.315252839037452e-09,2.7158858000697617e-08,8.452397403467023e-11,8.50291277273433e-10,5.636195844478548e-14,10.000000003626253,7.924202100084607e-08,0.04992755344959976,0.0,0.0,0.0,0.0,-2.4940650090687922e-08,23.769728671472354,,,,,,,,,,False,,,,False,CMODE(65536)
1.6520000000000001,WAIT_FCU,False,-12.999999999948605,-5.999999999995443,0.05399996221987914,-2.177169621261268e-11,2.3152529187532056e-09,2.7158848723063402e-08,-8.45256150504329e-11,8.502914227003017e-10,4.7586018295026853e-14,10.000000003626253,7.924202100084607e-08,0.04992755344959976,0.0,0.0,0.0,0.0,-2.4940650090687922e-08,23.76972867146979,,,,,,,,,,False,,,,False,CMODE(65536)
1.752,WAIT_FCU,False,-12.999999999948383,-6.000000000004749,0.05399996221987916,-2.177570021362219e-11,-2.3152528390679826e-09,2.7158858000531083e-08,8.452397385333885e-11,8.502912771334424e-10,5.6357914840108625e-14,10.000000003626253,7.924202100084607e-08,0.04992755344959976,0.0,0.0,0.0,0.0,-2.4940650090687922e-08,23.769728671471924,,,,,,,,,,False,,,,False,CMODE(65536)
1.8519999999999999,WAIT_FCU,False,-12.999999999948152,-6.000000000004749,0.05399996221987916,-2.1775700534616156e-11,-2.315252839039888e-09,2.7158858000697617e-08,8.452397398254718e-11,8.502912772527586e-10,5.635581219128936e-14,10.000000003626253,7.924202100084607e-08,0.04992755344959976,0.0,0.0,0.0,0.0,-2.4940650090687922e-08,23.769728671471704,,,,,,,,,,False,,,,False,CMODE(65536)
1.952,WAIT_FCU,False,-12.99999999994793,-5.999999999995443,0.05399996221987914,-2.1771697657704912e-11,2.315252919969974e-09,2.7158848730168827e-08,-8.452561494749684e-11,8.502914225152507e-10,4.7579872043357596e-14,10.000000003626253,7.924202100084607e-08,0.04992755344959976,0.0,0.0,0.0,0.0,-2.4940650090687922e-08,23.76972867146914,,,,,,,,,,False,,,,False,CMODE(65536)
2.052,WAIT_FCU,False,-12.999999999947716,-5.999999999995443,0.05399996221987914,-2.1771696540025964e-11,2.315252919242801e-09,2.7158848730168827e-08,-8.452561519064188e-11,8.502914226093901e-10,4.7577931121318834e-14,10.000000003626253,7.924202100084607e-08,0.04992755344959976,0.0,0.0,0.0,0.0,-2.4940650090687922e-08,23.769728671468933,,,,,,,,,,False,,,,False,CMODE(65536)
2.152,WAIT_FCU,False,-12.999999999947494,-6.000000000004749,0.05399996221987916,-2.1775699671202722e-11,-2.315252840010605e-09,2.7158858000531083e-08,8.452397381424565e-11,8.50291277157222e-10,5.63498276611506e-14,10.000000003626253,7.924202100084607e-08,0.04992755344959976,0.0,0.0,0.0,0.0,-2.4940650090687922e-08,23.76972867147106,,,,,,,,,,False,,,,False,CMODE(65536)
2.252,WAIT_FCU,False,-12.999999999947264,-6.000000000004749,0.05399996221987916,-2.1775699320861618e-11,-2.3152528390702363e-09,2.7158857993425657e-08,8.452397406224618e-11,8.502912771450034e-10,5.634772498461636e-14,10.000000003626253,7.924202100084607e-08,0.04992755344959976,0.0,0.0,0.0,0.0,-2.4940650090687922e-08,23.769728671470848,,,,,,,,,,False,,,,False,CMODE(65536)
2.352,WAIT_FCU,False,-12.99999999994705,-6.000000000004749,0.05399996221987916,-2.1775701988427858e-11,-2.315252839288411e-09,2.7158858000531083e-08,8.452397411359532e-11,8.502912770726956e-10,5.634578405957579e-14,10.000000003626253,7.924202100084607e-08,0.04992755344959976,0.0,0.0,0.0,0.0,-2.4940650090687922e-08,23.769728671470638,,,,,,,,,,False,,,,False,CMODE(65536)
2.452,WAIT_FCU,False,-12.999999999946828,-5.999999999995443,0.05399996221987914,-2.1771697470314656e-11,2.315252917844176e-09,2.7158848730168827e-08,-8.452561503876004e-11,8.502914225999793e-10,4.7569843923644805e-14,10.000000003626253,7.924202100084607e-08,0.04992755344959976,0.0,0.0,0.0,0.0,-2.4940650090687922e-08,23.769728671468073,,,,,,,,,,False,,,,False,MANUAL
2.552,WAIT_FCU,False,-12.999999999946606,-6.000000000004749,0.05399996221987916,-2.1775700738064723e-11,-2.3152528404152754e-09,2.7158858000531083e-08,8.452397398339394e-11,8.502912771214773e-10,5.63417404652464e-14,10.000000003626253,7.924202100084607e-08,0.04992755344959976,0.0,0.0,0.0,0.0,-2.4940650090687922e-08,23.769728671470205,,,,,,,,,,False,,,,False,MANUAL
2.652,WAIT_FCU,False,-12.999999999946384,-5.999999999995443,0.05399996221987914,-2.1771696427004435e-11,2.3152529194339347e-09,2.7158848730168827e-08,-8.452561510746926e-11,8.502914226925849e-10,4.756580032131289e-14,10.000000003626253,7.924202100084607e-08,0.04992755344959976,0.0,0.0,0.0,0.0,-2.4940650090687922e-08,23.769728671467643,,,,,,,,,,False,,,,False,MANUAL
2.752,WAIT_FCU,False,-12.999999999946162,-6.000000000004749,0.05399996221987916,-2.1775700383562655e-11,-2.315252838573974e-09,2.715885800036455e-08,8.452397419063923e-11,8.502912770794636e-10,5.633769688666361e-14,10.000000003626253,7.924202100084607e-08,0.04992755344959976,0.0,0.0,0.0,0.0,-2.4940650090687922e-08,23.769728671469778,,,,,,,,,,False,,,,False,MANUAL
2.852,WAIT_FCU,False,-12.99999999994594,-5.999999999995443,0.05399996221987914,-2.1771696952517665e-11,2.315252918585664e-09,2.7158848723063402e-08,-8.452561495666516e-11,8.5029142253482e-10,4.7561756746164636e-14,10.000000003626253,7.924202100084607e-08,0.04992755344959976,0.0,0.0,0.0,0.0,-2.4940650090687922e-08,23.769728671467213,,,,,,,,,,False,,,,False,MANUAL
2.952,WAIT_FCU,False,-12.999999999945718,-6.000000000004749,0.05399996221987916,-2.1775699789284738e-11,-2.3152528384157387e-09,2.7158858000697617e-08,8.45239739540639e-11,8.502912772148316e-10,5.633365330360917e-14,10.000000003626253,7.924202100084607e-08,0.04992755344959976,0.0,0.0,0.0,0.0,-2.4940650090687922e-08,23.76972867146935,,,,,,,,,,False,,,,False,MANUAL
3.052,WAIT_FCU,False,-12.999999999945487,-6.000000000004749,0.05399996221987916,-2.1775700598941145e-11,-2.315252838644415e-09,2.7158858000531083e-08,8.452397376295232e-11,8.502912770902555e-10,5.633155062490336e-14,10.000000003626253,7.924202100084607e-08,0.04992755344959976,0.0,0.0,0.0,0.0,-2.4940650090687922e-08,23.769728671469124,,,,,,,,,,False,,,,False,MANUAL
3.152,WAIT_FCU,False,-12.999999999945274,-6.000000000004749,0.05399996221987916,-2.1775701826119758e-11,-2.315252838451792e-09,2.7158858000697617e-08,8.452397391283528e-11,8.502912773121327e-10,5.6329609687821164e-14,10.000000003626253,7.924202100084607e-08,0.04992755344959976,0.0,0.0,0.0,0.0,-2.4940650090687922e-08,23.76972867146892,,,,,,,,,,False,,,,False,MANUAL
3.252,WAIT_FCU,False,-12.999999999945052,-5.999999999995443,0.05399996221987914,-2.1771696240834087e-11,2.31525291944316e-09,2.7158848723063402e-08,-8.452561522733911e-11,8.502914227055458e-10,4.7553669540714735e-14,10.000000003626253,7.924202100084607e-08,0.04992755344959976,0.0,0.0,0.0,0.0,-2.4940650090687922e-08,23.769728671466353,,,,,,,,,,False,,,,False,MANUAL
3.352,WAIT_FCU,False,-12.99999999994483,-6.000000000004749,0.05399996221987916,-2.1775697993068843e-11,-2.3152528355965545e-09,2.715885801440887e-08,8.452397386761435e-11,8.502912770874504e-10,5.632556608286103e-14,10.000000003626253,7.924202100084607e-08,0.04992755344959976,0.0,0.0,0.0,0.0,-2.4940650090687922e-08,23.769728671468485,,,,,,,,,,False,,,,False,MANUAL
3.452,WAIT_FCU,False,-12.999999999944608,-5.999999999995443,0.05399996221987914,-2.1771698883623276e-11,2.3152529202384493e-09,2.7158848730168827e-08,-8.452561508924405e-11,8.50291422214056e-10,4.7549625943018274e-14,10.000000003626253,7.924202100084607e-08,0.04992755344959976,0.0,0.0,0.0,0.0,-2.4940650090687922e-08,23.769728671465923,,,,,,,,,,False,,,,False,MANUAL
3.552,WAIT_FCU,False,-12.999999999944386,-6.000000000004749,0.05399996221987916,-2.177570095628805e-11,-2.315252838691233e-09,2.7158858000697617e-08,8.452397395161144e-11,8.502912772392189e-10,5.632152249601031e-14,10.000000003626253,7.924202100084607e-08,0.04992755344959976,0.0,0.0,0.0,0.0,-2.4940650090687922e-08,23.769728671468055,,,,,,,,,,False,,,,False,MANUAL
3.652,WAIT_FCU,False,-12.999999999944164,-5.999999999995443,0.05399996221987914,-2.1771698348560618e-11,2.3152529202441585e-09,2.7158848730168827e-08,-8.452561506212028e-11,8.502914226082389e-10,4.754558232982076e-14,10.000000003626253,7.924202100084607e-08,0.04992755344959976,0.0,0.0,0.0,0.0,-2.4940650090687922e-08,23.769728671465497,,,,,,,,,,False,,,,False,MANUAL
3.752,WAIT_FCU,False,-12.999999999943942,-6.000000000004749,0.05399996221987916,-2.1775700261008245e-11,-2.3152528386725357e-09,2.7158858000531083e-08,8.452397386518187e-11,8.502912770336394e-10,5.631747887421822e-14,10.000000003626253,7.924202100084607e-08,0.04992755344959976,0.0,0.0,0.0,0.0,-2.4940650090687922e-08,23.769728671467625,,,,,,,,,,False,,,,False,MANUAL
3.852,WAIT_FCU,False,-12.99999999994372,-5.999999999995443,0.05399996221987914,-2.177169805736085e-11,2.3152529168808794e-09,2.7158848730168827e-08,-8.452561498099149e-11,8.50291422581823e-10,4.754153872803335e-14,10.000000003626253,7.924202100084607e-08,0.04992755344959976,0.0,0.0,0.0,0.0,-2.4940650090687922e-08,23.769728671465064,,,,,,,,,,False,,,,False,MANUAL
3.952,WAIT_FCU,False,-12.999999999943498,-6.000000000004749,0.05399996221987916,-2.177569973475193e-11,-2.3152528388556416e-09,2.7158858000697617e-08,8.452397403312625e-11,8.502912774084915e-10,5.6313435262044985e-14,10.000000003626253,7.924202100084607e-08,0.04992755344959976,0.0,0.0,0.0,0.0,-2.4940650090687922e-08,23.7697286714672,,,,,,,,,,False,,,,False,MANUAL
4.052,WAIT_FCU,False,-12.999999999943276,-5.999999999995443,0.05399996221987914,-2.1771696132214222e-11,2.3152529194945323e-09,2.7158848730168827e-08,-8.452561513240915e-11,8.502914225288136e-10,4.7537495119190264e-14,10.000000003626253,7.924202100084607e-08,0.04992755344959976,0.0,0.0,0.0,0.0,-2.4940650090687922e-08,23.769728671464634,,,,,,,,,,False,,,,False,MANUAL
4.152,WAIT_FCU,False,-12.999999999943054,-6.000000000004749,0.05399996221987916,-2.177569781638625e-11,-2.315252837459171e-09,2.715885801424234e-08,8.452397405239945e-11,8.502912769858309e-10,5.6309391660294215e-14,10.000000003626253,7.924202100084607e-08,0.04992755344959976,0.0,0.0,0.0,0.0,-2.4940650090687922e-08,23.76972867146677,,,,,,,,,,False,,,,False,MANUAL
4.252,WAIT_FCU,False,-12.999999999942832,-5.999999999995443,0.05399996221987914,-2.177169795274279e-11,2.315252917468527e-09,2.7158848730168827e-08,-8.452561492717292e-11,8.502914226547133e-10,4.753345150588664e-14,10.000000003626253,7.924202100084607e-08,0.04992755344959976,0.0,0.0,0.0,0.0,-2.4940650090687922e-08,23.769728671464208,,,,,,,,,,False,,,,False,MANUAL
4.352,WAIT_FCU,False,-12.99999999994261,-6.000000000004749,0.05399996221987916,-2.177569974210041e-11,-2.315252839430674e-09,2.715885799359219e-08,8.452397409711288e-11,8.502912771363982e-10,5.630534803786993e-14,10.000000003626253,7.924202100084607e-08,0.04992755344959976,0.0,0.0,0.0,0.0,-2.4940650090687922e-08,23.769728671466343,,,,,,,,,,False,,,,False,MANUAL
4.452,WAIT_FCU,False,-12.999999999942387,-5.999999999995443,0.05399996221987914,-2.1771696025873543e-11,2.315252920234563e-09,2.7158848730168827e-08,-8.452561510503613e-11,8.502914225120578e-10,4.75294078724705e-14,10.000000003626253,7.924202100084607e-08,0.04992755344959976,0.0,0.0,0.0,0.0,-2.4940650090687922e-08,23.769728671463778,,,,,,,,,,False,,,,False,MANUAL
4.552,WAIT_FCU,False,-12.999999999942165,-6.000000000004749,0.05399996221987916,-2.1775698917938743e-11,-2.3152528409639397e-09,2.7158857993425657e-08,8.452397403348041e-11,8.502912770055009e-10,5.6301304413082705e-14,10.000000003626253,7.924202100084607e-08,0.04992755344959976,0.0,0.0,0.0,0.0,-2.4940650090687922e-08,23.769728671465913,,,,,,,,,,False,,,,False,MANUAL
4.652,WAIT_FCU,False,-12.999999999941943,-5.999999999995443,0.05399996221987914,-2.1771695606079744e-11,2.3152529202860093e-09,2.7158848730168827e-08,-8.452561507070359e-11,8.502914222282961e-10,4.752536425381006e-14,10.000000003626253,7.924202100084607e-08,0.04992755344959976,0.0,0.0,0.0,0.0,-2.4940650090687922e-08,23.769728671463344,,,,,,,,,,False,,,,False,MANUAL
4.752,WAIT_FCU,False,-12.999999999941721,-6.000000000004749,0.05399996221987916,-2.1775701699879088e-11,-2.315252839809768e-09,2.7158858000531083e-08,8.452397384809184e-11,8.502912771488972e-10,5.6297260796990563e-14,10.000000003626253,7.924202100084607e-08,0.04992755344959976,0.0,0.0,0.0,0.0,-2.4940650090687922e-08,23.769728671465483,,,,,,,,,,False,,,,False,MANUAL
4.852,WAIT_FCU,False,-12.9999999999415,-5.999999999995443,0.05399996221987914,-2.177169532269487e-11,2.315252920201675e-09,2.7158848730168827e-08,-8.452561497204658e-11,8.502914226757412e-10,4.7521320659281576e-14,10.000000003626253,7.924202100084607e-08,0.04992755344959976,0.0,0.0,0.0,0.0,-2.4940650090687922e-08,23.769728671462918,,,,,,,,,,False,,,,False,MANUAL
4.952,WAIT_FCU,False,-12.999999999941277,-6.000000000004749,0.05399996221987916,-2.1775697188530565e-11,-2.3152528437796154e-09,2.7158858000531083e-08,8.452397422005604e-11,8.502912770676021e-10,5.629321720899937e-14,10.000000003626253,7.924202100084607e-08,0.04992755344959976,0.0,0.0,0.0,0.0,-2.4940650090687922e-08,23.76972867146505,,,,,,,,,,False,,,,False,MANUAL
5.052,WAIT_FCU,False,-12.999999999941055,-5.999999999995443,0.05399996221987914,-2.177169930226676e-11,2.3152529159435282e-09,2.7158848730168827e-08,-8.452561482043709e-11,8.502914226514634e-10,4.7517277046814395e-14,10.000000003626253,7.924202100084607e-08,0.04992755344959976,0.0,0.0,0.0,0.0,-2.4940650090687922e-08,23.769728671462484,,,,,,,,,,False,,,,False,MANUAL
5.152,WAIT_FCU,False,-12.999999999940833,-6.000000000004749,0.05399996221987916,-2.177570121773688e-11,-2.315252839235435e-09,2.7158858000531083e-08,8.45239740608675e-11,8.502912772308286e-10,5.628917359194117e-14,10.000000003626253,7.924202100084607e-08,0.04992755344959976,0.0,0.0,0.0,0.0,-2.4940650090687922e-08,23.76972867146462,,,,,,,,,,False,,,,False,MANUAL
5.252,WAIT_FCU,False,-12.999999999940602,-6.000000000004749,0.05399996221987916,-2.1775699028688582e-11,-2.315252838684778e-09,2.7158858000697617e-08,8.452397402205904e-11,8.502912772009902e-10,5.6287070909807295e-14,10.000000003626253,7.924202100084607e-08,0.04992755344959976,0.0,0.0,0.0,0.0,-2.4940650090687922e-08,23.769728671464392,,,,,,,,,,False,,,,False,MANUAL
5.352,WAIT_FCU,False,-12.99999999994038,-5.999999999995443,0.05399996221987914,-2.1771696349036795e-11,2.3152529197000693e-09,2.7158848730168827e-08,-8.452561508196487e-11,8.502914225624221e-10,4.7511130751357836e-14,10.000000003626253,7.924202100084607e-08,0.04992755344959976,0.0,0.0,0.0,0.0,-2.4940650090687922e-08,23.76972867146183,,,,,,,,,,False,,,,False,MANUAL
5.452,WAIT_FCU,False,-12.999999999940167,-5.999999999995443,0.05399996221987914,-2.177169672168061e-11,2.3152529198859384e-09,2.7158848730168827e-08,-8.452561497793094e-11,8.502914225180576e-10,4.750918981439359e-14,10.000000003626253,7.924202100084607e-08,0.04992755344959976,0.0,0.0,0.0,0.0,-2.4940650090687922e-08,23.769728671461625,,,,,,,,,,False,,,,False,MANUAL
5.552,WAIT_FCU,False,-12.999999999939945,-6.000000000004749,0.05399996221987916,-2.1775699005872307e-11,-2.3152528428865424e-09,2.7158858000531083e-08,8.452397438197472e-11,8.50291276839661e-10,5.628108635210162e-14,10.000000003626253,7.924202100084607e-08,0.04992755344959976,0.0,0.0,0.0,0.0,-2.4940650090687922e-08,23.769728671463763,,,,,,,,,,False,,,,False,MANUAL
5.652,TAKEOFF,False,-12.999999999939723,-5.999999999995443,0.05399996221987914,-2.1771696591264924e-11,2.315252915966676e-09,2.7158848723063402e-08,-8.452561499790836e-11,8.502914226167771e-10,4.750514620460961e-14,10.000000003626253,7.924202100084607e-08,0.04992755344959976,0.0,0.0,0.0,0.0,-2.4940650090687922e-08,23.7697286714612,0.007536133285611868,0.0006271429010666907,-0.00933334045112133,0.0009435514220967889,0.0014195734402164817,0.00025779494899325073,,,,False,,,,False,MANUAL
5.752,TAKEOFF,False,-12.9999999999395,-6.000000000004749,0.05399996221987916,-2.1775700571951563e-11,-2.315252839937462e-09,2.7158858000697617e-08,8.452397406315235e-11,8.502912773392797e-10,5.627704275221132e-14,10.000000003626253,7.924202100084607e-08,0.04992755344959976,0.0,0.0,0.0,0.0,-2.4940650090687922e-08,23.76972867146333,0.007780622690916061,0.0006702748360112309,-0.008525076322257519,0.001655725296586752,0.0015147475060075521,0.0010510541032999754,,,,False,,,,False,MANUAL
5.852,TAKEOFF,False,-12.999999999939279,-5.999999999995443,0.05399996221987914,-2.1771697800870938e-11,2.3152529194127465e-09,2.7158848730168827e-08,-8.452561509884525e-11,8.502914226252485e-10,4.7501102592506967e-14,10.000000003626253,7.924202100084607e-08,0.04992755344959976,0.0,0.0,0.0,0.0,-2.4940650090687922e-08,23.76972867146077,0.007926041260361671,0.00039474593359045684,-0.007490397430956364,0.001999542349949479,0.0011686014477163553,0.0018894609529525042,,,,False,,,,False,MANUAL
5.952,TAKEOFF,False,-12.999999999939057,-6.000000000004749,0.05399996221987916,-2.1775700925436936e-11,-2.315252840393871e-09,2.7158858000531083e-08,8.45239738146843e-11,8.502912770552184e-10,5.627299913511263e-14,10.000000003626253,7.924202100084607e-08,0.04992755344959976,0.0,0.0,0.0,0.0,-2.4940650090687922e-08,23.7697286714629,0.007982277311384678,-0.0005808635614812374,-0.006583160255104303,0.0017281989566981792,-0.001080528600141406,0.0026183007284998894,,,,False,,,,False,MANUAL
6.052,TAKEOFF,False,-12.999999999938835,-5.999999999995443,0.05399996221987914,-2.177169783531578e-11,2.315252919384502e-09,2.7158848730168827e-08,-8.45256150453303e-11,8.50291422641164e-10,4.749705898231311e-14,10.000000003626253,7.924202100084607e-08,0.04992755344959976,0.0,0.0,0.0,0.0,-2.4940650090687922e-08,23.769728671460335,0.00804182793945074,-0.0014728097012266517,-0.005729844328016043,0.0017969562904909253,-0.0016068069962784648,0.0029996060766279697,,,,False,,,,False,MANUAL
6.152,TAKEOFF,False,-12.999999999938613,-6.000000000004749,0.05399996221987916,-2.177570198855068e-11,-2.3152528383601302e-09,2.7158858000531083e-08,8.452397400072826e-11,8.502912772144693e-10,5.626895553835859e-14,10.000000003626253,7.924202100084607e-08,0.04992755344959976,0.0,0.0,0.0,0.0,-2.4940650090687922e-08,23.76972867146247,0.008152490481734276,-0.0023555534426122904,-0.004989312030375004,0.0015526758506894112,-0.0023121845442801714,0.0030658633913844824,,,,False,,,,False,MANUAL
6.252,TAKEOFF,False,-12.99999999993839,-5.999999999995443,0.05399996221987914,-2.1771697609295866e-11,2.3152529147747824e-09,2.715884874421315e-08,-8.452561532325947e-11,8.502914226608441e-10,4.749301538236706e-14,10.000000003626253,7.924202100084607e-08,0.04992755344959976,0.0,0.0,0.0,0.0,-2.4940650090687922e-08,23.76972867145991,0.007658306043595076,-0.0028607300482690334,-0.004827189724892378,-0.00044505036203190684,-0.0033831018954515457,0.002865107264369726,,,,False,,,,False,MANUAL
6.352,TAKEOFF,False,-12.999999999938169,-6.000000000004749,0.05399996221987916,-2.1775700584102517e-11,-2.3152528420750993e-09,2.7158858000531083e-08,8.45239742269643e-11,8.502912771198252e-10,5.62649119229641e-14,10.000000003626253,7.924202100084607e-08,0.04992755344959976,0.0,0.0,0.0,0.0,-2.4940650090687922e-08,23.769728671462044,0.006562558468431234,-0.0029737569857388735,-0.005398374982178211,-0.0014322525821626186,-0.0028047349769622087,0.0016244942089542747,,,,False,,,,False,MANUAL
6.452,TAKEOFF,False,-12.999999999937947,-5.999999999995443,0.05399996221987914,-2.1771696002398752e-11,2.3152529186118354e-09,2.7158848730168827e-08,-8.452561524549687e-11,8.502914224638888e-10,4.7488971771907367e-14,10.000000003626253,7.924202100084607e-08,0.04992755344959976,0.0,0.0,0.0,0.0,-2.4940650090687922e-08,23.76972867145948,0.005784038919955492,-0.0031591341830790043,-0.005671107675880194,-0.0015959531301632524,-0.0035384015645831823,0.0008948423201218247,,,,False,,,,False,MANUAL
6.552,TAKEOFF,False,-12.999999999937716,-5.999999999995443,0.05399996221987914,-2.1771699840919706e-11,2.3152529175754464e-09,2.7158848723063402e-08,-8.452561511970425e-11,8.502914225989589e-10,4.7486869104534423e-14,10.000000003626253,7.924202100084607e-08,0.04992755344959976,0.0,0.0,0.0,0.0,-2.4940650090687922e-08,23.76972867145925,0.005149384960532188,-0.0034022817853838205,-0.005439783446490765,-0.0017767519457265735,-0.0037752790376544,0.0010910623241215944,,,,False,,,,False,MANUAL
6.652,TAKEOFF,False,-12.999999999937502,-5.999999999995443,0.05399996221987914,-2.1771696855056314e-11,2.3152529184014545e-09,2.7158848723063402e-08,-8.452561506185858e-11,8.502914226607467e-10,4.748492817910814e-14,10.000000003626253,7.924202100084607e-08,0.04992755344959976,0.0,0.0,0.0,0.0,-2.4940650090687922e-08,23.769728671459045,0.004529761616140604,-0.0032101734541356564,-0.0059900288470089436,-0.0023857939522713423,-0.0047950767911970615,0.0005191165837459266,,,,False,,,,False,MANUAL
6.752,TAKEOFF,False,-12.99999999993728,-6.000000000004749,0.05399996221987916,-2.1775697577343244e-11,-2.3152528376032844e-09,2.715885801440887e-08,8.452397402592958e-11,8.502912772760452e-10,5.625682470572542e-14,10.000000003626253,7.924202100084607e-08,0.04992755344959976,0.0,0.0,0.0,0.0,-2.4940650090687922e-08,23.769728671461184,0.0038738714065402746,-0.0024374998174607754,-0.00711049884557724,-0.00174656230956316,-0.004160167649388313,-0.00241980142891407,,,,False,,,,False,MANUAL
6.852,TAKEOFF,False,-12.999999999937058,-5.999999999995443,0.05399996221987914,-2.1771696754594848e-11,2.315252920251102e-09,2.7158848723063402e-08,-8.452561491463946e-11,8.502914227641025e-10,4.748088454765384e-14,10.000000003626253,7.924202100084607e-08,0.04992755344959976,0.0,0.0,0.0,0.0,-2.4940650090687922e-08,23.76972867145862,0.003585121827200055,-0.0014730225084349513,-0.008346482180058956,-0.001904587261378765,-0.004978200886398554,-0.0024831918999552727,,,,False,,,,False,MANUAL
6.952,TAKEOFF,False,-12.999999999936819,-6.000000000004749,0.05399996221987916,-2.177569801837308e-11,-2.3152528405152033e-09,2.7158858000531083e-08,8.45239740638711e-11,8.50291276910268e-10,5.6252619331371274e-14,10.000000003626253,7.924202100084607e-08,0.04992755344959976,0.0,0.0,0.0,0.0,-2.4940650090687922e-08,23.769728671460737,0.00353023293428123,-2.2971973521634936e-05,-0.00953718926757574,-0.001193954492919147,-0.004268317949026823,-0.0035814824514091015,,,,False,,,,False,MANUAL
7.052,TAKEOFF,False,-12.999999999936614,-5.999999999995443,0.05399996221987914,-2.177169881843761e-11,2.315252917018176e-09,2.715884873033536e-08,-8.452561502425932e-11,8.502914227479954e-10,4.747684093073852e-14,10.000000003626253,7.924202100084607e-08,0.04992755344959976,0.0,0.0,0.0,0.0,-2.4940650090687922e-08,23.76972867145819,0.0035519066732376814,0.0009225202375091612,-0.010614106431603432,-0.0010717675322666764,-0.004841961432248354,-0.004353972151875496,,,,False,,,,False,MANUAL
7.152,TAKEOFF,False,-12.999999999936383,-5.999999999995443,0.05399996221987914,-2.1771695608889377e-11,2.315252915923428e-09,2.715884874421315e-08,-8.452561502158194e-11,8.502914227813091e-10,4.747473824755673e-14,10.000000003626253,7.924202100084607e-08,0.04992755344959976,0.0,0.0,0.0,0.0,-2.4940650090687922e-08,23.769728671457965,0.0035565232392400503,0.0015579444589093328,-0.011977977119386196,-0.0002553853264544159,-0.005305957980453968,-0.004298278130590916,,,,False,,,,False,MANUAL
7.252,TAKEOFF,False,-12.999999999936161,-6.000000000004749,0.05399996221987916,-2.1775701643488667e-11,-2.315252838182756e-09,2.7158857993425657e-08,8.452397398575157e-11,8.502912769729642e-10,5.624663478986167e-14,10.000000003626253,7.924202100084607e-08,0.04992755344959976,0.0,0.0,0.0,0.0,-2.4940650090687922e-08,23.7697286714601,0.0034982746001333,0.0021398323588073254,-0.013337493874132633,-0.00024813206982798874,-0.005712965037673712,-0.004671835340559483,,,,False,,,,False,MANUAL
7.352,TAKEOFF,False,-12.99999999993594,-5.999999999995443,0.05399996221987914,-2.1771697103959908e-11,2.315252915241492e-09,2.7158848723063402e-08,-8.452561503434668e-11,8.502914226912917e-10,4.7470694651568355e-14,10.000000003626253,7.924202100084607e-08,0.04992755344959976,0.0,0.0,0.0,0.0,-2.4940650090687922e-08,23.76972867145754,0.0033770548179745674,0.002804254414513707,-0.014940774068236351,0.0005431626923382282,-0.005747292190790176,-0.006037507206201553,,,,False,,,,False,MANUAL
7.452,TAKEOFF,False,-12.999999999935717,-6.000000000004749,0.05399996221987916,-2.177570093360605e-11,-2.3152528401270228e-09,2.7158858000531083e-08,8.452397397133635e-11,8.50291277033987e-10,5.6242591194920155e-14,10.000000003626253,7.924202100084607e-08,0.04992755344959976,0.0,0.0,0.0,0.0,-2.4940650090687922e-08,23.76972867145967,0.003346663434058428,0.003121736226603389,-0.016151268035173416,0.0004448642721399665,-0.005555232521146536,-0.006787222344428301,,,,False,,,,False,OFFBOARD
7.552,TAKEOFF,False,-13.000000000036726,-5.999999999996139,0.05399996266616086,-1.4788995414545065e-09,1.7045173171229966e-09,2.3722178147833616e-08,-7.200492595612945e-11,-9.827298211735503e-10,1.0251801614785978e-13,10.000000003626253,7.924202100084607e-08,0.04992755344959976,0.0,0.0,0.0,0.0,-2.4940650090687922e-08,23.76972867155524,0.003341332310810685,0.0031459752935916185,-0.016994407400488853,0.000406228587962687,-0.006414228118956089,-0.006567231845110655,,,,False,,,,False,OFFBOARD
7.652,TAKEOFF,False,-13.000000000116403,-5.999999999994577,0.05399996249935199,1.1325235343773843e-09,2.792459815255924e-09,2.9267312686598323e-08,-1.0038126577457653e-10,-2.422240217708328e-09,1.0299551766090891e-13,10.000000003626253,7.924202100084607e-08,0.04992755344959976,0.0,0.0,0.0,0.0,-2.4940650090687922e-08,23.76972867163194,0.003292146837338805,0.00334689998999238,-0.017948782071471214,0.0004657913523260504,-0.006371429655700922,-0.006897409912198782,,,,False,,,,False,OFFBOARD
7.752,TAKEOFF,False,-13.000000000028122,-6.00000000000477,0.05399996270744738,-4.679964703108681e-09,-1.6722807369129795e-09,1.359766653030725e-08,8.404388167034008e-11,-8.0915381248211e-10,5.831936607187016e-14,10.000000003626253,7.924202100084607e-08,0.04992755344959976,0.0,0.0,0.0,0.0,-2.4940650090687922e-08,23.769728671549085,0.0031054369173943996,0.003846482140943408,-0.018736286088824272,-0.00015726937272120267,-0.007029338274151087,-0.0065086605027318,,,,False,,,,False,OFFBOARD
7.852,TAKEOFF,False,-13.00000000001492,-6.000000000002631,0.05399996271069799,-1.4510192916044789e-09,-1.1770658798807247e-09,2.3890867375864212e-08,4.516147354696841e-11,-5.596267529174828e-10,5.84948811330622e-14,10.000000003626253,7.924202100084607e-08,0.04992755344959976,0.0,0.0,0.0,0.0,-2.4940650090687922e-08,23.76972867153577,0.0029927068389952183,0.004001137334853411,-0.019207902252674103,0.0005844623083248734,-0.006803498603403568,-0.00619510980322957,,,,False,,,,False,OFFBOARD
7.952,TAKEOFF,False,-13.00000000012602,-5.999999999994764,0.05399996248146727,1.674896637969684e-10,2.6763702728027238e-09,2.7166956294510937e-08,-9.767491684050324e-11,-2.570174211032268e-09,7.372535127527047e-14,10.000000003626253,7.924202100084607e-08,0.04992755344959976,0.0,0.0,0.0,0.0,-2.4940650090687922e-08,23.76972867164129,0.0029155826196074486,0.003972838167101145,-0.019772887229919434,-0.00035577607923187315,-0.006416278425604105,-0.006146945524960756,,,,False,,,,False,OFFBOARD
8.052,TAKEOFF,False,-13.000000000004132,-6.000000000000532,0.05399996281941014,-1.2788631513827925e-10,-5.07415914148339e-10,1.7004528365338612e-08,7.640269697743538e-12,-3.456790193353146e-10,8.818103792860523e-14,10.000000003626253,7.924202100084607e-08,0.04992755344959976,0.0,0.0,0.0,0.0,-2.4940650090687922e-08,23.769728671524803,0.0027607029769569635,0.0038637237157672644,-0.02041689120233059,-0.0006048516952432692,-0.007268811110407114,-0.005178425926715136,,,,False,,,,False,OFFBOARD
8.152,TAKEOFF,False,-13.000000000003071,-6.000000000001735,0.053999962736929474,-7.494163495391432e-10,-7.603513770704968e-10,2.5383924063038243e-08,2.950756476994236e-11,-3.173575456920378e-10,8.795202320202033e-14,10.000000003626253,7.924202100084607e-08,0.04992755344959976,0.0,0.0,0.0,0.0,-2.4940650090687922e-08,23.76972867152408,0.0024706521071493626,0.003592698834836483,-0.02096586674451828,-0.0016818681033328176,-0.008664354681968689,-0.004248876124620438,,,,False,,,,False,OFFBOARD
8.252,TAKEOFF,False,-13.000000000127287,-6.000000000005304,0.05399996248181164,-2.263187112884366e-10,-2.6095584165089304e-09,2.630802251296638e-08,9.440026212041896e-11,-2.5667299600102696e-09,8.754390701493458e-14,10.000000003626253,7.924202100084607e-08,0.04992755344959976,0.0,0.0,0.0,0.0,-2.4940650090687922e-08,23.76972867164518,0.0022760252468287945,0.0031189245637506247,-0.02111690863966942,-0.0003563459904398769,-0.00903830211609602,-0.004833413287997246,,,,False,,,,False,OFFBOARD
8.352,TAKEOFF,False,-12.99999999998858,-6.00000000000011,0.05399996276897706,1.4306917608150934e-09,2.03291782083247e-11,2.9577020008164647e-08,1.9172912415883727e-13,-3.5625300190751105e-11,1.01908003227132e-13,10.000000003626253,7.924202100084607e-08,0.04992755344959976,0.0,0.0,0.0,0.0,-2.4940650090687922e-08,23.76972867150965,0.0021621380001306534,0.002460947958752513,-0.020622754469513893,-0.000758170208428055,-0.009372706525027752,-0.005254439543932676,,,,False,,,,False,OFFBOARD
8.452,TAKEOFF,False,-13.000000000011454,-5.99999999999945,0.053999962720373926,2.1808123723983685e-09,2.979547559756164e-10,3.140029060744176e-08,-1.1475632127346585e-11,-4.430946733350294e-10,1.3000897301102973e-13,10.000000003626253,7.924202100084607e-08,0.04992755344959976,0.0,0.0,0.0,0.0,-2.4940650090687922e-08,23.769728671531617,0.002207985846325755,0.0019652771297842264,-0.019908640533685684,-0.00029232719680294394,-0.010112756863236427,-0.005325474310666323,,,,False,,,,True,OFFBOARD
8.552,TAKEOFF,False,-13.000000000138796,-5.999999999993751,0.05399996258896811,-6.270854340556178e-10,3.1589304357716143e-09,2.7399261197824654e-08,-1.1512558993898197e-10,-2.74870601854097e-09,1.3095279194755846e-13,10.000000003626253,7.924202100084607e-08,0.04992755344959976,0.0,0.0,0.0,0.0,-2.4940650090687922e-08,23.7697286716534,0.0024136861320585012,0.0015730507439002395,-0.018873242661356926,0.00019175346824340522,-0.011413710191845894,-0.004751782864332199,,,,False,,,,True,OFFBOARD
8.652,TAKEOFF,False,-13.00000000008175,-5.999999999983629,0.053999962923733796,1.9874180132832497e-10,4.246820168736904e-09,2.6763299446397327e-08,-3.0140377686581416e-10,-1.7023763028993052e-09,-1.376170610588403e-14,10.000000003626253,7.924202100084607e-08,0.04992755344959976,0.0,0.0,0.0,0.0,-2.4940650090687922e-08,23.769728671595644,0.0026221564039587975,0.0008533580112271011,-0.017993655055761337,0.0007698219851590693,-0.012255663983523846,-0.00507656205445528,,,,False,,,,True,OFFBOARD
8.752,TAKEOFF,False,-13.000000000089543,-5.999999999999262,0.053999963170110445,-1.482757464830558e-10,-1.1283754750083896e-10,2.8883230229592716e-08,-2.275115811827527e-11,-1.835270090027558e-09,-3.7855219063241205e-13,10.000000003626253,7.924202100084607e-08,0.04992755344959976,0.0,0.0,0.0,0.0,-2.4940650090687922e-08,23.769728671607133,0.0028694020584225655,-6.331271288217977e-05,-0.01742345094680786,0.0022306584287434816,-0.013993818312883377,-0.004498396068811417,,,,False,,,,True,OFFBOARD
8.852,TAKEOFF,False,-13.000000000134088,-5.999999999999427,0.05399996336314082,-9.03395908132636e-10,-1.3984587657512306e-11,2.7652589230264812e-08,-2.4778277151332843e-11,-2.636365314313992e-09,-7.083774805657971e-13,10.000000003626253,7.924202100084607e-08,0.04992755344959976,0.0,0.0,0.0,0.0,-2.4940650090687922e-08,23.769728671650277,0.0030260859057307243,-0.0007477983017452061,-0.016948454082012177,0.0022436657454818487,-0.015124772675335407,-0.00391680933535099,,,,False,,,,True,OFFBOARD
8.952,TAKEOFF,False,-13.000000000127969,-5.99999999998745,0.053999963754248634,-3.9439305863411554e-10,-1.0781867394349107e-09,3.048711396280712e-08,-2.4776184770923993e-10,-2.516205258958522e-09,-1.0474769278422612e-12,10.000000003626253,7.924202100084607e-08,0.04992755344959976,0.0,0.0,0.0,0.0,-2.4940650090687922e-08,23.769728671641328,0.0030970547813922167,-0.0010630228789523244,-0.01617412455379963,0.0035389410331845284,-0.015418458729982376,-0.004673394840210676,,,,False,,,,True,OFFBOARD
9.052,TAKEOFF,False,-13.0000000001608,-5.999999999992676,0.053999964172041975,6.319367274471969e-11,1.662587891214904e-11,3.054016642067836e-08,-1.5910481731407413e-10,-3.1036856689690186e-09,-1.4671440675675343e-12,10.000000003626253,7.924202100084607e-08,0.04992755344959976,0.0,0.0,0.0,0.0,-2.4940650090687922e-08,23.76972867167441,0.003324909368529916,-0.001761793508194387,-0.015090973116457462,0.004105375148355961,-0.016043243929743767,-0.004211468622088432,,,,False,,,,True,OFFBOARD
9.156,TAKEOFF,False,-13.00000000013195,-5.999999999991643,0.05399996479655545,-1.8974648211495256e-10,3.8674331739359877e-10,3.0769848002099035e-08,-1.8398730274283937e-10,-2.5702933960004503e-09,-1.864851929525044e-12,10.000000003626253,7.924202100084607e-08,0.04992755344959976,0.0,0.0,0.0,0.0,-2.4940650090687922e-08,23.76972867164624,0.003644956275820732,-0.0028005337808281183,-0.014054800383746624,0.004658196121454239,-0.01747821271419525,-0.0030336137861013412,,,,False,,,,True,OFFBOARD
9.252,TAKEOFF,False,-13.00000000013735,-5.999999999995376,0.05399996545556135,1.0944764323873263e-09,2.0427264188966488e-10,3.41676032685756e-08,-1.219144328988799e-10,-2.659818244461176e-09,-2.2488508789630786e-12,10.000000003626253,7.924202100084607e-08,0.04992755344959976,0.0,0.0,0.0,0.0,-2.4940650090687922e-08,23.769728671652405,0.003919735550880432,-0.003289175918325782,-0.01285683736205101,0.005286048166453838,-0.017808130010962486,-0.002694702474400401,,,,False,,,,True,OFFBOARD
9.352,TAKEOFF,False,-13.000000000154822,-5.9999999999861755,0.05399996620572054,1.2931204869605884e-09,-1.1354180434126917e-10,3.55036416729293e-08,-2.9511834112882656e-10,-2.968664781293287e-09,-2.6406643242132578e-12,10.000000003626253,7.924202100084607e-08,0.04992755344959976,0.0,0.0,0.0,0.0,-2.4940650090687922e-08,23.76972867166699,0.004123451188206673,-0.003207641188055277,-0.010961569845676422,0.005272219888865948,-0.018155891448259354,-0.0019490913255140185,,,,False,,,,True,OFFBOARD
9.452,TAKEOFF,False,-13.00000000017934,-5.999999999974473,0.05399996714176293,5.076110323749716e-10,-1.7150180091486027e-10,3.54861096640291e-08,-5.137172279131597e-10,-3.405688871258711e-09,-3.0286605334010095e-12,10.000000003626253,7.924202100084607e-08,0.04992755344959976,0.0,0.0,0.0,0.0,-2.4940650090687922e-08,23.769728671687762,0.004438026808202267,-0.0035923938266932964,-0.009675325825810432,0.006357206963002682,-0.018184218555688858,-0.00227770465426147,,,,False,,,,True,OFFBOARD
9.552,TAKEOFF,False,-13.000000000189667,-5.999999999967643,0.053999968265072994,6.195955146111008e-10,-9.13256049138937e-11,3.6010048192647306e-08,-6.436442301262381e-10,-3.5848328194047654e-09,-3.4117658272835647e-12,10.000000003626253,7.924202100084607e-08,0.04992755344959976,0.0,0.0,0.0,0.0,-2.4940650090687922e-08,23.76972867169603,0.0049643851816654205,-0.004461907781660557,-0.008653968572616577,0.007247522473335266,-0.019280672073364258,-0.0022173479665070772,,,,False,,,,True,OFFBOARD
9.652,TAKEOFF,False,-13.000000000236223,-5.99999999994965,0.053999969597371605,-2.570776309187348e-09,9.725823103064478e-11,2.988065674031093e-08,-9.766365031039195e-10,-4.42238566622175e-09,-3.803786016984412e-12,10.000000003626253,7.924202100084607e-08,0.04992755344959976,0.0,0.0,0.0,0.0,-2.4940650090687922e-08,23.769728671736537,0.00532751576974988,-0.004829947836697102,-0.007994269952178001,0.007847815752029419,-0.020149942487478256,-0.002434990368783474,,,,False,,,,True,OFFBOARD
9.752,TAKEOFF,False,-13.000000000275929,-5.999999999928789,0.05399997102748358,-1.7672861837306985e-09,6.415126476138638e-11,3.229075453953234e-08,-1.3611764225368472e-09,-5.136176085426863e-09,-4.158734573100489e-12,10.000000003626253,7.924202100084607e-08,0.04992755344959976,0.0,0.0,0.0,0.0,-2.4940650090687922e-08,23.769728671769688,0.005556503776460886,-0.004480994306504726,-0.007591648492962122,0.008718402124941349,-0.019420785829424858,-0.002838115207850933,,,,False,,,,True,OFFBOARD
9.852,TAKEOFF,False,-13.00000000028003,-5.999999999917934,0.05399997287055457,4.227407783665362e-09,1.241257655078395e-10,4.6628658809388934e-08,-1.5641271791102344e-09,-5.202123082522164e-09,-4.534834378532495e-12,10.000000003626253,7.924202100084607e-08,0.04992755344959976,0.0,0.0,0.0,0.0,-2.4940650090687922e-08,23.76972867177092,0.005862729158252478,-0.004674817435443401,-0.007179390173405409,0.0072297644801437855,-0.018887745216488838,-0.0028535970486700535,,,,False,,,,True,OFFBOARD
9.952,TAKEOFF,False,-13.000000000331891,-5.999999999903379,0.05399997479122959,-1.240723874292113e-09,3.604656203685992e-11,3.611652593399351e-08,-1.8336596488108538e-09,-6.137248427801961e-09,-4.872330674695629e-12,10.000000003626253,7.924202100084607e-08,0.04992755344959976,0.0,0.0,0.0,0.0,-2.4940650090687922e-08,23.769728671817425,0.006264545023441315,-0.005380796268582344,-0.006898615043610334,0.007209302857518196,-0.019448719918727875,-0.003938591107726097,,,,False,,,,True,OFFBOARD
10.052,TAKEOFF,False,-13.000000000365171,-5.999999999877301,0.05399997716760298,3.5482964983490333e-10,2.1697831563625383e-10,4.1342797575394384e-08,-2.3129548497866104e-09,-6.7341957826212435e-09,-5.226238531754074e-12,10.000000003626253,7.924202100084607e-08,0.04992755344959976,0.0,0.0,0.0,0.0,-2.4940650090687922e-08,23.769728671843048,0.006913698278367519,-0.005312631372362375,-0.007171771489083767,0.00781724788248539,-0.01875404454767704,-0.0050855884328484535,,,,False,,,,True,OFFBOARD
10.152,TAKEOFF,False,-13.000000000426944,-5.999999999854715,0.05399997961622427,1.492218114786214e-09,3.4193874270229523e-10,4.4322827240927954e-08,-2.728166164268668e-09,-7.849909249684048e-09,-5.542782187763663e-12,10.000000003626253,7.924202100084607e-08,0.04992755344959976,0.0,0.0,0.0,0.0,-2.4940650090687922e-08,23.76972867189712,0.007902571931481361,-0.004158587660640478,-0.008209946565330029,0.007701475638896227,-0.017100173979997635,-0.004900233820080757,,,,False,,,,True,OFFBOARD
10.252,TAKEOFF,False,-13.000000000477089,-5.999999999819022,0.0539999826501019,1.0775336437310008e-09,4.073930194892607e-10,4.474709480623007e-08,-3.381749697611087e-09,-8.753856794294112e-09,-5.8690151675471415e-12,10.000000003626253,7.924202100084607e-08,0.04992755344959976,0.0,0.0,0.0,0.0,-2.4940650090687922e-08,23.769728671936626,0.008808821439743042,-0.0037308374885469675,-0.008726872503757477,0.00870924536138773,-0.015977561473846436,-0.004470021463930607,,,,False,,,,True,OFFBOARD
10.352,TAKEOFF,False,-13.000000000525876,-5.9999999997946105,0.05399998588676928,3.774017419444339e-10,2.1536722608297561e-10,4.9402154531030806e-08,-3.829530336852486e-09,-9.633933122522208e-09,-6.155084598797079e-12,10.000000003626253,7.924202100084607e-08,0.04992755344959976,0.0,0.0,0.0,0.0,-2.4940650090687922e-08,23.76972867197767,0.009855485521256924,-0.0038298633880913258,-0.009103232994675636,0.008819387294352055,-0.015781085938215256,-0.005421056877821684,,,,False,,,,True,OFFBOARD
10.452,TAKEOFF,False,-13.000000000603855,-5.999999999756969,0.05399998960332031,-1.5901802837339648e-09,6.615273259169608e-10,4.095399877174222e-08,-4.517879109209399e-09,-1.1044454474084708e-08,-6.446722962591707e-12,10.000000003626253,7.924202100084607e-08,0.04992755344959976,0.0,0.0,0.0,0.0,-2.4940650090687922e-08,23.76972867204363,0.009325609542429447,-0.0030902090948075056,-0.008369172923266888,0.007624082732945681,-0.015207212418317795,-0.006404791492968798,,,,False,,,,True,OFFBOARD
10.552,TAKEOFF,False,-13.000000000659787,-5.999999999734766,0.053999992338371924,-3.547948765384386e-10,-5.939329953107325e-10,1.5348149082050623e-08,-4.925003778687487e-09,-1.2054718410754497e-08,-6.709793494612113e-12,10.000000003626253,7.924202100084607e-08,0.04992755344959976,0.0,0.0,0.0,0.0,-2.4940650090687922e-08,23.769728672092143,0.007048079743981361,-0.0011501280823722482,-0.006437393836677074,0.00577330868691206,-0.013782109133899212,-0.0061453948728740215,,,,False,,,,True,OFFBOARD
10.652,TAKEOFF,False,-13.000000000703784,-5.999999999699359,0.05399999335011432,2.480403870470364e-10,3.3391568622176146e-10,1.4730499933612862e-08,-5.57209510725972e-09,-1.2848171977146211e-08,-6.9666442242812934e-12,10.000000003626253,7.924202100084607e-08,0.04992755344959976,0.0,0.0,0.0,0.0,-2.4940650090687922e-08,23.76972867212578,0.00554148992523551,0.0005024541169404984,-0.003738675732165575,0.005545999854803085,-0.011241295374929905,-0.00606932956725359,,,,False,,,,True,OFFBOARD
10.752,TAKEOFF,False,-13.000000000711822,-5.999999999808842,0.05399999432551553,1.6265525353246446e-09,-5.038619726728714e-10,1.6868247315948714e-08,-3.584394575310627e-09,-1.2988160320527938e-08,-7.202249609241101e-12,10.000000003626253,7.924202100084607e-08,0.04992755344959976,0.0,0.0,0.0,0.0,-2.4940650090687922e-08,23.76972867216119,0.0044356705620884895,0.002424768405035138,0.00015244426322169602,0.0048062182031571865,-0.009057741612195969,-0.0058045657351613045,,,,False,,,,True,OFFBOARD
10.852,TAKEOFF,False,-13.00000000073504,-5.99999999984482,0.05399999538683605,-2.133577408591702e-09,-8.300259199535956e-10,9.234333072094536e-09,-2.9330705043729886e-09,-1.3403630955182036e-08,-7.447044157405729e-12,10.000000003626253,7.924202100084607e-08,0.04992755344959976,0.0,0.0,0.0,0.0,-2.4940650090687922e-08,23.769728672192738,0.00372492172755301,0.003534024115651846,0.002793183084577322,0.0035207627806812525,-0.008069041185081005,-0.006000790279358625,,,,False,,,,True,OFFBOARD
10.952,TAKEOFF,False,-13.00000000078181,-5.999999999828491,0.053999996548073644,2.194102348504598e-10,4.2406939550659045e-09,2.2427114031386974e-08,-3.2324843799985624e-09,-1.4247501550104283e-08,-7.677260525842447e-12,10.000000003626253,7.924202100084607e-08,0.04992755344959976,0.0,0.0,0.0,0.0,-2.4940650090687922e-08,23.769728672233875,0.0031492288690060377,0.004208092577755451,0.004878034349530935,0.0024224016815423965,-0.007326265797019005,-0.0064630876295268536,,,,False,,,,True,OFFBOARD
11.052,TAKEOFF,False,-13.00000005114959,-5.999999999364925,0.054000212625839546,-1.0325388783903302e-05,-1.573903157225526e-07,4.418986433464456e-05,-1.1664353986030569e-08,-9.296989643455086e-07,-1.527079522657462e-11,10.000000003626253,7.924202100084607e-08,0.04992755344959976,0.0,0.0,0.0,0.0,-2.4940650090687922e-08,23.76972872085359,0.0025919198524206877,0.005604920443147421,0.007161847781389952,0.0017571930075064301,-0.005863657221198082,-0.006699432618916035,,,,False,,,,True,OFFBOARD
11.152,TAKEOFF,False,-13.000095101812978,-6.000008130776466,0.0544393364477642,-0.002189108303045984,-0.00047500196196389544,0.011297895086036602,0.0001471507807379277,-0.0017227523530646493,-1.7409059068424935e-07,10.000000003626253,7.924202100084607e-08,0.04992755344959976,0.0,0.0,0.0,0.0,-2.4940650090687922e-08,23.769822746068993,0.0020232435781508684,0.008179842494428158,0.010289414785802364,-0.00036997831193730235,-0.003402152331545949,-0.0013494055019691586,,,,False,,,,True,OFFBOARD
11.252,TAKEOFF,False,-13.000444974379914,-6.000186434560154,0.056634611838125105,-0.005141734350434899,-0.003338823665500903,0.034612986900677614,0.0033025924287441552,-0.00791729591218118,-1.58984360975986e-05,10.000000003626253,7.924202100084607e-08,0.04992755344959976,0.0,0.0,0.0,0.0,-2.4940650090687922e-08,23.770206296679515,0.001423578360117972,0.009936466813087463,0.013493556529283524,-0.002922649495303631,-0.003044020850211382,0.01888415589928627,,,,False,,,,True,OFFBOARD
11.352,TAKEOFF,False,-13.001185834263143,-6.00070040393376,0.06153686193086268,-0.00987043712520315,-0.006663759439650883,0.06212432953270732,0.012512190540163722,-0.019626061186248444,2.1371637329749383e-05,10.000000003626253,7.924202100084607e-08,0.04992755344959976,0.0,0.0,0.0,0.0,-2.4940650090687922e-08,23.771052905538486,0.0005904083955101669,0.011139919981360435,0.01881248503923416,-0.006792884320020676,-0.004278009757399559,0.04570035636425018,,,,False,,,,True,OFFBOARD
11.452,TAKEOFF,False,-13.002620541279354,-6.001586921395371,0.06902063135134347,-0.02259753982117065,-0.013851068271889375,0.0848050708961293,0.027758010525011704,-0.03643140303711199,0.00023973613291125928,10.000000003626253,7.924202100084607e-08,0.04992755344959976,0.0,0.0,0.0,0.0,-2.4940650090687922e-08,23.77266494230576,-0.0002602993918117136,0.011701131239533424,0.026355573907494545,-0.012584589421749115,-0.0052444348111748695,0.06817742437124252,,,,False,,,,True,OFFBOARD
11.552,TAKEOFF,False,-13.00700795641574,-6.004656839547371,0.07843968955958658,-0.06590637399582525,-0.04863548421554028,0.10537124513362571,0.04214751304911248,-0.05102939348964229,4.078874578043622e-05,10.000000003626253,7.924202100084607e-08,0.04992755344959976,0.0,0.0,0.0,0.0,-2.4940650090687922e-08,23.77768533700875,-0.0029001173097640276,0.010905099101364613,0.03712913393974304,-0.05116237699985504,-0.02973240800201893,0.08708969503641129,,,,False,,,,True,OFFBOARD
11.652,TAKEOFF,False,-13.016619262826831,-6.012023807181892,0.09122723430315191,-0.11595065681203051,-0.09069613914540837,0.14138503354851156,0.038915553919873634,-0.04617666246874954,0.0003594753360773986,10.000000003626253,7.924202100084607e-08,0.04992755344959976,0.0,0.0,0.0,0.0,-2.4940650090687922e-08,23.788845992771297,-0.009764459915459156,0.006742632947862148,0.04858607426285744,-0.09913144260644913,-0.06582947820425034,0.11575580388307571,,,,False,,,,True,OFFBOARD
11.752,TAKEOFF,False,-13.030184898820321,-6.022789821277518,0.10760941816663769,-0.15099715674024186,-0.12109152115752991,0.18550048051891577,0.026448566926613955,-0.030172693455408565,0.0008475331415425464,10.000000003626253,7.924202100084607e-08,0.04992755344959976,0.0,0.0,0.0,0.0,-2.4940650090687922e-08,23.804693126076593,-0.02210398018360138,-0.0016517373733222485,0.0642501562833786,-0.14129173755645752,-0.09843504428863525,0.15916678309440613,,,,False,,,,True,OFFBOARD
11.852,TAKEOFF,False,-13.045649768764282,-6.035314774231165,0.12767871246855736,-0.16798628927204687,-0.1372138996191474,0.23076774235480899,0.015325097899138992,-0.015890073764410532,0.0010758184476957887,10.000000003626253,7.924202100084607e-08,0.04992755344959976,0.0,0.0,0.0,0.0,-2.4940650090687922e-08,23.82282516437204,-0.03682423755526543,-0.011854669079184532,0.08266501873731613,-0.1641252636909485,-0.11744940280914307,0.2047012895345688,,,,False,,,,True,OFFBOARD
11.952,TAKEOFF,False,-13.063482379697684,-6.050021349591477,0.15432808406352974,-0.17309050138889637,-0.1439265829683737,0.279855210448662,0.007789276377351531,-0.006851619238069,0.001074884849928009,10.000000003626253,7.924202100084607e-08,0.04992755344959976,0.0,0.0,0.0,0.0,-2.4940650090687922e-08,23.843803784950886,-0.05458855256438255,-0.024233393371105194,0.10706130415201187,-0.17177680134773254,-0.12489475309848785,0.25226059556007385,,,,False,,,,True,OFFBOARD
12.052,TAKEOFF,False,-13.08074434522977,-6.0644818369293,0.1847475245978663,-0.17161561182983792,-0.14462445787576686,0.32637140932265163,0.0042037480105330365,-0.0033314492408356793,0.001010106390182198,10.000000003626253,7.924202100084607e-08,0.04992755344959976,0.0,0.0,0.0,0.0,-2.4940650090687922e-08,23.864171902850895,-0.0711851641535759,-0.03620864450931549,0.1338323950767517,-0.17139306664466858,-0.12570981681346893,0.29687392711639404,,,,False,,,,True,OFFBOARD
12.152,TAKEOFF,False,-13.097721274554475,-6.078854201121698,0.21972682544308442,-0.16782578511447263,-0.14259007495020354,0.37109016144724155,0.0023011945385173777,-0.0017265015001921551,0.0009597798066228589,10.000000003626253,7.924202100084607e-08,0.04992755344959976,0.0,0.0,0.0,0.0,-2.4940650090687922e-08,23.884245803592357,-0.08885486423969269,-0.04917718842625618,0.16763721406459808,-0.16659656167030334,-0.12280038744211197,0.3428381681442261,,,,False,,,,True,OFFBOARD
12.252,TAKEOFF,False,-13.114248442091043,-6.092935340935801,0.25907864262179553,-0.16269729461273089,-0.13892800405504072,0.4138911648233069,0.000702563831507174,-0.00022519848808215834,0.0008715922164331681,10.000000003626253,7.924202100084607e-08,0.04992755344959976,0.0,0.0,0.0,0.0,-2.4940650090687922e-08,23.903814407847168,-0.106463722884655,-0.06365794688463211,0.20618094503879547,-0.16065320372581482,-0.11956257373094559,0.3875857889652252,,,,False,,,,True,OFFBOARD
12.352,TAKEOFF,False,-13.129561999573525,-6.106032941085544,0.30079272663694584,-0.1563334157646626,-0.13386700729151574,0.4531640335720553,-0.001194202480810496,0.0016025964056925282,0.0008213702620268894,10.000000003626253,7.924202100084607e-08,0.04992755344959976,0.0,0.0,0.0,0.0,-2.4940650090687922e-08,23.92196224612842,-0.12250751256942749,-0.0780286118388176,0.24581845104694366,-0.15440057218074799,-0.1173715889453888,0.42625388503074646,,,,False,,,,True,OFFBOARD
12.452,TAKEOFF,False,-13.14477698847551,-6.11906144829244,0.34816163074213596,-0.14805474021125692,-0.12666452693957403,0.492289628253749,-0.0033456622515430777,0.0032817269737980916,0.0007590447274154239,10.000000003626253,7.924202100084607e-08,0.04992755344959976,0.0,0.0,0.0,0.0,-2.4940650090687922e-08,23.940000333999063,-0.1375914067029953,-0.09153512120246887,0.2890450358390808,-0.14553086459636688,-0.11433140933513641,0.4632834196090698,,,,False,,,,True,OFFBOARD
12.552,TAKEOFF,False,-13.15965257559233,-6.131744942326909,0.40145784192999395,-0.1382265628129057,-0.11736696686454579,0.5307430866781895,-0.005012993256857433,0.004526323964558865,0.0006949803218003041,10.000000003626253,7.924202100084607e-08,0.04992755344959976,0.0,0.0,0.0,0.0,-2.4940650090687922e-08,23.957625186976305,-0.15270432829856873,-0.1051284596323967,0.3400074541568756,-0.13403192162513733,-0.10835838317871094,0.5013697743415833,,,,False,,,,True,OFFBOARD
12.652,TAKEOFF,False,-13.172444126360846,-6.1425394392558434,0.4541107130252367,-0.12863922178410564,-0.10781776646098576,0.5645387996209343,-0.005929352065185651,0.005026523017008551,0.0005735341084781855,10.000000003626253,7.924202100084607e-08,0.04992755344959976,0.0,0.0,0.0,0.0,-2.4940650090687922e-08,23.972754507850812,-0.16706538200378418,-0.11881209909915924,0.3937661647796631,-0.12315434962511063,-0.10192273557186127,0.5365144610404968,,,,False,,,,True,OFFBOARD
12.752,TAKEOFF,False,-13.184787053904845,-6.152786720757183,0.5123647042495494,-0.11860358969390583,-0.09748617442383513,0.5991133312030248,-0.006597989630973412,0.005473259564421745,0.00043252677270098227,10.000000003626253,7.924202100084607e-08,0.04992755344959976,0.0,0.0,0.0,0.0,-2.4940650090687922e-08,23.987311985908423,-0.1797391027212143,-0.13135546445846558,0.4457220435142517,-0.11335740983486176,-0.09405804425477982,0.5677481293678284,,,,False,,,,True,OFFBOARD
12.852,TAKEOFF,False,-13.196118862945069,-6.161986212852187,0.574022914344278,-0.10841780260687439,-0.08690649461564778,0.6324109108147997,-0.007095292731837857,0.0059422836842531294,0.00031651051153520264,10.000000003626253,7.924202100084607e-08,0.04992755344959976,0.0,0.0,0.0,0.0,-2.4940650090687922e-08,24.000625107193834,-0.19111309945583344,-0.14244285225868225,0.5011131167411804,-0.1032010167837143,-0.0866788998246193,0.5992233157157898,,,,False,,,,True,OFFBOARD
12.952,TAKEOFF,False,-13.206430386524401,-6.170125151714856,0.6389260562061977,-0.09823201357914177,-0.07630611378558316,0.6640230083800642,-0.007384366966327043,0.006231027488286356,0.0001926337384812848,10.000000003626253,7.924202100084607e-08,0.04992755344959976,0.0,0.0,0.0,0.0,-2.4940650090687922e-08,24.012681166804313,-0.2020680159330368,-0.1529557704925537,0.5645530223846436,-0.09227357059717178,-0.07735393941402435,0.6314063668251038,,,,False,,,,True,OFFBOARD
13.052,TAKEOFF,False,-13.215731752594392,-6.177218770081468,0.7068799400744193,-0.08826102899084311,-0.06608817124042955,0.6937396082496452,-0.007128689566709593,0.00619294629643156,5.069352738976941e-05,10.000000003626253,7.924202100084607e-08,0.04992755344959976,0.0,0.0,0.0,0.0,-2.4940650090687922e-08,24.02349336980842,-0.211567223072052,-0.16126254200935364,0.6252426505088806,-0.08123965561389923,-0.0688525140285492,0.6581315398216248,,,,False,,,,True,OFFBOARD
13.152,TAKEOFF,False,-13.22437716930646,-6.183547487448746,0.7807000948574683,-0.07849222418038315,-0.056092749478496844,0.7246049435772471,-0.006954902734777638,0.005912659131554572,-5.0599325504422354e-05,10.000000003626253,7.924202100084607e-08,0.04992755344959976,0.0,0.0,0.0,0.0,-2.4940650090687922e-08,24.033475728245495,-0.22131851315498352,-0.16892684996128082,0.6922767758369446,-0.07080356031656265,-0.06082499772310257,0.6865153908729553,,,,False,,,,True,OFFBOARD
13.252,TAKEOFF,False,-13.231483351332596,-6.188493521639973,0.8516475439623094,-0.06996900694497095,-0.04737935149834902,0.7521027613162401,-0.006859774856064232,0.005826675017712112,-0.00013531101024035822,10.000000003626253,7.924202100084607e-08,0.04992755344959976,0.0,0.0,0.0,0.0,-2.4940650090687922e-08,24.0416154182677,-0.22917617857456207,-0.17647278308868408,0.7637158632278442,-0.060525428503751755,-0.05385482683777809,0.7150567173957825,,,,False,,,,True,OFFBOARD
13.352,TAKEOFF,False,-13.238038543575266,-6.192776673350218,0.928251805010771,-0.06156153249634336,-0.03870667725950126,0.7784438877712179,-0.006780910991465721,0.0056268653584855026,-0.0002648737802399427,10.000000003626253,7.924202100084607e-08,0.04992755344959976,0.0,0.0,0.0,0.0,-2.4940650090687922e-08,24.049052360304565,-0.23477134108543396,-0.18353980779647827,0.8339115977287292,-0.05033065378665924,-0.04819289594888687,0.7413644790649414,,,,False,,,,True,OFFBOARD
13.452,TAKEOFF,False,-13.243997993669929,-6.19633110428653,1.0105579874163717,-0.05349993265712174,-0.030016202825137738,0.8030469787338899,-0.0069158774465148,0.005115166153111191,-0.00038945125888228,10.000000003626253,7.924202100084607e-08,0.04992755344959976,0.0,0.0,0.0,0.0,-2.4940650090687922e-08,24.055726200517775,-0.2393294721841812,-0.18957656621932983,0.9068859815597534,-0.041052598506212234,-0.042542438954114914,0.7640118598937988,,,,False,,,,True,OFFBOARD
13.552,TAKEOFF,False,-13.248798787251513,-6.198819110716562,1.0886887753941439,-0.04693825979019153,-0.02218691747225671,0.8235442256259096,-0.006944210116083382,0.0044817937577093835,-0.00046704129919011736,10.000000003626253,7.924202100084607e-08,0.04992755344959976,0.0,0.0,0.0,0.0,-2.4940650090687922e-08,24.061005892699463,-0.24319946765899658,-0.19498710334300995,0.9892213940620422,-0.03200417384505272,-0.035266563296318054,0.7862013578414917,,,,False,,,,True,OFFBOARD
13.652,TAKEOFF,False,-13.253336410523925,-6.20068621308145,1.1754584456408863,-0.040694268753388704,-0.0141232413322988,0.8439739141592095,-0.006709596648326539,0.003993203201258878,-0.0005316972842286719,10.000000003626253,7.924202100084607e-08,0.04992755344959976,0.0,0.0,0.0,0.0,-2.4940650090687922e-08,24.065871371829665,-0.24622862040996552,-0.1982271820306778,1.0680793523788452,-0.02475648559629917,-0.028528641909360886,0.8058393597602844,,,,False,,,,True,OFFBOARD
13.752,TAKEOFF,False,-13.257119824327546,-6.201725208768307,1.2607785573433359,-0.03523518232722406,-0.00708677876095283,0.8614607674628709,-0.006089952516592228,0.003960773895473098,-0.0006065521563501303,10.000000003626253,7.924202100084607e-08,0.04992755344959976,0.0,0.0,0.0,0.0,-2.4940650090687922e-08,24.06979474860034,-0.24918730556964874,-0.19993291795253754,1.1559128761291504,-0.019687671214342117,-0.02132745459675789,0.8252996206283569,,,,False,,,,True,OFFBOARD
13.852,TAKEOFF,False,-13.26024200160983,-6.202105829544779,1.3442686032536848,-0.03002052813071313,-0.0012169608331267854,0.8772313904848678,-0.00548205129051598,0.004182814417763068,-0.0007307663931728441,10.000000003626253,7.924202100084607e-08,0.04992755344959976,0.0,0.0,0.0,0.0,-2.4940650090687922e-08,24.07290958413538,-0.2511817216873169,-0.20102263987064362,1.2374200820922852,-0.013522679917514324,-0.01470098178833723,0.8405835628509521,,,,False,,,,True,OFFBOARD
13.952,TAKEOFF,False,-13.26296365175773,-6.201947163453611,1.432839654844807,-0.024657782290535245,0.004048966349295288,0.8936478508816731,-0.004921284999459938,0.004188075484687737,-0.0008628293952835591,10.000000003626253,7.924202100084607e-08,0.04992755344959976,0.0,0.0,0.0,0.0,-2.4940650090687922e-08,24.07549849188789,-0.25253328680992126,-0.2017562836408615,1.3271512985229492,-0.007234749849885702,-0.009799545630812645,0.8556427955627441,,,,False,,,,True,OFFBOARD
14.052,TAKEOFF,False,-13.265318726789696,-6.20121869907786,1.5303438676337893,-0.01925215714909588,0.009204370485545685,0.9110663464307871,-0.0048348473161161625,0.003853270383924207,-0.000946920832844086,10.000000003626253,7.924202100084607e-08,0.04992755344959976,0.0,0.0,0.0,0.0,-2.4940650090687922e-08,24.077586464685997,-0.2538333237171173,-0.20163863897323608,1.4124788045883179,-0.0005834320327267051,-0.004660405684262514,0.871782124042511,,,,False,,,,True,OFFBOARD
14.152,TAKEOFF,False,-13.26689133558781,-6.200172788333697,1.6147998173157625,-0.01519326988183445,0.013284591324766188,0.9240687125643815,-0.004564704185920383,0.003489621323827795,-0.001033295817215734,10.000000003626253,7.924202100084607e-08,0.04992755344959976,0.0,0.0,0.0,0.0,-2.4940650090687922e-08,24.078836686572224,-0.25535741448402405,-0.2005956619977951,1.5071618556976318,0.00444679195061326,0.000496980850584805,0.8878298997879028,,,,False,,,,True,OFFBOARD
14.252,TAKEOFF,False,-13.268200695264879,-6.198633577365942,1.7079054915850356,-0.011203492383887617,0.017264552118795923,0.9374784977123078,-0.004304513148218976,0.003344877946451284,-0.0012070565600518016,10.000000003626253,7.924202100084607e-08,0.04992755344959976,0.0,0.0,0.0,0.0,-2.4940650090687922e-08,24.079705624710424,-0.25583088397979736,-0.19954277575016022,1.5943979024887085,0.00905352272093296,0.003674481762573123,0.9005461931228638,,,,False,,,,True,OFFBOARD
14.352,TAKEOFF,False,-13.269152284654151,-6.196628483450808,1.806144178520976,-0.007283334670471423,0.021129818908340366,0.9512647553348861,-0.004351263391864626,0.0032946086845128575,-0.00139380450377471,10.000000003626253,7.924202100084607e-08,0.04992755344959976,0.0,0.0,0.0,0.0,-2.4940650090687922e-08,24.08010908943657,-0.25550228357315063,-0.198257714509964,1.6893678903579712,0.013340155594050884,0.007432842627167702,0.913930356502533,,,,False,,,,True,OFFBOARD
14.452,TAKEOFF,False,-13.269693301680578,-6.194326269874129,1.9019841416298378,-0.0037191733572983087,0.024741198197576246,0.9649146733697028,-0.004325515688728136,0.003192687917482904,-0.001581118788414981,10.000000003626253,7.924202100084607e-08,0.04992755344959976,0.0,0.0,0.0,0.0,-2.4940650090687922e-08,24.0800395648013,-0.255329430103302,-0.1962590366601944,1.7793456315994263,0.018063947558403015,0.010800731368362904,0.927168071269989,,,,False,,,,True,OFFBOARD
14.552,TAKEOFF,False,-13.269889249478556,-6.191785359070002,1.9952124923178451,-0.0005234460272513137,0.02801652649213742,0.9765266009255246,-0.004197186757832144,0.0031420003650577968,-0.0017483801132723163,10.000000003626253,7.924202100084607e-08,0.04992755344959976,0.0,0.0,0.0,0.0,-2.4940650090687922e-08,24.079575427441725,-0.25530722737312317,-0.19315916299819946,1.8797409534454346,0.02238341234624386,0.014984740875661373,0.9418171048164368,,,,False,,,,True,OFFBOARD
14.652,TAKEOFF,False,-13.269765822685756,-6.188696302010242,2.0973463225399493,0.002705016132996426,0.031172726794449972,0.9870575784371164,-0.003802782910505272,0.0029208476367638737,-0.0018879750174337173,10.000000003626253,7.924202100084607e-08,0.04992755344959976,0.0,0.0,0.0,0.0,-2.4940650090687922e-08,24.078662016622168,-0.2543247640132904,-0.1903262585401535,1.9735294580459595,0.025637304410338402,0.017806321382522583,0.9525610208511353,,,,False,,,,True,OFFBOARD
14.752,TAKEOFF,False,-13.269346340032588,-6.185441793701676,2.1965683093067123,0.005565590508208716,0.03377497031948595,0.996855222105964,-0.00365245317033097,0.002975365503861948,-0.0019779789213784822,10.000000003626253,7.924202100084607e-08,0.04992755344959976,0.0,0.0,0.0,0.0,-2.4940650090687922e-08,24.077420344063317,-0.2525412142276764,-0.1873636692762375,2.0761749744415283,0.02882804162800312,0.020850766450166702,0.9638747572898865,,,,False,,,,True,OFFBOARD
14.852,TAKEOFF,False,-13.2686771142872,-6.182082940369253,2.2927011497324545,0.008234685676302962,0.036092490552858986,1.005423572841612,-0.003639685986474472,0.0028887234951925924,-0.0020471355769263685,10.000000003626253,7.924202100084607e-08,0.04992755344959976,0.0,0.0,0.0,0.0,-2.4940650090687922e-08,24.075910891990677,-0.2516339421272278,-0.1837216168642044,2.1729705333709717,0.0303154569119215,0.023565607145428658,0.973300039768219,,,,False,,,,True,OFFBOARD
14.952,TAKEOFF,False,-13.267713305966618,-6.178353343052706,2.393667672441856,0.01099645132949046,0.03836370495627382,1.0134184194448255,-0.00344993078899259,0.003382185571811954,-0.00213276173309524,10.000000003626253,7.924202100084607e-08,0.04992755344959976,0.0,0.0,0.0,0.0,-2.4940650090687922e-08,24.074021967012204,-0.2519160509109497,-0.17860913276672363,2.2796225547790527,0.02930920198559761,0.02725009061396122,0.9823429584503174,,,,False,,,,True,OFFBOARD
15.052,TAKEOFF,False,-13.266438490781828,-6.174417426223245,2.495390639363438,0.0145232132427296,0.040164254404695045,1.0207066590315403,-0.0028311690904875533,0.004464798816268052,-0.0022033442494967894,10.000000003626253,7.924202100084607e-08,0.04992755344959976,0.0,0.0,0.0,0.0,-2.4940650090687922e-08,24.0717799870693,-0.2524459958076477,-0.17290884256362915,2.387612819671631,0.02898685447871685,0.03290694206953049,0.9904386401176453,,,,False,,,,True,OFFBOARD
15.152,TAKEOFF,False,-13.264681335419997,-6.170180594829016,2.6018986996420095,0.01928680110542356,0.041082055531289734,1.0270712644647169,-0.0017985154075299892,0.00578217590841104,-0.0022372879671067837,10.000000003626253,7.924202100084607e-08,0.04992755344959976,0.0,0.0,0.0,0.0,-2.4940650090687922e-08,24.068995146412874,-0.2533074915409088,-0.1669434756040573,2.4884979724884033,0.02814137190580368,0.03807975724339485,0.9979956150054932,,,,False,,,,True,OFFBOARD
15.252,TAKEOFF,False,-13.262566915400798,-6.166237090623244,2.700756776167598,0.02463950576741848,0.0409342449244267,1.0322849108485708,-0.0009115626689199615,0.006573185973766752,-0.002309249080592594,10.000000003626253,7.924202100084607e-08,0.04992755344959976,0.0,0.0,0.0,0.0,-2.4940650090687922e-08,24.06594067343389,-0.25327229499816895,-0.16111920773983002,2.5887882709503174,0.030407441779971123,0.04068238288164139,1.0037540197372437,,,,False,,,,True,OFFBOARD
15.352,TAKEOFF,False,-13.25979947332633,-6.162183302405005,2.8042924575167185,0.030453645482635523,0.04014216687791663,1.038243486919096,-0.0006880418507921503,0.006648898801875951,-0.0023916595587572032,10.000000003626253,7.924202100084607e-08,0.04992755344959976,0.0,0.0,0.0,0.0,-2.4940650090687922e-08,24.06222715662643,-0.25219064950942993,-0.15515586733818054,2.6972548961639404,0.0337451696395874,0.04169536754488945,1.0099989175796509,,,,False,,,,True,OFFBOARD
15.452,TAKEOFF,False,-13.256466040842897,-6.1582068254828135,2.9084397034667386,0.035912564502996,0.039473088427848906,1.0445803029702272,-0.001014036094587736,0.006334675001370023,-0.002438098612182534,10.000000003626253,7.924202100084607e-08,0.04992755344959976,0.0,0.0,0.0,0.0,-2.4940650090687922e-08,24.057986722894068,-0.25041890144348145,-0.15052923560142517,2.7974681854248047,0.03804489225149155,0.04174948111176491,1.0159417390823364,,,,False,,,,True,OFFBOARD
15.552,TAKEOFF,False,-13.252618563028665,-6.154273767986006,3.0132694419595794,0.04073276436362303,0.03928341245563901,1.0518428846680963,-0.0014953190055390115,0.005887558667918714,-0.0024775106799436535,10.000000003626253,7.924202100084607e-08,0.04992755344959976,0.0,0.0,0.0,0.0,-2.4940650090687922e-08,24.053260834926725,-0.24791963398456573,-0.1464860737323761,2.9062561988830566,0.038994599133729935,0.04241347685456276,1.0216487646102905,,,,False,,,,True,OFFBOARD
15.652,TAKEOFF,False,-13.247948099057623,-6.1500182628976106,3.127355261044408,0.045589272387002465,0.03959041002259356,1.0606397019030258,-0.001950427582170889,0.006049961713002138,-0.0025188376672406598,10.000000003626253,7.924202100084607e-08,0.04992755344959976,0.0,0.0,0.0,0.0,-2.4940650090687922e-08,24.04765719553023,-0.2450656145811081,-0.14282740652561188,3.0063114166259766,0.04096922278404236,0.04192063957452774,1.0286996364593506,,,,False,,,,True,OFFBOARD
15.752,TAKEOFF,False,-13.243357877406504,-6.14618817575343,3.229584902925158,0.04981183788018318,0.04020726417917492,1.0687401763376314,-0.0021233118427508545,0.005856063927339029,-0.0025418811697246343,10.000000003626253,7.924202100084607e-08,0.04992755344959976,0.0,0.0,0.0,0.0,-2.4940650090687922e-08,24.042240237790068,-0.2412971407175064,-0.13885663449764252,3.114950180053711,0.04506181553006172,0.04288393259048462,1.0383875370025635,,,,False,,,,True,OFFBOARD
15.852,TAKEOFF,False,-13.238174390296264,-6.142140039609893,3.3368759184763235,0.05354306638651388,0.040629793357792425,1.07682831723662,-0.0015127590632836468,0.005043763478563502,-0.002599613192347401,10.000000003626253,7.924202100084607e-08,0.04992755344959976,0.0,0.0,0.0,0.0,-2.4940650090687922e-08,24.03619425786799,-0.23839297890663147,-0.13507488369941711,3.2160520553588867,0.04627617821097374,0.04445217177271843,1.0453556776046753,,,,False,,,,True,OFFBOARD
15.952,TAKEOFF,False,-13.232890572169545,-6.138248616255155,3.440658861475112,0.05637643249419682,0.04036587047031051,1.0850490339416081,-0.0009748130516675941,0.004932097930952994,-0.0026308562836995586,10.000000003626253,7.924202100084607e-08,0.04992755344959976,0.0,0.0,0.0,0.0,-2.4940650090687922e-08,24.030091584400466,-0.23657701909542084,-0.1309419572353363,3.3263309001922607,0.044042572379112244,0.044236667454242706,1.052136778831482,,,,False,,,,True,OFFBOARD
16.052,TAKEOFF,False,-13.226848647861791,-6.134083512725722,3.553977879044805,0.05981101836681746,0.039731932589948796,1.0936745464279052,-0.0008034428593162235,0.005721531834364274,-0.002697527772612506,10.000000003626253,7.924202100084607e-08,0.04992755344959976,0.0,0.0,0.0,0.0,-2.4940650090687922e-08,24.023186295584935,-0.2343912273645401,-0.12707959115505219,3.4292309284210205,0.04398490861058235,0.04430881142616272,1.0600980520248413,,,,False,,,,True,OFFBOARD
16.152,TAKEOFF,False,-13.220673126155456,-6.130144938601182,3.663727898533616,0.06356898105547469,0.03906569649029329,1.1009601808213272,-0.0007619457991608264,0.005961326454065943,-0.0027707888782350153,10.000000003626253,7.924202100084607e-08,0.04992755344959976,0.0,0.0,0.0,0.0,-2.4940650090687922e-08,24.016209912056357,-0.23142540454864502,-0.1228581964969635,3.5415356159210205,0.04418656602501869,0.04422948881983757,1.0670868158340454,,,,False,,,,True,OFFBOARD
16.252,TAKEOFF,False,-13.214394023776897,-6.126430163396278,3.76974168492667,0.06704135467375938,0.038329330981720935,1.1071191933901647,-0.0005746658941549777,0.005731469026911986,-0.0028697972184171115,10.000000003626253,7.924202100084607e-08,0.04992755344959976,0.0,0.0,0.0,0.0,-2.4940650090687922e-08,24.009190689763873,-0.22848446667194366,-0.11941314488649368,3.6567163467407227,0.04494515433907509,0.044036369770765305,1.074550747871399,,,,False,,,,True,OFFBOARD
16.352,TAKEOFF,False,-13.207239560850168,-6.1224936145881195,3.8851095346282256,0.07037076224892401,0.03742268811855043,1.110897480021186,-0.0006480470070166713,0.0056251557901511725,-0.0029417907857271757,10.000000003626253,7.924202100084607e-08,0.04992755344959976,0.0,0.0,0.0,0.0,-2.4940650090687922e-08,24.00126865884363,-0.2260311245918274,-0.11692258715629578,3.765514850616455,0.04326145723462105,0.04309924691915512,1.0783659219741821,,,,False,,,,True,OFFBOARD
16.452,TAKEOFF,False,-13.200037146064759,-6.118786102740874,3.996334584098257,0.0735778296788596,0.03679203023643321,1.1134939836762172,-0.0009072077338416537,0.005866250003927136,-0.002981470169947968,10.000000003626253,7.924202100084607e-08,0.04992755344959976,0.0,0.0,0.0,0.0,-2.4940650090687922e-08,23.993358832974344,-0.22185580432415009,-0.11455470323562622,3.8734583854675293,0.044405583292245865,0.04074868932366371,1.0805187225341797,,,,False,,,,True,OFFBOARD
16.552,TAKEOFF,False,-13.192516163506827,-6.1151225648984155,4.107864528451838,0.07660173933237215,0.03657350387941313,1.117197964958536,-0.001386088993282602,0.0052704996509321,-0.0030218007624092597,10.000000003626253,7.924202100084607e-08,0.04992755344959976,0.0,0.0,0.0,0.0,-2.4940650090687922e-08,23.98515230544948,-0.21514099836349487,-0.11230798810720444,3.9893438816070557,0.04756017029285431,0.03868881240487099,1.0827544927597046,,,,False,,,,True,OFFBOARD
16.652,TAKEOFF,False,-13.185057953481726,-6.111605231555181,4.215321908398481,0.07849611846008359,0.03672062426795943,1.121322533778464,-0.0015201645391787592,0.004151025801729832,-0.0030758793975756826,10.000000003626253,7.924202100084607e-08,0.04992755344959976,0.0,0.0,0.0,0.0,-2.4940650090687922e-08,23.977043853432402,-0.20893701910972595,-0.10995810478925705,4.096598148345947,0.04939163848757744,0.038684479892253876,1.0866247415542603,,,,False,,,,True,OFFBOARD
16.752,TAKEOFF,False,-13.176838321561021,-6.107780148292579,4.332166877775392,0.07938094728340789,0.03678060433604034,1.1255457787611678,-0.0012088297165325594,0.0033228933281763563,-0.0031328898790163504,10.000000003626253,7.924202100084607e-08,0.04992755344959976,0.0,0.0,0.0,0.0,-2.4940650090687922e-08,23.968120786989797,-0.2023063749074936,-0.10707627981901169,4.2133893966674805,0.050480086356401443,0.03906705975532532,1.0894356966018677,,,,False,,,,True,OFFBOARD
16.852,TAKEOFF,False,-13.168882533687809,-6.104116022026598,4.444952500105438,0.07967833211629777,0.03645602414031157,1.1298970645682072,-0.0008576759064710238,0.0030469326836859508,-0.003131621384819869,10.000000003626253,7.924202100084607e-08,0.04992755344959976,0.0,0.0,0.0,0.0,-2.4940650090687922e-08,23.959493972236213,-0.19497151672840118,-0.10407262295484543,4.322261810302734,0.052403759211301804,0.03831036761403084,1.093870997428894,,,,False,,,,True,OFFBOARD
16.951999999999998,TAKEOFF,False,-13.160913329866565,-6.100500351704854,4.558082586368211,0.07962710204823725,0.03583105667610541,1.1324414266124572,-0.0005280597368552741,0.002584797220574148,-0.003093806439241894,10.000000003626253,7.924202100084607e-08,0.04992755344959976,0.0,0.0,0.0,0.0,-2.4940650090687922e-08,23.950866622098427,-0.18555089831352234,-0.10046982020139694,4.44088888168335,0.05434286221861839,0.03943629190325737,1.0973503589630127,,,,False,,,,True,OFFBOARD
17.052,TAKEOFF,False,-13.153292777880015,-6.097104151434301,4.666924490091141,0.07906144460988021,0.03490727776796713,1.1350180474361273,-0.0001809524736221897,0.0020017962721524643,-0.0030812436620349637,10.000000003626253,7.924202100084607e-08,0.04992755344959976,0.0,0.0,0.0,0.0,-2.4940650090687922e-08,23.94263240802651,-0.17741475999355316,-0.09699514508247375,4.549548149108887,0.055150993168354034,0.038966745138168335,1.099953293800354,,,,False,,,,True,OFFBOARD
17.152,TAKEOFF,False,-13.145439511796978,-6.093674309319773,4.780576929246458,0.0780003500823021,0.033717933360941525,1.1379561294590173,-9.992676889561578e-06,0.0016809804410833275,-0.003070276873877806,10.000000003626253,7.924202100084607e-08,0.04992755344959976,0.0,0.0,0.0,0.0,-2.4940650090687922e-08,23.934164658828788,-0.1692345142364502,-0.09311247617006302,4.667559623718262,0.055351752787828445,0.03985602781176567,1.1025320291519165,,,,False,,,,True,OFFBOARD
17.252,TAKEOFF,False,-13.13739522005674,-6.090241971260226,4.899107778010186,0.07676428978722628,0.032295043705015,1.141301097144354,0.0002922800424944528,0.0017446168081804451,-0.0030936196123999777,10.000000003626253,7.924202100084607e-08,0.04992755344959976,0.0,0.0,0.0,0.0,-2.4940650090687922e-08,23.92551161356042,-0.16113828122615814,-0.0898103192448616,4.776880741119385,0.0545973926782608,0.03883010149002075,1.1054965257644653,,,,False,,,,True,OFFBOARD
17.352,TAKEOFF,False,-13.13007566041896,-6.0872146507329825,5.008817588482949,0.07576926080552515,0.030858222150563105,1.14407320851341,0.0001618816805147705,0.0017095356738306966,-0.0031370286242118476,10.000000003626253,7.924202100084607e-08,0.04992755344959976,0.0,0.0,0.0,0.0,-2.4940650090687922e-08,23.917662582143794,-0.15157699584960938,-0.08682405203580856,4.89541482925415,0.05559267848730087,0.036324020475149155,1.1089271306991577,,,,False,,,,True,OFFBOARD
17.452,TAKEOFF,False,-13.122559499843453,-6.084186610242193,5.123370319677661,0.07454378507116301,0.029864511129747383,1.1468024234294207,-0.000498906071378471,0.001312204029960104,-0.003179353474590847,10.000000003626253,7.924202100084607e-08,0.04992755344959976,0.0,0.0,0.0,0.0,-2.4940650090687922e-08,23.909623285698043,-0.1434875726699829,-0.08408407121896744,5.00524377822876,0.0552145354449749,0.03510279208421707,1.1125353574752808,,,,False,,,,True,OFFBOARD
17.552,TAKEOFF,False,-13.115185076238753,-6.081223515875424,5.2381633396039256,0.07296858741852054,0.029470100127862282,1.1489928746522249,-0.0008354368853468137,0.0010448181810433024,-0.003262802789929457,10.000000003626253,7.924202100084607e-08,0.04992755344959976,0.0,0.0,0.0,0.0,-2.4940650090687922e-08,23.90173762909774,-0.1355346441268921,-0.08102630078792572,5.123678684234619,0.05415942892432213,0.03484403342008591,1.1159541606903076,,,,False,,,,True,OFFBOARD
17.652,TAKEOFF,False,-13.107971945751363,-6.0782868119946265,5.353195973324959,0.07138584411213007,0.029288323704576708,1.1517239721095818,-0.000950698711810053,0.0011514435322974412,-0.003355163762011156,10.000000003626253,7.924202100084607e-08,0.04992755344959976,0.0,0.0,0.0,0.0,-2.4940650090687922e-08,23.894014713844175,-0.12852692604064941,-0.07872339338064194,5.233486175537109,0.05287981033325195,0.03302948176860809,1.1182818412780762,,,,False,,,,True,OFFBOARD
17.752,TAKEOFF,False,-13.10062430760751,-6.075245551810813,5.473119129930311,0.07003633118996755,0.02921873272200465,1.1542139786429746,-0.0010756560423491753,0.0014752978255732586,-0.0033957733831242597,10.000000003626253,7.924202100084607e-08,0.04992755344959976,0.0,0.0,0.0,0.0,-2.4940650090687922e-08,23.886135163445573,-0.12119497358798981,-0.07689755409955978,5.353170394897461,0.052215270698070526,0.032415952533483505,1.1217577457427979,,,,False,,,,True,OFFBOARD
17.852,TAKEOFF,False,-13.093674524177668,-6.072318379032132,5.588653654490364,0.06901324681758686,0.02936314187064074,1.156665792128742,-0.0012954580395774453,0.0015375280346916426,-0.0033705529370855573,10.000000003626253,7.924202100084607e-08,0.04992755344959976,0.0,0.0,0.0,0.0,-2.4940650090687922e-08,23.87866944900483,-0.11489374935626984,-0.07493270933628082,5.4628586769104,0.051978763192892075,0.03205985575914383,1.1229907274246216,,,,False,,,,True,OFFBOARD
17.951999999999998,TAKEOFF,False,-13.087096417189693,-6.069490829953819,5.699863334866277,0.06806383109081413,0.0294900097967786,1.1601605296690356,-0.0009896692430294005,0.0014569432230445056,-0.003378963296332711,10.000000003626253,7.924202100084607e-08,0.04992755344959976,0.0,0.0,0.0,0.0,-2.4940650090687922e-08,23.871588573885557,-0.1085013598203659,-0.07244769483804703,5.581527233123779,0.05130716785788536,0.032925862818956375,1.125599980354309,,,,False,,,,True,OFFBOARD
18.052,TAKEOFF,False,-13.080080172126095,-6.066438154404093,5.820757232963813,0.06686252174974266,0.02915198679941638,1.1645177977165724,-0.000539894252708881,0.001122463430021206,-0.0034271910760715406,10.000000003626253,7.924202100084607e-08,0.04992755344959976,0.0,0.0,0.0,0.0,-2.4940650090687922e-08,23.864026771729034,-0.1021958589553833,-0.06984560191631317,5.693569660186768,0.05259305611252785,0.03330521658062935,1.128006935119629,,,,False,,,,True,OFFBOARD
18.152,TAKEOFF,False,-13.07373223067694,-6.063671574569831,5.932634878715141,0.06538048174122417,0.02844365329354671,1.165713476048498,-0.00010630653067816548,0.0006720121231257,-0.0034524184708517574,10.000000003626253,7.924202100084607e-08,0.04992755344959976,0.0,0.0,0.0,0.0,-2.4940650090687922e-08,23.857184099251185,-0.0948612317442894,-0.06675397604703903,5.816869258880615,0.05269318073987961,0.034688327461481094,1.1315300464630127,,,,False,,,,True,OFFBOARD
18.252,TAKEOFF,False,-13.067036001440579,-6.0607724513671535,6.053868387336741,0.06343453633343377,0.027299223730873064,1.1656457209625797,0.00023754106557517481,0.0004231817707488508,-0.0034822623245745685,10.000000003626253,7.924202100084607e-08,0.04992755344959976,0.0,0.0,0.0,0.0,-2.4940650090687922e-08,23.84997093765182,-0.0885433778166771,-0.06367135792970657,5.929550647735596,0.052716732025146484,0.0346963033080101,1.1330327987670898,,,,False,,,,True,OFFBOARD
18.352,TAKEOFF,False,-13.061039223942146,-6.058213805830716,6.16578728479336,0.0615762033048755,0.026065841936790977,1.1663184835698974,0.0002494043164664152,0.00038824447653702695,-0.003529208228398873,10.000000003626253,7.924202100084607e-08,0.04992755344959976,0.0,0.0,0.0,0.0,-2.4940650090687922e-08,23.843520833399094,-0.08219228684902191,-0.060310035943984985,6.050504684448242,0.05044937506318092,0.033987198024988174,1.1321827173233032,,,,False,,,,True,OFFBOARD
18.452,TAKEOFF,False,-13.054974300934216,-6.055669336645818,6.282519309255986,0.05986099949650999,0.024883012851320226,1.1682536879892549,0.00021787692489146277,0.0007329273937842714,-0.003550847212151457,10.000000003626253,7.924202100084607e-08,0.04992755344959976,0.0,0.0,0.0,0.0,-2.4940650090687922e-08,23.837008458664915,-0.07725835591554642,-0.056799616664648056,6.163473606109619,0.04848938807845116,0.03405848145484924,1.1343390941619873,,,,False,,,,True,OFFBOARD
18.552,TAKEOFF,False,-13.048821978360454,-6.05314735149642,6.404038731111454,0.058590780669824455,0.02363106115164112,1.1682947286268406,0.0004776736236225357,0.0011762565657622924,-0.003534323451186159,10.000000003626253,7.924202100084607e-08,0.04992755344959976,0.0,0.0,0.0,0.0,-2.4940650090687922e-08,23.83041729755417,-0.07280424982309341,-0.05244090408086777,6.287356853485107,0.04703492298722267,0.03565146028995514,1.1363641023635864,,,,False,,,,True,OFFBOARD
18.652,TAKEOFF,False,-13.043008180247531,-6.050863524152862,6.5208236782186235,0.05777377998571818,0.022035885500014382,1.1676219769313305,0.0009544035966875556,0.0014789725823414407,-0.003506942530488048,10.000000003626253,7.924202100084607e-08,0.04992755344959976,0.0,0.0,0.0,0.0,-2.4940650090687922e-08,23.82421407956542,-0.06875225901603699,-0.04848169907927513,6.400609016418457,0.045399706810712814,0.036514073610305786,1.1354384422302246,,,,False,,,,True,OFFBOARD
18.752,TAKEOFF,False,-13.03725973055447,-6.04875705393537,6.637591648686657,0.05725017354995915,0.020140948461638105,1.1678674539770375,0.0012024094352961342,0.0016476272227141245,-0.003479244486635598,10.000000003626253,7.924202100084607e-08,0.04992755344959976,0.0,0.0,0.0,0.0,-2.4940650090687922e-08,23.81811913053314,-0.06443727016448975,-0.04427505284547806,6.523012638092041,0.04470253735780716,0.03665055334568024,1.1358134746551514,,,,False,,,,True,OFFBOARD
18.852,TAKEOFF,False,-13.031784602439206,-6.046921067087486,6.749752721939424,0.05685221720801656,0.01816777908082331,1.1688902135041317,0.0014144983400762709,0.001789282068102684,-0.0034916825629871134,10.000000003626253,7.924202100084607e-08,0.04992755344959976,0.0,0.0,0.0,0.0,-2.4940650090687922e-08,23.812357243459136,-0.05981988459825516,-0.04182511568069458,6.635576248168945,0.04172689467668533,0.03593100234866142,1.1361995935440063,,,,False,,,,True,OFFBOARD
18.951999999999998,TAKEOFF,False,-13.025881347310776,-6.045148216208199,6.871399992324237,0.05673237439423,0.016080938979040057,1.1704620200193796,0.0010623961214579428,0.002074837839543456,-0.003567424590404701,10.000000003626253,7.924202100084607e-08,0.04992755344959976,0.0,0.0,0.0,0.0,-2.4940650090687922e-08,23.80619730031267,-0.0541992262005806,-0.04091222211718559,6.757070064544678,0.041018594056367874,0.03290536254644394,1.1375861167907715,,,,False,,,,True,OFFBOARD
19.052,TAKEOFF,False,-13.020434805072776,-6.04367636103872,6.983851455055455,0.05671648315661884,0.014747106202827568,1.1721315269994044,0.00045175075505597044,0.001941291384188,-0.003609950719306842,10.000000003626253,7.924202100084607e-08,0.04992755344959976,0.0,0.0,0.0,0.0,-2.4940650090687922e-08,23.80055553335607,-0.0486469604074955,-0.040550705045461655,6.870279312133789,0.04198097065091133,0.030217602849006653,1.139950156211853,,,,False,,,,True,OFFBOARD
19.152,TAKEOFF,False,-13.014550493067794,-6.042189700145278,7.105761527824119,0.05638150632675689,0.013956189137558831,1.1719053761131748,8.473311733744538e-06,0.0015166706204953692,-0.0036779950901464627,10.000000003626253,7.924202100084607e-08,0.04992755344959976,0.0,0.0,0.0,0.0,-2.4940650090687922e-08,23.7944865860773,-0.042133577167987823,-0.04076499119400978,6.9947190284729,0.04226646572351456,0.028029372915625572,1.141731858253479,,,,False,,,,True,OFFBOARD
19.252,TAKEOFF,False,-13.009168315334813,-6.040870835334675,7.218233331513354,0.05573722373091624,0.013570349989138907,1.1713540341950657,-0.00017137222591533872,0.001258194381013656,-0.0038052113778195623,10.000000003626253,7.924202100084607e-08,0.04992755344959976,0.0,0.0,0.0,0.0,-2.4940650090687922e-08,23.788945923198455,-0.03664093464612961,-0.04033889248967171,7.108050346374512,0.04341147467494011,0.027684129774570465,1.141789436340332,,,,False,,,,True,OFFBOARD
19.352,TAKEOFF,False,-13.003641359784472,-6.03953194504474,7.33537417845769,0.054776119068008604,0.013197797525904472,1.1717013449050246,-5.386960267480903e-07,0.000856242830947098,-0.003936606200631961,10.000000003626253,7.924202100084607e-08,0.04992755344959976,0.0,0.0,0.0,0.0,-2.4940650090687922e-08,23.783260143403517,-0.031027382239699364,-0.03916962817311287,7.229367256164551,0.04335736855864525,0.02819839119911194,1.1423048973083496,,,,False,,,,True,OFFBOARD
19.452,TAKEOFF,False,-12.998228156890027,-6.038242682417568,7.452613790066992,0.053520105573755895,0.012582218750250718,1.173099361546466,0.0001763473657827091,0.0006958442634720762,-0.004020842436395512,10.000000003626253,7.924202100084607e-08,0.04992755344959976,0.0,0.0,0.0,0.0,-2.4940650090687922e-08,23.777696990497176,-0.02547052502632141,-0.03877595439553261,7.342193126678467,0.04303351044654846,0.02693445235490799,1.144269347190857,,,,False,,,,True,OFFBOARD
19.552,TAKEOFF,False,-12.992940717700275,-6.037017395555829,7.569946435385822,0.052299494135912054,0.011965431505816937,1.1733461536816403,7.800570758335757e-05,0.0007502659135918586,-0.004098898796255547,10.000000003626253,7.924202100084607e-08,0.04992755344959976,0.0,0.0,0.0,0.0,-2.4940650090687922e-08,23.772271725803787,-0.01898203045129776,-0.03925186023116112,7.465953826904297,0.04251617193222046,0.025071775540709496,1.145642876625061,,,,False,,,,True,OFFBOARD
19.652,TAKEOFF,False,-12.987566253840692,-6.035797981536516,7.691985649051618,0.051127061040469365,0.011556211464001466,1.1737041400961414,-0.00021257198249369376,0.0008280588763858896,-0.004140859163204555,10.000000003626253,7.924202100084607e-08,0.04992755344959976,0.0,0.0,0.0,0.0,-2.4940650090687922e-08,23.766763782053516,-0.013627944514155388,-0.039066534489393234,7.579534530639648,0.041851118206977844,0.02391248568892479,1.1456297636032104,,,,False,,,,True,OFFBOARD
19.752,TAKEOFF,False,-12.982506053293639,-6.034648787112518,7.809414733248179,0.05013959739114285,0.011473130040357622,1.1749177537732582,-0.00041005677255994907,0.0009020843107996289,-0.004154386143376915,10.000000003626253,7.924202100084607e-08,0.04992755344959976,0.0,0.0,0.0,0.0,-2.4940650090687922e-08,23.76157763273629,-0.00828829687088728,-0.03827366977930069,7.7015252113342285,0.04193994775414467,0.023595137521624565,1.1468660831451416,,,,False,,,,True,OFFBOARD
19.852,TAKEOFF,False,-12.977739395255291,-6.0335475739769135,7.922284643694664,0.04918522667841256,0.011464155342256593,1.176542324424143,-0.00036108885830126217,0.0007915557966608056,-0.0041390022558029545,10.000000003626253,7.924202100084607e-08,0.04992755344959976,0.0,0.0,0.0,0.0,-2.4940650090687922e-08,23.756687588268214,-0.00301777059212327,-0.037013888359069824,7.823431015014648,0.04101090505719185,0.0239524245262146,1.1487621068954468,,,,False,,,,True,OFFBOARD
19.951999999999998,TAKEOFF,False,-12.97268033287337,-6.032363554448199,8.044713632289417,0.04814320178090248,0.011248034779107383,1.1776994373970353,8.919385819720712e-06,0.0007367433783049685,-0.004095239833299505,10.000000003626253,7.924202100084607e-08,0.04992755344959976,0.0,0.0,0.0,0.0,-2.4940650090687922e-08,23.751493697282804,0.0018504047766327858,-0.035493478178977966,7.936620235443115,0.04121080040931702,0.024442048743367195,1.1499165296554565,,,,False,,,,True,OFFBOARD
20.052,TAKEOFF,False,-12.967920380967849,-6.031264291891681,8.162566565840073,0.04711203417415318,0.010747271756680879,1.1793893432979514,0.00010328326449204522,0.000772920452863147,-0.0040675319127897284,10.000000003626253,7.924202100084607e-08,0.04992755344959976,0.0,0.0,0.0,0.0,-2.4940650090687922e-08,23.746610636205748,0.006722691003233194,-0.033505793660879135,8.058021545410156,0.03994989022612572,0.024635901674628258,1.1511698961257935,,,,False,,,,True,OFFBOARD
20.152,TAKEOFF,False,-12.963440388891943,-6.030255555479454,8.275903040695376,0.04628622371059747,0.010313391221288002,1.1818276794005984,-5.109450790442949e-05,0.0009373281574663582,-0.004041317978561124,10.000000003626253,7.924202100084607e-08,0.04992755344959976,0.0,0.0,0.0,0.0,-2.4940650090687922e-08,23.742021347830224,0.010920661501586437,-0.031505368649959564,8.169524192810059,0.03926701471209526,0.024027539417147636,1.1530787944793701,,,,False,,,,True,OFFBOARD
20.252,TAKEOFF,False,-12.958847414197828,-6.0292373465640345,8.394244601878698,0.04564606382648258,0.010085184925008863,1.1851398592151394,-0.00016376536173892906,0.0012138549733405363,-0.004022697803166146,10.000000003626253,7.924202100084607e-08,0.04992755344959976,0.0,0.0,0.0,0.0,-2.4940650090687922e-08,23.737320377238625,0.014383778907358646,-0.03035552054643631,8.279993057250977,0.037202537059783936,0.024276230484247208,1.1544172763824463,,,,False,,,,True,OFFBOARD
20.352,TAKEOFF,False,-12.954299701007496,-6.028240517677964,8.513016592641296,0.04538100399500004,0.00987096485200939,1.1901547717590477,-0.0002075584472909593,0.001559802647736258,-0.004020577133901823,10.000000003626253,7.924202100084607e-08,0.04992755344959976,0.0,0.0,0.0,0.0,-2.4940650090687922e-08,23.732668615739428,0.017322372645139694,-0.03014533966779709,8.39909553527832,0.03501510247588158,0.022472593933343887,1.1581599712371826,,,,False,,,,True,OFFBOARD
20.452,TAKEOFF,False,-12.949762382601953,-6.027259587618335,8.632292235082833,0.04540246113206023,0.009782627421851415,1.1951525169731596,-0.000377234395019735,0.0017776558325692548,-0.004024321154875367,10.000000003626253,7.924202100084607e-08,0.04992755344959976,0.0,0.0,0.0,0.0,-2.4940650090687922e-08,23.72803094814436,0.019996309652924538,-0.02945447526872158,8.50998592376709,0.033418938517570496,0.022550595924258232,1.161788821220398,,,,False,,,,True,OFFBOARD
20.552,TAKEOFF,False,-12.945028320360496,-6.026238532041782,8.756852740841133,0.04566835575131019,0.009863041422464526,1.1999999428380577,-0.00044517626873604067,0.0020048576025247164,-0.0040039602301048085,10.000000003626253,7.924202100084607e-08,0.04992755344959976,0.0,0.0,0.0,0.0,-2.4940650090687922e-08,23.723192799214058,0.022830400615930557,-0.02824377827346325,8.63093090057373,0.03130510821938515,0.022263001650571823,1.1646867990493774,,,,False,,,,True,OFFBOARD
20.652,TAKEOFF,False,-12.940440178681438,-6.025249180554254,8.877083366396606,0.04609614377951154,0.009911052443285407,1.2042661404068309,-0.0003878186825182276,0.0021268857799665573,-0.004010187083299079,10.000000003626253,7.924202100084607e-08,0.04992755344959976,0.0,0.0,0.0,0.0,-2.4940650090687922e-08,23.718503839844384,0.02632204443216324,-0.028179455548524857,8.743059158325195,0.03062167391180992,0.02145419456064701,1.168142557144165,,,,False,,,,True,OFFBOARD
20.752,TAKEOFF,False,-12.935805682641126,-6.0242548499854,8.997689142729294,0.0465729880271284,0.010021550487271194,1.2076400655962949,-0.000692846845389816,0.0021230212054523284,-0.004030953855487439,10.000000003626253,7.924202100084607e-08,0.04992755344959976,0.0,0.0,0.0,0.0,-2.4940650090687922e-08,23.7137687837791,0.03108793869614601,-0.029503945261240005,8.865172386169434,0.03045247681438923,0.01887119747698307,1.1704403162002563,,,,False,,,,True,OFFBOARD
20.852,TAKEOFF,False,-12.93131352673386,-6.023269806216378,9.113794351655184,0.046984304696322914,0.010548612143825508,1.2109993615590173,-0.0011313088595857582,0.0020494004795695835,-0.004082860784778357,10.000000003626253,7.924202100084607e-08,0.04992755344959976,0.0,0.0,0.0,0.0,-2.4940650090687922e-08,23.709173759132703,0.03636676445603371,-0.030003735795617104,8.978342056274414,0.031096626073122025,0.017388753592967987,1.1723546981811523,,,,False,,,,True,OFFBOARD
20.951999999999998,TAKEOFF,False,-12.926411132775925,-6.022125790968875,9.239883678102409,0.04724449421447855,0.011442223008877837,1.213483458758466,-0.0013160899983655728,0.001844885954153106,-0.004109277738557696,10.000000003626253,7.924202100084607e-08,0.04992755344959976,0.0,0.0,0.0,0.0,-2.4940650090687922e-08,23.704141570451547,0.043083030730485916,-0.029892869293689728,9.101483345031738,0.031549617648124695,0.016621099784970284,1.1748862266540527,,,,False,,,,True,OFFBOARD
21.052,TAKEOFF,False,-12.921873410036268,-6.020982883811637,9.356455833171193,0.04724496346391805,0.012330616216073542,1.2151059838455467,-0.001342969650419359,0.0016018766817591202,-0.004087437811632394,10.000000003626253,7.924202100084607e-08,0.04992755344959976,0.0,0.0,0.0,0.0,-2.4940650090687922e-08,23.69946237013302,0.04834502935409546,-0.029320426285266876,9.21507740020752,0.031020233407616615,0.01745574362576008,1.1749343872070312,,,,False,,,,True,OFFBOARD
21.152,TAKEOFF,False,-12.917156247073477,-6.019705403916526,9.478075056512521,0.047090747154427175,0.013151615074625384,1.2171828136782783,-0.0011898689625513606,0.0015470795743538412,-0.004081662000514143,10.000000003626253,7.924202100084607e-08,0.04992755344959976,0.0,0.0,0.0,0.0,-2.4940650090687922e-08,23.69457542820624,0.05329466238617897,-0.028291314840316772,9.337850570678711,0.03028821386396885,0.016783617436885834,1.1767282485961914,,,,False,,,,True,OFFBOARD
21.252,TAKEOFF,False,-12.91226527783362,-6.018299077594719,9.604746388271531,0.04699925690853676,0.013843412797209288,1.2185719428522142,-0.001088882205221091,0.0016848285372777685,-0.004088862315940692,10.000000003626253,7.924202100084607e-08,0.04992755344959976,0.0,0.0,0.0,0.0,-2.4940650090687922e-08,23.689487648937728,0.05892164260149002,-0.027614330872893333,9.453421592712402,0.030016493052244186,0.016364816576242447,1.177847981452942,,,,False,,,,True,OFFBOARD
21.352,TAKEOFF,False,-12.907566825715556,-6.016884677836917,9.726587126160771,0.04695386324605838,0.014434591580028916,1.2179452908099497,-0.0011843274067398356,0.0015418973487870873,-0.004132567517625944,10.000000003626253,7.924202100084607e-08,0.04992755344959976,0.0,0.0,0.0,0.0,-2.4940650090687922e-08,23.68458402042835,0.0663280040025711,-0.027272896841168404,9.57984447479248,0.030864359810948372,0.01607108861207962,1.1777592897415161,,,,False,,,,True,OFFBOARD
21.452,TAKEOFF,False,-12.902887486531357,-6.015405181176173,9.848318849954135,0.04657363442157763,0.015123610695368925,1.216653198120425,-0.0011696944063042324,0.0010872537111335254,-0.004227808304480742,10.000000003626253,7.924202100084607e-08,0.04992755344959976,0.0,0.0,0.0,0.0,-2.4940650090687922e-08,23.67968234233485,0.07212277501821518,-0.026541415601968765,9.696024894714355,0.030970247462391853,0.01663941703736782,1.1774766445159912,,,,False,,,,True,OFFBOARD
21.552,TAKEOFF,False,-12.898267467466551,-6.013863892640734,9.969895620151272,0.04582270174266118,0.01563737650105509,1.215016424627942,-0.0009035659822024492,0.0008516339115124099,-0.004324230541096489,10.000000003626253,7.924202100084607e-08,0.04992755344959976,0.0,0.0,0.0,0.0,-2.4940650090687922e-08,23.674822344634737,0.07749107480049133,-0.0253425482660532,9.821531295776367,0.030408624559640884,0.01759224571287632,1.175978660583496,,,,False,,,,True,OFFBOARD
21.652,TAKEOFF,False,-12.893909659088067,-6.012352545225447,10.086483778486164,0.04500153582890901,0.015795240336106794,1.2140195178128779,-0.0006345894698929096,0.0008443652794599526,-0.004406646627606346,10.000000003626253,7.924202100084607e-08,0.04992755344959976,0.0,0.0,0.0,0.0,-2.4940650090687922e-08,23.670223567289455,0.08208908885717392,-0.023713860660791397,9.938053131103516,0.02968096174299717,0.016991250216960907,1.1748173236846924,,,,False,,,,True,OFFBOARD
21.752,TAKEOFF,False,-12.889270841981867,-6.010706431126451,10.212634928368992,0.044279029037099224,0.015867776463868326,1.211808310055993,-0.0006768340125381756,0.001084911650268105,-0.004497612779612903,10.000000003626253,7.924202100084607e-08,0.04992755344959976,0.0,0.0,0.0,0.0,-2.4940650090687922e-08,23.665318772359516,0.08675190061330795,-0.021551253274083138,10.06545352935791,0.02679799683392048,0.017444005236029625,1.1740247011184692,,,,False,,,,True,OFFBOARD
21.852,TAKEOFF,False,-12.885037302344289,-6.009177634646014,10.328844757039839,0.0440310545152508,0.01598531506565142,1.209403922448244,-0.0007413943359190183,0.0016733010381647826,-0.004559888078329645,10.000000003626253,7.924202100084607e-08,0.04992755344959976,0.0,0.0,0.0,0.0,-2.4940650090687922e-08,23.660835769109088,0.09030630439519882,-0.019561603665351868,10.181946754455566,0.025311363860964775,0.017099179327487946,1.1715030670166016,,,,False,,,,True,OFFBOARD
21.951999999999998,TAKEOFF,False,-12.880444124949467,-6.007504554014821,10.454534837757741,0.04436527592096859,0.016192405263416556,1.2080158315198275,-0.0008145581747118978,0.0021329804280918337,-0.004601477300598181,10.000000003626253,7.924202100084607e-08,0.04992755344959976,0.0,0.0,0.0,0.0,-2.4940650090687922e-08,23.655968283701206,0.09357704222202301,-0.017441486939787865,10.306900024414062,0.023094819858670235,0.01742110587656498,1.1688350439071655,,,,False,,,,True,OFFBOARD
22.052,TAKEOFF,False,-12.876155297366253,-6.005940409210545,10.570493155176615,0.04499407596136187,0.01636464185054817,1.2080337611754215,-0.000677355805156122,0.0023510516246088523,-0.004660062059896605,10.000000003626253,7.924202100084607e-08,0.04992755344959976,0.0,0.0,0.0,0.0,-2.4940650090687922e-08,23.651422843160226,0.0973723754286766,-0.014710823073983192,10.420982360839844,0.02349034696817398,0.018622154369950294,1.167439579963684,,,,False,,,,True,OFFBOARD
22.152,TAKEOFF,False,-12.871619893452158,-6.004304602723173,10.691374669004373,0.04563524725031633,0.016312449972112005,1.2097243731635081,-0.0004253092172921293,0.0020988057406756827,-0.0047300788045305285,10.000000003626253,7.924202100084607e-08,0.04992755344959976,0.0,0.0,0.0,0.0,-2.4940650090687922e-08,23.646620719043604,0.10251063853502274,-0.010976344347000122,10.54353141784668,0.02345285378396511,0.01918829418718815,1.1674177646636963,,,,False,,,,True,OFFBOARD
22.252,TAKEOFF,False,-12.86685330580376,-6.002622410153272,10.817335666569702,0.045986301948627586,0.016010462289877903,1.2126199821591053,-0.00019731023815817097,0.001968719048715821,-0.0048549210731978504,10.000000003626253,7.924202100084607e-08,0.04992755344959976,0.0,0.0,0.0,0.0,-2.4940650090687922e-08,23.64158321739863,0.10642708092927933,-0.00785131473094225,10.65654182434082,0.02230258844792843,0.019742021337151527,1.1679458618164062,,,,False,,,,True,OFFBOARD
22.352,TAKEOFF,False,-12.86223629648731,-6.001045386737758,10.938776396624368,0.046360963998823904,0.015528636771265966,1.2160663907175766,-7.613622552808167e-05,0.0021045963414512967,-0.004906106925683703,10.000000003626253,7.924202100084607e-08,0.04992755344959976,0.0,0.0,0.0,0.0,-2.4940650090687922e-08,23.636717101302096,0.10999245196580887,-0.004759063478559256,10.779519081115723,0.021676059812307358,0.0195301566272974,1.169641375541687,,,,False,,,,True,OFFBOARD
22.452,TAKEOFF,False,-12.857762613574735,-5.999578804286316,11.055653264930799,0.046845678891427184,0.015044397577987423,1.218478597195181,-8.396371981025821e-05,0.002258701620650495,-0.004951047216518254,10.000000003626253,7.924202100084607e-08,0.04992755344959976,0.0,0.0,0.0,0.0,-2.4940650090687922e-08,23.632017659184122,0.11451196670532227,-0.00302018690854311,10.89490795135498,0.022348398342728615,0.018927155062556267,1.172140121459961,,,,False,,,,True,OFFBOARD
22.552,TAKEOFF,False,-12.853050051449214,-5.998096563900673,11.177528019018736,0.04734042627910879,0.014651474571048933,1.218734277971842,-0.00024275353674865243,0.002009122993530781,-0.005003796700376644,10.000000003626253,7.924202100084607e-08,0.04992755344959976,0.0,0.0,0.0,0.0,-2.4940650090687922e-08,23.627083191969856,0.12089596688747406,-0.0022968833800405264,11.021903991699219,0.023890580981969833,0.01851026341319084,1.1721115112304688,,,,False,,,,True,OFFBOARD
22.652,TAKEOFF,False,-12.848121782917966,-5.996591115272805,11.304240198315304,0.047320965860118185,0.014298610860921771,1.2180664199097722,-0.0001395899837209513,0.0014089836638606537,-0.005027260553202454,10.000000003626253,7.924202100084607e-08,0.04992755344959976,0.0,0.0,0.0,0.0,-2.4940650090687922e-08,23.62193419529589,0.1258368194103241,-0.0013028914108872414,11.138545036315918,0.024863507598638535,0.018372438848018646,1.1705576181411743,,,,False,,,,True,OFFBOARD
22.752,TAKEOFF,False,-12.84359910466459,-5.995238312595026,11.421134653283389,0.04687413945742912,0.013903319789748477,1.217398952539241,-0.00012995785350436675,0.0011197663020376318,-0.005070787423602606,10.000000003626253,7.924202100084607e-08,0.04992755344959976,0.0,0.0,0.0,0.0,-2.4940650090687922e-08,23.617216254149493,0.13045963644981384,7.745620678178966e-06,11.264413833618164,0.025822706520557404,0.018188580870628357,1.1684925556182861,,,,False,,,,True,OFFBOARD
22.852,TAKEOFF,False,-12.838945203148059,-5.993868711727934,11.542866702136706,0.046223136225716895,0.013495457191698125,1.2172723188402292,-8.686598778834922e-05,0.0010591418074112544,-0.005142402559674329,10.000000003626253,7.924202100084607e-08,0.04992755344959976,0.0,0.0,0.0,0.0,-2.4940650090687922e-08,23.6123671249073,0.13517162203788757,0.0007667114259675145,11.381392478942871,0.024946123361587524,0.01797235570847988,1.1672834157943726,,,,False,,,,True,OFFBOARD
22.951999999999998,TAKEOFF,False,-12.834171265776117,-5.992486408934637,11.66940471686236,0.04562253946578017,0.013135663949779249,1.2158917007053227,-0.00025011503571372004,0.0011275936218524609,-0.005172415234872681,10.000000003626253,7.924202100084607e-08,0.04992755344959976,0.0,0.0,0.0,0.0,-2.4940650090687922e-08,23.607398668031603,0.14082589745521545,0.0010010822443291545,11.5087251663208,0.02602280117571354,0.017054060474038124,1.1673333644866943,,,,False,,,,True,OFFBOARD
23.056,TAKEOFF,False,-12.829638099966814,-5.991182005281669,11.790879013836525,0.04504053083024226,0.01300591137551805,1.2138207406595707,-0.0004943465385298076,0.0009793057821964688,-0.005193525729362925,10.000000003626253,7.924202100084607e-08,0.04992755344959976,0.0,0.0,0.0,0.0,-2.4940650090687922e-08,23.602682871041296,0.14528794586658478,0.0015633113216608763,11.625529289245605,0.026346471160650253,0.016279488801956177,1.1645374298095703,,,,False,,,,True,OFFBOARD
23.152,TAKEOFF,False,-12.825347276686514,-5.989931840646787,11.90734699161346,0.04437466792769265,0.013041548107233972,1.2128237511095996,-0.0005435992154162162,0.0009163819399980433,-0.005220922238953613,10.000000003626253,7.924202100084607e-08,0.04992755344959976,0.0,0.0,0.0,0.0,-2.4940650090687922e-08,23.598215247594133,0.14939449727535248,0.002439968753606081,11.7514066696167,0.025130486115813255,0.015321792103350163,1.1617921590805054,,,,False,,,,True,OFFBOARD
23.252,TAKEOFF,False,-12.820945544559391,-5.988621171383702,12.028621504624898,0.04370879894668409,0.013200502222200566,1.2125238432120766,-0.0007391938002134325,0.0010118698228636066,-0.0052273334450138,10.000000003626253,7.924202100084607e-08,0.04992755344959976,0.0,0.0,0.0,0.0,-2.4940650090687922e-08,23.59362499059227,0.15411855280399323,0.003738219616934657,11.869669914245605,0.024667713791131973,0.014747842215001583,1.161957859992981,,,,False,,,,True,OFFBOARD
23.352,TAKEOFF,False,-12.81660210453651,-5.987286519590287,12.149703308364916,0.04320727208236293,0.01349030944589961,1.208695811650143,-0.0008060855487052286,0.0011155260599188066,-0.005208942337529547,10.000000003626253,7.924202100084607e-08,0.04992755344959976,0.0,0.0,0.0,0.0,-2.4940650090687922e-08,23.589085030555434,0.16041778028011322,0.005622949451208115,11.999917984008789,0.025752544403076172,0.014988882467150688,1.1609143018722534,,,,False,,,,True,OFFBOARD
23.452,TAKEOFF,False,-12.812137814316904,-5.985867633492003,12.275131157424811,0.04263289532952158,0.013760508927716209,1.203726473889797,-0.0006830400654433557,0.0009198604008434822,-0.005228079094968977,10.000000003626253,7.924202100084607e-08,0.04992755344959976,0.0,0.0,0.0,0.0,-2.4940650090687922e-08,23.58440679981551,0.16529788076877594,0.0073441509157419205,12.117671012878418,0.025797799229621887,0.0152053851634264,1.157629132270813,,,,False,,,,True,OFFBOARD
23.552,TAKEOFF,False,-12.807909762336058,-5.9844856337209755,12.395316978404246,0.041941078526124824,0.013834688626287615,1.2005195085357152,-0.0004416948118090141,0.0008093850880998144,-0.005237884168689939,10.000000003626253,7.924202100084607e-08,0.04992755344959976,0.0,0.0,0.0,0.0,-2.4940650090687922e-08,23.579966436382755,0.16975069046020508,0.009241155348718166,12.243547439575195,0.025955280289053917,0.015171772800385952,1.1529903411865234,,,,False,,,,True,OFFBOARD
23.652,TAKEOFF,False,-12.803756208093631,-5.983107551062616,12.51531957972564,0.04114178474684925,0.013731568348809212,1.1998500591958627,-0.0004421174110253167,0.0006870732224166077,-0.005236409789555889,10.000000003626253,7.924202100084607e-08,0.04992755344959976,0.0,0.0,0.0,0.0,-2.4940650090687922e-08,23.575599128746713,0.1746891587972641,0.01168396882712841,12.359105110168457,0.026559142395853996,0.015111970715224743,1.1517308950424194,,,,False,,,,True,OFFBOARD
23.752,TAKEOFF,False,-12.799687145107733,-5.981737122415678,12.63526523367453,0.04023405959616019,0.013668734806450783,1.1991443693816624,-0.0003849604955448253,0.0004336225174886131,-0.005285504895140833,10.000000003626253,7.924202100084607e-08,0.04992755344959976,0.0,0.0,0.0,0.0,-2.4940650090687922e-08,23.57131549213665,0.18111063539981842,0.015164505690336227,12.484429359436035,0.027446884661912918,0.016339264810085297,1.150984525680542,,,,False,,,,True,OFFBOARD
23.852,TAKEOFF,False,-12.795878858665267,-5.9804342158912265,12.750376264576271,0.039125890129900406,0.013438121491475247,1.198855096665817,-0.0001307442160291292,0.0002521811992485541,-0.005340024267968628,10.000000003626253,7.924202100084607e-08,0.04992755344959976,0.0,0.0,0.0,0.0,-2.4940650090687922e-08,23.567301234181972,0.18665467202663422,0.017935050651431084,12.601383209228516,0.026989569887518883,0.016563240438699722,1.1519629955291748,,,,False,,,,True,OFFBOARD
23.951999999999998,TAKEOFF,False,-12.791875067215386,-5.979059501978515,12.87491175323017,0.037951614818081625,0.012988681975039539,1.1956980460310231,3.173194149624057e-05,0.00041635238998159795,-0.005391437807173453,10.000000003626253,7.924202100084607e-08,0.04992755344959976,0.0,0.0,0.0,0.0,-2.4940650090687922e-08,23.563079652724465,0.1924310326576233,0.020601490512490273,12.729212760925293,0.026220358908176422,0.016983140259981155,1.1528147459030151,,,,False,,,,True,OFFBOARD
24.052,TAKEOFF,False,-12.7884243551132,-5.977889204953221,12.98475596062114,0.03711992451282806,0.012454342390181235,1.1925938638164482,0.00019227602632688407,0.0005156242904596383,-0.005440522508670956,10.000000003626253,7.924202100084607e-08,0.04992755344959976,0.0,0.0,0.0,0.0,-2.4940650090687922e-08,23.559444922325444,0.19681979715824127,0.02293870411813259,12.844671249389648,0.02515864372253418,0.017975954338908195,1.149328589439392,,,,False,,,,True,OFFBOARD
24.152,TAKEOFF,False,-12.78446284340953,-5.976588226897197,13.113471804199301,0.036325658197428466,0.011623004176860683,1.191575092843788,0.00048086914119459934,0.0007798480919858321,-0.005464130186439309,10.000000003626253,7.924202100084607e-08,0.04992755344959976,0.0,0.0,0.0,0.0,-2.4940650090687922e-08,23.555282953278954,0.20071202516555786,0.025349916890263557,12.967551231384277,0.023186365142464638,0.01762157306075096,1.1479865312576294,,,,False,,,,True,OFFBOARD
24.252,TAKEOFF,False,-12.78099521166795,-5.975518644468103,13.227919174891575,0.03600127872545194,0.010698595288411638,1.1928347446451866,0.0005082258570945655,0.0011792069971209784,-0.005465952739966854,10.000000003626253,7.924202100084607e-08,0.04992755344959976,0.0,0.0,0.0,0.0,-2.4940650090687922e-08,23.551657415491327,0.2038877010345459,0.02664928324520588,13.081432342529297,0.022075919434428215,0.017832979559898376,1.1486879587173462,,,,False,,,,True,OFFBOARD
24.352,TAKEOFF,False,-12.777398283751431,-5.974492551556831,13.347258590772212,0.035972680022163674,0.009903498474187042,1.1939068857833295,0.00025349556191159105,0.0013837191310826064,-0.005492798763990724,10.000000003626253,7.924202100084607e-08,0.04992755344959976,0.0,0.0,0.0,0.0,-2.4940650090687922e-08,23.547917847175064,0.20702390372753143,0.02707653120160103,13.205349922180176,0.02047768607735634,0.017578961327672005,1.1498507261276245,,,,False,,,,True,OFFBOARD
24.452,TAKEOFF,False,-12.773793990618142,-5.973530786968595,13.466720243938349,0.03613336425420958,0.009390824095276399,1.195391927727581,5.8175556604124896e-05,0.0015221774917368966,-0.005526231017917866,10.000000003626253,7.924202100084607e-08,0.04992755344959976,0.0,0.0,0.0,0.0,-2.4940650090687922e-08,23.544187475932418,0.20945245027542114,0.027804573997855186,13.319092750549316,0.01964137889444828,0.017065707594156265,1.150658130645752,,,,False,,,,True,OFFBOARD
24.552,TAKEOFF,False,-12.770022014208257,-5.972576648691223,13.591167461098895,0.03642145057679102,0.008979072110318119,1.1979268113815298,5.8048029252292995e-05,0.0016753010782227628,-0.005529819954940883,10.000000003626253,7.924202100084607e-08,0.04992755344959976,0.0,0.0,0.0,0.0,-2.4940650090687922e-08,23.540296843152127,0.21171995997428894,0.028894204646348953,13.441473007202148,0.019262196496129036,0.017074670642614365,1.1509075164794922,,,,False,,,,True,OFFBOARD
24.652,TAKEOFF,False,-12.766506368723553,-5.971733951840142,13.706312440200731,0.03681443576069914,0.008595756058385473,1.2006148285995273,4.4792976902662816e-05,0.001729627003326059,-0.0055483175993638525,10.000000003626253,7.924202100084607e-08,0.04992755344959976,0.0,0.0,0.0,0.0,-2.4940650090687922e-08,23.53668242850358,0.2139892429113388,0.029390256851911545,13.556560516357422,0.018977003172039986,0.015591952949762344,1.15379798412323,,,,False,,,,True,OFFBOARD
24.752,TAKEOFF,False,-12.762659045702094,-5.9708574209783425,13.831210657939042,0.03712709335321219,0.008315605032196284,1.2008291167881888,-0.0001744730007178577,0.001572631198309215,-0.005541616849131326,10.000000003626253,7.924202100084607e-08,0.04992755344959976,0.0,0.0,0.0,0.0,-2.4940650090687922e-08,23.53273860569372,0.21663403511047363,0.029342524707317352,13.683000564575195,0.018590198829770088,0.015081915073096752,1.1548848152160645,,,,False,,,,True,OFFBOARD
24.852,TAKEOFF,False,-12.758935934590381,-5.97003017771771,13.951252220640779,0.0373205302920619,0.008264048770329751,1.1999403745063562,-0.0003503774198024822,0.0015595819055933425,-0.005510741210611796,10.000000003626253,7.924202100084607e-08,0.04992755344959976,0.0,0.0,0.0,0.0,-2.4940650090687922e-08,23.528927436431594,0.21872389316558838,0.02967655472457409,13.799103736877441,0.017311319708824158,0.014854734763503075,1.1543800830841064,,,,False,,,,True,OFFBOARD
24.951999999999998,TAKEOFF,False,-12.755190214563784,-5.969200438994554,14.07122213780116,0.03760921087788455,0.008330047528317322,1.1996126534398197,-0.00036288469110404905,0.0016903471116818801,-0.00547425772778641,10.000000003626253,7.924202100084607e-08,0.04992755344959976,0.0,0.0,0.0,0.0,-2.4940650090687922e-08,23.525093765868977,0.22066360712051392,0.030348969623446465,13.923450469970703,0.01649332046508789,0.014263653196394444,1.1530001163482666,,,,False,,,,True,OFFBOARD
25.052,TAKEOFF,False,-12.751411858200111,-5.968364980130703,14.191230747821354,0.03795186121971637,0.008378069534334261,1.2007916469111373,-0.00037683761682108123,0.0017249982038587469,-0.005462860682099399,10.000000003626253,7.924202100084607e-08,0.04992755344959976,0.0,0.0,0.0,0.0,-2.4940650090687922e-08,23.521227076587532,0.22366385161876678,0.031049154698848724,14.03790283203125,0.017105884850025177,0.013797183521091938,1.1526317596435547,,,,False,,,,True,OFFBOARD
25.152,TAKEOFF,True,-12.748212201199907,-5.967657786355998,14.292143078932268,0.038195329719676874,0.008466359202985269,1.201845982939894,-0.0004484942274664255,0.0015673310148609238,-0.005459996944573822,10.000000003626253,7.924202100084607e-08,0.04992755344959976,0.0,0.0,0.0,0.0,-2.4940650090687922e-08,23.51795269398754,0.2282303422689438,0.031834885478019714,14.16197681427002,0.01681581139564514,0.013307318091392517,1.1541991233825684,22.971376470978104,4.853073565857056,23.248549164302737,False,,,,True,OFFBOARD
25.252,TAKEOFF,True,-12.744387015512237,-5.9668032342283315,14.412374004264107,0.03827111742984378,0.008626038176740566,1.2025949575674353,-0.0004985415619370034,0.001352400099483099,-0.005441616654660183,10.000000003626253,7.924202100084607e-08,0.04992755344959976,0.0,0.0,0.0,0.0,-2.4940650090687922e-08,23.514035864946628,0.23287737369537354,0.03202382102608681,14.278080940246582,0.017451107501983643,0.012410365976393223,1.1553642749786377,22.73797035140365,4.802550779630568,23.005154583224744,False,,,,True,OFFBOARD
25.352,TAKEOFF,True,-12.740415704237261,-5.965893808218434,14.537383576789047,0.0380466623518683,0.008887258506619432,1.2009375476351336,-0.0007122344712429603,0.0010006817712866223,-0.005379437520103901,10.000000003626253,7.924202100084607e-08,0.04992755344959976,0.0,0.0,0.0,0.0,-2.4940650090687922e-08,23.50996376949321,0.2385278046131134,0.03153791278600693,14.405806541442871,0.017536906525492668,0.011078758165240288,1.1561498641967773,22.972180961828755,4.853345000979818,23.239380574110335,False,,,,True,OFFBOARD
25.452,TAKEOFF,True,-12.736634389137926,-5.9649788019131575,14.657339748837689,0.03758479239092156,0.00944582249558657,1.198433264672529,-0.0010756661647786788,0.000897128681323009,-0.005320351436578082,10.000000003626253,7.924202100084607e-08,0.04992755344959976,0.0,0.0,0.0,0.0,-2.4940650090687922e-08,23.50607403550951,0.2427080124616623,0.03139220178127289,14.521743774414062,0.018096737563610077,0.01032645907253027,1.1535762548446655,22.874073947794887,4.832432460733425,23.135010517979897,False,,,,True,OFFBOARD
25.552,TAKEOFF,True,-12.733049770411931,-5.964031031513616,14.77232645050885,0.037106207434278886,0.01030027323073905,1.1975079150368952,-0.0013319695215008949,0.0008390252973216883,-0.005319237306089918,10.000000003626253,7.924202100084607e-08,0.04992755344959976,0.0,0.0,0.0,0.0,-2.4940650090687922e-08,23.50236624510304,0.24633978307247162,0.03159082308411598,14.646111488342285,0.01643097773194313,0.01009026076644659,1.1511183977127075,22.877167736289966,4.830039544956549,23.133946571749696,False,,,,True,OFFBOARD
25.652,TAKEOFF,True,-12.729362782206147,-5.96295017545822,14.892109780890651,0.03669510880650257,0.011273507485233687,1.1982364044342146,-0.0013553633585180022,0.001045218010655469,-0.005346396394615438,10.000000003626253,7.924202100084607e-08,0.04992755344959976,0.0,0.0,0.0,0.0,-2.4940650090687922e-08,23.498525664177585,0.25020259618759155,0.03157810866832733,14.761882781982422,0.015705617144703865,0.009333377704024315,1.1528630256652832,22.874827446540472,4.828300798676887,23.127520363931104,False,,,,True,OFFBOARD
25.752,TAKEOFF,True,-12.725706305652121,-5.961772798122849,15.011899555231134,0.036457843166629034,0.012243447002199604,1.19723313770628,-0.0014453513370112424,0.001101196298149621,-0.005339399321594183,10.000000003626253,7.924202100084607e-08,0.04992755344959976,0.0,0.0,0.0,0.0,-2.4940650090687922e-08,23.494690104295014,0.2551298141479492,0.03134933114051819,14.888555526733398,0.01641126722097397,0.008556697517633438,1.1517009735107422,22.85432233598812,4.824600506736957,23.10192112079758,False,,,,True,OFFBOARD
25.804,TAKEOFF,True,-12.723668798455375,-5.961069776579712,15.078921753736708,0.036312604964647346,0.012825938418590806,1.1965117799604,-0.001498140162221559,0.0010113560516917261,-0.00535052566746703,10.000000003626253,7.924202100084607e-08,0.04992755344959976,0.0,0.0,0.0,0.0,-2.4940650090687922e-08,23.49254089392385,0.25643450021743774,0.031340617686510086,14.92725944519043,0.01611073687672615,0.008305275812745094,1.151192545890808,22.765676876247824,4.804506114858494,23.00976099846053,False,,,,True,OFFBOARD
25.9,TAKEOFF,True,-12.720199134540874,-5.959787519846848,15.193756191666985,0.035988342204702824,0.013852225785481129,1.1960437524723357,-0.001622494136348161,0.0009983372988245339,-0.005439456480889194,10.000000003626253,7.924202100084607e-08,0.04992755344959976,0.0,0.0,0.0,0.0,-2.4940650090687922e-08,23.48885942535788,0.2598113417625427,0.03145638480782509,15.042505264282227,0.015377095900475979,0.007315702736377716,1.1503981351852417,22.837273917230842,4.818883093817182,23.079455601049343,False,,,,True,OFFBOARD
25.951999999999998,TAKEOFF,True,-12.718475334682907,-5.959107785465984,15.251168941115925,0.03585427394156271,0.014434771556476211,1.1961650353113134,-0.001797356708274758,0.0010727021827129425,-0.005482818573655927,10.000000003626253,7.924202100084607e-08,0.04992755344959976,0.0,0.0,0.0,0.0,-2.4940650090687922e-08,23.487019569127675,0.2618902325630188,0.0315924808382988,15.128926277160645,0.014455576427280903,0.006424217019230127,1.1490910053253174,22.84504351109982,4.818375582562837,23.084889093622326,False,,,,True,OFFBOARD
26.052,TAKEOFF,True,-12.714755928053584,-5.95752908883912,15.37562021516696,0.03572327511260162,0.015910007967920737,1.1972001305088413,-0.0020829774415281966,0.0013473465625054026,-0.005534386407547527,10.000000003626253,7.924202100084607e-08,0.04992755344959976,0.0,0.0,0.0,0.0,-2.4940650090687922e-08,23.48302133083224,0.2651531994342804,0.03179525211453438,15.244399070739746,0.014344772323966026,0.00642963545396924,1.149217128753662,22.881512844422307,4.823301984791243,23.118353322862966,False,,,,True,OFFBOARD
26.152,TAKEOFF,True,-12.711319471964572,-5.95592738555931,15.490579709427506,0.03587619901128978,0.017400408926567263,1.197646594432172,-0.0021691600374108507,0.0014189414149892506,-0.005549208355164574,10.000000003626253,7.924202100084607e-08,0.04992755344959976,0.0,0.0,0.0,0.0,-2.4940650090687922e-08,23.47929096647354,0.26937729120254517,0.032010771334171295,15.369300842285156,0.01461175549775362,0.005849293898791075,1.149573564529419,22.930992743863733,4.831187457085979,23.164216191905915,False,,,,True,OFFBOARD
26.252,TAKEOFF,True,-12.70758505247319,-5.954030900193824,15.615159580282242,0.03589914260127743,0.01898489916982999,1.1982383457681651,-0.0020799127902642036,0.001202011981751703,-0.005571016139450858,10.000000003626253,7.924202100084607e-08,0.04992755344959976,0.0,0.0,0.0,0.0,-2.4940650090687922e-08,23.47519763461157,0.272499680519104,0.032395701855421066,15.483026504516602,0.014350676909089088,0.0070981415919959545,1.149216651916504,22.916779143635726,4.825942942179471,23.146090113644327,False,,,,True,OFFBOARD
26.352,TAKEOFF,True,-12.704001805922502,-5.952062811431646,15.735082562346472,0.03576405050236629,0.020279777148946607,1.2004483847797398,-0.0018715507949150412,0.0011610867475386204,-0.005635695338442833,10.000000003626253,7.924202100084607e-08,0.04992755344959976,0.0,0.0,0.0,0.0,-2.4940650090687922e-08,23.471232409537592,0.2751953899860382,0.03301374986767769,15.605613708496094,0.0137009397149086,0.007595181465148926,1.1491882801055908,22.808956721543726,4.80086172778074,23.032645833427264,False,,,,True,OFFBOARD
26.452,TAKEOFF,True,-12.700573045861756,-5.950063511338412,15.850474960783973,0.03570177533491506,0.021301836745150644,1.2034870674058726,-0.0017625470619712384,0.0013697285787771807,-0.005690803090821849,10.000000003626253,7.924202100084607e-08,0.04992755344959976,0.0,0.0,0.0,0.0,-2.4940650090687922e-08,23.467408751438494,0.2782476246356964,0.033915743231773376,15.719462394714355,0.012342970818281174,0.007586732041090727,1.1508539915084839,22.88206739629611,4.815152957471338,23.10395848266127,False,,,,True,OFFBOARD
26.552,TAKEOFF,True,-12.696992461390792,-5.94788067228321,15.97096009835992,0.0359538769619744,0.02231993678700731,1.20595180281858,-0.0018284672565280088,0.0016835273286796967,-0.0057735979653385896,10.000000003626253,7.924202100084607e-08,0.04992755344959976,0.0,0.0,0.0,0.0,-2.4940650090687922e-08,23.463391749519182,0.2822900712490082,0.035149574279785156,15.843741416931152,0.012319253757596016,0.00684795156121254,1.152381420135498,22.69466999356677,4.783564175227621,22.90987156238129,False,,,,True,OFFBOARD
26.652,TAKEOFF,True,-12.693227082438668,-5.945500588231422,16.096493928514995,0.03646055912348545,0.023432079418350113,1.2082100685422226,-0.0020099927502893297,0.0018032454654556408,-0.005863860879780607,10.000000003626253,7.924202100084607e-08,0.04992755344959976,0.0,0.0,0.0,0.0,-2.4940650090687922e-08,23.459146057916044,0.285234272480011,0.03613714501261711,15.958306312561035,0.012164279818534851,0.006181598640978336,1.1523476839065552,22.834792152710158,4.815999680620641,23.05058885263365,False,,,,True,OFFBOARD
26.752,TAKEOFF,True,-12.6897041777976,-5.94319182912992,16.212584303353687,0.03690608356256157,0.024651332357304892,1.2101819759299288,-0.0022808397241793413,0.0017816825329569886,-0.00589937607484108,10.000000003626253,7.924202100084607e-08,0.04992755344959976,0.0,0.0,0.0,0.0,-2.4940650090687922e-08,23.45515307774095,0.2877010405063629,0.037077974528074265,16.08208465576172,0.011252791620790958,0.005619716364890337,1.1536043882369995,22.88484161149241,4.830893921030048,23.100031024088263,True,0.598889172077179,373.0,100.5,True,OFFBOARD
26.852,TAKEOFF,True,-12.68598704115802,-5.94065054760748,16.33372050736835,0.03744734532450426,0.026128801989165115,1.212538652176448,-0.002412413637443097,0.001986069357179977,-0.005897743637989229,10.000000003626253,7.924202100084607e-08,0.04992755344959976,0.0,0.0,0.0,0.0,-2.4940650090687922e-08,23.450913373819944,0.2906359136104584,0.03957834839820862,16.20662498474121,0.010330704972147942,0.006141597405076027,1.1545748710632324,22.826931245129618,4.817321996160024,23.03717520949955,True,0.598889172077179,373.0,100.5,True,OFFBOARD
26.951999999999998,TAKEOFF,True,-12.68220491294977,-5.937964312992675,16.455048204100862,0.03819108192914425,0.027477855085889586,1.213651963118117,-0.0021112107657186054,0.0021649171534850777,-0.005915162526071819,10.000000003626253,7.924202100084607e-08,0.04992755344959976,0.0,0.0,0.0,0.0,-2.4940650090687922e-08,23.44657418475016,0.2936747074127197,0.043048299849033356,16.32236099243164,0.010193996131420135,0.006319424137473106,1.154954433441162,22.837406312299848,4.815735937934879,23.043402135186643,True,0.598889172077179,373.0,100.5,True,OFFBOARD
27.052,TAKEOFF,True,-12.678343204452482,-5.9351632922371005,16.576450583297557,0.03900405057479168,0.028457004350551526,1.2146093885211293,-0.0018756514176638235,0.0021731685570057727,-0.005959326422507853,10.000000003626253,7.924202100084607e-08,0.04992755344959976,0.0,0.0,0.0,0.0,-2.4940650090687922e-08,23.44212906093554,0.2960229516029358,0.045855503529310226,16.437152862548828,0.009837613441050053,0.007279312238097191,1.1534723043441772,22.82779810666421,4.812413428068696,23.030435646904856,True,0.598889172077179,373.0,100.5,True,OFFBOARD
27.152,TAKEOFF,True,-12.67440224408802,-5.932276915746651,16.698007730930076,0.03976396672951401,0.02920528037963861,1.2164802846983527,-0.0016995424459611708,0.0020729517838318995,-0.0059782253931350395,10.000000003626253,7.924202100084607e-08,0.04992755344959976,0.0,0.0,0.0,0.0,-2.4940650090687922e-08,23.43758578941999,0.29809316992759705,0.048348914831876755,16.560731887817383,0.01085271593183279,0.006425471976399422,1.1543731689453125,22.866735738361726,4.817099585569684,23.066959278184008,True,0.7066975831985474,376.0,125.0,True,OFFBOARD
27.252,TAKEOFF,True,-12.670235040942753,-5.929203177711081,16.82463873265765,0.04030454019755583,0.029915782986582706,1.2187125724223293,-0.0019154607977629285,0.001870592842673404,-0.006030431609961259,10.000000003626253,7.924202100084607e-08,0.04992755344959976,0.0,0.0,0.0,0.0,-2.4940650090687922e-08,23.43277636641181,0.3004774749279022,0.05052851140499115,16.675338745117188,0.009411896578967571,0.005226165987551212,1.1547703742980957,22.893892018280503,4.8225638414229275,23.091875236080682,True,0.7066975831985474,376.0,125.0,True,OFFBOARD
27.352,TAKEOFF,True,-12.666343089647166,-5.9262849361682415,16.94172294472726,0.0407907404178972,0.030909779397450245,1.2204796514881056,-0.002379937149745844,0.0020755093217249246,-0.006083501116654993,10.000000003626253,7.924202100084607e-08,0.04992755344959976,0.0,0.0,0.0,0.0,-2.4940650090687922e-08,23.42827273415306,0.3035293519496918,0.05286388099193573,16.799623489379883,0.009438741020858288,0.0038403146900236607,1.154948353767395,22.904206334923337,4.826100922501906,23.099229249980564,True,0.7066975831985474,376.0,125.0,True,OFFBOARD
27.452,TAKEOFF,True,-12.662062860779344,-5.922990491794394,17.068781808365255,0.041494844573828266,0.0324404925389138,1.2230406442648973,-0.0027184034357692665,0.0021215513109917074,-0.006130898881115459,10.000000003626253,7.924202100084607e-08,0.04992755344959976,0.0,0.0,0.0,0.0,-2.4940650090687922e-08,23.42329845634166,0.305743008852005,0.054500024765729904,16.913299560546875,0.008855103515088558,0.003624254371970892,1.1545755863189697,22.836199967032496,4.811792012597326,23.02722992029025,True,0.7860690355300903,384.0,147.0,True,OFFBOARD
27.552,TAKEOFF,True,-12.658048585337006,-5.919800999161182,17.18637276377853,0.042109632403320586,0.03393539779718181,1.226841970136665,-0.0027369717877444456,0.002145569495348852,-0.006155426581391304,10.000000003626253,7.924202100084607e-08,0.04992755344959976,0.0,0.0,0.0,0.0,-2.4940650090687922e-08,23.41860821371936,0.3075162470340729,0.0558517649769783,17.035661697387695,0.007826981134712696,0.003397445660084486,1.1542553901672363,22.742577203980968,4.783824368667049,22.927836467559835,True,0.7860690355300903,384.0,147.0,True,OFFBOARD
27.652,TAKEOFF,True,-12.653800829643703,-5.916327557363082,17.30930423763022,0.04284602243757377,0.0354724879104451,1.231562258190966,-0.0028275359558496997,0.0023376295853693497,-0.00616005078748483,10.000000003626253,7.924202100084607e-08,0.04992755344959976,0.0,0.0,0.0,0.0,-2.4940650090687922e-08,23.41362049955367,0.30982741713523865,0.05781453102827072,17.152250289916992,0.00732514588162303,0.00319211115129292,1.1569758653640747,22.907561807208634,4.812224885383897,23.09246668032477,True,0.7860690355300903,384.0,147.0,True,OFFBOARD
27.752,TAKEOFF,True,-12.649471345144002,-5.912698480698563,17.432534539138896,0.04373429018645078,0.03703242752926556,1.2321037476926544,-0.0028006734874833294,0.0025246101141108354,-0.006107730097184197,10.000000003626253,7.924202100084607e-08,0.04992755344959976,0.0,0.0,0.0,0.0,-2.4940650090687922e-08,23.408514618392346,0.31312096118927,0.06082085147500038,17.28238868713379,0.007357234600931406,0.00400950713083148,1.158390998840332,22.946834352345032,4.814107771741247,23.127445133852508,True,0.7860690355300903,384.0,147.0,True,OFFBOARD
27.852,TAKEOFF,True,-12.645046391569434,-5.908923542249349,17.555611907936647,0.04472088921823866,0.03835498576530558,1.2293153611078633,-0.002527329278543916,0.0025565548006945766,-0.006076760391523132,10.000000003626253,7.924202100084607e-08,0.04992755344959976,0.0,0.0,0.0,0.0,-2.4940650090687922e-08,23.403279783081338,0.31542888283729553,0.06295722723007202,17.400829315185547,0.00740153668448329,0.004121874459087849,1.15570867061615,22.80468342869418,4.77504284116603,22.977604767716908,True,0.8350788354873657,386.0,158.0,True,OFFBOARD
27.951999999999998,TAKEOFF,True,-12.640344137040724,-5.904872746875371,17.68331240598886,0.045642893870040675,0.03949247273985829,1.2268906684598988,-0.002502634861779322,0.002474403189816799,-0.006059794712120338,10.000000003626253,7.924202100084607e-08,0.04992755344959976,0.0,0.0,0.0,0.0,-2.4940650090687922e-08,23.39770727871543,0.3172716200351715,0.06477569043636322,17.526756286621094,0.006450403481721878,0.004099701531231403,1.1512892246246338,22.713776438675286,4.7490594920863565,22.881126345216718,True,0.8350788354873657,386.0,158.0,True,OFFBOARD
28.052,TAKEOFF,True,-12.635732319469849,-5.900869362500462,17.80597574716121,0.0465929604714025,0.040516649830250946,1.2265794964366783,-0.002455912477447236,0.0026802317761090554,-0.006040041977349106,10.000000003626253,7.924202100084607e-08,0.04992755344959976,0.0,0.0,0.0,0.0,-2.4940650090687922e-08,23.39223456558496,0.3211508095264435,0.06814219057559967,17.643863677978516,0.008467660285532475,0.004339959472417831,1.1503585577011108,22.8367250782871,4.771909162581764,23.001663165497682,True,0.8350788354873657,386.0,158.0,True,OFFBOARD
28.152,TAKEOFF,True,-12.631023599676308,-5.896767240438902,17.928575505132248,0.04746759355912802,0.04146031115665905,1.225150212764266,-0.0023147071827714204,0.0022496468824275764,-0.006027526338827143,10.000000003626253,7.924202100084607e-08,0.04992755344959976,0.0,0.0,0.0,0.0,-2.4940650090687922e-08,23.386643499136305,0.3279015123844147,0.07368942350149155,17.771629333496094,0.010780387558043003,0.006090173497796059,1.1493576765060425,22.80273037999111,4.762087090854914,22.95863683487006,True,0.8350788354873657,386.0,158.0,True,OFFBOARD
28.252,TAKEOFF,True,-12.626263610465436,-5.892585531634295,18.050992968878013,0.04757606939156225,0.04207340020861893,1.2234401803594475,-0.0018639977026538362,0.0014070582162531175,-0.006062281499194153,10.000000003626253,7.924202100084607e-08,0.04992755344959976,0.0,0.0,0.0,0.0,-2.4940650090687922e-08,23.380983091304696,0.3342670798301697,0.07928862422704697,17.88949966430664,0.011239691637456417,0.008006785064935684,1.146402359008789,22.830783878105652,4.769003260360032,22.980136888701313,True,0.8450590372085571,387.0,166.0,True,OFFBOARD
28.352,TAKEOFF,True,-12.621531007341984,-5.888372455558618,18.173247517692406,0.04704316948487456,0.04207714870590987,1.221643623209105,-0.001229677182758116,0.00107428837196539,-0.006100622536108286,10.000000003626253,7.924202100084607e-08,0.04992755344959976,0.0,0.0,0.0,0.0,-2.4940650090687922e-08,23.375341631488347,0.3414687514305115,0.08616248518228531,18.016860961914062,0.010803010314702988,0.009691599756479263,1.1453056335449219,22.820864771153357,4.767477002783653,22.961662636321364,True,0.8450590372085571,387.0,166.0,True,OFFBOARD
28.452,TAKEOFF,True,-12.617045146060628,-5.8843547506226175,18.290421704237,0.046465810232941496,0.041591083626221964,1.2196590561179503,-0.0008968374764604743,0.001221428249480767,-0.006141883051262672,10.000000003626253,7.924202100084607e-08,0.04992755344959976,0.0,0.0,0.0,0.0,-2.4940650090687922e-08,23.369988512336203,0.3464092016220093,0.09107056260108948,18.133134841918945,0.009953819215297699,0.00951246079057455,1.1427091360092163,22.807741596209993,4.769211422569251,22.94333138072741,True,0.8450590372085571,387.0,166.0,True,OFFBOARD
28.552,TAKEOFF,True,-12.612417802619523,-5.880228512835805,18.41235652066897,0.04614837369960149,0.040982833487668346,1.2194702568013611,-0.0010233239657310583,0.0015191761112647972,-0.00615236411064099,10.000000003626253,7.924202100084607e-08,0.04992755344959976,0.0,0.0,0.0,0.0,-2.4940650090687922e-08,23.364471475710953,0.35039666295051575,0.09510888904333115,18.25751495361328,0.009231952019035816,0.008708486333489418,1.1399717330932617,22.80271173271589,4.773156050235083,22.93448445538612,True,0.8473454117774963,389.5,182.0,True,OFFBOARD
28.652,TAKEOFF,True,-12.607622396368479,-5.875987555971543,18.539262037253813,0.046120489673886815,0.04065552551648941,1.2211723083268142,-0.001388156891861868,0.001810976140137951,-0.006133627512149222,10.000000003626253,7.924202100084607e-08,0.04992755344959976,0.0,0.0,0.0,0.0,-2.4940650090687922e-08,23.358763264991712,0.3552958071231842,0.09946129471063614,18.373493194580078,0.007951172068715096,0.008592100813984871,1.1400295495986938,22.783431139748416,4.7739394999997105,22.910085137124106,True,0.8473454117774963,389.5,182.0,True,OFFBOARD
28.752,TAKEOFF,True,-12.602998083884863,-5.871924592390503,18.661412881592934,0.04637425192490116,0.04060568048663739,1.2215110788696226,-0.0013778176774858443,0.0019164985996083068,-0.006145620963725619,10.000000003626253,7.924202100084607e-08,0.04992755344959976,0.0,0.0,0.0,0.0,-2.4940650090687922e-08,23.35326576505646,0.3621155321598053,0.10517922788858414,18.50031089782715,0.008323798887431622,0.009723878465592861,1.1392955780029297,22.82645018992538,4.786095015433681,22.94683647534397,True,0.8473454117774963,389.5,182.0,True,OFFBOARD
28.852,TAKEOFF,True,-12.598536867723926,-5.8680365996196,18.77867887349011,0.04652312409891091,0.04034176218001536,1.221585425957418,-0.000981938488497991,0.0016631474620162562,-0.006210317443385047,10.000000003626253,7.924202100084607e-08,0.04992755344959976,0.0,0.0,0.0,0.0,-2.4940650090687922e-08,23.347970429787658,0.36722955107688904,0.10960393399000168,18.625812530517578,0.009630713611841202,0.009781396947801113,1.137410044670105,22.765752695162757,4.76949143583313,22.878120345998358,True,0.8473454117774963,389.5,182.0,True,OFFBOARD
28.951999999999998,TAKEOFF,True,-12.59389400671756,-5.864034986635176,18.900882114313678,0.04626456747013541,0.03967317594075274,1.222594358762611,-0.0007340845755176018,0.001233203972133735,-0.006273208131461625,10.000000003626253,7.924202100084607e-08,0.04992755344959976,0.0,0.0,0.0,0.0,-2.4940650090687922e-08,23.342471030387667,0.37080395221710205,0.11271943151950836,18.740467071533203,0.009387101046741009,0.008995352312922478,1.1367689371109009,22.860317494005564,4.788800155154114,22.970501742021955,True,0.8483846187591553,393.5,199.0,True,OFFBOARD
29.052,TAKEOFF,True,-12.589109323503259,-5.8599462735994505,19.02812893937228,0.04577234553553134,0.03903675138091211,1.224361528037756,-0.0010547575996622568,0.0012297859347595367,-0.006313281653349507,10.000000003626253,7.924202100084607e-08,0.04992755344959976,0.0,0.0,0.0,0.0,-2.4940650090687922e-08,23.336812795478085,0.3750099539756775,0.11529534310102463,18.85820960998535,0.009604854509234428,0.007208604831248522,1.139264702796936,22.765548062698066,4.767322983072395,22.86870258587503,True,0.8483846187591553,393.5,199.0,True,OFFBOARD
29.152,TAKEOFF,True,-12.58455358234197,-5.856054007947066,19.150467285221236,0.04536967861409388,0.03888246873029935,1.2215433731530463,-0.0014465213671752551,0.001298994950384892,-0.006375459423111367,10.000000003626253,7.924202100084607e-08,0.04992755344959976,0.0,0.0,0.0,0.0,-2.4940650090687922e-08,23.331425806185834,0.38032999634742737,0.11776912957429886,18.98920249938965,0.00818451028317213,0.007786113303154707,1.1393864154815674,22.776138178592788,4.768412897699856,22.873581083729178,True,0.8483846187591553,393.5,199.0,True,OFFBOARD
29.252,TAKEOFF,True,-12.580212172956498,-5.8523189271418365,19.26749472174602,0.045122441666348885,0.038913604264137897,1.216756158398343,-0.0013259758982036697,0.0015082981683612984,-0.006440397340338383,10.000000003626253,7.924202100084607e-08,0.04992755344959976,0.0,0.0,0.0,0.0,-2.4940650090687922e-08,23.32628602439698,0.38388246297836304,0.11961351335048676,19.107820510864258,0.008329500444233418,0.008570470847189426,1.1349393129348755,22.80108689301037,4.76818854894122,22.894110690729267,True,0.8560064435005188,396.5,209.0,True,OFFBOARD
29.352,TAKEOFF,True,-12.575703817467971,-5.848438378440911,19.388990114471664,0.0450637159282764,0.038665368016659714,1.2138762812568547,-0.0010876123572520601,0.0016261100125043028,-0.00651046839317061,10.000000003626253,7.924202100084607e-08,0.04992755344959976,0.0,0.0,0.0,0.0,-2.4940650090687922e-08,23.32094842434743,0.38669082522392273,0.12117809057235718,19.23342514038086,0.006939996965229511,0.006918147671967745,1.1301885843276978,22.73934291777981,4.751658534441251,22.82722945764324,True,0.8560064435005188,396.5,209.0,True,OFFBOARD
29.452,TAKEOFF,True,-12.571014480131847,-5.844432590461823,19.51519288812914,0.045141908109335584,0.03844436597868445,1.2134037508082967,-0.0014289836684726993,0.0017727841955372105,-0.006546674924858148,10.000000003626253,7.924202100084607e-08,0.04992755344959976,0.0,0.0,0.0,0.0,-2.4940650090687922e-08,23.315404522690987,0.39152538776397705,0.12372978031635284,19.348770141601562,0.008099664933979511,0.0067912982776761055,1.1295346021652222,22.80758999761096,4.7637185218454325,22.891252654984854,True,0.8560064435005188,396.5,209.0,True,OFFBOARD
29.552,TAKEOFF,True,-12.566676977729356,-5.840738271817767,19.631675530154347,0.045163436283412836,0.03851171273238268,1.213259620241153,-0.0013915572096523283,0.001447236849973304,-0.006570437249100135,10.000000003626253,7.924202100084607e-08,0.04992755344959976,0.0,0.0,0.0,0.0,-2.4940650090687922e-08,23.310279587906827,0.39941155910491943,0.12798039615154266,19.473974227905273,0.009256040677428246,0.008615144528448582,1.1293195486068726,22.845827835091736,4.7679664999375,22.920974557775956,True,0.8560064435005188,396.5,209.0,True,OFFBOARD
29.652,TAKEOFF,True,-12.56199951088612,-5.836744173728317,19.757857176288226,0.044722687351684595,0.03819773881770699,1.2135043879065595,-0.0007749726235819216,0.001003230053349888,-0.006581741408180397,10.000000003626253,7.924202100084607e-08,0.04992755344959976,0.0,0.0,0.0,0.0,-2.4940650090687922e-08,23.304750708116124,0.4063384532928467,0.13316680490970612,19.589683532714844,0.009862995706498623,0.010933824814856052,1.1295077800750732,22.875001356500483,4.763126977268209,22.94073546893397,True,0.83802729845047,400.0,224.0,True,OFFBOARD
29.752,TAKEOFF,True,-12.557565057271159,-5.832969427649166,19.879181978236748,0.04394902538526439,0.03721639694128981,1.21261929597746,-5.426013013025373e-05,0.0007269041068608468,-0.006601004212688107,10.000000003626253,7.924202100084607e-08,0.04992755344959976,0.0,0.0,0.0,0.0,-2.4940650090687922e-08,23.29951232847894,0.4138467609882355,0.14030134677886963,19.71639060974121,0.009327092207968235,0.012683079577982426,1.1301393508911133,22.7724310770542,4.732853061062329,22.825376751918004,True,0.83802729845047,400.0,224.0,True,OFFBOARD
29.852,TAKEOFF,True,-12.55338820814822,-5.829469340013894,19.99551872972418,0.04312559991989782,0.03569061077171503,1.2114025083310553,0.00041980385014225423,0.0008180228951545362,-0.006583117016705748,10.000000003626253,7.924202100084607e-08,0.04992755344959976,0.0,0.0,0.0,0.0,-2.4940650090687922e-08,23.294592366921723,0.4189004898071289,0.14537906646728516,19.831445693969727,0.007813772186636925,0.012082548812031746,1.1285514831542969,22.805451491052978,4.733367183604994,22.851855519724836,True,0.83802729845047,400.0,224.0,True,OFFBOARD
29.951999999999998,TAKEOFF,True,-12.5489385681711,-5.825855850493189,20.121510451365808,0.04256104094596324,0.03389011015794013,1.2119170703420152,0.0003930831709778715,0.001281764972514541,-0.006521822878859002,10.000000003626253,7.924202100084607e-08,0.04992755344959976,0.0,0.0,0.0,0.0,-2.4940650090687922e-08,23.289380155528427,0.42277172207832336,0.1496003419160843,19.954734802246094,0.006599981337785721,0.011445969343185425,1.1271637678146362,22.77116691334265,4.721548180435393,22.811257630018293,True,0.83802729845047,400.0,224.0,True,OFFBOARD
30.052,TAKEOFF,True,-12.544689911720464,-5.822552085833818,20.242800623292226,0.042470827325394665,0.03228269792218848,1.2137034413207697,0.000277075242386083,0.0015802373875039289,-0.006473806326749259,10.000000003626253,7.924202100084607e-08,0.04992755344959976,0.0,0.0,0.0,0.0,-2.4940650090687922e-08,23.28444023579191,0.4262970983982086,0.15332016348838806,20.071096420288086,0.006801312789320946,0.012129632756114006,1.130052089691162,22.713959274259217,4.70450232630483,22.74759645203079,True,0.8446069955825806,401.5,238.5,True,OFFBOARD
30.152,TAKEOFF,True,-12.540612142511096,-5.819524100646111,20.359261898044945,0.042461815255532186,0.030856083205119712,1.2118785546063862,0.0003621710596044208,0.0014798608735951872,-0.006452762661311358,10.000000003626253,7.924202100084607e-08,0.04992755344959976,0.0,0.0,0.0,0.0,-2.4940650090687922e-08,23.279734912642308,0.4303581714630127,0.15742386877536774,20.200366973876953,0.006429418455809355,0.013009399175643921,1.1315385103225708,22.863061344738114,4.731950444414091,22.894376275659745,True,0.8446069955825806,401.5,238.5,True,OFFBOARD
30.252,TAKEOFF,True,-12.536201962545169,-5.816403407842962,20.48507243877521,0.04233230774133598,0.029197234710315614,1.2078140634319234,0.0005547523504809159,0.0013499168553568598,-0.006408098950708717,10.000000003626253,7.924202100084607e-08,0.04992755344959976,0.0,0.0,0.0,0.0,-2.4940650090687922e-08,23.274684715042717,0.43303927779197693,0.1604180485010147,20.31721305847168,0.006366619374603033,0.01253601349890232,1.1282973289489746,22.806028090790683,4.713010247413924,22.83148536902862,True,0.8446069955825806,401.5,238.5,True,OFFBOARD
30.352,TAKEOFF,True,-12.531979383832963,-5.813569252602152,20.6057388238947,0.04214997048762963,0.027567609741330254,1.206001536622344,0.000549960939163518,0.0014712857257834224,-0.006407267234401205,10.000000003626253,7.924202100084607e-08,0.04992755344959976,0.0,0.0,0.0,0.0,-2.4940650090687922e-08,23.269887913203323,0.4349989593029022,0.16296854615211487,20.441408157348633,0.004145825281739235,0.012634247541427612,1.1254665851593018,22.812366258125827,4.7150415908670205,22.835672449718874,True,0.8446069955825806,401.5,238.5,True,OFFBOARD
30.452,TAKEOFF,True,-12.527762257957379,-5.810894935087738,20.72636374196908,0.04224334832151959,0.025992683328853645,1.2068752471589754,0.0005384550637716928,0.001779641768984262,-0.006373968176365069,10.000000003626253,7.924202100084607e-08,0.04992755344959976,0.0,0.0,0.0,0.0,-2.4940650090687922e-08,23.265136435920468,0.4381898045539856,0.16609810292720795,20.556011199951172,0.004148621112108231,0.01348140835762024,1.1247384548187256,22.737677535481016,4.70032896956117,22.755799318277116,True,0.8575431704521179,406.0,253.0,True,OFFBOARD
30.552,TAKEOFF,True,-12.523522216329033,-5.808376023391898,20.84710159833475,0.042561464440103336,0.024421014536839574,1.2077512040172638,0.000768214006527191,0.0018722570561078024,-0.006322415228798853,10.000000003626253,7.924202100084607e-08,0.04992755344959976,0.0,0.0,0.0,0.0,-2.4940650090687922e-08,23.260401676292442,0.4433431923389435,0.1704469919204712,20.681110382080078,0.004674718715250492,0.014413634315133095,1.1248949766159058,22.763660954558397,4.697634029198197,22.774810811002244,True,0.8575431704521179,406.0,253.0,True,OFFBOARD
30.652,TAKEOFF,True,-12.519423224205706,-5.806117680711454,20.963093898456655,0.04279716646619955,0.022672805256627144,1.208843528962373,0.0010025098754038414,0.001725415573622728,-0.006342918448188246,10.000000003626253,7.924202100084607e-08,0.04992755344959976,0.0,0.0,0.0,0.0,-2.4940650090687922e-08,23.25586863474819,0.4467925429344177,0.17362944781780243,20.794782638549805,0.00483437767252326,0.014188086614012718,1.1256103515625,22.712572696009573,4.679134923779233,22.717054065591206,True,0.8575431704521179,406.0,253.0,True,OFFBOARD
30.752,TAKEOFF,True,-12.514964578078153,-5.80386503854576,21.088908645354223,0.04291114886387099,0.020741629702458353,1.210663649773896,0.0009727609244999095,0.0015407682964085703,-0.006390176656371248,10.000000003626253,7.924202100084607e-08,0.04992755344959976,0.0,0.0,0.0,0.0,-2.4940650090687922e-08,23.250988805228854,0.4494912028312683,0.17629258334636688,20.917356491088867,0.005053867120295763,0.01206925418227911,1.1266672611236572,22.67814031936116,4.670814024515551,22.67848241243083,True,0.8638226985931396,410.0,269.0,True,OFFBOARD
30.852,TAKEOFF,True,-12.510679093335998,-5.80188092085447,21.210105211444652,0.042778043500309365,0.019055490822628352,1.213244126590136,0.0007716594816427396,0.0014001369124307323,-0.006404136695518515,10.000000003626253,7.924202100084607e-08,0.04992755344959976,0.0,0.0,0.0,0.0,-2.4940650090687922e-08,23.246343724243903,0.45384329557418823,0.1793602555990219,21.032978057861328,0.005832328461110592,0.01215076632797718,1.128952980041504,22.78835752283936,4.688123110889171,22.785071170684425,True,0.8638226985931396,410.0,269.0,True,OFFBOARD
30.951999999999998,TAKEOFF,True,-12.506580218668914,-5.8001224047197395,21.32659505301956,0.04260450587148499,0.01764080458317422,1.2130380665598692,0.0008149090460201993,0.0012691037136523043,-0.006392713336728155,10.000000003626253,7.924202100084607e-08,0.04992755344959976,0.0,0.0,0.0,0.0,-2.4940650090687922e-08,23.241935679533377,0.46072936058044434,0.18358168005943298,21.16039276123047,0.006932227872312069,0.012971289455890656,1.1305437088012695,22.772519765788598,4.6826280300385665,22.760874525052838,True,0.8638226985931396,410.0,269.0,True,OFFBOARD
31.052,TAKEOFF,True,-12.502340297357618,-5.798438904535309,21.447808766605064,0.04216369493931551,0.01606815986828052,1.2115078270036372,0.0010129743752651963,0.0009422630778273135,-0.006371535068102352,10.000000003626253,7.924202100084607e-08,0.04992755344959976,0.0,0.0,0.0,0.0,-2.4940650090687922e-08,23.237409788310565,0.4657926559448242,0.18688726425170898,21.285655975341797,0.007657475769519806,0.012704248540103436,1.1277540922164917,22.79668714226612,4.6814465889319035,22.778716207949135,True,0.8638226985931396,410.0,269.0,True,OFFBOARD
31.152,TAKEOFF,True,-12.498161263614575,-5.79691956557438,21.568947031995357,0.04141715745787917,0.01436777271316393,1.2115872364199924,0.0011899771001265683,0.0007780885671289528,-0.006391050054774241,10.000000003626253,7.924202100084607e-08,0.04992755344959976,0.0,0.0,0.0,0.0,-2.4940650090687922e-08,23.232983832801885,0.469107449054718,0.18932944536209106,21.399572372436523,0.0054958960972726345,0.013599172234535217,1.1268620491027832,22.771860505214754,4.676272154695472,22.749625244405582,True,0.8450496792793274,413.0,280.0,True,OFFBOARD
31.252,TAKEOFF,True,-12.494052672227612,-5.795576489969822,21.69019344244177,0.04085743136957723,0.01254378243921309,1.213520600659603,0.0013994753988372708,0.0012210456583398458,-0.006432471129203313,10.000000003626253,7.924202100084607e-08,0.04992755344959976,0.0,0.0,0.0,0.0,-2.4940650090687922e-08,23.228670077162956,0.472554475069046,0.19125981628894806,21.514148712158203,0.004297303035855293,0.013898652046918869,1.1279761791229248,22.86069951943134,4.685869639786414,22.834853973539744,True,0.8450496792793274,413.0,280.0,True,OFFBOARD
31.352,TAKEOFF,True,-12.489809767261892,-5.794383075869688,21.816452361302215,0.040803470638146676,0.010449197297231436,1.2141192804526038,0.0016557261813839434,0.001580710687475549,-0.0064828016500912975,10.000000003626253,7.924202100084607e-08,0.04992755344959976,0.0,0.0,0.0,0.0,-2.4940650090687922e-08,23.224263598206473,0.4767201244831085,0.19282174110412598,21.639772415161133,0.004115677438676357,0.012881997041404247,1.1297016143798828,22.696294497263324,4.647428820536039,22.66170800137616,True,0.8450496792793274,413.0,280.0,True,OFFBOARD
31.452,TAKEOFF,True,-12.485885424979182,-5.793476881954169,21.932998966487858,0.040977355114928775,0.00857033061567924,1.2140769861851175,0.0013756002040496104,0.0017714141542601548,-0.006514031434624931,10.000000003626253,7.924202100084607e-08,0.04992755344959976,0.0,0.0,0.0,0.0,-2.4940650090687922e-08,23.22023726856126,0.47936514019966125,0.193971186876297,21.75374984741211,0.0036611801479011774,0.01270746998488903,1.1292853355407715,22.805957394944322,4.662882397821747,22.769450786545953,True,0.8450496792793274,413.0,280.0,True,OFFBOARD
31.552,TAKEOFF,True,-12.481771402605967,-5.7927060210370325,22.054460832131923,0.041292159935535436,0.006946307711984817,1.215399300951885,0.0012177187684343327,0.0018035265818510296,-0.0065653495830301336,10.000000003626253,7.924202100084607e-08,0.04992755344959976,0.0,0.0,0.0,0.0,-2.4940650090687922e-08,23.216061025210344,0.48129940032958984,0.19503310322761536,21.876436233520508,0.0033610134851187468,0.012019984424114227,1.1298303604125977,22.73615438006068,4.651194629251048,22.6966064801519,True,0.8466076254844666,417.0,295.5,True,OFFBOARD
31.652,TAKEOFF,True,-12.477626763639917,-5.792086500117667,22.17610954671232,0.04158704978141685,0.005547481100818182,1.2176123745915444,0.001012848858737997,0.001793089655318943,-0.006619033876687766,10.000000003626253,7.924202100084607e-08,0.04992755344959976,0.0,0.0,0.0,0.0,-2.4940650090687922e-08,23.21189290065158,0.4852517247200012,0.1968846619129181,21.991790771484375,0.003730913158506155,0.012127773836255074,1.1317039728164673,22.665862612439863,4.639056814138005,22.621060823543203,True,0.8466076254844666,417.0,295.5,True,OFFBOARD
31.752,TAKEOFF,True,-12.473287447168506,-5.791577224100934,22.302757118347877,0.041813911003219635,0.004299863547834035,1.2173350608434628,0.001067794366189915,0.0015641885394747095,-0.006690583907110367,10.000000003626253,7.924202100084607e-08,0.04992755344959976,0.0,0.0,0.0,0.0,-2.4940650090687922e-08,23.207563777929092,0.4920690953731537,0.19983957707881927,22.118671417236328,0.006329833995550871,0.013102906756103039,1.1328721046447754,22.75632583617776,4.660111741584284,22.70663242319137,True,0.8466076254844666,417.0,295.5,True,OFFBOARD
31.852,TAKEOFF,True,-12.469280060304918,-5.791230627006677,22.41954827633132,0.04158723135590433,0.0029126029218888134,1.2159901247432923,0.0015082056541374448,0.0010078847690710283,-0.006701920495890948,10.000000003626253,7.924202100084607e-08,0.04992755344959976,0.0,0.0,0.0,0.0,-2.4940650090687922e-08,23.20359669715824,0.4967283010482788,0.20215526223182678,22.233856201171875,0.00648743798956275,0.013944222591817379,1.131571650505066,22.861602636506824,4.6737558603811555,22.80751665460801,True,0.8635522723197937,418.5,307.5,True,OFFBOARD
31.951999999999998,TAKEOFF,True,-12.465154745722359,-5.791030953213728,22.541137378423937,0.04091463677273423,0.001109504169394968,1.216171517468005,0.0018079894477271905,0.0008218482949187196,-0.006679311678089854,10.000000003626253,7.924202100084607e-08,0.04992755344959976,0.0,0.0,0.0,0.0,-2.4940650090687922e-08,23.19955211488028,0.5003119111061096,0.2042628973722458,22.356678009033203,0.005073752254247665,0.013676873408257961,1.130379319190979,22.796958756908932,4.660820499502464,22.737664045093847,True,0.8635522723197937,418.5,307.5,True,OFFBOARD
32.052,TAKEOFF,True,-12.460934247098784,-5.791020758261133,22.66773808941197,0.04032547901984308,-0.0008092228729485447,1.2185079639573857,0.001693822075379734,0.00110812695108177,-0.00665903171197264,10.000000003626253,7.924202100084607e-08,0.04992755344959976,0.0,0.0,0.0,0.0,-2.4940650090687922e-08,23.19546269760077,0.5046906471252441,0.20547834038734436,22.471452713012695,0.0041338298469781876,0.012526570819318295,1.1315107345581055,22.668721982960264,4.638439715722127,22.602996075987065,True,0.8635522723197937,418.5,307.5,True,OFFBOARD
32.152,TAKEOFF,True,-12.457076226657058,-5.791175552377112,22.784769736583232,0.04009572903649473,-0.0022950362217436706,1.219183757151383,0.0014203018042569775,0.001295072316757253,-0.0066480848234179695,10.000000003626253,7.924202100084607e-08,0.04992755344959976,0.0,0.0,0.0,0.0,-2.4940650090687922e-08,23.19176552160303,0.5108652114868164,0.20610955357551575,22.59835433959961,0.005916096735745668,0.012959071435034275,1.133189082145691,22.67893090414136,4.637870008978181,22.606716641032115,True,0.8635522723197937,418.5,307.5,True,OFFBOARD
32.252,TAKEOFF,True,-12.453078749027638,-5.791475129267649,22.90663630564913,0.03981543190597651,-0.003647068142428752,1.218272245645551,0.0015201906810872977,0.0010348025441428224,-0.006669532971741484,10.000000003626253,7.924202100084607e-08,0.04992755344959976,0.0,0.0,0.0,0.0,-2.4940650090687922e-08,23.187969522225522,0.5150694251060486,0.20686078071594238,22.714109420776367,0.006146621890366077,0.014181169681251049,1.1314717531204224,22.831713823486165,4.6674891494626145,22.75807159334504,True,0.8656262159347534,420.5,319.5,True,OFFBOARD
32.352,TAKEOFF,True,-12.449121840310491,-5.791918618987895,23.02846103005563,0.039325768164298815,-0.005206118288097158,1.2184600375292414,0.001866102900288855,0.0008902778785056191,-0.006744274721359654,10.000000003626253,7.924202100084607e-08,0.04992755344959976,0.0,0.0,0.0,0.0,-2.4940650090687922e-08,23.184248829125846,0.5183188319206238,0.2078288048505783,22.837366104125977,0.005185042507946491,0.015251059085130692,1.1307594776153564,22.704785096999306,4.640608566342607,22.624960149033804,True,0.8656262159347534,420.5,319.5,True,OFFBOARD
32.452,TAKEOFF,True,-12.445219164911075,-5.7925326669979205,23.150391074522737,0.0387782722165218,-0.0070424340256970445,1.220250869676397,0.0021972421049695763,0.0010329838915007015,-0.006787554669726564,10.000000003626253,7.924202100084607e-08,0.04992755344959976,0.0,0.0,0.0,0.0,-2.4940650090687922e-08,23.180623355292614,0.5237104296684265,0.20836904644966125,22.963224411010742,0.006103206425905228,0.01549767516553402,1.1328705549240112,22.787646884124328,4.656068143765237,22.703851957505186,True,0.8656262159347534,420.5,319.5,True,OFFBOARD
32.552,TAKEOFF,True,-12.441358980892707,-5.79334426396831,23.272414844653593,0.03843876633232401,-0.00912067877861258,1.2196163460766563,0.002352210838784513,0.0010089698871949926,-0.00681967656463682,10.000000003626253,7.924202100084607e-08,0.04992755344959976,0.0,0.0,0.0,0.0,-2.4940650090687922e-08,23.177088508936084,0.5304155349731445,0.20851272344589233,23.080520629882812,0.007807803340256214,0.01433712337166071,1.1336045265197754,22.661026437792774,4.634931248600489,22.568941488067864,True,0.8656262159347534,420.5,319.5,True,OFFBOARD
32.652,TAKEOFF,True,-12.437393743617118,-5.7944038323479035,23.399136926872178,0.03773231637496758,-0.011111001054648767,1.2175872063095323,0.002050633649425414,0.0003819827474440806,-0.00677947762180516,10.000000003626253,7.924202100084607e-08,0.04992755344959976,0.0,0.0,0.0,0.0,-2.4940650090687922e-08,23.17351408093914,0.5354282855987549,0.20877128839492798,23.195858001708984,0.007664977107197046,0.01365854311734438,1.131173014640808,22.74851964029605,4.649416830922263,22.65261045368713,True,0.8791792392730713,422.5,328.5,True,OFFBOARD
32.752,TAKEOFF,True,-12.433681184863856,-5.795596430624768,23.52087965280652,0.036515769238556615,-0.012625743670921672,1.2175748209217414,0.001829547590134983,2.227708483225977e-05,-0.006719620845074081,10.000000003626253,7.924202100084607e-08,0.04992755344959976,0.0,0.0,0.0,0.0,-2.4940650090687922e-08,23.170217749775144,0.5393936038017273,0.20927071571350098,23.319231033325195,0.007686130702495575,0.014013943262398243,1.1296262741088867,22.761128862264567,4.648741217078287,22.660856476084454,True,0.8791792392730713,422.5,328.5,True,OFFBOARD
32.852,TAKEOFF,True,-12.430101480583149,-5.7969341394749945,23.642596598604506,0.03513617362951696,-0.014091278075359412,1.2130955557203267,0.0020454081756686995,-1.4461824230010176e-06,-0.0067210496449699566,10.000000003626253,7.924202100084607e-08,0.04992755344959976,0.0,0.0,0.0,0.0,-2.4940650090687922e-08,23.167086543803155,0.5440273284912109,0.20864015817642212,23.435333251953125,0.007322927005589008,0.014303562231361866,1.1286628246307373,22.70510239034131,4.63562103573528,22.59892492104937,True,0.8791792392730713,422.5,328.5,True,OFFBOARD
32.952,TAKEOFF,True,-12.426785678025466,-5.798360924854382,23.7571615939784,0.034046358284818806,-0.015578000481522011,1.1684521634488116,0.002194803621642925,0.00028099055681022505,-0.006725520047436036,10.000000003626253,7.924202100084607e-08,0.04992755344959976,0.0,0.0,0.0,0.0,-2.4940650090687922e-08,23.164233342473572,0.5502121448516846,0.2066689133644104,23.562612533569336,0.006464000325649977,0.012831542640924454,1.0927324295043945,22.727855870196837,4.639147116078684,22.616249561452015,True,0.8911681175231934,427.5,353.5,True,OFFBOARD
33.004,TAKEOFF,True,-12.425028983289826,-5.799192756222788,23.816913994157186,0.033562226161172964,-0.01633862693434503,1.1313409323213675,0.002030843732995857,0.00033829448499516116,-0.006696174692174513,10.000000003626253,7.924202100084607e-08,0.04992755344959976,0.0,0.0,0.0,0.0,-2.4940650090687922e-08,23.162740826744418,0.5517095327377319,0.20620545744895935,23.600292205810547,0.005673881620168686,0.012115934863686562,1.072402000427246,22.681235339123894,4.626593102452583,22.566695357265136,True,0.8911681175231934,427.5,353.5,True,OFFBOARD
33.1,TAKEOFF,True,-12.421715885045732,-5.8008871795834525,23.92575082787638,0.032778076897780326,-0.017419754680561117,1.0479467677573382,0.0015458816083517987,0.0006187627528109658,-0.006646927916686308,10.000000003626253,7.924202100084607e-08,0.04992755344959976,0.0,0.0,0.0,0.0,-2.4940650090687922e-08,23.15995760751581,0.5553763508796692,0.20504240691661835,23.716360092163086,0.0016579082002863288,0.010502501390874386,0.9898483753204346,22.615262449804057,4.610390833452469,22.49545886299498,True,0.8911681175231934,427.5,353.5,True,OFFBOARD
33.152,TAKEOFF,True,-12.420149063082883,-5.801732960319164,23.975001614984958,0.03254792532312382,-0.017776912128017727,1.0080762310164968,0.0013510926492725141,0.0009211928607447495,-0.00663379155166665,10.000000003626253,7.924202100084607e-08,0.04992755344959976,0.0,0.0,0.0,0.0,-2.4940650090687922e-08,23.158652604065605,0.5568273663520813,0.20455700159072876,23.782997131347656,-4.19991192757152e-05,0.009234465658664703,0.9366769194602966,22.75268163310883,4.636391461957134,22.63398116362199,True,0.8911681175231934,427.5,353.5,True,OFFBOARD
33.252,TAKEOFF,True,-12.416768081444054,-5.803609691220401,24.075273676954605,0.032586066686221965,-0.01822643516555605,0.9238642505061552,0.000991997974280331,0.0016302518786796144,-0.006660974207112728,10.000000003626253,7.924202100084607e-08,0.04992755344959976,0.0,0.0,0.0,0.0,-2.4940650090687922e-08,23.155849752225325,0.5596911311149597,0.2028951197862625,23.878372192382812,-0.0013522458029910922,0.008946945890784264,0.859734058380127,22.638296223617633,4.616004027996646,22.515335508635236,True,0.8911681175231934,427.5,353.5,True,OFFBOARD
33.352,TAKEOFF,True,-12.413485542781572,-5.8054491436428135,24.16360147295717,0.033065707435989765,-0.018566138378535064,0.8466563956606615,0.0010910489611352656,0.0017676538826169451,-0.0066965917815355585,10.000000003626253,7.924202100084607e-08,0.04992755344959976,0.0,0.0,0.0,0.0,-2.4940650090687922e-08,23.15313315770733,0.563564658164978,0.2001795619726181,23.9748477935791,-0.0012403607834130526,0.007949779741466045,0.7802398800849915,22.755123295531693,4.637734049615581,22.630889611026905,True,0.8863934874534607,429.5,360.0,True,OFFBOARD
33.452,TAKEOFF,True,-12.410157092381263,-5.807323064913748,24.244456999481436,0.03346252240292767,-0.01886746697874141,0.7733503072956062,0.0009364538477777183,0.0016179386010291218,-0.006684145876294438,10.000000003626253,7.924202100084607e-08,0.04992755344959976,0.0,0.0,0.0,0.0,-2.4940650090687922e-08,23.15038105881593,0.5659157633781433,0.19842149317264557,24.05477523803711,-0.001470736926421523,0.006652817130088806,0.7114021182060242,22.656411982778405,4.621807375712702,22.529011649097967,True,0.8863934874534607,429.5,360.0,True,OFFBOARD
33.552,TAKEOFF,True,-12.406932041813896,-5.809141861242125,24.315406325424778,0.03370068635972579,-0.01898095850336879,0.709503961445434,0.0006858129776276624,0.0015491715571343532,-0.0066513868917065745,10.000000003626253,7.924202100084607e-08,0.04992755344959976,0.0,0.0,0.0,0.0,-2.4940650090687922e-08,23.147715519542412,0.5673502683639526,0.1970861554145813,24.13204574584961,-0.00354954251088202,0.006319445092231035,0.6406823992729187,22.604509495155487,4.610108033853567,22.474677948449994,True,0.8863934874534607,429.5,360.0,True,OFFBOARD
33.652,TAKEOFF,True,-12.403409982920566,-5.811112192993429,24.386098468436078,0.03405114051761481,-0.018917881537156726,0.653479902604443,0.0006921230757425488,0.0017688406829162566,-0.006598265174905967,10.000000003626253,7.924202100084607e-08,0.04992755344959976,0.0,0.0,0.0,0.0,-2.4940650090687922e-08,23.144800817156135,0.5714685916900635,0.19517382979393005,24.20538330078125,-0.0035249688662588596,0.0065210964530706406,0.5835254788398743,22.65623957092886,4.615663583744702,22.522829282090918,True,0.8863934874534607,429.5,360.0,True,OFFBOARD
33.752,TAKEOFF,True,-12.400116712380022,-5.812930253635831,24.44641886803062,0.034547656271086795,-0.018993387864107286,0.6052164265427562,0.0009249671976895056,0.0018197373384462674,-0.00661152375121401,10.000000003626253,7.924202100084607e-08,0.04992755344959976,0.0,0.0,0.0,0.0,-2.4940650090687922e-08,23.14206965562059,0.5773360729217529,0.1929474174976349,24.269914627075195,-0.0016330357175320387,0.005995415151119232,0.536807656288147,22.72113982387404,4.624071060217186,22.582801006468546,True,0.8813616633415222,430.0,367.0,True,OFFBOARD
33.852,TAKEOFF,True,-12.396642788487053,-5.8148421834006605,24.504394919819113,0.034842100415294584,-0.019238104086186626,0.5567795375592568,0.0009417414443588921,0.0013697751820240165,-0.00665786431465359,10.000000003626253,7.924202100084607e-08,0.04992755344959976,0.0,0.0,0.0,0.0,-2.4940650090687922e-08,23.13918751592061,0.5815285444259644,0.19136901199817657,24.328271865844727,-0.0015756275970488787,0.005730048753321171,0.49118226766586304,22.66749111762749,4.616376203073402,22.52488471504185,True,0.8813616633415222,430.0,367.0,True,OFFBOARD
33.952,TAKEOFF,True,-12.393022418915816,-5.816852238410831,24.55981817635491,0.034751719309619546,-0.019397715075299908,0.5120635817694641,0.0008832718182335054,0.0011815901977826249,-0.0066535440040880545,10.000000003626253,7.924202100084607e-08,0.04992755344959976,0.0,0.0,0.0,0.0,-2.4940650090687922e-08,23.136188625222072,0.5845255851745605,0.1903364062309265,24.38477897644043,-0.00215421081520617,0.006476328708231449,0.44578322768211365,22.577006495133183,4.598447921825459,22.429905566203608,True,0.8813616633415222,430.0,367.0,True,OFFBOARD
34.052,TAKEOFF,True,-12.389551333814502,-5.81880140024365,24.609051619692547,0.034713735442255186,-0.01960237573320316,0.4746764478581281,0.0010456720399756687,0.0014602958804014474,-0.00666195129140642,10.000000003626253,7.924202100084607e-08,0.04992755344959976,0.0,0.0,0.0,0.0,-2.4940650090687922e-08,23.133319254909352,0.5890151262283325,0.18877732753753662,24.432506561279297,-0.001969224540516734,0.006863174960017204,0.4109194874763489,22.770327673430526,4.632093605910004,22.621973518380734,True,0.8813616633415222,430.0,367.0,True,OFFBOARD
34.152,TAKEOFF,True,-12.38606698081096,-5.820780900521516,24.65471750962444,0.03499635886658467,-0.019994147112458817,0.44056116528334066,0.001181214439491075,0.0016850898186719706,-0.006617698429385633,10.000000003626253,7.924202100084607e-08,0.04992755344959976,0.0,0.0,0.0,0.0,-2.4940650090687922e-08,23.13044500752389,0.595998227596283,0.1863083690404892,24.480363845825195,-0.0012605426600202918,0.006483704317361116,0.376111775636673,22.69436377261716,4.610656199066447,22.536916680913144,True,0.889784574508667,432.0,377.5,True,OFFBOARD
34.252,TAKEOFF,True,-12.382550592762636,-5.822801759219989,24.697081963665095,0.035289008568229537,-0.020394209884024295,0.40853674787315153,0.001100423734354801,0.001499187982349544,-0.006577859138516689,10.000000003626253,7.924202100084607e-08,0.04992755344959976,0.0,0.0,0.0,0.0,-2.4940650090687922e-08,23.12755050691502,0.6018967032432556,0.18434834480285645,24.521745681762695,0.00015361711848527193,0.0061837355606257915,0.346562922000885,22.81584221118749,4.64181642549235,22.6567516806863,True,0.889784574508667,432.0,377.5,True,OFFBOARD
34.352,TAKEOFF,True,-12.379020297773874,-5.824855733755255,24.73639198245048,0.035229927773029114,-0.020653014784278233,0.3790234391086214,0.000985939985968378,0.000930314815000623,-0.006543072687332774,10.000000003626253,7.924202100084607e-08,0.04992755344959976,0.0,0.0,0.0,0.0,-2.4940650090687922e-08,23.124651238293026,0.6082689762115479,0.1824362725019455,24.5649471282959,0.0010958040365949273,0.00652563851326704,0.317645788192749,22.731459797798188,4.626327395370815,22.565100053849708,True,0.889784574508667,432.0,377.5,True,OFFBOARD
34.452,TAKEOFF,True,-12.37552636337333,-5.826931898148062,24.772824032092153,0.034615141184136805,-0.02086905409804488,0.3507369578889019,0.0010368657675281319,0.0005545564335841191,-0.006506335934709094,10.000000003626253,7.924202100084607e-08,0.04992755344959976,0.0,0.0,0.0,0.0,-2.4940650090687922e-08,23.121793106708328,0.612346887588501,0.18133747577667236,24.600513458251953,0.0008534470689482987,0.005997993517667055,0.2913971543312073,22.70905024559087,4.6212505412626985,22.538347927934442,True,0.889784574508667,432.0,377.5,True,OFFBOARD
34.552,TAKEOFF,True,-12.37223790390963,-5.828946239210316,24.80521814579103,0.03393863650899878,-0.021073161499532103,0.32589864178913563,0.0009605513232733051,0.0006726293333318038,-0.006475336926854593,10.000000003626253,7.924202100084607e-08,0.04992755344959976,0.0,0.0,0.0,0.0,-2.4940650090687922e-08,23.119118585594578,0.6152113676071167,0.180666983127594,24.635005950927734,-0.0014327691169455647,0.006539872847497463,0.26409009099006653,22.6514237839272,4.606901393057627,22.476347761787903,True,0.8875545263290405,432.5,385.0,True,OFFBOARD
34.652,TAKEOFF,True,-12.368729028691455,-5.831147848833201,24.837826841478698,0.033679194398995006,-0.021287029786604083,0.3024286171061848,0.0011079298473855353,0.0013956833330750877,-0.0064500125272739075,10.000000003626253,7.924202100084607e-08,0.04992755344959976,0.0,0.0,0.0,0.0,-2.4940650090687922e-08,23.116278348392267,0.6197097301483154,0.17870374023914337,24.668346405029297,-0.0013954188907518983,0.006079663056880236,0.24235720932483673,22.699748387823384,4.6151685127528586,22.521330484724487,True,0.8875545263290405,432.5,385.0,True,OFFBOARD
34.752,TAKEOFF,True,-12.365484040373445,-5.833206807320086,24.86579255775224,0.033944843980256614,-0.021586889011530885,0.2808429880682136,0.0010403237502153444,0.0015944209748811138,-0.006429282168289785,10.000000003626253,7.924202100084607e-08,0.04992755344959976,0.0,0.0,0.0,0.0,-2.4940650090687922e-08,23.11365784777132,0.625224769115448,0.17581257224082947,24.698143005371094,-0.0005131256766617298,0.00423442805185914,0.22341571748256683,22.77540280269412,4.627649939575803,22.59312379606749,True,0.8875545263290405,432.5,385.0,True,OFFBOARD
34.852,TAKEOFF,True,-12.361942313645057,-5.835456757074241,24.893743963630552,0.03408521797981394,-0.021597019682715605,0.2577251387414592,0.0005685163999609351,0.0011853329155726178,-0.006462389323427411,10.000000003626253,7.924202100084607e-08,0.04992755344959976,0.0,0.0,0.0,0.0,-2.4940650090687922e-08,23.110798789515684,0.629098117351532,0.17368058860301971,24.724611282348633,-0.0005656236317008734,0.0027903770096600056,0.20278887450695038,22.804265409352226,4.639091157467748,22.620299201751205,True,0.8802431225776672,433.5,388.0,True,OFFBOARD
34.952,TAKEOFF,True,-12.358678363332215,-5.837513955774562,24.917532111865366,0.033895007194221005,-0.021227856150306836,0.23905375040951538,0.0002231768467880294,0.0010199820668882814,-0.006492133093831052,10.000000003626253,7.924202100084607e-08,0.04992755344959976,0.0,0.0,0.0,0.0,-2.4940650090687922e-08,23.108160212922883,0.6318311095237732,0.1720273792743683,24.75031852722168,-0.0013834238052368164,0.0023873585741966963,0.1826084405183792,22.755704712909935,4.626067845852366,22.56777037495112,True,0.8802431225776672,433.5,388.0,True,OFFBOARD
35.052,TRANSIT,True,-12.355164029769353,-5.839688793724843,24.941474636889435,0.03373561803260362,-0.020640536115762134,0.22488203708230214,0.000605054830741796,0.0004090430123031905,-0.006453478199762997,10.000000003626253,7.924202100084607e-08,0.04992755344959976,0.0,0.0,0.0,0.0,-2.4940650090687922e-08,23.1053094567694,0.6349603533744812,0.1697200983762741,24.772085189819336,-0.00219752942211926,0.00328733935020864,0.16617701947689056,22.636771053942336,4.5970272861674095,22.44283233102919,True,0.8802431225776672,433.5,388.0,True,OFFBOARD
35.152,TRANSIT,True,-12.352229824390788,-5.841879559040834,24.963802872310332,0.019410895563273974,-0.024978643936811318,0.2192968077191073,0.012571126723244055,-0.03610862686807998,-0.00632928790001619,10.000000003626253,7.924202100084607e-08,0.04992755344959976,0.0,0.0,0.0,0.0,-2.4940650090687922e-08,23.10302439060043,0.6390645503997803,0.1662246435880661,24.795852661132812,-0.010755962692201138,0.00019498704932630062,0.16417723894119263,22.51973849462733,4.552562002046398,22.315999813492684,True,0.8802431225776672,433.5,388.0,True,OFFBOARD
35.252,TRANSIT,True,-12.35267383963665,-5.844969964515389,24.98398050873357,-0.031762525832862126,-0.040145422424155384,0.20031871565687395,0.02202794594495142,-0.0709685752135193,-0.006605347930655713,10.000000003626253,7.924202100084607e-08,0.04992755344959976,0.0,0.0,0.0,0.0,-2.4940650090687922e-08,23.104235602064634,0.6401589512825012,0.16335353255271912,24.818317413330078,-0.055979933589696884,-0.011605598032474518,0.14753152430057526,22.349931011634908,4.509628022968744,22.14055791660407,True,0.8827882409095764,433.5,394.5,True,OFFBOARD
35.352,TRANSIT,True,-12.359538397089795,-5.8500200805698,25.002784593494795,-0.10315773326994584,-0.06001567018428347,0.17709193554433297,0.02237704561864096,-0.07617319408129956,-0.006592478138365497,10.000000003626253,7.924202100084607e-08,0.04992755344959976,0.0,0.0,0.0,0.0,-2.4940650090687922e-08,23.112154667258967,0.635152280330658,0.15953001379966736,24.842214584350586,-0.12856726348400116,-0.02982703410089016,0.12567628920078278,22.539458844428864,4.566323785423732,22.343197564350998,True,0.8827882409095764,433.5,394.5,True,OFFBOARD
35.452,TRANSIT,True,-12.373261006766874,-5.856933940286504,25.01944111606141,-0.16585263512957696,-0.07671711689622605,0.1572648797469593,0.01747020237000492,-0.060540640129818836,-0.0062254400402558365,10.000000003626253,7.924202100084607e-08,0.04992755344959976,0.0,0.0,0.0,0.0,-2.4940650090687922e-08,23.12718063985076,0.6224935054779053,0.15492728352546692,24.861234664916992,-0.19203293323516846,-0.04366182163357735,0.10749871283769608,22.850355845499323,4.634280261536921,22.674709861618133,True,0.8827882409095764,433.5,394.5,True,OFFBOARD
35.552,TRANSIT,True,-12.392257035381288,-5.865233187381062,25.034302088794213,-0.20914316878376585,-0.08796009832465143,0.14124048793000032,0.012538204517150557,-0.04261391797425494,-0.005886510776257636,10.000000003626253,7.924202100084607e-08,0.04992755344959976,0.0,0.0,0.0,0.0,-2.4940650090687922e-08,23.14765941888909,0.6017670035362244,0.14914947748184204,24.8784236907959,-0.24151203036308289,-0.053215883672237396,0.09109078347682953,22.8987335674546,4.637185812685407,22.744168221735464,True,0.8896429538726807,433.5,395.5,True,OFFBOARD
35.652,TRANSIT,True,-12.41470078220784,-5.874426763906223,25.047728528317535,-0.23661923690297484,-0.0951140331347818,0.12815175072299834,0.009565014670964567,-0.03129253733022767,-0.005705620594241439,10.000000003626253,7.924202100084607e-08,0.04992755344959976,0.0,0.0,0.0,0.0,-2.4940650090687922e-08,23.17170045667715,0.5803307890892029,0.1417131870985031,24.892976760864258,-0.270929753780365,-0.060080789029598236,0.07925987243652344,22.85871266606678,4.6232101380307835,22.724658720818194,True,0.8896429538726807,433.5,395.5,True,OFFBOARD
35.752,TRANSIT,True,-12.440408446551764,-5.884596005552626,25.06041026306683,-0.2559986997163545,-0.09985682093684457,0.11643272348277653,0.007292994796412638,-0.02596167784103834,-0.005580397439497684,10.000000003626253,7.924202100084607e-08,0.04992755344959976,0.0,0.0,0.0,0.0,-2.4940650090687922e-08,23.19914658973475,0.5563216209411621,0.13159343600273132,24.907691955566406,-0.28967779874801636,-0.06532426178455353,0.06925704330205917,22.730736970955583,4.604075963321986,22.620959220867075,True,0.8896429538726807,433.5,395.5,True,OFFBOARD
35.852,TRANSIT,True,-12.466786587485768,-5.8947235740852095,25.071519714875837,-0.27048028907846416,-0.10228998885763446,0.10633843952423737,0.005445360937219843,-0.02333778923945336,-0.005579670254235545,10.000000003626253,7.924202100084607e-08,0.04992755344959976,0.0,0.0,0.0,0.0,-2.4940650090687922e-08,23.227231145353212,0.5310995578765869,0.12278201431035995,24.919498443603516,-0.30428045988082886,-0.06832077354192734,0.05956181138753891,22.884670034111444,4.645831643719424,22.806579993197055,True,0.8896429538726807,433.5,395.5,True,OFFBOARD
35.952,TRANSIT,True,-12.494453065726093,-5.90500057778645,25.08168489549239,-0.2817730573660163,-0.10295481764533895,0.09750525175627982,0.003825029126515,-0.019911833341401536,-0.005590013122566774,10.000000003626253,7.924202100084607e-08,0.04992755344959976,0.0,0.0,0.0,0.0,-2.4940650090687922e-08,23.256600173903358,0.5010764598846436,0.11386356502771378,24.93025016784668,-0.3169144093990326,-0.06858368217945099,0.05032751336693764,22.86722946128611,4.645292546362245,22.820575117533263,True,0.8888105154037476,441.5,434.5,True,OFFBOARD
36.052,TRANSIT,True,-12.523035700688508,-5.915268524277564,25.09105386024573,-0.28882598053444325,-0.10222773106477213,0.09025013849706891,0.002538453478270007,-0.015434135657306253,-0.005586723238625778,10.000000003626253,7.924202100084607e-08,0.04992755344959976,0.0,0.0,0.0,0.0,-2.4940650090687922e-08,23.286853372442188,0.47425374388694763,0.10575073957443237,24.941102981567383,-0.3233254551887512,-0.06686484813690186,0.044350117444992065,22.762948455416993,4.615082434658804,22.740272300042495,True,0.8888105154037476,441.5,434.5,True,OFFBOARD
36.152,TRANSIT,True,-12.550915968455875,-5.92500722968411,25.09936274047487,-0.2912394012128977,-0.1006086036094373,0.08291329818434627,0.0016825964755894677,-0.011245434555601952,-0.005612952785930106,10.000000003626253,7.924202100084607e-08,0.04992755344959976,0.0,0.0,0.0,0.0,-2.4940650090687922e-08,23.31629307567429,0.44675275683403015,0.09701001644134521,24.953933715820312,-0.3263797163963318,-0.06596571207046509,0.03840954974293709,22.760010412620318,4.603753882368451,22.763835517912554,True,0.8888105154037476,441.5,434.5,True,OFFBOARD
36.252,ACQUIRE,True,-12.579998251516406,-5.93494773757192,25.10715846054786,-0.2898615708401162,-0.0981681971756142,0.06450804603293796,0.0006344009341940373,-0.007612891674147725,-0.005678303438352764,10.000000003626253,7.924202100084607e-08,0.04992755344959976,0.0,0.0,0.0,0.0,-2.4940650090687922e-08,23.346946840873006,0.4206484854221344,0.0885777473449707,24.965360641479492,-0.32505059242248535,-0.06495039910078049,0.03152592480182648,22.749077502181375,4.599465119156304,22.77952693182242,True,0.8888105154037476,441.5,434.5,True,OFFBOARD
36.352,ACQUIRE,True,-12.6098503813433,-5.94497400083166,25.091009425209542,-0.2829720784756615,-0.09395851100091314,-0.383967710745541,-0.009734479521055866,0.009309867052352407,-0.005678776842215152,10.000000003626253,7.924202100084607e-08,0.04992755344959976,0.0,0.0,0.0,0.0,-2.4940650090687922e-08,23.378367163757524,0.3922262191772461,0.07877162843942642,24.96253204345703,-0.3254674971103668,-0.0694769024848938,-0.3377602994441986,22.77251880782036,4.620713184852589,22.836521833570604,True,0.8938145637512207,446.5,464.0,True,OFFBOARD
36.452,ACQUIRE,True,-12.636083291473588,-5.953427053433645,25.03740015593663,-0.2608459043678892,-0.0805662762839112,-0.6886317712773683,-0.025319061573647012,0.03643698172988161,-0.005874651739967896,10.000000003626253,7.924202100084607e-08,0.04992755344959976,0.0,0.0,0.0,0.0,-2.4940650090687922e-08,23.405887327054636,0.3646729588508606,0.070274218916893,24.918201446533203,-0.31423330307006836,-0.06646209955215454,-0.6803023815155029,22.957568753717748,4.7052966169343415,23.063442349914663,True,0.8938145637512207,446.5,464.0,True,OFFBOARD
36.552,ACQUIRE,True,-12.660786599849825,-5.960396853049956,24.955944870939994,-0.21234038861225532,-0.05271611863695514,-0.8496811875559587,-0.034657726566779026,0.056992902217863725,-0.006156295484428841,10.000000003626253,7.924202100084607e-08,0.04992755344959976,0.0,0.0,0.0,0.0,-2.4940650090687922e-08,23.43155097467422,0.3362410366535187,0.06292387843132019,24.841962814331055,-0.2730928957462311,-0.04620598629117012,-0.8673486709594727,22.88272912664734,4.675864169642747,23.013546952230445,True,0.8938145637512207,446.5,464.0,True,OFFBOARD
36.652,ACQUIRE,True,-12.678915510708624,-5.96399946821688,24.867239345084183,-0.15121506965956488,-0.020405785699736233,-0.9111547560667188,-0.03525124640715605,0.06551367427404257,-0.0062346337153380855,10.000000003626253,7.924202100084607e-08,0.04992755344959976,0.0,0.0,0.0,0.0,-2.4940650090687922e-08,23.449999989518744,0.3154587745666504,0.05799504369497299,24.762035369873047,-0.21693524718284607,-0.020900869742035866,-0.9388686418533325,22.703022483332386,4.596754415023325,22.843015244158675,True,0.8630349040031433,437.5,427.0,True,OFFBOARD
36.752,ACQUIRE,True,-12.69011994174202,-5.964385842778537,24.7786203186541,-0.08301134530685268,0.011196054017683536,-0.9302622167039072,-0.03682018926724142,0.0801261980485327,-0.0065075997276334485,10.000000003626253,7.924202100084607e-08,0.04992755344959976,0.0,0.0,0.0,0.0,-2.4940650090687922e-08,23.4609343923467,0.30050674080848694,0.054926540702581406,24.6729793548584,-0.1449250727891922,0.008052335120737553,-0.9630006551742554,22.727550684307246,4.5802491747328435,22.87904816607743,True,0.8630349040031433,437.5,427.0,True,OFFBOARD
36.852,ACQUIRE,True,-12.694039145014388,-5.961466862859782,24.685367505447633,0.004340322687708369,0.04634049181484702,-0.9325355145664189,-0.04138420334932848,0.10243511762770917,-0.006893325712204575,10.000000003626253,7.924202100084607e-08,0.04992755344959976,0.0,0.0,0.0,0.0,-2.4940650090687922e-08,23.463983058760647,0.292817622423172,0.055514223873615265,24.587177276611328,-0.06255285441875458,0.03627592697739601,-0.9667279124259949,22.85783468686384,4.610307322950417,23.020124571641574,True,0.8630349040031433,437.5,427.0,True,OFFBOARD
36.952,ACQUIRE,True,-12.688196203876728,-5.9548384537432755,24.592411229288167,0.11148607097971891,0.08531545592489785,-0.926142903222535,-0.046765101142026394,0.1259654309342389,-0.007303915083446299,10.000000003626253,7.924202100084607e-08,0.04992755344959976,0.0,0.0,0.0,0.0,-2.4940650090687922e-08,23.456648292202345,0.293388307094574,0.05997996777296066,24.492813110351562,0.04582871124148369,0.07114095985889435,-0.9599368572235107,27.37202520413776,5.5264394845922675,27.624893770853365,True,0.8630349040031433,437.5,427.0,True,OFFBOARD
37.052,ACQUIRE,True,-12.66976686939213,-5.943631915983597,24.49655409702272,0.2401853989158344,0.128762225745808,-0.9174045156365268,-0.04977917267319766,0.1436083967833159,-0.007545515779602843,10.000000003626253,7.924202100084607e-08,0.04992755344959976,0.0,0.0,0.0,0.0,-2.4940650090687922e-08,23.435978566547444,0.3051573932170868,0.0669601783156395,24.406208038330078,0.16480055451393127,0.10589528828859329,-0.9512430429458618,22.898157110883098,4.618776119676905,23.046966494670983,True,0.878200113773346,402.0,319.0,True,OFFBOARD
37.152,ACQUIRE,True,-12.638930065044944,-5.928576481608881,24.40523488888451,0.37189084011218365,0.1704594408865851,-0.9093843006073211,-0.05003554609302885,0.15224822891860396,-0.007593268522661629,10.000000003626253,7.924202100084607e-08,0.04992755344959976,0.0,0.0,0.0,0.0,-2.4940650090687922e-08,23.40233267629651,0.33173754811286926,0.07764259725809097,24.313093185424805,0.3027243912220001,0.14198240637779236,-0.9410945177078247,22.846736332427298,4.59930777984986,22.964551514914085,True,0.878200113773346,402.0,319.0,True,OFFBOARD
37.252,ACQUIRE,True,-12.596875755546417,-5.910285611061913,24.3182830408726,0.4985802939431463,0.20861971707620292,-0.9023839571431225,-0.0488851992019558,0.15454081309912326,-0.0074622755540223054,10.000000003626253,7.924202100084607e-08,0.04992755344959976,0.0,0.0,0.0,0.0,-2.4940650090687922e-08,23.357017596784416,0.3682542145252228,0.09145105630159378,24.22692108154297,0.4315126836299896,0.17453289031982422,-0.9331147074699402,22.70200150362821,4.564909123600427,22.777359264264945,True,0.878200113773346,402.0,319.0,True,OFFBOARD
37.352,ACQUIRE,True,-12.540331745302353,-5.887487676936685,24.228392100556754,0.6261920692305377,0.245267406942387,-0.8958473672313457,-0.04649109406264582,0.1532560708700466,-0.007271615061198477,10.000000003626253,7.924202100084607e-08,0.04992755344959976,0.0,0.0,0.0,0.0,-2.4940650090687922e-08,23.296546255419777,0.42100587487220764,0.11027894914150238,24.133567810058594,0.5671599507331848,0.20605842769145966,-0.9261531829833984,22.739466865512856,4.56701035181593,22.75908952015288,True,0.878200113773346,402.0,319.0,True,OFFBOARD
37.452,ACQUIRE,True,-12.468386946881708,-5.860111710054028,24.135579804739734,0.7509331967128567,0.27910509529178557,-0.8892126013501362,-0.04295003714439963,0.14827307169728415,-0.00700235659110989,10.000000003626253,7.924202100084607e-08,0.04992755344959976,0.0,0.0,0.0,0.0,-2.4940650090687922e-08,23.22001986090458,0.4807158410549164,0.13056790828704834,24.048372268676758,0.6844685673713684,0.23315317928791046,-0.9207416772842407,22.656181332979664,4.553916749030857,22.61232594737779,True,0.882944643497467,399.5,284.5,True,OFFBOARD
37.552,ACQUIRE,True,-12.390947495886845,-5.831950216765017,24.050495231785984,0.8562923551166476,0.3056762109461017,-0.8838574771553045,-0.038696787819274756,0.14144703668508993,-0.00674731823226824,10.000000003626253,7.924202100084607e-08,0.04992755344959976,0.0,0.0,0.0,0.0,-2.4940650090687922e-08,23.137981203662697,0.5564882159233093,0.15533874928951263,23.95682716369629,0.8000783324241638,0.25786688923835754,-0.9141740798950195,22.605832587938124,4.545566194500635,22.482163691610875,True,0.882944643497467,399.5,284.5,True,OFFBOARD
37.652,ACQUIRE,True,-12.300115269217907,-5.8001781453823265,23.962325741092933,0.9543082283710025,0.32789066304837744,-0.879922868339062,-0.033384980034371466,0.13216315636890033,-0.006486969022308626,10.000000003626253,7.924202100084607e-08,0.04992755344959976,0.0,0.0,0.0,0.0,-2.4940650090687922e-08,23.042074746418642,0.6367595791816711,0.18061143159866333,23.871692657470703,0.8963022232055664,0.27623996138572693,-0.9103955626487732,22.570705831621126,4.54217679868207,22.363390857744367,True,0.882944643497467,399.5,284.5,True,OFFBOARD
37.752,ACQUIRE,True,-12.195996296968245,-5.765113734518352,23.871025034345422,1.0421177856587598,0.34474929916381014,-0.8759697044624012,-0.027756279421734746,0.1206132382391783,-0.006217988281335044,10.000000003626253,7.924202100084607e-08,0.04992755344959976,0.0,0.0,0.0,0.0,-2.4940650090687922e-08,22.93248327289514,0.7335480451583862,0.2099868357181549,23.77957534790039,0.9868752956390381,0.29174134135246277,-0.9069547057151794,22.64708522023176,4.556807429749184,22.34050045992737,True,0.8783004283905029,391.0,226.0,True,OFFBOARD
37.852,ACQUIRE,True,-12.092482261186868,-5.7314684042599335,23.7870795536919,1.1093060778415367,0.3549356557546169,-0.8731033719463297,-0.022625508714112806,0.10813230846376772,-0.0060368525678252925,10.000000003626253,7.924202100084607e-08,0.04992755344959976,0.0,0.0,0.0,0.0,-2.4940650090687922e-08,22.823836303269843,0.8316006660461426,0.2405969500541687,23.6953067779541,1.0573333501815796,0.3014744520187378,-0.9036496877670288,22.497071613382023,4.530269875206609,22.086057257343175,True,0.8783004283905029,391.0,226.0,True,OFFBOARD
37.952,ACQUIRE,True,-11.973918280453038,-5.694214500242044,23.696377959246515,1.1657459771849488,0.36027887895052024,-0.8714827647668875,-0.01674438599110709,0.09333997701631867,-0.00591176276904979,10.000000003626253,7.924202100084607e-08,0.04992755344959976,0.0,0.0,0.0,0.0,-2.4940650090687922e-08,22.69971727649054,0.9455479979515076,0.2769617438316345,23.60496711730957,1.1174143552780151,0.3075432777404785,-0.9024842381477356,22.56461826765578,4.555804626400415,22.03843678077283,True,0.8783004283905029,391.0,226.0,True,OFFBOARD
38.052,ACQUIRE,True,-11.860024915352458,-5.659602147327472,23.612783324563605,1.2032048900072538,0.3600322290885471,-0.8700545041819253,-0.011480889124695123,0.07992844665642702,-0.005873061045613879,10.000000003626253,7.924202100084607e-08,0.04992755344959976,0.0,0.0,0.0,0.0,-2.4940650090687922e-08,22.5807835741225,1.0552120208740234,0.30984801054000854,23.520984649658203,1.158108115196228,0.3087896406650543,-0.9026737213134766,22.50695063730887,4.547887626518764,21.866368456020474,True,0.8783004283905029,391.0,226.0,True,OFFBOARD
38.152,ACQUIRE,True,-11.738300545292448,-5.623823728212695,23.52587661490054,1.2278826839571562,0.3549691275831888,-0.86804243447204,-0.00640073761816606,0.06579446600096917,-0.005865760733960084,10.000000003626253,7.924202100084607e-08,0.04992755344959976,0.0,0.0,0.0,0.0,-2.4940650090687922e-08,22.45397748668181,1.177366018295288,0.3444730043411255,23.429609298706055,1.1864608526229858,0.30489739775657654,-0.9012446999549866,22.574744174793498,4.570338534832549,21.81067929831582,True,0.8838877081871033,391.5,196.0,True,OFFBOARD
38.252,ACQUIRE,True,-11.609880014652171,-5.587393486061063,23.435734829367302,1.2390237989803226,0.3453292419505995,-0.8653769631932187,-0.002061564276024073,0.05234885214443935,-0.005902904643855732,10.000000004056663,7.950996654927214e-08,0.049999996287036885,-1.2859187108565152e-13,1.2151299531316782e-12,6.321574056999293e-07,1.22191516575706e-12,-2.7768194356824147e-08,22.320526008129285,1.2936831712722778,0.37756556272506714,23.346128463745117,1.2007807493209839,0.29855427145957947,-0.8999676704406738,22.602259188206812,4.5847310451003755,21.719936769373152,True,0.8838877081871033,391.5,196.0,True,OFFBOARD
38.352,ACQUIRE,True,-11.485969691831988,-5.553484963778111,23.349294357514392,1.2373516887000555,0.3328729514009463,-0.8637215596461061,0.0014303075579958767,0.040534580732484025,-0.005921724944969382,10.000000004412206,7.975547947142922e-08,0.04999999651757947,1.9973206077444306e-13,-1.8863194759318917e-12,6.636450564441212e-08,1.896864270679685e-12,-3.01997465147031e-08,22.192072681853652,1.4221731424331665,0.4145750105381012,23.256954193115234,1.202189564704895,0.2910099923610687,-0.8981955647468567,22.504482118971893,4.57557627861696,21.489013084253063,True,0.8838877081871033,391.5,196.0,True,OFFBOARD
38.452,ACQUIRE,True,-11.362770387971233,-5.520961480377361,23.26296665198873,1.2255632872436566,0.3177852787749734,-0.8629211967560784,0.004730876725681118,0.030272756374443786,-0.005979915427136336,10.000000004752053,8.002025553910722e-08,0.04992755344874433,-3.921808727456332e-09,4.793127823463084e-09,-0.018110213499623582,6.193113758587728e-09,-3.2640525065790225e-08,22.06465443653271,1.5394195318222046,0.44641050696372986,23.174320220947266,1.1942059993743896,0.2814655303955078,-0.8981953859329224,22.57551161864903,4.596776668633778,21.44161163628784,True,0.8838877081871033,391.5,196.0,True,OFFBOARD
38.552,ACQUIRE,True,-11.2460539923272,-5.49127697434707,23.18020366578242,1.2054698331779197,0.30100669560472776,-0.8611089821504769,0.007557067190247194,0.020518553141433738,-0.006095066599124325,10.000000005107589,8.026577600213055e-08,0.04992755344874178,-3.921808802606773e-09,4.793127825197807e-09,-0.01811021350027484,6.19311380751956e-09,-3.507207650922166e-08,21.9442232524287,1.664154291152954,0.4785386621952057,23.08357048034668,1.1732943058013916,0.26881036162376404,-0.8977744579315186,22.517521250312974,4.59350095996373,21.255489367347987,True,0.869774341583252,404.5,227.0,True,OFFBOARD
38.652,ACQUIRE,True,-11.126933209541695,-5.4621551979779275,23.094265491646627,1.176978564358188,0.28202760665542587,-0.8577672528617959,0.009369229749507277,0.012412336480011115,-0.006204919523053762,10.000000005538078,8.053296360618773e-08,0.049999993795609377,5.184065366895272e-09,1.3726586308576705e-09,0.004999403227898948,5.362716237608611e-09,-3.789965917364752e-08,21.82160505922984,1.7892141342163086,0.5104342103004456,22.99448013305664,1.1458286046981812,0.25509852170944214,-0.8944734334945679,22.529274873503873,4.606908199810991,21.140747825374433,True,0.869774341583252,404.5,227.0,True,OFFBOARD
38.752,ACQUIRE,True,-11.01099105336642,-5.43497010164085,23.008588079229806,1.1423077997602151,0.26239599976985917,-0.8560492299448335,0.010560398165798223,0.0051760241651418555,-0.006294648838997922,10.000000005893611,8.07784889432509e-08,0.049999996287036774,-1.2859186416876724e-13,1.2151298523347575e-12,6.321574336636717e-07,1.221915064791939e-12,-4.033121013494316e-08,21.70254930131693,1.903928518295288,0.5394505262374878,22.914051055908203,1.1160603761672974,0.24228990077972412,-0.8941519856452942,22.59354002380952,4.627352170055342,21.08959373953504,True,0.869774341583252,404.5,227.0,True,OFFBOARD
38.852,ACQUIRE,True,-10.89877759043007,-5.409754510134926,22.9230500029156,1.1029131553924465,0.24276965796016592,-0.8547761525781755,0.010930865429394785,-0.00030705097382417875,-0.006398064013982136,10.000000006249147,8.102400188197172e-08,0.04999999651757947,1.9973206889063583e-13,-1.8863194625117135e-12,6.636450585257895e-08,1.896864258188712e-12,-4.276276216987996e-08,21.587597128259233,2.0226967334747314,0.5679954886436462,22.82607650756836,1.077092170715332,0.22841446101665497,-0.894320011138916,22.547502781319306,4.624363330279191,20.92180162816511,True,0.869774341583252,404.5,227.0,True,OFFBOARD
38.952,ACQUIRE,True,-10.786437391136525,-5.385575711022731,22.834288560389624,1.0588025365893934,0.22319212094229168,-0.8519132266143804,0.010309753477064806,-0.004240578330025664,-0.006487683422397853,10.000000006663948,8.13104451057968e-08,0.049999993795609265,5.184065444761446e-09,1.3726587410126112e-09,0.00499940322789934,5.362716341076416e-09,-4.559957183068851e-08,21.47278291949237,2.1272614002227783,0.5919992923736572,22.743576049804688,1.0381146669387817,0.2159079909324646,-0.8943879008293152,22.626231806346055,4.645794336468784,20.89595755093908,True,0.8729383945465088,421.0,287.0,True,OFFBOARD
39.052,ACQUIRE,True,-10.682830291619032,-5.364169670118234,22.749336594575663,1.015012223389939,0.205903923938849,-0.8471043077288751,0.009191805929739944,-0.0064039450072057615,-0.006566616745869309,10.000000007019482,8.155597045297945e-08,0.049999996287036774,-1.2859186302560363e-13,1.215129854664098e-12,6.321574341561667e-07,1.2219150669880406e-12,-4.803112271694997e-08,21.367119279094595,2.23822021484375,0.6165834665298462,22.654781341552734,0.9951342344284058,0.20418912172317505,-0.8913232088088989,22.570667505450558,4.648038402952236,20.728266732404535,True,0.8729383945465088,421.0,287.0,True,OFFBOARD
39.152,ACQUIRE,True,-10.5874867921952,-5.345159751662301,22.668227301092177,0.9731597561442105,0.1910719221839587,-0.8430349731283007,0.007715848790890586,-0.0073412955561710175,-0.006635554949736716,10.000000007375016,8.180149093647837e-08,0.049999996287036774,-1.2859186952228016e-13,1.2151298273472855e-12,6.321574338511885e-07,1.2219150405066134e-12,-5.046267400933285e-08,21.27005750739176,2.3380930423736572,0.6381915807723999,22.57430076599121,0.9565014243125916,0.19492332637310028,-0.8883140087127686,22.512445186848122,4.6446510884674765,20.56833007893596,True,0.8729383945465088,421.0,287.0,True,OFFBOARD
39.252,ACQUIRE,True,-10.492388017426379,-5.326765551444792,22.584103114295665,0.9308089207987983,0.17772541945850476,-0.8395972072810731,0.005823827827160498,-0.007127431173029648,-0.006689271606507617,10.000000007730556,8.204700388861201e-08,0.04999999651757936,1.997320754704828e-13,-1.886319452744365e-12,6.636450601894587e-08,1.8968642491684917e-12,-5.289422594517309e-08,21.17338893724254,2.434264659881592,0.6579894423484802,22.493778228759766,0.9190961122512817,0.18621408939361572,-0.8852169513702393,22.587124140910277,4.668730359519239,20.548084776123428,True,0.866176187992096,436.0,349.0,True,OFFBOARD
39.352,ACQUIRE,True,-10.397859178073515,-5.308915116864302,22.49692242984385,0.8891482537691847,0.16644065521327364,-0.8370841433413361,0.0035038667323991192,-0.005740801974625863,-0.0067311112656610415,10.000000008145353,8.233344712802339e-08,0.049999993795609265,5.184065544493985e-09,1.3726588893314684e-09,0.004999403227891314,5.362716475450704e-09,-5.573103549006935e-08,21.077410656271,2.5346477031707764,0.677870512008667,22.406766891479492,0.8801186680793762,0.17903541028499603,-0.8834916949272156,22.683115365214228,4.697280008734923,20.54547156506231,True,0.866176187992096,436.0,349.0,True,OFFBOARD
39.452,ACQUIRE,True,-10.310884861081261,-5.292721666217808,22.413376801079124,0.852448435239263,0.15820017822538984,-0.8338491162846888,0.0009697161308090801,-0.0030519433531190567,-0.006753845728332417,10.000000008500885,8.257897248857548e-08,0.049999996287036774,-1.2859186291476143e-13,1.2151300079770615e-12,6.32157434336578e-07,1.2219152194380028e-12,-5.8162586277466e-08,20.989162624926404,2.621875524520874,0.6953762173652649,22.32584571838379,0.8455489277839661,0.17412635684013367,-0.8812398314476013,22.60166204040504,4.684211281440239,20.37406867537019,True,0.866176187992096,436.0,349.0,True,OFFBOARD
39.552,ACQUIRE,True,-10.227354775862588,-5.277203112164389,22.330205818055685,0.8202701402823015,0.1529008769870383,-0.8294082900632002,-0.0020510254645947942,0.0009182214255519629,-0.0067629166826948025,10.000000008856421,8.282448545115827e-08,0.04999999651757947,1.9973208033324496e-13,-1.8863194428181975e-12,6.636450615772375e-08,1.896864239809534e-12,-6.05941381385778e-08,20.904419512344653,2.7114248275756836,0.713685929775238,22.23758888244629,0.8147059082984924,0.17164404690265656,-0.8802918195724487,22.668907690483735,4.712738928386733,20.354202197801126,True,0.866176187992096,436.0,349.0,True,OFFBOARD
39.652,ACQUIRE,True,-10.146784364942512,-5.2620650086139085,22.24756448181569,0.7929854172054043,0.15036151164151512,-0.8238612362828811,-0.004488882208214338,0.004547182275656858,-0.00673638716662918,10.00000000919628,8.308926155927722e-08,0.04992755344871147,-3.921809666422516e-09,4.793127849483936e-09,-0.01811021350782573,6.193114373329754e-09,-6.30349163946062e-08,20.82263791279491,2.792530059814453,0.7308787107467651,22.158445358276367,0.791105329990387,0.17176535725593567,-0.8754262328147888,22.70750092535203,4.725661408990502,20.311680220538083,True,0.8760961294174194,440.0,388.5,True,OFFBOARD
39.752,ACQUIRE,True,-10.06872100647729,-5.24706292814524,22.16537320560778,0.7698726652358403,0.15003600805625067,-0.8202730254240771,-0.006630623590811819,0.007791421769242038,-0.006737217022175953,10.000000009626756,8.335644920651329e-08,0.049999993795609377,5.184065646703559e-09,1.3726590402524108e-09,0.0049994032278968545,5.3627166128855495e-09,-6.586249873669137e-08,20.74331780282232,2.8793728351593018,0.7501005530357361,22.073198318481445,0.7700952887535095,0.17497429251670837,-0.8733384013175964,22.587945692778046,4.708597837588261,20.102177614275423,True,0.8760961294174194,440.0,388.5,True,OFFBOARD
39.852,ACQUIRE,True,-9.992763434702136,-5.231996367762004,22.083525476164326,0.7507231633958122,0.15149326147123457,-0.8167232529270151,-0.0083205387025946,0.011310452497872577,-0.006700019402801677,10.000000009982289,8.360197458064892e-08,0.04999999628703666,-1.285918581204226e-13,1.2151299541904694e-12,6.321574344961727e-07,1.2219151654455374e-12,-6.829404942499634e-08,20.666019864071433,2.9569880962371826,0.7665677666664124,21.994340896606445,0.7549941539764404,0.17807883024215698,-0.8720348477363586,22.64235957569451,4.723240575936076,20.079071442769603,True,0.8760961294174194,440.0,388.5,True,OFFBOARD
39.952,ACQUIRE,True,-9.918505276685053,-5.216705831340949,22.002026549990568,0.7357122993986578,0.1544646456119527,-0.8134873340750697,-0.01013782551894514,0.01491778749966193,-0.006647480745071214,10.000000010337832,8.384748755652557e-08,0.04999999651757947,1.9973208789601513e-13,-1.8863194423682112e-12,6.636450647707939e-08,1.896864240158378e-12,-7.072560118699519e-08,20.59031018403367,3.0391178131103516,0.783142626285553,21.909330368041992,0.7412756681442261,0.18189720809459686,-0.870132327079773,22.80973839312671,4.75598561977088,20.165835454298733,True,0.8760961294174194,440.0,388.5,True,OFFBOARD
40.052,ACQUIRE,True,-9.845545982652798,-5.2010325962066,21.920839446693858,0.7245592572202476,0.15907826945411505,-0.8102642781436227,-0.011948429057223816,0.018486678876524224,-0.006635716579118507,10.000000010677681,8.411226367813869e-08,0.0499275534487007,-3.921809979891649e-09,4.793127861627e-09,-0.018110213510566683,6.193114581233158e-09,-7.316637934471464e-08,20.515760690628564,3.112513780593872,0.7993935346603394,21.829483032226562,0.732197105884552,0.18796589970588684,-0.8687732219696045,22.630128452897917,4.729868551288906,19.9094428940862,True,0.845096230506897,429.0,389.5,True,OFFBOARD
40.152,ACQUIRE,True,-9.773499926981396,-5.1848253739834425,21.84002105013761,0.7173138661172611,0.16501880444037495,-0.806106230170599,-0.013357418934604227,0.022346433059516477,-0.0065803286852030825,10.000000011108158,8.437945134084978e-08,0.049999993795609377,5.1840657492389034e-09,1.3726591798976506e-09,0.004999403227889214,5.362716747749148e-09,-7.599396157043397e-08,20.441959662305266,3.190178632736206,0.818044126033783,21.742698669433594,0.725709855556488,0.19485904276371002,-0.8669301271438599,22.641953927704147,4.736132674807562,19.842453981349117,True,0.845096230506897,429.0,389.5,True,OFFBOARD
40.252,ACQUIRE,True,-9.70482604435445,-5.168660213345584,21.76288696128996,0.7141474780701673,0.1715873224486943,-0.8011138401259008,-0.01432407802429732,0.026292857958932495,-0.006518504132909581,10.000000011463696,8.462497186144458e-08,0.049999993795609377,5.184065775917518e-09,1.3726592197962906e-09,0.004999403227892853,5.362716783751595e-09,-7.842551258980866e-08,20.371431446166632,3.2599737644195557,0.8342910408973694,21.664106369018555,0.7231563329696655,0.20214083790779114,-0.8637063503265381,22.628353658293598,4.737247809729697,19.757712702962316,True,0.845096230506897,429.0,389.5,True,OFFBOARD
40.352,ACQUIRE,True,-9.630551287085371,-5.150402046303211,21.67981275921218,0.714878617488741,0.1793524832738999,-0.7967970892045133,-0.015344589619083542,0.030424915859079787,-0.00642344883272035,10.000000011819235,8.487048971757422e-08,0.04999999651757936,1.9973209438792245e-13,-1.8863194315420714e-12,6.636450663650743e-08,1.8968642300759927e-12,-8.085706382255457e-08,20.294954703367136,3.334183931350708,0.850861668586731,21.5787296295166,0.7240413427352905,0.20980215072631836,-0.8612133264541626,22.804226315153077,4.771132255889739,19.86079232822129,True,0.845096230506897,429.0,389.5,True,OFFBOARD
40.452,ACQUIRE,True,-9.558875352209583,-5.13205308384079,21.60036179241605,0.7189495517236535,0.18737211494774342,-0.7922271933117127,-0.01606712942189883,0.03352351453601887,-0.006354187621759274,10.000000012159083,8.513526585257906e-08,0.04992755344868982,-3.921810292676769e-09,4.793127872035341e-09,-0.01811021351330189,6.193114787360838e-09,-8.329784188192318e-08,20.2209687020208,3.4028985500335693,0.8679832816123962,21.498842239379883,0.7270185947418213,0.21648557484149933,-0.8597906231880188,22.775680414384233,4.773446503601636,19.762523121859328,True,0.8732430934906006,425.0,381.5,True,OFFBOARD
40.552,ACQUIRE,True,-9.486652995838448,-5.112886974323257,21.521413184363485,0.7255927811058088,0.19560454918414613,-0.7867036997121727,-0.016225961740715743,0.03594000129932297,-0.006295608867447978,10.00000001258956,8.540245353108026e-08,0.049999993795609265,5.184065851359866e-09,1.3726593316859548e-09,0.004999403227894302,5.362716885320353e-09,-8.612542399126243e-08,20.146246785850384,3.477872848510742,0.8882938623428345,21.411510467529297,0.7337661981582642,0.22524875402450562,-0.8585157990455627,22.781603877132802,4.777129691531824,19.691548332514895,True,0.8732430934906006,425.0,381.5,True,OFFBOARD
40.652,ACQUIRE,True,-9.416609899541156,-5.093731729831477,21.44621019980735,0.7334945541670153,0.2030351136497042,-0.7803549575429468,-0.01574156484153714,0.037382318834373124,-0.006284594025062944,10.000000012945103,8.564797406515983e-08,0.04999999379560949,5.184065876568408e-09,1.3726593715845947e-09,0.004999403227895469,5.362716919901701e-09,-8.855697491126102e-08,20.07363555267673,3.5532615184783936,0.9091221690177917,21.327373504638672,0.7426544427871704,0.23189637064933777,-0.8531424403190613,22.7256519220833,4.771152832840535,19.557500725720267,True,0.8732430934906006,425.0,381.5,True,OFFBOARD
40.752,ACQUIRE,True,-9.34280000631916,-5.0730602695008855,21.368378086173443,0.7424264378139196,0.20998918657315618,-0.777208170550254,-0.015231384540919973,0.038334295508282594,-0.006277397332965553,10.000000013300635,8.589349946936014e-08,0.049999996287036774,-1.2859186968606192e-13,1.2151284833177565e-12,6.321574345307007e-07,1.2219137039576357e-12,-9.098852537650041e-08,19.996996123630108,3.6232728958129883,0.928807258605957,21.251895904541016,0.7498433589935303,0.2386591136455536,-0.8497113585472107,22.69940094107925,4.769619779517603,19.45894401092171,True,0.8732430934906006,425.0,381.5,True,OFFBOARD
40.852,ACQUIRE,True,-9.265064904803042,-5.050873127364949,21.2875713203245,0.7521734850383438,0.21626773290743484,-0.7768493280083596,-0.014402290473597068,0.03911844596869546,-0.00629490586059045,10.000000013640484,8.615826808335052e-08,0.04992755344867883,-3.921810605555318e-09,4.793127878974235e-09,-0.01811021351603755,6.193114990862531e-09,-9.34293040053615e-08,19.91617549960157,3.6941843032836914,0.9498036503791809,21.175384521484375,0.7570476531982422,0.24438542127609253,-0.850506067276001,22.696129795956352,4.77575413500719,19.383287379011026,True,0.8816992044448853,422.5,377.0,True,OFFBOARD
40.952,ACQUIRE,True,-9.192395447950584,-5.029863857792218,21.213019578702365,0.761404620893824,0.2210515911647358,-0.7761388086895071,-0.013420288384910222,0.039532519982575315,-0.006302944380219644,10.000000013996024,8.640378862694362e-08,0.0499275534486433,-3.9218106537584675e-09,4.793127877239511e-09,-0.018110213524901185,6.193115020044757e-09,-9.586085485322935e-08,19.840553794309063,3.7720885276794434,0.9738296866416931,21.091609954833984,0.7665829062461853,0.2504291534423828,-0.8519700765609741,22.862811863892105,4.815554580690343,19.47343235439936,True,0.8816992044448853,422.5,377.0,True,OFFBOARD
41.052,ACQUIRE,True,-9.115758595466469,-5.007552787052706,21.135483058034815,0.7709002398758554,0.22477912318923057,-0.7745550192873463,-0.012039099362331976,0.03953329794914935,-0.006296399829784258,10.000000014426503,8.667097632496222e-08,0.049999993795609377,5.184065980489691e-09,1.3726595173013667e-09,0.004999403227889893,5.362717057659164e-09,-9.86884368203748e-08,19.76076448457487,3.843282461166382,0.9958016276359558,21.015064239501953,0.7743688821792603,0.25355854630470276,-0.8521345853805542,22.661070832944024,4.772305929531593,19.192997263253233,True,0.8816992044448853,422.5,377.0,True,OFFBOARD
41.152,ACQUIRE,True,-9.035076699579712,-4.984035426890471,21.055000678747387,0.7802087553471094,0.22718308824650035,-0.7733104680258349,-0.010936504010256013,0.039277644242512996,-0.006284974701267896,10.000000014782037,8.691649420792835e-08,0.04999999651757947,1.9973210602022736e-13,-1.886319396151976e-12,6.636450683046339e-08,1.8968641961074682e-12,-1.0111998785488108e-07,19.67675673286952,3.919471502304077,1.0189789533615112,20.93319320678711,0.7809499502182007,0.2546335756778717,-0.8534048795700073,22.7542145400466,4.801067676488854,19.210719414103096,True,0.8816992044448853,422.5,377.0,True,OFFBOARD
41.252,ACQUIRE,True,-8.959765135996648,-4.962146957637834,20.980814130832943,0.7884165901827084,0.2287132494926967,-0.7721811554475828,-0.010635893580997454,0.03936076747318189,-0.006249295987982249,10.000000015137573,8.71620147617291e-08,0.04999999651757947,1.9973210763542676e-13,-1.8863193935579376e-12,6.636450687936871e-08,1.8968641936979242e-12,-1.035515386273248e-07,19.598357019923363,3.9914047718048096,1.0412712097167969,20.856014251708984,0.7873590588569641,0.2556511461734772,-0.8541626334190369,22.68454830575863,4.794355895264914,19.066181050170883,True,0.8556185364723206,418.0,353.0,True,OFFBOARD
41.352,ACQUIRE,True,-8.877304798137244,-4.938288181888846,20.900604628252083,0.7969216644382007,0.22993939804692548,-0.7702294267073293,-0.00991609395514687,0.03895632248917749,-0.006171328348904696,10.000000015552368,8.744845807963324e-08,0.049999993795609377,5.184066058060285e-09,1.3726596317931161e-09,0.0049994032278911525,5.3627171619513096e-09,-1.063883475943957e-07,19.51254283941546,4.070940017700195,1.0662224292755127,20.7716007232666,0.7958431243896484,0.25642701983451843,-0.8548313975334167,22.703509301739395,4.8025022883848045,19.003484557051813,True,0.8556185364723206,418.0,353.0,True,OFFBOARD
41.452,ACQUIRE,True,-8.80044462442836,-4.916192624199514,20.82680330098875,0.8038314387782602,0.23021766836398316,-0.7673316575538144,-0.00887139066729794,0.037817356085593445,-0.006148713083892087,10.000000015907903,8.769397864070606e-08,0.049999993795609265,5.184066082704026e-09,1.3726596664875856e-09,0.00499940322789584,5.362717194654597e-09,-1.0881989831704074e-07,19.432592967867752,4.145701885223389,1.0880563259124756,20.694965362548828,0.8022745251655579,0.256672203540802,-0.8533844947814941,22.686520867236528,4.800063176863232,18.908753617975037,True,0.8556185364723206,418.0,353.0,True,OFFBOARD
41.552,ACQUIRE,True,-8.719758992354135,-4.893202564372432,20.750141272587808,0.8093288128585202,0.2294618633253058,-0.7664896825592701,-0.007936348210909562,0.036045639467067535,-0.0061721295683225645,10.000000016263435,8.793950407170238e-08,0.04999999628703666,-1.285919004406371e-13,1.215129816971132e-12,6.321574348776455e-07,1.2219150334418637e-12,-1.1125144858463121e-07,19.348715966112877,4.227736949920654,1.1101844310760498,20.61399269104004,0.8068351149559021,0.25322577357292175,-0.8523896932601929,22.66786202004561,4.799184705104198,18.805502801670333,True,0.8556185364723206,418.0,353.0,True,OFFBOARD
41.652,ACQUIRE,True,-8.635373311090829,-4.869408377688467,20.670367898241523,0.8130007535759943,0.2281056159288595,-0.7675944535636968,-0.007472044488980393,0.03416396196836713,-0.006179493851575035,10.000000016603286,8.820427271266016e-08,0.04992755344865707,-3.921811231687843e-09,4.7931278997909166e-09,-0.01811021352150886,6.1931154034740055e-09,-1.1369222701678532e-07,19.26105599052765,4.310549736022949,1.1332789659500122,20.53106689453125,0.8109747171401978,0.250807523727417,-0.8545785546302795,22.685130512377985,4.811451756191811,18.739108137306616,True,0.8556185364723206,418.0,353.0,True,OFFBOARD
41.752,ACQUIRE,True,-8.557232790254272,-4.847589226692344,20.59666452494087,0.8145553383584109,0.22644775891381666,-0.7675810461865848,-0.006846355887326273,0.03223405764775396,-0.006196788967974649,10.000000016958822,8.844979328308727e-08,0.04992755344862143,-3.921811279892845e-09,4.79312790152564e-09,-0.018110213530372506,6.193115435342566e-09,-1.1612377766645005e-07,19.179937737891283,4.387567043304443,1.155235767364502,20.453834533691406,0.8130199313163757,0.24909977614879608,-0.8566470146179199,22.670734883214866,4.811611683250936,18.645195389177584,True,0.8433440327644348,416.0,344.5,True,OFFBOARD
41.852,ACQUIRE,True,-8.475767960872828,-4.825060458240347,20.519963433462905,0.8145090247408289,0.22412080526322745,-0.7663069203147379,-0.00609194919584546,0.0307134268902812,-0.006181431444034269,10.000000017389299,8.871698101232696e-08,0.049999993795609377,5.184066185145466e-09,1.372659813939081e-09,0.004999403227887645,5.362717331425547e-09,-1.1895135940003705e-07,19.09542384102485,4.466240882873535,1.175940990447998,20.378252029418945,0.8149159550666809,0.24655985832214355,-0.856598973274231,22.657092436343284,4.8101536783341725,18.55032566024558,True,0.8433440327644348,416.0,344.5,True,OFFBOARD
41.952,ACQUIRE,True,-8.394383185154991,-4.802794661065425,20.44332196195542,0.8129889690439444,0.22125316759097094,-0.7670232754396069,-0.005622670924733269,0.029062863607530146,-0.006231622208027329,10.000000017744835,8.89625064568104e-08,0.049999996287036885,-1.285918893729605e-13,1.215129738408826e-12,6.321574350440124e-07,1.2219149541510692e-12,-1.2138290956851248e-07,19.011053911501566,4.553129196166992,1.1967458724975586,20.298036575317383,0.8163183331489563,0.24222292006015778,-0.8570849895477295,22.61931143488873,4.807051958649055,18.4233886871663,True,0.8433440327644348,416.0,344.5,True,OFFBOARD
42.052,ACQUIRE,True,-8.313234001990486,-4.780825666618082,20.36651226776717,0.8098457222056806,0.21825611835479652,-0.7690161902453694,-0.005559078207744704,0.027228461671076933,-0.006262516676351082,10.000000018100371,8.920801950304324e-08,0.04999999651757947,1.9973212030161696e-13,-1.886319368305768e-12,6.636450721937452e-08,1.8968641699198315e-12,-1.2381446081062162e-07,18.92698695466828,4.632829189300537,1.2167527675628662,20.22210693359375,0.815648078918457,0.23819001019001007,-0.8601585626602173,22.635385966482982,4.817029175540604,18.359031584741025,True,0.8433440327644348,416.0,344.5,True,OFFBOARD
42.152,ACQUIRE,True,-8.232478142455118,-4.759147759545086,20.289582935400542,0.8052654931613895,0.21547275926983847,-0.7692332888215702,-0.005812012432626454,0.025857750063832903,-0.0063069368649990775,10.000000018440218,8.947279569520509e-08,0.049927553448643414,-3.921811619894815e-09,4.793127911933981e-09,-0.018110213524895294,6.1931156587054465e-09,-1.262552384529378e-07,18.84337411761325,4.718571662902832,1.2390086650848389,20.138174057006836,0.8144539594650269,0.23546475172042847,-0.8630192875862122,22.700088438532912,4.836727978655395,18.337898729448384,True,0.8589513301849365,420.0,343.5,True,OFFBOARD
42.252,ACQUIRE,True,-8.149028732131443,-4.736879275070069,20.2096711085123,0.7996427713547221,0.21288106855878694,-0.7675522502682431,-0.0057743419180862595,0.02502422412202386,-0.006257189899008159,10.000000018870693,8.973998830685949e-08,0.049999996287036774,-1.2859188885845416e-13,1.2151296532820149e-12,6.32157435536674e-07,1.2219148694428164e-12,-1.290828196398524e-07,18.757005910364946,4.796953201293945,1.2602293491363525,20.062044143676758,0.8110792636871338,0.23340295255184174,-0.8615604639053345,22.637091758222503,4.827830840980031,18.19335934166679,True,0.8589513301849365,420.0,343.5,True,OFFBOARD
42.352,ACQUIRE,True,-8.072538926573653,-4.716567702346719,20.135972739901973,0.7941203194394407,0.21032766273516645,-0.7682569406547141,-0.005339417145973143,0.02482895282143828,-0.006223380225925045,10.000000019226231,8.99855088978142e-08,0.04999999628703666,-1.2859190724502482e-13,1.2151292985869682e-12,6.321574352176514e-07,1.2219145186523361e-12,-1.315143701393886e-07,18.677865929680493,4.880887031555176,1.2837862968444824,19.981494903564453,0.8063221573829651,0.231654092669487,-0.860914945602417,22.78343862628266,4.858927317911883,18.25603973819071,True,0.8589513301849365,420.0,343.5,True,OFFBOARD
42.452,ACQUIRE,True,-7.993415913881111,-4.695687001056868,20.059035436521434,0.7886383701581412,0.20736830741767012,-0.7704255936334864,-0.005031120608480926,0.02511859962080084,-0.0061676516268996395,10.000000019581767,9.02310219574205e-08,0.04999999651757947,1.9973212679117198e-13,-1.886319357347279e-12,6.636450739284686e-08,1.8968641597055856e-12,-1.3394592128240942e-07,18.596034367947468,4.957846164703369,1.3056046962738037,19.905502319335938,0.8012294769287109,0.22939319908618927,-0.8633593916893005,22.738566432467735,4.849887405945515,18.130525452026045,True,0.8589513301849365,420.0,343.5,True,OFFBOARD
42.552,ACQUIRE,True,-7.911676907924788,-4.674285405030548,19.978862258470354,0.7836106047363723,0.20438959135254042,-0.7710006436623232,-0.005379380556966669,0.025756519403897907,-0.0061247274100024104,10.000000019996557,9.051746532233016e-08,0.049999993795609265,5.184066362659497e-09,1.3726600741476025e-09,0.0049994032278941804,5.362717569629839e-09,-1.367827299023395e-07,18.51154005651935,5.040750026702881,1.3291641473770142,19.822072982788086,0.797730028629303,0.22668902575969696,-0.8656346201896667,22.737827061786668,4.8596205028138435,18.04579335089855,True,0.872406005859375,424.0,350.5,True,OFFBOARD
42.652,ACQUIRE,True,-7.836654448603829,-4.654779179079015,19.904890326761844,0.7795715864357593,0.20215968808164184,-0.7700236982438824,-0.0057462578673444595,0.02588354142408779,-0.006043009459725251,10.000000020352093,9.076298592367432e-08,0.049999993795609265,5.184066389400333e-09,1.3726601192504129e-09,0.004999403227884672,5.362717607024517e-09,-1.3921428032627887e-07,18.434023236826953,5.116678714752197,1.3493951559066772,19.746530532836914,0.7951293587684631,0.225001722574234,-0.8654258847236633,22.70006743045637,4.859851881859679,17.930389431140124,True,0.872406005859375,424.0,350.5,True,OFFBOARD
42.752,ACQUIRE,True,-7.755809677692358,-4.633872801628837,19.82478358878468,0.7753283419863872,0.2000135273647323,-0.7708671083832688,-0.005989007992402333,0.025946333140142067,-0.005968306744290464,10.000000020707628,9.100850386055022e-08,0.04999999651757947,1.9973213285780507e-13,-1.8863193597030895e-12,6.636450766329718e-08,1.896864162687092e-12,-1.4164583096441386e-07,18.350519230553513,5.198246002197266,1.369613766670227,19.665847778320312,0.791320264339447,0.22122584283351898,-0.865350604057312,22.643549169309825,4.849374184136728,17.78896666913045,True,0.872406005859375,424.0,350.5,True,OFFBOARD
42.852,ACQUIRE,True,-7.6815555380427,-4.614747323257376,19.75071348892746,0.77191664984319,0.19863129103477323,-0.7721683120118391,-0.006823461634483991,0.026680457796493827,-0.005960185580853589,10.000000021063162,9.125402446826297e-08,0.04999999651757936,1.9973213337233726e-13,-1.886319347156414e-12,6.636450755210835e-08,1.896864150264342e-12,-1.4407738134047363e-07,18.27384197943845,5.273376941680908,1.3884756565093994,19.592905044555664,0.7883489727973938,0.21954824030399323,-0.8667007088661194,22.688591269172893,4.867200130532254,17.759257136452742,True,0.872406005859375,424.0,350.5,True,OFFBOARD
42.952,ACQUIRE,True,-7.604515946206267,-4.594925219078915,19.673296413773553,0.7690726347069297,0.19793507497178675,-0.7765637523906369,-0.007418721175353728,0.02718373664607184,-0.005966444913926792,10.00000002140301,9.151880068739043e-08,0.04992755344862154,-3.921812245854297e-09,4.793127932750663e-09,-0.01811021353036664,6.193116071207399e-09,-1.4651815878608337e-07,18.194293640143922,5.354710578918457,1.4090722799301147,19.515653610229492,0.7865685820579529,0.2178923487663269,-0.8701498508453369,22.690340103469943,4.870222354244952,17.6777716596134,True,0.8618547320365906,425.5,361.0,True,OFFBOARD
43.052,ACQUIRE,True,-7.524666755383354,-4.5743553119836395,19.592249665275272,0.7666759627852615,0.19771372216096356,-0.7814832065902507,-0.007790406493670853,0.02765524877231169,-0.005985314720485011,10.000000021833486,9.178599333032097e-08,0.049999996287036774,-1.2859190928650657e-13,1.2151298654637682e-12,6.321574358695744e-07,1.2219150825961453e-12,-1.4934573974026338e-07,18.111837924751978,5.429675579071045,1.4286619424819946,19.4405574798584,0.7851503491401672,0.21873638033866882,-0.8753992319107056,22.704598802549874,4.877403886528157,17.615810891744708,True,0.8618547320365906,425.5,361.0,True,OFFBOARD
43.152,ACQUIRE,True,-7.4480923923090385,-4.554584925989554,19.51398665977818,0.7650091348899636,0.19770749144405622,-0.7831611966668797,-0.007874593394720733,0.02834314927386354,-0.0059513267307056365,10.000000022189022,9.203150641357859e-08,0.04999999651757947,1.9973213943420113e-13,-1.886319349062238e-12,6.636450783693607e-08,1.8968641527978617e-12,-1.517772907094754e-07,18.032752801257125,5.510889530181885,1.4504684209823608,19.356725692749023,0.7848592400550842,0.21963056921958923,-0.8795759677886963,22.746501748006015,4.888983400966682,17.575258569670748,True,0.8618547320365906,425.5,361.0,True,OFFBOARD
43.252,ACQUIRE,True,-7.371645263545689,-4.53481208095935,19.435721482630086,0.7640800314953665,0.19775492722679805,-0.7819375176558513,-0.00796477382894403,0.028987646632836442,-0.005872870264972185,10.00000002252887,9.229628264304434e-08,0.049927553448613216,-3.921812483315253e-09,4.7931279362201096e-09,-0.01811021353244666,6.193116224265535e-09,-1.5421806808036685e-07,17.95379016786996,5.584482192993164,1.4696788787841797,19.280805587768555,0.78419029712677,0.21889135241508484,-0.8787460923194885,22.755563264934356,4.890877270833316,17.50858713937069,True,0.8618547320365906,425.5,361.0,True,OFFBOARD
43.352,ACQUIRE,True,-7.298308886770485,-4.515815903094648,19.360659247696486,0.7639122520707984,0.19805404838582,-0.7823303768771968,-0.00842386247679537,0.02991384465404675,-0.005783106752437437,10.000000022884404,9.254180326719367e-08,0.04992755344861055,-3.921812559016384e-09,4.7931279396895565e-09,-0.01811021353310321,6.193116274888701e-09,-1.5664961833369105e-07,17.87803359545707,5.662809371948242,1.4894963502883911,19.200345993041992,0.7853620052337646,0.21881963312625885,-0.8784567713737488,22.723823331848134,4.88791876286164,17.396191314025586,True,0.8618547320365906,425.5,361.0,True,OFFBOARD
43.452,ACQUIRE,True,-7.21883482851159,-4.49518140048675,19.279220385168024,0.7645398309255699,0.19881844094710305,-0.7835917881122453,-0.008990394188411504,0.03074638642322449,-0.005731254879822266,10.000000023314879,9.280899592570344e-08,0.049999996287036774,-1.2859189702934425e-13,1.2151303251909003e-12,6.321574356964352e-07,1.2219155384805238e-12,-1.5947719917121837e-07,17.795924542213097,5.735990047454834,1.5085508823394775,19.124120712280273,0.7868295907974243,0.21825048327445984,-0.8807291984558105,22.723757765258746,4.889388225701607,17.320921256570987,True,0.8617485761642456,426.0,362.0,True,OFFBOARD
43.552,ACQUIRE,True,-7.142312642187859,-4.4752353679875005,19.20086814850813,0.7659665569987011,0.20013859427166733,-0.7831383193653951,-0.009598091453504237,0.03151085803196755,-0.005690493616869636,10.000000023670415,9.305450902250295e-08,0.04999999651757947,1.997321455080979e-13,-1.886319333842115e-12,6.636450800330299e-08,1.8968641383019048e-12,-1.6190875004077314e-07,17.716845542189866,5.816054821014404,1.5298691987991333,19.039764404296875,0.7885773181915283,0.2192394882440567,-0.8819087147712708,22.756153861214198,4.90484080316449,17.273024889174753,True,0.8617485761642456,426.0,362.0,True,OFFBOARD
43.652,ACQUIRE,True,-7.068687418808548,-4.455943652002549,19.125775354585045,0.7678940884835721,0.20170961411383298,-0.7812524110516073,-0.009677828978997062,0.032112889484994765,-0.005638862714136819,10.000000024025947,9.330002965703559e-08,0.04999999651757925,1.997321461598516e-13,-1.886319323015975e-12,6.636450789905305e-08,1.8968641276045753e-12,-1.643403002186279e-07,17.64073483963968,5.890264987945557,1.549314260482788,18.96424102783203,0.7911667227745056,0.22044706344604492,-0.8797813057899475,22.768990840684676,4.909315660270721,17.209909814362792,True,0.8617485761642456,426.0,362.0,True,OFFBOARD
43.752,ACQUIRE,True,-6.988691729916277,-4.43488011444665,19.044499748604814,0.7704486042135699,0.20326892083300627,-0.7825711748059326,-0.009633256273089096,0.032675060006799976,-0.005550558016421443,10.000000024440737,9.358647306919804e-08,0.049999993795609154,5.184066669382399e-09,1.372660513032642e-09,0.004999403227896884,5.362717978473281e-09,-1.6717710849256227e-07,17.558012700307568,5.970911026000977,1.569893479347229,18.884614944458008,0.794640839099884,0.22003184258937836,-0.8789551258087158,22.729606302685024,4.898768522065267,17.0861135553637,True,0.8617485761642456,426.0,362.0,True,OFFBOARD
43.852,ACQUIRE,True,-6.914600080028024,-4.415291446696917,18.96923888020146,0.7730510457727297,0.20482417309319906,-0.7849878653232197,-0.010074789148182555,0.032948341378583525,-0.005458172573351217,10.000000024796272,9.383199371076609e-08,0.049999993795609154,5.184066696103383e-09,1.3726605546660053e-09,0.004999403227886949,5.362718014960718e-09,-1.6960865862001962e-07,17.481375692261413,6.046138286590576,1.589524745941162,18.808090209960938,0.7979621887207031,0.21964898705482483,-0.882687509059906,22.674176892609488,4.895491469660757,16.953497688134934,True,0.8666366934776306,424.0,362.5,True,OFFBOARD
43.952,ACQUIRE,True,-6.837147949930844,-4.394707597959126,18.89072167128814,0.7758793642372552,0.20682918898694486,-0.7848394121972272,-0.010476194757981304,0.033004456512246545,-0.005424514603368068,10.000000025151802,9.407751922235185e-08,0.049999996287036774,-1.2859191826307058e-13,1.2151296517997072e-12,6.321574635141278e-07,1.2219148710632233e-12,-1.7204020829297328e-07,17.401235807645268,6.128315448760986,1.61130952835083,18.722837448120117,0.8014272451400757,0.21987555921077728,-0.884770393371582,22.784445603656515,4.927266283959664,16.982998585111172,True,0.8666366934776306,424.0,362.5,True,OFFBOARD
44.052,ACQUIRE,True,-6.756298179028685,-4.3730739609664,18.80925707835401,0.7788148912134586,0.2091081366418351,-0.7815082039713669,-0.010517494722606557,0.033104809809896135,-0.005387131188386611,10.000000025491651,9.434228794413243e-08,0.04992755344859123,-3.921813109280972e-09,4.793127955302068e-09,-0.01811021353792281,6.193116635428907e-09,-1.7448098613498258e-07,17.317543307641113,6.204637050628662,1.630904197692871,18.645061492919922,0.804189920425415,0.22129368782043457,-0.8837019801139832,22.644251751992226,4.900336527621079,16.76156673134313,True,0.8666366934776306,424.0,362.5,True,OFFBOARD
44.152,ACQUIRE,True,-6.678267397374504,-4.352054423836729,18.731238726882054,0.7817039062324401,0.21116863969928773,-0.7794538889508286,-0.010439284000027494,0.03338611640396234,-0.0054032965487634905,10.000000025922139,9.460947576328439e-08,0.049999993795609154,5.184066771437564e-09,1.3726606656883078e-09,0.004999403227888526,5.362718116202917e-09,-1.773085671969922e-07,17.236733529718617,6.287693977355957,1.6515225172042847,18.56263542175293,0.8076979517936707,0.22186250984668732,-0.8808858394622803,22.713902248618947,4.914582650787635,16.74717527245385,True,0.8666366934776306,424.0,362.5,True,OFFBOARD
44.252,ACQUIRE,True,-6.599938952488251,-4.33083700093113,18.653323737001966,0.7847695132246172,0.21307882134157613,-0.778980021861518,-0.010329863793968158,0.03361532906913069,-0.0053622686949166744,10.000000026277684,9.485500128509185e-08,0.04999999628703666,-1.2859191210057501e-13,1.2151299793896996e-12,6.321574637920167e-07,1.2219151961856002e-12,-1.7974011679488774e-07,17.155585797313652,6.364083290100098,1.6712709665298462,18.488025665283203,0.8106110692024231,0.22307519614696503,-0.8801447153091431,22.693210544014462,4.910983562919429,16.647406241866456,True,0.8856678009033203,424.0,357.0,True,OFFBOARD
44.352,ACQUIRE,True,-6.521311318615597,-4.309444795792779,18.575349703534485,0.7876012196372947,0.21461136257085742,-0.7807135541018119,-0.009860850295474396,0.03339237894263198,-0.005302773699733947,10.000000026633227,9.510051440865117e-08,0.04999999651757936,1.997321574265556e-13,-1.886319301893091e-12,6.636450819742549e-08,1.8968641077854534e-12,-1.821716674662261e-07,17.07410448118126,6.44648551940918,1.6932992935180664,18.40749168395996,0.8137622475624084,0.22408649325370789,-0.8819609880447388,22.774638283728116,4.926682046191767,16.645219635685912,True,0.8856678009033203,424.0,357.0,True,OFFBOARD
44.452,ACQUIRE,True,-6.4455706181432895,-4.28878446569665,18.500329637999165,0.7902411417930835,0.215730112974307,-0.7819789496192877,-0.00963842524499885,0.03354077715348921,-0.005240738108088745,10.000000026988772,9.534603507001461e-08,0.04999999651757925,1.9973215906233111e-13,-1.8863192998813876e-12,6.636450823905885e-08,1.896864105957174e-12,-1.8460321744584632e-07,16.99560139727534,6.523358345031738,1.7141467332839966,18.33037757873535,0.8167468309402466,0.2254185974597931,-0.8829851150512695,22.667566182940053,4.910484625035493,16.457582526963876,True,0.8856678009033203,424.0,357.0,True,OFFBOARD
44.552,ACQUIRE,True,-6.366407847961715,-4.267165650256312,18.422115069028653,0.7928542044249194,0.21652497465461085,-0.7819903471017857,-0.009100089721739155,0.03326089286098555,-0.005159933166506879,10.00000002732863,9.56108113430652e-08,0.049927553448544826,-3.9218134708893326e-09,4.793127965710409e-09,-0.01811021354952118,6.193116872474169e-09,-1.870439944979851e-07,16.913545170751977,6.607309818267822,1.7371498346328735,18.24462890625,0.8193914890289307,0.22618116438388824,-0.8838542699813843,22.69599129583905,4.918946101706254,16.400289606342493,True,0.8856678009033203,424.0,357.0,True,OFFBOARD
44.652,ACQUIRE,True,-6.283824035828952,-4.244629769562483,18.34089261643173,0.7950998180663333,0.21672862931876355,-0.7797292031148951,-0.008389996722574027,0.032672752346215195,-0.0050873243306367695,10.000000027759114,9.587800404859142e-08,0.049999996287036885,-1.2859192115158528e-13,1.2151290554885123e-12,6.321574643261451e-07,1.2219142783672918e-12,-1.8987157498761255e-07,16.82794725533923,6.684759140014648,1.7573996782302856,18.166654586791992,0.8217859864234924,0.2252640277147293,-0.8823645710945129,22.73274190116188,4.930360943435665,16.35865012440123,True,0.8806943893432617,422.0,355.0,True,OFFBOARD
44.752,ACQUIRE,True,-6.207413943745997,-4.223836501210814,18.266115690360447,0.7966815986479918,0.216458660750446,-0.7785539415926133,-0.008249674540380706,0.03252627792423727,-0.005016966627605895,10.000000028114659,9.612352472033707e-08,0.049999996287036885,-1.2859191662525296e-13,1.2151297797016822e-12,6.32157464006956e-07,1.2219149980826059e-12,-1.9230312489255483e-07,16.748763036601982,6.7684855461120605,1.7781600952148438,18.084369659423828,0.8228840827941895,0.22451052069664001,-0.880435049533844,22.778845786318648,4.939694904084737,16.31952626055315,True,0.8806943893432617,422.0,355.0,True,OFFBOARD
44.852,ACQUIRE,True,-6.124477561658609,-4.201344113682812,18.185137660164905,0.7981080352790549,0.2160688059303924,-0.7788781412011517,-0.008042652316136904,0.03208002160946142,-0.004993679904298676,10.000000028454519,9.638829346910827e-08,0.04992755344856936,-3.921813735616963e-09,4.7931279726493026e-09,-0.01811021354339459,6.1931170454842115e-09,-1.9474390253790163e-07,16.66283501465337,6.845339775085449,1.7974385023117065,18.00835609436035,0.8234930038452148,0.2232179194688797,-0.8799654245376587,22.81042620680096,4.951327705976931,16.27362903230692,True,0.8806943893432617,422.0,355.0,True,OFFBOARD
44.952,ACQUIRE,True,-6.0478155688335535,-4.180624809277312,18.110344819465684,0.7989391563907997,0.21562140944266933,-0.7791924990777156,-0.0081612909974883,0.0318625833251311,-0.004946665629901981,10.00000002881006,9.663381414708823e-08,0.0499275534485667,-3.921813810644591e-09,4.7931279761187495e-09,-0.018110213544044938,6.193117095680888e-09,-1.9717545239481168e-07,16.583425763692436,6.927976131439209,1.8181343078613281,17.925588607788086,0.8236067891120911,0.2210490107536316,-0.8809464573860168,22.71086207645471,4.9351787191029475,16.087742371601443,True,0.8859544992446899,422.0,354.5,True,OFFBOARD
45.052,ACQUIRE,True,-5.9646775406139865,-4.1582133351674715,18.029306449315182,0.7998183424794347,0.21541515692731408,-0.7791330422821278,-0.008341034800189953,0.031804109947813644,-0.0048746505084259865,10.000000029240548,9.690100686820899e-08,0.04999999628703666,-1.2859194370052877e-13,1.2151301396906848e-12,6.321574644992846e-07,1.2219153589219604e-12,-2.0000303276630473e-07,16.49732308151996,7.005101680755615,1.8378574848175049,17.847759246826172,0.8248199820518494,0.2213592529296875,-0.8816808462142944,22.803203619593358,4.955780376157168,16.102840371383206,True,0.8859544992446899,422.0,354.5,True,OFFBOARD
45.152,ACQUIRE,True,-5.887862429242386,-4.137546299563976,17.95457141723911,0.8004009826127693,0.21509655877294148,-0.7775178446344906,-0.007879360403991655,0.03129304903303422,-0.004777271833851353,10.000000029596093,9.714652755317196e-08,0.04999999628703666,-1.285919242138079e-13,1.2151292240480688e-12,6.321574641804284e-07,1.221914446313109e-12,-2.0243458257211222e-07,16.417778890455953,7.089395046234131,1.8597323894500732,17.762643814086914,0.8266932368278503,0.22038491070270538,-0.8823148608207703,22.719689344884912,4.93838571516369,15.930605957161914,True,0.8859544992446899,422.0,354.5,True,OFFBOARD
45.252,ACQUIRE,True,-5.8078197822577025,-4.116073657993699,17.876979323938908,0.8003244369920914,0.21432092291145047,-0.7743385612951407,-0.007393416300402495,0.0304178789762387,-0.004734526188229034,10.00000002995164,9.739204070676327e-08,0.04999999651757936,1.9973217179835346e-13,-1.8863192755027206e-12,6.636450858583701e-08,1.8968640830550816e-12,-2.0486613302141393e-07,16.33490833690393,7.166589260101318,1.879431128501892,17.685970306396484,0.8266514539718628,0.21917308866977692,-0.8807677030563354,22.707544042627333,4.9418689471628925,15.839816947985334,True,0.8859544992446899,422.0,354.5,True,OFFBOARD
45.352,ACQUIRE,True,-5.724631424613387,-4.093848118721687,17.79654624287479,0.7993952085025581,0.21310183574108724,-0.7732856258558309,-0.007157240567060772,0.029892051387094144,-0.00469987484374718,10.000000030366435,9.767848418137166e-08,0.049999993795609377,5.184067078280337e-09,1.3726611167164116e-09,0.004999403227890966,5.3627185282704494e-09,-2.0770294083199937e-07,16.248803882558974,7.249194145202637,1.9000381231307983,17.605228424072266,0.8240803480148315,0.2168237864971161,-0.8781068325042725,22.7153125260081,4.94065539516009,15.762175330964043,True,0.8889697790145874,423.5,355.0,True,OFFBOARD
45.452,ACQUIRE,True,-5.644744740882628,-4.072596063636704,17.719145764174602,0.7984163448753221,0.21202166211619092,-0.7747650058672275,-0.007323271431834971,0.03003513803298916,-0.004642471212490989,10.00000003072198,9.792400974343595e-08,0.049999996287036774,-1.285919266539907e-13,1.2151297449733314e-12,6.321574646656515e-07,1.221914964602504e-12,-2.101344901320407e-07,16.166139875177645,7.326079368591309,1.9195204973220825,17.528980255126953,0.8226181268692017,0.21565203368663788,-0.8795165419578552,22.75430058324917,4.951018819044949,15.7232309632285,True,0.8889697790145874,423.5,355.0,True,OFFBOARD
45.552,ACQUIRE,True,-5.568141484642244,-4.0522920855817,17.64473158456967,0.7975117083799445,0.2109949487833145,-0.7751791124477811,-0.007084713269663028,0.0299187503763313,-0.004576814909718299,10.000000031077525,9.816953044193764e-08,0.049999996287036774,-1.2859194214708358e-13,1.215129834970582e-12,6.321574643535678e-07,1.221915055730468e-12,-2.1256603983878534e-07,16.086892247913166,7.409862995147705,1.9409916400909424,17.44491195678711,0.820586621761322,0.2147224247455597,-0.8808578848838806,22.733583285917383,4.9475690036180495,15.615886493972091,True,0.8889697790145874,423.5,355.0,True,OFFBOARD
45.652,ACQUIRE,True,-5.485252023938975,-4.030420179603666,17.564155546680773,0.7965573733293826,0.20962775496494984,-0.7745002090201886,-0.00677329818267621,0.029849710517238358,-0.004496384083918881,10.000000031417375,9.843429921753817e-08,0.04992755344854738,-3.921814361415757e-09,4.793127991731261e-09,-0.018110213548864978,6.1931174565419504e-09,-2.1500681728742508e-07,16.001166171111958,7.4864349365234375,1.9609020948410034,17.369787216186523,0.8196054697036743,0.21352232992649078,-0.8790044784545898,22.743965631342924,4.952823490103806,15.548113600652336,True,0.8889697790145874,423.5,355.0,True,OFFBOARD
45.752,ACQUIRE,True,-5.408838271824898,-4.010367200935103,17.48971640877975,0.7953705889875452,0.20817368729889385,-0.7767201363707359,-0.006534619054941332,0.029407143102702368,-0.004434838326774221,10.000000031772922,9.867981992239279e-08,0.049927553448544826,-3.921814436518023e-09,4.793127996935431e-09,-0.018110213549516262,6.193117508128474e-09,-2.1743836694700575e-07,15.922165171365485,7.568373203277588,1.982481837272644,17.29061508178711,0.8172208070755005,0.21281923353672028,-0.8803054690361023,22.767063855020545,4.963182606077721,15.488214054581437,True,0.8895830512046814,425.0,358.0,True,OFFBOARD
45.852,ACQUIRE,True,-5.329378147033031,-3.9896350991671703,17.41187156279409,0.7938536381564993,0.20651744672212996,-0.7799316410188519,-0.006372615899497419,0.029102960561543822,-0.004396128200169158,10.00000003220341,9.894700780798187e-08,0.049999993795609265,5.18406720729097e-09,1.3726612988623765e-09,0.0049994032278872615,5.3627186996060266e-09,-2.2026594751675242e-07,15.840044961302413,7.64470100402832,2.002580404281616,17.214860916137695,0.81557697057724,0.21203728020191193,-0.8827557563781738,22.68135741028971,4.9505921438099225,15.32291777359516,True,0.8895830512046814,425.0,358.0,True,OFFBOARD
45.952,ACQUIRE,True,-5.2500770289445295,-3.9690694863020797,17.333778205433173,0.7922867090490509,0.20489454112989378,-0.7815105353956255,-0.006478521856916194,0.029317005236265407,-0.004341102608961422,10.00000003255895,9.9192533386793e-08,0.049999996287036774,-1.2859193706157718e-13,1.2151286810999497e-12,6.321574645270402e-07,1.2219139077320268e-12,-2.2269749669420954e-07,15.758120565482834,7.7278876304626465,2.024489641189575,17.13066291809082,0.8141571283340454,0.2121424674987793,-0.8852612376213074,22.817191515012944,4.979515853173735,15.375931569625891,True,0.8895830512046814,425.0,358.0,True,OFFBOARD
46.052,ACQUIRE,True,-5.170915229446328,-3.9486604837430197,17.255637403254052,0.7910171575822484,0.20333004012343517,-0.7810926763760504,-0.006312999936494096,0.029367427109565948,-0.0043014744934278945,10.000000032914492,9.943804656735761e-08,0.04999999651757947,1.9973218464373166e-13,-1.8863192517328585e-12,6.636450892567628e-08,1.896864060769925e-12,-2.2512904694530233e-07,15.676370444044128,7.803765773773193,2.0438709259033203,17.054466247558594,0.811586320400238,0.21154260635375977,-0.8837057948112488,22.74147421999524,4.973158198312438,15.222215921101354,True,0.8870407938957214,426.0,361.0,True,OFFBOARD
46.152,ACQUIRE,True,-5.088718883997627,-3.927604154943788,17.17434197426371,0.7897729133860845,0.20170283948045775,-0.7827311339534896,-0.00651266147034799,0.029622397211064688,-0.004256657807696158,10.000000033329293,9.972449007328839e-08,0.049999993795609265,5.184067282618293e-09,1.372661409884679e-09,0.004999403227888845,5.362718800841604e-09,-2.2796585452465122e-07,15.591520572009248,7.884793281555176,2.063821315765381,16.974748611450195,0.8092981576919556,0.20939411222934723,-0.8841257691383362,22.701916788097353,4.970000628804922,15.099437976549448,True,0.8870407938957214,426.0,361.0,True,OFFBOARD
46.252,ACQUIRE,True,-5.009788051108289,-3.907496498290354,17.095929099253745,0.7889580507537352,0.20059735500852757,-0.7854117233267115,-0.00711888565335945,0.03013763662148641,-0.004257775315012991,10.000000033684836,9.997001566238812e-08,0.049999996287036774,-1.2859194291139847e-13,1.2151294997572932e-12,6.321574650195352e-07,1.2219147224590341e-12,-2.3039740362648206e-07,15.510069890745624,7.960203647613525,2.0821051597595215,16.902891159057617,0.8082064986228943,0.20818619430065155,-0.8861237168312073,22.760952764939592,4.992328419241452,15.084149755755476,True,0.8870407938957214,426.0,361.0,True,OFFBOARD
46.352,ACQUIRE,True,-4.930909768932079,-3.8874667256099245,17.0171138498862,0.7886776080640373,0.20011162125981885,-0.7913320020993905,-0.007699911034750176,0.030552943733740633,-0.0042396835045623036,10.000000034040376,1.0021552885316258e-07,0.04999999651757936,1.9973219063388931e-13,-1.8863192534269244e-12,6.636450919629314e-08,1.8968640630853127e-12,-2.3282895380283563e-07,15.428689700243257,8.042393684387207,2.101661205291748,16.827146530151367,0.8073047995567322,0.20766779780387878,-0.889387309551239,22.718183283546473,4.993255441410401,14.95794496530676,True,0.8870407938957214,426.0,361.0,True,OFFBOARD
46.452,ACQUIRE,True,-4.855205708844851,-3.868263254735725,16.940797417006134,0.7884814028851407,0.19997882673965886,-0.79798917837841,-0.007799060918730367,0.030458494233492627,-0.004195865274131909,10.00000003439592,1.0046104958170693e-07,0.04999999651757936,1.9973219108445718e-13,-1.886319240006746e-12,6.636450909220973e-08,1.896864049787181e-12,-2.3526050328696314e-07,15.35058953458048,8.118696212768555,2.1203269958496094,16.753459930419922,0.8064039945602417,0.208446204662323,-0.8951354026794434,22.75032403969615,5.00354879333419,14.912997713377823,True,0.8666267395019531,427.5,361.0,True,OFFBOARD
46.552,ACQUIRE,True,-4.773212433214854,-3.8474709254869897,16.85753645881117,0.7884138424413053,0.19988830965340493,-0.8024642358185864,-0.007872990376741875,0.031043751871157998,-0.00416960201339312,10.000000034810721,1.0074749310328768e-07,0.049999993795609265,5.184067387356617e-09,1.3726615573361745e-09,0.004999403227879749,5.36271893983295e-09,-2.380973107509996e-07,15.266002748694241,8.201714515686035,2.141084671020508,16.670631408691406,0.805482804775238,0.20970730483531952,-0.9000304937362671,22.868579123583743,5.031116322448177,14.948886258603215,True,0.8666267395019531,427.5,361.0,True,OFFBOARD
46.652,ACQUIRE,True,-4.697492378132964,-3.8282815105345405,16.780413140473975,0.7892184806314396,0.19991420049083192,-0.8038336395443948,-0.008043870222887944,0.03208294475536644,-0.004138997879302575,10.000000035166257,1.009930138388764e-07,0.049999993795609265,5.184067411885287e-09,1.3726615902959205e-09,0.0049994032278844434,5.36271897198098e-09,-2.405288601853091e-07,15.187890680938816,8.282474517822266,2.1615819931030273,16.58929443359375,0.805290699005127,0.21074268221855164,-0.900685727596283,22.784685539196893,5.019372890977559,14.781105957419229,True,0.8666267395019531,427.5,361.0,True,OFFBOARD
46.752,ACQUIRE,True,-4.615326242494792,-3.807479465726023,16.696696825043688,0.7909407771638207,0.20016109729801315,-0.8066370522214587,-0.008366148304209342,0.03292662928601607,-0.004091433205288645,10.000000035521804,1.0123853191002311e-07,0.04999999651757936,1.997321972433209e-13,-1.8863192434213477e-12,6.63645093628266e-08,1.8968640538313047e-12,-2.429604098324143e-07,15.103134206704746,8.355480194091797,2.1802947521209717,16.515949249267578,0.8045214414596558,0.21158528327941895,-0.8995103240013123,22.80353592423871,5.029369698713195,14.726287462654344,True,0.8666267395019531,427.5,361.0,True,OFFBOARD
46.852,ACQUIRE,True,-4.536113151485732,-3.7874349683673616,16.615780572946157,0.7933740755013342,0.20078935034209047,-0.8115660442554744,-0.008958087483844683,0.034038857088879486,-0.004040820832187154,10.000000035861662,1.0150330826062646e-07,0.04992755344851452,-3.92181530059508e-09,4.793128022956283e-09,-0.018110213557072444,6.193118075447172e-09,-2.454011863181555e-07,15.02142639711226,8.430087089538574,2.19897198677063,16.441673278808594,0.8042783737182617,0.2112673819065094,-0.9010151624679565,22.866772742567484,5.049092385278636,14.71533482223093,True,0.8646777272224426,427.5,363.0,True,OFFBOARD
46.952,ACQUIRE,True,-4.459787888295146,-3.7681040220190205,16.537613307953936,0.7967940642596122,0.201998024269532,-0.8166413144997479,-0.009744231047844427,0.03544295583501297,-0.004004516025339709,10.0000000362172,1.0174882900583374e-07,0.04992755344851196,-3.921815375754113e-09,4.793128022956283e-09,-0.018110213557723714,6.193118123041913e-09,-2.4783273567956573e-07,14.94269304742051,8.512531280517578,2.2190449237823486,16.36007308959961,0.8064070343971252,0.21145305037498474,-0.9048539996147156,22.8137923844686,5.04392856722939,14.577586794884708,True,0.8646777272224426,427.5,363.0,True,OFFBOARD
47.052,ACQUIRE,True,-4.379881748889179,-3.7478093583602314,16.455760755636344,0.8012020678027708,0.20390625572546528,-0.8196907735002024,-0.010349253787072245,0.03590762906841638,-0.00394227349783967,10.000000036647684,1.0201601693833238e-07,0.049999993795609265,5.184067514154609e-09,1.3726617455536716e-09,0.004999403227889958,5.362719110583697e-09,-2.5066031590019684e-07,14.860251542867655,8.589269638061523,2.2381627559661865,16.2816219329834,0.8088473081588745,0.2124965637922287,-0.9071218967437744,22.772486600998704,5.036627172240406,14.456660973644707,True,0.8646777272224426,427.5,363.0,True,OFFBOARD
47.152,ACQUIRE,True,-4.299526103990608,-3.7273035279383544,16.373782048019116,0.8057270816346802,0.20612941591153813,-0.8194269332935118,-0.01047281158026063,0.036034031838077726,-0.003891216923579129,10.000000037003229,1.022615425575403e-07,0.049999996287036774,-1.2859194541113828e-13,1.2151295539674018e-12,6.321574650403519e-07,1.2219147766311847e-12,-2.5309186478034926e-07,14.777321821245804,8.673138618469238,2.2595067024230957,16.194698333740234,0.8142075538635254,0.21473285555839539,-0.9074660539627075,22.75182775359938,5.03296559700426,14.349270434539969,True,0.8646777272224426,427.5,363.0,True,OFFBOARD
47.252,ACQUIRE,True,-4.21871971591318,-3.7065794593235304,16.291984224875883,0.8102033237811932,0.20822769230573035,-0.8163083878399029,-0.01031957501773583,0.03604120241553395,-0.0038463499828296824,10.000000037358774,1.0250705577840863e-07,0.04999999651757947,1.9973220397933697e-13,-1.8863192169250983e-12,6.63645094394875e-08,1.896864028191626e-12,-2.5552341473413023e-07,14.693900893577114,8.750503540039062,2.279277801513672,16.116025924682617,0.8184618353843689,0.2158234864473343,-0.9051087498664856,22.796767922489096,5.043586513855846,14.315688797917316,True,0.8646777272224426,427.5,363.0,True,OFFBOARD
47.352,ACQUIRE,True,-4.13747422417637,-3.685653607001736,16.210482382653215,0.8145185472280586,0.21021902735188033,-0.8140846757211216,-0.010470153254512216,0.03614189077662639,-0.0038247696584390086,10.000000037698621,1.0277183214567483e-07,0.04992755344846822,-3.921815662062691e-09,4.793128035099348e-09,-0.018110213568671287,6.193118313745956e-09,-2.579641910978124e-07,14.610004167471873,8.834076881408691,2.300640106201172,16.032087326049805,0.8215261101722717,0.2167932540178299,-0.9022729992866516,22.83109911907249,5.06064221485681,14.26654278938799,True,0.8698927164077759,426.0,362.5,True,OFFBOARD
47.452,ACQUIRE,True,-4.0525197602714105,-3.663670862058005,16.12589291977435,0.8190752459723277,0.21248666338532635,-0.8127932576266318,-0.010843852384519022,0.036506793785950044,-0.0038450285738614158,10.00000003812911,1.0303902496075105e-07,0.049999996287036774,-1.2859197274945753e-13,1.215130115762004e-12,6.321574655260746e-07,1.221915338183206e-12,-2.607917707728274e-07,14.522251809720613,8.912168502807617,2.319751262664795,15.955267906188965,0.8237981796264648,0.21722310781478882,-0.8989706635475159,22.84903359764464,5.0695453948712395,14.205547382667223,True,0.8698927164077759,426.0,362.5,True,OFFBOARD
47.552,ACQUIRE,True,-3.970380561470228,-3.6422978311319607,16.04457985940237,0.8235017216572994,0.21492126946863033,-0.8138079934997319,-0.011208782067467124,0.036564787316772415,-0.0038404242433588815,10.000000038484657,1.0328453819189884e-07,0.04999999651757936,1.9973220987903467e-13,-1.886319217586843e-12,6.636450970960477e-08,1.8968640294709055e-12,-2.632233206519035e-07,14.437377474827292,8.997644424438477,2.33967661857605,15.87341022491455,0.8274933695793152,0.2177565097808838,-0.8990511894226074,22.784230994395628,5.06221453252587,14.05283537026664,True,0.8698927164077759,426.0,362.5,True,OFFBOARD
47.652,ACQUIRE,True,-3.8878127935193776,-3.6206720141331035,15.963137228948082,0.8276135475310538,0.21748768391255408,-0.8147005465547204,-0.011288167352863154,0.03625839110917851,-0.0038081708009397477,10.000000038824503,1.0354931456948725e-07,0.049927553448492756,-3.9218159266782485e-09,4.793128040303518e-09,-0.018110213562543755,6.193118485342503e-09,-2.6566409694094174e-07,14.352024660304142,9.076987266540527,2.3588504791259766,15.795775413513184,0.8295895457267761,0.2177867889404297,-0.900270938873291,22.764397709094805,5.06182744112073,13.95174860295362,True,0.8648130893707275,425.5,361.5,True,OFFBOARD
47.752,ACQUIRE,True,-3.8048553275930677,-3.5987895952004245,15.881692228333964,0.8313239224216046,0.22006716631104595,-0.8139123549130275,-0.01141160289587654,0.035985956606032786,-0.0037772048449206713,10.00000003925499,1.0381650252938482e-07,0.049999993795609265,5.1840676917390105e-09,1.3726620014253843e-09,0.004999403227882763,5.3627193477460086e-09,-2.684916769556075e-07,14.266230020483476,9.16342830657959,2.3802835941314697,15.70995807647705,0.8334661722183228,0.219639852643013,-0.900146484375,22.808971423248465,5.077290157138274,13.909518012849011,True,0.8648130893707275,425.5,361.5,True,OFFBOARD
47.852,ACQUIRE,True,-3.7248867376287493,-3.5775435491665086,15.80365552890158,0.8344361332986109,0.22237298721742213,-0.8116841555167535,-0.010895507340813852,0.03525654927822059,-0.003697237151255323,10.000000039610535,1.0406202330514998e-07,0.049999993795609265,5.184067718569479e-09,1.3726620439261095e-09,0.004999403227886713,5.362719384561304e-09,-2.70923226092035e-07,14.183488133699464,9.244001388549805,2.400517702102661,15.632342338562012,0.8352243900299072,0.22149033844470978,-0.8993020057678223,22.793039040193005,5.077471317149984,13.810955866367829,True,0.8648130893707275,425.5,361.5,True,OFFBOARD
47.952,ACQUIRE,True,-3.6413174851393637,-3.5552155941200763,15.722585103405837,0.8367186913316924,0.22398766865067646,-0.8102545948175185,-0.010168370374036118,0.034512513233516486,-0.0036050846125096816,10.000000039966073,1.0430754895110329e-07,0.049999996287036774,-1.2859195541836933e-13,1.215129458464437e-12,6.321574653805244e-07,1.2219146827116841e-12,-2.733547747739848e-07,14.096989128288882,9.331881523132324,2.4227261543273926,15.55006217956543,0.8365404605865479,0.2227874994277954,-0.8961828947067261,22.789680912015136,5.073670893647764,13.716408874131192,True,0.8648130893707275,425.5,361.5,True,OFFBOARD
48.052,ACQUIRE,True,-3.5575584305321812,-3.5327598703567014,15.641536899630793,0.8382627502738623,0.22499076210192928,-0.8107030301840498,-0.009607120179110133,0.033716480714438224,-0.0035438637734474636,10.000000040321613,1.0455306219886733e-07,0.04999999651757947,1.9973221714078865e-13,-1.886319196543368e-12,6.636450977916023e-08,1.896864009309047e-12,-2.757863245295603e-07,14.010274256093057,9.412993431091309,2.4436182975769043,15.472274780273438,0.8381249308586121,0.22328253090381622,-0.8968381881713867,22.755908904793394,5.0701028454016965,13.59896372589915,True,0.8400152921676636,421.0,360.0,True,OFFBOARD
48.152,ACQUIRE,True,-3.473690406472639,-3.51023157650484,15.560504830382467,0.8389130117982158,0.2254709845112896,-0.8096583711207825,-0.009083211283058102,0.03269964553418457,-0.003482898654702021,10.00000004066147,1.0481783859321863e-07,0.04992755344847921,-3.921816315116196e-09,4.793128050711859e-09,-0.01811021356593068,6.1931187393777984e-09,-2.782271006965999e-07,13.923435665156587,9.50087833404541,2.4665355682373047,15.386066436767578,0.8389675617218018,0.22347889840602875,-0.8971994519233704,22.773612875681696,5.076192337279446,13.526854426101897,True,0.8400152921676636,421.0,360.0,True,OFFBOARD
48.252,ACQUIRE,True,-3.3898070122238937,-3.4876807446254308,15.479680449623173,0.8386311637985685,0.22547908287627727,-0.806726816621129,-0.008633377965759987,0.031804348322672475,-0.003459319981199954,10.000000041091955,1.0508502657268442e-07,0.049999993795609377,5.184067820907468e-09,1.3726621905102432e-09,0.0049994032278785116,5.362719521010276e-09,-2.810546805681203e-07,13.83657655037777,9.582381248474121,2.4884238243103027,15.30756950378418,0.8390038013458252,0.22356265783309937,-0.895026683807373,22.825948987035567,5.092230942979938,13.497107021769523,True,0.8400152921676636,421.0,360.0,True,OFFBOARD
48.352,ACQUIRE,True,-3.302640573023309,-3.464253059009975,15.395892649652588,0.8375862811537159,0.22496965191803614,-0.8050395072084661,-0.0079958789922534,0.031182901189974473,-0.0034406195683007617,10.00000004144749,1.0533054469749332e-07,0.04999999651757936,1.9973222286851032e-13,-1.88631919508753e-12,6.636451005671598e-08,1.8968640084644087e-12,-2.834862298187811e-07,13.746319409369601,9.670994758605957,2.512812376022339,15.223942756652832,0.8370717167854309,0.22356128692626953,-0.8927026987075806,22.84134703607915,5.099483434797056,13.421961342480687,True,0.8400152921676636,421.0,360.0,True,OFFBOARD
48.452,ACQUIRE,True,-3.21895254416072,-3.441805069535834,15.315465486620274,0.8362193994730188,0.2239780112425204,-0.8034361295639306,-0.007594597299467096,0.03104665697959344,-0.0034213461575920185,10.000000041787349,1.0559532110206637e-07,0.049927553448470774,-3.921816552660356e-09,4.7931280611202e-09,-0.018110213568014608,6.19311889785903e-09,-2.859270059111127e-07,13.65967533776344,9.752253532409668,2.535132884979248,15.144693374633789,0.8344944715499878,0.22334130108356476,-0.892055094242096,22.786549159042693,5.093211880032368,13.282945103680763,True,0.8144754767417908,419.5,360.0,True,OFFBOARD
48.552,ACQUIRE,True,-3.138737848790328,-3.420363672093066,15.23847334394911,0.8349936347842176,0.22272290278820947,-0.8004120580196034,-0.0072224558482433055,0.03108014470384271,-0.00339604138154186,10.000000042142892,1.0584084190091455e-07,0.04992755344843547,-3.921816600902915e-09,4.7931280611202e-09,-0.018110213576877796,6.193118928408818e-09,-2.8835855487603363e-07,13.576646188954273,9.839821815490723,2.559075355529785,15.057872772216797,0.8327997922897339,0.22224211692810059,-0.8903777599334717,22.74322254685881,5.091286147534146,13.149518695732324,True,0.8144754767417908,419.5,360.0,True,OFFBOARD
48.652,ACQUIRE,True,-3.055303771920708,-3.39816995389443,15.15864043773584,0.8337067535039625,0.22118308634855605,-0.7963246818069653,-0.00694209573134852,0.03078963846720549,-0.003327141360381244,10.000000042573369,1.0610802989596378e-07,0.049999993795609154,5.184067923135198e-09,1.372662343165909e-09,0.00499940322788475,5.362719658906758e-09,-2.9118613463212757e-07,13.490311984733369,9.919168472290039,2.580677032470703,14.97979736328125,0.8295210599899292,0.2211175411939621,-0.8878864645957947,22.755537695469577,5.098625161158722,13.080995283714246,True,0.8144754767417908,419.5,360.0,True,OFFBOARD
48.752,ACQUIRE,True,-2.968687690768712,-3.3752635812728884,15.075994650086894,0.831977989267125,0.21938000403893657,-0.7936353611072215,-0.006790123246806805,0.03029602088762628,-0.00325575337150479,10.000000042928912,1.0635354803414614e-07,0.04999999651757947,1.997322293534383e-13,-1.8863191842349205e-12,6.636451022324944e-08,1.8968639983549663e-12,-2.936176837836785e-07,13.400718879790325,10.003417015075684,2.603475570678711,14.897165298461914,0.825300395488739,0.21881097555160522,-0.8856216073036194,22.828016930789722,5.119442174207357,13.069064654679922,True,0.8144754767417908,419.5,360.0,True,OFFBOARD
48.852,ACQUIRE,True,-2.885594137856159,-3.353414883229611,14.996693308565439,0.8299396580377945,0.21767700735062936,-0.7924858667712169,-0.006830986528282661,0.02998423085673991,-0.0031926372946302346,10.00000004326877,1.066183244520665e-07,0.049927553448460005,-3.921816865705214e-09,4.793128068059094e-09,-0.01811021357075028,6.19311910146622e-09,-2.960584597776728e-07,13.31480114364377,10.087773323059082,2.6260342597961426,14.8128662109375,0.8216649293899536,0.21467697620391846,-0.8845325708389282,22.797767454055396,5.120401504255302,12.952444509056642,True,0.8234074115753174,422.0,362.5,True,OFFBOARD
48.952,ACQUIRE,True,-2.802712561247216,-3.331725805832174,14.917517299275314,0.8277591169820132,0.2162473834820266,-0.7908187514541184,-0.007265744261901945,0.029720587779104076,-0.003145832258492607,10.000000043699249,1.0688551245887701e-07,0.049999993795609154,5.184067998357517e-09,1.372662455922935e-09,0.004999403227885203,5.36271976048487e-09,-2.9888603944323257e-07,13.229128754469416,10.16568660736084,2.646611213684082,14.734186172485352,0.8188549280166626,0.2130589783191681,-0.8842193484306335,22.830839428017256,5.134706171126267,12.907234889310352,True,0.8234074115753174,422.0,362.5,True,OFFBOARD
49.052,ACQUIRE,True,-2.720058868088973,-3.310155431631795,14.838576907889511,0.825359342810784,0.21524316223413437,-0.7879652883723005,-0.007471184941693412,0.029225864734253752,-0.003046075310042104,10.000000044054786,1.0713103814193392e-07,0.04999999628703666,-1.2859197003795948e-13,1.2151303495430975e-12,6.321574939753733e-07,1.2219155703807744e-12,-3.0131758785216865e-07,13.143706799043038,10.243894577026367,2.667060375213623,14.657120704650879,0.8164606094360352,0.2109767347574234,-0.8828721642494202,22.73720553393094,5.119162607685723,12.73167797363751,True,0.8234074115753174,422.0,362.5,True,OFFBOARD
49.152,ACQUIRE,True,-2.6376753639499735,-3.288680742404547,14.759862155402427,0.8222872996728482,0.21425798726322437,-0.7868031374343707,-0.007242762468870295,0.028248430518914194,-0.0029705631079127793,10.000000044410333,1.0737655142681512e-07,0.04999999651757947,1.9973223575121506e-13,-1.8863191720852917e-12,6.636451038961637e-08,1.896863986946539e-12,-3.0374913733484043e-07,13.058570421711245,10.328779220581055,2.689082145690918,14.575183868408203,0.8127294182777405,0.2101382166147232,-0.8816523551940918,22.78285226621581,5.13373216129289,12.691739405014147,True,0.8234074115753174,422.0,362.5,True,OFFBOARD
49.252,ACQUIRE,True,-2.558913515370134,-3.2681693061920747,14.684333388049675,0.8186345636268112,0.21306511647190146,-0.7865685823167184,-0.006854361995812517,0.02743829656799306,-0.002906507114635318,10.000000044765875,1.076220722494943e-07,0.04999999651757947,1.9973223630483153e-13,-1.8863191599886024e-12,6.636451028569948e-08,1.8968639749753897e-12,-3.061806861252641e-07,12.977181555652152,10.40673542022705,2.709336519241333,14.497856140136719,0.8080365657806396,0.20906612277030945,-0.8834155797958374,22.82995590718383,5.146384184724079,12.660000339311903,True,0.8653450012207031,422.5,370.0,True,OFFBOARD
49.352,ACQUIRE,True,-2.4772691582870565,-3.246941247487311,14.60576096809782,0.814414265453353,0.21154197995990817,-0.7846458751601569,-0.006687714472519706,0.02720005007820265,-0.0028606715793023205,10.00000004510572,1.0788684868420865e-07,0.04992755344844624,-3.921817253647852e-09,4.7931280819368816e-09,-0.018110213574137182,6.193119357873051e-09,-3.0862146199724887e-07,12.892822613344713,10.490694999694824,2.7310950756073,14.412602424621582,0.8031725883483887,0.20596151053905487,-0.883360743522644,22.81439734247028,5.1476733340007215,12.55840315932997,True,0.8653450012207031,422.5,370.0,True,OFFBOARD
49.452,ACQUIRE,True,-2.3960377586164427,-3.2258606129727765,14.52745761253326,0.810443033278851,0.2102011576902182,-0.7814764741116963,-0.007092899659635166,0.027432736822930494,-0.002814530908886611,10.000000045536208,1.0815403671051284e-07,0.04999999379560904,5.1840681274615415e-09,1.372662641538347e-09,0.004999403227881215,5.362719932798807e-09,-3.114490415196605e-07,12.808900445943458,10.567861557006836,2.7512598037719727,14.337526321411133,0.7984669208526611,0.2040380835533142,-0.8809504508972168,22.826559472164618,5.159614834706007,12.493031999083291,True,0.8653450012207031,422.5,370.0,True,OFFBOARD
49.552,ACQUIRE,True,-2.311963452042039,-3.204055199047358,14.44616780193033,0.806526937527116,0.2092131419174331,-0.7829641027612487,-0.007360309026825767,0.027389736779940336,-0.002799732766977996,10.000000045891753,1.0839955487559831e-07,0.04999999651757947,1.9973224129443668e-13,-1.886319152127078e-12,6.636451041043305e-08,1.8968639676829533e-12,-3.138805904730025e-07,12.722044473575497,10.651034355163574,2.7731945514678955,14.260031700134277,0.7928349375724792,0.2010771781206131,-0.8796878457069397,22.806533312328497,5.159653533403917,12.387547835229565,True,0.8653450012207031,422.5,370.0,True,OFFBOARD
49.652,ACQUIRE,True,-2.231506507119332,-3.183170488803767,14.36764021229481,0.8027744838220547,0.20855841443042664,-0.7873311251248355,-0.007640504505577975,0.027308588382666543,-0.002787372758259488,10.000000046231598,1.0866433132051114e-07,0.04992755344843802,-3.921817492003529e-09,4.7931280854063285e-09,-0.01811021357622207,6.193119511497884e-09,-3.1632136627025406e-07,12.638921141349531,10.727237701416016,2.7931008338928223,14.185281753540039,0.7879577875137329,0.19953306019306183,-0.8836711049079895,22.75296282803079,5.156092142708973,12.255684099487656,True,0.8653450012207031,422.5,370.0,True,OFFBOARD
49.752,ACQUIRE,True,-2.1546151297294767,-3.163170084617681,14.291928300532776,0.7993329957845642,0.20819244415769642,-0.7894678874898859,-0.008030201637869787,0.027596325170486453,-0.0027789107456990645,10.00000004658714,1.0890985215969841e-07,0.04992755344843536,-3.9218175665821e-09,4.793128094079946e-09,-0.018110213576873344,6.193119565437955e-09,-3.187529149379318e-07,12.55947115755943,10.8092041015625,2.814237117767334,14.101374626159668,0.7833631634712219,0.1965349316596985,-0.8868587613105774,22.766907596445755,5.163316649693014,12.186256501438635,True,0.8371002674102783,424.5,373.0,True,OFFBOARD
49.852,ACQUIRE,True,-2.074835963302252,-3.142346762460993,14.21298652013693,0.7965004262399995,0.20837045369915358,-0.7891490217209435,-0.008632285523954893,0.028249432533909633,-0.0027924313379818237,10.000000047017627,1.0917704020170463e-07,0.04999999379560904,5.184068229670919e-09,1.3726627863877572e-09,0.004999403227887034,5.362720068679436e-09,-3.2158049434396234e-07,12.477019216856686,10.885231018066406,2.834080934524536,14.02599048614502,0.7806445360183716,0.1945858746767044,-0.8864171504974365,22.820392793450868,5.180608946985792,12.163645848094383,True,0.8371002674102783,424.5,373.0,True,OFFBOARD
49.952,ACQUIRE,True,-1.9921391787497638,-3.1206487437798733,14.130845840317521,0.793979481671461,0.20891284983630254,-0.7910533006095185,-0.008910865398023007,0.02858475290128255,-0.002811128901190037,10.000000047373165,1.0942255838022635e-07,0.04999999651757936,1.9973224863172259e-13,-1.8863191488977648e-12,6.636451073656107e-08,1.8968639652441797e-12,-3.240120431982505e-07,12.391523412547379,10.968009948730469,2.8559985160827637,13.947243690490723,0.7789056897163391,0.1937408298254013,-0.8870681524276733,22.79436311586744,5.182566567134948,12.053030661623135,True,0.8371002674102783,424.5,373.0,True,OFFBOARD
50.052,ACQUIRE,True,-1.9128484266373096,-3.099717878314215,14.051560721172462,0.7919384667818453,0.20969742823136933,-0.7944848827424793,-0.009085990858161612,0.028678483486211343,-0.002813937285945088,10.00000004771301,1.0968733483867103e-07,0.04992755344842714,-3.921817804931398e-09,4.793128102753563e-09,-0.018110213578957722,6.193119723086492e-09,-3.264528188971723e-07,12.309517065180545,11.043830871582031,2.875783681869507,13.872441291809082,0.7763189077377319,0.19332776963710785,-0.8897121548652649,22.799765471190966,5.190862690065537,11.981718955328255,True,0.8371002674102783,424.5,373.0,True,OFFBOARD
50.152,ACQUIRE,True,-1.8337559224653084,-3.0787083928324557,13.971971987247397,0.7900538029266488,0.2104462793077982,-0.7967202818774716,-0.009033713220968225,0.029042190939112072,-0.0028135085396452453,10.0000000481435,1.099545228924453e-07,0.049999993795609154,5.1840683051123126e-09,1.3726628982774214e-09,0.004999403227888183,5.3627201702473175e-09,-3.292803982144841e-07,12.227682790171343,11.125426292419434,2.896845579147339,13.788763046264648,0.774638831615448,0.19250863790512085,-0.8929103016853333,22.755639991119267,5.1835656421180785,11.852888227087023,True,0.82146155834198,425.0,379.0,True,OFFBOARD
50.252,ACQUIRE,True,-1.754815262129501,-3.0576223803512628,13.892302527000394,0.7889599044097357,0.21127367588292376,-0.7964645115595407,-0.009219454043277824,0.02993019439181907,-0.0028286618815814386,10.000000048499038,1.1020004861578709e-07,0.049999996287036774,-1.2859196594176109e-13,1.2151297223152e-12,6.321574944886851e-07,1.2219149462047603e-12,-3.317119463261149e-07,12.14597621773204,11.201773643493652,2.9175448417663574,13.713333129882812,0.7734463810920715,0.19251544773578644,-0.8922227621078491,22.869703580539976,5.211377844374519,11.891268177098532,True,0.82146155834198,425.0,379.0,True,OFFBOARD
50.352,ACQUIRE,True,-1.6759434898366872,-3.036449469311195,13.812574138192046,0.7886036010972615,0.2121568182660147,-0.7987092395069709,-0.009325756866952209,0.03067856435766291,-0.002831117530896399,10.000000048854574,1.1044556194084106e-07,0.04999999651757936,1.997322550895087e-13,-1.8863191370393035e-12,6.636451090292798e-08,1.8968639541316197e-12,-3.341434955114875e-07,12.064314467432917,11.285673141479492,2.941295862197876,13.634167671203613,0.7734664678573608,0.19177651405334473,-0.8924805521965027,22.788855759441894,5.203064672715213,11.723429894634988,True,0.82146155834198,425.0,379.0,True,OFFBOARD
50.452,ACQUIRE,True,-1.6002299484221543,-3.016035699626614,13.73572937576169,0.7888241125442899,0.21311607951428627,-0.8017996126818481,-0.009478322280402634,0.03110144248553665,-0.0028293841404856105,10.000000049210115,1.106910828037625e-07,0.04999999651757947,1.997322556195376e-13,-1.886319124598507e-12,6.636451079173915e-08,1.8968639418157925e-12,-3.365750440045916e-07,11.985900383662726,11.36227035522461,2.9622817039489746,13.557906150817871,0.7735931277275085,0.19212302565574646,-0.8960005044937134,22.817342825484122,5.215836657283173,11.67463897628507,True,0.7590741515159607,423.5,383.0,True,OFFBOARD
50.552,ACQUIRE,True,-1.5213245283019292,-2.994673528950832,13.655479525741278,0.7892884333643253,0.21404779365333004,-0.8025068025981064,-0.009274315869365585,0.031234182902765292,-0.0028472200638869584,10.00000004954997,1.1095585927892577e-07,0.049927553448380624,-3.9218181657939395e-09,4.79312810622301e-09,-0.018110213590556572,6.193119954289301e-09,-3.3901581958232806e-07,11.90415852707642,11.444601058959961,2.984220266342163,13.47258186340332,0.773766815662384,0.19104400277137756,-0.8986626863479614,22.829229771018063,5.224289788159446,11.60291697694991,True,0.7590741515159607,423.5,383.0,True,OFFBOARD
50.652,ACQUIRE,True,-1.4391995653509662,-2.972367316818493,13.572152711404504,0.7901305957249561,0.21486938131063574,-0.799796477159481,-0.00919988079898617,0.03205234595359672,-0.002849541752319526,10.000000049980446,1.1122305221901148e-07,0.049999996287036774,-1.285920012938061e-13,1.2151305085735334e-12,6.321574946690963e-07,1.2219157318174276e-12,-3.418433983263923e-07,11.819063244042677,11.520279884338379,3.0054428577423096,13.396310806274414,0.7729963064193726,0.19258928298950195,-0.8952292203903198,22.820120806785745,5.226238268003646,11.516003522353316,True,0.7590741515159607,423.5,383.0,True,OFFBOARD
50.752,ACQUIRE,True,-1.360099177598443,-2.9508476324994626,13.492145205782847,0.7919717956622927,0.2154318193259984,-0.8011780665527335,-0.008830373000782304,0.03327857248058298,-0.0028549448346462418,10.000000050335986,1.1146856555755728e-07,0.04999999651757936,1.9973226164407495e-13,-1.8863191266102103e-12,6.636451106946144e-08,1.896863944450672e-12,-3.4427494741264216e-07,11.737093203881344,11.602054595947266,3.0295803546905518,13.317205429077148,0.7731789946556091,0.19330240786075592,-0.8943784236907959,22.82259928335732,5.2321982329377965,11.434690577350155,True,0.7590741515159607,423.5,383.0,True,OFFBOARD
50.852,ACQUIRE,True,-1.2839489832704902,-2.930157178216404,13.415073900781325,0.7944492311863386,0.21553889994964118,-0.8040599781409764,-0.008342227911341434,0.03372563582244219,-0.0028390391071149755,10.000000050691531,1.1171408643383288e-07,0.04999999651757936,1.997322619796518e-13,-1.886319112581227e-12,6.636451097231692e-08,1.8968639305350127e-12,-3.467064958066574e-07,11.658187146584378,11.677303314208984,3.050872802734375,13.241711616516113,0.7750730514526367,0.19341878592967987,-0.8982332348823547,22.802282767589844,5.23479077068377,11.337312976577762,True,0.7344274520874023,422.0,382.5,True,OFFBOARD
50.952,ACQUIRE,True,-1.2043645607548812,-2.9086144422455025,13.334616747902691,0.7971544786492717,0.21530731441727852,-0.8046870851533994,-0.008219210458110955,0.03391292680757125,-0.0028111942510186277,10.000000051031378,1.1197886292246687e-07,0.049927553448402495,-3.921818506156613e-09,4.7931281183660746e-09,-0.018110213585080318,6.1931201792233926e-09,-3.491472712861041e-07,11.57574295580608,11.758688926696777,3.0730550289154053,13.157079696655273,0.7766621112823486,0.19173769652843475,-0.900208592414856,22.80861494978805,5.243131196755657,11.26099887621067,True,0.7344274520874023,422.0,382.5,True,OFFBOARD
51.052,ACQUIRE,True,-1.1213021729653945,-2.886231976621001,13.251003128125316,0.8000794796084204,0.21517286586333687,-0.8030556319145089,-0.008445608773269768,0.03396681934300961,-0.0027818600500503637,10.000000051461855,1.1224605587805844e-07,0.04999999628703666,-1.2859200486226327e-13,1.2151289064107136e-12,6.321574948356299e-07,1.2219141389268695e-12,-3.5197484991203336e-07,11.489721443005326,11.8348970413208,3.0942976474761963,13.0795316696167,0.7795156240463257,0.19190140068531036,-0.8988120555877686,22.797742930826004,5.247338196669789,11.172268059955998,True,0.7344274520874023,422.0,382.5,True,OFFBOARD
51.152,ACQUIRE,True,-1.0443645335771736,-2.865576552758323,13.173944908049497,0.8026406310031767,0.21511669701284214,-0.8026221783278741,-0.008213278459251388,0.033835683946118925,-0.002710480680686521,10.0000000518174,1.124915767646801e-07,0.04999999628703666,-1.285919879100238e-13,1.215130872162426e-12,6.321574945235462e-07,1.2219160919788517e-12,-3.544063982312965e-07,11.410062169836875,11.918733596801758,3.1184003353118896,12.99634075164795,0.783073365688324,0.19355162978172302,-0.896636426448822,22.82759013619196,5.258165612624232,11.116732723196506,True,0.7344274520874023,422.0,382.5,True,OFFBOARD
51.252,ACQUIRE,True,-0.9639721917203283,-2.844084136143941,13.093673421228127,0.8050958975158045,0.21466426022646112,-0.8025755925886773,-0.007631348344864088,0.033798141980246,-0.0026206252963483965,10.00000005217294,1.127370901199207e-07,0.04999999651757936,1.9973226843132452e-13,-1.886319101066873e-12,6.636451113174495e-08,1.896863919764003e-12,-3.5683794719405136e-07,11.326848748861936,11.99570083618164,3.139721632003784,12.91805362701416,0.7847806215286255,0.19399519264698029,-0.8974196910858154,22.814586461593407,5.259057279271767,11.024512223292339,True,0.7113463878631592,422.5,381.0,True,OFFBOARD
51.352,ACQUIRE,True,-0.8801079143785275,-2.821810501906555,13.010308420380037,0.8075774573842127,0.21366367054808713,-0.8002403156755322,-0.007290993890376891,0.03376279247941639,-0.0026238724105541226,10.000000052587728,1.1302353382957129e-07,0.049999993795609154,5.184068611750286e-09,1.3726633441013547e-09,0.004999403227876717,5.362720580784911e-09,-3.5967475327034833e-07,11.240078492580679,12.078770637512207,3.1619200706481934,12.831778526306152,0.7873251438140869,0.19304727017879486,-0.8976762890815735,22.811024468384623,5.263672200077552,10.936116052046838,True,0.7113463878631592,422.5,381.0,True,OFFBOARD
51.452,ACQUIRE,True,-0.7992337129266123,-2.8004978828822362,12.930478222970207,0.8097680056094986,0.21263828818451574,-0.7964743587834292,-0.007341254066465674,0.03350489286031087,-0.002614177171411426,10.00000005294327,1.1326905959318029e-07,0.049999996287036774,-1.2859199486661274e-13,1.2151293187040007e-12,6.321574950092688e-07,1.2219145478787884e-12,-3.621063010846757e-07,11.156443831093833,12.15588092803955,3.1818463802337646,12.75528335571289,0.7899447679519653,0.19077225029468536,-0.8932915329933167,22.800147377939304,5.269024630996526,10.846968300263377,True,0.7113463878631592,422.5,381.0,True,OFFBOARD
51.552,ACQUIRE,True,-0.7214077217738881,-2.7801229098088522,12.854042550080612,0.8114649886901499,0.21196492969330172,-0.7967508061099212,-0.007928698203772667,0.033255217903580325,-0.0025871539713277127,10.00000005329881,1.1351458049325387e-07,0.049999996287036885,-1.2859200026479342e-13,1.2151300744691479e-12,6.321574945514684e-07,1.2219153000153071e-12,-3.6453784930486694e-07,11.075995156382216,12.239892959594727,3.2029573917388916,12.676167488098145,0.7916691899299622,0.19007262587547302,-0.890789270401001,22.81808107163119,5.279183666934394,10.780017591796488,True,0.7113463878631592,422.5,381.0,True,OFFBOARD
51.652,ACQUIRE,True,-0.6401779882361999,-2.7589395827534178,12.774199832616159,0.8130674659889556,0.21175116859477608,-0.8000597111061029,-0.008213721002226023,0.033349821376252205,-0.0025650691940718394,10.000000053654347,1.1376009386178027e-07,0.04999999651757947,1.9973227490173807e-13,-1.8863190895789887e-12,6.636451131232273e-08,1.89686390902129e-12,-3.669693981684899e-07,10.992048808667464,12.31705379486084,3.2219181060791016,12.600581169128418,0.7917773723602295,0.18846501410007477,-0.8931973576545715,22.84193903813914,5.287920352377833,10.725743548392753,True,0.7643886208534241,425.5,379.5,True,OFFBOARD
51.752,ACQUIRE,True,-0.55878846006166,-2.737764974872145,12.694075467640623,0.8146159580944061,0.21178314529167536,-0.8019730299258659,-0.008460587565639839,0.03308595296741679,-0.002545368584520927,10.000000053994196,1.1402487037729547e-07,0.049927553448380735,-3.921819131995671e-09,4.793128139182756e-09,-0.018110213590551653,6.193120591649482e-09,-3.694101734503615e-07,10.907949970848836,12.400338172912598,3.242021083831787,12.51629638671875,0.7929441928863525,0.18785229325294495,-0.8958576917648315,22.81549789755921,5.28748781812293,10.614117309083813,True,0.7643886208534241,425.5,379.5,True,OFFBOARD
51.852,ACQUIRE,True,-0.4772591551409282,-2.7165785889655982,12.613896406800656,0.8159163715262262,0.21194469476765745,-0.8012936800617634,-0.008512467377988596,0.03305270113718983,-0.002523861895584074,10.000000054424683,1.142920584973544e-07,0.049999993795609154,5.184068740960381e-09,1.3726635279820432e-09,0.004999403227886629,5.362720752757377e-09,-3.72237752274547e-07,10.82371287476809,12.479278564453125,3.2615678310394287,12.439878463745117,0.7941325306892395,0.18604180216789246,-0.8957820534706116,22.785889147195626,5.2855765236977605,10.503467660361324,True,0.7643886208534241,425.5,379.5,True,OFFBOARD
51.952,ACQUIRE,True,-0.3956048998280845,-2.695373749569857,12.533764301115726,0.8170292884961018,0.21214671847931935,-0.8018616065860745,-0.008538660538156452,0.03256071025130341,-0.0025204582685104406,10.000000054780218,1.1453758427775836e-07,0.04999999628703666,-1.2859201592497678e-13,1.2151297223152e-12,6.321574948493413e-07,1.2219149514648983e-12,-3.7466929996546256e-07,10.739350196338238,12.566956520080566,3.2838363647460938,12.358445167541504,0.7959121465682983,0.18653668463230133,-0.8950584530830383,22.825128015661665,5.298355195077056,10.454107735742472,True,0.7643886208534241,425.5,379.5,True,OFFBOARD
52.052,ACQUIRE,True,-0.31060680759324905,-2.6733015920692313,12.450292175504726,0.8174011938123873,0.2123011521450141,-0.8030970209039305,-0.00847879724558176,0.0317351432705274,-0.0025157634990112987,10.000000055120065,1.1480235326921217e-07,0.04992755344837241,-3.921819369693792e-09,4.793128142652203e-09,-0.01811021359263122,6.193120744857957e-09,-3.771100758404749e-07,10.65153303019774,12.646759986877441,3.3036203384399414,12.281249046325684,0.796999454498291,0.18591435253620148,-0.8969331383705139,22.828770682870115,5.306368507802395,10.37710663158059,True,0.7097771763801575,427.0,380.5,True,OFFBOARD
52.152,ACQUIRE,True,-0.23214885452045267,-2.6529134786998596,12.37321051609767,0.8170356773447875,0.21245525436119955,-0.8023654970452262,-0.008509078351728377,0.03090528066049395,-0.0024360351227788366,10.000000055475608,1.1504787418898277e-07,0.049927553448369744,-3.92181944447752e-09,4.793128147856374e-09,-0.01811021359328683,6.1931207962427985e-09,-3.7954162391353343e-07,10.57046932979918,12.73228645324707,3.3243775367736816,12.194954872131348,0.7973865270614624,0.18512924015522003,-0.8978365063667297,22.81549830048591,5.306462787738327,10.276177455571176,True,0.7097771763801575,427.0,380.5,True,OFFBOARD
52.252,ACQUIRE,True,-0.14722796946288644,-2.6308080061668146,12.289926169986881,0.8160601916944804,0.21264222453009476,-0.7991311702162085,-0.008439284976278608,0.03061316903206461,-0.0023371842544052442,10.000000055906087,1.1531506719148971e-07,0.049999996287036774,-1.285920181600188e-13,1.215129914591679e-12,6.321574949882857e-07,1.221915142908888e-12,-3.8236920219090065e-07,10.482718539142818,12.810986518859863,3.34372615814209,12.116827011108398,0.7967439889907837,0.18625597655773163,-0.8939460515975952,22.82680094448463,5.312403306788385,10.207459445138898,True,0.7097771763801575,427.0,380.5,True,OFFBOARD
52.352,ACQUIRE,True,-0.06567292804224104,-2.609544495059695,12.210074415600836,0.8150942409316486,0.2125771835491397,-0.7984648989303418,-0.008159975779749818,0.03073152466441757,-0.0022535201878460995,10.000000056261623,1.1556058058372755e-07,0.04999999651757947,1.9973228742613142e-13,-1.886319080393975e-12,6.636451175641193e-08,1.896863901206106e-12,-3.8480075088016435e-07,10.398437175929947,12.896167755126953,3.3649075031280518,12.035303115844727,0.7958052158355713,0.1850452721118927,-0.8922296166419983,22.83296364591356,5.31346042383422,10.126044196029667,True,0.6778509616851807,425.0,385.0,True,OFFBOARD
52.452,ACQUIRE,True,0.012536283773128015,-2.589144449839235,12.133395892025872,0.8143318365771608,0.21244295194597182,-0.7988530457273849,-0.008255311331061874,0.030934236754093795,-0.0021790769474255792,10.00000005661716,1.1580610151382172e-07,0.04999999651757958,1.9973228765515706e-13,-1.886319065147382e-12,6.636451164505656e-08,1.8968638860683853e-12,-3.8723229887776746e-07,10.31761126403213,12.974014282226562,3.3838396072387695,11.957810401916504,0.7953662872314453,0.18525558710098267,-0.8938341736793518,22.82707496477631,5.316424712885095,10.040801263075258,True,0.6778509616851807,425.0,385.0,True,OFFBOARD
52.552,ACQUIRE,True,0.09719326781521875,-2.567054059766831,12.0503698860112,0.813719673374584,0.21234897685003548,-0.7974316228300565,-0.008096925482075547,0.030949667244740055,-0.002126497081795585,10.000000057031956,1.1609254527063105e-07,0.04999999379560904,5.1840689185345085e-09,1.372663793394735e-09,0.004999403227878966,5.362720992351958e-09,-3.9006910460720073e-07,10.23011971808513,13.057759284973145,3.403909683227539,11.871968269348145,0.794455349445343,0.18447817862033844,-0.8938146829605103,22.83573806537901,5.3220752162415295,9.964347848309504,True,0.6778509616851807,425.0,385.0,True,OFFBOARD
52.652,ACQUIRE,True,0.17853659806095523,-2.545831610146347,11.970800753261043,0.8131787501566825,0.21210552506541408,-0.7938906973064032,-0.008068524058657383,0.030931244550070836,-0.002105808444715266,10.00000005738749,1.163380710745462e-07,0.04999999628703666,-1.285920121050567e-13,1.2151288881995053e-12,6.32157495529353e-07,1.2219141215790057e-12,-3.9250065212338923e-07,10.146053600413364,13.135284423828125,3.4231648445129395,11.795661926269531,0.7930285334587097,0.1834421306848526,-0.8921497464179993,22.863202975251298,5.328900706285042,9.912831508603755,True,0.6778509616851807,425.0,385.0,True,OFFBOARD
52.752,ACQUIRE,True,0.25656851765337607,-2.5254780185921515,11.894630021235852,0.812447154683399,0.2119530026676945,-0.7938239824873103,-0.008228752670832184,0.030547546236179758,-0.002077060972196735,10.000000057743025,1.1658359201474839e-07,0.049999996287036885,-1.285920138636427e-13,1.215128871047088e-12,6.321574952101638e-07,1.2219141047069054e-12,-3.949322000462996e-07,10.065410969635789,13.219688415527344,3.444788932800293,11.715960502624512,0.7927716374397278,0.18187716603279114,-0.8892419934272766,22.85053476038317,5.331665709710106,9.813944430730407,True,0.6828845143318176,422.5,386.5,True,OFFBOARD
52.852,ACQUIRE,True,0.33775628075424635,-2.5042821339394132,11.815121566405528,0.8112999147289488,0.21201315834781465,-0.7960987344358622,-0.008509074899943906,0.030121695162377907,-0.001995284046658111,10.00000005809857,1.1682910542380815e-07,0.04999999651757947,1.9973229427635012e-13,-1.8863190553535637e-12,6.636451182563434e-08,1.896863877026197e-12,-3.973637486126488e-07,9.981502111623445,13.297053337097168,3.4639554023742676,11.639554977416992,0.7925636768341064,0.18194076418876648,-0.8919777870178223,22.856750949196236,5.33664724305588,9.741395853004235,True,0.6828845143318176,422.5,386.5,True,OFFBOARD
52.952,ACQUIRE,True,0.4220475641675906,-2.4822203519438855,11.732286233368013,0.8097085760644864,0.21227080394500114,-0.7965740708760688,-0.008688195975179726,0.029853069236835002,-0.0019151098153125728,10.000000058513358,1.1711554919618471e-07,0.049999993795609154,5.184069020674755e-09,1.3726639408462304e-09,0.004999403227884514,5.362721128831819e-09,-4.00200554226464e-07,9.89437175574892,13.380285263061523,3.484042167663574,11.555099487304688,0.7911242246627808,0.18076004087924957,-0.8930979371070862,22.836171941660183,5.337175732154392,9.63576135478365,True,0.6828845143318176,422.5,386.5,True,OFFBOARD
53.052,ACQUIRE,True,0.4997120336021516,-2.461822961995514,11.655857677447372,0.8084005247804618,0.21266740358122338,-0.795384232834925,-0.008756401735722624,0.02999750924934476,-0.0018198598226860851,10.000000058868892,1.173610701466013e-07,0.049999993795609154,5.1840690458797695e-09,1.3726639772754234e-09,0.004999403227886399,5.362721162521725e-09,-4.0263210207427807e-07,9.814073845100177,13.457693099975586,3.5038888454437256,11.47982120513916,0.7895331978797913,0.17982514202594757,-0.8925110101699829,22.84858915747484,5.342777178239791,9.569244435338065,True,0.6828845143318176,422.5,386.5,True,OFFBOARD
53.152,ACQUIRE,True,0.583707813912415,-2.439682994448936,11.573091051307077,0.8069276200115084,0.21305455666182535,-0.7972318505483293,-0.008592554443276697,0.029871343193575272,-0.0017469926222621764,10.000000059224435,1.1760658843270498e-07,0.04999999651757958,1.9973230011214811e-13,-1.8863190551418054e-12,6.636451209608467e-08,1.8968638774301026e-12,-4.050636501351892e-07,9.727209946144487,13.542203903198242,3.5269134044647217,11.401308059692383,0.7889629602432251,0.18063758313655853,-0.8915573954582214,22.849063651247352,5.347540568746562,9.483265346977152,True,0.641004204750061,422.5,389.0,True,OFFBOARD
53.252,ACQUIRE,True,0.6611023971108743,-2.4192239814126397,11.496360600865719,0.8055030124950306,0.21310980360235116,-0.8010610864968619,-0.008192310772035315,0.029729409640155694,-0.001710173644554881,10.000000059579971,1.1785210938972089e-07,0.04999999651757947,1.9973230070440943e-13,-1.886319043680391e-12,6.636451199216779e-08,1.8968638660947657e-12,-4.074951979345782e-07,9.647157860869392,13.619478225708008,3.5470221042633057,11.326212882995605,0.7881910800933838,0.1795887053012848,-0.8950681686401367,22.855245744781836,5.3521168866743665,9.410513739422878,True,0.641004204750061,422.5,389.0,True,OFFBOARD
53.352,ACQUIRE,True,0.7415713074368627,-2.3979240147375083,11.416125214030489,0.8039405042456401,0.212880316517845,-0.8030204653825185,-0.008061013806840446,0.029748719951940283,-0.001698071649115017,10.000000059919817,1.181168859591038e-07,0.04992755344833688,-3.921820383669052e-09,4.793128177346673e-09,-0.018110213601494306,6.193121413813611e-09,-4.0993597282305787e-07,9.56391881561782,13.702473640441895,3.5678489208221436,11.24198055267334,0.7854946851730347,0.179554745554924,-0.8980279564857483,22.833565322434563,5.3524046312593985,9.303841915499742,True,0.641004204750061,422.5,389.0,True,OFFBOARD
53.452,ACQUIRE,True,0.8219076898551171,-2.3766443882725223,11.335847740391985,0.803007817861987,0.2127688914792741,-0.8022810789862946,-0.008349173058687357,0.03076703013321339,-0.0016836365161394225,10.000000060350297,1.1838407414169976e-07,0.049999993795609154,5.1840691498379785e-09,1.3726641229921954e-09,0.004999403227880818,5.362721300314962e-09,-4.1276355118175465e-07,9.480813186238976,13.78010082244873,3.588317394256592,11.165458679199219,0.7846041917800903,0.17942948639392853,-0.8970276117324829,22.829751878417945,5.355955468049324,9.220668554650816,True,0.641004204750061,422.5,389.0,True,OFFBOARD
53.552,ACQUIRE,True,0.9054068091237203,-2.354514072062809,11.252378637473313,0.802816801394414,0.21279816366355583,-0.8035056314961765,-0.008282550141918154,0.03125913636776241,-0.0016345129621622577,10.000000060705839,1.1862959244116188e-07,0.04999999651757947,1.9973230664737902e-13,-1.8863190448185914e-12,6.636451226261812e-08,1.89686386785241e-12,-4.151950991441154e-07,9.394432579240478,13.865445137023926,3.611938714981079,11.085321426391602,0.7846243381500244,0.17982839047908783,-0.8962187767028809,22.854649440631185,5.365172530995836,9.15858192219783,True,0.6288832426071167,422.5,393.0,True,OFFBOARD
53.652,ACQUIRE,True,0.9856943504715683,-2.3332415586847945,11.171891823588618,0.8029737214235684,0.21261680396076313,-0.8058785243849726,-0.008015479720893502,0.03148681860372159,-0.0015928749694421286,10.000000061045684,1.1889436902092854e-07,0.04992755344832844,-3.921820622056307e-09,4.793128182550843e-09,-0.018110213603578236,6.19312156880109e-09,-4.1763587395791246e-07,9.311376062091014,13.943256378173828,3.6324193477630615,11.008790969848633,0.7856675386428833,0.17980626225471497,-0.8998174071311951,22.850034477103357,5.368155258698744,9.074330567930751,True,0.6288832426071167,422.5,393.0,True,OFFBOARD
53.752,ACQUIRE,True,1.0660009384761238,-2.3119986438951434,11.091297580276239,0.8031194521825931,0.21221142147833816,-0.8054619010262039,-0.007734583040808434,0.031327419019106593,-0.001598863289267955,10.000000061476161,1.1916155721538404e-07,0.04999999379560904,5.184069225242938e-09,1.3726642392186683e-09,0.004999403227882414,5.362721402957707e-09,-4.2046345222701745e-07,9.228308545456265,14.026812553405762,3.653505802154541,10.923718452453613,0.7856131792068481,0.17854392528533936,-0.9010489583015442,22.846032178600645,5.372792413136631,8.985242414544244,True,0.6288832426071167,422.5,393.0,True,OFFBOARD
53.852,ACQUIRE,True,1.143109091686509,-2.291650601243079,11.014076971602854,0.8033050822957009,0.2117572715578045,-0.8032471046057127,-0.007939376621089464,0.03140910531163996,-0.0016448943282161522,10.000000061831702,1.1940707819276678e-07,0.049999993795609154,5.184069252242397e-09,1.3726642687089674e-09,0.004999403227872899,5.362721436606173e-09,-4.2289499987688877e-07,9.14856167288038,14.104650497436523,3.6727495193481445,10.845837593078613,0.7868189811706543,0.1768563836812973,-0.8995406627655029,22.83699896748411,5.375180277909839,8.89675110869352,True,0.6231867671012878,422.5,400.0,True,OFFBOARD
53.952,ACQUIRE,True,1.2234539325048581,-2.2704838203043414,10.933855962965016,0.8036193593722128,0.21165745700586625,-0.801376947094334,-0.00838686168128358,0.031639154487530914,-0.0016669230778280713,10.000000062187237,1.1965260404026454e-07,0.04999999628703666,-1.2859202608110034e-13,1.2151298231121208e-12,6.321574957234755e-07,1.2219150527709101e-12,-4.2532654707256275e-07,9.06547623062601,14.189879417419434,3.6936440467834473,10.761610984802246,0.7877197265625,0.17634014785289764,-0.8984673619270325,22.845493453356784,5.381258854801571,8.818599553180636,True,0.6231867671012878,422.5,400.0,True,OFFBOARD
54.052,ACQUIRE,True,1.307055895407746,-2.2484612339877237,10.85062477884753,0.8041268002352583,0.21188738703866788,-0.7991745806232119,-0.008623564102395643,0.031871008807783256,-0.001607443048337639,10.000000062527084,1.19917373098923e-07,0.049927553448317674,-3.9218209346426494e-09,4.793128187755014e-09,-0.018110213606313888,6.193121770775463e-09,-4.2776732245581887e-07,8.97902315136,14.26767635345459,3.7121431827545166,10.682211875915527,0.7884578108787537,0.17571265995502472,-0.8972368240356445,22.84724489017389,5.385246876577779,8.741182542799848,True,0.6231867671012878,422.5,400.0,True,OFFBOARD
54.152,ACQUIRE,True,1.3875035370675899,-2.2272536133971346,10.770881136547128,0.8047808042807579,0.21226669651813027,-0.795564773252723,-0.008746283287435548,0.03175898730716085,-0.0015367190936792221,10.000000062957566,1.201845613090263e-07,0.049999993795609154,5.1840693274038436e-09,1.3726643884048872e-09,0.00499940322787407,5.3627215399015735e-09,-4.3059490060942023e-07,8.895827988569728,14.351324081420898,3.7314696311950684,10.595526695251465,0.7891283631324768,0.1746407151222229,-0.8951700329780579,22.83804894474565,5.385871232582139,8.64647578869256,True,0.6231867671012878,422.5,400.0,True,OFFBOARD
54.252,ACQUIRE,True,1.464785027888186,-2.2068537898120413,10.694721749758143,0.805207539932164,0.21271472591621823,-0.7912381338071626,-0.008823765979754547,0.03164447320082576,-0.0014874108931838038,10.0000000633131,1.2043008229985991e-07,0.04999999379560893,5.1840693526912736e-09,1.3726644196299098e-09,0.0049994032278755166,5.362721572339071e-09,-4.330264481599272e-07,8.81590040109883,14.428577423095703,3.75024151802063,10.518226623535156,0.7887383103370667,0.17445108294487,-0.8918638825416565,22.854568114342467,5.391377455484374,8.584325616739623,True,0.5935294032096863,423.0,399.5,True,OFFBOARD
54.352,ACQUIRE,True,1.5453294512412663,-2.185552713750805,10.61572659091726,0.805710309290159,0.21331374675560807,-0.7894450918342604,-0.00904473333941473,0.032078552320277565,-0.0014536868507309603,10.000000063668635,1.206756081608281e-07,0.04999999628703666,-1.2859202734337795e-13,1.2151297993951983e-12,6.321575236526902e-07,1.2219150293185263e-12,-4.354579952556755e-07,8.732588182017532,14.512362480163574,3.771589994430542,10.437009811401367,0.7880172729492188,0.17325006425380707,-0.8889250755310059,22.859653994807314,5.398492840321064,8.504357030393894,True,0.5935294032096863,423.0,399.5,True,OFFBOARD
54.452,ACQUIRE,True,1.625948467044119,-2.164183678002215,10.536758658789502,0.8066738230162219,0.21407035336575797,-0.7898238944971859,-0.00926637711133644,0.032313832863736056,-0.0014080754314363465,10.000000064024169,1.2092112162350086e-07,0.04999999651757947,1.9973232000033593e-13,-1.886319008475584e-12,6.636451250547941e-08,1.8968638331174503e-12,-4.378895434256141e-07,8.64918676318221,14.589146614074707,3.7902424335479736,10.359671592712402,0.7886782884597778,0.17166222631931305,-0.890302300453186,22.83826576382692,5.3969777049559156,8.404139752478837,True,0.5935294032096863,423.0,399.5,True,OFFBOARD
54.552,ACQUIRE,True,1.7066547594255206,-2.142731449084015,10.457812858146887,0.8073029477417462,0.2149325931399529,-0.7888769519814868,-0.009242356338490413,0.03153045942516074,-0.00135350164832925,10.00000006436402,1.2118589823327042e-07,0.04992755344830413,-3.921821322669005e-09,4.793128203367525e-09,-0.018110213609701286,6.193122028578031e-09,-4.4033031801903655e-07,8.565680062270411,14.671979904174805,3.809553623199463,10.274697303771973,0.7897867560386658,0.17126360535621643,-0.8899437189102173,22.85346410414426,5.403327958527363,8.335274461365966,True,0.5935294032096863,423.0,399.5,True,OFFBOARD
54.652,ACQUIRE,True,1.7906071933243288,-2.1203380378786285,10.375877503969631,0.8069989946210325,0.21562389247382482,-0.7866918238676363,-0.008899062075127065,0.030456765064454997,-0.0012724254419133388,10.000000064794497,1.214530913296426e-07,0.04999999628703666,-1.2859200962516923e-13,1.2151293718553181e-12,6.321575241522905e-07,1.221914602288122e-12,-4.4315789559845323e-07,8.478795033969357,14.749091148376465,3.8298962116241455,10.198249816894531,0.789557158946991,0.1723492443561554,-0.8877038359642029,22.873550267261265,5.40809673454256,8.27632484046937,True,0.300685316324234,398.0,400.0,True,OFFBOARD
54.752,ACQUIRE,True,1.8712542254736764,-2.098761560631937,10.29718714929761,0.8059113736688807,0.21577239774371063,-0.78773230059019,-0.00811533334698446,0.03002316331034651,-0.0012503902892610165,10.000000065150031,1.216986048026027e-07,0.04999999651757947,1.997323259723473e-13,-1.8863190097461334e-12,6.636451277609627e-08,1.896863835009766e-12,-4.4558944369368817e-07,8.395314736522662,14.833169937133789,3.854759931564331,10.118419647216797,0.7886117696762085,0.1734691560268402,-0.8871749043464661,22.858774861088353,5.414540647510187,8.175772151744464,True,0.300685316324234,398.0,400.0,True,OFFBOARD
54.852,ACQUIRE,True,1.9517811534327,-2.077213059185966,10.218279275281155,0.8047050133345383,0.2151104408196794,-0.7903090812278519,-0.0074136949403906865,0.030149533534401973,-0.0012289299229071154,10.000000065489882,1.2196338142277352e-07,0.0499275534482958,-3.921821561086532e-09,4.793128206836972e-09,-0.018110213611785223,6.19312218224212e-09,-4.4803021821240507e-07,8.311957787208467,14.910061836242676,3.8758738040924072,10.042243957519531,0.7872843742370605,0.17195981740951538,-0.8888087272644043,22.85270590468559,5.4181097262712505,8.090987976608927,True,0.300685316324234,398.0,400.0,True,OFFBOARD
54.952,ACQUIRE,True,2.0289835846440814,-2.056609489647537,10.142338094666203,0.8037335806361268,0.21417372468473467,-0.7911907393841667,-0.007402884787055754,0.030160624424899928,-0.0011773415026171345,10.000000065845416,1.2220890243665286e-07,0.049927553448292916,-3.92182163555748e-09,4.793128215510589e-09,-0.018110213612437417,6.193122236114065e-09,-4.5046176559261656e-07,8.232056051750595,14.992734909057617,3.8970775604248047,9.957046508789062,0.7864259481430054,0.1699894368648529,-0.8919337391853333,22.862045365070585,5.422958232051058,8.015881665615929,True,0.5924390554428101,444.5,401.5,True,OFFBOARD
55.052,ACQUIRE,True,2.1093047377296563,-2.0352332516280973,10.063320905276795,0.802708805557476,0.21343932437444849,-0.7889492832320864,-0.007728878591439097,0.02996560643535865,-0.001145651699475662,10.000000066275893,1.224760906819112e-07,0.04999999379560893,5.184069557286765e-09,1.3726647180023477e-09,0.004999403227871973,5.362721846491375e-09,-4.5328934348555423e-07,8.14894150519004,15.070879936218262,3.9184930324554443,9.880751609802246,0.7854995131492615,0.1696828156709671,-0.8900631666183472,22.863808143583185,5.428355713154229,7.9378470229471425,True,0.5924390554428101,444.5,401.5,True,OFFBOARD
55.152,ACQUIRE,True,2.1927204822305897,-2.0130644335881094,9.981276120972797,0.8014852432108028,0.21290509521966489,-0.7896808156647263,-0.007703546766021333,0.029965719007193754,-0.0010870077530582569,10.000000066631431,1.2272160903503653e-07,0.04999999651757947,1.9973233138752396e-13,-1.8863189883850213e-12,6.636451281079074e-08,1.896863814337599e-12,-4.55720891050947e-07,8.062632536391114,15.157459259033203,3.943882465362549,9.800854682922363,0.7848232984542847,0.16998974978923798,-0.8879055380821228,22.872859981117067,5.434830499190496,7.8581380963882035,True,0.5924390554428101,444.5,401.5,True,OFFBOARD
55.252,ACQUIRE,True,2.272809746956853,-1.9918126566847545,9.902161689872994,0.8003635587470561,0.21207095123865974,-0.7922658772581265,-0.007130499784567472,0.030039949069831207,-0.0009974695786905856,10.000000066971278,1.2298638566861603e-07,0.04992755344828459,-3.9218218739126705e-09,4.793128222449483e-09,-0.018110213614520886,6.1931223924238434e-09,-4.5816166547127433e-07,7.979773705499795,15.236043930053711,3.9652903079986572,9.724689483642578,0.7849802374839783,0.17023900151252747,-0.8910154700279236,22.855117605901185,5.436795985555614,7.759871947208556,True,0.5924390554428101,444.5,401.5,True,OFFBOARD
55.352,ACQUIRE,True,2.352794457676914,-1.9706670345693624,9.822865029320651,0.799367835932218,0.21085030757402298,-0.7932776550435215,-0.006822420450617848,0.02994079243325687,-0.0009129119024219107,10.000000067401755,1.232535739255916e-07,0.04999999379560893,5.184069634249357e-09,1.3726648307593736e-09,0.004999403227876484,5.3627219497518165e-09,-4.609892432757616e-07,7.897042654331367,15.320094108581543,3.9867606163024902,9.640241622924805,0.783828854560852,0.16894736886024475,-0.8932077288627625,22.879396342302073,5.445867926131772,7.698833963810976,True,0.401358962059021,409.0,403.0,True,OFFBOARD
55.452,ACQUIRE,True,2.4294791668038713,-1.9504902337341519,9.746763454834026,0.7982436169063521,0.2095487218871015,-0.7920479943279491,-0.006716058717492419,0.02968423246854091,-0.0008268149052471909,10.00000006775729,1.2349909495658137e-07,0.04999999379560904,5.184069659554598e-09,1.3726648637191197e-09,0.0049994032278782045,5.36272198265056e-09,-4.634207905289632e-07,7.817748994783117,15.396695137023926,4.006969928741455,9.563989639282227,0.7825123071670532,0.16937337815761566,-0.8916508555412292,22.873966667600175,5.449144803836669,7.615080952447058,True,0.401358962059021,409.0,403.0,True,OFFBOARD
55.552,ACQUIRE,True,2.5124265727840935,-1.9287738856672143,9.664363380863444,0.7969809312476706,0.2081480682207187,-0.7931491886782264,-0.006806761598430859,0.029952326839458695,-0.0007416677390209802,10.000000068112826,1.237446133233028e-07,0.04999999651757936,1.997323389844541e-13,-1.8863189876173977e-12,6.636451311593554e-08,1.8968638143741698e-12,-4.6585233799525976e-07,7.732006597729462,15.478805541992188,4.0294270515441895,9.483553886413574,0.7804166078567505,0.16831104457378387,-0.8909853100776672,22.868143902987438,5.4534847196596505,7.5253080771085,True,0.401358962059021,409.0,403.0,True,OFFBOARD
55.652,ACQUIRE,True,2.588899352782966,-1.9088473616004737,9.588119959829246,0.7963417310499993,0.20708134027486308,-0.7949980252431473,-0.007096895441070471,0.030652241998977536,-0.0006557264514863814,10.00000006846836,1.2399013436084244e-07,0.04999999651757947,1.9973233934143423e-13,-1.8863189734560656e-12,6.636451301168559e-08,1.8968638003291503e-12,-4.682838852000386e-07,7.652980631184045,15.554100036621094,4.0486345291137695,9.40625286102295,0.7796257138252258,0.16668565571308136,-0.8933283686637878,22.8684113854127,5.4595557363024,7.449150901945556,True,0.401358962059021,409.0,403.0,True,OFFBOARD
55.752,ACQUIRE,True,2.6717141009072747,-1.8873552452552773,9.505452595169777,0.7963622052719632,0.20632834473037376,-0.7940958938997815,-0.007463698782143338,0.03126053668496515,-0.0005479439253388813,10.00000006888315,1.242765782429353e-07,0.04999999379560904,5.184069736349407e-09,1.3726649790782308e-09,0.00499940322788184,5.36272208641485e-09,-4.711206900045118e-07,7.567422647066359,15.635336875915527,4.068219184875488,9.320178031921387,0.7791264653205872,0.16592395305633545,-0.8950302004814148,22.87275642686846,5.464293588043737,7.370838859702288,True,0.39827585220336914,394.5,405.0,True,OFFBOARD
55.852,ACQUIRE,True,2.748188518923431,-1.8675691197135016,9.429383889595838,0.7968893259873068,0.20594491797245965,-0.7906733079281073,-0.007750515495270303,0.031597186039877566,-0.000512240711017749,10.000000069238686,1.2452209928747416e-07,0.04999999379560893,5.18406976334074e-09,1.3726650155074238e-09,0.004999403227872779,5.362722121831571e-09,-4.735522371588812e-07,7.488430118743212,15.712247848510742,4.088685989379883,9.24172592163086,0.7788954973220825,0.16691571474075317,-0.8925319314002991,22.871639824638915,5.467242144096401,7.290906016371029,True,0.39827585220336914,394.5,405.0,True,OFFBOARD
55.952,ACQUIRE,True,2.827910377829451,-1.846988204657215,9.350466031503583,0.7974889117026213,0.20563507860674904,-0.7881290043166101,-0.007434998505679445,0.03142280518863009,-0.0004756473952301527,10.00000006959422,1.2476762520204365e-07,0.04999999628703666,-1.2859205571732733e-13,1.2151296615405861e-12,6.321575243394743e-07,1.221914895215435e-12,-4.7598378385878015e-07,7.406094546773626,15.79763126373291,4.113649845123291,9.158106803894043,0.7795079350471497,0.167851522564888,-0.8892048001289368,22.87809493871961,5.475972096796859,7.21033201525499,True,0.39827585220336914,394.5,405.0,True,OFFBOARD
56.052,ACQUIRE,True,2.9076777442567767,-1.8264606566167794,9.271711896560596,0.7978232508022787,0.20487109991752842,-0.7871355182581402,-0.006932041387199181,0.03133525018976653,-0.0004843523867832207,10.000000069949754,1.2501313871839247e-07,0.04999999651757936,1.9973234570344835e-13,-1.886318961279967e-12,6.636451317838558e-08,1.896863788890635e-12,-4.78415331632315e-07,7.323728214397037,15.875791549682617,4.136806964874268,9.083133697509766,0.7794398665428162,0.16897332668304443,-0.8872942328453064,22.878320807099264,5.482069935325765,7.130578409963958,True,0.39827585220336914,394.5,405.0,True,OFFBOARD
56.152,ACQUIRE,True,2.9874804032740316,-1.8060301344867447,9.192914560474723,0.7982583782743489,0.2037484221986804,-0.7893386437152442,-0.006664613779710002,0.03169164597481151,-0.0004938515200267395,10.000000070289602,1.252779153821168e-07,0.049927553448260165,-3.921822574975242e-09,4.793128236327271e-09,-0.018110213620643013,6.1931228471154375e-09,-4.808561058323301e-07,7.241351902750326,15.960043907165527,4.1624979972839355,9.003640174865723,0.7793335318565369,0.1704680472612381,-0.8880442976951599,22.871516831547687,5.490373030942598,7.03787681687323,True,0.35549935698509216,393.5,415.0,True,OFFBOARD
56.252,ACQUIRE,True,3.0705357767294617,-1.7849123777975222,9.11063975692296,0.7989481236502889,0.20237777537978546,-0.7925627112642588,-0.006400698461518748,0.031787039664278004,-0.00048103523704193295,10.000000070720079,1.2554510854104018e-07,0.04999999628703666,-1.285920576727823e-13,1.215129301128067e-12,6.321575248319693e-07,1.221914537010058e-12,-4.836836829454336e-07,7.155654271013918,16.036823272705078,4.18409538269043,8.927821159362793,0.7779286503791809,0.17117562890052795,-0.890967071056366,22.878203948463334,5.497484439589076,6.966310383942106,True,0.35549935698509216,393.5,415.0,True,OFFBOARD
56.352,ACQUIRE,True,3.1472643853398408,-1.7655530992789588,9.034472993534443,0.799504967210308,0.20099113265123356,-0.7937845570062734,-0.006316388915146788,0.031571874308190404,-0.0004989549452954867,10.000000071075613,1.2579062960215304e-07,0.049999996287036774,-1.2859206618612516e-13,1.2151295537556436e-12,6.321575245127802e-07,1.221914789130734e-12,-4.861152299764113e-07,7.076522067308923,16.119178771972656,4.20574951171875,8.843988418579102,0.7774561643600464,0.1702079027891159,-0.8937589526176453,22.88203829358123,5.5095587043765475,6.887393361778511,True,0.35549935698509216,393.5,415.0,True,OFFBOARD
56.452,ACQUIRE,True,3.2272419098044587,-1.7455220770868236,8.955126347565761,0.8000579455724021,0.19977270758511192,-0.7928180276493717,-0.0068457962151517,0.03174035247529717,-0.0004884244756938284,10.000000071431147,1.2603614313208636e-07,0.04999999651757947,1.9973235201700777e-13,-1.886318948548003e-12,6.636451335879682e-08,1.8968637768942422e-12,-4.885467776508314e-07,6.994076127515069,16.195148468017578,4.2265214920043945,8.76797103881836,0.7767987847328186,0.16968663036823273,-0.8929709792137146,22.885555345842974,5.514810300562806,6.813312868576506,True,0.341927707195282,409.0,415.5,True,OFFBOARD
56.552,ACQUIRE,True,3.307281389656208,-1.7255822466378181,8.875833626486429,0.8007097414032524,0.19911528783499882,-0.793756723262309,-0.007226619969544409,0.031876795539733646,-0.00046744459632440334,10.000000071770993,1.2630091980922437e-07,0.049927553448249395,-3.921822887826395e-09,4.793128250205059e-09,-0.01811021362337913,6.19312305597045e-09,-4.909875517524921e-07,6.91159300622694,16.277488708496094,4.250287055969238,8.687576293945312,0.7764174938201904,0.17085176706314087,-0.892005980014801,22.89098862902045,5.524339746899263,6.735101443782542,True,0.341927707195282,409.0,415.5,True,OFFBOARD
56.652,ACQUIRE,True,3.390597729670161,-1.7049031242117563,8.793156174234852,0.8015499318260597,0.1985837713404867,-0.7957533922747665,-0.0072564562600884895,0.0321916244721218,-0.00041667920349687087,10.00000007220147,1.265681129837652e-07,0.049999996287036774,-1.2859206398086165e-13,1.2151293773610323e-12,6.321575250054417e-07,1.2219146134835561e-12,-4.938151287500507e-07,6.825752296998341,16.352968215942383,4.270519733428955,8.610067367553711,0.776088297367096,0.1704314798116684,-0.8939256072044373,22.884934234253837,5.528991112562316,6.6520921728786515,True,0.341927707195282,409.0,415.5,True,OFFBOARD
56.752,ACQUIRE,True,3.467597957943966,-1.6858566134275126,8.716761688804485,0.8026093079563357,0.1982739393979688,-0.7954324474447604,-0.007506675691671413,0.03242826270121045,-0.00035313433008759795,10.000000072557004,1.268136340584599e-07,0.04999999628703666,-1.2859207991732333e-13,1.2151292888460893e-12,6.321575246862526e-07,1.2219145271372568e-12,-4.962466756818803e-07,6.746435379933421,16.434322357177734,4.291059494018555,8.524351119995117,0.7760056853294373,0.17016726732254028,-0.894879937171936,22.894172225975478,5.537101124496263,6.578926969672925,True,0.341927707195282,409.0,415.5,True,OFFBOARD
56.852,ACQUIRE,True,3.5479231122459,-1.6660352538766379,8.637322688345263,0.8038331023666774,0.1982113512221334,-0.7932923719695989,-0.00786701624157645,0.032374053762619474,-0.00028276395463880497,10.000000072912536,1.2705914760167527e-07,0.04999999651757947,1.997323585557542e-13,-1.8863189375365746e-12,6.636451351822485e-08,1.8968637666325315e-12,-4.986782232572043e-07,6.663705500462566,16.511642456054688,4.310299396514893,8.446280479431152,0.7775348424911499,0.1698644608259201,-0.8926096558570862,22.89003754123329,5.542052807627917,6.496240476492472,True,0.47875264286994934,424.0,417.0,True,OFFBOARD
56.952,ACQUIRE,True,3.6315768543220543,-1.6454016467788608,8.554895101108784,0.804794392532092,0.1986872643609148,-0.7922313235371444,-0.008554390435697739,0.032104993608189254,-0.0002172908995813008,10.000000073327326,1.273455915306319e-07,0.04999999379560893,5.184070043165145e-09,1.3726654266368876e-09,0.004999403227871111,5.362722497568422e-09,-5.015150277148262e-07,6.5775497941602366,16.597871780395508,4.331786155700684,8.362996101379395,0.7792432904243469,0.17118561267852783,-0.8909435868263245,22.881766264753345,5.546846246480485,6.400289127433906,True,0.47875264286994934,424.0,417.0,True,OFFBOARD
57.052,ACQUIRE,True,3.7088721605401496,-1.6262845320622774,8.478870850958494,0.8054500767966083,0.19959308262291892,-0.7916203749351354,-0.00885587147660533,0.0318534771701749,-0.0001621665767813889,10.00000007368286,1.2759111261556749e-07,0.04999999379560893,5.184070070040005e-09,1.372665458729272e-09,0.00499940322787549,5.362722531762483e-09,-5.039465745718808e-07,6.497929840629807,16.676156997680664,4.351723670959473,8.28867244720459,0.7800363898277283,0.1729952096939087,-0.8891041874885559,22.88594463618584,5.552476365316818,6.324813795546721,True,0.47875264286994934,424.0,417.0,True,OFFBOARD
57.152,ACQUIRE,True,3.7894361986697565,-1.6062735128406567,8.399569049998199,0.8057097005944677,0.2005452933357833,-0.7952755365048697,-0.008674880258142646,0.03127609445643839,-0.00012036923124249084,10.000000074038391,1.2783663857052867e-07,0.049999996287036885,-1.2859205906575445e-13,1.2151301127973888e-12,6.321575248527861e-07,1.221915344318814e-12,-5.06378120974468e-07,6.414921562947482,16.759815216064453,4.373730659484863,8.211772918701172,0.7807306051254272,0.17401744425296783,-0.8881494998931885,22.897223333112503,5.5609970426315805,6.251190275440156,True,0.47875264286994934,424.0,417.0,True,OFFBOARD
57.252,ACQUIRE,True,3.8699873278002292,-1.58617888039163,8.319680840432104,0.8052134436548661,0.2013006916124088,-0.8021795734234735,-0.008621490789985349,0.030519196589353963,-7.054377645305725e-05,10.000000074393926,1.2808215212737021e-07,0.04999999651757936,1.9973236509833924e-13,-1.886318926816314e-12,6.636451369880262e-08,1.8968637566607747e-12,-5.088096684506756e-07,6.331904936140787,16.83631706237793,4.392897129058838,8.137746810913086,0.7806589007377625,0.1745954155921936,-0.8934420943260193,22.884270856670447,5.564999018612589,6.160484391457602,True,0.5127831101417542,455.5,420.0,True,OFFBOARD
57.352,ACQUIRE,True,3.9536753563024734,-1.565200920755757,8.235963176899153,0.8041863290459763,0.20212016799498417,-0.807001306364748,-0.00883779184133934,0.03030077886215048,-5.557097823047484e-05,10.000000074808716,1.2836859607225635e-07,0.04999999379560904,5.184070147765633e-09,1.37266557755783e-09,0.004999403227876315,5.3627226373146475e-09,-5.116464727938371e-07,6.245630226470309,16.91848373413086,4.412765026092529,8.053811073303223,0.7786915302276611,0.17564740777015686,-0.8979723453521729,22.88903922654073,5.570682984194782,6.081801286267201,True,0.5127831101417542,455.5,420.0,True,OFFBOARD
57.452,ACQUIRE,True,4.034053366075422,-1.544935526993695,8.1552025397398,0.8035351645638358,0.20320748961122928,-0.807514732150715,-0.009241274078031936,0.03103226109830289,-4.86903597666295e-05,10.00000007516425,1.2861412203742274e-07,0.049999996287036885,-1.2859206619108824e-13,1.2151293026103747e-12,6.321575253454476e-07,1.2219145393805856e-12,-5.140780191221977e-07,6.162738540264074,16.99518585205078,4.431614398956299,7.976830005645752,0.7780442237854004,0.17559264600276947,-0.8992575407028198,22.874492025430577,5.572612183509184,5.988999668116234,True,0.5127831101417542,455.5,420.0,True,OFFBOARD
57.552,ACQUIRE,True,4.111196283737682,-1.525362693391013,8.07767760160377,0.8037176511771769,0.2045447885611653,-0.8078581958528692,-0.009590880417974195,0.03177248473443172,-4.961189021573476e-05,10.00000007551978,1.288596431389369e-07,0.04999999628703666,-1.2859207222785235e-13,1.215129188472685e-12,6.321575250330309e-07,1.2219144265119958e-12,-5.16509565855843e-07,6.083152294461458,17.079450607299805,4.452688694000244,7.893904209136963,0.7792412638664246,0.17667844891548157,-0.8983175158500671,22.880922817942558,5.579320009132026,5.909854307095538,True,0.5127831101417542,455.5,420.0,True,OFFBOARD
57.652,ACQUIRE,True,4.194815137345466,-1.5039948497466358,7.993639436813748,0.8043720778062373,0.20637926063480647,-0.8079697670623306,-0.010062879618338695,0.03211598792068623,-2.6496463947059293e-05,10.000000075859628,1.2912441231882426e-07,0.0499275534482192,-3.921823751958846e-09,4.793128276225911e-09,-0.01811021363092958,6.1931236233248994e-09,-5.189503403539447e-07,5.996846927079346,17.15634536743164,4.471312999725342,7.815485000610352,0.7795475721359253,0.17747187614440918,-0.8990229368209839,22.898486781637374,5.588670431405261,5.849844070645555,False,,,,True,OFFBOARD
57.752,ACQUIRE,True,4.275297662346101,-1.4832535453047417,7.912920358449045,0.8052809011710873,0.20838578451821482,-0.8062118397987805,-0.010259847526900689,0.03239550679904335,2.5751573546284774e-05,10.000000076290105,1.2939160066966298e-07,0.04999999379560904,5.1840702475187795e-09,1.3726657241419638e-09,0.00499940322788174,5.362722771264947e-09,-5.217779174593409e-07,5.91373479213572,17.239011764526367,4.490912437438965,7.729038715362549,0.7806384563446045,0.1787688285112381,-0.898065447807312,22.900441261650023,5.59201050978396,5.767512541453523,False,,,,True,OFFBOARD
57.852,ACQUIRE,True,4.352660329593955,-1.4631478373615516,7.835663825258493,0.8064189610936399,0.21039995369363226,-0.8033240049101263,-0.010338301700057558,0.03260033134185231,1.6113534949856337e-05,10.000000076645636,1.2963712178117847e-07,0.04999999379560893,5.184070274475475e-09,1.3726657571017098e-09,0.004999403227872238,5.362722805760133e-09,-5.242094641182003e-07,5.833802207134048,17.316282272338867,4.509660243988037,7.651723861694336,0.7816096544265747,0.1800040304660797,-0.8941907286643982,22.887209087388385,5.593756582552735,5.675428657813183,False,,,,True,OFFBOARD
57.952,ACQUIRE,True,4.4365946630646445,-1.441150923757964,7.752134981396446,0.8076304504995646,0.21252936838916592,-0.8037679282678007,-0.01039547562086739,0.032598016929445035,7.1709898462868226e-06,10.00000007700117,1.2988264022842826e-07,0.04999999651757947,1.9973237632601067e-13,-1.886318905428732e-12,6.636451399006963e-08,1.896863736574318e-12,-5.266410109903768e-07,5.747033683495135,17.40121841430664,4.530704975128174,7.570559024810791,0.7848325967788696,0.18077464401721954,-0.8907281160354614,22.90020584675316,5.601223370679809,5.602220311396117,False,,,,True,OFFBOARD
58.052,ACQUIRE,True,4.514180436841344,-1.4206512029260567,7.67484051294421,0.808694774197273,0.2144577270856137,-0.8064117257651598,-0.010371996444247722,0.03258222666592518,9.951434625578459e-06,10.000000077356704,1.3012816134647585e-07,0.04999999651757936,1.9973237799904808e-13,-1.8863189042640617e-12,6.636451403864189e-08,1.8968637355922866e-12,-5.290725576005088e-07,5.66678633251447,17.47886085510254,4.549471378326416,7.493474960327148,0.7858530282974243,0.18248234689235687,-0.8924742341041565,22.898000274227645,5.605073831104285,5.520993441603262,False,,,,True,OFFBOARD
58.152,ACQUIRE,True,4.5983368838124195,-1.398246224326528,7.590906471572861,0.8096077938947845,0.21627585135080576,-0.807088600347595,-0.010064263258163831,0.03222113035009599,3.764761638334085e-05,10.000000077771489,1.304146053224656e-07,0.04999999379560904,5.1840703499119015e-09,1.3726658733281827e-09,0.00499940322787353,5.36272290843332e-09,-5.319093617112766e-07,5.5797005412046055,17.562255859375,4.569347381591797,7.4082255363464355,0.7866213917732239,0.1835942566394806,-0.8940111994743347,22.889993102383613,5.60550742673192,5.427560388396042,False,,,,True,OFFBOARD
58.252,ACQUIRE,True,4.676092341991802,-1.3774122232145376,7.513484890147859,0.8102991041340177,0.21766756120828237,-0.8059482667169916,-0.009878435383531675,0.0324270784972691,7.534799892739535e-05,10.000000078127021,1.3066012644760473e-07,0.04999999379560904,5.184070376973915e-09,1.3726659010837583e-09,0.0049994032278777665,5.362722941698233e-09,-5.343409082710357e-07,5.499205249441684,17.63996696472168,4.589162349700928,7.332633972167969,0.7876668572425842,0.18476836383342743,-0.8911038041114807,22.893592536548653,5.608287993009015,5.351560401023463,False,,,,True,OFFBOARD
58.352,ACQUIRE,True,4.7571744504206395,-1.355577717964834,7.432807561639861,0.8113782631234783,0.2189348699623824,-0.8082562491714332,-0.009703780456739105,0.033038500962133406,0.00011855853880018192,10.000000078482556,1.3090565244287952e-07,0.04999999628703666,-1.285920907004498e-13,1.2151294457589428e-12,6.321575253799757e-07,1.221914684313577e-12,-5.367724543763073e-07,5.415238856284288,17.72511100769043,4.6122941970825195,7.253047466278076,0.7893502116203308,0.18633468449115753,-0.8904197216033936,22.896681263060835,5.61307146414216,5.2675130796700715,False,,,,True,OFFBOARD
58.452,ACQUIRE,True,4.838386552015047,-1.3336362409171887,7.351765953987618,0.8128333330945032,0.21974778254356692,-0.8123336955197281,-0.009024391175711759,0.03328851326612849,0.00022118012114219192,10.00000007883809,1.3115116603987469e-07,0.04999999651757936,1.9973238423919522e-13,-1.886318890552716e-12,6.636451421211424e-08,1.896863722614227e-12,-5.392040015552258e-07,5.331119973625266,17.8029727935791,4.632630825042725,7.177105903625488,0.7916820049285889,0.1869870275259018,-0.8927624225616455,22.90333138572309,5.617687096974632,5.194611980439865,False,,,,True,OFFBOARD
58.552,ACQUIRE,True,4.919745503042023,-1.3116491673771584,7.270370198373716,0.8142332842470521,0.21989600201998638,-0.8150640779926136,-0.00848983229974415,0.03301206631533428,0.00032891179698160895,10.00000007917793,1.314159427844022e-07,0.04992755344819466,-3.921824452732616e-09,4.793128293573146e-09,-0.018110213637057462,6.193124080518885e-09,-5.416447751651393e-07,5.2468476670639355,17.886770248413086,4.6537604331970215,7.092373847961426,0.7923989295959473,0.18653786182403564,-0.8944133520126343,22.903465111231984,5.6204093478892085,5.10897616660218,False,,,,True,OFFBOARD
58.652,ACQUIRE,True,5.004495107678979,-1.2887836927398757,7.185562851399896,0.8155188672655378,0.2198247088451185,-0.8154915152809719,-0.00843265637959747,0.03300545311219936,0.0004529167730054839,10.000000079608407,1.3168313603719355e-07,0.04999999628703666,-1.2859207800488175e-13,1.2151290779348854e-12,6.32157553621274e-07,1.221914317195972e-12,-5.44472351580019e-07,5.1590729468254315,17.965587615966797,4.675530910491943,7.015157699584961,0.7930116653442383,0.1871185302734375,-0.8935128450393677,22.90622223458082,5.624708536034337,5.03098485383107,False,,,,True,OFFBOARD
58.752,ACQUIRE,True,5.08610515929468,-1.2668109796043925,7.103928054793946,0.8165848441003196,0.21956433275603693,-0.817585936833404,-0.007934953080884764,0.032770324325360096,0.000537015184755115,10.000000079963941,1.3192864964443345e-07,0.04999999651757958,1.9973239055858368e-13,-1.886318895449625e-12,6.636451447562567e-08,1.8968637281493207e-12,-5.469038986842191e-07,5.07456142771794,18.052597045898438,4.701736927032471,6.933250904083252,0.7942689061164856,0.18862798810005188,-0.8927376866340637,22.910209962004945,5.632658490493991,4.946010331574573,False,,,,True,OFFBOARD
58.852,ACQUIRE,True,5.164541855632818,-1.2457693519938668,7.025320362677013,0.8175215427667774,0.21875696249656643,-0.8199277355898161,-0.0073682845521907845,0.03305056776234026,0.0005736437928569168,10.000000080319468,1.3217417078939528e-07,0.04999999651757947,1.9973239089573733e-13,-1.8863188813412326e-12,6.636451437848116e-08,1.896863714154859e-12,-5.493354450961738e-07,4.993355369926526,18.13178253173828,4.724157810211182,6.855986595153809,0.79555344581604,0.1886526346206665,-0.8926212191581726,22.912098319272886,5.6386259832317185,4.866998157799128,False,,,,True,OFFBOARD
58.952,ACQUIRE,True,5.246356091771611,-1.223955033261896,6.943240530086383,0.8187628961092911,0.21754556535150676,-0.8213838215204454,-0.00716069020985757,0.03341299434942001,0.0005671522724033714,10.000000080659316,1.3243894754743626e-07,0.04992755344818389,-3.921824766008251e-09,4.793128309185657e-09,-0.01811021363979359,6.1931242909853356e-09,-5.517762186077266e-07,4.908685915877485,18.216703414916992,4.746959686279297,6.770396709442139,0.795890212059021,0.1878603845834732,-0.8934643864631653,22.906844197035152,5.645939312411265,4.775519335558,False,,,,True,OFFBOARD
59.052,ACQUIRE,True,5.32831628136073,-1.2022583760515673,6.861130940002302,0.8204465566751644,0.2164870235632501,-0.8204766336260295,-0.007422720064653088,0.03387422955159756,0.0005981751197794905,10.000000081089798,1.3270613594894232e-07,0.04999999379560893,5.184070581498585e-09,1.372666200323558e-09,0.004999403227861041,5.36272321600414e-09,-5.546037953364137e-07,4.823904543679458,18.29572296142578,4.769334316253662,6.693267345428467,0.7976762056350708,0.18843477964401245,-0.8921651840209961,22.91153470635132,5.650448463177507,4.699157393033549,False,,,,True,OFFBOARD
59.152,ACQUIRE,True,5.413746055580418,-1.1797978307507944,6.775759131774785,0.8223477561712178,0.21545114935539508,-0.8220360065153445,-0.007167762422964756,0.03397168996341485,0.0006701353102969913,10.00000008144534,1.3295165443648177e-07,0.04999999651757936,1.99732396740518e-13,-1.886318881182414e-12,6.636451465603691e-08,1.896863714612356e-12,-5.570353419113312e-07,4.735572745182851,18.382259368896484,4.795316696166992,6.612849235534668,0.7997826337814331,0.19128945469856262,-0.8896875977516174,22.906785716275515,5.658555442219612,4.6061393596821985,False,,,,True,OFFBOARD
59.252,ACQUIRE,True,5.492778257973139,-1.159177534072615,6.696673108028822,0.824082770284885,0.21409066129225834,-0.8253123540551212,-0.006438721906877409,0.03396343768183033,0.0007043983577675573,10.00000008180088,1.3319717559491195e-07,0.04999999651757936,1.9973239699980034e-13,-1.8863188658299417e-12,6.636451453790918e-08,1.896863699372531e-12,-5.594668882241921e-07,4.653895296790218,18.4612979888916,4.817760467529297,6.5359978675842285,0.8018178343772888,0.19221322238445282,-0.8921423554420471,22.914041053169424,5.667021073995055,4.5330083139311395,False,,,,True,OFFBOARD
59.352,ACQUIRE,True,5.575270394740707,-1.1378714005865855,6.614047979342264,0.8256249443175409,0.21204191067222544,-0.8266732076904235,-0.00593190923729372,0.033518718295833756,0.00070618135263063,10.000000082140739,1.3346195236630672e-07,0.049927553448139816,-3.9218250520197715e-09,4.793128309185657e-09,-0.01811021365074116,6.193124472103467e-09,-5.619076616373414e-07,4.568696141631347,18.54635238647461,4.840645790100098,6.450557231903076,0.8043235540390015,0.1908814162015915,-0.8935236930847168,22.917408318449777,5.676809806982388,4.450314620741327,False,,,,True,OFFBOARD
59.452,ACQUIRE,True,5.661205341447466,-1.1159361193328086,6.52810945503864,0.8269350377717095,0.20997549398449789,-0.8258821725850575,-0.006459332934194514,0.0336363867552589,0.000715093815346877,10.000000082571226,1.3372914565028873e-07,0.04999999628703666,-1.2859210743431358e-13,1.2151288320835725e-12,6.321575817237944e-07,1.2219140758069633e-12,-5.647352378212446e-07,4.480005973935878,18.62554931640625,4.861665725708008,6.373106002807617,0.8060263991355896,0.19018472731113434,-0.8918173909187317,22.91719268270674,5.681013015965569,4.369156985685388,False,,,,True,OFFBOARD
59.552,ACQUIRE,True,5.740659152956912,-1.0958450586230655,6.448812501123176,0.8283055991886972,0.20874003952254616,-0.8263862297768046,-0.0070556754018299955,0.033829130833661146,0.0007235832462375229,10.000000082926764,1.3397466681892295e-07,0.049999996287036774,-1.2859209504976545e-13,1.2151309793120938e-12,6.321575813976664e-07,1.2219162098086988e-12,-5.671667840593892e-07,4.398052051062607,18.712085723876953,4.884649276733398,6.290839672088623,0.8077861070632935,0.19133533537387848,-0.8906822800636292,22.91612538642334,5.687777883150146,4.280066009153134,False,,,,True,OFFBOARD
59.652,ACQUIRE,True,5.823568178920246,-1.0750200667236398,6.366104340353562,0.8297990951690541,0.20780398551622267,-0.8276449378922391,-0.007097410691489222,0.03375942064645749,0.000713185963549202,10.000000083282309,1.3422018045621794e-07,0.04999999651757936,1.9973240364368917e-13,-1.8863188561420024e-12,6.636451471832042e-08,1.8968636904380233e-12,-5.695983309409881e-07,4.312569058485977,18.797927856445312,4.9065961837768555,6.207158088684082,0.8093106746673584,0.19140905141830444,-0.8903452754020691,22.916485149892548,5.694092642834203,4.19316883185441,False,,,,True,OFFBOARD
59.752,ACQUIRE,True,5.9066115862397615,-1.0542881701252245,6.2832827099191055,0.8309563080442631,0.2068761781769012,-0.8284151807565362,-0.007151697420630932,0.03336134203670375,0.0007105233740197002,10.000000083622167,1.3448495724116267e-07,0.0499275534481618,-3.921825392046408e-09,4.793128324798168e-09,-0.01811021364526445,6.193124699510132e-09,-5.720391042558344e-07,4.226979207393904,18.876705169677734,4.926050662994385,6.1279072761535645,0.8105381727218628,0.19014303386211395,-0.8918683528900146,22.91851146718949,5.70013538536004,4.115264912980159,False,,,,True,OFFBOARD
59.852,ACQUIRE,True,5.993080551928941,-1.0328097445319413,6.197211885085645,0.8318414866263846,0.2062980570667624,-0.8265816922910189,-0.007773798743470665,0.033173232080203965,0.0007019838974326857,10.000000084052646,1.347521505408263e-07,0.049999996287036774,-1.285921007142983e-13,1.2151297045275082e-12,6.321575818832225e-07,1.2219149426990513e-12,-5.748666803224124e-07,4.137885980021836,18.956804275512695,4.945947647094727,6.048829555511475,0.8122992515563965,0.19108638167381287,-0.8903071880340576,22.9178880931682,5.705719240543762,4.033291197608277,False,,,,True,OFFBOARD
59.952,ACQUIRE,True,6.0729750296949945,-1.0130088393198402,6.11795531279894,0.8326154130077112,0.20626516945165993,-0.8248678948790059,-0.008053444067044275,0.03330645084954704,0.0007155391583078008,10.00000008440819,1.349976717228788e-07,0.04999999628703666,-1.2859210481711413e-13,1.2151293614791645e-12,6.321575815638668e-07,1.221914601987413e-12,-5.772982264614611e-07,4.055578005955871,19.045087814331055,4.968259334564209,5.963054656982422,0.8145074844360352,0.19357822835445404,-0.8862110376358032,22.92518036594073,5.7123803413758685,3.9508017264645505,False,,,,True,OFFBOARD
60.052,ACQUIRE,True,6.156277325125997,-0.9923818013007253,6.03552764362878,0.8333396349934212,0.20623685475292533,-0.8236087801978854,-0.007816026012652851,0.03294386678401735,0.0007505236170421315,10.000000084763736,1.3524318537349248e-07,0.04999999651757936,1.9973241008666358e-13,-1.886318845130574e-12,6.636451488502041e-08,1.896863680166229e-12,-5.797297732439709e-07,3.969764043483668,19.12568473815918,4.98827600479126,5.883264541625977,0.8159165978431702,0.19491814076900482,-0.8846966028213501,22.92431427845972,5.717471602556201,3.86798560031493,False,,,,True,OFFBOARD
60.152,ACQUIRE,True,6.2429659799983614,-0.9709463522742622,5.9499978894606524,0.8336800853659588,0.20597478907535777,-0.8211348077328905,-0.0077058612731238044,0.03261462209933451,0.0008002174546926883,10.00000008517853,1.3552962942799903e-07,0.04999999379560871,5.184070861104657e-09,1.372666614055107e-09,0.004999403227859396,5.36272359219603e-09,-5.825665767766405e-07,3.880469346569517,19.21223258972168,5.009436130523682,5.796473979949951,0.8163793087005615,0.19517306983470917,-0.8821724653244019,22.925628512392137,5.7223663457672265,3.7812139281337656,False,,,,True,OFFBOARD
60.252,ACQUIRE,True,6.326347620296389,-0.9503562249512569,5.868044741925512,0.8339861266634759,0.20590165856959547,-0.8181019227212448,-0.008117403761625362,0.032866461122061166,0.0008534273858104438,10.00000008553407,1.3577515548710992e-07,0.049999996287036774,-1.2859209874891715e-13,1.2151297487849797e-12,6.321575820636338e-07,1.2219149865039298e-12,-5.849981224107167e-07,3.7945882052892177,19.291881561279297,5.029783725738525,5.717630863189697,0.8160502314567566,0.19710220396518707,-0.8788192868232727,22.927552288306316,5.728320689455072,3.702169029776937,False,,,,True,OFFBOARD
60.352,ACQUIRE,True,6.409771056066744,-0.929756026772282,5.7863295103233785,0.8344958188573567,0.20611657346982773,-0.8164736230356527,-0.008287120160482065,0.03311882998003356,0.0008734990451593932,10.000000085889615,1.3602066914809647e-07,0.04999999651757947,1.9973241606257822e-13,-1.8863188461364257e-12,6.636451516240963e-08,1.89686368179573e-12,-5.874296691185079e-07,3.70866431600844,19.378087997436523,5.052860736846924,5.6331305503845215,0.8167823553085327,0.1992654651403427,-0.8767816424369812,22.927420106523044,5.7345836953344715,3.6142087118374313,False,,,,True,OFFBOARD
60.452,ACQUIRE,True,6.489915376010528,-0.9099529910341233,5.708028123659149,0.8351434150967303,0.2064379917699354,-0.8146615407185926,-0.008303714722368521,0.0330495074812803,0.0008929282034728421,10.000000086245159,1.3626619034676357e-07,0.04999999651757936,1.9973241655656014e-13,-1.88631883358975e-12,6.636451505832623e-08,1.8968636693708164e-12,-5.898612151340567e-07,3.6261149136378106,19.45730209350586,5.0736083984375,5.554178714752197,0.8186909556388855,0.202144056558609,-0.8760424852371216,22.926894130438512,5.741247463030624,3.5332436688285815,False,,,,True,OFFBOARD
60.552,ACQUIRE,True,6.576791829415619,-0.8884704521448153,5.623441949021832,0.8354320590418902,0.2066328565743606,-0.8121675297493306,-0.008000439154797421,0.03235791104575894,0.0008851692637355557,10.000000086659949,1.3655263441687382e-07,0.04999999379560882,5.184070963366536e-09,1.3726667580371554e-09,0.0049994032278649295,5.362723727905464e-09,-5.92698018551089e-07,3.5366275969412095,19.542821884155273,5.095736980438232,5.468142509460449,0.8184469938278198,0.204423725605011,-0.8739012479782104,22.92613615850055,5.747771012898827,3.445571630147215,False,,,,True,OFFBOARD
60.652,ACQUIRE,True,6.656975710679887,-0.8686392170953577,5.545604097636418,0.8349460966143577,0.20647116060226875,-0.8094014583893112,-0.00763499983403984,0.03139998125487689,0.0008703391528955484,10.000000087015493,1.3679815562268437e-07,0.04999999379560882,5.184070990185871e-09,1.3726667988031571e-09,0.004999403227855408,5.362723764265993e-09,-5.95129564516224e-07,3.4540333391423155,19.62238121032715,5.11663818359375,5.3893585205078125,0.8186849355697632,0.20530930161476135,-0.8714772462844849,22.923105889073994,5.753360527613952,3.36157682468556,False,,,,True,OFFBOARD
60.752,ACQUIRE,True,6.740404085708034,-0.8480145585976236,5.464791151264469,0.8335438500284544,0.20599895871387724,-0.8071583822037683,-0.007399386117063185,0.03053255420861497,0.0008363658887856615,10.00000008737104,1.370436816985138e-07,0.049999996287036774,-1.285921155489554e-13,1.2151296657757508e-12,6.321575819038727e-07,1.221914905723653e-12,-5.975611100268898e-07,3.368099615225338,19.709171295166016,5.139812469482422,5.3050665855407715,0.8178806900978088,0.20572517812252045,-0.8694108724594116,22.928597057562435,5.761126977259189,3.278831187657524,False,,,,True,OFFBOARD
60.852,ACQUIRE,True,6.826982604419583,-0.8266188344681298,5.38092708367482,0.8314157454836015,0.205524198362762,-0.8057871817057313,-0.007688554756151347,0.029869649311879007,0.0008513387978155345,10.000000087710887,1.3730845098618383e-07,0.04992755344813149,-3.921826256112437e-09,4.79312835081902e-09,-0.018110213652820208,6.193125266822718e-09,-6.000018837381884e-07,3.2789234321303167,19.789897918701172,5.160795211791992,5.229131698608398,0.8173071146011353,0.20593798160552979,-0.8672451376914978,22.925218206529298,5.767595456569113,3.1934996233486883,False,,,,True,OFFBOARD
60.952,ACQUIRE,True,6.906677091642771,-0.8068951671399357,5.3035236537203065,0.8288989763192233,0.20544561325938335,-0.8072469619618445,-0.00805557712902644,0.02922542195628837,0.0009265463701135739,10.000000088066429,1.3755397220147406e-07,0.04992755344812905,-3.921826331082032e-09,4.793128354288467e-09,-0.018110213653471464,6.193125316982729e-09,-6.024334296309957e-07,3.1968308045532394,19.87798500061035,5.183341026306152,5.148740768432617,0.8157244920730591,0.20711523294448853,-0.8673056960105896,22.93130851613884,5.775484530959684,3.1102119575010674,False,,,,True,OFFBOARD
61.052,ACQUIRE,True,6.989411730993879,-0.7863430260174001,5.222668982955639,0.8259106231639329,0.20561792463024298,-0.809568398767484,-0.008204285004694818,0.029135360990756715,0.0010236992654332217,10.000000088496916,1.3782116068116833e-07,0.04999999379560871,5.184071092525536e-09,1.3726669540609082e-09,0.004999403227861383,5.362723902936806e-09,-6.052610057786532e-07,3.1115876702494614,19.95815658569336,5.203855991363525,5.07321834564209,0.813115119934082,0.20894396305084229,-0.8696920275688171,22.9314983213276,5.780830155307112,3.0288050882687765,False,,,,True,OFFBOARD
61.152,ACQUIRE,True,7.07516124299157,-0.7649468622616206,5.138392781478715,0.8233989530159845,0.2058331889053418,-0.8109504308447851,-0.008181352081186682,0.03007776282828745,0.0011049197377802698,10.000000088852456,1.3806667923598877e-07,0.04999999651757947,1.9973242890321306e-13,-1.886318822445973e-12,6.636451549531001e-08,1.8968636595890437e-12,-6.076925518580551e-07,3.023214545408266,20.043989181518555,5.225976943969727,4.990321636199951,0.8106588125228882,0.21195825934410095,-0.871146023273468,22.935375416249187,5.787395890440225,2.9453871718071,False,,,,True,OFFBOARD
61.252,TAG_APPROACH,True,7.154129238234782,-0.7451806642349046,5.060574551121948,0.8221023184107482,0.2059525616893603,-0.7995385565577418,-0.007747163705220398,0.030373509643890947,0.0012141872507430375,10.000000089207994,1.38312200461437e-07,0.04999999651757936,1.9973242951093232e-13,-1.886318810666921e-12,6.636451540543746e-08,1.8968636479394625e-12,-6.101240976754075e-07,2.9418149719014854,20.12319564819336,5.245152473449707,4.914036750793457,0.8087871670722961,0.21294841170310974,-0.8715394735336304,22.936224131138186,5.792510782003514,2.865786168541148,False,,,,True,OFFBOARD
61.352,TAG_APPROACH,True,7.2391595054217275,-0.723944318133807,4.987051313623984,0.8067539585282755,0.19997575360706182,-0.6935445980787797,0.00557326625764483,-0.0003093782281958118,0.001714912846568412,10.000000089622795,1.385986445629085e-07,0.04999999379560871,5.184071167632422e-09,1.3726670659505724e-09,0.004999403227862072,5.362724004181376e-09,-6.129609008612098e-07,2.854178744894113,20.2092342376709,5.264606952667236,4.840321063995361,0.8026927709579468,0.21251554787158966,-0.7459953427314758,22.92041190076781,5.791163148145841,2.7618373862109507,False,,,,True,OFFBOARD
61.452,TAG_APPROACH,True,7.31526987146379,-0.7053679876130619,4.91745183950376,0.7818683481801171,0.18752969944777698,-0.7528299044202293,0.006097245854280792,0.011875641526796581,0.002313712414676575,10.000000089978336,1.3884416579545818e-07,0.04999999379560871,5.184071193263649e-09,1.3726670911040628e-09,0.0049994032278637005,5.362724035397131e-09,-6.153924466278747e-07,2.7758459143163803,20.28598403930664,5.282459259033203,4.772602081298828,0.7737467885017395,0.20200875401496887,-0.8021656274795532,22.936888009940258,5.796009632074144,2.700189965015715,False,,,,True,OFFBOARD
61.552,TAG_APPROACH,True,7.392929069148964,-0.6871733055897769,4.840071875747487,0.7753432441578354,0.17766459583618754,-0.7881339521315971,0.0005482805069815512,0.03529734440676062,0.0027507535667976547,10.000000090333872,1.3908969189813987e-07,0.04999999628703666,-1.2859213153008483e-13,1.2151298226886043e-12,6.321575822577564e-07,1.2219150634470015e-12,-6.178239919397488e-07,2.69611324921168,20.366348266601562,5.301095962524414,4.691769599914551,0.7610524296760559,0.19157196581363678,-0.8466888070106506,22.95548231870518,5.806171097151714,2.6379378369061848,False,,,,True,OFFBOARD
61.652,TAG_APPROACH,True,7.47408980218912,-0.6689951339076041,4.757310616436033,0.7868896435396721,0.1728477038752899,-0.8003172472992386,-0.003679098313824347,0.04664488033145229,0.002928602143618009,10.00000009067373,1.3935446121270074e-07,0.04992755344810962,-3.921826881972614e-09,4.793128371635702e-09,-0.018110213658291522,6.193125679262626e-09,-6.20264765454337e-07,2.6130016190426275,20.441207885742188,5.317513942718506,4.615423202514648,0.769594132900238,0.18655943870544434,-0.8620688915252686,22.954296671635007,5.812715669369262,2.5614136713655085,False,,,,True,OFFBOARD
61.752,TAG_APPROACH,True,7.55035369612343,-0.6525106747231616,4.680243904254396,0.8009375716767654,0.1708310974337086,-0.8045609150222732,-0.004667524276422873,0.04436062680031669,0.00298525627653928,10.000000091029273,1.3959998245489274e-07,0.04992755344807431,-3.921826929872668e-09,4.793128368166255e-09,-0.01811021366715517,6.1931257069104116e-09,-6.22696311148865e-07,2.535061700015178,20.52454948425293,5.334799289703369,4.533790111541748,0.785329282283783,0.18511782586574554,-0.8673866987228394,22.94328916037849,5.816708763206532,2.4662802682412392,False,,,,True,OFFBOARD
61.852,TAG_APPROACH,True,7.630985686416874,-0.6355245351112971,4.59965292831855,0.8101749634636275,0.16886806797363754,-0.8069892699003266,-0.003985502117306753,0.03753934810973561,0.0029793257775640038,10.000000091459752,1.3986717096582164e-07,0.04999999379560893,5.184071297030202e-09,1.3726672454944522e-09,0.004999403227858104,5.362724175225286e-09,-6.255238870647266e-07,2.452778192949201,20.60197639465332,5.351027488708496,4.457437038421631,0.7949272990226746,0.18410222232341766,-0.8702003955841064,22.94121421436151,5.819475379983622,2.3856816644291063,False,,,,True,OFFBOARD
61.952,TAG_APPROACH,True,7.712210136090564,-0.6187701762301814,4.518883677831042,0.8134433015205157,0.16624917344011375,-0.8081298578658214,-0.0034256912229591245,0.0330698091162996,0.0029591864268152033,10.000000091815293,1.4011269708182475e-07,0.049999996287036774,-1.285921037434337e-13,1.2151298620756364e-12,6.321575824312288e-07,1.2219150996911025e-12,-6.279554322780437e-07,2.3699914738036556,20.685998916625977,5.368797779083252,4.373107433319092,0.7997491955757141,0.18302373588085175,-0.8719587326049805,22.944575542532107,5.824650779888416,2.304120294913569,False,,,,True,OFFBOARD
62.052,TAG_APPROACH,True,7.793595563126187,-0.6022926856583976,4.438089113344537,0.8140733256221424,0.1634154196305948,-0.8074702699319252,-0.0033590946031967434,0.031989243704545964,0.002954274925590934,10.000000092170838,1.403582107996494e-07,0.04999999651757936,1.9973244221664625e-13,-1.886318785785328e-12,6.63645157381713e-08,1.896863624534052e-12,-6.303869785650392e-07,2.287133051236814,20.7642765045166,5.385843753814697,4.296103477478027,0.8009711503982544,0.18186596035957336,-0.8715534210205078,22.945596207671386,5.830931741199194,2.226265699301244,False,,,,True,OFFBOARD
62.152,TAG_APPROACH,True,7.878282967347699,-0.5854445283230167,4.35411501199676,0.8146300984999256,0.16077543981639944,-0.8077756759995058,-0.003761177612123836,0.03273621677638556,0.002919476255993051,10.000000092585632,1.4064465493242434e-07,0.04999999379560871,5.184071372364888e-09,1.3726673565167546e-09,0.004999403227858984,5.3627242764680595e-09,-6.332237815195987e-07,2.201006365268075,20.849693298339844,5.404942989349365,4.214260578155518,0.8025262951850891,0.1822902113199234,-0.8704904913902283,22.94878155458241,5.838556403912133,2.143406657819333,False,,,,True,OFFBOARD
62.252,TAG_APPROACH,True,7.956545304466927,-0.5701145309990192,4.276503073816379,0.8158773495781356,0.158738477448527,-0.8090012400133266,-0.004047339916785184,0.03333965051018261,0.0028662089120868057,10.000000092941168,1.4089017619181142e-07,0.04999999379560882,5.184071399265895e-09,1.3726673964153946e-09,0.004999403227849773,5.362724312685529e-09,-6.356553270883316e-07,2.1214943345768393,20.928050994873047,5.42242431640625,4.137181758880615,0.8039256930351257,0.18242090940475464,-0.8723251223564148,22.951231163815812,5.846709553591383,2.06719035371601,False,,,,True,OFFBOARD
62.352,TAG_APPROACH,True,8.041479625090583,-0.553708097391204,4.192362322118195,0.8173738472742766,0.15688118596212847,-0.8088249355129445,-0.004206473281304877,0.03309216309859558,0.0028593166908143703,10.000000093296713,1.411356947867733e-07,0.04999999651757936,1.9973244841708872e-13,-1.8863187893852182e-12,6.636451600862162e-08,1.8968636287668126e-12,-6.380868728704358e-07,2.0352875074040324,21.012676239013672,5.44135046005249,4.051448822021484,0.8063858151435852,0.18316619098186493,-0.8721852898597717,22.9516528822048,5.854160634038076,1.982433520344818,False,,,,True,OFFBOARD
62.452,TAG_APPROACH,True,8.120000650535623,-0.5387276608845987,4.114788466124426,0.8183756230228337,0.1552989332729377,-0.8072173912259198,-0.004267647917536265,0.03269456133801327,0.0028985867216414518,10.000000093652252,1.4138121605247936e-07,0.04999999651757936,1.9973244868572855e-13,-1.8863187745621416e-12,6.63645159114771e-08,1.8968636140544256e-12,-6.405184183904737e-07,1.9556649894736549,21.09195899963379,5.457698345184326,3.9731593132019043,0.807295560836792,0.18277493119239807,-0.8708680272102356,22.95325253636824,5.86217124456121,1.9047340906855694,False,,,,True,OFFBOARD
62.552,TAG_APPROACH,True,8.205153410704078,-0.5226611341940232,4.030908969832648,0.8190937317490399,0.15381318054834056,-0.806182279372664,-0.0047193633084049265,0.03236320322946871,0.0029314204987659,10.000000094067042,1.4166766020088435e-07,0.04999999379560882,5.184071476949335e-09,1.3726675004988032e-09,0.004999403227850748,5.3627244144227e-09,-6.433552212297078e-07,1.8693981454105475,21.179096221923828,5.4741010665893555,3.889601945877075,0.8096352219581604,0.1813315600156784,-0.8695516586303711,22.956258850416372,5.868505863092695,1.820401645685745,False,,,,True,OFFBOARD
62.652,TAG_APPROACH,True,8.28707821590934,-0.5073245092868854,3.950332439423833,0.8192928797171356,0.15308661452968503,-0.8051321781098648,-0.00551630774961678,0.031675996816196234,0.0029377916629629366,10.000000094422584,1.419131863406881e-07,0.049999996287036885,-1.2859212471080786e-13,1.2151298025715718e-12,6.321575830971962e-07,1.2219150427240297e-12,-6.457867662697432e-07,1.7864712882116565,21.25885581970215,5.4897780418396,3.8114802837371826,0.811510443687439,0.1826072335243225,-0.8701648712158203,22.95968965899358,5.875181956250625,1.7439529598364083,False,,,,True,OFFBOARD
62.752,TAG_APPROACH,True,8.368987034487974,-0.4920243223617414,3.869942586349755,0.818795029715198,0.1529914668468351,-0.8025352141386976,-0.005933067743141294,0.03094490475146846,0.002945493469567183,10.000000094778128,1.4215870008223278e-07,0.04999999651757947,1.9973245465881268e-13,-1.886318776070919e-12,6.636451618903286e-08,1.8968636161837585e-12,-6.482183123829225e-07,1.703611363111811,21.34473419189453,5.50740909576416,3.725480794906616,0.8128007054328918,0.18454746901988983,-0.870223343372345,22.96149677894417,5.881927873504085,1.6595739145224138,False,,,,True,OFFBOARD
62.852,TAG_APPROACH,True,8.450819277868973,-0.4767163424430649,3.7898967492909303,0.8178505540277166,0.15321021217896497,-0.7984969918313934,-0.006243417229903221,0.03064876217688619,0.002936041247061136,10.000000095117976,1.4242347697166255e-07,0.04992755344807687,-3.921827820824896e-09,4.793128399391278e-09,-0.018110213666498995,6.1931262952766715e-09,-6.506590849346063e-07,1.6208700785306014,21.424697875976562,5.522589683532715,3.646634101867676,0.813427746295929,0.1853356808423996,-0.8671823143959045,22.963469875862028,5.889636733143272,1.5819427310302134,False,,,,True,OFFBOARD
62.952,TAG_APPROACH,True,8.532547435822359,-0.4613694277608812,3.7102146561405998,0.8167387066042135,0.15381061716136651,-0.7954271805344965,-0.006947916208278459,0.030496341452563584,0.0029289269834185797,10.000000095548458,1.426906655256856e-07,0.04999999379560893,5.184071576914929e-09,1.372667653154469e-09,0.004999403227856436,5.3627245501325016e-09,-6.534866605271753e-07,1.538271493942421,21.512041091918945,5.5377197265625,3.562567710876465,0.8143452405929565,0.18553058803081512,-0.8643898367881775,22.96681863145092,5.895010732234156,1.4980101976490579,False,,,,True,OFFBOARD
63.052,TAG_APPROACH,True,8.610896174543274,-0.4465415607802852,3.6339618601741184,0.8155452202379528,0.15517863864123288,-0.7932241682120391,-0.007862701546237406,0.030249935656636556,0.002941521801259054,10.000000095904003,1.4293618681207613e-07,0.04999999379560871,5.184071603693565e-09,1.3726676947878325e-09,0.0049994032278612485,5.362724586675706e-09,-6.559182058968796e-07,1.459112469105025,21.59186553955078,5.552785396575928,3.484455108642578,0.8133001923561096,0.18747065961360931,-0.8638958930969238,22.97038790426693,5.900749987344171,1.4217606220637529,False,,,,True,OFFBOARD
63.152,TAG_APPROACH,True,8.692379037612792,-0.4309157139563402,3.5547782335199702,0.814188279023492,0.15736942543734936,-0.7904534591738669,-0.008678143746242956,0.03033952826569551,0.0029688855989765685,10.000000096259537,1.4318171296858745e-07,0.049999996287036774,-1.285921367711012e-13,1.2151293436914726e-12,6.321575828057628e-07,1.2219145876612762e-12,-6.583497508129064e-07,1.3767938512898212,21.677650451660156,5.57016658782959,3.3996825218200684,0.8134518265724182,0.19090206921100616,-0.862554669380188,22.973050588896065,5.906718521131653,1.3384052896489043,False,,,,True,OFFBOARD
63.252,TAG_APPROACH,True,8.776990166656637,-0.4143995058642233,3.4727462704064913,0.8129957338591373,0.16017526545508562,-0.7873006746300149,-0.009026727531323494,0.030323658487246857,0.0029848547992459046,10.000000096599386,1.4344648233692348e-07,0.04992755344806599,-3.921828133994807e-09,4.7931284097996185e-09,-0.018110213669233724,6.193126501648534e-09,-6.607905239340503e-07,1.2913095516131696,21.756916046142578,5.586137294769287,3.324568033218384,0.8132035732269287,0.1929982304573059,-0.8595566749572754,22.97557477978213,5.913918494746949,1.2619705321974632,False,,,,True,OFFBOARD
63.352,TAG_APPROACH,True,8.854976239177589,-0.39888514501724,3.39713231511075,0.8117280238742243,0.1629989704784532,-0.7889044531791723,-0.009643697830752184,0.030119144487449685,0.002967388926467121,10.000000096954931,1.4369200363290545e-07,0.04992755344803046,-3.921828181869394e-09,4.793128411534342e-09,-0.018110213678097824,6.193126533307931e-09,-6.632220692321733e-07,1.2125135497914918,21.842823028564453,5.603244781494141,3.247053384780884,0.8120637536048889,0.19570380449295044,-0.8580611944198608,22.977910310471888,5.919730725979062,1.1783829982669138,False,,,,True,OFFBOARD
63.452,TAG_APPROACH,True,8.93607082574683,-0.3824109631419381,3.3179782391116723,0.8101899411141344,0.16643811191660227,-0.7940048947244727,-0.010355551547691494,0.029868351922592743,0.002947313527398218,10.000000097385414,1.4395919220636121e-07,0.04999999379560871,5.184071705958076e-09,1.372667842239328e-09,0.004999403227852456,5.362724723275757e-09,-6.660496446817278e-07,1.1305678882241965,21.921531677246094,5.620057106018066,3.1730422973632812,0.811187744140625,0.19833727180957794,-0.8624611496925354,22.980515151636073,5.926355783998083,1.1023905293331298,False,,,,True,OFFBOARD
63.552,TAG_APPROACH,True,9.0170030172907,-0.3655627523808216,3.238375656833154,0.8084916253406087,0.1704653297699556,-0.7974437554976925,-0.011147282829532887,0.029601527244012073,0.0029214982953532087,10.000000097740946,1.4420471837611727e-07,0.04999999628703666,-1.2859213606468895e-13,1.215128857494561e-12,6.321575831181796e-07,1.2219141040898563e-12,-6.684811894986347e-07,1.0487704665624975,22.00634002685547,5.6392292976379395,3.0903005599975586,0.8098258972167969,0.20366962254047394,-0.8675351142883301,22.982461588207627,5.933175599176094,1.0194202915012707,False,,,,True,OFFBOARD
63.652,TAG_APPROACH,True,9.100987339891955,-0.34757804834228556,3.155378894256405,0.8066855207960575,0.1753064710797359,-0.7983599018264936,-0.011916824525553664,0.029646743180248375,0.0029146791917955923,10.000000098080802,1.4446948775797338e-07,0.049927553448054995,-3.921828446748462e-09,4.793128418473236e-09,-0.018110213671969865,6.1931267064142326e-09,-6.709219625214732e-07,0.9638643781697807,22.084365844726562,5.6561760902404785,3.01564884185791,0.8083285093307495,0.20811770856380463,-0.8674945831298828,22.983890550092816,5.9377893720902835,0.9425766473228919,False,,,,True,OFFBOARD
63.752,TAG_APPROACH,True,9.18157142138014,-0.3297838284574534,3.0754099229219674,0.8050852717737491,0.18047237248253342,-0.8016058046072608,-0.012851721476742926,0.02981593011445342,0.002856950432205192,10.000000098511288,1.4473667634312942e-07,0.04999999379560871,5.184071781325655e-09,1.37266794805746e-09,0.004999403227853627,5.3627248232182515e-09,-6.73749537881301e-07,0.8823734858473186,22.168737411499023,5.673557758331299,2.9370102882385254,0.8069214820861816,0.2115897685289383,-0.8682237267494202,22.983890550092816,5.9377893720902835,0.8569089712851585,False,,,,True,OFFBOARD
63.852,TAG_APPROACH,True,9.26200686360899,-0.31142707001077974,2.9950176192422706,0.803718010729043,0.18661480033501074,-0.8059151794901501,-0.01430319683996534,0.029981993956325635,0.002778519414171264,10.00000009886682,1.4498220252323156e-07,0.049999996287036774,-1.2859215337757917e-13,1.215129827770802e-12,6.321575836106746e-07,1.2219150708001689e-12,-6.761810826234515e-07,0.8010124378089298,22.246286392211914,5.691124439239502,2.861926555633545,0.8059483170509338,0.21662376821041107,-0.8718019127845764,22.983890550092816,5.9377893720902835,0.7777554132382979,False,,,,True,OFFBOARD
63.952,TAG_APPROACH,True,9.342310565406784,-0.2924019409850888,2.9142732555921635,0.8023947381129346,0.19371202460025774,-0.8085340596472242,-0.015235868219178382,0.029831906428612606,0.0027756045440447677,10.00000009922236,1.4522771630512267e-07,0.04999999651757925,1.9973247388537232e-13,-1.8863187401249584e-12,6.636451669540558e-08,1.8968635824621075e-12,-6.78612628439321e-07,0.719760031477263,22.330034255981445,5.711670875549316,2.778815984725952,0.8046847581863403,0.22398220002651215,-0.8752315044403076,22.983890550092816,5.9377893720902835,0.6918508710892854,False,,,,True,OFFBOARD
64.052,TAG_APPROACH,True,9.422478461747295,-0.27264312383770545,2.83337837262714,0.8010175662648743,0.2011768465301207,-0.8091348031344432,-0.015545999077537464,0.02972905546934884,0.002839658153617841,10.000000099562218,1.4549249323520528e-07,0.049927553448044115,-3.921828759825305e-09,4.7931284306163e-09,-0.01811021367470552,6.193126914069755e-09,-6.810534006959454e-07,0.6386435582196778,22.407550811767578,5.7308149337768555,2.7029340267181396,0.8042834401130676,0.23091508448123932,-0.8749505877494812,22.983890550092816,5.9377893720902835,0.6123772628763767,False,,,,True,OFFBOARD
64.152,TAG_DEAD_RECKON,False,9.499297533834959,-0.2529812978590082,2.7556403592746115,0.7993117760540991,0.20810607480509413,-0.8106285956108489,-0.015633522142721335,0.028934779159965063,0.0029026262362298666,10.000000099917752,1.4573801455802126e-07,0.04992755344804145,-3.92182883503799e-09,4.7931284306163e-09,-0.018110213675356795,6.193126961698566e-09,-6.834849457959327e-07,0.5609836632971836,22.491771697998047,5.751428127288818,2.6213338375091553,0.8030865788459778,0.2365584522485733,-0.8748131990432739,22.983890550092816,5.9377893720902835,0.5262237909397723,False,,,,True,OFFBOARD
64.252,TAG_DEAD_RECKON,False,9.582309307676963,-0.23091630450415626,2.6712008405001777,0.7972073316737123,0.21611619397671808,-0.8129526573540515,-0.017158499444946188,0.029104871179588914,0.0029512833570915563,10.00000010034823,1.4600520802958183e-07,0.049999996287036774,-1.285921586152868e-13,1.2151298500054169e-12,6.32157583777208e-07,1.2219150934625227e-12,-6.863125205824571e-07,0.4772714169088634,22.569110870361328,5.7720561027526855,2.5440378189086914,0.8018109202384949,0.24410390853881836,-0.8765140771865845,22.983890550092816,5.9377893720902835,0.4466650862598113,False,,,,True,OFFBOARD
64.352,TAG_DEAD_RECKON,False,9.661935495132383,-0.20884577727831194,2.5898804286216532,0.7954298429237661,0.2251570924334327,-0.8131763198578352,-0.018856622346292994,0.029224633009941988,0.003036283257972487,10.000000100703774,1.462507218249751e-07,0.04999999651757936,1.9973248024508584e-13,-1.886318727684162e-12,6.636451686210557e-08,1.896863570760124e-12,-6.887440662992179e-07,0.39737173693512157,22.652570724487305,5.796043395996094,2.4587697982788086,0.8009939789772034,0.25337883830070496,-0.8770783543586731,22.983890550092816,5.9377893720902835,0.36036751876127965,False,,,,True,OFFBOARD
64.452,DONE,False,9.741385339199798,-0.18581169907436546,2.5085530682308312,0.7932569733366943,0.23484343863585988,-0.8421751920314052,-0.019402899786947012,0.0271275059397851,0.0031614650392014234,10.000000101043623,1.465154987683007e-07,0.049927553448033124,-3.921829072696532e-09,4.793128435820471e-09,-0.018110213677435903,6.1931271162247685e-09,-6.911848384574843e-07,0.31844565785240325,22.730457305908203,5.8183393478393555,2.380896806716919,0.8010040521621704,0.2627735733985901,-0.8758519291877747,22.983890550092816,5.9377893720902835,0.2801726566806352,False,,,,True,OFFBOARD
64.552,DONE,False,9.817302049941318,-0.1632949889955133,2.38468410433854,0.7899278863421264,0.23433253914333255,-1.7359426499600972,-0.013495981080857812,0.013082497838620179,0.003523859544932935,10.00000010139916,1.4676102010449302e-07,0.04992755344803046,-3.921829148088347e-09,4.793128441024641e-09,-0.018110213678092926,6.1931271679947505e-09,-6.936163834583769e-07,0.24503852629379846,22.81476402282715,5.841860771179199,2.267155170440674,0.7792303562164307,0.2559305727481842,-1.6418578624725342,22.983890550092816,5.9377893720902835,0.19443785304745262,False,,,,True,OFFBOARD
64.652,DONE,False,9.837926455105912,-0.1578664962351415,2.3333118680866893,0.0002446574320105086,0.01210273837487632,0.0074971269482755,0.0015533000967788587,-0.00448619444249226,0.0036367784129284343,10.000000101841325,1.4703684018400313e-07,0.049999993736730586,5.183089604880603e-09,1.3505441409308871e-09,0.004999399531357348,5.356154154691976e-09,-6.9650139889389e-07,0.2262515061255474,22.850675582885742,5.8524909019470215,2.1288537979125977,-0.0043585761450231075,0.07537303119897842,-1.2851063013076782,22.983890550092816,5.9377893720902835,0.15818361639804168,False,,,,True,OFFBOARD
64.752,DONE,False,9.837950586752372,-0.15724838779694658,2.3334764143017273,0.00022072283057081053,7.818243574513635e-05,0.0015054695500416968,0.0014009653842162661,-0.004048238841761934,0.0036376602223267937,10.000000102194889,1.4728073354753996e-07,0.04999999651324394,1.141484365501579e-12,-5.535100119070222e-12,6.684795144695006e-08,5.651576760941652e-12,-6.989304515641491e-07,0.22580333752898976,22.852563858032227,5.855897426605225,2.033581018447876,-0.0022979213390499353,0.07470549643039703,-1.2750627994537354,22.983890550092816,5.9377893720902835,0.1547675378847413,False,,,,True,OFFBOARD
64.852,DONE,False,9.837971559806917,-0.1567041342476205,2.333535124402765,0.00019981683087426065,-0.01804944882369331,-0.01971622002900639,0.0013447628021421043,-0.0036677584016855786,0.0036380834345688708,10.000000102532367,1.475452452955861e-07,0.04992760803580287,-3.988089226383701e-09,4.8288291767950575e-09,-0.01809656639031692,6.2627826799486645e-09,-7.01368846475015e-07,0.22540958406853687,22.853946685791016,5.860172271728516,1.9328285455703735,-0.0026398461777716875,0.07296428084373474,-1.2683101892471313,22.983890550092816,5.9377893720902835,0.15135990928331566,False,,,,True,OFFBOARD
64.952,DONE,False,9.837990556525241,-0.1559143741991884,2.333749000577787,0.0001810597565995427,0.012082665806123216,0.007053789724122517,0.0011485554797305004,-0.0033225220567636737,0.0036389317089819367,10.000000102960605,1.47811900647689e-07,0.04999999373649988,5.182319193364668e-09,1.3538194775300494e-09,0.004999399434251505,5.35623556237546e-09,-7.041933007654838e-07,0.22484757350289267,22.854907989501953,5.865450859069824,1.8204381465911865,-0.0030552230309695005,0.06294216215610504,-1.2746105194091797,22.983890550092816,5.9377893720902835,0.14788293141058184,False,,,,True,OFFBOARD
65.052,DONE,False,9.838007106718086,-0.15529971350753727,2.3338618942532414,0.00016464444822225912,0.012077491410383168,0.006938731900497036,0.0010440052995359735,-0.003021915901580097,0.003639382332684496,10.000000103313969,1.480571109585963e-07,0.049999993736518866,5.182185581867596e-09,1.3543438905083693e-09,0.00499939944676392,5.356238864975472e-09,-7.066223144013547e-07,0.22440984369700143,22.85622215270996,5.868413925170898,1.750256061553955,-0.0015174532309174538,0.06050391122698784,-1.2584222555160522,22.983890550092816,5.9377893720902835,0.14530028329487554,False,,,,True,OFFBOARD
65.152,DONE,False,9.838023347861995,-0.15468538751081734,2.3339726988217606,0.00014855410524292485,5.279578265593345e-05,0.0010138689719939899,0.000941388619524759,-0.0027268626615025286,0.003639780141334588,10.000000103667322,1.4830233846862835e-07,0.04999999651322562,4.972244151147727e-13,-2.9707686556920817e-12,6.684860807833219e-08,3.012092051154607e-12,-7.090513291612975e-07,0.2239734011239317,22.866579055786133,5.876986026763916,2.2822701930999756,0.018697593361139297,0.08434496819972992,-0.007871011272072792,22.983890550092816,5.9377893720902835,0.13213263601148859,False,,,,True,OFFBOARD
65.252,DONE,False,9.838036926000706,-0.1540722635174386,2.3340653409146,0.000135090867591683,4.805986475218919e-05,0.0009221133370863361,0.0008555803278017202,-0.00248013720357897,0.0036400832579760027,10.000000104020657,1.4854760363231325e-07,0.049999996513221956,4.271750105247583e-13,-2.692054715943977e-12,6.684868390789329e-08,2.7257360626540925e-12,-7.114803427572926e-07,0.22354055380145785,22.867877960205078,5.878974437713623,2.2871358394622803,0.018208449706435204,0.07933524250984192,-0.007475422229617834,22.983890550092816,5.9377893720902835,0.13006966409655793,False,,,,True,OFFBOARD
65.352,DONE,False,9.838050250426296,-0.153358171720396,2.3341562558939253,0.00012186307772658487,0.012064008887906263,0.006636971196591327,0.0007713596112534971,-0.00223797592717161,0.003640353884023123,10.000000104432862,1.4883377514771715e-07,0.04999999373655506,5.181938534792499e-09,1.3552842580838442e-09,0.00499939947293522,5.356237709304667e-09,-7.14314189309646e-07,0.22303930078787498,22.869245529174805,5.882309436798096,2.290196180343628,0.01667811907827854,0.07153081893920898,-0.01606876775622368,22.983890550092816,5.9377893720902835,0.12736366845108013,False,,,,True,OFFBOARD
65.452,DONE,False,9.838061832635844,-0.15274627890371836,2.334235300683391,0.00011046417247757952,4.275995282886463e-05,0.0007550413945760756,0.000698143060627153,-0.00202744939855623,0.0036405639002399,10.000000104786173,1.4907907038296037e-07,0.04999999628075802,-3.4492765186612116e-14,6.176285732122224e-13,6.45251610457629e-07,6.185909838482811e-13,-7.16743197924042e-07,0.22261059105203201,22.87042236328125,5.883209705352783,2.2926180362701416,0.016209512948989868,0.06483910232782364,-0.01665261946618557,22.983890550092816,5.9377893720902835,0.12591254679133893,False,,,,False,OFFBOARD
65.552,DONE,False,9.838071923619982,-0.15213518167155166,2.334304170687144,0.00010046187526437762,3.9241511980153184e-05,0.0006868367444510743,0.000634342897319972,-0.001843999598374677,0.0036407301540903737,10.000000105139485,1.493243729615334e-07,0.04999999628075413,-6.322699150421474e-14,7.318325785464876e-13,6.452489721287293e-07,7.345587624395171e-13,-7.191722036719855e-07,0.22218437142934397,22.871498107910156,5.881156921386719,2.295718193054199,0.01498439535498619,0.05933385342359543,-0.008507541380822659,22.983890550092816,5.9377893720902835,0.1258542630683374,False,,,,False,OFFBOARD
65.652,DONE,False,9.838081464200158,-0.1515245330588682,2.3343692909020537,9.094108311132347e-05,3.2529065630409425e-05,0.0006210982472864396,0.0005740149731542311,-0.0016705335042472508,0.0036408719920507215,10.000000105492797,1.4956967317313548e-07,0.049999996513206524,2.795386298268758e-13,-2.1041427682063034e-12,6.684893884545386e-08,2.1226301219384344e-12,-7.216012065366447e-07,0.22175972547722536,22.872446060180664,5.880530834197998,2.2971034049987793,0.013300116173923016,0.04931487888097763,-0.016107628121972084,22.983890550092816,5.9377893720902835,0.1252933138413303,False,,,,False,OFFBOARD
65.752,DONE,False,9.838090434267755,-0.15081321811060358,2.3344305150741533,8.203262489348619e-05,0.012051459675137287,0.006351980504157641,0.0005172864814111719,-0.0015074174723034648,0.003640993103392596,10.000000105904983,1.4985587774317606e-07,0.04999999373658193,5.181809728669591e-09,1.3557232420025045e-09,0.004999399489974999,5.356224189953275e-09,-7.244350371721691e-07,0.22126774217465148,22.873210906982422,5.880904197692871,2.2971603870391846,0.010714675299823284,0.04287126287817955,-0.01658286713063717,22.983890550092816,5.9377893720902835,0.12444238211022925,False,,,,False,OFFBOARD
65.852,DONE,False,9.83809823193413,-0.1502037327029891,2.3344837503663785,7.438952577713199e-05,3.007003946944556e-05,0.0005090010641935385,0.0004679705343564753,-0.0013656109850842643,0.003641086957895236,10.000000106258282,1.5010119701306392e-07,0.04999999628074203,-1.150289301640764e-13,9.37697835833601e-13,6.452419388170217e-07,9.44726884396602e-13,-7.268640304399672e-07,0.22084705866080145,22.8743953704834,5.879917621612549,2.2964093685150146,0.008606751449406147,0.03447861224412918,-0.01898244395852089,22.983890550092816,5.9377893720902835,0.12384802727962954,False,,,,False,OFFBOARD
65.952,DONE,False,9.838105025804943,-0.14959487878273747,2.334530131861362,6.765776040946464e-05,2.7701959000538457e-05,0.00046307206659533317,0.00042499744201376216,-0.001242044758577972,0.0036411609665417213,10.000000106611578,1.503465154667559e-07,0.04999999628073826,-1.237955245473268e-13,9.72523096981072e-13,6.45240044712158e-07,9.803705962846926e-13,-7.292930197516226e-07,0.2204284235972509,22.876169204711914,5.876899719238281,2.2957255840301514,0.007322616409510374,0.02807253785431385,-0.0128973089158535,22.983890550092816,5.9377893720902835,0.1237393958087277,False,,,,False,OFFBOARD
66.052,DONE,False,9.838111692910148,-0.14905941075658327,2.3344919192397873,6.089843710486165e-05,-0.018248270306844346,-0.020517367521725782,0.00045904839677100455,-0.001121044967854673,0.0036411412651120383,10.000000106948923,1.506112237925641e-07,0.04992760887390979,-3.990356158731048e-09,4.828407880116958e-09,-0.01809635686385338,6.263901733767728e-09,-7.317314014198771e-07,0.2200604722233246,22.877426147460938,5.874801158905029,2.294895887374878,0.006724927574396133,0.019345642998814583,-0.014125502668321133,22.983890550092816,5.9377893720902835,0.12370199686356659,False,,,,False,OFFBOARD
66.152,DONE,False,9.83811748882961,-0.14827741210230766,2.334615219524295,5.522576129267275e-05,0.012043015801897365,0.006155743686660317,0.0003461539416246569,-0.001015336765541582,0.0036412772148306937,10.00000010737707,1.5087803909401422e-07,0.04999999373659747,5.181758035966561e-09,1.3558462781323999e-09,0.004999399500636226,5.356205324035805e-09,-7.345558151340981e-07,0.2195272599728183,22.878454208374023,5.872926712036133,2.293365001678467,0.00525405490770936,0.007112007588148117,-0.022794172167778015,22.983890550092816,5.9377893720902835,0.12379009178582259,False,,,,False,OFFBOARD
66.252,DONE,False,9.838122538820246,-0.14767001143418299,2.3346497014224514,5.022294957699291e-05,0.01204144016095239,0.006118405559349978,0.0003142039384259544,-0.000923465807173149,0.0036413169539636523,10.000000107730369,1.511233598227858e-07,0.04999999373660036,5.181750102000241e-09,1.3558575963357189e-09,0.0049993995027706175,5.356200513528296e-09,-7.369847903572767e-07,0.21911372441274135,22.87891960144043,5.870962619781494,2.2927870750427246,0.004752666689455509,-0.0007798470323905349,-0.023602169007062912,22.983890550092816,5.9377893720902835,0.12443759433998343,False,,,,False,OFFBOARD
66.352,DONE,False,9.838127495223075,-0.14706289300020634,2.3346835514954334,4.533251523094731e-05,1.6484107028448922e-05,0.00030991445831322234,0.00028284564493420114,-0.0008332944811986895,0.0036413517660695708,10.000000108083665,1.5136867638898178e-07,0.049999996513179545,2.2270996183156087e-13,-1.8772334105755397e-12,6.684923604659559e-08,1.8903981075107137e-12,-7.394137613728848e-07,0.2187013530213252,22.878870010375977,5.868297100067139,2.292999029159546,0.0034744502045214176,-0.006969917565584183,-0.01669265702366829,22.983890550092816,5.9377893720902835,0.12593049524779562,False,,,,False,OFFBOARD
66.452,DONE,False,9.838131803126727,-0.14652956413670795,2.3346294293600787,4.097691404728274e-05,-0.018304150670853298,-0.02060506096961435,0.0003318130981233754,-0.0007551854723276903,0.0036413214216452386,10.000000108420998,1.5163339297030119e-07,0.0499276091423676,-3.990275276718662e-09,4.828311247345729e-09,-0.018096289749431945,6.263775721179477e-09,-7.418521233026393e-07,0.21833988610079044,22.878637313842773,5.865738868713379,2.2920687198638916,0.0014844397082924843,-0.014598994515836239,-0.017422769218683243,22.983890550092816,5.9377893720902835,0.1275520238097878,False,,,,False,AUTO.LAND
